Referring page title,Referring page URL,Language,Platform,Referring page HTTP code,Domain rating,UR,Domain traffic,Referring domains,Linked domains,External links,Page traffic,Keywords,Target URL,Left context,Anchor,Right context,Redirect Chain URLs,Redirect Chain status codes,Type,Is spam,Content,Nofollow,UGC,Sponsored,Rendered,Raw,Lost status,Drop reason,Discovered status,First seen,Last seen,Lost,Author,Page type,Page category,Links in group
IPL Points Table on Gujarat Titans Website,https://www.gujarattitansipl.com/points-table,en,,200,59,14,1384485,117,37,47,303391,545,https://www.airasia.com/en/gb,,Air Asia,,https://www.airasia.com/,302,image,false,false,false,false,false,true,true,,,linkfound,2026-03-15 00:51:08,2026-04-24 03:45:52,,,Listing > Event,Sports > Team sports > Cricket,522
Kapook.com ข่าว สาระ บันเทิง วาไรตี้,https://www.kapook.com/,th,,200,77,54,7961508,3916,76,112,262439,1056,https://www.airasia.com/th/th,การบินไทย นกแอร์,แอร์เอเชีย,ไทย ไลอ้อน แอร์ บางกอกแอร์เวย์ส,,,text,false,false,true,false,false,false,true,,,linkfound,2024-09-23 11:11:01,2026-04-26 20:03:52,,,Site page > Home,Entertainment > TV; News > Tabloid news; Sports,1
Air cargo tracking - track-trace,https://www.track-trace.com/aircargo,en,,200,79,28,538619,3191,255,332,160187,1885,https://www.airasia.com/en/gb,,Air Asia(QZ/AK/D7/XJ/FD/Z2),,https://www.airasia.com/,302,text,false,false,false,false,false,false,true,,,linkrestored,2023-05-15 16:12:09,2026-04-16 13:22:50,,,Tool > Map,Travel > Transportation > Air travel,2
SunRisers Hyderabad,https://www.sunrisershyderabad.in/,,,200,58,0,59300,518,24,31,31036,459,https://www.airasia.com/en/gb,,Official Airline Partner,,,,image,false,false,false,false,false,true,true,,,linkrestored,2025-03-07 14:36:05,2026-03-10 05:56:52,,,Site page > Home,Sports > Team sports > Other,1
TeeNee.com : ทันทุกเรื่องhit อัพเดททุกเรื่องhot,https://www.teenee.com/,en,,200,52,29,123469,3271,46,83,29596,541,https://www.airasia.com/th/th/home.page,,แอร์เอเชีย,,http://www.airasia.com/th/th/home.page,301,text,false,false,true,false,false,false,true,,,pagefound,2022-07-29 17:05:26,2026-04-16 10:03:54,,,Article > News,Entertainment > Entertainment news; Society > Relationships,3
Buriram United › Season,https://www.buriramunited.com/fixture,th,,200,35,10,52646,2498,24,36,17858,243,https://www.airasia.com/th/th,,Air Asia Air Asia,,,,image,false,false,false,false,false,false,true,,,linkfound,2023-08-29 09:20:57,2026-04-27 04:05:45,,,Site page > Home,Sports > Team sports > Soccer,39
Book Cheap AirAsia Flight Tickets & Deals - Airpaz,https://www.airpaz.com/en/airlines/AK-AirAsia,en,,200,62,38,529014,1794,11,26,12285,726,https://www.airasia.com/en/home.page,"the complete AirAsia Malaysia (AK) Fare Rules and Policy, click",here,Disclaimer: The airline may change its policy without any prior,https://www.airasia.com/my/en/our-fares/fare-rules.page,301,text,false,false,true,false,false,false,true,,,linkrestored,2021-07-17 18:03:21,2026-04-16 13:53:56,,,Listing collection > Service,Travel > Transportation > Air travel,9
Book Cheap AirAsia Flight Tickets & Deals - Airpaz,https://www.airpaz.com/en/airlines/AK-AirAsia,en,,200,62,38,529014,1794,11,26,12285,726,https://www.airasia.com/aa/about-us/en/my/terms-and-conditions-ak.html,"Terms and Conditions of AirAsia (AK) flights, you can go",here,.,https://www.airasia.com/my/en/about-us/terms-and-conditions-ak.page,302,text,false,false,true,false,false,false,true,,,linkrestored,2021-07-17 18:03:21,2026-04-16 13:53:56,,,Listing collection > Service,Travel > Transportation > Air travel,9
Book Cheap AirAsia Flight Tickets & Deals - Airpaz,https://www.airpaz.com/en/airlines/AK-AirAsia,en,,200,62,38,529014,1794,11,26,12285,726,https://www.airasia.com/aa/about-us/en/gb/fees-and-charges.html,"all the baggage price and charges, go to AirAsia’s website",here.,"Disclaimer: Information stated above is intended for general guide only,",,,text,false,false,true,false,false,false,true,,,linkrestored,2023-11-26 07:15:25,2026-04-16 13:53:56,,,Listing collection > Service,Travel > Transportation > Air travel,2
Book Cheap AirAsia Flight Tickets & Deals - Airpaz,https://www.airpaz.com/en/airlines/AK-AirAsia,en,,200,62,38,529014,1794,11,26,12285,726,https://www.airasia.com/check-in/en/gb,for the passengers on AirAsia’s official website check in page,here,. AK flight passengers can start checking in 14 days,,,text,false,false,true,false,false,false,true,,,linkrestored,2022-03-15 01:32:12,2026-04-16 13:53:56,,,Listing collection > Service,Travel > Transportation > Air travel,3
Book Cheap AirAsia Flight Tickets & Deals - Airpaz,https://www.airpaz.com/en/airlines/AK-AirAsia,en,,200,62,38,529014,1794,11,26,12285,726,https://www.airasia.com/aa/inflight-comforts/en/my/hot-meals.html,"to the flight, you do it from the airline’s website",here,.,https://www.airasia.com/my/en/inflight-comforts/hot-meals.page,302,text,false,false,true,false,false,false,true,,,linkrestored,2021-07-17 18:03:21,2026-04-16 13:53:56,,,Listing collection > Service,Travel > Transportation > Air travel,6
Book Cheap AirAsia Flight Tickets & Deals - Airpaz,https://www.airpaz.com/en/airlines/AK-AirAsia,en,,200,62,38,529014,1794,11,26,12285,726,https://www.airasia.com/online-read/inflight-menu/ak-flight.pdf,"for the passengers. For the full menu, you can look",here,. The inflight meals is also available through booking prior,,,text,false,false,true,false,false,false,true,,,linkrestored,2021-07-17 18:03:21,2026-04-16 13:53:56,,,Listing collection > Service,Travel > Transportation > Air travel,2
Book Cheap AirAsia Flight Tickets & Deals - Airpaz,https://www.airpaz.com/en/airlines/AK-AirAsia,en,,200,62,38,529014,1794,11,26,12285,726,https://www.airasia.com/rewards/earn-freedom-flyer/,"of AirAsia, and more detail on it can be read",here,.,https://www.airasia.com/rewards/earn-freedom-flyer/en/gb,0,text,false,false,true,false,false,false,true,,,linkrestored,2023-07-31 10:22:54,2026-04-16 13:53:56,,,Listing collection > Service,Travel > Transportation > Air travel,6
MeetHK.com 旅遊情報網 - 最新平機票及酒店優惠 | 優惠碼 | code,https://www.meethk.com/,"zh-tw, en",wordpress,200,10,11,20708,222,47,125,11260,206,https://www.airasia.com/flight/zh/hk/?from=HKGutm_source=meethk&is_retargeting=true&source_caller=ui&shortlink=cff7krj7&c=flights_hk_aa_wp|cbs_website_meethk|15042026|26042026|hk-zh&pid=af_meethk_display&af_click_lookback=10d&af_xp=custom,,https://app.airasia.com/F4uy/cff7krj7,,https://app.airasia.com/F4uy/cff7krj7,301,text,false,false,false,false,false,false,true,,,linkfound,2026-04-16 07:49:34,2026-04-16 07:49:34,,,Listing collection > Location,Travel > Travel agencies > Vacation,3
Singapore Airlines - Wikipedia,https://en.wikipedia.org/wiki/Singapore_Airlines,en,wikis,200,97,18,4182976512,925,109,292,11143,717,http://www.airasia.com/site/sg/en/pressRelease.jsp?id=d2c1e46d-7f000010-1eb7d250-746698c9,,"""AirAsia celebrates ""People's Day"" with the liberalisation of Kuala Lumpur-Singapore Route""",(Press release). AirAsia . 1 February 2008,,,text,false,true,true,false,false,false,true,,,linkfound,2015-09-23 15:53:52,2026-04-17 06:02:43,,,Article > Wiki,Travel > Transportation > Air travel; Business > Defense > Aviation industry,2
Suvarnabhumi Airport - Wikipedia,https://en.wikipedia.org/wiki/Suvarnabhumi_Airport,en,wikis,200,97,19,4182976512,3073,157,337,8903,302,https://www.airasia.com/my/en/latestnews/bangkok-move-don-mueang-airport.page,,AirAsia moves to Don Mueang Airport (1 October 2012),",Air Asia, 13 August 2012. Archived 15 September 2012 at",http://www.airasia.com/my/en/latestnews/bangkok-move-don-mueang-airport.page,301,text,false,true,true,false,false,false,true,,,linkrestored,2020-06-19 18:41:15,2026-04-21 19:54:53,,,Article > Wiki,Travel > Transportation > Air travel,4
Handgepäck – Wikipedia,https://de.wikipedia.org/wiki/Handgep%C3%A4ck,de,wikis,200,97,7,4182976512,86,65,142,8663,239,https://www.airasia.com/en/gb,,Details,,https://www.airasia.com/ot/en/baggage-info/cabin-baggage.page,302,text,false,true,true,false,false,false,true,,,linkfound,2020-11-17 19:47:19,2026-04-05 22:14:50,,,Article > Wiki,Travel > Transportation > Air travel,2
Hong Kong International Airport - Wikipedia,https://en.wikipedia.org/wiki/Hong_Kong_International_Airport,en,wikis,200,97,15,4182976512,2472,148,367,8380,230,https://www.airasia.com/flights/hong-kong-international-airport-hong-kong/,,"""Flights to Hong Kong International Airport""",.Air Asia,https://www.airasia.com/flights/hong-kong-international-airport-hong-kong,308,text,false,true,true,false,false,false,true,,,linkfound,2026-03-25 09:25:33,2026-04-25 20:37:12,,,Article > Wiki,Travel > Transportation > Air travel,2
18 Relaxing Short Getaways From Kuala Lumpur // Travel Mermaid,https://travelmermaid.com/travel/getaways-from-kuala-lumpur/,en,wordpress,200,11,4.9,91019,16,33,74,7693,387,https://www.airasia.com/,"using Skyscanner . Although to most destinations within Peninsula Malaysia,",AirAsia,is your best bet for cost efficiency and availability of,,,text,false,true,true,false,false,false,true,,,pagefound,2025-02-06 07:10:28,2026-04-24 22:30:02,,Travel Mermaid,Article > Roundup,Travel > Tourist destinations > Islands,2
List of low-cost airlines - Wikipedia,https://en.wikipedia.org/wiki/List_of_low-cost_airlines,en,wikis,200,97,11,4182976512,365,27,56,7554,370,http://www.airasia.com/my/en/about-us/ir-operating-statistics.page,,[4],[5],,,text,false,true,true,false,false,false,true,,,linkfound,2016-02-12 04:03:52,2026-04-21 12:04:00,,,Article > Listicle,Travel > Transportation > Air travel,3
Kuala Lumpur International Airport - Wikipedia,https://en.wikipedia.org/wiki/Kuala_Lumpur_International_Airport,en,wikis,200,97,12,4182976512,2941,157,423,7241,357,http://www.airasia.com/storage/bo/aaportal.model.ContentFileUpload/2af1c26b-7f000010-5074de00-7ae05427/name/AA%20Corporate%202008.pdf,"""",AirAsia Annual Report 2008,"."" AirAsia . 3 (5/137). Retrieved on 6 October 2009.",,,text,false,true,true,false,false,false,true,,,linkfound,2025-06-20 01:23:09,2026-04-23 18:30:06,,,Article > Wiki,Travel > Transportation > Air travel,1
Kuala Lumpur International Airport - Wikipedia,https://en.wikipedia.org/wiki/Kuala_Lumpur_International_Airport,en,wikis,200,97,12,4182976512,2941,157,423,7241,357,https://www.airasia.com/my/en/klia2/overview.page,"""klia2 overview"" . Archived from",the original,on 2 May 2014,http://www.airasia.com/my/en/klia2/overview.page,301,text,false,true,true,false,false,false,true,,,pagefound,2021-11-20 17:20:59,2026-04-23 18:30:06,,,Article > Wiki,Travel > Transportation > Air travel,4
航空券予約 - 国内旅行 飛行機チケット【楽天トラベル】,https://travel.rakuten.co.jp/air/domestic.html,ja,,200,93,29,79339776,14,10,27,6117,270,https://www.airasia.com/en/gb,,エアアジアでお得に＋１の旅！,,https://www.airasia.com/jp/ja/home.page,302,image,false,true,false,false,false,true,true,,,linkfound,2025-08-04 11:51:15,2026-04-20 23:32:16,,,Site page > Services,Travel > Travel agencies > Other,2
"TCS - A joint venture between Vietnam Airlines, SASCO and SATS",https://www.tcs.com.vn/,"vi, en",,200,33,6,6950,735,47,58,5892,68,https://www.airasia.com/en/gb,,lg,,https://www.airasia.com/,302,image,false,false,false,false,false,true,false,removedfromhtml,,linkrestored,2021-09-23 14:08:14,2026-04-16 15:59:45,2026-04-17 13:12:24,,Site page > Services,Travel > Transportation > Air travel; Business > Defense > Aviation industry,8
AirAsia - Wikipedia,https://en.wikipedia.org/wiki/AirAsia,en,wikis,200,97,17,4182976512,1606,67,181,5431,565,https://www.airasia.com/jp/en/press-releases/airasia-to-re-enter-japan-low-cost-carrier-market.page,,"""AirAsia to re-enter Japan's low cost carrier market""",. AirAsia. 1 July 2014.,http://www.airasia.com/jp/en/press-releases/airasia-to-re-enter-japan-low-cost-carrier-market.page,301,text,false,true,true,false,false,false,true,,,linkfound,2020-06-11 18:26:44,2026-04-17 04:46:22,,,Article > Wiki,Travel > Transportation > Air travel,6
AirAsia - Wikipedia,https://en.wikipedia.org/wiki/AirAsia,en,wikis,200,97,17,4182976512,1606,67,181,5431,565,http://www.airasia.com/docs/common-docs/investor-relations/annual-report-2013.pdf,"""",Annual Report 2013,""" ( Archive ). AirAsia. Retrieved 29 August 2014. p.",,,text,false,true,true,false,false,false,true,,,linkfound,2015-09-20 00:52:47,2026-04-17 04:46:22,,,Article > Wiki,Travel > Transportation > Air travel,2
AirAsia - Wikipedia,https://en.wikipedia.org/wiki/AirAsia,en,wikis,200,97,17,4182976512,1606,67,181,5431,565,https://www.airasia.com/rewards/,,"""AirAsia Rewards""",. Airasia.com,,,text,false,true,true,false,false,false,true,,,linkfound,2023-05-05 19:22:06,2026-04-17 04:46:22,,,Article > Wiki,Travel > Transportation > Air travel,2
AirAsia - Wikipedia,https://en.wikipedia.org/wiki/AirAsia,en,wikis,200,97,17,4182976512,1606,67,181,5431,565,http://www.airasia.com/au/en/inflight-comforts/d7-in-flight-menu.page,,AirAsia X Inflight food & beverage,Archived 2 January 2015 at the Wayback Machine . AirAsiaX.,,,text,false,true,true,false,false,false,true,,,linkfound,2015-09-20 00:52:47,2026-04-17 04:46:22,,,Article > Wiki,Travel > Transportation > Air travel,2
AirAsia - Wikipedia,https://en.wikipedia.org/wiki/AirAsia,en,wikis,200,97,17,4182976512,1606,67,181,5431,565,http://www.airasia.com/,,Official website,,,,text,false,true,true,false,false,false,true,,,linkfound,2015-09-20 00:52:47,2026-04-17 04:46:22,,,Article > Wiki,Travel > Transportation > Air travel,4
ติดต่อเรา | Asia Aviation,https://www.aavplc.com/th/contact-us,th,,200,39,7,8218,0,8,12,5305,148,https://www.airasia.com/th/th,,Chat with Bo,,,,image,false,false,false,false,false,false,true,,,pagefound,2024-08-09 21:31:05,2026-03-08 07:39:34,,,,,13
แนะนำสถานที่ท่องเที่ยว ซื้อบัตรเข้าชมสถานที่ท่องเที่ยวในเชียงใหม่ ไปเที่ยวที่ไหนดีในเชียงใหม่,https://www.ticket2attraction.com/th/blogs/chiangmai-attractions/,th,,200,38,8,106804,2,16,24,5220,154,https://www.airasia.com/th/th,,ไทยแอร์เอเชีย,,,,text,false,true,false,false,false,true,true,,,linkrestored,2023-11-03 05:36:23,2026-04-15 06:23:59,,,Article > Roundup,Travel > Tourist destinations > Gardens,1
Bangkok – Wikipedia,https://de.wikipedia.org/wiki/Bangkok,de,wikis,200,97,17,4182976512,357,45,94,5199,92,http://www.airasia.com/ask/template.do?id=548,,http://www.airasia.com/ask/template.do?id=548,,,,text,false,true,true,false,false,false,true,,,pagefound,2015-08-07 08:19:20,2026-04-11 21:04:53,,,Article > Wiki,Reference > Geographic reference; Society > Social sciences > Demographics; Travel > Tourist destinations > Buildings; Government,2
ข้อมูลการเดินทาง และรวมที่เที่ยวน่าไปในเกาะเต่า 2569 - Ticket2Attraction,https://www.ticket2attraction.com/th/blogs/koh-tao-attractions/,th,,200,38,8,106804,0,21,26,4857,51,https://www.airasia.com/en/gb,-,ไทยแอร์เอเชีย,,https://www.airasia.com/,302,text,false,true,false,false,false,false,true,,,linkrestored,2023-11-03 01:25:07,2026-04-13 06:56:10,,,,,8
Shopee Cup: All Scheduled Matches | ASEAN United FC,https://aseanutdfc.com/vi/asean-club-championship/matches,vi,,200,49,5,31848,0,18,21,4608,3,https://www.airasia.com/,,AirAsia,,,,image,false,false,false,false,false,false,true,,,pagefound,2025-08-08 07:50:59,2026-04-26 20:54:46,,,,,194
"Kuching - Wikipedia Bahasa Melayu, ensiklopedia bebas",https://ms.wikipedia.org/wiki/Kuching,,wikis,200,97,6,4182976512,20,90,266,4302,17,https://www.airasia.com/en/home.page,,"""The Air Asia Family""",. Air Asia,"http://www.airasia.com/my/en/about-us/corporate-profile.page, https://www.airasia.com/my/en/about-us/corporate-profile.page","301, 301",text,false,true,true,false,false,false,true,,,pagefound,2022-08-09 06:01:57,2026-04-25 15:08:23,,,Article > Wiki,Reference > Geographic reference > Maps; Society; Government,12
東京発→ソウル行き格安航空券・LCC・飛行機チケット|最安値・相場を比較・予約【トラベルコ】,https://www.tour.ne.jp/w_air/list/?slice_info=TYO-SEL%7CSEL-TYO,ja,,200,71,10,843696,2,13,18,3851,114,https://www.airasia.com/aa/about-us/ja/jp/premium-flex.html,,エアアジアの公式サイトを見る新規ウィンドウで開きます,,,,text,false,false,true,false,false,true,true,,,linkfound,2023-03-26 15:50:05,2026-04-15 14:17:12,,,Listing collection > Service,Travel > Transportation > Air travel,392
Trivandrum Airport Arrivals & Departures - Live Flight Status,https://thiruvananthapuram.adaniairports.com/en/flight-status,en,,200,60,5,146445,23,24,29,3700,237,https://www.airasia.com/flights/,,img,,,,image,false,false,false,false,false,false,true,,,pagefound,2025-12-21 03:53:09,2026-04-16 08:47:13,,,Listing > Location,Travel > Transportation > Air travel,2
Checked baggage - Wikipedia,https://en.wikipedia.org/wiki/Checked_baggage,en,wikis,200,97,15,4182976512,96,11,29,3432,155,https://www.airasia.com/aa/inflight-comforts/en/gb/baggage.html,,"""AirAsia Baggage Info""",.,,,text,false,true,true,false,false,false,true,,,linkfound,2022-03-22 21:23:33,2026-03-26 14:58:47,,,Article > Wiki,Travel > Transportation > Air travel,1
"Guía para viajar a Malasia: destinos, presupuesto, clima y más",https://marcandoelpolo.com/guia-basica-planear-viaje-malasia/,es,wordpress,200,29,5,18028,2,21,42,3159,47,https://www.airasia.com/en/gb,,Air Asia,es la aerolínea de bajo costo más grande del Sudeste,"http://www.airasia.com/, https://www.airasia.com/","301, 302",text,false,true,false,false,false,false,true,,,linkrestored,2020-11-20 12:16:05,2026-04-23 06:22:06,,,Article > Guide,Travel > Guides,3
Home | HYROX,https://hyroxaustralia.com/,en,wordpress,200,36,14,4480,191,22,30,3072,79,https://www.airasia.com/,,,,,,text,false,false,false,false,false,false,true,,,linkfound,2025-09-30 07:35:47,2026-04-26 17:31:01,,,Site page > Home,Sports > Individual sports > Walking; Health,12
熱門景點 > 地區｜馬來西亞觀光局 官方網站,https://www.promotemalaysia.com.tw/spot_info.aspx?class_id=3,zh-tw,,200,30,14,39008,3,14,19,3031,66,https://www.airasia.com/en/gb,,AirAsia,,https://www.airasia.com/,302,text,false,false,false,false,false,false,true,,,linkrestored,2020-11-19 23:52:33,2026-04-16 04:07:26,,,Listing collection > Location,Travel > Tourist destinations > Islands,383
HYROX: The Fitness Competition for Every Body,https://hyroxhk.com/,en,wordpress,200,36,8,3579,163,19,29,2892,41,https://www.airasia.com/en/gb,,,,,,text,false,false,false,false,false,false,true,,,linkfound,2025-12-18 10:15:14,2026-04-27 00:39:09,,,Site page > Services,Sports > Individual sports > Walking; Health > Other; Beauty > Fitness,7
ข้อมูลการเดินทาง และรวมที่เที่ยวน่าไปในเกาะสมุย 2569 - Ticket2Attraction,https://www.ticket2attraction.com/th/blogs/samui-attractions/,th,,200,38,8,106804,0,16,17,2825,40,https://www.airasia.com/,,ไทยแอร์เอเชีย,มีเส้นทางบินจากกรุงเทพฯ (ดอนเมือง),,,text,false,true,false,false,false,false,true,,,linkrestored,2023-11-02 19:22:16,2026-04-16 15:08:07,,,,,2
Port FC – PORT FC official website,https://portfcofficial.com/,"th, en",wordpress,200,1.2,8,4198,1469,28,36,2731,54,https://www.airasia.com/th/th,,Air Asia Air Asia,,,,image,false,true,false,false,false,false,true,,,linkfound,2025-09-17 13:16:56,2026-04-16 10:36:00,,,Site page > Services,Sports > Team sports > Soccer,1
the best web and guide to perhentian island,https://www.pulauperhentian.com.my/,en,,200,13,9,3574,2,12,28,2659,12,https://www.airasia.com/,~,Airasia,- flight,http://www.airasia.com/,301,text,false,false,false,false,false,false,true,,,linkfound,2023-11-03 09:30:32,2026-04-16 11:56:20,,,Site page > Services,Travel > Tourist destinations > Islands,45
Malaysian cuisine - Wikipedia,https://en.wikipedia.org/wiki/Malaysian_cuisine,en,wikis,200,97,10,4182976512,179,77,203,2497,120,https://www.airasia.com/play/assets/bltcc727e16f8db8036/the-secret-history-of-chicken-chop-malaysias-original-western-food,"Hong Chieh, Yong (22 November 2021).","""The Secret History of Chicken Chop, Malaysia's Original 'Western Food'""",.airasia,,,text,false,true,true,false,false,false,true,,,linkfound,2023-03-06 18:20:06,2026-03-21 14:56:59,,,Article > Wiki,Food > Food > Other,1
Malaysian cuisine - Wikipedia,https://en.wikipedia.org/wiki/Malaysian_cuisine,en,wikis,200,97,10,4182976512,179,77,203,2497,120,https://www.airasia.com/travel3sixty/digitalexclusives/horizon/%E5%B1%B1%E6%89%93%E6%A0%B9%E7%BE%8E%E5%91%B3%E6%94%BB%E7%95%A5,Swee Har (24 January 2014).,"""山打根美味攻略""",. Air Asia (in Chinese). Travel3Sixty,http://www.airasia.com/travel3sixty/digitalexclusives/horizon/%E5%B1%B1%E6%89%93%E6%A0%B9%E7%BE%8E%E5%91%B3%E6%94%BB%E7%95%A5,301,text,false,true,true,false,false,false,true,,,linkfound,2026-03-21 14:56:59,2026-03-21 14:56:59,,,Article > Wiki,Food > Food > Other,2
Teguk Indonesia – Temani Harimu Dalam Tiap Rasa,https://teguk.co.id/,"en, id",wordpress,200,20,9,2651,80,17,20,2351,29,https://www.airasia.com/food/id/id/search?key=teguk,,Air-Asia-food-logo-image-300x150,,,,image,false,false,false,false,false,true,true,,,linkrestored,2022-08-08 16:10:21,2026-04-16 17:01:54,,,Site page > About,Food > Beverages > Soft drinks; Business,6
AirAsia X - Wikipedia,https://en.wikipedia.org/wiki/AirAsia_X,en,wikis,200,97,6,4182976512,1026,51,124,2198,128,https://www.airasia.com/en/gb,"X – To suspend services to Tehran"" . Archived from",the original,on 15 October 2012,"http://www.airasia.com/ot/en/latestnews/tehran-flight-cancellation.page, https://www.airasia.com/ot/en/latestnews/tehran-flight-cancellation.page","301, 302",text,false,true,true,false,false,false,true,,,linkfound,2020-01-04 11:34:05,2026-04-20 15:58:25,,,Article > Wiki,Travel > Transportation > Air travel,3
スーツケース・手荷物の機内持ち込みサイズ一覧表,https://gowell-travel.jp/user_data/suitcase_sizelist,ja,,200,25,4.4,8206,0,54,72,2196,153,https://www.airasia.com/aa/inflight-comforts/ja/jp/baggage.html,,公式サイト,,,,text,false,true,false,false,false,false,true,,,pagefound,2024-01-17 16:41:55,2026-04-13 10:57:52,,,,,1
2026最新【行李箱挑選指南】從行李箱尺寸、材質與容量等原則，挑選你的最佳旅伴！ | KIPLING,https://www.kipling.com.tw/Article/Detail/85101,zh-tw,,200,27,4.8,37214,3,22,22,2173,148,https://www.airasia.com/aa/inflight-comforts/zh/tw/baggage.html,,亞洲航空手提行李規定,,,,text,false,true,false,false,false,true,false,,,linkrestored,2024-09-10 18:49:33,2026-04-16 16:09:48,,,Article > Guide,Travel > Travel accessories > Utility bags; Shopping > Apparel > Clothing accessories,1
エアアジアの格安航空券を予約 - Airpaz,https://www.airpaz.com/ja/airlines/AK-AirAsia,ja,,200,62,18,529014,2,11,18,2104,49,https://www.airasia.com/aa/inflight-comforts/en/my/hot-meals.html,乗客は空室状況に応じて、飛行中に楽しめる食事を注文できます.航空会社の飲み物と食事のメニューについては,ここでクリックしてください,.,https://www.airasia.com/my/en/inflight-comforts/hot-meals.page,302,text,false,false,true,false,false,true,true,,,linkfound,2020-08-16 15:50:31,2026-03-18 19:10:12,,,Listing collection > Service,Travel > Transportation > Air travel,3
エアアジアの格安航空券を予約 - Airpaz,https://www.airpaz.com/ja/airlines/AK-AirAsia,ja,,200,62,18,529014,2,11,18,2104,49,https://www.airasia.com/rewards/,特典プログラムは エアアジア の忠実なお客様にご利用いただけます.ご詳細については、,こちらでチェックできます,.,https://www.airasia.com/rewards/en/gb,0,text,false,false,true,false,false,true,true,,,linkrestored,2023-12-05 10:45:35,2026-03-18 19:10:12,,,Listing collection > Service,Travel > Transportation > Air travel,2
エアアジアの格安航空券を予約 - Airpaz,https://www.airpaz.com/ja/airlines/AK-AirAsia,ja,,200,62,18,529014,2,11,18,2104,49,https://www.airasia.com/aa/about-us/ja/jp/terms-and-conditions-ak.html,エアアジア はお客様のご予定の変更ポリシーを提供します. エアアジア の航空券と運賃規則の詳細について、,こちらでクリックしてください,. ご注意: リストされている規定は永続的なものではありませんが、事前の通知なしに エアアジア によってご改訂される可能性があります.そのため、保険、フライトの遅延などに関する最新のポリシー変更を取得したい顧客は、エアアジア に直接連絡するか、航空運賃規則ページを確認することができま.,,,text,false,false,true,false,false,true,true,,,linkfound,2022-07-16 22:19:44,2026-03-18 19:10:12,,,Listing collection > Service,Travel > Transportation > Air travel,1
エアアジアの格安航空券を予約 - Airpaz,https://www.airpaz.com/ja/airlines/AK-AirAsia,ja,,200,62,18,529014,2,11,18,2104,49,https://www.airasia.com/check-in/en/gb,乗客が エアアジア の公式ウェブサイトを通じてWebチェックインを行うことができます.そのために、,ここ,をクリックして航空会社のチェックインページに移動されます.Webチェックインページは出発予定時刻の 14 日前に行うことができます.,,,text,false,false,true,false,false,true,true,,,linkrestored,2020-08-16 15:50:31,2026-03-18 19:10:12,,,Listing collection > Service,Travel > Transportation > Air travel,1
"Bangkok to Phuket - 10 ways to travel via train, plane, bus, car, and ferry",https://www.rome2rio.com/s/Bangkok/Phuket,en,,200,80,5,8739399,1,26,44,1980,80,https://www.airasia.com/en/home.page?cid=1,,airasia.com,,,,text,false,false,true,false,false,true,true,,,linkrestored,2017-11-29 08:31:41,2025-12-21 18:19:27,,,Listing collection > Location,Travel > Transportation > Rail,1315
BMJ Route & Schedules - PAJ,https://paj.com.my/bmj-route-schedules/,en,wordpress,200,43,7,4973,9,16,59,1865,40,https://www.airasia.com/ride/,,Airasia Ride,,,,text,false,false,false,false,false,true,true,,,linkfound,2024-11-05 21:10:15,2026-04-24 09:35:20,,,Site page > Services,Travel > Transportation > Urban transit,21
BMJ Route & Schedules - PAJ,https://paj.com.my/bmj-route-schedules/,en,wordpress,200,43,7,4973,9,16,59,1865,40,https://www.airasia.com/en/home.page?cid=1,,Air Asia,,,,text,false,false,false,false,false,true,true,,,pagefound,2022-06-29 01:06:45,2026-04-24 09:35:20,,,Site page > Services,Travel > Transportation > Urban transit,42
Airline contacts | Perth Airport,https://www.perthairport.com.au/flights/airlines,en,,200,65,9,160217,10,42,155,1841,388,http://www.airasia.com/au/en/home.page,,Website,,,,text,false,true,false,false,false,true,true,,,linkrestored,2016-07-21 03:40:48,2026-04-26 16:41:45,,,Site page > Contact,Travel > Transportation > Air travel,3
Airline contacts | Perth Airport,https://www.perthairport.com.au/flights/airlines,en,,200,65,9,160217,10,42,155,1841,388,https://www.airasia.com/en/gb,,Baggage information,,"http://www.airasia.com/au/en/baggage-info/checked-baggage.page, https://www.airasia.com/au/en/baggage-info/checked-baggage.page","301, 302",text,false,true,false,false,false,true,true,,,linkrestored,2019-04-19 03:39:09,2026-04-26 16:41:45,,,Site page > Contact,Travel > Transportation > Air travel,5
Airline contacts | Perth Airport,https://www.perthairport.com.au/flights/airlines,en,,200,65,9,160217,10,42,155,1841,388,http://www.airasia.com/au/en/check-ins/web-and-mobile-web.page,,Online check-in,,,,text,false,true,false,false,false,true,true,,,linkrestored,2016-07-21 03:40:48,2026-04-26 16:41:45,,,Site page > Contact,Travel > Transportation > Air travel,2
Airline contacts | Perth Airport,https://www.perthairport.com.au/flights/airlines,en,,200,65,9,160217,10,42,155,1841,388,https://www.airasia.com/ask/,,Ask Air Asia,,http://www.airasia.com/ask/,301,text,false,true,false,false,false,true,true,,,linkrestored,2017-06-17 14:28:34,2026-04-26 16:41:45,,,Site page > Contact,Travel > Transportation > Air travel,2
"Cosa vedere a Bali: i templi, le risaie e i luoghi imperdibili dell'isola degli dei",https://vacanzeinindonesia.com/bali-cosa-vedere/,it,wordpress,200,4.8,7,7165,1,18,36,1780,69,https://www.airasia.com/,Se sei già in Asia puoi scegliere tra,Air Asia,", Garuda , Scoot o",,,text,false,false,false,false,false,false,true,,,pagefound,2020-09-20 01:03:23,2025-12-12 14:00:54,,,Article > Guide,Travel > Tourist destinations > Buildings,1
AIX Connect - Wikipedia,https://en.wikipedia.org/wiki/AIX_Connect,en,wikis,200,97,6,4182976512,64,35,118,1772,80,https://www.airasia.com/,,www.airasia.com,,http://www.airasia.com/,301,text,false,true,true,false,false,false,true,,,linkfound,2025-01-23 00:15:17,2026-04-24 15:56:19,,,Article > Wiki,Travel > Transportation > Air travel; Business > Defense > Aviation industry,21
タイ・エアアジアXの格安航空券を予約 - Airpaz,https://www.airpaz.com/ja/airlines/XJ-Thai-AirAsia-X,ja,,200,62,5,529014,3,11,14,1752,34,https://www.airasia.com/aa/inflight-comforts/en/gb/hot-meals.html,空席状況に応じて、乗客は飲み物を注文してフライトで楽しむことができます.航空会社のお飲み物とお食事のメニューについては,ここでクリックしてください,.,,,text,false,false,true,false,false,true,true,,,linkrestored,2020-08-25 03:14:43,2026-03-16 08:12:20,,,Listing > Service,Travel > Transportation > Air travel,1
タイ・エアアジアXの格安航空券を予約 - Airpaz,https://www.airpaz.com/ja/airlines/XJ-Thai-AirAsia-X,ja,,200,62,5,529014,3,11,14,1752,34,https://www.airasia.com/aa/about-us/ja/jp/terms-and-conditions-xj.html,タイ・エアアジアX の利用規約と条件については、,ここでクリックしてください,.,,,text,false,false,true,false,false,true,true,,,linkfound,2022-07-15 22:35:52,2026-03-16 08:12:20,,,Listing > Service,Travel > Transportation > Air travel,1
タイ・エアアジアXの格安航空券を予約 - Airpaz,https://www.airpaz.com/ja/airlines/XJ-Thai-AirAsia-X,ja,,200,62,5,529014,3,11,14,1752,34,https://www.airasia.com/check-in/en/gb,タイ・エアアジアX の公式サイトを通じて、お客様はWebチェックインを行うことができます.そのために、,ここ,をクリックして航空会社のチェックインページに移動されます.Webチェックインページは出発予定時刻の 14 日前に行うことができます.,,,text,false,false,true,false,false,true,true,,,linkfound,2022-03-20 19:51:56,2026-03-16 08:12:20,,,Listing > Service,Travel > Transportation > Air travel,1
AirAsia HYROX Perth | HYROX,https://hyrox.com/event/hyrox-perth/,en,"ecommerce, wordpress",200,77,5,1004871,10,51,70,1737,11,https://www.airasia.com/,,BOOK NOW,,,,text,false,false,false,false,false,false,true,,,linkfound,2026-04-20 19:22:41,2026-04-26 02:11:05,,,Site page > Services,Sports > Individual sports > Walking,7
Kuih - Wikipedia,https://en.wikipedia.org/wiki/Kuih,en,wikis,200,97,15,4182976512,104,79,139,1694,83,https://www.airasia.com/en/gb,"""Your Definitive Guide to Nyonya Kuih"" .Explore AirAsia. Archived from",the original,on 15 April 2025,"https://explore.airasia.com/assets/bltdbef1f597ee9f5f2/your-definitive-guide-to-nyonya-kuih, https://www.airasia.com/assets/bltdbef1f597ee9f5f2/your-definitive-guide-to-nyonya-kuih","0, 302",text,false,true,true,false,false,false,true,,,linkfound,2025-07-01 05:28:20,2026-03-25 17:51:17,,,Article > Wiki,Food > Food > Snack foods,2
Sierra Leone Tourism Official Website | Sierra Leone Tourism,https://tourismsierraleone.com/,en,wordpress,200,33,9,2291,106,8,20,1643,55,https://www.airasia.com/en/gb,,www.airasia.com,,https://www.airasia.com/,302,text,false,true,false,false,false,true,true,,,linkrestored,2024-04-13 09:57:14,2026-04-19 02:12:41,,,Site page > Services,Travel > Tourist destinations > Islands,2
จองตั๋วเครื่องบินราคาถูกกับ ไทยแอร์เอเชีย - Airpaz,https://www.airpaz.com/th/airlines/FD-Thai-AirAsia,th,,200,62,15,529014,1,12,22,1578,202,https://www.airasia.com/aa/about-us/th/th/fees-and-charges.html,"25 กก., 30 กก. และ 40 กก. (มีให้บริการสำหรับเส้นทางระหว่างประเทศ) ราคากระเป๋าเช็คอินแตกต่างกันไปตาม เส้นทางและคุณสามารถตรวจสอบได้",ที่นี่,ห้ามใช้ของเหลว สเปรย์และเจล (LAG) และสามารถนำขึ้นเครื่องได้ตราบใดที่ผู้โดยสารปฏิบัติตามข้อ จำกัด เหล่านี้: ● รายการ LAG เช่น,,,text,false,false,true,false,false,true,true,,,linkrestored,2021-09-22 00:52:09,2026-02-03 13:43:30,,,Site page > Services,Travel > Transportation > Air travel,1
จองตั๋วเครื่องบินราคาถูกกับ ไทยแอร์เอเชีย - Airpaz,https://www.airpaz.com/th/airlines/FD-Thai-AirAsia,th,,200,62,15,529014,1,12,22,1578,202,https://www.airasia.com/aa/about-us/th/th/terms-and-conditions-fd.html,หากต้องการอ่านข้อกำหนดและเงื่อนไขฉบับสมบูรณ์ของไทยแอร์เอเชีย / Thai AirAsia (FD) คลิก,ที่นี่,,,,text,false,false,true,false,false,true,true,,,linkrestored,2021-09-22 00:52:09,2026-02-03 13:43:30,,,Site page > Services,Travel > Transportation > Air travel,1
จองตั๋วเครื่องบินราคาถูกกับ ไทยแอร์เอเชีย - Airpaz,https://www.airpaz.com/th/airlines/FD-Thai-AirAsia,th,,200,62,15,529014,1,12,22,1578,202,https://www.airasia.com/aa/inflight-comforts/th/th/hot-meals.html,มีของว่างและอาหารหลากหลายประเภทที่สายการบินให้บริการตั้งแต่อาหารมาเลย์อินเดียและไทย ราคาของว่างและเครื่องดื่มมีตั้งแต่ 40 ถึง 80THB ในขณะที่อาหารร้อนมีราคา 150 ถึง 200THB. ตรวจสอบเมนูบนเครื่องบินแบบเต็ม,ที่นี่,,,,text,false,false,true,false,false,true,true,,,linkrestored,2021-09-22 00:52:09,2026-02-03 13:43:30,,,Site page > Services,Travel > Transportation > Air travel,1
จองตั๋วเครื่องบินราคาถูกกับ ไทยแอร์เอเชีย - Airpaz,https://www.airpaz.com/th/airlines/FD-Thai-AirAsia,th,,200,62,15,529014,1,12,22,1578,202,https://www.airasia.com/check-in/th/th,หากต้องการเช็คอินโดยตรงบนเว็บไซต์ของพวกเขาคุณสามารถคลิก,ที่นี่,บนเดสก์ท็อป / มือถือของคุณ เบราว์เซอร์เพื่อตรวจสอบรับและพิมพ์บอร์ดดิ้งพาสของคุณ,,,text,false,false,true,false,false,true,true,,,linkrestored,2021-09-22 00:52:09,2026-02-03 13:43:30,,,Site page > Services,Travel > Transportation > Air travel,4
จองตั๋วเครื่องบินราคาถูกกับ ไทยแอร์เอเชีย - Airpaz,https://www.airpaz.com/th/airlines/FD-Thai-AirAsia,th,,200,62,15,529014,1,12,22,1578,202,https://www.airasia.com/account/,ไทยแอร์เอเชีย / Thai AirAsia มีโปรแกรมสิทธิพิเศษสำหรับลูกค้าผู้ภักดีและข้อมูลที่นอกเหนือจากนี้สามารถเช็คได้,ที่นี่,.,"https://www.airasia.com/member/, https://www.airasia.com/account","301, 308",text,false,false,true,false,false,true,true,,,linkfound,2023-06-16 16:57:55,2026-02-03 13:43:30,,,Site page > Services,Travel > Transportation > Air travel,3
Thai AirAsia - Wikipedia,https://en.wikipedia.org/wiki/Thai_AirAsia,en,wikis,200,97,6,4182976512,90,22,63,1414,56,http://www.airasia.com/my/en/big/big-loyalty.page,,Join BIG! AirAsia BIG Loyalty Programme,Archived 26 May 2008 at the Wayback Machine,,,text,false,false,true,false,false,false,true,removedfromhtml,,pagefound,2021-10-07 18:51:47,2025-07-25 01:22:56,2026-03-28 10:11:07,,Article > Wiki,Travel > Transportation > Air travel,2
Thai AirAsia - Wikipedia,https://en.wikipedia.org/wiki/Thai_AirAsia,en,wikis,200,97,6,4182976512,84,23,64,1414,56,https://www.airasia.com/en/home.page,,AirAsia,,"http://www.airasia.com/th/en/home.page?cid=1, https://www.airasia.com/th/en/home.page?cid=1","301, 301",text,false,true,true,false,false,false,true,,,pagefound,2021-10-07 18:51:47,2026-03-28 10:11:07,,,Article > Wiki,Travel > Transportation > Air travel,4
"How to Earn $1,500 Monthly with 8 Passive Income Strategies in Singapore | StashAway Singapore",https://www.stashaway.sg/r/8-passive-income-strategies-to-earn-1500sgd-monthly,en,,200,54,4.5,124784,0,26,36,1357,57,http://www.airasia.com/aa/shop/,", Zalora , CHARLES & KEITH ,",AirAsia,", Castlery , SHEIN ,","https://www.airasia.com/aa/affiliate-partners/, https://www.airasia.com/aa/travelmall/","0, 301",text,false,true,false,false,false,false,true,,,linkrestored,2024-09-26 15:13:04,2026-04-15 00:24:27,,,,,8
FD3218 (AIQ3218) Thai AirAsia Flight Tracking and History - FlightAware,https://www.flightaware.com/live/flight/AIQ3218,en,,200,82,0,31671896,1,10,19,1322,1,https://www.airasia.com/,,Thai AirAsia,,http://www.airasia.com/,301,text,false,false,false,false,false,true,false,,,linkrestored,2024-04-15 00:38:02,2026-02-05 07:28:04,,,,,18
【Trip.com Code Trip.com 優惠碼】2026年4月最新Trip.com 優惠碼/信用卡優惠/折扣碼/推廣代碼/promo code/discount code！ - MeetHK.com 旅遊情報網 - 最新平機票及酒店優惠 | 優惠碼 | code,https://www.meethk.com/trip-com-discount-code/,"zh-tw, en",wordpress,200,10,8,20708,0,40,94,1303,50,https://www.airasia.com/zh/hk,,AirAsia 亞洲航空,,https://meethk.net/2Op2sPJ,301,text,false,false,false,false,false,false,true,,,linkfound,2026-04-23 15:33:45,2026-04-23 15:33:45,,,,,11
Flights - Clark International Airport | CRK Official Website,https://clarkinternationalairport.com/flights/,en,wordpress,200,42,8,5913,29,27,36,1288,205,https://www.airasia.com/en/gb,,AirAsia AirAsia,Philippine AirAsia,,,image,false,true,false,false,false,true,true,,,linkfound,2023-09-08 01:14:23,2026-04-24 13:15:20,,,Listing > Service,Travel > Transportation > Air travel,1
งานพัทยา หางานพัทยา งานราชการ สัมภาษณ์งาน,https://jobpattaya.net/,th,,200,0.4,6,1308,1379,17,28,1283,29,https://www.airasia.com/,,แอร์เอเซีย,,,,image,false,false,false,false,false,false,true,,,linkrestored,2024-10-24 17:09:25,2026-04-17 08:03:24,,,Listing collection > Job,Jobs and education > Jobs > Job,4
旅遊資訊 > 資訊內容｜馬來西亞觀光局 官方網站,https://www.promotemalaysia.com.tw/info_detail.aspx?class_id=9&data_id=376,zh-tw,,200,30,4.5,39008,0,19,41,1223,14,https://www.airasia.com/en/gb,感謝,AirAsia,及 馬來西亞觀光局 邀約體驗，讓更多人知道好吃好玩的所在,https://www.airasia.com/tw/zh/home.page,302,text,false,true,false,false,false,false,true,,,linkfound,2020-11-30 03:04:39,2026-04-16 04:54:10,,,,,2
รวมวิธีเดินทางไปหัวหิน | G Hua Hin Resort and Mall,https://ghuahin.com/th/content-th/how-to-go-to-huahin/,th,wordpress,200,18,4.8,7877,0,14,37,1196,77,https://www.airasia.com/th/th/home.page,จันทร์ พุธ ศุกร์ อาทิตย์ แต่อีกไม่นานน่าจะเปิดเส้นทางเพิ่มแล้วนะ เช็คราคา จองผ่าน Air Asia ได้เลย,Website,,,,text,false,true,false,false,false,false,true,,,linkrestored,2019-02-14 12:02:18,2026-04-09 09:46:20,,,,,2
BYD HYROX Brisbane | HYROX,https://hyrox.com/event/hyrox-brisbane/,en,"ecommerce, wordpress",404,77,7,1004871,40,56,78,1148,31,https://www.airasia.com/,,,,,,image,false,false,false,false,false,false,true,notfound,,linkfound,2025-12-12 13:19:40,2026-04-13 10:18:19,2026-04-14 18:17:48,,,,4
7 Key Passive Income Strategies in Malaysia: Beyond 9 to 5 | StashAway Malaysia,https://www.stashaway.my/r/7-key-passive-income-strategies-malaysia,en,,200,38,4.9,85222,98,20,27,1097,88,http://www.airasia.com/aa/shop/,,AirAsia,= Turn passion for content creation into profitable income of,"https://www.airasia.com/aa/affiliate-partners/, https://www.airasia.com/aa/travelmall/","0, 301",text,false,true,false,false,false,false,true,,,linkfound,2025-12-17 14:06:25,2026-04-26 18:19:03,,,Article > How-to,Finance > Investing > Funds,4
Book Cheap Philippines AirAsia Flight Tickets & Deals - Airpaz,https://www.airpaz.com/en/airlines/Z2-Philippines-AirAsia,en,,200,62,38,529014,22,11,18,1076,185,https://www.airasia.com/aa/inflight-comforts/en/gb/hot-meals.html,"in their flight. For the airline's meals and beverages menu,",click here,.,,,text,false,false,true,false,false,true,true,,,linkrestored,2023-07-01 11:47:27,2026-04-12 17:25:04,,,Listing > Service,Travel > Transportation > Air travel,1
Book Cheap Philippines AirAsia Flight Tickets & Deals - Airpaz,https://www.airpaz.com/en/airlines/Z2-Philippines-AirAsia,en,,200,62,38,529014,22,11,18,1076,185,https://www.airasia.com/check-in/,"Zest), passengers can check in online. To do so, click",here,to go to the airline’s check-in page. Web check-in page,,,text,false,false,true,false,false,true,true,,,linkrestored,2023-07-01 11:47:27,2026-04-12 17:25:04,,,Listing > Service,Travel > Transportation > Air travel,2
Book Cheap Philippines AirAsia Flight Tickets & Deals - Airpaz,https://www.airpaz.com/en/airlines/Z2-Philippines-AirAsia,en,,200,62,38,529014,22,11,18,1076,185,https://www.airasia.com/rewards/earn-freedom-flyer,"AirAsia Zest), and further detail on it can be accessed",here,.,"https://www.airasia.com/rewards/earn-freedom-flyer/en/gb, https://www.airasia.com/rewards/earn-freedom-flyer/","0, 301",text,false,false,true,false,false,true,true,,,linkrestored,2023-08-01 09:21:32,2026-04-12 17:25:04,,,Listing > Service,Travel > Transportation > Air travel,3
Book Cheap Philippines AirAsia Flight Tickets & Deals - Airpaz,https://www.airpaz.com/en/airlines/Z2-Philippines-AirAsia,en,,200,62,38,529014,22,11,18,1076,185,https://www.airasia.com/aa/about-us/en/gb/terms-and-conditions-z2.html,"complete Conditions of Carriage of Philippines AirAsia (formerly AirAsia Zest),",click here,.,,,text,false,false,true,false,false,true,true,,,linkrestored,2023-07-01 11:47:27,2026-04-12 17:25:04,,,Listing > Service,Travel > Transportation > Air travel,1
agent.tripmaza.com - Best Deals & Discounts on Flight Tickets,https://agent.tripmaza.com/,en,,200,1.4,6,6658,0,12,15,1058,6,https://www.airasia.com/en/gb,,Air Asia Airlines,,"https://www.airasia.co.in/content/air-asia/en/home, https://www.airasia.com/","301, 302",text,false,false,false,false,false,false,true,,,linkrestored,2023-11-14 05:56:59,2026-04-25 02:57:42,,,Listing collection > Service,Travel > Travel agencies > Other,4
Prenota voli economici con Thai AirAsia - Airpaz,https://www.airpaz.com/it/airlines/FD-Thai-AirAsia,it,,200,62,27,529014,0,12,25,1054,5,https://www.airasia.com/aa/about-us/en/gb/terms-and-conditions-fd.html,"For the complete Conditions of Carriage of Thai AirAsia,",click here,.,,,text,false,false,true,false,false,false,true,,,pagefound,2023-07-30 03:33:02,2026-04-15 19:03:30,,,,,4
Prenota voli economici con Thai AirAsia - Airpaz,https://www.airpaz.com/it/airlines/FD-Thai-AirAsia,it,,200,62,27,529014,0,12,25,1054,5,https://www.airasia.com/aa/inflight-comforts/en/gb/hot-meals.html,1. Value Pack passengers will need to pre-select their meal,here,. There are two choices: vegetarian and non-vegetarian hot meal.,,,text,false,false,true,false,false,false,true,,,pagefound,2023-07-30 03:33:02,2026-04-15 19:03:30,,,,,4
Prenota voli economici con Thai AirAsia - Airpaz,https://www.airpaz.com/it/airlines/FD-Thai-AirAsia,it,,200,62,27,529014,0,12,25,1054,5,https://www.airasia.com/member/,"Thai AirAsia, and more detail on it can be read",here,.,,,text,false,false,true,false,false,false,true,,,pagefound,2023-07-30 03:33:02,2026-04-15 19:03:30,,,,,12
Prenota voli economici con Thai AirAsia - Airpaz,https://www.airpaz.com/it/airlines/FD-Thai-AirAsia,it,,200,62,27,529014,0,12,25,1054,5,https://www.airasia.com/online-read/inflight-menu/fd-flight.pdf,to get a better deal. Check the full inflight menu,here.,,,,text,false,false,true,false,false,false,true,,,pagefound,2023-07-30 03:33:02,2026-04-15 19:03:30,,,,,4
Prenota voli economici con Thai AirAsia - Airpaz,https://www.airpaz.com/it/airlines/FD-Thai-AirAsia,it,,200,62,27,529014,0,12,25,1054,5,https://www.airasia.com/aa/inflight-comforts/en/th/hot-meals.html,pre-book the meal for a more economical price on their,website,to get a better deal. Check the full inflight menu,https://www.airasia.com/th/en/inflight-comforts/hot-meals.page,302,text,false,false,true,false,false,false,true,,,pagefound,2023-07-30 03:33:02,2026-04-15 19:03:30,,,,,8
Prenota voli economici con Thai AirAsia - Airpaz,https://www.airpaz.com/it/airlines/FD-Thai-AirAsia,it,,200,62,27,529014,0,12,25,1054,5,https://www.airasia.com/en/gb,"luggage price varies between routes, and you can check it",here,"Liquid, aerosol, and gels (LAG) items are not prohibited and","https://www.airasia.com/my/en/our-fares/fees-and-charges.page, https://www.airasia.com/en/home.page","301, 301",text,false,false,true,false,false,false,true,,,pagefound,2023-07-30 03:33:02,2026-04-15 19:03:30,,,,,12
Prenota voli economici con Thai AirAsia - Airpaz,https://www.airpaz.com/it/airlines/FD-Thai-AirAsia,it,,200,62,27,529014,0,12,25,1054,5,https://www.airasia.com/check-in/en/gb,"the official website of Thai AirAsia. To do so, click",here,to go to the airline’s check-in page. Online check-in can,,,text,false,false,true,false,false,false,true,,,pagefound,2023-07-30 03:33:02,2026-04-15 19:03:30,,,,,4
Qué ver en Malasia: 15 lugares fascinantes de un paraíso,https://trotandomundos.com/malasia/,es,wordpress,200,14,6,14788,0,14,91,1047,23,https://www.airasia.com/,Las dos principales aerolíneas nacionales son Malaysia Airlines y,AirAsia,con numerosos enlaces y frecuencias. Malindo Air también tiene una,http://www.airasia.com/,301,text,false,true,false,false,false,false,true,,,linkrestored,2023-11-05 02:07:18,2026-04-19 21:15:32,,,Article > Guide,Travel > Tourist destinations > Islands,3
Ambuyat - Wikipedia,https://en.wikipedia.org/wiki/Ambuyat,en,wikis,200,97,6,4182976512,33,14,33,987,8,https://www.airasia.com/assets/bltb477c7bb4eb6be0b/in-southeast-asia-an-exotic-sago-dish-awaits-adventurous-foodies,"Exotic Sago Dish Awaits Adventurous Foodies"" .Explore AirAsia. Archived from",the original,on 10 April 2025,https://explore.airasia.com/assets/bltb477c7bb4eb6be0b/in-southeast-asia-an-exotic-sago-dish-awaits-adventurous-foodies,0,text,false,true,true,false,false,false,true,,,linkfound,2025-09-22 19:51:20,2026-03-21 10:04:14,,,Article > Wiki,Food > Food > Pasta,2
2025 코타키나발루 여행 가볼만한곳 & 여행코스 총정리 - KKday Korea 공식 블로그,https://www.kkday.com/ko/blog/11028/asia-malaysia-kota-kinabalu-attractions,ko,wordpress,200,81,0,3415954,2,5,10,980,27,https://www.airasia.com/ko/kr,,에어아시아 항공편,,,,text,false,true,true,false,false,false,true,,,linkfound,2026-04-07 02:39:44,2026-04-07 02:39:44,,,Article > Roundup,Travel > Tourist destinations > Islands,1
Live AirAsia Flight Status - FlightAware,https://www.flightaware.com/live/fleet/AXM,en,,200,82,10,31671896,3,9,16,979,164,https://www.airasia.com/,Website:,http://www.airasia.com/,,http://www.airasia.com/,301,text,false,false,false,false,false,true,true,,,linkrestored,2023-11-04 08:57:45,2026-01-28 12:44:37,,,Tool > Map,Travel > Transportation > Air travel,6
,https://www.sydneyairport.com.au/contact-us/airline-directory,en,,200,72,25,378149,1198,73,262,971,392,https://www.airasia.com/en/gb,,AirAsia X,,,,text,false,false,false,false,false,true,true,,,pagefound,2021-10-01 21:03:35,2026-04-08 19:06:23,,,Site page > Services,Travel > Transportation > Air travel,2
กระเป๋าเดินทางแบบไหนขึ้นเครื่องได้ กระเป๋าเดินทาง 20 นิ้ว เพียงพอไหม,https://www.aeon.co.th/aeon/tips-tricks/carry-on-luggage-20-inch-airline-rules,th,,200,51,7,49719,2,11,17,969,83,https://www.airasia.com/aa/pdf/about-us/fee-charges-fd.pdf,", vietjetair , การบินไทย ,",แอร์เอเชีย,", นกแอร์ , ไทยไลอ้อนแอร์ ,",,,text,false,true,false,false,false,true,true,,,pagefound,2025-08-30 03:17:58,2026-04-26 00:50:44,,,Article > How-to,Travel > Travel accessories > Utility bags,1
AK6228 (AXM6228) AirAsia Flight Tracking and History - FlightAware,https://www.flightaware.com/live/flight/AXM6228,en,,200,82,0,31671896,1,11,22,967,2,https://www.airasia.com/en/gb,,AirAsia,,"http://www.airasia.com/, https://www.airasia.com/","301, 302",text,false,false,false,false,false,true,false,removedfromhtml,,linkrestored,2023-10-23 03:26:51,2025-08-08 00:12:24,2026-04-21 03:05:19,,,,60
Home - Asian Hockey Federation,https://asiahockey.org/,en,wordpress,200,30,0,1162,1796,19,29,892,196,https://www.airasia.com/en/gb,,Air Asia,,,,image,false,false,false,false,false,false,true,,,linkrestored,2024-04-26 21:03:53,2026-04-27 06:01:24,,,Site page > Home,Sports > Team sports > Hockey,1
旅遊資訊 > 資訊內容｜馬來西亞觀光局 官方網站,https://www.promotemalaysia.com.tw/info_detail.aspx?class_id=9&data_id=399,zh-tw,,200,30,4.5,39008,0,16,25,872,11,https://www.airasia.com/tw/zh/home.page,,AirAsia亞航官網,/ AirAsia亞航FB粉絲團,,,text,false,true,false,false,false,false,true,,,linkfound,2020-11-29 22:16:02,2026-04-12 00:07:24,,,,,8
Indonesia AirAsia Flight 8501 - Wikipedia,https://en.wikipedia.org/wiki/Indonesia_AirAsia_Flight_8501,en,wikis,200,97,5,4182976512,1035,87,279,858,61,https://www.airasia.com/id/en/inflight-comforts/seat-options.page,"""Seat options"" . Indonesia AirAsia. Archived from",the original,on 9 January 2015,http://www.airasia.com/id/en/inflight-comforts/seat-options.page,301,text,false,true,true,false,false,false,true,,,linkfound,2020-07-08 23:13:46,2026-04-18 13:56:00,,,Article > Wiki,News > World news; Travel > Transportation > Air travel,3
D7379 (XAX379) AirAsia X Flight Tracking and History - FlightAware,https://www.flightaware.com/live/flight/XAX379,en,,200,82,0,31671896,1,10,20,828,7,http://www.airasia.com/us/en/home.page?cid=1,,AirAsia X,,,,text,false,false,false,false,false,true,false,,,linkfound,2026-02-07 03:08:25,2026-02-07 03:08:25,,,Site page > Services,Travel > Transportation > Air travel,20
Compare & book AirAsia (AK) flights on Google Flights,https://www.google.com/travel/flights/airlines/airasia-flights.html,en,,200,99,0,1281595264,0,4,10,824,44,https://www.airasia.com/aa/inflight-comforts/en/gb/baggage.html,,AirAsia baggage policy,,,,text,false,true,false,false,false,false,true,,,linkfound,2026-01-26 08:30:54,2026-01-26 08:30:54,,,,,3
Compare & book AirAsia (AK) flights on Google Flights,https://www.google.com/travel/flights/airlines/airasia-flights.html,en,,200,99,0,1281595264,0,4,10,824,44,https://www.airasia.com/,,AirAsia website,,,,text,false,true,false,false,false,false,true,,,linkfound,2026-01-26 08:30:54,2026-01-26 08:30:54,,,,,6
Indonesia AirAsia - Wikipedia,https://en.wikipedia.org/wiki/Indonesia_AirAsia,en,wikis,200,97,5,4182976512,453,35,91,811,27,https://www.airasia.com/en/gb,,"""AirAsia Relocates Operations from the Old Terminal 3 to Terminals 2E and 2F at Soekarno-Hatta International Airport | AirAsia""",. AirAsia.,https://www.airasia.com/sg/en/press-releases/airasia-indonesia-relocates-operations-from-the-old-terminal-3-to-terminals-2e-and-2f.page,302,text,false,true,true,false,false,false,true,,,pagefound,2020-08-04 17:06:19,2026-04-25 11:28:32,,,Article > Wiki,Travel > Transportation > Air travel,2
Indonesia AirAsia - Wikipedia,https://en.wikipedia.org/wiki/Indonesia_AirAsia,en,wikis,200,97,5,4182976512,453,35,91,811,27,https://www.airasia.com/id/id/press-releases/airasia-luncurkan-fasilitas-auto-bag-drop-pertama-di-indonesia.page,,"""Airasia Luncurkan Fasilitas Auto Bag Drop Pertama Di Indonesia | AirAsia""",. AirAsia.,,,text,false,true,true,false,false,false,true,,,pagefound,2020-08-04 17:06:19,2026-04-25 11:28:32,,,Article > Wiki,Travel > Transportation > Air travel,1
BYD HYROX Sydney | HYROX,https://hyrox.com/event/hyrox-sydney/,en,"ecommerce, wordpress",200,77,5,1004871,18,53,75,804,27,https://www.airasia.com/en/gb,,Start planning your flights!,,,,text,false,true,false,false,false,false,true,,,linkfound,2026-03-17 10:45:09,2026-04-26 13:24:09,,,Site page > Services,Sports > Individual sports > Walking,1
Trang chủ - NCTS,https://www.noibaicargo.com.vn/,"vi, en",,200,28,9,1506,51,36,53,781,7,https://www.airasia.com/,,logo,,,,image,false,false,false,false,false,true,false,removedfromhtml,,linkrestored,2026-02-17 06:57:02,2026-04-07 12:05:26,2026-04-07 20:36:19,,Site page > Home,Business > Logistics > Freight transport > Other; Shopping,6
Thailand Itinerary for 2 to 4 Weeks (North + South Highlights),https://www.indietraveller.co/thailand-itineraries/,en,wordpress,200,55,5,583210,8,17,59,767,60,https://www.airasia.com/,take a domestic flight with a budget carrier such as,AirAsia,.,http://www.airasia.com/,301,text,false,true,false,false,false,false,true,,,linkrestored,2022-05-01 17:34:18,2026-03-08 23:02:46,,,Article > Guide,Travel > Tourist destinations > Islands,3
Carry-on luggage size by Airline,https://ca.heys.com/pages/carry-on-luggage-size-by-airline,en,,200,50,11,22888,0,61,75,740,177,https://www.airasia.com/aa/inflight-comforts/en/gb/baggage.html,,,,,,image,false,false,false,false,false,false,true,,,linkfound,2024-08-01 21:08:03,2026-04-02 10:40:30,,,,,1
The Cost of Travel in Thailand: My Detailed Budget Breakdown,https://www.neverendingfootsteps.com/cost-of-travel-thailand-budget/,en,wordpress,200,52,7,181139,15,13,36,709,117,https://www.airasia.com/flights/asia,"flight in Thailand, for example, thanks to the existence of",Air Asia,", so if you’re short on time, you’re not going",,,text,false,true,true,false,true,false,true,,,linkfound,2024-03-31 20:16:07,2026-04-25 20:30:34,,Lauren Juliff,Article > Guide,Travel > Guides,2
Travel Advisory,https://www.ixigo.com/travel-advisory,en,,307,68,4.4,6502842,0,3,5,708,45,https://www.airasia.com/en/gb,"For further assistance, please visit",https://www.airasia.com/en/gb,.,,,text,false,false,false,false,false,false,true,pageredirected,,linkfound,2025-06-02 12:42:03,2026-02-12 02:15:58,2026-04-14 14:36:34,,,,1
Cabin Luggage Size & Weight Guide 2026: Airline Rules | Trip Guide,https://sg.trip.com/ask/questions/luggage-size-cabin.html,en,,200,86,9,9934607,0,8,8,688,128,https://www.airasia.com/aa/inflight-comforts/en/gb/baggage.html,,Air Asia,,,,text,false,true,false,false,false,false,true,,,linkfound,2025-10-14 22:54:35,2026-03-22 01:28:31,,,,,1
Webjet - Support Page | Webjet AU,https://www.webjet.com.au/support/,en,,200,69,27,577364,19,27,36,677,85,https://www.airasia.com/en/gb,visiting the ‘My Bookings’ section of their website. Please visit,https://www.airasia.com/en/gb,.,,,text,false,false,false,false,false,false,true,,,linkfound,2023-07-10 15:58:04,2026-03-10 20:49:33,,Webjet Australia,Site page > FAQ,Travel > Transportation > Air travel,1
Travel info on how to get to Koh Lipe and Castaway Resort,https://kohlipe.castaway-resorts.com/how-to-get-to-koh-lipe/,en,wordpress,200,20,6,1281,1,20,25,668,39,https://www.airasia.com/en/gb,are many airlines that fly from Bangkok to Hat Yai:,Air Asia,,,,text,false,true,true,false,false,false,true,,,pagefound,2020-11-18 03:32:42,2026-04-24 11:45:36,,,Article > How-to,Travel > Transportation > Charters,1
วิธีเช็คอินออนไลน์ 2569 ครบจบใน 3 ขั้นตอน ประหยัดเวลาเดินทางสุด ๆ | Trip.com,https://th.trip.com/ask/questions/online+check+in.html,th,,200,86,0,9934607,0,8,9,653,41,https://www.airasia.com/check-in/en/gb,,AirAsia,,https://www.airasia.com/check-in/v2/th/th,0,text,false,true,true,false,false,false,true,,,linkfound,2026-01-06 21:54:40,2026-01-06 21:54:40,,,,,4
What to see in Hua Hin: the best attractions!,https://theetstory.blog/en/what-to-see-in-hua-hin-best-attractions/,en,wordpress,200,2.6,4.6,3717,0,20,39,651,18,https://www.airasia.com/flights/from-hua-hin-hhq-to-chiang-mai-cnx,,Air Asia,,,,text,false,true,false,false,false,false,true,,,pagefound,2025-05-01 11:09:42,2026-04-25 19:01:21,,,,,2
7 astuces pour trouver un billet d'avion pas cher (avril 2026),https://lesacados.com/trouver-billet-avion-pas-cher,fr,wordpress,200,40,5,2756,26,18,22,642,114,https://www.airasia.com/en/gb,Maintenant je sais que la compagnie « low-cost »,Air-Asia,propose des vols vraiment pas chers partout en Asie. Je,https://www.airasia.com/,302,text,false,true,true,false,false,true,true,,,linkrestored,2022-02-24 21:08:51,2026-04-15 20:53:33,,Ryan Lesacados,Article > How-to,Travel > Transportation > Air travel,2
"航空公司資料, 航班資料 - 香港國際機場",https://www.hongkongairport.com/tc/flights/airlines-information/airlines.page,,,200,77,16,220299,18,108,192,632,66,http://www.airasia.com/,,航空公司網站: http://www.airasia.com,,,,text,false,false,false,false,false,false,true,,,linkrestored,2021-09-02 21:48:41,2026-04-27 01:59:25,,,Site page > Services,Travel > Transportation > Air travel,5
"航空公司資料, 航班資料 - 香港國際機場",https://www.hongkongairport.com/tc/flights/airlines-information/airlines.page,,,200,77,16,220299,18,108,192,632,66,https://www.airasia.com/en/gb,,航空公司網站: https://www.airasia.com/en/gb,,,,text,false,false,false,false,false,false,true,,,linkrestored,2021-09-02 21:48:41,2026-04-27 01:59:25,,,Site page > Services,Travel > Transportation > Air travel,1
マレーシア基本情報 | 【公式】マレーシア政府観光局,https://www.tourismmalaysia.or.jp/basicinfo/04_access.html,ja,,200,55,8,32487,3,21,38,625,50,https://www.airasia.com/en/gb,,▸ エア・アジアＸのWebサイト,,https://www.airasia.com/jp/ja/home.page,302,text,false,true,false,false,false,false,true,,,pagefound,2021-05-16 00:38:34,2026-04-24 22:55:57,,,Site page > Services,Travel > Tourist destinations > Islands,2
"Лоукостеры: что это такое, как они работают, какие авиакомпании к ним относятся",https://www.aviasales.ru/psgr/article/loukostery,ru,,200,76,4.7,2245061,1,16,23,605,19,https://www.airasia.com/en/gb,,AirAsia,,,,text,false,true,true,false,false,true,true,,,pagefound,2025-03-11 20:54:02,2026-03-30 05:03:12,,,Article > Definition,Travel > Transportation > Air travel,1
クアラルンプール国際空港 - Wikipedia,https://ja.wikipedia.org/wiki/%E3%82%AF%E3%82%A2%E3%83%A9%E3%83%AB%E3%83%B3%E3%83%97%E3%83%BC%E3%83%AB%E5%9B%BD%E9%9A%9B%E7%A9%BA%E6%B8%AF,ja,wikis,200,97,4.9,4182976512,29,45,129,603,17,https://www.airasia.com/en/home.page,,KLIA2,- AirAsia,"http://www.airasia.com/my/en/klia2/overview.page, https://www.airasia.com/my/en/klia2/overview.page","301, 301",text,false,true,true,false,false,false,true,,,linkfound,2020-11-17 12:39:07,2026-04-06 16:17:09,,,Article > Wiki,Travel > Transportation > Air travel,3
クアラルンプール国際空港 - Wikipedia,https://ja.wikipedia.org/wiki/%E3%82%AF%E3%82%A2%E3%83%A9%E3%83%AB%E3%83%B3%E3%83%97%E3%83%BC%E3%83%AB%E5%9B%BD%E9%9A%9B%E7%A9%BA%E6%B8%AF,ja,wikis,200,97,4.9,4182976512,29,45,129,603,17,https://www.airasia.com/en/gb,,KLIA-East,エアアジア公式サイト,"http://www.airasia.com/kliaeast/index.html, https://www.airasia.com/kliaeast/index.html","301, 302",text,false,true,true,false,false,false,true,,,linkfound,2020-11-17 12:39:07,2026-04-06 16:17:09,,,Article > Wiki,Travel > Transportation > Air travel,3
เปลี่ยนเที่ยวบิน airasia ทำอย่างไร? - 9 ขั้นตอนแบบเข้าใจง่าย,https://www.ktc.co.th/article/travel-stories/travel-tips-trick/steps-to-change-flights-with-airasia,th,,200,69,0,492071,0,4,6,585,58,https://www.airasia.com/th/th,,airasia,,,,text,false,false,false,false,false,false,true,,,pagefound,2026-02-09 11:06:11,2026-03-15 06:48:37,,,,,1
預訂 亞洲航空 的便宜機票 - Airpaz,https://www.airpaz.com/zh-tw/airlines/AK-AirAsia,zh-tw,,200,62,17,529014,5,11,16,579,61,https://www.airasia.com/rewards/en/gb,"特權計劃適用於 亞洲航空 的顧客, 有關更完整信息,",請點擊這裡,.,,,text,false,false,true,false,false,true,true,,,linkrestored,2023-12-08 18:40:27,2026-04-15 00:50:22,,,Listing collection > Service,Travel > Transportation > Air travel,2
預訂 亞洲航空 的便宜機票 - Airpaz,https://www.airpaz.com/zh-tw/airlines/AK-AirAsia,zh-tw,,200,62,17,529014,5,11,16,579,61,https://www.airasia.com/check-in/en/gb,"通過 亞洲航空 官方網站, 乘客可以在線值機. 為此,",請點擊這裡,轉到航空公司的登機頁面. 可以在預定起飛時間 14 天之前完成在線登機.,,,text,false,false,true,false,false,true,true,,,linkrestored,2020-10-24 12:31:51,2026-04-15 00:50:22,,,Listing collection > Service,Travel > Transportation > Air travel,1
預訂 亞洲航空 的便宜機票 - Airpaz,https://www.airpaz.com/zh-tw/airlines/AK-AirAsia,zh-tw,,200,62,17,529014,5,11,16,579,61,https://www.airasia.com/aa/about-us/zh/tw/terms-and-conditions-ak.html,"有關更多信息, 請讀 亞洲航空 的條款和條件,",請點擊這裡,.,,,text,false,false,true,false,false,true,true,,,linkrestored,2020-05-24 05:02:28,2026-04-15 00:50:22,,,Listing collection > Service,Travel > Transportation > Air travel,1
Singapore Changi Terminal 4: Lounges and Terminal Guide,https://www.loungepair.com/guides/singapore-changi-airport-terminal-4-lounges-and-terminal-guide/,en,,200,31,4.9,14923,0,12,16,577,49,https://www.airasia.com/,Home to Cathay Pacific and,AirAsia,", Changi’s Terminal 4 is the smallest and most isolated",,,text,false,true,false,false,false,false,true,,,pagefound,2025-09-26 09:23:05,2026-04-22 09:16:47,,Matt Moffitt,,,2
The 10 Best Budget Carriers for Long-Haul Flights | Condé Nast Traveler,https://www.cntraveler.com/story/best-budget-airlines-for-long-haul-flights-skytrax,en,,200,88,6,1866199,17,20,45,560,34,https://www.airasia.com/en/gb,We found,roundtrip flights,from Kuala Lumpur to Seoul for $214 to Kuala Lumpur,,,text,false,true,true,false,false,true,true,,,pagefound,2024-06-28 09:31:56,2026-04-24 13:36:57,,Rachel Chang,Article > Roundup,Travel > Transportation > Air travel,1
Air Asia Flights - Tickets and Online Bookings | Webjet AU,https://www.webjet.com.au/airlines/air-asia/,en,,200,69,6,577364,2,15,22,557,199,https://www.airasia.com/check-in/en/gb,You can now select seats and print your boarding pass.,Air Asia Online Check-in,at Webjet. Save time at the airport.,,,text,false,false,false,false,false,true,true,,,pagefound,2023-08-30 09:07:44,2026-03-10 05:34:19,,Webjet Australia,Site page > Services,Travel > Transportation > Air travel,1
Air Asia Flights - Tickets and Online Bookings | Webjet AU,https://www.webjet.com.au/airlines/air-asia/,en,,200,69,6,577364,2,15,22,557,199,https://www.airasia.com/aa/appdownload/,,AirAsia Move,,,,text,false,true,false,false,false,true,true,,,linkfound,2024-05-15 04:40:06,2026-03-10 05:34:19,,Webjet Australia,Site page > Services,Travel > Transportation > Air travel,1
Air Asia Flights - Tickets and Online Bookings | Webjet AU,https://www.webjet.com.au/airlines/air-asia/,en,,200,69,6,577364,2,15,22,557,199,https://www.airasia.com/aa/about-us/en/gb/premium-lounge.html,,https://www.airasia.com/aa/about-us/en/gb/premium-lounge.html,,,,text,false,true,false,false,false,true,true,,,linkfound,2024-05-15 04:40:06,2026-03-10 05:34:19,,Webjet Australia,Site page > Services,Travel > Transportation > Air travel,1
2025年版｜国際線 無料受託手荷物許容量 航空会社別一覧表 | 日本橋夢屋,https://www.tokutenryoko.com/news/update/1313,ja,,200,46,4.8,52588,6,91,138,547,52,https://www.airasia.com/aa/inflight-comforts/ja/jp/baggage.html,,タイ・エアアジア（FD）/,Thai AirAsia,,,image,false,true,true,false,false,true,true,,,linkfound,2025-05-23 05:43:09,2026-04-26 02:21:27,,,Article > Comparison,Travel > Transportation > Air travel,1
รู้ไว้กันพลาด!! ขนาดกระเป๋าที่โหลดขึ้นเครื่องพร้อมค่าโหลด 2023,https://th.airportels.asia/thailand-travel/baggage-fees-and-allowance/,th,wordpress,200,43,4.5,14933,0,9,9,540,98,https://www.airasia.com/aa/inflight-comforts/th/th/baggage.html,,6. แอร์เอเชีย (Air Asia),,,,text,false,true,true,false,false,false,true,,,pagefound,2023-12-19 04:57:01,2026-04-16 17:54:29,,,,,1
Kaya Toast Recipe,https://www.seriouseats.com/kaya-toast-recipe-8599165,en,,200,86,6,12371319,30,13,17,539,17,https://www.airasia.com/play/assets/bltbd5dd9a499be44ec/how-malaysias-roti-benggali-got-its-name,made across Southeast Asia. A local white bread called “,roti benggali,",” a tall loaf with a fluffy interior, is commonly",,,text,false,true,false,false,false,false,true,,,pagefound,2024-02-24 08:32:01,2026-04-15 16:57:30,,,Article > Recipe,Food > Recipes > Cuisines,1
Qué ver y hacer en Malasia en 10 días de viaje,https://tusguiasdeviaje.com/que-ver-y-hacer-en-malasia/,es,wordpress,200,12,4.6,30258,0,17,25,530,26,https://www.airasia.com/en/gb,Una buena compañía para volar por el Sudeste Asiático es,Air Asia,", probad ahí.",https://www.airasia.com/,302,text,false,false,true,true,false,false,true,,,linkrestored,2022-07-27 11:34:51,2026-04-22 22:54:47,,,,,2
航空会社詳細（タイエアアジアＸ） | 成田国際空港,https://www.narita-airport.jp/ja/flight/airline-search/tax/,ja,,200,79,0,303742,0,7,9,525,27,http://www.airasia.com/,,http://www.airasia.com,,,,text,false,false,false,false,false,false,true,,,pagefound,2025-02-25 14:53:12,2026-04-25 15:58:51,,,,,6
賽事簡介 | HYROX,https://hyroxtaiwan.com/zh-hant/%E8%B3%BD%E4%BA%8B%E7%B0%A1%E4%BB%8B/,zh-tw,wordpress,200,27,6,12357,79,18,28,515,98,https://www.airasia.com/,,,,,,text,false,false,false,false,false,false,true,removedfromhtml,,linkfound,2025-10-08 03:41:40,2026-04-06 01:25:11,2026-04-08 20:21:58,,Article > Guide,Sports > Individual sports > Walking,6
AirAsia MOVE: Flights & Hotels - Apps on Google Play,https://play.google.com/store/apps/details?id=com.airasia.mobile&hl=en,en,,200,99,5,1281595264,53,2,6,504,190,https://www.airasia.com/en/gb,,publicWebsite,,https://www.airasia.com/,302,text,false,false,false,false,false,true,true,,,linkfound,2025-08-07 04:31:12,2026-02-07 11:34:03,,,Landing > Service,Travel > Travel agencies > Vacation,9
AirAsia MOVE: Flights & Hotels - Apps on Google Play,https://play.google.com/store/apps/details?id=com.airasia.mobile&hl=en,en,,200,99,5,1281595264,53,2,6,504,190,https://www.airasia.com/aa/about-us/en/gb/privacy-statement.html,,shieldPrivacy Policy,,,,text,false,false,false,false,false,true,true,,,linkfound,2025-08-07 04:31:12,2026-02-07 11:34:03,,,Landing > Service,Travel > Travel agencies > Vacation,5
Getting to Koh Tao 2026 — Koh Tao Complete Guide,https://www.kohtaocompleteguide.com/fact/getting-to-koh-tao/,en,wordpress,200,28,8,4014,7,13,21,500,26,https://www.airasia.com/en/gb,"from Bangkok, you can find flights to Chumphon operated by",Air Asia,". Surat Thani provides flight services through Air Asia, Nok",https://www.airasia.com/,302,text,false,true,false,false,false,true,true,,,linkrestored,2019-06-16 08:01:25,2026-04-27 06:06:50,,,Article > Guide,Travel > Transportation > Charters,2
マレーシア旅行🇲🇾✈️ かかった費用｜Lina,https://note.com/lina375/n/n4e8b23fbabca,ja,,200,92,0,33422396,0,8,18,498,7,https://www.airasia.com/ja/jp,,Air Asia,,,,text,false,true,true,false,false,false,true,,,linkfound,2025-08-14 00:21:01,2026-02-14 01:41:31,,,,,1
Thailandia fai da te con itinerari di viaggio | Impiegata Giramondo,https://www.impiegatagiramondo.it/thailandia/,it,wordpress,200,10,15,16634,1,13,20,490,59,https://www.airasia.com/,"primi 2 giorni aBangkok, per poi spostarmi con un volo",AirAsia,(pagato meno di 40 Euro ed individuato sempre tramite SkyScanner,,,text,false,true,true,false,false,false,true,,,pagefound,2018-11-03 10:37:12,2026-04-24 17:13:39,,,Article > How-to,Travel > Guides,2
Guide to Baggage Fees,https://www.airfarewatchdog.com/blog/baggage-fees,en,,200,71,8,19431,33,32,41,488,132,https://www.airasia.com/aa/inflight-comforts/en/gb/baggage.html,,More Info,,,,text,false,true,false,false,false,false,true,,,pagefound,2025-09-03 20:12:02,2026-04-26 10:15:09,,,Article > Guide,Travel > Transportation > Air travel,1
Air Asia Promo Codes - 30% Off (4 Verified) Apr 2026,https://simplycodes.com/store/airasia.com,en,,200,61,0,3486700,2,11,17,474,42,https://www.airasia.com/en/gb,,Shop at Air Asia,,https://www.airasia.com/,302,text,false,true,false,false,false,true,true,,,linkfound,2026-04-01 16:14:48,2026-04-26 22:43:19,,Michael Quoc,Listing collection > Service,Travel > Transportation > Air travel; Shopping,2
點數轉換航空里程/飯店積分,https://www.cathay-cube.com.tw/cathaybk/personal/event/overview/credit-card/bonus/point-exchange/airmiles,zh-tw,,200,50,4.8,529699,16,36,120,461,73,https://www.airasia.com/en/gb,"250點換1,000積分（還不是會員",點此註冊,）,,,text,false,true,false,false,false,true,false,,,linkrestored,2025-01-02 01:10:38,2026-04-25 23:48:20,,,Site page > Services,Travel > Travel agencies > Other; Finance > Lending > Credit cards,1
Thai AirAsia X - Wikipedia,https://en.wikipedia.org/wiki/Thai_AirAsia_X,"th, en",wikis,200,97,5,4182976512,1380,17,47,460,32,https://www.airasia.com/th/en/press-releases/thai-airasia-x-celebrates-inaugural-flight-to-muscat-oman.page,,"""Thai AirAsia X Celebrates Inaugural Flight to Muscat, Oman""",(Press release). AirAsia Group Berhad. 29 June 2016,,,text,false,true,true,false,false,false,true,,,pagefound,2025-07-31 00:24:29,2026-04-18 17:13:44,,,Article > Wiki,Travel > Transportation > Air travel,1
Thai AirAsia X - Wikipedia,https://en.wikipedia.org/wiki/Thai_AirAsia_X,"th, en",wikis,200,97,5,4182976512,1380,17,47,460,32,http://www.airasia.com/th/th/press-releases/aax-thai-airasia-x-to-fly-to-narita-osaka.page,,"""AirAsia X & Thai AirAsia X To Commence Flights To Narita & Osaka From Kuala Lumpur & Bangkok - AirAsia""",.www.airasia.com.,,,text,false,true,true,false,false,false,true,,,pagefound,2025-07-31 00:24:29,2026-04-18 17:13:44,,,Article > Wiki,Travel > Transportation > Air travel,3
Thai AirAsia X - Wikipedia,https://en.wikipedia.org/wiki/Thai_AirAsia_X,"th, en",wikis,200,97,5,4182976512,1380,17,47,460,32,https://www.airasia.com/ot/en/press-releases/airasia-x-now-flies-direct-to-tehran-from-kuala-lumpur-and-bangkok.page,,"""AirAsia X now flies direct to Tehran from Kuala Lumpur and Bangkok!""",(Press release). AirAsia Group Berhad. 14 May 2016,,,text,false,true,true,false,false,false,true,,,pagefound,2025-07-31 00:24:29,2026-04-18 17:13:44,,,Article > Wiki,Travel > Transportation > Air travel,1
AirAsia Premium Flatbed Review: Kuala Lumpur to Sydney - boyeatsworld,https://boyeatsworld.com.au/airasia-premium-flatbed-review-kuala-lumpur-to-sydney/,en,wordpress,200,26,4.7,6986,2,13,21,459,51,https://www.airasia.com/en/gb,Disclosure:Ms Eats World flew as a guest of,AirAsia,"but all flatbed slothing, pistachio latte guzzling and opinions are",https://www.airasia.com/,302,text,false,true,false,false,false,true,true,,,linkrestored,2024-12-10 02:40:28,2026-04-19 16:37:02,,Aleney de Winter,Article > Review,Travel > Transportation > Air travel,2
บัตรเครดิตแอร์เอเชีย ธนาคารกรุงเทพ,https://www.bangkokbank.com/th-TH/Personal/Cards/Credit-Cards/Bangkok-Bank-AirAsia-Credit-Card,th,,200,74,5,679930,595,5,12,452,42,https://www.airasia.com/en/gb,กรุณาตั้งรหัสผ่านใหม่ เมื่อทำการล็อกอินเข้าสู่บัญชีสมาชิกเป็นครั้งแรก ที่ แอปพลิเคชั่น AirAsia MOVE หรือ,www.airasia.com,เพื่อเริ่มสะสมคะแนน AirAsia points,"http://www.airasia.com/, https://www.airasia.com/","301, 302",text,false,true,false,false,false,true,true,,,linkrestored,2022-12-15 12:27:56,2026-04-16 11:59:25,,,Site page > Services,Finance > Lending > Credit cards; Travel > Travel agencies > Other,3
Chiang Mai - Thailand Insider,https://thailandinsider.com/destination/chiang-mai/,en,wordpress,429,45,4.8,11902,13,33,54,446,35,http://www.airasia.com/,EVA Air and,AirAsia,operates direct flights from Taipei to Chiang Mai. From Hong,,,text,false,false,false,false,false,false,true,pageerror,,linkrestored,2020-12-31 21:31:12,2026-04-02 19:14:25,2026-04-13 08:20:13,,,,3
Top 10 Low-Cost Airlines 2024 - Skytrax,https://skytraxratings.com/top-10-low-cost-airlines-2024,en,wordpress,200,65,4.5,60361,6,48,64,444,20,https://www.airasia.com/,,AirAsia,wins the top Award for the World’s Best Low-Cost Airline,,,text,false,true,false,false,false,false,true,,,pagefound,2024-07-24 10:37:32,2026-04-23 11:00:53,,James Plaisted,Listing collection > Business,Travel > Transportation > Air travel,2
XJ607 (TAX607) Thai AirAsia X Flight Tracking and History - FlightAware,https://www.flightaware.com/live/flight/TAX607,en,,200,82,0,31671896,1,10,20,439,2,https://www.airasia.com/us/en/home.page?cid=1,,Thai AirAsia X,,http://www.airasia.com/us/en/home.page?cid=1,301,text,false,false,false,false,false,true,false,,,linkfound,2026-02-21 11:08:40,2026-02-21 11:08:40,,,Site page > Services,Travel > Transportation > Air travel,4
Flughafen Bangkok: Suvarnabhumi International Airport,https://faszination-suedostasien.de/flughafen-bangkok-suvarnabhumi-airport/,de,"ecommerce, wordpress",200,43,6,58682,0,20,70,423,43,http://www.airasia.com/,Folgezeit verlegten viele Billig-Airlines ihre Inlands- und Regionalflüge dorthin (u.a.,Air Asia,).,,,text,false,true,false,false,false,false,true,,,pagefound,2018-12-15 14:20:11,2026-04-24 18:03:25,,,Article > Guide,Travel > Transportation > Air travel,3
QZ535 (AWQ535) Indonesia AirAsia Flight Tracking and History - FlightAware,https://www.flightaware.com/live/flight/AWQ535,en,,200,82,0,31671896,4,10,20,412,4,http://www.airasia.com/us/en/home.page?cid=1,,Indonesia AirAsia,,,,text,false,false,false,false,false,true,false,,,linkrestored,2023-09-18 07:13:00,2026-02-05 04:00:22,,,Site page > Services,Travel > Transportation > Air travel,4
台灣飛馬爾地夫機票與航班攻略｜2026 最新選擇整理 - 馬爾地夫旅遊・杜拜旅遊規劃｜蜜月・自由行・親子・團體客製行程｜屎蛋精排旅遊Stan Travel,https://www.stan-travel.com/2026maldivesairplane/,zh-tw,wordpress,200,4.9,4.9,1192,1,11,15,402,6,https://www.airasia.com/flight/zh/tw/?gad_source=1&gad_campaignid=22931546548&gbraid=0AAAAADutabOHowuoYQJxA4a-jvJ-Jt0In&gclid=Cj0KCQjw8KrFBhDUARIsAMvIApZ1CVvUXO__OQMhJLXc6gSHsDhdYxZjwXI1rwdPWXXe5O79wnCY5y0aAj9WEALw_wcB,,,,,,text,false,false,false,false,false,true,true,,,pagefound,2025-09-22 09:25:39,2026-04-14 15:55:04,,,Article > Guide,Travel > Travel agencies > Vacation,1
"AirAsia - Wikipedia bahasa Indonesia, ensiklopedia bebas",https://id.wikipedia.org/wiki/AirAsia,id,wikis,200,97,7,4182976512,30,23,55,396,57,http://www.airasia.com/docs/common-docs/investor-relations/annual-report-2013.pdf,"""",Annual Report 2013,""" (). AirAsia. Retrieved on 29 August 2014. p. 33/306.",,,text,false,true,true,false,false,false,true,,,pagefound,2022-02-17 08:38:10,2026-03-13 13:13:25,,,Article > Wiki,Travel > Transportation > Air travel,1
List of AirAsia Group destinations - Wikipedia,https://en.wikipedia.org/wiki/List_of_AirAsia_Group_destinations,en,wikis,200,97,10,4182976512,1308,72,259,392,100,https://www.airasia.com/my/en/where-we-fly/flight-schedule.page,"with AirAsia now! | Flight Schedule"" . AirAsia. Archived from",the original,on 4 October 2018,,,text,false,true,true,false,false,false,true,,,pagefound,2021-12-26 19:26:08,2026-04-21 16:21:05,,,Listing collection > Location,Travel > Transportation > Air travel,1
List of AirAsia Group destinations - Wikipedia,https://en.wikipedia.org/wiki/List_of_AirAsia_Group_destinations,en,wikis,200,97,10,4182976512,1308,72,259,392,100,https://www.airasia.com/my/en/press-releases/airasia-grows-its-route-network-into-china.page,"its route network into China | AirAsia"" . Archived from",the original,on 12 November 2016,,,text,false,true,true,false,false,false,true,,,pagefound,2021-12-26 19:26:08,2026-04-21 16:21:05,,,Listing collection > Location,Travel > Transportation > Air travel,1
List of AirAsia Group destinations - Wikipedia,https://en.wikipedia.org/wiki/List_of_AirAsia_Group_destinations,en,wikis,200,97,10,4182976512,1308,72,259,392,100,http://www.airasia.com/th/en/where-we-fly/flight-schedule.page,"| See all available flight times"" . AirAsia. Archived from",the original,on 8 April 2018,,,text,false,true,true,false,false,false,true,,,pagefound,2021-12-26 19:26:08,2026-04-21 16:21:05,,,Listing collection > Location,Travel > Transportation > Air travel,2
List of AirAsia Group destinations - Wikipedia,https://en.wikipedia.org/wiki/List_of_AirAsia_Group_destinations,en,wikis,200,97,10,4182976512,1308,72,259,392,100,https://www.airasia.com/my/ms/press-releases/airasia-adds-new-route-from-johor-bahru-guangzhou.page,"Everyone | Flights, Hotels, Activities & More"" . Archived from",the original,on 15 March 2023,,,text,false,true,true,false,false,false,true,,,pagefound,2021-12-26 19:26:08,2026-04-21 16:21:05,,,Listing collection > Location,Travel > Transportation > Air travel,1
List of AirAsia Group destinations - Wikipedia,https://en.wikipedia.org/wiki/List_of_AirAsia_Group_destinations,en,wikis,200,97,10,4182976512,1308,72,259,392,100,https://www.airasia.com/my/en/latestnews/hakmfmsuspension.page,"- Haikou & Penang - Macau flights"" . Archived from",the original,on 7 March 2011,http://www.airasia.com/my/en/latestnews/hakmfmsuspension.page,301,text,false,true,true,false,false,false,true,,,pagefound,2021-12-26 19:26:08,2026-04-21 16:21:05,,,Listing collection > Location,Travel > Transportation > Air travel,3
List of AirAsia Group destinations - Wikipedia,https://en.wikipedia.org/wiki/List_of_AirAsia_Group_destinations,en,wikis,200,97,10,4182976512,1308,72,259,392,100,https://www.airasia.com/my/en/latestnews/kuldacsuspension.page,"- Dhaka (Bangladesh) flights"" . 4 May 2012. Archived from",the original,on 4 May 2012,http://www.airasia.com/my/en/latestnews/kuldacsuspension.page,301,text,false,true,true,false,false,false,true,,,linkrestored,2021-12-26 19:26:08,2026-04-21 16:21:05,,,Listing collection > Location,Travel > Transportation > Air travel,2
List of AirAsia Group destinations - Wikipedia,https://en.wikipedia.org/wiki/List_of_AirAsia_Group_destinations,en,wikis,200,97,10,4182976512,1308,72,259,392,100,https://www.airasia.com/th/en/press-releases/airasia-introduces-new-daily-direct-flight-bangkok-danang.page,,"""AirAsia Introduces New Daily Direct Flight 'Bangkok-Danang'""",. Airasia.com,http://www.airasia.com/th/en/press-releases/airasia-introduces-new-daily-direct-flight-bangkok-danang.page,301,text,false,true,true,false,false,false,true,,,pagefound,2021-12-26 19:26:08,2026-04-21 16:21:05,,,Listing collection > Location,Travel > Transportation > Air travel,3
List of AirAsia Group destinations - Wikipedia,https://en.wikipedia.org/wiki/List_of_AirAsia_Group_destinations,en,wikis,200,97,10,4182976512,1308,72,259,392,100,https://www.airasia.com/,"to airasia.com...Now Everyone Can Fly..."" 26 May 2008. Archived from",the original,on 26 May 2008,http://www.airasia.com/,301,text,false,true,true,false,false,false,true,,,linkfound,2024-01-14 09:51:19,2026-04-21 16:21:05,,,Listing collection > Location,Travel > Transportation > Air travel,2
List of AirAsia Group destinations - Wikipedia,https://en.wikipedia.org/wiki/List_of_AirAsia_Group_destinations,en,wikis,200,97,10,4182976512,1308,72,259,392,100,http://www.airasia.com/my/en/promotion/rr1860111.page,"from Kuala Lumpur – Balikpapan 3x Weekly"" . Archived from",the original,on 9 December 2010,,,text,false,true,true,false,false,false,true,,,pagefound,2021-12-26 19:26:08,2026-04-21 16:21:05,,,Listing collection > Location,Travel > Transportation > Air travel,2
預訂 泰國亞州航空 的便宜機票 - Airpaz,https://www.airpaz.com/zh-tw/airlines/FD-Thai-AirAsia,zh-tw,,200,62,17,529014,2,11,19,391,23,https://www.airasia.com/check-in/en/gb,通過 泰國亞州航空 / Thai AirAsia 官方網站， 乘客可以在線值機。 為此，,請點擊這裡,轉到航空公司的登機頁面。 可以在預定起飛時間 14 天之前完成在線值機。,,,text,false,false,true,false,false,true,true,,,linkrestored,2022-01-17 14:37:24,2026-04-14 19:36:11,,,Listing collection > Service,Travel > Transportation > Air travel,1
預訂 泰國亞州航空 的便宜機票 - Airpaz,https://www.airpaz.com/zh-tw/airlines/FD-Thai-AirAsia,zh-tw,,200,62,17,529014,2,11,19,391,23,https://www.airasia.com/account,特權計劃適用於 泰國亞州航空 / Thai AirAsia 的顧客， 有關更完整信息，,請點擊這裡,。,https://www.airasia.com/member/,301,text,false,false,true,false,false,true,true,,,linkfound,2023-06-24 00:41:55,2026-04-14 19:36:11,,,Listing collection > Service,Travel > Transportation > Air travel,3
預訂 泰國亞州航空 的便宜機票 - Airpaz,https://www.airpaz.com/zh-tw/airlines/FD-Thai-AirAsia,zh-tw,,200,62,17,529014,2,11,19,391,23,https://www.airasia.com/aa/about-us/zh/tw/terms-and-conditions-fd.html,有關更多信息， 請讀 泰國亞州航空 / Thai AirAsia 的條款和條件，,請點擊這裡,。,,,text,false,false,true,false,false,true,true,,,linkfound,2022-07-14 14:40:30,2026-04-14 19:36:11,,,Listing collection > Service,Travel > Transportation > Air travel,1
預訂 泰國亞州航空 的便宜機票 - Airpaz,https://www.airpaz.com/zh-tw/airlines/FD-Thai-AirAsia,zh-tw,,200,62,17,529014,2,11,19,391,23,https://www.airasia.com/my/en/inflight-comforts/hot-meals.page,根據空房情況， 乘客在飛機上可以訂購飲料以享受飛行中的樂趣。 有關航空公司的飲料和餐食，,請點擊這裡,。,,,text,false,false,true,false,false,true,true,,,linkrestored,2020-10-28 02:43:28,2026-04-14 19:36:11,,,Listing collection > Service,Travel > Transportation > Air travel,3
Major Airlines of the World - Nations Online Project,https://www.nationsonline.org/oneworld/major_airlines.htm,en,,200,77,6,485823,40,84,154,390,77,https://www.airasia.com/en/gb,,AirAsia,,"http://www.airasia.com/, https://www.airasia.com/","301, 302",text,false,true,true,false,false,true,true,,,linkrestored,2019-06-16 09:16:05,2026-04-25 16:12:56,,,Listing collection > Location,Travel > Transportation > Air travel,8
"Cosa vedere a Giava: città, templi, vulcani e mare - Vacanze in Indonesia",https://vacanzeinindonesia.com/giava-cosa-vedere/,it,wordpress,200,4.8,7,7165,3,15,27,388,35,https://www.airasia.com/en/gb,,Air Asia,,https://www.airasia.com/,302,text,false,false,false,false,false,false,true,,,linkrestored,2020-08-19 08:27:22,2026-01-04 22:30:57,,,Article > Guide,Travel > Tourist destinations > Buildings,4
吉隆坡国际机场 - 维基百科，自由的百科全书,https://zh.wikipedia.org/wiki/%E5%90%89%E9%9A%86%E5%9D%A1%E5%9B%BD%E9%99%85%E6%9C%BA%E5%9C%BA,zh-cn,wikis,200,97,4.9,4182976512,33,42,91,385,10,https://www.airasia.com/en/gb,. （,原始内容,存档于2019-10-21）.,"https://www.airasia.com/my/zh/press-releases/airasia-grows-its-route-network-into-china.page, https://www.airasia.com/en/home.page","301, 301",text,false,false,true,false,false,false,true,,,pagefound,2022-08-12 12:13:22,2026-04-13 02:15:29,,,Article > Wiki,Travel > Transportation > Air travel,3
Cosa vedere a Bangkok in 4 giorni: guida di viaggio fai da te,https://thejaunter.com/bangkok-cosa-vedere-nella-capitale-thailandese/,it,wordpress,200,2.6,5,2512,1,7,8,382,19,https://www.airasia.com/en/gb,come i numerosivoli internieffettuati dalle variecompagnie aeree low cost( vedi,Air Asia,", ad esempio).",,,text,false,true,false,false,false,false,true,,,linkrestored,2021-02-15 18:16:23,2026-04-22 23:06:43,,,Article > Guide,Travel > Tourist destinations > Buildings,1
Visit Southeast Asia | Travel Info for the Southeast Asia Region,https://www.visitsoutheastasia.travel/,en,wordpress,200,44,24,2326,267,8,26,374,90,https://www.airasia.com/travel-guide/,,Explore,,,,text,false,false,false,false,false,false,true,,,linkfound,2025-08-08 04:36:39,2026-04-16 08:43:00,,,Article > Roundup,Travel > Tourist destinations > Islands,1
AirAsia MOVE: เที่ยวบิน&โรงแรม - แอปพลิเคชันใน Google Play,https://play.google.com/store/apps/details?id=com.airasia.mobile&hl=th,th,,200,99,4.5,1281595264,1,2,6,359,102,https://www.airasia.com/,,publicเว็บไซต์,,,,text,false,false,false,false,false,true,true,,,linkfound,2025-08-07 13:58:10,2026-02-08 20:14:51,,,Site page > Services,Travel > Travel agencies > Vacation,2
"How to get to Koh Lipe, Thailand in 2025 | The Midnight Blue Elephant",https://www.midnightblueelephant.com/how-to-get-to-koh-lipe/,en,wordpress,200,34,4.5,182198,1,13,21,359,24,https://www.airasia.com/en/gb,,Book a ticket from Bangkok to Koh Lipe with Air Asia,,"http://airasia.com/, https://airasia.com/, https://www.airasia.com/","301, 301, 302",text,false,false,true,false,false,false,true,,,linkrestored,2025-09-29 01:00:17,2026-04-16 23:15:03,,,Article > How-to,Travel > Tourist destinations > Islands,2
AirAsia MOVE: เที่ยวบิน&โรงแรม - แอปพลิเคชันใน Google Play,https://play.google.com/store/apps/details?id=com.airasia.mobile&hl=th,th,,200,99,4.5,1281595264,1,2,6,359,102,https://www.airasia.com/aa/about-us/en/gb/privacy-statement.html,,shieldนโยบายความเป็นส่วนตัว,,,,text,false,false,false,false,false,true,true,,,linkfound,2025-08-07 13:58:10,2026-02-08 20:14:51,,,Site page > Services,Travel > Travel agencies > Vacation,1
AirAsia X is certified as a 3-Star Low-Cost Airline | Skytrax,https://skytraxratings.com/airlines/airasia-x-rating,en,wordpress,200,65,4.5,60361,1,6,7,357,10,https://www.airasia.com/en/gb,,AirAsia X,is Certified as a 3-Star Low-Cost Airline for the quality,https://www.airasia.com/,302,text,false,true,false,false,false,false,true,,,linkrestored,2020-12-10 14:05:09,2026-04-20 07:33:32,,,Article > News,Travel > Transportation > Air travel,2
Bukit Jalil National Stadium Concert Guide: Tips for a Smooth Experience — Travelynne,https://www.travelynne.ca/blog/kl-concerts-bukit-jalil-national-stadium,en,,200,25,4.7,8984,0,10,16,356,66,https://www.airasia.com/ride/,"Grab (most popular), InDrive , and",AirAsia Ride,". If you're struggling to get a car, try selecting",,,text,false,true,false,false,false,false,true,,,linkrestored,2025-02-26 06:01:41,2026-04-26 13:48:47,,Lynne Lessard,,,1
タイ・エアアジアの格安航空券を予約 - Airpaz,https://www.airpaz.com/ja/airlines/FD-Thai-AirAsia,ja,,200,62,18,529014,0,11,19,352,14,https://www.airasia.com/account/,特典プログラムは タイ・エアアジア の忠実な顧客にご利用できます.ご詳細については、,こちらでアクセスできます,.,"https://www.airasia.com/member/, https://www.airasia.com/account","301, 308",text,false,false,true,false,false,false,true,,,linkfound,2023-06-13 15:51:37,2026-04-15 09:04:42,,,,,3
タイ・エアアジアの格安航空券を予約 - Airpaz,https://www.airpaz.com/ja/airlines/FD-Thai-AirAsia,ja,,200,62,18,529014,0,11,19,352,14,https://www.airasia.com/aa/about-us/ja/jp/terms-and-conditions-fd.html,タイ・エアアジア では予定変更が許可されます. タイ・エアアジア のフライトチケットと運賃規則について、,こちらでクリックしてください,. 免責事項: 飛行運賃、保険、フライト遅延などに関するポリシーは、事前の通知なしに変更される場合があります.このため、客様は最初に タイ・エアアジア の運賃規則ページを確認するか、ポリシーの変更の更新について知りたい場合は タイ・エアアジア に連絡できます.,,,text,false,false,true,false,false,false,true,,,linkfound,2022-07-16 05:38:42,2026-04-15 09:04:42,,,,,1
タイ・エアアジアの格安航空券を予約 - Airpaz,https://www.airpaz.com/ja/airlines/FD-Thai-AirAsia,ja,,200,62,18,529014,0,11,19,352,14,https://www.airasia.com/check-in/en/gb,お客様が タイ・エアアジア の公式ウェブサイトを通じてオンラインでチェックインできます.そのために、,ここ,をクリックして航空会社のチェックインページに移動されます.Webチェックインページは出発予定時刻の 14 日前に行うことができます.,,,text,false,false,true,false,false,false,true,,,linkrestored,2022-01-17 00:10:35,2026-04-15 09:04:42,,,,,1
タイ・エアアジアの格安航空券を予約 - Airpaz,https://www.airpaz.com/ja/airlines/FD-Thai-AirAsia,ja,,200,62,18,529014,0,11,19,352,14,https://www.airasia.com/my/en/inflight-comforts/hot-meals.page,お客様は空室状況に応じて、機内で楽しめる食事を注文できます.航空会社のお食事とお飲み物のメニューについては,ここでクリックしてください,.,,,text,false,false,true,false,false,false,true,,,linkrestored,2021-07-22 10:52:44,2026-04-15 09:04:42,,,,,3
Exploring Langkawi’s Food Culture,https://destinasian.com/editorial/langkawi-malaysia-food-culture,en,,200,60,4.6,3624,1,13,16,351,22,https://www.airasia.com/,daily flights to and from Kuala Lumpur. Both Scoot and,AirAsia,fly to the island from Singapore.,,,text,false,true,false,false,false,true,false,,,linkrestored,2025-10-10 09:32:14,2026-04-06 01:03:10,,,Article > Story,Food > Recipes > Cuisines; Travel > Tourist destinations > Islands,2
Tiket Pesawat AirAsia Murah dengan Harga Promo - Airpaz,https://www.airpaz.com/id/airlines/AK-AirAsia,id,,200,62,25,529014,3,11,18,348,69,https://www.airasia.com/check-in/en/gb,untuk penumpang melalui laman check-in di situs resmi AirAsia di,sini.,Penumpang bisa mulai check in sejak 14 hari hingga 1,,,text,false,false,true,false,false,true,true,,,linkfound,2022-03-17 02:25:43,2026-03-22 01:29:41,,,Site page > Services,Travel > Transportation > Air travel,1
Tiket Pesawat AirAsia Murah dengan Harga Promo - Airpaz,https://www.airpaz.com/id/airlines/AK-AirAsia,id,,200,62,25,529014,3,11,18,348,69,https://www.airasia.com/aa/about-us/id/id/fees-and-charges.html,"Untuk melihat daftar lengkap biaya bagasi tambahan, silakan klik di",di sini.,,,,text,false,false,true,false,false,true,true,,,linkfound,2023-12-03 14:28:33,2026-03-22 01:29:41,,,Site page > Services,Travel > Transportation > Air travel,1
Tiket Pesawat AirAsia Murah dengan Harga Promo - Airpaz,https://www.airpaz.com/id/airlines/AK-AirAsia,id,,200,62,25,529014,3,11,18,348,69,https://www.airasia.com/online-read/inflight-menu/ak-flight.pdf,"Untuk menu makanan di AirAsia Malaysia, Anda bisa mengaksesnya di",sini,.,,,text,false,false,true,false,false,true,true,,,linkrestored,2019-09-22 21:27:19,2026-03-22 01:29:41,,,Site page > Services,Travel > Transportation > Air travel,1
Tiket Pesawat AirAsia Murah dengan Harga Promo - Airpaz,https://www.airpaz.com/id/airlines/AK-AirAsia,id,,200,62,25,529014,3,11,18,348,69,https://www.airasia.com/aa/about-us/id/id/terms-and-conditions-ak.html,"Ketentuan penerbangan dengan maskapai AirAsia (AK), Anda bisa klik di",di sini.,,,,text,false,false,true,false,false,true,true,,,linkrestored,2020-08-11 08:07:54,2026-03-22 01:29:41,,,Site page > Services,Travel > Transportation > Air travel,1
Tiket Pesawat AirAsia Murah dengan Harga Promo - Airpaz,https://www.airpaz.com/id/airlines/AK-AirAsia,id,,200,62,25,529014,3,11,18,348,69,https://www.airasia.com/rewards/en/gb,"disediakan oleh maskapai AirAsia. Untuk informasi lebih lanjut, dapat dilihat",disini,.,,,text,false,false,true,false,false,true,true,,,linkfound,2023-12-03 14:28:33,2026-03-22 01:29:41,,,Site page > Services,Travel > Transportation > Air travel,2
WEEFER | Customer & Employee Experience Software,https://www.weefer.co.id/id/,id,wordpress,200,35,15,20722,2,36,52,341,3,https://www.airasia.com/,,logo-air-asia-48,,,,image,false,true,false,false,false,false,true,,,linkrestored,2024-02-06 18:12:48,2026-04-24 17:06:11,,,Site page > Services,Business > Business services > Consulting; Computers and electronics > Software > Business,4
Book Cheap Indonesia AirAsia Flight Tickets & Deals - Airpaz,https://www.airpaz.com/en/airlines/QZ-Indonesia-AirAsia,en,,200,62,38,529014,2,11,17,337,13,https://www.airasia.com/aa/inflight-comforts/en/gb/hot-meals.html,"to the availability. For the airline's beverages and meals menu,",click here,.,,,text,false,false,true,false,false,true,true,,,linkrestored,2021-07-17 18:03:25,2026-03-10 19:17:18,,,Listing collection > Service,Travel > Transportation > Air travel,3
Book Cheap Indonesia AirAsia Flight Tickets & Deals - Airpaz,https://www.airpaz.com/en/airlines/QZ-Indonesia-AirAsia,en,,200,62,38,529014,2,11,17,337,13,https://www.airasia.com/rewards/earn-freedom-flyer/en/gb,"Indonesia AirAsia, and more information on it can be read",here,.,,,text,false,false,true,false,false,true,true,,,linkrestored,2023-07-31 12:51:06,2026-03-10 19:17:18,,,Listing collection > Service,Travel > Transportation > Air travel,9
Book Cheap Indonesia AirAsia Flight Tickets & Deals - Airpaz,https://www.airpaz.com/en/airlines/QZ-Indonesia-AirAsia,en,,200,62,38,529014,2,11,17,337,13,https://www.airasia.com/aa/about-us/en/gb/terms-and-conditions-qz.html,"For the complete Terms and Conditions of Indonesia AirAsia,",click here,.,,,text,false,false,true,false,false,true,true,,,linkrestored,2021-07-17 18:03:25,2026-03-10 19:17:18,,,Listing collection > Service,Travel > Transportation > Air travel,7
Book Cheap Indonesia AirAsia Flight Tickets & Deals - Airpaz,https://www.airpaz.com/en/airlines/QZ-Indonesia-AirAsia,en,,200,62,38,529014,2,11,17,337,13,https://www.airasia.com/check-in/en/gb,"the official website of Indonesia AirAsia. To do so, click",here,to go to the airline’s check-in page. Web check-in page,,,text,false,false,true,false,false,true,true,,,linkrestored,2021-07-17 18:03:25,2026-03-10 19:17:18,,,Listing collection > Service,Travel > Transportation > Air travel,3
"How to get to Lombok | Fast Boats, Flights and Private Transfers",https://www.thelomboklodge.com/how-to-get-to-lombok/,en,wordpress,200,27,10,2616,3,27,41,337,28,http://www.airasia.com/,,www.airasia.com,,,,text,false,false,false,false,false,true,true,,,pagefound,2019-02-05 05:21:37,2026-04-26 14:30:06,,,Listing collection > Location,Travel > Transportation > Charters,1
"How to get to Lombok | Fast Boats, Flights and Private Transfers",https://www.thelomboklodge.com/how-to-get-to-lombok/,en,wordpress,200,27,10,2616,3,27,41,337,28,https://www.airasia.com/,such as Lion Air ( www.lionair.co.id ) and Airasia (,https://www.airasia.com,),,,text,false,true,false,false,false,true,true,,,linkrestored,2019-02-05 05:21:37,2026-04-26 14:30:06,,,Listing collection > Location,Travel > Transportation > Charters,2
Indonesien Reisen: Tipps für deine Reise nach Indonesien - Indojunkie,https://indojunkie.com/indonesien-reisen/,de,"ecommerce, wordpress",200,47,14,27323,9,36,66,336,25,https://www.airasia.com/en/gb,Die malaysischeBilligfluggesellschaft,Air Asia,"eignet sich gut für einen Visa-Run nach Singapur , Bangkok oder","http://www.airasia.com/, https://www.airasia.com/","301, 302",text,false,true,false,false,false,false,true,,,linkrestored,2019-06-15 19:47:04,2026-04-27 05:01:00,,,Article > Guide,Travel > Guides,3
Travelling | Allergy UK | National Charity,https://www.allergyuk.org/support-for-you/living-with-an-allergy/traveling/,en,wordpress,429,77,0,128289,8,49,76,330,12,https://www.airasia.com/en/gb,,Air Asia,,https://www.airasia.com/au/en/at-the-airport/guests-with-medical-condition.page,302,text,false,true,false,false,false,false,true,pageerror,,linkrestored,2026-03-21 03:05:29,2026-04-22 13:10:14,2026-04-25 17:44:46,,,,2
เกาะพะงัน เรื่องน่ารู้ก่อนเดินทางไปเที่ยวเกาะพะงัน สุราษฎร์ธานี,https://travel.kapook.com/view255138.html,th,,200,77,4.8,7961508,2,17,29,329,15,https://www.airasia.com/th/th,- ไทยแอร์เอเชีย โทรศัพท์ 0 2515 9999 หรือ,www.airasia.com,,,,text,false,true,true,false,false,true,true,,,linkrestored,2022-05-06 00:40:50,2025-12-20 21:24:43,,เม,Article > Roundup,Travel > Tourist destinations > Islands,1
"Sex Holiday in Thailand - Planning, Advice & Costs | Thailand Redcat",https://www.thailandredcat.com/sex-holiday-in-thailand/,en,wordpress,200,20,4.5,42748,291,6,29,327,60,https://www.airasia.com/en/gb,"couple ofdomestic flightsthat are quite cheap, especially when flying with",AirAsia,(like I just checked the fare for a Bangkok-Phuket trip,https://www.airasia.com/,302,text,false,true,false,false,false,true,true,,,linkrestored,2023-11-07 18:28:13,2026-04-26 15:26:42,,,Article > How-to,Travel > Specialty travel > Romantic getaways; Adult; Society > Relationships > Romance,2
エアアジア - Wikipedia,https://ja.wikipedia.org/wiki/%E3%82%A8%E3%82%A2%E3%82%A2%E3%82%B8%E3%82%A2,ja,wikis,200,97,5,4182976512,36,59,121,320,30,https://www.airasia.com/--/online-delivery-santan/en/gb,,santan,- フードデリバリー,,,text,false,true,true,false,false,false,true,,,linkfound,2022-11-12 10:43:02,2026-04-04 13:45:20,,,Article > Wiki,Travel > Transportation > Air travel,1
エアアジア - Wikipedia,https://ja.wikipedia.org/wiki/%E3%82%A8%E3%82%A2%E3%82%A2%E3%82%B8%E3%82%A2,ja,wikis,200,97,5,4182976512,36,59,121,320,30,https://www.airasia.com/aa/appdownload/ja/jp/,,AirAsia MOVE,- スマートフォン向けアプリ,,,text,false,true,true,false,false,false,true,,,linkfound,2022-11-12 10:43:02,2026-04-04 13:45:20,,,Article > Wiki,Travel > Transportation > Air travel,1
エアアジア - Wikipedia,https://ja.wikipedia.org/wiki/%E3%82%A8%E3%82%A2%E3%82%A2%E3%82%B8%E3%82%A2,ja,wikis,200,97,5,4182976512,36,59,121,320,30,http://www.airasia.com/aa/food-dine-in/my,,Grocer,,https://www.airasia.com/food/my/en,301,text,false,true,true,false,false,false,true,,,linkfound,2023-10-22 12:57:04,2026-04-04 13:45:20,,,Article > Wiki,Travel > Transportation > Air travel,6
エアアジア - Wikipedia,https://ja.wikipedia.org/wiki/%E3%82%A8%E3%82%A2%E3%82%A2%E3%82%B8%E3%82%A2,ja,wikis,200,97,5,4182976512,36,59,121,320,30,https://www.airasia.com/my/en/latestnews/fuelsurcharge.html,,AirAsia to introduce fuel surcharge on 3 May,,http://www.airasia.com/my/en/latestnews/fuelsurcharge.html,301,text,false,true,true,false,false,false,true,,,pagefound,2020-06-09 12:12:57,2026-04-04 13:45:20,,,Article > Wiki,Travel > Transportation > Air travel,3
エアアジア - Wikipedia,https://ja.wikipedia.org/wiki/%E3%82%A8%E3%82%A2%E3%82%A2%E3%82%B8%E3%82%A2,ja,wikis,200,97,5,4182976512,36,59,121,320,30,https://www.airasia.com/jp/ja/book-with-us/no-fuel-surcharge-faq.page,,燃油サーチャージなし－よくある質問,- AirAsia,http://www.airasia.com/jp/ja/book-with-us/no-fuel-surcharge-faq.page,301,text,false,true,true,false,false,false,true,,,linkrestored,2020-06-09 12:12:57,2026-04-04 13:45:20,,,Article > Wiki,Travel > Transportation > Air travel,3
How To Get To Koh Phangan from Bangkok (2026) // Travel Mermaid,https://travelmermaid.com/travel/how-to-get-to-koh-phangan-from-bangkok/,en,wordpress,200,11,0,91019,0,13,23,309,20,https://www.airasia.com/en/gb,"here. Having gone with all of them before, I’d recommend",Air Asia,". They’re probably the best budget carrier in the region,",https://www.airasia.com/en,302,text,false,true,true,false,false,false,true,,,pagefound,2026-02-11 20:44:43,2026-04-17 23:38:23,,Travel Mermaid,,,2
¿Planeando un viaje al Sudeste Asiático? Empezá por acá...,https://marcandoelpolo.com/consejos-para-viajar-sudeste-asiatico-mochilero/,es,wordpress,200,29,8,18028,2,16,38,303,25,https://www.airasia.com/ot/en/home.page,"son tan costos, ya que hay aerolíneas low cost como",https://www.airasia.com/ot/en/home.page,". De todas maneras, siguen siendo bastante más caro en",,,text,false,false,true,true,false,false,true,removedfromhtml,,linkrestored,2022-07-17 16:56:43,2025-12-11 06:50:49,2026-04-02 19:47:07,,Article > Guide,Travel > Guides,1
Airline Information,https://suvarnabhumi.airportthai.co.th/service/airport-guide/detail/Airlineinfoupdate,,,200,73,4.8,154206,2,124,195,299,35,https://www.airasia.com/en/gb,,THAI AIR ASIA,,https://www.airasia.com/,302,text,false,true,false,false,false,true,true,,,linkrestored,2024-11-17 05:39:25,2026-04-14 21:48:18,,,Site page > Services,Travel > Transportation > Air travel,2
ハワイの空港 - ハワイ州観光局 | Go Hawaii,https://www.gohawaii.jp/ja/trip-planning/interisland-travel,ja,,200,58,11,10171,415,26,59,293,38,https://www.airasia.com/jp/ja/home.page,-,エアアジアX,,,,text,false,true,false,false,false,false,true,,,pagefound,2022-07-12 08:02:43,2026-04-27 04:05:11,,,Site page > Services,Travel > Transportation > Air travel,2
Airline Industry: All You Need to Know About The Airline Sector!,https://www.revfine.com/airline-industry/,en,wordpress,200,65,6,18879,25,132,209,289,36,https://www.airasia.com/en/gb?cid=1,,Air Asia,,,,text,false,false,false,false,false,true,true,,,linkrestored,2020-11-17 15:30:16,2026-04-24 18:22:50,,Martijn Barten,Article > Guide,Travel > Transportation > Air travel; Business > Defense > Aviation industry,2
Up-to-date AirAsia (AK) fleet seat maps,https://seatmaps.com/airlines/ak-airasia/,en,,200,74,8,559647,2,1,5,284,33,https://www.airasia.com/aa/inflight-comforts/en/gb/baggage.html,,AirAsia Baggage rules arrow,,,,image,false,true,false,false,false,false,true,,,linkfound,2024-11-16 01:13:40,2026-04-05 14:22:48,,,Listing collection > Location,Travel > Transportation > Air travel,1
タイ行きの航空便 | 【公式】タイ国政府観光庁,https://www.thailandtravel.or.jp/about/airlines/,ja,wordpress,200,71,17,245736,8,23,35,280,56,https://www.airasia.com/ja/jp,HP：,https://www.airasia.com/ja/jp,,,,text,false,true,false,false,false,true,true,,,linkrestored,2022-10-14 02:21:23,2026-04-26 06:10:57,,タイ国政府観光庁,Site page > Services,Travel > Transportation > Air travel,2
The Symbols of Diwali – Rosebazaar India,https://hoovufresh.com/blogs/blog/the-symbols-of-diwali,en,,200,35,0,3451,0,7,8,277,11,https://www.airasia.com/play/assets/blt5371b4cd33bcf656/the-symbols-of-deepavali-the-indian-festival-of-lights,Source:,https://www.airasia.com/play/assets/blt5371b4cd33bcf656/the-symbols-of-deepavali-the-indian-festival-of-lights,,,,text,false,true,false,false,false,false,true,,,pagefound,2022-10-07 06:36:08,2026-04-16 08:20:16,,Rhea Karuturi,,,1
How to get to Ko Samet: Slow boats & speedboats + buses from Bangkok,https://www.travelfish.org/transport/thailand/eastern_thailand/rayong/ko_samet/all,en,,200,65,5,48424,2,14,20,275,16,https://www.airasia.com/,"more commonly kown as U-Tapao International Airport, is serviced by",AirAsia,", Bangkok Airways , and Thai Lion Air along with",,,text,false,true,false,false,false,false,true,,,linkfound,2025-12-29 20:48:55,2026-04-09 17:01:30,,David Luekens,Article > How-to,Travel > Transportation > Charters,4
Travelling with serious allergies | Anaphylaxis UK | Anaphylaxis UK,https://www.anaphylaxis.org.uk/living-with-serious-allergies/travelling-with-serious-allergies/,en,"ecommerce, wordpress",200,72,5,58803,28,50,64,273,24,https://www.airasia.com/aa/inflight-comforts/en/gb/hot-meals.html,,Allergy policy,,,,text,false,false,false,false,false,true,true,,,linkfound,2026-03-28 06:33:47,2026-04-27 05:39:15,,,Article > How-to,Travel > Specialty travel > Medical tourism; Health > Health conditions > Allergies > Environmental allergies,1
Best Islands in Thailand: Lesser-known Islands in Southern Thailand,https://live-less-ordinary.com/best-islands-in-thailand-lesser-known/,en,wordpress,200,29,4.7,156243,1,17,25,271,42,https://www.airasia.com/,"where Air Asia, for example, now include island transfers on their tickets (",island connections here,"). So expect lots of white sands, blue skies and",,,text,false,true,false,false,false,true,true,,,pagefound,2026-01-23 11:02:52,2026-04-19 15:43:47,,,Article > Roundup,Travel > Tourist destinations > Islands,2
ขนาดกระเป๋าถือขึ้นเครื่อง กี่นิ้ว กี่กิโล ? เช็กสายการบินยอดฮิต 2569,https://travel.kapook.com/view299247.html,th,,200,77,0,7961508,0,19,23,269,45,https://www.airasia.com/aa/inflight-comforts/th/th/baggage.html,ดูข้อมูลเพิ่มเติมได้ที่เว็บไซต์,airasia.com,,,,text,false,true,true,false,false,false,true,,,linkfound,2026-03-06 01:44:24,2026-04-08 17:47:27,,หน,,,1
Юг Таиланда: Андаманское море - самостоятельно | loveYouPlanet,https://loveyouplanet.com/tailand/yug-tailanda-andamanskoe-more/,ru,wordpress,202,8,7,8701,0,11,17,267,20,http://www.airasia.com/,Бюджетные авиакомпании Таиланда,Air Asia,"и Nok Air соединяют регион с Бангкоком, Чианг Маем и",,,text,false,true,true,false,false,false,true,noindex,,linkrestored,2019-01-30 04:40:32,2026-04-15 04:37:13,2026-04-19 19:48:43,,,,3
「 澳洲機票 」怎麼買不吃虧？「 澳洲便宜機票 」秘密大公開,https://dcomeabroad.com/australia/aus-airlineticket/,zh-tw,wordpress,200,15,5,10392,0,15,24,266,9,https://www.airasia.com/zh/tw?gclid=Cj0KCQjw_r3nBRDxARIsAJljleGAfD5P2ktpwl-3RlGpqprmTZgxmwvrV7iLk7372f3LxoQqkBbN8WYaAnB5EALw_wcB&gclsrc=aw.ds,,亞洲航空,,,,text,false,true,false,false,false,false,true,,,linkrestored,2023-03-15 01:23:12,2026-04-24 17:58:26,,,,,1
"Filipiny (język, bezpieczeństwo, turystyka, ludność, mapa) | Kompas Travel",https://www.kompas.travel.pl/kraje/filipiny/,pl,wordpress,200,2.5,7,1945,2,7,10,255,15,https://www.airasia.com/,kraju jak Filipiny są też połączenia lotnicze. Ja polecam AirAsia,https://www.airasia.com/,", oraz Cebu Pacific",,,text,false,false,false,false,false,true,true,,,pagefound,2023-07-17 07:08:56,2026-04-13 19:58:53,,,Article > Guide,Travel > Tourist destinations > Islands,2
Malaysia Truly Asia - Visit Malaysia 2026,https://www.malaysia.travel/page/visit-malaysia-2026,en,,200,71,17,66111,185,234,310,253,8,https://www.airasia.com/en/gb,,AirAsia Aviation Group Limited,,,,text,false,false,false,false,false,false,true,,,linkfound,2026-01-15 19:41:13,2026-04-26 23:57:59,,,Site page > Services,Travel > Tourist destinations > Islands,1
ไปญี่ปุ่น สายการบินไหนดี บริการทุกระดับประทับใจ ไปกับ 9 สายการบินคุณภาพ - Mushroom Travel,https://www.mushroomtravel.com/page/how-to-choose-airplane-to-japan/,"th, en",wordpress,200,47,4.6,422028,0,23,54,251,37,https://www.airasia.com/,,www.airasia.com,,http://www.airasia.com/,301,text,false,true,false,false,false,false,true,,,linkrestored,2018-04-24 20:52:42,2026-04-21 08:29:47,,Mushroom Travel,,,3
Malapascua Island Cebu Travel Guide: Swim with Thresher Sharks | Guide to the Philippines,https://guidetothephilippines.ph/articles/ultimate-guides/malapascua-island-cebu-travel-guide,en,,200,60,6,80833,15,14,19,247,21,https://www.airasia.com/en/gb,"Cebu daily. Cebu Pacific has 11 nonstop, daily flights while",AirAsia,has 9 and Cebgo has 4.,,,text,false,true,true,false,false,true,true,,,linkfound,2019-08-22 01:09:57,2026-04-25 03:02:35,,Gem Muzones,Article > Guide,Travel > Tourist destinations > Islands,1
航空会社一覧 | フライト | 羽田空港旅客ターミナル,https://tokyo-haneda.com/flight/company_list.html,ja,,200,77,14,460522,12,65,96,246,30,https://www.airasia.com/ja/jp,,エアアジアＸ,,,,image,false,true,false,false,false,true,false,,,linkrestored,2022-06-13 11:07:02,2026-04-17 21:15:16,,,Listing collection > Business,Travel > Transportation > Air travel,4
Claim Flight Cancellation Refund - Yatra.com,https://www.yatra.com/online/claim-your-refund,en,,200,74,4.5,1338763,2,15,20,246,63,https://www.airasia.com/en/gb,Air asia:,https://www.airasia.co.in/content/air-asia/en/home,and claim via TIA CHAT,"https://www.airasia.co.in/content/air-asia/en/home, https://www.airasia.com/","301, 302",text,false,false,false,false,false,true,true,,,linkrestored,2023-11-20 04:07:42,2026-04-12 06:17:16,,,Site page > Services,Travel > Travel agencies > Other,2
"Arcipelago di Komodo: draghi, spiagge e incantevoli paesaggi",https://vacanzeinindonesia.com/indonesia-mare/arcipelago-di-komodo/,it,wordpress,200,4.8,7,7165,1,8,10,245,39,https://www.airasia.com/en/gb,"compagnie aeree che effettuano i collegamenti domestici, consigliamo Garuda e",Air Asia,". Puoi scegliere anche tra Lion Air , Batik e",,,text,false,false,false,false,false,false,true,,,pagefound,2020-10-16 20:42:22,2025-12-06 09:30:26,,,Article > Guide,Travel > Tourist destinations > Islands,1
"Kuala Lumpur, Malaysia | DIY Travel Guide for first-timers — King Tolentino",https://www.kingtolentino.com/blog/kuala-lumpur-diy-travel-guide,en,,200,6,4.8,59444,2,16,24,245,31,https://www.airasia.com/en/gb,a direct flight. But we opted to go with,AirAsia,due to the price and flight schedule. Travel time from,,,text,false,true,false,false,false,true,true,,,linkrestored,2021-04-05 02:49:07,2026-04-24 12:10:04,,King Tolentino,Article > Guide,Travel > Guides,1
How to get in to Pulau Redang | GO VISIT REDANG,https://www.govisitredang.com/how-to-get-in-to-pulau-redang/,en,wordpress,200,12,7,1117,1,34,62,242,37,https://www.airasia.com/,"Kuala Terengganu are operated by Malaysia Airlines , Firefly and",AirAsia,. The duration of a flight on either Malaysia Airlines,http://www.airasia.com/,301,text,false,true,false,false,false,false,true,,,linkrestored,2022-12-28 13:15:57,2026-04-14 05:13:35,,,Article > How-to,Travel > Tourist destinations > Islands,3
Der perfekte Trip - Borneo,https://www.lonelyplanet.de/magazin/reportagen/asien/borneo-malaysia-asien.html,de,,200,55,4.7,58313,0,11,23,241,12,https://www.airasia.com/en/gb,"via Dubai nach Kuala Lumpur, weiter mit Air Asia (",airasia.com,).,"http://airasia.com/, https://airasia.com/, https://www.airasia.com/","301, 301, 302",text,false,true,false,false,false,false,true,,,linkrestored,2022-03-08 03:13:08,2026-04-22 07:09:09,,,,,2
Länder-Info für Thailand ✔️ | ÖAMTC,https://www.oeamtc.at/laenderinfo/thailand/,de,,200,79,6,473265,3,54,81,237,29,https://www.airasia.com/en/gb,"Thai Lion Air (SL) , Nok Air (DD) und",Thai AirAsia (FD),bieten von Bangkok aus günstige Inlandsflüge zu einer Vielzahl thailändischer,https://www.airasia.com/,302,text,false,true,false,false,false,true,true,,,linkrestored,2020-02-14 19:00:37,2026-04-26 04:43:25,,,Article > Guide,Travel > Guides,2
Ilha de Koh Lanta na Tailândia: guia completo por uma das melhores ilhas tailandesas,https://www.mondayfeelings.com/pt-br/ko-lanta-ilha-tailandesa-que-voce-tem-que-conhecer/,pt,"ecommerce, wordpress",200,25,4.6,9195,1,23,36,233,3,https://www.airasia.com/booking/home/,"voos internos naTailândia, você também pode utilizar os site da",AirAsia,"e da Nok Air , duas cias low-cost que operam",,,text,false,true,true,false,false,true,true,,,pagefound,2022-09-13 23:25:02,2026-02-15 18:21:45,,,Article > Guide,Travel > Tourist destinations > Islands,2
Live Philippines AirAsia Flight Status - FlightAware,https://www.flightaware.com/live/fleet/APG,en,,200,82,9,31671896,0,9,17,219,94,https://www.airasia.com/us/en/home.page?cid=1,Website:,http://www.airasia.com/us/en/home.page?cid=1,,http://www.airasia.com/us/en/home.page?cid=1,301,text,false,true,false,false,false,false,true,,,pagefound,2023-09-01 04:27:00,2026-01-03 18:47:19,,,,,12
【泰國自由行】交通住宿行程全搞定！「泰國馬爾地夫」麗貝島四天三夜攻略 - Klook 客路部落格,https://www.klook.com/zh-TW/blog/trend-tip-kohlipe-4-day-trip-thailand/,zh-tw,,200,85,4.5,6689440,2,14,26,217,5,https://www.airasia.com/en/gb,如同前面提到的，麗貝島位於泰國南部，最近的機場是合艾機場，而要到合艾機場，最快的方式就是搭飛機，包括了泰國亞洲航空、泰國獅子航空等都有提供廊曼往返合艾的航班，航程約1個小時，而除了到廊曼機場搭國內線之外，現在也有從台灣飛至廊曼，再直接轉機到合艾的方案，大家也可以參考看看。另外像是亞洲航空(AirAsia)還有提供一個,島嶼接駁服務,，一次預訂就可以將機票、小巴及快艇搞定，但就必須要配合該方案的時間，若是大家有其他考量或安排，也是可以一段一段分別做安排。,https://www.airasia.com/tw/zh/our-connections/island-and-city-transfers.page,302,text,false,true,true,false,false,true,true,,,pagefound,2025-07-17 15:45:50,2025-12-30 08:01:30,,,Article > Guide,Travel > Tourist destinations > Islands,2
Pantai Cenang: A Beach Full with Attractions - WAHDAH,https://www.wahdah.my/blog/pantai-cenang-a-beach-full-with-attractions,en,,200,34,0,18189,0,32,48,212,19,https://www.airasia.com/en/home.page?gclid=EAIaIQobChMI2PuSsZvL3QIVWgwrCh34ngwXEAAYASAAEgKotvD_BwE&gclsrc=aw.ds&dclid=CPDWtbOby90CFRKAcAodYBsBtA,"different airports. You can choose either with Malaysia Airlines (KLIA),",AirAsia,"(KLIA2/LCCT) or Firefly , Batik Air (Subang Airport).",,,text,false,true,false,false,false,false,true,,,pagefound,2025-01-18 11:42:58,2026-04-25 22:37:47,,,,,2
Ultimate Travel Guide to Cebu Island | Guide to the Philippines,https://guidetothephilippines.ph/articles/ultimate-guides/cebu-travel-guide,en,,200,60,13,80833,123,19,25,211,55,https://www.airasia.com/en/gb,"Local carriers like Philippine Airlines , Cebu Pacific , and",Air Asia,"offer frequent and affordable flights, making travel to Cebu Island",,,text,false,true,true,false,false,true,true,,,linkrestored,2020-09-09 14:06:02,2026-04-26 13:45:46,,Karla Ramos,Article > Guide,Travel > Guides,1
＜タイ旅＞格安航空（LCC）「Air Asia（エアアジア）」搭乗レポ｜くすくす（kuscs）,https://note.com/kuscs/n/n93df8cc3fc8a,ja,,200,92,0,33422396,0,5,14,211,12,https://www.airasia.com/aa/inflight-comforts/ja/jp/seats.html,一方、AirAsiaのシートピッチはかなり狭く、,AirAsia公式サイトの座席情報,によるとスタンダートシートが約70cmで、グレードがひとつ高いホットシートでも約73cmです。日本の一般的なLCCのシートピッチが約74cmなので、AirAsiaでグレードの高い「ホットシート」で、一般的なLCCのスタンダードシートと同等という感じです。,,,text,false,true,true,false,false,false,true,,,pagefound,2024-01-19 23:38:29,2026-03-29 03:49:22,,くすくす,,,1
AirAsia Cadet Pilot Programme (2025) - Better Aviation,https://betteraviationjobs.com/job/airasia-cadet-pilot-may-2025/,en,,200,19,4.4,1338,0,9,12,210,12,https://www.airasia.com/en/gb,,Website,,https://www.airasia.com/,302,text,false,false,true,false,false,false,true,,,linkrestored,2025-05-07 20:03:11,2026-04-16 12:42:41,,Better Aviation,,,2
Juanda International Airport,https://juanda-airport.com/id/informasi-airline/index,,,200,47,7,13166,1,39,73,209,48,http://www.airasia.com/,,http://www.airasia.com,,,,text,false,true,false,false,false,false,true,,,pagefound,2022-06-13 09:02:56,2026-04-25 08:12:07,,,Site page > Services,Travel > Transportation > Air travel,6
"Airlines Name Format, Web Check-in, Contact Number & Baggage Policy - Domestic & International Flights",https://www.ftd.travel/book/flights/flight-baggage-policy-web-check-in,en,,200,18,6,12327,0,123,326,209,12,https://www.airasia.com/in/en/check-ins/web-and-mobile-web.page,,AirAsia Web Checkin,,,,image,false,false,false,false,false,false,true,,,linkrestored,2018-04-21 02:54:00,2026-04-13 13:54:19,,,,,1
"Airlines Name Format, Web Check-in, Contact Number & Baggage Policy - Domestic & International Flights",https://www.ftd.travel/book/flights/flight-baggage-policy-web-check-in,en,,200,18,6,12327,0,123,326,209,12,https://www.airasia.com/aa/inflight-comforts/en/gb/baggage.html,,Philippines AirAsia Inc Baggage Allowance,,,,image,false,false,false,false,false,false,true,,,linkrestored,2024-03-18 01:23:59,2026-04-13 13:54:19,,,,,1
"Airlines Name Format, Web Check-in, Contact Number & Baggage Policy - Domestic & International Flights",https://www.ftd.travel/book/flights/flight-baggage-policy-web-check-in,en,,200,18,6,12327,0,123,326,209,12,https://www.airasia.com/check-in/en/gb,,Philippines AirAsia Inc Web Checkin,,,,image,false,false,false,false,false,false,true,,,linkrestored,2024-03-18 01:23:59,2026-04-13 13:54:19,,,,,1
"Airlines Name Format, Web Check-in, Contact Number & Baggage Policy - Domestic & International Flights",https://www.ftd.travel/book/flights/flight-baggage-policy-web-check-in,en,,200,18,6,12327,0,123,326,209,12,https://www.airasia.com/en/gb,,AirAsia Baggage Allowance,,https://www.airasia.com/in/en/baggage-info/checked-baggage.page,302,image,false,false,false,false,false,false,true,,,linkrestored,2021-05-18 16:13:05,2026-04-13 13:54:19,,,,,2
Ripper GC | LIV Golf,https://www.livgolf.com/ripper-gc,en,,200,73,8,352838,49,10,11,205,23,https://www.airasia.com/en/gb,,Air Asia Air Asia,,,,image,false,false,false,false,false,true,true,,,linkfound,2025-03-04 16:30:39,2026-04-25 12:02:39,,,Site page > Services,Sports > Individual sports > Golf,3
"Borneo indonesiano, cosa vedere tra oranghi selvaggi e splendida natura",https://vacanzeinindonesia.com/borneo-indonesiano-cosa-vedere/,it,wordpress,200,4.8,7,7165,0,8,25,202,18,https://www.airasia.com/en/gb,Le compagnie aeree che servono il Borneo Indonesiano sono,Air Asia,", Lion Air, Batik Air , Citilink",https://www.airasia.com/,302,text,false,false,false,false,false,false,true,,,linkrestored,2021-01-24 02:51:50,2026-03-24 07:27:32,,,,,2
Pernyataan Privasi | TransNusa,https://www.transnusa.co.id/id/terms-and-conditions/privacy-statement,id,,200,54,10,83438,0,7,8,201,13,https://www.airasia.com/aa/about-us/en/gb/how-to-log-out-of-your-big-member-account.html,Pastikan Anda keluar dari akun TransNusa setelah menggunakan perangkat bersama.,cara keluar,.,,,text,false,true,false,false,false,false,true,,,pagefound,2025-01-06 22:38:58,2026-04-23 16:11:04,,TransNusa Aviation,,,1
Qué aeropuertos de Tailandia elegir según tu destino,https://mundo-nomada.com/tailandia/aeropuertos-de-tailandia/,es,wordpress,200,34,6,30379,0,18,25,201,20,https://www.airasia.com/en/gb,"Tailandia, tanto para vuelos domésticos como internacionales, con aerolíneas como",Air Asia,", Nok Air y Thai Lion Air .",https://www.airasia.com/,302,text,false,true,true,false,false,false,true,,,linkrestored,2024-03-26 23:52:58,2026-04-25 23:47:43,,Pol Comaposada Vilar,,,2
WordPress Alternatives: Full Guide + Feature Comparison | Hygraph,https://hygraph.com/blog/wordpress-alternatives,en,,200,75,5,27987,28,63,92,198,39,https://www.airasia.com/en/gb,,AirAsia,,,,text,false,true,false,false,false,true,true,,,pagefound,2024-06-19 21:28:23,2026-04-25 01:49:40,,Jing Li,Article > Comparison,Internet > Web services > Development; Business > Business services > E-commerce; Computers and electronics > Software > Business,1
Top 15 Companies That Use Oracle ERP In Their Business,https://www.infoclutch.com/blog/15-companies-that-use-oracle-erp-in-their-business/,en,wordpress,200,50,4.4,13369,0,36,50,195,13,https://www.airasia.com/en/gb,,airasia.com,,https://www.airasia.com/,302,text,false,true,false,false,false,false,true,,,linkrestored,2025-09-03 17:16:21,2026-04-13 22:37:58,,Robert Jordan,Article > Roundup,Business > Business services > Consulting; Computers and electronics,4
Air Asia Airlines Flight Booking Online | Cleartrip,https://www.cleartrip.ae/flight-booking/air-asia-airlines.html,en,,200,51,10,288350,0,8,19,194,23,https://www.airasia.com/en/gb,"complete details of the Air Asia baggage allowance, please check",here,.,"http://www.airasia.com/in/en/baggage-info/checked-baggage.page, https://www.airasia.com/in/en/baggage-info/checked-baggage.page","301, 302",text,false,true,false,false,false,false,true,,,linkrestored,2024-05-03 22:41:37,2026-03-28 16:27:01,,,,,3
Air Asia Airlines Flight Booking Online | Cleartrip,https://www.cleartrip.ae/flight-booking/air-asia-airlines.html,en,,200,51,10,288350,0,8,19,194,23,https://www.airasia.com/in/en/contact-us/call-centre.page,"on Air Asia customer service or contact numbers, please click",here,.,http://www.airasia.com/in/en/contact-us/call-centre.page,301,text,false,true,false,false,false,false,true,,,linkrestored,2024-05-03 22:41:37,2026-03-28 16:27:01,,,,,2
AirAsia X A330-300 Premium Flatbed review (business class for cheap!) – SANspotter,https://www.sanspotter.com/airasia-x-a330-300-premium-flatbed/,en,wordpress,200,30,6,54434,6,9,12,186,42,https://www.airasia.com/aa/inflight-comforts/en/gb/hot-meals.html,had on the previous flight. My selection was made on,the AirAsia website,"when I booked the ticket, so I didn’t even have",,,text,false,true,false,false,false,true,true,,,pagefound,2024-09-24 09:56:58,2026-04-15 10:01:45,,Scott Leazenby,Article > Review,Travel > Transportation > Air travel,1
Hazrat Shahjalal International Airport (HSIA) | airlines,https://www.hsia.gov.bd/airlines,en,,200,37,9,11728,2,39,62,185,46,https://www.airasia.com/flights/thailand/,,Thai AirAsia,,https://www.airasia.com/flights/thailand,308,text,false,true,false,false,false,true,true,,,linkfound,2026-03-12 00:20:45,2026-04-25 05:26:21,,,Site page > Services,Travel > Transportation > Air travel,2
Hazrat Shahjalal International Airport (HSIA) | airlines,https://www.hsia.gov.bd/airlines,en,,200,37,9,11728,2,39,62,185,46,https://www.airasia.com/,,AirAsia,,,,text,false,true,false,false,false,true,true,,,pagefound,2023-07-31 21:44:24,2026-04-25 05:26:21,,,Site page > Services,Travel > Transportation > Air travel,2
"ঢাকা থেকে কুয়ালালামপুর বিমান টিকিট মূল্য ২০২৫ | আজকের ভাড়া, ফ্লাইট, লাগেজ – airticketpricebd (by goFLY)",https://airticketpricebd.com/dhaka-to-malaysia-biman-vara/,"bn, en",wordpress,200,0.4,5,1495,0,7,29,182,27,https://www.airasia.com/en/gb,,✈️ AirAsia.com →,,https://www.airasia.com/,302,text,false,false,true,false,false,false,true,,,linkfound,2026-02-04 18:44:58,2026-04-24 15:37:44,,ল ফ,,,2
Aéroport international de Kuala Lumpur — Wikipédia,https://fr.wikipedia.org/wiki/A%C3%A9roport_international_de_Kuala_Lumpur,fr,wikis,200,97,4.9,4182976512,20,22,54,182,18,http://www.airasia.com/docs/common-docs/investor-relations/annual-report-2013.pdf,"""",Annual Report 2013,""" ( Archive ). AirAsia. Retrieved on 29 August 2014.",,,text,false,true,true,false,false,false,true,,,linkfound,2015-11-13 02:34:48,2026-04-21 08:41:24,,,Article > Wiki,Travel > Transportation > Air travel,1
Aéroport international de Kuala Lumpur — Wikipédia,https://fr.wikipedia.org/wiki/A%C3%A9roport_international_de_Kuala_Lumpur,fr,wikis,200,97,4.9,4182976512,20,22,54,182,18,http://www.airasia.com/my/en/klia2/overview.page,«,klia2 overview,»,,,text,false,true,true,false,false,false,true,,,linkfound,2015-11-13 02:34:48,2026-04-21 08:41:24,,,Article > Wiki,Travel > Transportation > Air travel,2
Aéroport international de Kuala Lumpur — Wikipédia,https://fr.wikipedia.org/wiki/A%C3%A9roport_international_de_Kuala_Lumpur,fr,wikis,200,97,4.9,4182976512,20,22,54,182,18,https://www.airasia.com/en/home.page,«,"For Everyone - Flights, Hotels, Activities & More","», sur",https://www.airasia.com/my/en/press-releases/airasia-grows-its-route-network-into-china.page,301,text,false,true,true,false,false,false,true,,,linkfound,2020-11-17 21:33:29,2026-04-21 08:41:24,,,Article > Wiki,Travel > Transportation > Air travel,3
Qué ver en Penang: la guía completa - Marcando el Polo,https://marcandoelpolo.com/que-ver-en-penang-guia/,es,wordpress,200,29,6,18028,4,24,72,179,14,https://www.airasia.com/en/gb,,Air Asia,es la principal compañíalow costdel Sudeste Asiático y con la,https://www.airasia.com/en/,302,text,false,true,false,false,false,false,true,,,linkrestored,2020-02-04 04:57:45,2026-04-22 11:12:58,,,Article > Guide,Travel > Tourist destinations > Buildings,2
Check Airasia India PNR Status & Flight Status on Cleartrip,https://www.cleartrip.ae/flight-booking/airasia-india-airlines-flight-pnr-status.html,en,,200,51,6,288350,1,7,13,178,42,https://www.airasia.com/flightstatus/en/gb,Airasia India Flight & PNR Status,check status,,,,text,false,false,false,false,false,true,true,,,pagefound,2024-05-04 04:41:09,2026-04-06 13:14:35,,,Site page > Services,Travel > Transportation > Air travel,1
Fly to Adelaide | South Australia,https://southaustralia.com/plan-a-trip/fly-to-adelaide-south-australia,en,,200,77,31,312747,3,26,53,177,19,https://www.airasia.com/en/gb,offer direct flights to Adelaide from Denpasar.,Find flights now.,,,,text,false,true,false,false,false,false,true,,,linkfound,2025-08-24 07:46:00,2026-04-15 13:57:34,,,Listing collection > Location,Travel > Transportation > Air travel,1
8 Unbelievable Chiang Mai Hidden Gems To Explore,https://www.adventuresnsunsets.com/chiang-mai-hidden-gems/,en,wordpress,200,42,4.6,30394,0,8,34,177,18,https://www.airasia.com/flights/from-sydney-syd-to-bangkok-dmk/,"in Australia, I flew direct to Bangkok from Sydney with",AirAsia,for a weeklong trip that I packed a LOT of,https://www.airasia.com/flights/from-sydney-syd-to-bangkok-dmk,308,text,false,true,true,false,false,false,true,,,linkfound,2026-03-20 10:26:12,2026-04-20 21:11:51,,,,,2
วิธีเลือกที่นั่งแอร์เอเชีย| 2569: ที่นั่งไหนดี? คุ้มไหม? จองยังไง | Trip.com,https://th.trip.com/ask/questions/airasia+seat+selection.html,th,,200,86,0,9934607,0,1,1,171,55,https://www.airasia.com/seat-selection,,https://www.airasia.com/seat-selection,,,,text,false,true,true,false,false,false,true,,,linkfound,2026-01-08 21:56:23,2026-01-08 21:56:23,,,,,1
Your Definitive Guide to Roti Canai | by Yow Hong Chieh | Medium,https://medium.com/@sixtybolts/your-definitive-guide-to-roti-canai-3e02722a447d,en,,200,94,4.4,28581780,1,4,11,170,33,https://www.airasia.com/play/assets/blt1f403c8fc70b523d/your-definitive-guide-to-roti-canai,First published in,airasia Play,on 1 Apr 2022.,,,text,false,true,true,true,false,true,true,,,linkfound,2025-08-07 03:15:28,2026-02-07 09:50:15,,Yow Hong Chieh,Article > Guide,Food > Food > Baked goods,1
Your Definitive Guide to Roti Canai | by Yow Hong Chieh | Medium,https://medium.com/@sixtybolts/your-definitive-guide-to-roti-canai-3e02722a447d,en,,200,94,4.4,28581780,1,4,11,170,33,https://www.airasia.com/explore/assets/blt93ba6877dfe172ca/what-is-kaya-southeast-asias-answer-to-nutella,"Another sweetroti canai, this too is either served with",a dollop of sinful kaya,(coconut jam) on top or as a filling.,,,text,false,true,true,true,false,true,true,,,linkfound,2025-08-07 03:15:28,2026-02-07 09:50:15,,Yow Hong Chieh,Article > Guide,Food > Food > Baked goods,3
Your Definitive Guide to Roti Canai | by Yow Hong Chieh | Medium,https://medium.com/@sixtybolts/your-definitive-guide-to-roti-canai-3e02722a447d,en,,200,94,4.4,28581780,1,4,11,170,33,http://www.airasia.com/play/assets/bltb0071212cb17c379/the-malaysian-mamak-where-everyones-a-boss,The menus at the,ubiquitous mamak establishments,"in Malaysia and Singapore can be overwhelming, especially when it",https://www.airasia.com/explore/assets/bltb0071212cb17c379/the-malaysian-mamak-where-everyones-a-boss,301,text,false,true,true,true,false,true,true,,,linkfound,2025-08-07 03:15:28,2026-02-07 09:50:15,,Yow Hong Chieh,Article > Guide,Food > Food > Baked goods,3
エアアジア（Airasia） 機内持ち込み(手荷物)は厳しい？ | サイズの基本から飲食の持ち込みまで徹底解説,https://malaylog.com/airasia-carry-on-baggage/,ja,,200,23,4.7,1338,0,10,11,169,15,https://www.airasia.com/aa/pdf/about-us/fee-charges-d7.pdf,AirAsia X Berhad (D7,),　日本/マレーシア,,,text,false,true,false,false,false,false,true,,,pagefound,2025-03-24 23:02:19,2026-04-15 15:23:37,,マレ子,,,1
"Cosa vedere a Sumatra, tra diversità etnica e giungla rigogliosa",https://vacanzeinindonesia.com/sumatra-cosa-vedere/,it,wordpress,200,4.8,7,7165,0,10,20,165,11,https://www.airasia.com/,,Air Asia,e Malaysia Airlines dalla Malesia – Kuala Lumpur o Penang,,,text,false,false,false,false,false,false,true,,,pagefound,2020-10-19 08:20:02,2025-12-15 01:44:45,,,Article > Guide,Travel > Tourist destinations > Islands,1
จองตั๋วเครื่องบินราคาถูกกับ ไทยแอร์เอเชียเอกซ์ - Airpaz,https://www.airpaz.com/th/airlines/XJ-Thai-AirAsia-X,th,,200,62,5,529014,0,11,18,165,47,https://www.airasia.com/aa/inflight-comforts/th/th/hot-meals.html,ได้ รวมถึงอาหารและเครื่องดื่มที่เลือกสรรมากมาย (รวมอยู่ใน ตั๋ว ทุก ประเภทยกเว้นอาหารไขมันต่ำ) เมนูอาหารและเครื่องดื่มบนเครื่องบินสำหรับ ไทยแอร์เอเซีย เอ็กซ์ สามารถเข้าถึงได้,ที่นี่,,,,text,false,false,true,false,false,false,true,,,linkrestored,2021-09-25 14:21:49,2026-02-09 17:02:29,,,,,1
จองตั๋วเครื่องบินราคาถูกกับ ไทยแอร์เอเชียเอกซ์ - Airpaz,https://www.airpaz.com/th/airlines/XJ-Thai-AirAsia-X,th,,200,62,5,529014,0,11,18,165,47,https://www.airasia.com/my/en/our-fares%20/%20%E0%B8%84%E0%B9%88%E0%B8%B2%E0%B8%98%E0%B8%A3%E0%B8%A3%E0%B8%A1%E0%B9%80%E0%B8%99%E0%B8%B5%E0%B8%A2%E0%B8%A1-and-charges.page,"20kg, 25kg, 30kg และ40kg ราคา สัมภาระเพิ่มพิเศษ จะแตกต่างกันไปตามเส้นทางและน้ำหนักที่อนุญาตและคุณสามารถตรวจสอบ รายการ ค่าใช้จ่าย ทั้งหมดที่นี้",ที่นี่,,,,text,false,false,true,false,false,false,true,,,linkrestored,2020-08-12 06:12:39,2026-02-09 17:02:29,,,,,1
จองตั๋วเครื่องบินราคาถูกกับ ไทยแอร์เอเชียเอกซ์ - Airpaz,https://www.airpaz.com/th/airlines/XJ-Thai-AirAsia-X,th,,200,62,5,529014,0,11,18,165,47,https://www.airasia.com/aa/about-us/th/th/terms-and-conditions-xj.html,หากต้องการอ่านข้อกำหนดและเงื่อนไขฉบับสมบูรณ์ของไทยแอร์เอเชีย (XJ) คลิก,ที่นี่,,,,text,false,false,true,false,false,false,true,,,linkrestored,2020-10-31 11:20:02,2026-02-09 17:02:29,,,,,1
"AirAsia Airlines Baggage Allowance Guide: Limits, Fees, and Tips | CABINZERO",https://www.cabinzero.com/blogs/air-travel-tips/airasia-airlines-baggage-allowance-guide,en,ecommerce,200,51,4.5,79709,2,11,20,165,94,https://www.airasia.com/aa/about-us/en/gb/fees-and-charges.html,,AirAsia Baggage Fees,,,,text,false,true,false,false,false,false,true,,,linkfound,2024-12-20 23:55:54,2025-12-31 04:09:56,,Hannah Vu Hoang Ngoc,Article > Guide,Travel > Transportation > Air travel,1
"AirAsia Airlines Baggage Allowance Guide: Limits, Fees, and Tips | CABINZERO",https://www.cabinzero.com/blogs/air-travel-tips/airasia-airlines-baggage-allowance-guide,en,ecommerce,200,51,4.5,79709,2,11,20,165,94,https://www.airasia.com/en/gb,,AirAsia MOVE website,,https://www.airasia.com/,302,text,false,true,false,false,false,false,true,,,pagefound,2024-09-25 15:16:01,2025-12-31 04:09:56,,Hannah Vu Hoang Ngoc,Article > Guide,Travel > Transportation > Air travel,2
กลูเตน (Gluten) คืออะไร ?,https://www.missmamon.com/content/11106/what-is-gluten,th,,200,14,4.4,31096,171,14,21,165,13,https://www.airasia.com/food/th/th/search?key=miss%20mamon,Robinhood FoodPanda,Ariasia,,https://bit.ly/3MBCq9f,301,text,false,false,false,false,false,true,true,,,linkfound,2025-12-18 17:17:12,2026-04-15 16:29:15,,,Article > Definition,Health > Nutrition > Restricted diets; Food > Food > Pasta,1
The Ultimate Travel Guide to Moalboal Town on Cebu Island | Guide to the Philippines,https://guidetothephilippines.ph/articles/ultimate-guides/moalboal-cebu-travel-guide,en,,200,60,6,80833,10,13,19,164,22,https://www.airasia.com/en/gb,"Philippine airlines, including Philippine Airlines, Cebu Pacific Air , and",AirAsia,", operate multiple daily flights to Cebu Island from morning",,,text,false,true,true,false,false,true,true,,,linkrestored,2022-11-15 20:46:51,2026-04-19 13:36:49,,Gem Muzones,Article > Guide,Travel > Tourist destinations > Islands,1
【マレーシア旅行】計5回乗ったエア・アジアの魅力・評判を徹底解説 - 東南アジア旅行専門ブログ | アンキンマン,https://southeast-asia-travel.com/airasia_review/,ja,wordpress,200,0.2,4.7,1383,1,10,17,164,10,https://www.airasia.com/aa/inflight-comforts/ja/jp/seats.html,,Seats | Airasia,,,,text,false,false,false,false,false,false,true,,,pagefound,2024-04-07 05:39:49,2026-04-24 05:24:56,,タカ,Article > Review,Travel > Travel agencies > Vacation,1
【マレーシア旅行】計5回乗ったエア・アジアの魅力・評判を徹底解説 - 東南アジア旅行専門ブログ | アンキンマン,https://southeast-asia-travel.com/airasia_review/,ja,wordpress,200,0.2,4.7,1383,1,10,17,164,10,https://www.airasia.com/aa/inflight-comforts/ja/jp/hot-meals.html,,機内食 | Airasia,,,,text,false,false,false,false,false,false,true,,,pagefound,2024-04-07 05:39:49,2026-04-24 05:24:56,,タカ,Article > Review,Travel > Travel agencies > Vacation,1
【マレーシア旅行】計5回乗ったエア・アジアの魅力・評判を徹底解説 - 東南アジア旅行専門ブログ | アンキンマン,https://southeast-asia-travel.com/airasia_review/,ja,wordpress,200,0.2,4.7,1383,1,10,17,164,10,https://www.airasia.com/aa/about-us/ja/jp/fees-and-charges.html,airasia | fee-charge-ak.pdf / ほかの路線に関しては,コチラ,,,,text,false,false,false,false,false,false,true,,,pagefound,2024-04-07 05:39:49,2026-04-24 05:24:56,,タカ,Article > Review,Travel > Travel agencies > Vacation,1
【マレーシア旅行】計5回乗ったエア・アジアの魅力・評判を徹底解説 - 東南アジア旅行専門ブログ | アンキンマン,https://southeast-asia-travel.com/airasia_review/,ja,wordpress,200,0.2,4.7,1383,1,10,17,164,10,https://www.airasia.com/aa/mobile-check-in/ja/jp/,,airasia モバイルアプリでチェックイン | 簡単、迅速、安全！ | Airasia,,,,text,false,false,false,false,false,false,true,,,pagefound,2024-04-07 05:39:49,2026-04-24 05:24:56,,タカ,Article > Review,Travel > Travel agencies > Vacation,1
【マレーシア旅行】計5回乗ったエア・アジアの魅力・評判を徹底解説 - 東南アジア旅行専門ブログ | アンキンマン,https://southeast-asia-travel.com/airasia_review/,ja,wordpress,200,0.2,4.7,1383,1,10,17,164,10,https://www.airasia.com/aa/pdf/about-us/fee-charges-ak.pdf,,airasia | fee-charge-ak.pdf,/ ほかの路線に関しては コチラ,,,text,false,false,false,false,false,false,true,,,pagefound,2024-04-07 05:39:49,2026-04-24 05:24:56,,タカ,Article > Review,Travel > Travel agencies > Vacation,1
【マレーシア旅行】計5回乗ったエア・アジアの魅力・評判を徹底解説 - 東南アジア旅行専門ブログ | アンキンマン,https://southeast-asia-travel.com/airasia_review/,ja,wordpress,200,0.2,4.7,1383,1,10,17,164,10,https://www.airasia.com/aa/inflight-comforts/ja/jp/baggage.html,,エアアジア 手荷物情報 | 機内持ち込み、および 受託手荷物 | airasia,,,,text,false,false,false,false,false,false,true,,,pagefound,2024-04-07 05:39:49,2026-04-24 05:24:56,,タカ,Article > Review,Travel > Travel agencies > Vacation,1
Bangkok - Chiang Mai : Toutes les Options de Voyage,https://www.destinationchiangmai-fr.com/bangkok-chiang-mai-toutes-les-options-de-voyage,fr,"ecommerce, wordpress",200,10,4.5,1639,0,14,23,163,17,https://www.airasia.com/en/gb,,www.airasia.com,,"http://www.airasia.com/, https://www.airasia.com/","301, 302",text,false,true,false,false,false,false,true,,,linkrestored,2025-07-16 07:32:39,2026-04-24 06:49:36,,,Article > How-to,Travel > Transportation > Rail,3
โอนคะแนน KTC FOREVER แลกไมล์สายการบิน หรือคะแนนสะสมเครือโรงแรมชั้นนำ,https://www.ktc.co.th/rewards/points-to-travel,th,,200,69,6,492071,12,33,48,162,31,https://www.airasia.com/rewards/,สมาชิกที่ประสงค์จะโอนคะแนนเป็นคะแนน AirAsia points จะต้องเป็นสมาชิกของ AirAsia rewards ก่อนโดยสามารถสมัครและศึกษารายละเอียดเพิ่มเติมเกี่ยวกับ AirAsia rewards ได้ที่,https://www.airasia.com/rewards,หรือ แอป AirAsia MOVE,"https://www.airasia.com/rewards, https://www.airasia.com/rewards/en/gb","302, 0",text,false,false,false,false,false,true,false,removedfromhtml,,linkrestored,2026-02-09 19:52:35,2026-04-22 00:27:37,2026-04-23 14:22:42,,Article > How-to,Travel > Travel agencies > Other,3
AirAsia Premium Flatbed review - Passport & Palmtree,https://www.passportandpalmtree.com/airasia-premium-flatbed-review/,en,wordpress,200,4.8,5,6027,1,2,9,161,36,https://www.airasia.com/en/gb,"5 hours flight from Kuala Lumpur to Taipeh, I booked",AirAsia,", a Malaysian low-cost carrier. They offer a class called",,,text,false,true,false,false,false,true,true,,,linkfound,2019-07-22 00:00:15,2026-04-26 05:47:15,,,Article > Review,Travel > Transportation > Air travel,1
AirAsia Premium Flatbed review - Passport & Palmtree,https://www.passportandpalmtree.com/airasia-premium-flatbed-review/,en,wordpress,200,4.8,5,6027,1,2,9,161,36,https://www.airasia.com/my/en/inflight-comforts/premium-flatbed.page,The premium,flatbed product of AirAisa,is an exciting premium between economy and a proper business,,,text,false,true,false,false,false,true,true,,,linkfound,2019-07-22 00:00:15,2026-04-26 05:47:15,,,Article > Review,Travel > Transportation > Air travel,3
10 Cheap Ways to Visit Thailand,https://www.volunteerforever.com/article_post/10-cheap-ways-to-visit-thailand/,en,wordpress,200,52,7,8631,4,32,72,158,41,https://www.airasia.com/en/home.page?cid=1/%3Futm_source%3Dvolunteerforever.com,,AirAsia,,,,text,false,true,true,false,false,true,true,,,linkrestored,2025-01-23 03:59:14,2026-04-14 21:58:05,,,Article > How-to,Travel > Tourist destinations > Other,3
航空会社案内 | 関西国際空港,https://www.kansai-airport.or.jp/flight/airlines,ja,,200,76,0,302518,25,108,176,158,37,https://www.airasia.com/ja/jp,,フィリピン・エアアジア,,,,text,false,true,false,false,false,false,true,,,pagefound,2026-01-27 16:17:30,2026-04-26 22:08:31,,,Site page > About,Travel > Transportation > Air travel,2
航空会社案内 | 関西国際空港,https://www.kansai-airport.or.jp/flight/airlines,ja,,200,76,0,302518,25,108,176,158,37,http://www.airasia.com/jp/ja/home.page,,エアアジアX,,,,text,false,true,false,false,false,false,true,,,pagefound,2026-01-27 16:17:30,2026-04-26 22:08:31,,,Site page > About,Travel > Transportation > Air travel,2
"Cosa vedere a Papua, tra paesaggi pittoreschi e tradizioni tribali",https://vacanzeinindonesia.com/papua-cosa-vedere/,it,wordpress,200,4.8,7,7165,1,6,10,156,22,https://www.airasia.com/,"Edward Osok a Sorong (Papua occidentale ), servito anche da",Air Asia,", oltre Garuda e Batik Air.",,,text,false,false,false,false,false,false,true,,,pagefound,2020-08-19 17:15:36,2025-12-07 08:09:40,,,Article > Guide,Travel > Tourist destinations > Gardens,1
Koh Lipe: guida pratica all'isola più bella della Thailandia - Un Trolley per Due,https://untrolleyperdue.it/koh-lipe-thailandia-guida-pratica/,it,wordpress,200,14,4.5,25125,0,14,16,156,14,https://www.airasia.com/flights/lipe-satun/,acquistare,un volo combinato per Hat Yai con AirAsia,,https://www.airasia.com/flights/lipe-satun,308,text,false,true,false,false,false,false,true,,,linkfound,2026-03-18 06:19:00,2026-04-26 16:14:39,,Alessandro Mazzini,,,2
Phnom Penh to Koh Rong 2026 Travel Guide | Visit Koh Rong,https://www.visitkohrong.com/phnom-penh-to-koh-rong/,en,wordpress,200,36,4.7,1792,0,12,29,153,5,https://www.airasia.com/en/gb,links – most notably direct flights to Kuala Lumpur (via,AirAsia,/ AirAsia Cambodia) and Ho Chi Minh City (served by,https://www.airasia.com/,302,text,false,true,false,false,false,false,true,,,linkrestored,2019-06-30 14:22:37,2026-04-13 14:26:00,,,,,2
Pampanga Province Travel Guide: Everything You Need to Know | Guide to the Philippines,https://guidetothephilippines.ph/articles/ultimate-guides/pampanga-travel-guide,en,,200,60,7,80833,6,20,34,152,34,https://www.airasia.com/,"air. Major airlines include Philippine Airlines , Cebu Pacific and",Air Asia,.,https://airasia.com/,301,text,false,true,true,false,false,true,true,,,linkrestored,2019-07-29 04:21:08,2026-04-25 04:43:01,,Gem Muzones,Article > Guide,Travel > Tourist destinations > Buildings,2
How to get around in Thailand - Lonely Planet,https://www.lonelyplanet.com/articles/getting-around-thailand,en,,200,89,8,1247067,31,18,55,151,30,https://www.airasia.com/en/gb,The major domestic operators are,AirAsia,", Bangkok Airways , Nok Air ,",,,text,false,true,false,false,false,false,true,,,linkfound,2024-08-30 00:38:10,2026-04-27 00:00:47,,Austin Bush,Article > How-to,Travel > Transportation > Urban transit,1
Le meilleur itinéraire de 2 semaines en Thaïlande (nord + îles) - Le Monde ou Rien,https://www.lemondeourien.fr/asie/thailande/itineraire-2-semaines-thailande/,fr,"ecommerce, wordpress",200,8,4.5,1791,0,15,18,151,18,https://www.airasia.com/en/gb,"nombreux et souvent abordables, surtout si tu réserves tôt (",AirAsia,", Nok Air, Thai Lion Air…).",,,text,false,true,false,false,false,false,true,,,pagefound,2025-07-28 22:56:21,2026-04-11 04:21:34,,,,,1
เช็คการจองตั๋วเครื่องบิน: ดูหมายเลขการจอง PNR และสถานะการจองใน Trip.com,https://th.trip.com/ask/questions/trip.com+ticketing+status.html,th,,200,86,0,9934607,0,2,3,151,34,https://www.airasia.com/check-in/v2/en/gb,,AirAsia – เช็กอินออนไลน์,,,,text,false,false,true,false,false,false,true,,,linkfound,2025-12-22 23:34:33,2025-12-22 23:34:33,,,,,2
お問い合わせの多いご利用店の連絡先を掲載しました！｜クレジットカードなら三菱UFJニコス,https://www.cr.mufg.jp/member/shoplist/index.html,ja,,200,86,9,6059332,9,124,149,147,92,https://www.airasia.com/ja/jp,,AirAsiaのWEBサイト 新しいタブやウィンドウで開く,,,,image,false,true,false,false,false,true,true,,,linkrestored,2020-12-26 00:12:04,2026-04-23 11:08:48,,,Site page > Contact,Finance > Lending > Credit cards,2
"Indonesia AirAsia - Wikipedia bahasa Indonesia, ensiklopedia bebas",https://id.wikipedia.org/wiki/Indonesia_AirAsia,id,wikis,200,97,4.8,4182976512,17,16,45,146,48,https://www.airasia.com/id/id/home.html,,Situs resmi,,http://www.airasia.com/id/id/home.html,301,text,false,true,true,false,false,false,true,,,pagefound,2022-07-25 23:01:58,2026-04-24 03:44:28,,,Article > Wiki,Travel > Transportation > Air travel,2
International Air Routes and Airlines to India | knowIndia.net,https://knowindia.net/flying-to-india.html,en,,200,9,4.6,1612,0,96,172,146,40,http://www.airasia.com/,,Air Asia,,,,image,false,true,false,false,false,false,true,,,pagefound,2019-04-22 21:22:17,2026-04-16 04:06:25,,,Listing collection > Location,Travel > Transportation > Air travel,6
Tailandia en 10 días: ¡Lo imprescindible del país! [2026],https://toursentailandia.com/tour/tailandia-en-10-dias/,es,wordpress,200,4.9,4.7,1504,0,7,15,145,31,https://www.airasia.com/en/gb,al aeropuerto. Vuelo a Chiang Mai (no incluido – recomendamos,www.airasia.com,). Recogida en el aeropuerto y traslado al hotel.,https://www.airasia.com/,302,text,false,true,true,false,false,false,true,,,linkrestored,2023-01-10 02:29:57,2026-04-23 16:24:42,,,,,2
Tailandia en 10 días: ¡Lo imprescindible del país! [2025],https://toursentailandia.com/tour/tailandia-en-10-dias/,es,wordpress,200,4.9,4.7,1504,0,5,14,145,31,http://www.airasia.com/,de Bangkok. Vuelo a Chiang Mai (no incluido – Recomendamos,www.airasia.com,). Traslado al hotel.,,,text,false,true,true,false,false,false,true,removedfromhtml,,pagefound,2023-01-10 02:29:57,2026-03-28 19:27:58,2026-04-03 04:32:19,,,,1
Top 10 Airlines in India 2026: Best Domestic & International Carrier,https://travellerkaka.com/top-10-airlines-in-india-a-2025-guide-to-the-best-domestic-and-international-carriers/,en,wordpress,200,17,4.5,2110,0,10,12,144,49,https://www.airasia.com/flights/india,5.,Air india express,,,,text,false,true,false,false,false,false,true,,,pagefound,2025-02-22 12:43:56,2026-04-16 00:06:28,,,,,2
Visa Travel Card,https://www.cimbniaga.co.id/id/personal/kartu-kredit/visa-travel-card,id,,200,71,17,2442146,104,26,37,143,18,https://www.airasia.com/en/gb,"ritel Rp 50.000 di website maskapai penerbangan (contoh: www.singaporeair.com ,",www.airasia.com,", dll), atau 100 Poin Xtra untuk transaksi ritel lainnya.","http://www.airasia.com/, https://www.airasia.com/","301, 302",text,false,true,false,false,false,true,true,,,linkrestored,2023-06-02 06:33:22,2026-04-26 18:16:10,,,Site page > Services,Travel > Travel agencies > Other; Finance > Lending > Credit cards,3
▷ 15 días en Tailandia ¡El viaje de lo imprescindible! [2026],https://toursentailandia.com/tour/15-dias-en-tailandia/,es,wordpress,200,4.9,4.7,1504,0,6,13,143,25,https://www.airasia.com/,) o hacia Phuket / Krabi (no incluido – recomendamos,www.airasia.com,"). A la llegada, recogida en el aeropuerto y traslado",,,text,false,true,false,false,false,false,true,,,linkfound,2026-04-03 23:33:58,2026-04-24 10:52:59,,,,,2
EASY Blue Butterfly Pea Flower Rice | The Fruity Jem,https://thefruityjem.com/blue-butterfly-pea-flower-rice/,en,wordpress,200,27,6,13035,0,6,8,142,11,https://www.airasia.com/en/gb,You can read more about,Malaysian nasi kerabu and Thai khao yum here,!,"https://explore.airasia.com/assets/blta8709f2b4f5d233e/nasi-kerabu-the-most-beautiful-rice-dish-in-southeast-asia, https://www.airasia.com/assets/blta8709f2b4f5d233e/nasi-kerabu-the-most-beautiful-rice-dish-in-southeast-asia","0, 302",text,false,false,false,false,false,false,true,,,linkrestored,2025-07-07 20:45:54,2026-02-01 02:46:08,,,,,2
"Billet Tour du Monde : prix, itinéraires et conseils",https://www.tourdumondiste.com/billets-avion-tour-du-monde,fr,wordpress,200,59,15,41852,38,34,51,140,18,https://www.airasia.com/unlimited/en/gb,,AirAsia Move Pass,,,,text,false,false,false,false,false,false,true,,,linkrestored,2024-08-23 10:21:10,2026-04-27 02:38:31,,,Article > Guide,Travel > Travel agencies > Vacation,1
A Complete List of Airlines Flying To and From Clark Airport - Clark International Airport | CRK Official Website,https://clarkinternationalairport.com/a-complete-list-of-airlines-flying-to-and-from-clark-airport-3/,en,wordpress,200,42,5,5913,1,17,20,139,48,https://www.airasia.com/en/gb,,AirAsia,.Another emerging airline in the Philippines but already established with,,,text,false,true,false,false,false,false,true,,,pagefound,2023-03-18 15:34:35,2026-04-23 00:42:31,,,Listing collection > Location,Travel > Transportation > Air travel,1
เที่ยว KOMODO ISLANDS ชีวิตติดเกาะ เดินเขาชมวิว ดำน้ำ อาบแดดที่ Pink Beach ตามหามังกรโคโมโด | Eat Chill Wander,https://www.eatchillwander.com/travel/asia/komodo-islands-indonesia-travel-guide/,"th, en",wordpress,200,14,4.9,35795,50,7,20,139,14,https://www.airasia.com/en/gb,ส่วนเราก็บินแอร์เอเชียเหมือนเดิมค่ะ บินตรงจากกรุงเทพไปลงบาหลี สี่ชั่วโมงกว่าๆ แล้วก็ต่อจากบาหลีมาโคโมโดแค่อีกหนึ่งชั่วโมง ทั้งหมดจองผ่าน,Airasia Super Apps,ได้เลยนะคะ ทั้งขาไปและกลับ ดอนเมือง – บาหลี เราสั่งอาหารไว้ล่วงหน้าเลยค่ะเพราะกะว่าหิวแน่ๆ,https://www.airasia.com/,302,text,false,true,false,false,false,false,true,,,linkrestored,2023-07-25 20:08:24,2026-04-27 03:07:32,,,Article > Story,Travel > Tourist destinations > Islands,2
รีวิวฮ่องกงดิสนีย์แลนด์ 8 โซน ควรเล่นอะไรบ้าง,https://disneyeverything-th.com/disney-parks/rev-hkdl-all/,th,wordpress,200,0.9,5,3552,0,7,11,138,30,https://www.airasia.com/th/th,และสายการบินที่แอดใช้บริการบ่อยก็จะเป็น,สายการบินแอร์เอเชีย,ค่ะ เพราะเป็นสายการบินที่สะดวก มีไฟล์ทเดินทางที่ตอบโจทย์ เลือกที่นั่งได้ แถมมีโปรโมชันพิเศษเที่ยวบินราคาสุดคุ้มบ่อยมากกกก !!! ยังไงถ้าคิดจะไปฮ่องกงลองไปดูโปรของแอร์เอเชียดูนะคะ,,,text,false,true,false,false,false,false,true,,,pagefound,2024-11-25 14:11:03,2026-04-26 21:39:51,,,,,1
"[披薩尺吋小知識]達美樂9吋小披薩多大?量販店大披薩18吋,必勝客比薩大小尺寸,拿坡里大小披薩幾吋? | 小約翰就愛泰國自由行 | 休閒旅遊分享 | 痞客邦 | PIXNET",https://john547.pixnet.net/blog/posts/7119785311,zh-tw,,200,87,0,2574908,1,27,45,138,64,https://www.airasia.com/zh/tw,。泰國獅子航空,。亞洲航空,,,,text,false,false,false,false,false,true,true,,,linkfound,2025-12-12 22:49:53,2026-04-07 11:43:23,,小約翰就愛泰國自由行,Article > FAQ,Food > Food > Baked goods,9
นิมมานเหมินท์ : ถนนสายเศรษฐกิจของเชียงใหม่ จากหมู่บ้านจัดสรรสู่ชุมชนธุรกิจ ‘ปราบเซียน’,https://becommon.co/culture/nimmanhaemin-road-history/,"th, en",wordpress,200,41,4.5,21657,2,4,6,136,12,http://www.airasia.com/,*สนับสนุนการเดินทางโดยสายการบินไทยแอร์เอเชียบินตรงสู่เชียงใหม่ทุกวัน ตรวจสอบเที่ยวบินและจองตั๋วเครื่องบินได้ที่,www.airasia.com,,,,text,false,true,false,false,false,false,true,,,pagefound,2019-05-26 03:57:26,2026-04-14 07:50:24,,,Article > Story,Travel > Tourist destinations > Buildings; Real estate > Property development; Society; Business,3
‘Seongsu-dong’ ย่านนี้มีอะไร ทำไมถึงฮอตที่สุดในกรุงโซล ณ เวลานี้,https://thestandard.co/life/seongsu-dong/,th,wordpress,200,74,0,476028,1,10,20,135,2,https://www.airasia.com/flights/th/th,,www.airasia.com/flights/th/th,,,,text,false,true,false,false,false,true,true,,,linkfound,2025-10-07 00:53:58,2026-04-19 22:59:49,,เกณ,Article > Roundup,Travel > Tourist destinations > Other; News > Local news,2
مطار قوانغتشو باييون الدولي - ويكيبيديا,https://ar.wikipedia.org/wiki/%D9%85%D8%B7%D8%A7%D8%B1_%D9%82%D9%88%D8%A7%D9%86%D8%BA%D8%AA%D8%B4%D9%88_%D8%A8%D8%A7%D9%8A%D9%8A%D9%88%D9%86_%D8%A7%D9%84%D8%AF%D9%88%D9%84%D9%8A,ar,wikis,200,97,5,4182976512,10,39,127,134,11,https://www.airasia.com/en/gb,"Everyone | Flights، Hotels، Activities & More"" . مؤرشف من",الأصل,في 2023-03-15.,"https://www.airasia.com/my/ms/press-releases/airasia-adds-new-route-from-johor-bahru-guangzhou.page, https://www.airasia.com/en/home.page","301, 301",text,false,true,true,false,false,false,true,,,linkfound,2023-07-19 15:42:21,2026-03-27 11:17:16,,,Article > Wiki,Travel > Transportation > Air travel,3
タイ・エアアジアX（TAX/XJ） - 就航航空会社一覧 | 中部国際空港 セントレア,https://www.centrair.jp/flight/airline/thai-airasia.html,ja,,200,76,4.7,133647,0,7,7,134,23,https://www.airasia.com/ja/jp,,タイ・エアアジアX 公式サイト,,,,text,false,false,false,false,false,false,true,,,pagefound,2024-07-04 00:21:14,2026-04-14 15:34:00,,,,,2
【2026年最新】エアアジアの評判・口コミを徹底分析！成田・関空・セントレア発の搭乗体験から見えた本音レビュー – 海外・国内旅行の持ち物リスト作成 | motteku（もってく）,https://motteku.jp/airasia-kuchikomi/,ja,wordpress,200,0.2,0,2406,0,13,22,134,14,https://www.airasia.com/aa/appdownload/ja/jp/,,AirAsia MOVEアプリ,をダウンロード,,,text,false,true,false,false,false,false,true,,,pagefound,2026-02-01 03:41:08,2026-04-23 04:54:12,,,,,1
【2026年最新】エアアジアの評判・口コミを徹底分析！成田・関空・セントレア発の搭乗体験から見えた本音レビュー – 海外・国内旅行の持ち物リスト作成 | motteku（もってく）,https://motteku.jp/airasia-kuchikomi/,ja,wordpress,200,0.2,0,2406,0,13,22,134,14,https://www.airasia.com/th/ja,,タイ・エアアジア公式,では、機内食メニューとして「バジルフライドチキン・オン・ライス」「タイ パネーンカレーライス」などの本格的なタイ料理が提供されており、事前予約すると割引価格で購入できます。,,,text,false,true,false,false,false,false,true,,,pagefound,2026-02-01 03:41:08,2026-04-23 04:54:12,,,,,1
【2026年最新】エアアジアの評判・口コミを徹底分析！成田・関空・セントレア発の搭乗体験から見えた本音レビュー – 海外・国内旅行の持ち物リスト作成 | motteku（もってく）,https://motteku.jp/airasia-kuchikomi/,ja,wordpress,200,0.2,0,2406,0,13,22,134,14,https://www.airasia.com/en/gb,,エアアジア公式サイト,"では、セール時に東京→バンコク片道15,000円台からの航空券が販売されることもあり、価格面でのメリットは非常に大きいといえます。",https://www.airasia.com/ja/jp,0,text,false,true,false,false,false,false,true,,,linkfound,2026-03-02 23:48:24,2026-04-23 04:54:12,,,,,2
ป่าต้นน้ำ บ้านน้ำราด Unseenแห่งใหม่ที่น้ำใสไหลเย็นเห็นตัวปลา. - Makalius.co.th,https://www.makalius.co.th/%E0%B8%94%E0%B8%B5%E0%B8%A5%E0%B8%97%E0%B9%88%E0%B8%AD%E0%B8%87%E0%B9%80%E0%B8%97%E0%B8%B5%E0%B9%88%E0%B8%A2%E0%B8%A7/%E0%B8%9B%E0%B9%88%E0%B8%B2%E0%B8%95%E0%B9%89%E0%B8%99%E0%B8%99%E0%B9%89%E0%B8%B3-%E0%B8%9A%E0%B9%89%E0%B8%B2%E0%B8%99%E0%B8%99%E0%B9%89%E0%B8%B3%E0%B8%A3%E0%B8%B2%E0%B8%94/,th,wordpress,200,25,4.4,42878,0,5,12,133,9,https://www.airasia.com/th/th/home.page?cid=1,สามารถจองได้วันนี้ที่,https://www.airasia.com,หรือแอฟพลิเคชั่น Air Asia,,,text,false,true,false,false,false,false,true,,,pagefound,2025-01-18 13:35:00,2026-04-22 05:15:58,,,,,3
The Perfect One Day in Chiang Mai Itinerary with the BEST Sights!,https://www.adventuresnsunsets.com/one-day-in-chiang-mai-itinerary/,en,wordpress,200,42,4.6,30394,0,12,33,132,28,https://www.airasia.com/,Thanks to,Air Asia,and Tourism Authority of Thailand for sponsoring my journey. All,,,text,false,true,true,false,false,false,true,,,pagefound,2025-03-20 14:05:51,2026-04-21 10:42:12,,Kayla Cosmos,,,2
Recomendaciones para tu primer viaje a Bangkok,https://marcandoelpolo.com/recomendaciones-viajar-a-bangkok-tailandia/,es,wordpress,200,29,5,18028,1,18,40,131,12,https://www.airasia.com/en/gb,a donde llegan algunos vuelos internos y todos los de,Air Asia,. Si tenés que hacer una combinación de vuelo internacional,,,text,false,true,true,false,false,true,true,,,linkrestored,2021-11-25 00:21:31,2026-04-24 10:19:05,,,Article > Guide,Travel > Guides,1
AirAsia India Flight Status,https://airasiaindia-stage.adobecqms.net/flight-status,en,,200,77,5,21332,41,2,4,130,65,https://www.airasia.com/flightstatus/,of a flight outside the AirAsia India network? Please visit,www.airasia.com/flightstatus,,"http://www.airasia.com/flightstatus, https://www.airasia.com/flightstatus","301, 301",text,false,true,false,false,false,true,false,,,linkrestored,2025-08-13 18:42:22,2026-04-12 02:01:36,,,Site page > Services,Travel > Transportation > Air travel,3
国際線の機内持ち込みサイズ一覧！各社のルールを解説 | NEWT（ニュート）,https://newt.net/mag/052161389,ja,,200,75,4.5,577596,0,36,47,127,29,https://www.airasia.com/aa/inflight-comforts/ja/jp/baggage.html,,エアアジア 公式サイト,,,,text,false,true,true,false,false,false,true,,,pagefound,2024-08-26 17:48:06,2026-04-26 00:27:37,,,,,1
Tung Tung Tung Sahur: Italian Brainrot Character Explained,https://www.wikihow.com/Tung-Tung-Tung-Sahur,en,wikis,200,91,5,11397642,4,18,45,126,16,https://www.airasia.com/assets/blt8560f7039de44379/ngarak-bedug-waking-up-for-sahur-the-indonesian-way,,https://explore.airasia.com/assets/blt8560f7039de44379/ngarak-bedug-waking-up-for-sahur-the-indonesian-way,,https://explore.airasia.com/assets/blt8560f7039de44379/ngarak-bedug-waking-up-for-sahur-the-indonesian-way,0,text,false,false,false,false,false,true,true,,,linkrestored,2025-08-31 03:43:11,2026-04-19 23:23:00,,Tobi Nwodo,Article > Definition,Games > Video games > Casual games; Entertainment > Animation; Society > Niche interests,2
Your Definitive Guide to Hong Kong’s Cha Chaan Teng Food | by Yow Hong Chieh | Medium,https://medium.com/@sixtybolts/your-definitive-guide-to-hong-kongs-cha-chaan-teng-food-fad7d454ef21,en,,200,94,0,28581780,0,10,67,126,13,https://www.airasia.com/play/assets/bltf7ca2af543620f02/how-tofu-pudding-is-eaten-across-asia,"silky smooth Cantonese dessert is reminiscent of a lighter, creamier","tofu pudding, another Chinese treat",.,,,text,false,true,true,true,false,false,true,,,linkfound,2025-08-08 08:00:59,2026-02-08 13:29:13,,Yow Hong Chieh,,,1
Your Definitive Guide to Hong Kong’s Cha Chaan Teng Food | by Yow Hong Chieh | Medium,https://medium.com/@sixtybolts/your-definitive-guide-to-hong-kongs-cha-chaan-teng-food-fad7d454ef21,en,,200,94,0,28581780,0,10,67,126,13,https://www.airasia.com/play/assets/blt393ef2ab51a43c00/your-definitive-guide-to-hong-kongs-cha-chaan-teng-food,First published in,AirAsia Play,on 27 Nov 2023.,,,text,false,true,true,true,false,false,true,,,linkfound,2025-08-08 08:00:59,2026-02-08 13:29:13,,Yow Hong Chieh,,,1
Your Definitive Guide to Hong Kong’s Cha Chaan Teng Food | by Yow Hong Chieh | Medium,https://medium.com/@sixtybolts/your-definitive-guide-to-hong-kongs-cha-chaan-teng-food-fad7d454ef21,en,,200,94,0,28581780,0,10,67,126,13,https://www.airasia.com/play/assets/blt0f772468dc685cd2/how-an-englishman-created-macaus-iconic-portuguese-egg-tarts,equally popular Portuguese egg tart from Macau — actually an,Englishman’s take on the classic pastel de nata,.,,,text,false,true,true,true,false,false,true,,,linkfound,2025-08-08 08:00:59,2026-02-08 13:29:13,,Yow Hong Chieh,,,1
Spice up your travels with a visit to Isaan • Fan Club Thailand,https://fanclubthailand.co.uk/spice-up-your-travels-with-a-visit-to-isaan/,en,wordpress,200,41,6,18808,1,21,45,125,3,https://www.airasia.com/en/home.page,flights to and from Bangkok. Some services from low-cost carriers,Air Asia,and Nok Air also connect Chiang Mai with Udon Thani,,,text,false,true,false,false,false,false,true,,,linkrestored,2019-07-22 01:15:31,2026-04-25 15:48:20,,Roy Cavanagh,Article > Story,Travel > Tourist destinations > Gardens,2
19 Permainan Rare Zaman Dulu Yang Budak Sekarang Tak Kenal Pun,https://www.remaja.my/19-permainan-rare-zaman-dulu-yang-budak-sekarang-tak-kenal-pun/,,wordpress,200,34,4.5,7636,2,31,46,125,23,https://www.airasia.com/en/gb,World Genting . Tiket juga boleh diberi di laman web,AirAsia,bagi ahli AirAsia BIG.,,,text,false,false,false,false,false,false,true,removedfromhtml,,linkfound,2026-04-18 18:36:44,2026-04-18 18:36:44,2026-04-22 03:09:23,Almaswa Haji Che Ros,Article > Listicle,Games > Other; Leisure > Other,1
"El Nido, Palawan (Filippine): consigli di viaggio | Impiegata Giramondo",https://www.impiegatagiramondo.it/mondo/filippine/el-nido-palawan/,it,wordpress,200,10,6,16634,0,17,46,122,24,https://www.airasia.com/en/gb,"mancano, con tariffe low cost coperte da diverse compagnie aeree:",Air Asia,", Cebu Pacific e Philippines Airlines .",https://www.airasia.com/,302,text,false,true,true,false,false,false,true,,,linkrestored,2022-06-13 09:23:32,2026-04-25 04:52:40,,,Article > Guide,Travel > Tourist destinations > Islands,2
マレーシアは多民族国家 マレーシアの基本情報,https://malaysiajp.com/information/about.html,ja,,200,13,6,3103,0,6,18,122,7,https://www.airasia.com/,,エアアジア（格安航空会社）日本語サイト,Tel 0120－963－516,http://www.airasia.com/,301,text,false,true,false,false,false,false,true,,,linkrestored,2023-11-13 19:21:09,2026-04-25 21:15:08,,,,,3
"Что такое лоукостеры, на чем они зарабатывают и какие летают из Казахстана",https://www.aviasales.kz/demalys/article/lowcost-kz,ru,,200,44,4.6,70821,0,11,14,122,5,https://www.airasia.com/aa/inflight-comforts/en/gb/baggage.html,,можно взять,,,,text,false,true,false,false,false,false,true,,,pagefound,2024-12-22 23:05:27,2026-04-25 00:32:23,,,,,1
Cambodia Travel Guide: All The Must-Sees (And What To Skip),https://www.indietraveller.co/cambodia-travel-guide/,en,wordpress,200,55,5,583210,34,35,73,121,19,https://www.airasia.com/en/gb,can also fly with a local budget carrier such as,AirAsia,. A direct flight takes about 70 minutes.,https://www.airasia.com/,302,text,false,true,false,false,false,false,true,,,linkrestored,2022-05-24 08:20:00,2026-04-24 17:17:33,,,Article > Guide,Travel > Guides,2
[รีวิว] ทัวร์หมู่เกาะสุรินทร์ 1 วัน อลังการโลกใต้น้ำ สัมผัสชีวิตชาวเลมอแกน กับหนึ่งในจุดดำน้ำตื้นที่สวยที่สุดในประเทศไทย | Eat Chill Wander,https://www.eatchillwander.com/travel/asia/koh-surin-island-snorkel-moken-day-tour-phang-nga/,"th, en",wordpress,200,14,5,35795,1,8,16,121,10,https://www.airasia.com/,ไปเช็คไฟลท์ได้ที่นี่เลย >>,https://airasia.com/,อย่าลืมจองอาหารไปก่อนด้วยนะคะ ชานมไข่มุกอร่อยสมคำล่ำลือ มันจะมีอันที่เป็นเซ็ทอยู่ ดีงามค่ะ ตอนนี้มีชานมรสใหม่ของเดือน พย. ด้วย เดี๋ยวเที่ยวหน้าต้องได้กิน!,https://airasia.com/,301,text,false,true,false,false,false,true,true,,,pagefound,2023-12-02 21:24:54,2026-04-27 02:23:18,,,Article > Review,Travel > Specialty travel > Adventure travel,2
รีวิว บริสเบน (Brisbane) เที่ยวออสเตรเลียเองคูลๆ – HashCorner,https://www.hashcorner.com/travel/australia/brisbane-%E0%B8%9A%E0%B8%A3%E0%B8%B4%E0%B8%AA%E0%B9%80%E0%B8%9A%E0%B8%99/,th,wordpress,200,12,4.7,37132,0,8,12,121,12,https://www.airasia.com/en/gb,เพราะมันถูกกว่าการซื้อแยก และถูกกว่ามาซื้อหน้าเคาท์เตอร์ หรือซื้อบนเครื่องบินมากอยู่ ใครที่พร้อมและอยากจองตั๋วแล้ว,คลิกจองตั๋วเลยที่ www.airasia.com จ้า,,https://www.airasia.com/,302,text,false,true,true,false,false,false,true,,,linkfound,2025-12-20 05:08:32,2026-04-24 03:21:25,,,,,2
"Airlines Information, Flights - Hong Kong International Airport",https://www.hongkongairport.com/en/flights/airlines-information/airlines.page,en,,200,77,11,220299,36,108,191,120,224,https://www.airasia.com/en/gb,,airline website: https://www.airasia.com/en/gb,,,,text,false,false,false,false,false,false,true,,,linkrestored,2022-06-12 02:11:21,2026-04-27 00:06:10,,,Site page > Services,Travel > Transportation > Air travel,1
"Airlines Information, Flights - Hong Kong International Airport",https://www.hongkongairport.com/en/flights/airlines-information/airlines.page,en,,200,77,11,220299,36,108,191,120,224,http://www.airasia.com/,,airline website: http://www.airasia.com,,,,text,false,false,false,false,false,false,true,,,linkrestored,2022-06-12 02:11:21,2026-04-27 00:06:10,,,Site page > Services,Travel > Transportation > Air travel,5
Zo reis je van Bangkok naar Koh Tao (of Koh Phangan) - My Travel Secret,https://www.mytravelsecret.nl/bangkok-naar-koh-tao-koh-phangan/,nl,wordpress,200,20,4.5,8165,0,14,20,120,14,https://www.airasia.com/en/gb,Phangan. Momenteel zijn er 2 vliegmaatschappijen die deze route aanbieden:,Airasia,en Nokair .,,,text,false,true,true,false,true,false,true,,,linkrestored,2023-03-06 16:38:39,2026-04-03 21:38:48,,,,,1
Prenota voli economici con AirAsia - Airpaz,https://www.airpaz.com/it/airlines/AK-AirAsia,it,,200,62,27,529014,0,11,15,119,13,https://www.airasia.com/check-in/en/gb,"in online dal sito ufficiale di AirAsia.} Per farlo, cliccare",qui,per andare sulla pagina del check-in della compagnia. Il check-in,,,text,false,false,true,false,false,false,true,,,pagefound,2023-07-29 20:45:40,2026-04-15 22:42:35,,,,,1
Prenota voli economici con AirAsia - Airpaz,https://www.airpaz.com/it/airlines/AK-AirAsia,it,,200,62,27,529014,0,11,15,119,13,https://www.airasia.com/aa/about-us/en/gb/terms-and-conditions-ak.html,"Per ulteriori informazioni, leggi le Condizioni di Trasporto di AirAsia",qui,.,"https://www.airasia.com/my/en/about-us/terms-and-conditions-ak.page, https://www.airasia.com/aa/about-us/en/my/terms-and-conditions-ak.html","302, 302",text,false,false,true,false,false,false,true,,,pagefound,2023-07-29 20:45:40,2026-04-15 22:42:35,,,,,3
Flughafen Bangkok/Don Mueang – Wikipedia,https://de.wikipedia.org/wiki/Flughafen_Bangkok/Don_Mueang,de,wikis,200,97,6,4182976512,20,19,51,118,13,https://www.airasia.com/en/gb,,AirAsia Ready to Transfer Flight Operations to Don Mueang Airport from 1 October 2012.,"Pressemitteilung von Air Asia, 25. Juni 2012 (englisch)","https://www.airasia.com/my/en/press-releases/don-mueang-airport-transfer.page, https://www.airasia.com/en/home.page","301, 301",text,false,true,true,false,false,false,true,,,linkfound,2025-09-12 19:21:56,2026-03-12 20:11:50,,,Article > Wiki,Travel > Transportation > Air travel,3
エアアジア（Airasia）の搭乗手続き・eチケット・チェックイン（時間と方法）について解説,https://malaylog.com/airasia-checkin/,ja,,200,23,4.7,1338,0,10,11,118,12,https://www.airasia.com/check-in/en/gb,ログインなし（会員登録なし）の場合のエアアジアの,webチェックインはこちら,からできます。,https://www.airasia.com/check-in/v2/ja/jp,0,text,false,true,false,false,false,false,true,,,pagefound,2025-07-16 15:59:18,2026-04-23 22:18:53,,マレ子,,,2
Hoeveel bagage mag je meenemen in het vliegtuig? De bagage regels op een rij,https://www.skyscanner.nl/nieuws/regels-bagage-overzicht-afmetingen-en-gewicht-voor-handbagage,nl,,200,63,15,1013685,16,42,70,117,135,https://www.airasia.com/aa/inflight-comforts/en/gb/baggage.html,,Air Asia,,,,text,false,true,true,false,false,false,true,,,linkfound,2025-08-06 05:37:15,2026-04-18 13:24:25,,Anita Boon,Article > How-to,Travel > Transportation > Air travel,1
Up-to-date AirAsia X (D7) fleet seat maps,https://seatmaps.com/airlines/d7-airasia-x/,en,,200,74,7,559647,1,1,5,117,10,https://www.airasia.com/aa/inflight-comforts/en/gb/baggage.html,,AirAsia X Berhad Baggage rules arrow,,,,image,false,true,false,false,false,false,true,,,linkfound,2023-08-04 08:07:04,2026-04-13 12:12:32,,,Listing > Service,Travel > Transportation > Air travel,1
Légitársaságok Kabin Méretei,https://www.realwebshop.hu/legitarsasagok_kabin_meretei_48,hu,ecommerce,200,28,6,2652,0,154,274,116,9,http://www.airasia.com/la/en/baggage-info/cabin-baggage.page,,Link az AirAsia Airlines Kézi Poggyász Korlátozásaira,,,,text,false,true,false,false,false,false,true,,,linkrestored,2021-08-28 14:02:44,2026-04-16 08:36:16,,,Listing collection > Product,Shopping > Apparel > Clothing accessories; Travel > Travel accessories,3
Airline Information,https://donmueang.airportthai.co.th/service/airport-guide/detail/Airline_Information_DMK,en,,200,73,4.8,154206,0,24,38,116,18,https://www.airasia.com/en/gb,,INDONESIA AIRASIAPT,,"http://www.airasia.com/, https://www.airasia.com/","301, 302",text,false,true,false,false,false,false,true,,,linkrestored,2025-03-01 02:23:47,2026-04-09 19:14:43,,,,,3
【🇹🇭タイ#4】最大級!ダムヌン水上マーケット🚌安心の現地バスツアー【バンコク5泊6日】女1人旅✈️ - YouTube,https://www.youtube.com/watch?v=zW2qN6uN574,en,,200,99,4.5,2948551936,0,6,7,116,10,https://www.airasia.com/ja/jp,,https://www.airasia.com/ja/jp,,,,text,false,false,true,false,false,true,false,,,linkfound,2025-12-11 04:44:23,2025-12-11 04:44:23,,,Video > Vlog,Travel > Tourist destinations > Gardens,1
"8 Facts About Mazu, the Chinese Goddess of the Sea | by Yow Hong Chieh | Medium",https://medium.com/@sixtybolts/8-facts-about-mazu-the-chinese-goddess-of-the-sea-7694b031d65f,en,,200,94,0,28581780,0,10,18,114,19,https://www.airasia.com/play/assets/blta3700e5daef18d41/8-things-you-didnt-know-about-zheng-he-the-chinese-columbus,This included the,great Chinese explorer Zheng He,", who credited Mazu with keeping the Ming treasure fleet",,,text,false,true,true,true,false,false,true,,,linkfound,2025-08-14 11:12:13,2026-02-14 21:23:26,,Yow Hong Chieh,,,1
"8 Facts About Mazu, the Chinese Goddess of the Sea | by Yow Hong Chieh | Medium",https://medium.com/@sixtybolts/8-facts-about-mazu-the-chinese-goddess-of-the-sea-7694b031d65f,en,,200,94,0,28581780,0,10,18,114,19,https://www.airasia.com/play/assets/bltcd980a65f20dd353/8-facts-about-mazu-the-chinese-goddess-of-the-sea,First published in,AirAsia Play,on 1 May 2024.,,,text,false,true,true,true,false,false,true,,,linkfound,2025-08-14 11:12:13,2026-02-14 21:23:26,,Yow Hong Chieh,,,1
フィットネスレースについて | HYROX,https://hyroxjapan.com/ja/%E3%83%95%E3%82%A3%E3%83%83%E3%83%88%E3%83%8D%E3%82%B9%E3%83%AC%E3%83%BC%E3%82%B9%E3%81%AB%E3%81%A4%E3%81%84%E3%81%A6/,ja,wordpress,200,32,0,18625,0,17,23,114,1,https://www.airasia.com/,,,,,,text,false,false,false,false,false,false,true,,,linkfound,2025-10-18 23:43:20,2026-04-11 17:35:05,,,,,4
AirAsia – Wikipedia tiếng Việt,https://vi.wikipedia.org/wiki/AirAsia,vi,wikis,200,97,5,4182976512,20,6,26,113,22,http://www.airasia.com/docs/common-docs/investor-relations/annual-report-2013.pdf,"""",Annual Report 2013,""" (). AirAsia. Truy cập ngày 29 tháng 8 năm",,,text,false,true,true,false,false,false,true,,,pagefound,2022-06-11 20:56:16,2026-04-21 15:33:32,,,Article > Wiki,Travel > Transportation > Air travel,1
Cara Memeriksa Status Penerbangan Secara Real-Time | Trip.com,https://id.trip.com/guide/info/cara-memeriksa-status-penerbangan.html,id,,200,86,0,9934607,0,1,2,112,25,https://www.airasia.com/en/gb,(Sumber:,Airasia.com,),https://www.airasia.com/,302,text,false,true,false,false,false,false,true,,,pagefound,2026-01-19 01:08:54,2026-01-19 01:08:54,,,,,2
AirAsia is certified as a 3-Star Low-Cost Airline | Skytrax,https://skytraxratings.com/airlines/airasia-rating,en,wordpress,200,65,4.9,60361,1213,6,7,110,37,https://www.airasia.com/en/gb,,AirAsia,is Certified as a 3-Star Low-Cost Airline for the quality,https://www.airasia.com/,302,text,false,true,false,false,false,false,true,,,linkrestored,2020-12-11 12:43:06,2026-04-10 14:40:22,,,Article > News,Travel > Transportation > Air travel,2
[SUB] 馬來西亞 沙巴｜東馬明珠一日全攻略！沙巴必玩TOP景點 夢幻清真寺+自製巧克力+夜市海鮮一次玩爆｜何美、楊奇煜【飛吧！玩客】完整版 20250813 - YouTube,https://www.youtube.com/watch?v=GA2Z54wuSQM,en,,200,99,4.5,2948551936,2,11,19,110,14,https://www.airasia.com/zh/tw,,https://air.asia/NWQbL,,"https://air.asia/NWQbL, https://airasia.page.link/NWQbL","301, 302",text,false,false,true,false,false,true,false,,,linkfound,2025-12-03 01:34:05,2025-12-03 01:34:05,,,Video > Vlog,Travel > Tourist destinations > Buildings,2
Guide to the Perhentian Islands,https://www.legalnomads.com/the-perhentian-islands-malaysias-perfect-beach-destination/,en,wordpress,200,65,4.5,20301,13,35,56,106,25,https://www.airasia.com/en/gb,"Flight:Alternatively,",Air Asia,flies from Kuala Lumpur to Kota Bharu at extraordinarily cheap,"http://airasia.com/, https://airasia.com/, https://www.airasia.com/","301, 301, 302",text,false,true,false,false,false,true,true,,,pagefound,2026-02-01 01:22:39,2026-04-25 14:51:27,,Jodi Ettenberg,Article > Guide,Travel > Tourist destinations > Islands,2
สอน วิธีเช็คอิน ออนไลน์ สายการบิน แอร์เอเชีย How to Self Check in online Thai Airasia Airline - YouTube,https://www.youtube.com/watch?v=hkCY3DvmvZc,"en, mr",,200,99,4.6,2948551936,0,4,8,105,29,https://www.airasia.com/check-in/en/gb,,https://www.airasia.com/check-in/v2/e...,,https://www.airasia.com/check-in/v2/en/gb,0,text,false,false,true,false,false,true,false,,,linkfound,2025-08-14 16:19:11,2026-02-14 22:45:37,,,,,2
廉價航空缺點有哪些？想買便宜機票一定要知道，第6點恐讓你省小錢花大錢 | 輕旅行 | 風生活 - 風傳媒,https://www.storm.mg/lifestyle/5320254,zh-tw,,200,77,4.5,991328,0,71,110,104,5,https://www.airasia.com/en/gb,1. Viva Macau （非凡航空，澳門到東南亞）2.,Airasia,（亞洲航空，提供東南亞廉價機票，目前為亞洲最大的廉航）3. Tiger （老虎航空，提供東南亞及澳洲廉價機票，目前澳洲打工渡假者最愛）4. Cebu pacific air （宿霧太平洋航空，提供新加坡到菲律賓、宿霧）5.,"http://www.airasia.com/, https://www.airasia.com/","301, 302",text,false,false,false,false,false,false,true,,,linkfound,2025-05-26 22:04:53,2026-04-14 15:19:03,,,,,3
【2026年最新】LCCおすすめ比較ランキング9選！国内・海外の格安航空会社を徹底解説 – 海外・国内旅行の持ち物リスト作成 | motteku（もってく）,https://motteku.jp/lcc-ranking/,ja,wordpress,200,0.2,0,2406,0,13,16,104,18,https://www.airasia.com/en/gb,,エアアジア,は、マレーシアに本拠を置く東南アジア最大のLCCグループです。日本からはクアラルンプール、バンコク、マニラなど東南アジア各都市への直行便を運航しています。,https://www.airasia.com/ja/jp,0,text,false,true,false,false,false,false,true,,,linkfound,2026-03-21 12:44:54,2026-04-24 04:04:27,,,,,2
Tripify Web check-in for Airlines: Best Online Travel Agency in India,https://www.tripify.com/webcheck-in,,,200,6,0,12043,0,14,16,104,21,https://www.airasia.com/check-in/en/gb,Please visit:,https://www.airasia.com/check-in/v2/en/gb,,https://www.airasia.com/check-in/v2/en/gb,0,text,false,true,false,false,false,false,true,,,linkrestored,2025-03-14 00:30:46,2026-04-14 16:46:13,,,,,2
"Philippines AirAsia (Z2) – Flights, Airline Tickets & Reviews",https://www.ca.kayak.com/Philippines-AirAsia.Z2.airline.html,en,,200,87,7,5820372,44,48,52,103,21,https://www.airasia.com/,,www.airasia.com,,,,text,false,true,false,false,false,true,true,,,pagefound,2022-01-10 15:08:48,2026-03-16 11:21:07,,,Listing collection > Service,Travel > Transportation > Air travel,4
AirAsia Case Study | Google Cloud,https://cloud.google.com/customers/airasia,en,,200,99,6,1281595264,29,13,25,102,9,https://www.airasia.com/,"Asia, this is only one part of its value proposition.",AirAsia,"also aims to deliver innovative, personalized products and services that",,,text,false,true,false,false,false,true,true,,,pagefound,2021-12-13 07:31:25,2026-02-12 18:22:18,,,Article > Research,Business > Defense > Aviation industry; Computers and electronics > Software > Business; Travel > Transportation > Air travel; Internet > Web services > Cloud storage,2
AirAsia X 'Premium Flatbed' - ex-PAL business class | Australian Frequent Flyer,https://www.australianfrequentflyer.com.au/community/threads/airasia-x-premium-flatbed-ex-pal-business-class.110320/,en,,200,40,4.4,91803,0,10,13,102,34,https://www.airasia.com/aa/inflight-comforts/en/gb/premium-flatbed.html,"the AirAsia ""Premium Flatbed"" product looks like (from their official",page,),,,text,false,true,true,true,false,false,true,,,pagefound,2024-07-01 00:03:50,2026-04-07 17:14:22,,,,,1
AirAsia X 'Premium Flatbed' - ex-PAL business class | Australian Frequent Flyer,https://www.australianfrequentflyer.com.au/community/threads/airasia-x-premium-flatbed-ex-pal-business-class.110320/,en,,200,40,4.4,91803,0,10,13,102,34,https://www.airasia.com/aa/inflight-comforts/en/gb/hot-meals.html,You can see the available options at the AirAsia site:,Browse AirAsia Food Menu & Pre-book Inflight Meal | airasia,and the onboard menu card here: https://www.airasia.com/aa/pdf/inflight-menu/d7-flight.pdf,,,text,false,true,true,true,false,false,true,,,pagefound,2024-07-01 00:03:50,2026-04-07 17:14:22,,,,,1
AirAsia X 'Premium Flatbed' - ex-PAL business class | Australian Frequent Flyer,https://www.australianfrequentflyer.com.au/community/threads/airasia-x-premium-flatbed-ex-pal-business-class.110320/,en,,200,40,4.4,91803,0,10,13,102,34,https://www.airasia.com/aa/pdf/inflight-menu/d7-flight.pdf,Inflight Meal | airasia and the onboard menu card here:,https://www.airasia.com/aa/pdf/inflight-menu/d7-flight.pdf,,,,text,false,true,true,true,false,false,true,,,pagefound,2024-07-01 00:03:50,2026-04-07 17:14:22,,,,,1
Air Asia Manila Office in Philippines +1-844-442-1144,https://www.airlinesofficespot.com/offices/air-asia-manila-office-in-philippines/,en,wordpress,200,34,7,5090,27,7,11,101,70,https://www.airasia.com/,The authentic Air Asia website is,https://www.airasia.com/,.,,,text,false,true,true,false,false,false,true,,,linkrestored,2025-12-14 04:34:01,2026-04-13 19:43:50,,,Article > FAQ,Travel > Transportation > Air travel,2
Air Asia Manila Office in Philippines +1-844-442-1144,https://www.airlinesofficespot.com/offices/air-asia-manila-office-in-philippines/,en,wordpress,200,34,7,5090,27,7,11,101,70,https://www.airasia.com/check-in/en/gb,,www.airasia.com/check-in/en/gb,,,,text,false,true,true,false,false,false,true,,,linkrestored,2025-12-14 04:34:01,2026-04-13 19:43:50,,,Article > FAQ,Travel > Transportation > Air travel,6
Air Asia Manila Office in Philippines +1-844-442-1144,https://www.airlinesofficespot.com/offices/air-asia-manila-office-in-philippines/,en,wordpress,200,34,7,5090,27,7,11,101,70,https://www.airasia.com/flightstatus/en/gb,,www.airasia.com/flightstatus/en/gb,,,,text,false,true,true,false,false,false,true,,,linkrestored,2025-12-14 04:34:01,2026-04-13 19:43:50,,,Article > FAQ,Travel > Transportation > Air travel,6
Onward Ticket für deine Einreise: Alles was du wissen musst - Indojunkie,https://indojunkie.com/onward-tickets-tipps/,de,"ecommerce, wordpress",200,47,5,27323,2,18,25,101,6,https://www.airasia.com/en/gb,"von Asien findest du z.B. auf tiket.com , traveloka.com oder",AirAsia.com,.,https://www.airasia.com/en/,302,text,false,true,false,false,false,false,true,,,linkrestored,2019-09-23 08:22:11,2026-04-24 09:12:41,,Melissa Schumacher,Article > Guide,Travel > Travel agencies > Other,2
Valencia Negros Oriental for a Day: 2025 Travel Guide - The Queen's Escape,https://thequeensescape.com/valencia-negros-oriental-for-a-day-2022-travel-guide/,en,wordpress,200,9,4.9,10391,1,13,17,101,10,https://www.airasia.com/en/gb,"Dumaguete City, Negros Oriental (MNL to DGT). Cebu Pacific ,",Air Asia,and Philippine Airlines has regular flights daily to and from,,,text,false,true,false,false,false,false,true,,,pagefound,2022-12-06 12:13:14,2026-04-25 17:55:09,,Anne Elizabeth Gumiran,Article > Guide,Travel > Tourist destinations > Gardens,1
งานเที่ยวญี่ปุ่นด้วยตัวเอง & ทัวร์ ครั้งที่ 17,https://www.japan.travel/th/th/fit-fair-17/,th,,200,81,4.7,1894921,17,107,129,101,5,https://www.airasia.com/th/th,,THAI AIRASIA & THAI AIRASIA X,,,,text,false,false,false,false,false,false,true,,,linkfound,2025-09-05 15:46:16,2026-04-26 02:16:03,,,Landing > Location,Travel > Travel agencies > Sightseeing tours,1
"Maldives Travel Guide: PHP20,000 Budget (with airfare and hotel) – Althea's Adventures",https://altheasadventures.com/2019/10/12/maldives-travel-guide-php20000-budget-with-airfare-and-hotel/,en,wordpress,403,0.1,4.8,1937,0,11,22,100,18,https://www.airasia.com/en/gb,,AirAsia,– Kuala Lumpur layover,,,text,false,true,false,false,false,false,true,pageerror,,linkrestored,2024-09-09 21:15:21,2026-03-07 19:50:28,2026-04-02 09:41:21,,,,1
"4 Facts About the Saloma Link, the Bridge Joining Old and New Kuala Lumpur | by Irvin Hanni | Medium",https://medium.com/@irvinhanni/4-facts-about-the-saloma-link-the-bridge-joining-old-and-new-kuala-lumpur-4edd7d8e0632,en,,200,94,0,28581780,1,4,8,100,2,https://www.airasia.com/play/assets/blt6bbd638fc70803eb/a-way-of-life-how-betel-connects-southeast-asia,part of the dowry for Malay weddings. Made out of,betel leaves folded into various shapes,", it is often intricate and elaborate.",,,text,false,true,true,true,false,true,true,,,linkfound,2025-08-23 03:07:13,2026-02-23 06:46:44,,Irvin Hanni,Article > Story,Travel > Tourist destinations > Buildings; Entertainment > Design > Architecture,1
"4 Facts About the Saloma Link, the Bridge Joining Old and New Kuala Lumpur | by Irvin Hanni | Medium",https://medium.com/@irvinhanni/4-facts-about-the-saloma-link-the-bridge-joining-old-and-new-kuala-lumpur-4edd7d8e0632,en,,200,94,0,28581780,1,4,8,100,2,https://www.airasia.com/play/assets/blt4a87a957ce6beb89/what-to-see-and-do-in-kuala-lumpur-the-garden-city-of-lights,In,"Kuala Lumpur, the Garden City of Lights",", there’s a slew of modern landmarks that should be",,,text,false,true,true,true,false,true,true,,,linkfound,2025-08-23 03:07:13,2026-02-23 06:46:44,,Irvin Hanni,Article > Story,Travel > Tourist destinations > Buildings; Entertainment > Design > Architecture,1
Wilson Staff D200 Irons Review - Plugged In Golf,https://pluggedingolf.com/wilson-staff-d200-irons-review/,en,wordpress,200,61,4.4,257865,0,13,22,99,6,https://www.airasia.com/,,Giuseppe Thacker,,http://www.airasia.com/,301,text,false,true,true,true,false,false,true,,,linkrestored,2023-11-15 22:17:16,2026-04-21 14:49:23,,Matt Saternus,,,3
Comment se Déplacer en Malaisie ? Guide des Transports,https://www.tourdumondiste.com/transports-malaisie,fr,wordpress,200,59,4.8,41852,2,30,44,98,12,https://www.airasia.com/flights/malaysia,"internationaux. Firefly , sa filiale, assure également des vols intérieurs.",AirAsia,", l’une des compagnies low-cost les plus populaires d’Asie, offre",,,text,false,true,false,false,false,true,true,,,pagefound,2024-12-06 12:19:32,2026-04-24 08:53:35,,,Article > Guide,Travel > Transportation > Urban transit,2
Comment se Déplacer en Malaisie ? Guide des Transports,https://www.tourdumondiste.com/transports-malaisie,fr,wordpress,200,59,4.8,41852,2,30,44,98,12,https://www.airasia.com/ride/,a lancé son propre service de VTC en Malaisie :,AirAsia Ride,.,,,text,false,true,false,false,false,true,true,,,pagefound,2024-12-06 12:19:32,2026-04-24 08:53:35,,,Article > Guide,Travel > Transportation > Urban transit,1
เช็คค่าน้ำหนักกระเป๋า 2569: AirAsia การบินไทย และอื่น ๆ ราคาซื้อเพิ่มและค่าปรับ | Trip.com,https://th.trip.com/ask/questions/baggage-weight-limit.html,th,,200,86,0,9934607,0,3,3,98,30,https://www.airasia.com/aa/inflight-comforts/th/th/baggage.html,,เว็บไซต์ทางการไทย แอร์เอเชีย,,,,text,false,true,true,false,false,false,true,,,linkfound,2026-01-09 22:14:51,2026-01-09 22:14:51,,,,,1
Qué ver en Langkawi: viviendo en la isla más barata de Malasia,https://www.viviendoporelmundo.com/que-ver-en-langkawi-isla-barata-de-malasia/,es,wordpress,200,15,4.8,1818,0,21,38,96,9,https://www.airasia.com/en/gb,Nosotros te aconsejamos usar la compañía low cost,AirAsia,porque tienevuelos super baratosy a veces pagando muy poco puedes,,,text,false,true,false,false,false,false,true,,,linkrestored,2020-01-25 20:46:09,2026-04-25 17:10:07,,,Article > Guide,Travel > Tourist destinations > Islands,1
"Ngabuburit: Killing Time Before Iftar, the Indonesian Way | by Yow Hong Chieh | Medium",https://medium.com/@sixtybolts/ngabuburit-killing-time-before-iftar-the-indonesian-way-980b246cb5ab,en,,200,94,0,28581780,0,7,9,96,3,https://www.airasia.com/play/assets/blt6a79fb15f11ebcee/kota-tua-jakarta-the-old-heart-of-indonesias-capital,"Monas, which is free to enter, and Kota Tua, the",old heart of Indonesia’s capital,". For those who wish to work up a sweat,",,,text,false,true,true,true,false,false,true,,,linkfound,2025-08-30 13:24:23,2026-03-15 22:12:19,,Yow Hong Chieh,,,1
"Ngabuburit: Killing Time Before Iftar, the Indonesian Way | by Yow Hong Chieh | Medium",https://medium.com/@sixtybolts/ngabuburit-killing-time-before-iftar-the-indonesian-way-980b246cb5ab,en,,200,94,0,28581780,0,7,9,96,3,https://www.airasia.com/play/assets/bltf98fb4a482c437d9/ngabuburit-killing-time-before-iftar-the-indonesian-way,First published in,AirAsia Play,on 5 Apr 2023.,,,text,false,true,true,true,false,false,true,,,linkfound,2025-08-30 13:24:23,2026-03-15 22:12:19,,Yow Hong Chieh,,,1
フィリピンエアアジアの格安航空券を予約 - Airpaz,https://www.airpaz.com/ja/airlines/Z2-Philippines-AirAsia,ja,,200,62,18,529014,0,12,18,95,13,https://www.airasia.com/aa/about-us/ja/jp/terms-and-conditions-z2.html,詳細については、フィリピンエアアジア の利用規約と条件をお読みください.,ここでクリックしてください,.,,,text,false,false,true,false,false,false,true,,,pagefound,2023-07-03 22:21:38,2026-04-15 12:27:05,,,,,1
フィリピンエアアジアの格安航空券を予約 - Airpaz,https://www.airpaz.com/ja/airlines/Z2-Philippines-AirAsia,ja,,200,62,18,529014,0,12,18,95,13,https://www.airasia.com/aa/inflight-comforts/en/my/hot-meals.html,乗客は空室状況に応じて、飛行中に楽しめる食事を注文できます.航空会社の食事とお飲み物のメニューについては,ここでクリックしてください,.,https://www.airasia.com/my/en/inflight-comforts/hot-meals.page,302,text,false,false,true,false,false,false,true,,,pagefound,2023-07-03 22:21:38,2026-04-15 12:27:05,,,,,3
フィリピンエアアジアの格安航空券を予約 - Airpaz,https://www.airpaz.com/ja/airlines/Z2-Philippines-AirAsia,ja,,200,62,18,529014,0,12,18,95,13,https://www.airasia.com/check-in/en/gb,フィリピンエアアジア の公式サイトを通じて、乗客はオンラインでチェックインできます.そのために、,ここ,をクリックして航空会社のチェックインページに移動されます.オンラインチェックインは出発予定時刻の 1 日前に行うことができます.,https://www.airasia.com/check-in/,0,text,false,false,true,false,false,false,true,,,pagefound,2023-07-03 22:21:38,2026-04-15 12:27:05,,,,,2
エアアジアの口コミ・評判（211件） ｜ みん評,https://minhyo.jp/airasia,ja,,200,75,6,852330,2,6,12,95,8,https://www.airasia.com/en/gb,,公式ページで詳細を見る,,"http://www.airasia.com/, https://www.airasia.com/","301, 302",text,false,false,true,false,false,true,true,,,linkrestored,2021-05-20 05:26:11,2026-04-26 23:58:39,,,User content > Reviews,Travel > Transportation > Air travel,3
"Koh Lanta Guide: Top Things to Do, Where to Stay, and more",https://www.mondayfeelings.com/ko-lanta-the-thai-island-you-cannot-miss/,en,"ecommerce, wordpress",200,25,4.7,9195,3,18,34,95,17,http://www.airasia.com/,– Airplane:Flights from,AirAsia,and NokAir are cheap and relatively comfortable if you are,,,text,false,true,true,false,false,false,true,,,linkrestored,2021-04-28 10:51:27,2026-04-27 01:23:54,,,Article > Guide,Travel > Tourist destinations > Islands,3
Koh Phi Phi Erfahrungen - Massentourismus oder Trauminsel?,https://siamways.de/koh-phi-phi/,de,wordpress,200,7,10,4586,2,28,29,94,52,https://www.airasia.com/en/gb,"Don Muang (DMK): Nok Air , Thai Lion Air ,",Air Asia,,,,text,false,false,false,false,false,true,true,,,linkrestored,2021-08-14 00:25:14,2025-12-11 19:45:18,,,Article > Guide,Travel > Tourist destinations > Islands,1
Reisetipps für Thailand 2026: Experten-Guide für Ihren Urlaub,https://www.thailand-reiseprofis.com/reisetipps/,de,wordpress,200,22,10,5802,4,12,15,89,16,https://www.airasia.com/en/gb,den Süden zu den Inseln) sind Inlandsflüge mit Airlines wie,AirAsia,", Thai Lion Air oder Bangkok Airways unschlagbar günstig und",,,text,false,true,false,false,false,false,true,,,linkfound,2026-03-02 20:21:16,2026-04-24 19:19:47,,,Article > Guide,Travel > Guides,1
AirAsia coupon code | 5% | April 2026 | Picodi India,https://www.picodi.com/in/airasia,en,,200,72,8,533784,2,4,5,89,25,https://www.airasia.com/aa/about-us/en/gb/flights-general-terms-and-conditions.html,You can find more information about cancellations policy,here,.,,,text,false,true,true,false,false,true,true,,,linkfound,2023-09-06 13:08:57,2026-04-24 13:35:08,,,Listing > Service,Travel > Transportation > Air travel,1
About | AirAsia Group | Routes,https://www.routesonline.com/airlines/2870/airasia-group/about/,en,,200,65,4.5,57491,1,8,28,89,63,https://www.airasia.com/en/gb,,www.airasia.com/en/gb,,,,text,false,false,false,false,false,false,true,,,linkrestored,2021-09-29 14:36:42,2026-04-08 13:54:15,,,Site page > About,Travel > Transportation > Air travel,1
Viaggio di nozze in Indonesia: le mete ideali per la luna di miele,https://vacanzeinindonesia.com/destinazioni-itinerari/viaggio-di-nozze-in-indonesia/,it,wordpress,200,4.8,7,7165,0,7,15,86,5,https://www.airasia.com/en/gb,– e poi volare in Indonesia con Singapore Airlines o,Air Asia,.,,,text,false,false,false,false,false,false,true,,,pagefound,2024-06-07 13:45:29,2025-12-01 03:46:08,,,Article > Roundup,Travel > Tourist destinations > Islands,1
Online Check-in Information | Macau International Airport,https://www.macau-airport.com/en/passenger-guide/web-check-in,en,,200,56,6,3215,1,29,40,85,5,https://www.airasia.com/en/gb,,Thai Air Asia,,https://www.airasia.com/,302,image,false,false,false,false,false,true,true,,,linkrestored,2025-04-09 17:49:34,2026-04-19 04:46:06,,,Site page > Services,Travel > Transportation > Air travel,4
Online Check-in Information | Macau International Airport,https://www.macau-airport.com/en/passenger-guide/web-check-in,en,,200,56,6,3215,1,29,40,85,5,https://www.airasia.com/check-in,,Air Asia,,http://www.airasia.com/check-in,301,image,false,false,false,false,false,true,true,,,linkrestored,2021-11-18 10:49:57,2026-04-19 04:46:06,,,Site page > Services,Travel > Transportation > Air travel,5
How to get to Ko Lanta | Travelfish,https://www.travelfish.org/transport/thailand/southern_thailand/krabi/ko_lanta/all,en,,200,65,5,48424,0,17,28,85,9,http://www.airasia.com/,", Nok Air , Bangkok Airways and",Air Asia,.,,,text,false,true,false,false,false,false,true,,,linkrestored,2016-07-25 10:06:21,2026-04-06 13:48:21,,David Luekens,,,3
Airline Fees - KAYAK,https://www.kayak.com/airline-fees,en,,200,87,51,5820372,115,941,1388,84,98,https://www.airasia.com/,,Visit airline website for information on fees,,,,text,false,true,false,false,false,true,true,,,linkrestored,2018-05-09 04:33:45,2026-04-12 07:17:58,,,Site page > Services,Travel > Transportation > Air travel,2
درجة رجال الأعمال - ويكيبيديا,https://ar.wikipedia.org/wiki/%D8%AF%D8%B1%D8%AC%D8%A9_%D8%B1%D8%AC%D8%A7%D9%84_%D8%A7%D9%84%D8%A3%D8%B9%D9%85%D8%A7%D9%84,ar,wikis,200,97,5,4182976512,5,25,111,82,9,https://www.airasia.com/ask/template.do?id=229,,"""AskAirAsia – What is a Hot Seat?""",.www.airasia.com. مؤرشف من الأصل في 2017-06-01,http://www.airasia.com/ask/template.do?id=229,301,text,false,true,true,false,false,false,true,,,linkfound,2022-08-10 15:24:52,2026-03-04 13:05:42,,,Article > Wiki,Travel > Transportation > Air travel; Business,2
"航空公司资料, 航班信息 - 香港国际机场",https://www.hongkongairport.com/sc/flights/airlines-information/airlines.page,,,200,77,6,220299,3,108,191,81,6,https://www.airasia.com/,,航空公司网站: http://www.airasia.com,,http://www.airasia.com/,301,text,false,false,false,false,false,false,true,,,linkrestored,2023-11-05 06:14:53,2026-04-27 02:43:44,,,Site page > Services,Travel > Transportation > Air travel,2
"航空公司资料, 航班信息 - 香港国际机场",https://www.hongkongairport.com/sc/flights/airlines-information/airlines.page,,,200,77,6,220299,3,108,191,81,6,https://www.airasia.com/en/gb,,航空公司网站: https://www.airasia.com/en/gb,,,,text,false,false,false,false,false,false,true,,,linkrestored,2021-09-03 01:19:35,2026-04-27 02:43:44,,,Site page > Services,Travel > Transportation > Air travel,1
Airlines - Cochin International Airport,https://m.cial.aero/Airlines,,,200,53,4.7,30695,0,30,55,81,52,https://www.airasia.com/en/gb,,http://www.airasia.com/ Telephone:+91-484-2611434 / 436,,"http://www.airasia.com/, https://www.airasia.com/","301, 302",text,false,true,false,false,false,false,true,,,linkrestored,2022-05-24 16:57:33,2026-04-12 04:51:56,,,,,3
Airlines - Cochin International Airport,https://m.cial.aero/Airlines,,,200,53,4.7,30695,0,30,55,81,52,https://www.airasia.com/flights/india/,,https://www.airasia.com/flights/india Telephone:0484 26 11 433/434/444,,https://www.airasia.com/flights/india,308,text,false,true,false,false,false,false,true,,,linkfound,2026-03-31 00:49:51,2026-04-12 04:51:56,,,,,2
QUÉ VER Y HACER EN GEORGETOWN (PENANG) GUIA DE VIAJE – Mi Huella x el Mundo,https://mihuellaxelmundo.com/que-ver-y-hacer-en-georgetown-penang-guia-de-viaje/,es,"ecommerce, wordpress",200,2.7,4.5,6511,0,34,66,81,12,https://www.airasia.com/en/gb,podréis encontrar buenos precios si los miráis con antelación con,AirAsia,o con Malasian Airlines .,,,text,false,true,false,false,false,false,true,,,pagefound,2025-12-15 18:40:19,2026-04-25 07:57:55,,,,,1
Cách check in online Airasia: Hướng dẫn chi tiết A - Z,https://www.traveloka.com/vi-vn/explore/tips/flights-cach-check-in-online-airasia/497062,vi,,200,82,4.4,11427029,0,9,12,81,12,https://www.airasia.com/check-in/v2/en/gb?funnel_source=content_article&funnel_id=WP_497062,"check in online AirAsia, bạn có thể thực hiện qua",website Airasia,hoặc ứng dụng di động của hãng. Quá trình này,,,text,false,true,false,false,false,false,true,,,pagefound,2025-12-29 09:19:13,2026-04-21 03:34:14,,,,,1
Travel To Albany WA - Travel Guide,https://www.albanywesternaustralia.com.au/travel-to-albany-western-australia,en,,200,31,8,3284,2,33,55,80,36,https://www.airasia.com/en/gb,Air Asia (AK) - Website:,airasia.com/en/gb,- Phone: +61238138388,,,text,false,true,false,false,false,true,true,,,linkfound,2025-12-01 02:41:00,2026-04-22 22:18:25,,,Article > Guide,Travel > Transportation > Air travel,1
[BON PLAN] Voyager Pas Cher à Koh Samui en Thaïlande AVEC mon conseil AVION + TAXI + FERRY !!! 🇹🇭🙏 - YouTube,https://www.youtube.com/watch?v=7XQaq9B-COk,en,,200,99,0,2948551936,0,7,12,80,25,https://www.airasia.com/en/gb,,https://www.airasia.com/en/gb,,,,text,false,false,true,false,false,true,false,,,pagefound,2025-12-19 18:13:07,2025-12-19 18:13:07,,,,,2
"How to Get to Koh Rong From Sihanoukville, Phnom Penh & More | Visit Koh Rong",https://www.visitkohrong.com/how-to-get-to-koh-rong/,en,wordpress,200,36,10,1792,14,17,50,79,18,https://www.airasia.com/en/gb,routes – most notably non-stop services to Kuala Lumpur (,AirAsia,/ AirAsia Cambodia) and direct flights to Ho Chi Minh,https://www.airasia.com/,302,text,false,true,false,false,false,false,true,,,linkrestored,2023-04-13 21:02:19,2026-04-15 22:27:54,,,Article > How-to,Travel > Transportation > Charters,2
Raja Ampat: il vero paradiso tropicale in Indonesia - Vacanze in Indonesia,https://vacanzeinindonesia.com/organizza-il-tuo-viaggio/raja-ampat-indonesia/,it,wordpress,200,4.8,5,7165,0,9,18,79,13,https://www.airasia.com/en/gb,–,Air Asia,;,https://www.airasia.com/it/it,302,text,false,true,false,false,false,false,true,,,linkfound,2022-08-08 02:03:59,2026-01-13 12:33:58,,,,,4
AirAsia Customer Service Contact Support Via Phone Email Exec Contacts - Elliott Report,https://www.elliott.org/company-contacts/airasia-customer-service/,en,wordpress,200,61,4.9,508706,1,12,26,79,59,http://www.airasia.com/,Visit,airasia.com,.,,,text,false,true,false,false,false,true,true,,,linkfound,2024-03-25 17:49:03,2026-04-10 05:51:36,,,Article > How-to,Travel > Transportation > Air travel,2
AirAsia Customer Service Contact Support Via Phone Email Exec Contacts - Elliott Report,https://www.elliott.org/company-contacts/airasia-customer-service/,en,wordpress,200,61,4.9,508706,1,12,26,79,59,https://www.airasia.com/,,airasia.com,,,,text,false,false,false,false,false,true,true,,,pagefound,2020-08-20 14:56:35,2026-04-10 05:51:36,,,Article > How-to,Travel > Transportation > Air travel,1
Daftar Kontak Maskapai Penerbangan | Tokopedia Care,https://www.tokopedia.com/help/article/kontak-maskapai-penerbangan,id,,200,90,4.8,31530544,0,13,18,79,44,https://www.airasia.com/en/gb,Website:,https://www.airasia.com/en/gb,.,,,text,false,true,false,false,false,false,true,,,pagefound,2024-01-28 07:49:29,2026-03-22 13:13:17,,,,,1
What are the Top Food Delivery Platforms in Malaysia?,https://www.eats365pos.com/my/blog/post/top-food-delivery-malaysia,en,,200,65,4.6,21378,2,10,12,79,31,https://www.airasia.com/aa/appdownload/,"Finally, AirAsia Food , part of the",AirAsia Super,"App, is another contender, offering delivery services alongside other travel",,,text,false,true,true,false,false,false,true,,,pagefound,2025-05-28 07:52:46,2026-04-11 12:18:37,,,Article > Comparison,Food > Delivery > Restaurant delivery,1
What are the Top Food Delivery Platforms in Malaysia?,https://www.eats365pos.com/my/blog/post/top-food-delivery-malaysia,en,,200,65,4.6,21378,2,10,12,79,31,https://www.airasia.com/food/city/,"Finally,",AirAsia Food,", part of the AirAsia Super App, is another contender,",,,text,false,true,true,false,false,false,true,,,pagefound,2025-05-28 07:52:46,2026-04-11 12:18:37,,,Article > Comparison,Food > Delivery > Restaurant delivery,1
,https://traveledge.axis.bank.in/travel/common/termsandcondition,en,,200,88,12,75113456,5,24,32,78,13,https://www.airasia.com/rewards/support/en/gb,,air asia rewards,,,,text,false,true,false,false,false,true,false,,,pagefound,2025-11-07 08:08:36,2026-04-15 05:45:25,,,Site page > Terms,Travel > Travel agencies > Other; Finance > Banking,3
ボホール島ツアー完全ガイド 行き方、人気観光地、ツアー内容、ホテルまで徹底解説 | SMARYU MAG《留学ブログ》,https://smaryu.com/column/d/92286/,ja,wordpress,200,62,6,55530,2,18,26,77,7,https://www.airasia.com/ja/jp,,エアアジア,,,,text,false,true,false,false,false,false,true,,,pagefound,2025-03-03 01:31:38,2026-04-25 13:43:24,,株式会社リアブロード,Article > Guide,Travel > Tourist destinations > Islands,2
Visiting Thailand's east coast • Fan Club Thailand,https://fanclubthailand.co.uk/visiting-thailands-east-coast/,en,wordpress,200,41,4.9,18808,3,18,37,77,9,https://www.airasia.com/,also served by the airport at U-Tapao with services from,Air Asia,and Bangkok Airways linking a number of domestic and international,,,text,false,true,false,false,false,true,true,,,linkrestored,2019-07-23 11:48:30,2026-04-26 10:19:07,,Roy Cavanagh,Article > Guide,Travel > Tourist destinations > Islands,2
"Ruta por Tailandia en 15 días: itinerario completo, mapa y consejos",https://www.viviendoporelmundo.com/la-ruta-de-15-dias-en-tailandia-perfecta-para-ti/,es,wordpress,200,15,9,1818,0,13,35,76,29,https://www.airasia.com/en/gb,En avión:es la manera más rápida de llegar. En,Air Asia,puedes encontrar billetes de avión muy baratos si lo miras,https://www.airasia.com/,302,text,false,true,true,false,false,false,true,,,linkrestored,2024-03-26 14:32:19,2026-04-16 15:02:41,,,Article > Guide,Travel > Guides,2
Top 10 Airlines by Global Region 2024 - Skytrax,https://skytraxratings.com/top-10-airlines-by-global-region-2024,en,wordpress,200,65,4.5,60361,7,145,213,76,40,https://www.airasia.com/,"Vistara (8th), Bangkok Airways (9th) and",AirAsia,(10th).,,,text,false,true,false,false,false,false,true,,,pagefound,2024-08-07 23:08:32,2026-04-22 14:59:49,,James Plaisted,Article > Roundup,Travel > Transportation > Air travel,2
"AirAsia (AK) – Flights, Airline Tickets & Reviews",https://www.ca.kayak.com/AirAsia.AK.airline.html,en,,200,87,8,5820372,45,48,51,75,21,https://www.airasia.com/en/gb,,airasia.com,,https://www.airasia.com/,302,text,false,true,false,false,false,true,true,,,pagefound,2022-07-27 16:03:25,2026-02-05 09:55:59,,,Listing collection > Service,Travel > Transportation > Air travel,15
Success Story of Alfredo Yao: The Juice King | Philippine Primer,https://primer.com.ph/business/success-story-of-alfredo-yao-the-juice-king/,en,wordpress,200,51,8,6858,2,12,13,75,8,https://www.airasia.com/en/gb,"In 2016, Zest Airways was fully integrated with AirAsia as",AirAsia Zest,.,,,text,false,true,false,false,false,false,true,,,linkfound,2024-05-14 03:38:05,2026-04-16 11:26:28,,Primer Media Inc,Article > Story,Business > Retail trade; Food > Beverages > Juice; Society,1
Viaggio in Thailandia fai da te: guida alla pianificazione,https://thejaunter.com/viaggio-in-thailandia-fa-da-te/,it,wordpress,200,2.6,5,2512,0,7,7,75,16,https://www.airasia.com/en/gb,Una dellecompagnie low costa cui fare riferimento è senza dubbio,AirAsia.,,,,text,false,true,false,false,false,false,true,,,pagefound,2021-01-17 22:02:38,2026-04-26 11:19:36,,,,,1
"Guide to Da Nang International Airport: Tips, SIM, Transport",https://www.friendstravelvietnam.com/guide-to-da-nang-international-airport,en,,200,18,4.5,5937,1,21,36,75,6,https://www.airasia.com/en/gb,,AirAsia,,,,text,false,true,false,false,false,true,true,,,linkfound,2025-04-12 20:09:14,2026-04-24 15:25:49,,,Article > Guide,Travel > Transportation > Air travel,1
,https://www.google.com.ph/goto?url=CAEScwE7q4ylIjMb5ASgBDQ4qz-kofmuIxkNsALP9a8iVcnHKsgn9vJEJ1oj08uulvRJDkOxrCgNtujQpcNZ6i7LBbLfX5dNjpthJx2Yxg7K3FOzLwIS997CaJIIBxc_nxPKCRC_6fg_6RkWq2u5LsWUqBZWsJE=,,,302,86,0,621609,0,1,1,75,1,https://www.airasia.com/flights/from-cebu-ceb-to-davao-dvo/,,,,,,redirect,false,false,false,false,false,false,true,,,pagefound,2026-04-11 16:31:29,2026-04-11 16:31:29,,,,,1
Here's everything you need to know on the Taylor Swift Singapore concert,https://www.lifestyleasia.com/kl/whats-on/events-whats-on/taylor-swift-the-eras-tour-singapore-ticket-prices-venue-details/,en,wordpress,200,77,4.5,189297,5,20,30,74,46,https://www.airasia.com/flight/en/gb?from=BKI&to=SIN&gclid=CjwKCAjw-b-kBhB-EiwA4fvKrPFsB44Ln3AaB7xjqT5ljZ1MU7mRiZMEcBt05kzenikkkKgAkzoyuhoCevkQAvD_BwE&gclsrc=aw.ds,"offer tickets between both KLIA and Changi International Airport, including",AirAsia,", FireFlyz , and Scoot .",,,text,false,true,true,false,false,false,true,,,linkrestored,2023-07-05 07:19:59,2026-04-24 17:11:48,,Benjamin Wong,Article > How-to,Entertainment > Music > Pop music,1
バニラ・エア - Wikipedia,https://ja.wikipedia.org/wiki/%E3%83%90%E3%83%8B%E3%83%A9%E3%83%BB%E3%82%A8%E3%82%A2,ja,wikis,200,97,4.5,4182976512,23,43,197,74,7,http://www.airasia.com/jp/ja/flightinfo/jwfnb.page,,エアアジア　機内でのお食事&お飲物（JW便）,- airasia.com[,,,text,false,true,true,false,false,false,true,,,pagefound,2020-07-30 22:29:07,2026-04-14 02:34:57,,,Article > Wiki,Travel > Transportation > Air travel; Business > Defense > Aviation industry; Autos,2
バニラ・エア - Wikipedia,https://ja.wikipedia.org/wiki/%E3%83%90%E3%83%8B%E3%83%A9%E3%83%BB%E3%82%A8%E3%82%A2,ja,wikis,200,97,4.5,4182976512,23,43,197,74,7,http://www.airasia.com/jp/ja/press-releases/aaj-international-launch.page,,エアアジア・ジャパン 国際線 就航開始,- エアアジア（2013年12月28日確認）,,,text,false,true,true,false,false,false,true,,,pagefound,2020-07-30 22:29:07,2026-04-14 02:34:57,,,Article > Wiki,Travel > Transportation > Air travel; Business > Defense > Aviation industry; Autos,2
バニラ・エア - Wikipedia,https://ja.wikipedia.org/wiki/%E3%83%90%E3%83%8B%E3%83%A9%E3%83%BB%E3%82%A8%E3%82%A2,ja,wikis,200,97,4.5,4182976512,23,43,197,74,7,https://www.airasia.com/jp/ja/press-releases/nagoya-launch.page,,2013年3月31日 中部国際空港より就航開始　【中部発着 国内線】運航計画と運賃を発表,- エアアジア（2013年12月29日確認）,http://www.airasia.com/jp/ja/press-releases/nagoya-launch.page,301,text,false,true,true,false,false,false,true,,,pagefound,2020-07-30 22:29:07,2026-04-14 02:34:57,,,Article > Wiki,Travel > Transportation > Air travel; Business > Defense > Aviation industry; Autos,3
バニラ・エア - Wikipedia,https://ja.wikipedia.org/wiki/%E3%83%90%E3%83%8B%E3%83%A9%E3%83%BB%E3%82%A8%E3%82%A2,ja,wikis,200,97,4.5,4182976512,23,43,197,74,7,https://www.airasia.com/jp/ja/press-releases/airasia-japan-red-base.page,,エアアジア・ジャパン　成田国際空港内の新オフィス「RED BASE」へ移転,- AirAsia（2013年12月29日確認）,http://www.airasia.com/jp/ja/press-releases/airasia-japan-red-base.page,301,text,false,true,true,false,false,false,true,,,pagefound,2020-07-30 22:29:07,2026-04-14 02:34:57,,,Article > Wiki,Travel > Transportation > Air travel; Business > Defense > Aviation industry; Autos,2
バニラ・エア - Wikipedia,https://ja.wikipedia.org/wiki/%E3%83%90%E3%83%8B%E3%83%A9%E3%83%BB%E3%82%A8%E3%82%A2,ja,wikis,200,97,4.5,4182976512,23,43,197,74,7,http://www.airasia.com/jp/ja/latest-news/flight-cancellation-notification.page,,エアアジア保有機材の一部返却に伴う欠航について,- エアアジア（2013年12月28日確認）,,,text,false,true,true,false,false,false,true,,,pagefound,2020-07-30 22:29:07,2026-04-14 02:34:57,,,Article > Wiki,Travel > Transportation > Air travel; Business > Defense > Aviation industry; Autos,2
バニラ・エア - Wikipedia,https://ja.wikipedia.org/wiki/%E3%83%90%E3%83%8B%E3%83%A9%E3%83%BB%E3%82%A8%E3%82%A2,ja,wikis,200,97,4.5,4182976512,23,43,197,74,7,http://www.airasia.com/jp/ja/latest-news/airasia-japan-announcement.page,,一部報道につきまして(6/11更新),エアアジア 2013年6月11日（2013年12月29日確認）,,,text,false,true,true,false,false,false,true,,,pagefound,2020-07-30 22:29:07,2026-04-14 02:34:57,,,Article > Wiki,Travel > Transportation > Air travel; Business > Defense > Aviation industry; Autos,2
バニラ・エア - Wikipedia,https://ja.wikipedia.org/wiki/%E3%83%90%E3%83%8B%E3%83%A9%E3%83%BB%E3%82%A8%E3%82%A2,ja,wikis,200,97,4.5,4182976512,23,43,197,74,7,https://www.airasia.com/jp/ja/press-releases/centrair-international-launch.page,,中部国際空港から本邦LCC初の国際線 名古屋（中部）=ソウル（仁川）線 就航!,- エアアジア 2013年4月26日,http://www.airasia.com/jp/ja/press-releases/centrair-international-launch.page,301,text,false,true,true,false,false,false,true,,,linkrestored,2020-07-30 22:29:07,2026-04-14 02:34:57,,,Article > Wiki,Travel > Transportation > Air travel; Business > Defense > Aviation industry; Autos,2
バニラ・エア - Wikipedia,https://ja.wikipedia.org/wiki/%E3%83%90%E3%83%8B%E3%83%A9%E3%83%BB%E3%82%A8%E3%82%A2,ja,wikis,200,97,4.5,4182976512,23,43,197,74,7,https://www.airasia.com/jp/ja/,,http://www.airasia.com/jp/ja/,,http://www.airasia.com/jp/ja/,301,text,false,true,true,false,false,false,true,,,pagefound,2020-07-30 22:29:07,2026-04-14 02:34:57,,,Article > Wiki,Travel > Transportation > Air travel; Business > Defense > Aviation industry; Autos,2
Hướng Dẫn Săn Vé Máy Bay Giá Rẻ - Siêu Chi Tiết + Video | Phuotvivu,https://phuotvivu.com/blog/huong-dan-san-ve-may-bay-gia-re/,vi,wordpress,200,30,16,18137,1,19,26,73,3,https://www.airasia.com/vn/vi/promotion.page,,AirAsia,,,,text,false,true,false,false,false,true,true,,,pagefound,2018-10-01 01:05:50,2026-04-24 20:17:52,,,Article > Guide,Travel > Transportation > Air travel,2
The Best Travel Backpacks - Our Readers Voted!,https://southeastasiabackpacker.com/best-backpacks-for-travelling/,en,"ecommerce, wordpress",200,50,7,9449,4,18,49,73,9,https://www.airasia.com/en/gb,long haul carriers allow 10kg but some budget Airlines like,AirAsia,have a maximum carry-on baggage weight of 7kg. Always check,https://www.airasia.com/,302,text,false,true,false,false,false,true,true,,,linkrestored,2019-06-15 16:21:20,2026-04-14 17:46:00,,Tim Ashdown,Article > Review,Travel > Travel accessories; Shopping > Apparel > Clothing accessories,2
"Indonesia AirAsia (QZ) - Penerbangan, Tiket Pesawat & Ulasan",https://www.kayak.co.id/Indonesia-AirAsia.QZ.airline.html,id,,200,34,11,96215,35,46,71,72,11,https://www.airasia.com/id/id,,airasia.com,,,,text,false,true,false,false,false,false,true,,,pagefound,2022-07-21 16:59:14,2026-04-25 16:27:23,,,Listing collection > Service,Travel > Transportation > Air travel,1
Putovanje u Tajland – samostalno ili preko agencije? — Zajedno oko sveta,https://www.zajednookosveta.com/tajland-samostalno-ili-preko-agencije/,,wordpress,200,16,4.6,17519,0,12,28,72,7,https://www.airasia.com/en/home.page,,AirAsia,,,,text,false,true,false,false,false,false,true,,,pagefound,2019-03-23 13:58:32,2026-04-24 20:03:37,,,,,2
Thai Airasia (FD) Flüge buchen | fluege.de,https://www.fluege.de/airline/thai-airasia,de,,200,59,8,378034,0,1,2,71,10,https://www.airasia.com/en/gb,Webseite:,www.airasia.com,,https://www.airasia.com/,302,text,false,false,false,false,false,false,true,,,linkrestored,2024-12-16 21:22:54,2026-04-13 21:00:54,,,,,4
Budget Airlines flying to Bali and from Bali,https://bali.com/budget-airlines/,en,"ecommerce, wordpress",200,72,5,147819,3,19,22,71,5,https://www.airasia.com/en/gb,,,,,,text,false,false,false,false,false,true,true,,,pagefound,2022-05-29 15:40:20,2026-04-25 16:08:57,,,Listing collection > Location,Travel > Transportation > Air travel,1
10 Lifecycle Marketing Examples to Get Your Conversions Rolling | Campaign Monitor,https://www.campaignmonitor.com/blog/email-marketing/10-examples-using-email-for-lifecycle-marketing/,en,wordpress,429,89,4.8,324078,7,34,49,70,5,https://www.airasia.com/en/gb,,AirAsia,,,,text,false,true,false,false,false,true,true,pageerror,,linkrestored,2022-01-29 02:25:41,2026-04-23 23:51:32,2026-04-26 03:30:19,,,,1
海外旅行用バックパックの選び方【初心者バックパッカー向け】。 | タイ一択,https://runbkk.net/how-to-choose-backpack/,ja,wordpress,200,38,4.7,5554,1,21,63,70,12,https://www.airasia.com/aa/inflight-comforts/ja/jp/baggage.html,,エアアジア,,,,text,false,true,true,false,false,false,true,removedfromhtml,,linkfound,2020-09-22 03:03:18,2026-04-15 10:12:46,2026-04-20 10:48:34,,Article > How-to,Travel > Travel accessories > Utility bags,4
Malaysia with kids travel guide (2026),https://travelynnfamily.com/malaysia-with-kids-travel-guide/,en,wordpress,200,40,14,118934,5,12,17,69,21,https://www.airasia.com/flights/,,Air Asia,flight over Sandakan,,,text,false,false,false,false,false,false,true,,,linkfound,2023-11-11 23:49:45,2026-04-16 11:51:06,,Jenny Lynn,Article > Guide,Travel > Guides,1
"▷ Viaje por Tailandia, Camboya y Vietnam 2026 [MUY COMPLETO]",https://toursentailandia.com/tour/viaje-por-tailandia-camboya-y-vietnam/,es,wordpress,200,4.9,4.6,1504,0,7,16,69,23,https://www.airasia.com/en/gb,de Chiang Mai. Vuelo a Krabi (no incluido – recomendamos,www.airasia.com,). Recogida en el aeropuerto y traslado al hotel.,https://www.airasia.com/,302,text,false,true,false,false,false,false,true,,,linkfound,2026-03-31 11:20:19,2026-04-22 04:12:34,,,,,4
These Are The Best Black Friday And Cyber Monday Travel Deals To Book ASAP | URBAN LIST,https://www.theurbanlist.com/a-list/black-friday-travel-deals-australia-2025,en,,200,77,4.8,419558,0,16,35,68,44,https://www.airasia.com/,,AirAsia is slashing 99% off one-way fares,,"http://airasia.com/, https://airasia.com/","301, 301",text,false,true,false,false,false,false,true,,,linkfound,2025-12-22 21:53:09,2026-04-15 01:35:48,,,,,2
These Are The Best Black Friday And Cyber Monday Travel Deals To Book ASAP | URBAN LIST,https://www.theurbanlist.com/a-list/black-friday-travel-deals-australia-2025,en,,200,77,4.8,419558,0,16,35,68,44,https://www.airasia.com/flights/,,SHOP AIRASIA’S BLACK FRIDAY SALE HERE,,,,text,false,true,false,false,false,false,true,,,pagefound,2025-11-29 19:54:26,2026-04-15 01:35:48,,,,,1
客室乗務員 最新募集情報 - エアラインスクール アイザック,https://airline.gr.jp/recruit,ja,,200,29,6,3037,1,234,2107,67,11,https://www.airasia.com/jp/ja/about-us/cabin-crew-e%20xperienced.page,,エアアジア,,,,text,false,true,false,false,false,true,true,,,pagefound,2021-09-23 12:12:42,2026-04-25 21:47:22,,,Listing > Job,Jobs and education > Jobs > Job; Travel > Transportation > Air travel,1
客室乗務員 最新募集情報 - エアラインスクール アイザック,https://airline.gr.jp/recruit,ja,,200,29,6,3037,1,234,2107,67,11,http://www.airasia.com/jp/en/about-us/guest-service.page,,エアアジア ジャパン,,,,text,false,true,false,false,false,true,true,,,pagefound,2021-09-23 12:12:42,2026-04-25 21:47:22,,,Listing > Job,Jobs and education > Jobs > Job; Travel > Transportation > Air travel,4
客室乗務員 最新募集情報 - エアラインスクール アイザック,https://airline.gr.jp/recruit,ja,,200,29,6,3037,1,234,2107,67,11,http://www.airasia.com/jp/ja/about-us/airasia-careers-other-positions.page,,エアアジア・ジャパン,,,,text,false,true,false,false,false,true,true,,,pagefound,2021-09-23 12:12:42,2026-04-25 21:47:22,,,Listing > Job,Jobs and education > Jobs > Job; Travel > Transportation > Air travel,9
那些飛機座位要注意 航空座位表選位懶人包 沒窗戶? 不能往後躺? 看富士山? 那個座位好？ - 這裡胡說 JL TALKS,https://blog.jesselin.com/archives/14040/aircraft-seat-selection/,zh-tw,wordpress,200,18,4.7,5793,6,41,142,67,18,https://www.airasia.com/aa/inflight-comforts/zh/tw/seats.html,,亞洲航空,,,,text,false,true,false,false,false,false,true,,,pagefound,2025-09-29 10:48:04,2026-04-26 06:14:30,,,Article > How-to,Travel > Transportation > Air travel,1
Boote und Fähren in Thailand: Routen und Tickets,https://faszination-suedostasien.de/thailand-faehren-boote-schiffe/,de,"ecommerce, wordpress",200,43,10,58682,3,19,109,66,5,https://www.airasia.com/en/gb,von Bangkok nach Koh Phi Phi. Auch bekannte Airlines wie,AirAsia,oder Nok Air bieten Kombitickets zu den beliebtesten Inseln an.,https://www.airasia.com/,302,text,false,true,false,false,false,false,true,,,linkrestored,2023-11-24 20:47:46,2026-04-25 12:09:37,,,Article > How-to,Travel > Transportation > Charters,2
Book Cheap AirAsiaX Flight Tickets & Deals - Airpaz,https://www.airpaz.com/en/airlines/D7-AirAsiaX,en,,200,62,33,529014,2,11,17,65,21,https://www.airasia.com/rewards/earn-freedom-flyer/en/gb,"loyal customers, and more information on it can be accessed",here,.,,,text,false,false,true,false,false,true,true,,,linkfound,2023-08-01 17:53:36,2026-02-08 01:52:54,,,Listing collection > Service,Travel > Transportation > Air travel,3
Book Cheap AirAsiaX Flight Tickets & Deals - Airpaz,https://www.airpaz.com/en/airlines/D7-AirAsiaX,en,,200,62,33,529014,2,11,17,65,21,https://www.airasia.com/aa/inflight-comforts/en/gb/hot-meals.html,"to the availability. For the airline's meals and beverages menu,",click here,.,,,text,false,false,true,false,false,true,true,,,pagefound,2022-09-15 11:25:39,2026-02-08 01:52:54,,,Listing collection > Service,Travel > Transportation > Air travel,1
Book Cheap AirAsiaX Flight Tickets & Deals - Airpaz,https://www.airpaz.com/en/airlines/D7-AirAsiaX,en,,200,62,33,529014,2,11,17,65,21,https://www.airasia.com/check-in/en/gb,"AirAsiaX, passengers can check in online. To do so, click",here,to go to the airline’s check-in page. Online check-in page,,,text,false,false,true,false,false,true,true,,,pagefound,2022-09-15 11:25:39,2026-02-08 01:52:54,,,Listing collection > Service,Travel > Transportation > Air travel,1
Book Cheap AirAsiaX Flight Tickets & Deals - Airpaz,https://www.airpaz.com/en/airlines/D7-AirAsiaX,en,,200,62,33,529014,2,11,17,65,21,https://www.airasia.com/aa/about-us/en/gb/terms-and-conditions-d7.html,"For further information, read the Terms and Conditions of AirAsiaX,",click here,.,,,text,false,false,true,false,false,true,true,,,pagefound,2022-09-15 11:25:39,2026-02-08 01:52:54,,,Listing collection > Service,Travel > Transportation > Air travel,1
Flying On A One-Way Ticket (My Proven & Easy Solution),https://www.indietraveller.co/travelling-on-one-way-tickets/,en,wordpress,200,55,5,583210,12,34,50,65,27,https://www.airasia.com/en/gb,Bali to Singapore or Kuala Lumpur for example (e.g. with,http://www.airasia.com,).,"http://www.airasia.com/, https://www.airasia.com/","301, 302",text,false,false,true,true,false,false,true,,,linkrestored,2019-06-15 15:03:04,2026-04-21 13:27:25,,,Article > How-to,Travel > Transportation > Air travel,3
โดนยกเลิกไฟลต์อย่าเพิ่งตกใจ ! เปิดขั้นตอนขอ Refund เมื่อสายการบินเทไฟลต์กะทันหัน - BT beartai,https://www.beartai.com/read/1499739/,"th, en",wordpress,200,70,0,84524,0,11,17,65,22,https://www.airasia.com/,ขั้นตอนเริ่มจากเข้าไปที่แอปฯ AirAsia MOVE หรือเว็บไซต์,https://www.airasia.com/,เลือกคุยกับ Ask Bo > เลือก “การคืนเงิน (Refund)” > เลือก,,,text,false,true,false,false,false,false,true,,,linkfound,2026-04-21 13:30:41,2026-04-27 05:05:53,,,,,2
2026 Bohol DIY Travel Guide (Itinerary + Budget) - The Queen's Escape,https://thequeensescape.com/2021-bohol-diy-travel-guide-itinerary-budget/,en,wordpress,200,9,5,10391,2,11,27,64,9,https://www.airasia.com/en/gb,"from Manila to Panglao. Cebu Pacific , Philippine Airlines and",AirAsia,has two flights from Manila to Panglao daily.,,,text,false,true,false,false,false,false,true,,,pagefound,2022-12-04 17:44:09,2026-04-26 07:00:09,,Anne Elizabeth Gumiran,Article > Guide,Travel > Guides,1
"How to get to Boracay, a tropical paradise! - Little Grey Box",https://littlegreybox.net/how-to-get-to-boracay-a-tropical-paradise/,en,wordpress,200,30,4.6,109561,1,29,56,64,12,https://www.airasia.com/en/gb,We flew with,AirAsia,"the whole way, and it was surprisingly smooth. They run","http://www.airasia.com/, https://www.airasia.com/","301, 302",text,false,true,false,false,false,true,true,,,linkrestored,2022-12-04 07:36:28,2026-04-14 15:59:39,,,Article > How-to,Travel > Tourist destinations > Islands,3
Met deze luchtvaartmaatschappijen wil je vliegen: de 10 beste airlines van 2025 - Columbus Travel,https://www.columbusmagazine.nl/thema/vliegen/artikel/81292/beste-luchtvaartmaatschappijen-2025/,nl,wordpress,200,54,4.5,28108,0,37,66,64,14,https://www.airasia.com/en/gb,dat betaalbaar vliegen prima kan samengaan met service. Wereldwijd blijft,AirAsia,indrukwekkend dominant – geen verrassing: het is voor het zestiende,https://www.airasia.com/,302,text,false,true,false,false,false,false,true,,,linkrestored,2025-07-05 10:28:16,2026-04-06 18:12:03,,Vellah Bogle,,,2
Earn and Redeem Airasia Points In 2023,https://www.imoney.my/articles/how-much-is-an-airasia-big-point-really-worth-2,en,wordpress,200,58,0,70831,1,8,18,64,17,https://www.airasia.com/rewards/en/gb,,AirAsia Rewards website,,,,text,false,true,false,false,false,false,true,,,pagefound,2026-01-09 09:32:46,2026-04-08 20:06:16,,Jordan Low,Article > How-to,Travel > Travel agencies > Vacation; Finance > Management > Other,2
Earn and Redeem Airasia Points In 2023,https://www.imoney.my/articles/how-much-is-an-airasia-big-point-really-worth-2,en,wordpress,200,58,0,70831,1,8,18,64,17,https://www.airasia.com/rewards/earn-freedom-flyer/,haul flights will count towards these points but they d,iffer by code,". One way short-haul flights or flights operated by AK,",https://www.airasia.com/rewards/earn-freedom-flyer/en/gb,0,text,false,true,false,false,false,false,true,,,pagefound,2026-01-09 09:32:46,2026-04-08 20:06:16,,Jordan Low,Article > How-to,Travel > Travel agencies > Vacation; Finance > Management > Other,3
Earn and Redeem Airasia Points In 2023,https://www.imoney.my/articles/how-much-is-an-airasia-big-point-really-worth-2,en,wordpress,200,58,0,70831,1,8,18,64,17,https://www.airasia.com/rewards/earn,,AirAsia’s rewards program website,,"https://www.airasia.com/rewards/earn/en/gb, https://www.airasia.com/rewards/earn/","0, 301",text,false,true,false,false,false,false,true,,,pagefound,2026-01-09 09:32:46,2026-04-08 20:06:16,,Jordan Low,Article > How-to,Travel > Travel agencies > Vacation; Finance > Management > Other,3
Hoi An Travel Guide • Tips For Vietnam's Most Charming Town,https://www.indietraveller.co/hoi-an-travel-guide/,en,wordpress,200,55,6,583210,6,20,74,62,11,https://www.airasia.com/en/gb,"Da Nang, operating throughout most of Southeast Asia and Japan.",Air Asia,"is another great budget airline to Vietnam, or Vietnam Airlines",https://www.airasia.com/,302,text,false,true,false,false,false,false,true,,,linkrestored,2025-07-16 04:27:08,2026-04-22 11:02:49,,,Article > Guide,Travel > Guides,2
Pengalaman Bercuti ke Hatyai 3H2M (FULL EXPERIENCE),https://pakejhatyai.com/pengalaman-bercuti-ke-hatyai/,en,"ecommerce, wordpress",200,12,6,3721,0,9,16,62,25,https://www.airasia.com/,atik Air dan,AirAsia,"selalu ada promo murah, so pandai-pandailah cari tiket awal! Harga",,,text,false,true,false,false,false,false,true,,,pagefound,2025-03-14 20:33:04,2026-04-15 02:45:35,,Mehmed Aezhad,,,2
Koh Kradan: paradiso perduto nel Mare delle Andamane in Thailandia - Un Trolley per Due,https://untrolleyperdue.it/koh-kradan-thailandia/,it,wordpress,200,14,4.7,25125,0,20,26,62,3,https://www.airasia.com/,,AirAsia,,,,text,false,true,false,false,false,false,true,,,linkrestored,2019-08-28 22:16:01,2026-04-25 16:58:35,,Alessandro Mazzini,,,2
エアアジア「Xtra Carry-on（手荷物7kg追加）」を使って旅したはなし｜maya,https://note.com/mayatabi2222/n/n50dfabc94c17,ja,,200,92,0,33422396,0,3,11,62,8,https://www.airasia.com/aa/inflight-comforts/ja/jp/baggage.html,,エアアジア 手荷物情報 | 機内持ち込み、および受託手荷物 | airasia 受託手荷物料金はチケットを購入される際に併せて購入されると1番お得です。 後ほど、BIGメンバーアカウント、または www.airasia.com,,,,text,false,false,true,false,false,false,true,,,linkfound,2026-04-05 08:34:37,2026-04-05 08:34:37,,,,,1
"Thai AirAsia (FD) - Vols, compagnie, billets et avis",https://www.kayak.fr/Thai-AirAsia.FD.airline.html,fr,,200,80,8,2340114,41,49,71,61,19,https://www.airasia.com/,,airasia.com,,,,text,false,false,false,false,false,true,true,,,linkrestored,2022-07-11 13:30:03,2026-04-08 03:52:33,,,Site page > Services,Travel > Transportation > Air travel,7
5 Tips Tempah Pakej Percutian Sabah (Edisi Terkini),https://arbatravel.com/pakej-percutian-sabah-bajet-4-hari-3-malam/,en,wordpress,200,26,4.8,15210,0,8,10,61,10,https://www.airasia.com/,Anggaran harga tiket penerbangan,AirAsia,RM300 ke RM600pergi balik. Perjalanan dari Kuala Lumpur masa selama,,,text,false,true,false,false,false,false,true,,,linkfound,2024-05-12 19:24:19,2026-04-26 21:28:09,,,,,2
おすすめは機内持ち込み最大40Lリュック。海外旅行にバックパック一つで行く12の理由 - Asakusa Glocal Neighborhood,https://asakusa-international.hatenablog.com/entry/Thule.Aion.carry.on.backpack.40L,ja,,200,90,4.6,4952407,1,16,106,61,7,https://www.airasia.com/aa/inflight-comforts/ja/jp/baggage.html,、 ジェットスター・ジャパン 、 スプリング・ジャパン 、,エアアジア・ジャパン,,,,text,false,true,false,false,false,true,true,,,linkfound,2025-08-06 13:29:44,2026-01-05 09:03:34,,,Article > Review,Travel > Travel accessories > Utility bags; Shopping > Apparel > Clothing accessories,1
เด็กขึ้นเครื่องบิน พ่อแม่ต้องเตรียมอะไรบ้าง ? รวมเรื่องต้องรู้ก่อนพาลูกขึ้นเครื่องบิน - BabyGift,https://www.babygiftretail.com/%E0%B9%80%E0%B8%94%E0%B9%87%E0%B8%81%E0%B8%82%E0%B8%B6%E0%B9%89%E0%B8%99%E0%B9%80%E0%B8%84%E0%B8%A3%E0%B8%B7%E0%B9%88%E0%B8%AD%E0%B8%87%E0%B8%9A%E0%B8%B4%E0%B8%99-%E0%B8%9E%E0%B9%88%E0%B8%AD%E0%B9%81/,"th, en",wordpress,200,39,4.5,30403,493,10,13,61,14,https://www.airasia.com/aa/about-us/th/th/fees-and-charges.html?fbclid=IwZXh0bgNhZW0CMTAAAR1TbFHNZjCZlzX5RYiIJsmKfCQs9LGpxvnefV7jdgQpn6eWM5tVvh6eVeg_aem_AZX8F8S5CVbI745zBJYUh0FhNKMI-vB0p3J2dzzPXRu91g-0yQqnuZasqefcIaErDw8vU-NL__phKWsuS3xEiz06,24 เดือนจะถือว่าเป็นทารก ซึ่งจะอนุญาตให้เดินทางได้สำหรับผู้ใหญ่ 1 คนต่อทารก 1 คนเท่านั้น ซึ่งทารกจะต้องนั่งบนตักของผู้ใหญ่ ส่วนเด็กที่มีอายุมากกว่านั้นจะต้องซื้อบัตรโดยสารในราคาเด็กเพื่อเดินทางค่ะ สำหรับรายละเอียด,ค่าโดยสารสำหรับเด็กนั้นสามารถดูเพิ่มเติมได้ที่เว็บของสายการบิน,หรือติดต่อสอบถามได้โดยตรงค่ะ,,,text,false,true,false,false,false,false,true,,,linkrestored,2025-03-14 12:33:14,2026-04-24 01:46:55,,,Article > How-to,Travel > Transportation > Air travel,2
"11 Soybean Speciality Cafes In Klang Valley With Tau Fu Fah, Soya Milk & More Soy Desserts",https://says.com/my/makan/soybean-dessert-places,en,,200,71,4.5,62321,1,23,93,61,10,https://www.airasia.com/--/online-delivery-dao-desserts-damansara-jaya/en/gb,Available on GrabFood and,airasia food,.,,,text,false,true,true,false,false,false,true,,,pagefound,2021-06-15 13:11:59,2026-04-21 17:16:01,,Tiffany Tay,Listing collection > Business,Food > Restaurants > Catering,1
【2026年4月最新】航空券タイムセールはいつ？現在実施中の国際線航空券タイムセール情報まとめ！（LCC国際線航空会社）過去のタイムセール情報も掲載 – モノリビ・マネリビ,https://monomoney-living.com/international-flight_timesale/,ja,wordpress,200,4.2,9,1942,1,19,48,60,22,https://www.airasia.com/flight/ja/jp,,世界とつながる旅へ,,,,text,false,true,false,false,false,true,true,,,linkrestored,2025-03-03 12:35:52,2026-04-11 09:30:50,,モノリビマネリビ,Article > Roundup,Travel > Travel agencies > Vacation,1
【2026年4月最新】航空券タイムセールはいつ？現在実施中の国際線航空券タイムセール情報まとめ！（LCC国際線航空会社）過去のタイムセール情報も掲載 – モノリビ・マネリビ,https://monomoney-living.com/international-flight_timesale/,ja,wordpress,200,4.2,9,1942,1,19,48,60,22,https://www.airasia.com/ja/jp,,好きっちゃけど、タイ。,,,,text,false,true,false,false,false,true,true,,,pagefound,2025-03-03 12:35:52,2026-04-11 09:30:50,,モノリビマネリビ,Article > Roundup,Travel > Travel agencies > Vacation,2
"AirAsia X (D7) – Flights, Airline Tickets & Reviews",https://www.kayak.co.in/AirAsia-X.D7.airline.html,en,,200,59,6,323179,36,52,82,60,8,https://www.airasia.com/en/gb,,airasia.com,,,,text,false,true,false,false,false,true,true,,,linkfound,2019-06-30 01:43:35,2026-04-22 01:22:20,,,Listing collection > Service,Travel > Transportation > Air travel,6
"8 Things You Didn’t Know About Zheng He, the ‘Chinese Columbus’ | by Yow Hong Chieh | Medium",https://medium.com/@sixtybolts/8-things-you-didnt-know-about-zheng-he-the-chinese-columbus-520c21c50be9,en,,200,94,0,28581780,0,8,26,60,13,https://www.airasia.com/play/assets/blt86ae7c57d3dda6b3/this-sleepy-thai-town-was-once-a-capital-of-an-empire,"During the first voyage, at the request of",Srivijaya,", Zheng He battled Chinese pirates who had seized Palembang,",,,text,false,true,true,true,false,false,true,,,linkfound,2025-08-09 02:00:46,2026-02-12 02:10:06,,Yow Hong Chieh,,,1
"8 Things You Didn’t Know About Zheng He, the ‘Chinese Columbus’ | by Yow Hong Chieh | Medium",https://medium.com/@sixtybolts/8-things-you-didnt-know-about-zheng-he-the-chinese-columbus-520c21c50be9,en,,200,94,0,28581780,0,8,26,60,13,https://www.airasia.com/play/assets/bltf1db1de1c08f35a3/how-did-chinese-fishing-nets-end-up-in-kochi,"to him , and India’s Kochi, where fishermen still employ",Chinese fishing nets,.,,,text,false,true,true,true,false,false,true,,,linkfound,2025-08-09 02:00:46,2026-02-12 02:10:06,,Yow Hong Chieh,,,1
"8 Things You Didn’t Know About Zheng He, the ‘Chinese Columbus’ | by Yow Hong Chieh | Medium",https://medium.com/@sixtybolts/8-things-you-didnt-know-about-zheng-he-the-chinese-columbus-520c21c50be9,en,,200,94,0,28581780,0,8,26,60,13,https://www.airasia.com/play/assets/bltf9d7ad1411d90bcd/these-12-asian-sites-just-made-the-unesco-world-heritage-list,"during the fourth and fifth voyages, which departed from the",coastal city of Quanzhou,", the starting point of the Maritime Silk Road.",https://airasia.com/play/assets/bltf9d7ad1411d90bcd/these-12-asian-sites-just-made-the-unesco-world-heritage-list,301,text,false,true,true,true,false,false,true,,,linkfound,2025-08-09 02:00:46,2026-02-12 02:10:06,,Yow Hong Chieh,,,1
"8 Things You Didn’t Know About Zheng He, the ‘Chinese Columbus’ | by Yow Hong Chieh | Medium",https://medium.com/@sixtybolts/8-things-you-didnt-know-about-zheng-he-the-chinese-columbus-520c21c50be9,en,,200,94,0,28581780,0,8,26,60,13,https://www.airasia.com/play/assets/bltf161b1c1fd3f063b/6-architecturally-unique-mosques-in-southeast-asia-that-will-take-your-breath-away,"museum dedicated to Zheng He’s exploits, Palembang, which has a",mosque dedicated to him,", and India’s Kochi, where fishermen still employ Chinese fishing",,,text,false,true,true,true,false,false,true,,,linkfound,2025-08-09 02:00:46,2026-02-12 02:10:06,,Yow Hong Chieh,,,1
"8 Things You Didn’t Know About Zheng He, the ‘Chinese Columbus’ | by Yow Hong Chieh | Medium",https://medium.com/@sixtybolts/8-things-you-didnt-know-about-zheng-he-the-chinese-columbus-520c21c50be9,en,,200,94,0,28581780,0,8,26,60,13,https://www.airasia.com/play/assets/blt1781ed063eda4fec/what-to-see-and-do-in-melaka-malaysias-historic-heart,"The voyages left a lasting mark in many places, including",Melaka,"in Malaysia, now home to a museum dedicated to Zheng",,,text,false,true,true,true,false,false,true,,,linkfound,2025-08-09 02:00:46,2026-02-12 02:10:06,,Yow Hong Chieh,,,1
"8 Things You Didn’t Know About Zheng He, the ‘Chinese Columbus’ | by Yow Hong Chieh | Medium",https://medium.com/@sixtybolts/8-things-you-didnt-know-about-zheng-he-the-chinese-columbus-520c21c50be9,en,,200,94,0,28581780,0,8,26,60,13,https://www.airasia.com/play/assets/blta3700e5daef18d41/8-things-you-didnt-know-about-zheng-he-the-chinese-columbus,First published in,airasia Play,on 11 Jul 2022.,,,text,false,true,true,true,false,false,true,,,linkfound,2025-08-09 02:00:46,2026-02-12 02:10:06,,Yow Hong Chieh,,,1
Ternyata Selai Srikaya Bukan dari Buah Srikaya Loh! - Nibble,https://www.nibble.id/selai-srikaya/,id,,200,40,5,278099,1,6,10,59,9,https://www.airasia.com/play/assets/blt93ba6877dfe172ca/what-is-kaya-southeast-asias-answer-to-nutella,,AirAsia.com,,"https://www.airasia.com/explore/assets/blt93ba6877dfe172ca/what-is-kaya-southeast-asias-answer-to-nutella, http://www.airasia.com/play/assets/blt93ba6877dfe172ca/what-is-kaya-southeast-asias-answer-to-nutella","301, 301",text,false,true,false,false,false,true,true,,,linkrestored,2023-02-19 23:18:40,2026-04-24 07:41:32,,,Article > Definition,Food > Recipes > Cuisines,3
Scuba Diving the Philippines: ULTIMATE Backpacker's Guide (2026),https://www.divingsquad.com/philippines-diving/,en,wordpress,429,23,5,34120,2,8,10,59,29,https://www.airasia.com/flight/en/gb?to=COK&gclid=Cj0KCQjwuZGnBhD1ARIsACxbAVikA4eoJUr4552Jdvu52MAFlXVNpxPmI5-hG1Tao6s0C7-uyZ09tF0aAvsjEALw_wcB,"from. If you’re flying there from within Asia, PhilippinesAirlines and",AirAsia,offer the cheapest deals although they can often be subject,,,text,false,true,true,false,false,true,true,pageerror,,linkrestored,2023-08-28 01:10:28,2026-04-05 16:43:41,2026-04-19 08:29:32,,,,1
The 10 Best Clinics in Bali | Book Now! - Dental Departures,https://www.dentaldepartures.com/info/treatments/indonesia/bali,en,,200,50,5,25213,5,9,18,58,17,https://www.airasia.com/en/home.page?cid=1,"as well as other cities in Southeast Asia, are ample.",Regional discount airlines,offer low fares and robust flight options from all over,,,text,false,true,false,false,false,false,true,,,linkrestored,2023-07-12 20:03:35,2026-04-23 00:36:55,,,Article > Guide,Health > Dental care; Travel,1
The 10 Best Clinics in Bali | Book Now! - Dental Departures,https://www.dentaldepartures.com/info/treatments/indonesia/bali,en,,200,50,5,25213,5,9,18,58,17,https://www.airasia.com/en/gb,Air Asia. Website accessed 15 April 2025.,https://www.airasia.com/en/gb,,,,text,false,true,false,false,false,false,true,,,linkrestored,2023-07-12 20:03:35,2026-04-23 00:36:55,,,Article > Guide,Health > Dental care; Travel,1
,https://www.google.co.th/goto?url=CAESVQE7q4ylKRBMDokSxcD4P2ijlANLwAawfd4ENR2FPo7346NJYKttUJ0u9-UFQg2w7_MUliB-IhUh0XfyPnSPx6benYAr4xNsn4F2HA4R_7FyuCrcihA=,,,302,88,0,1562245,0,1,1,58,1,https://www.airasia.com/th/th,,,,,,redirect,false,false,false,false,false,false,true,,,pagefound,2026-04-12 10:42:07,2026-04-12 10:42:07,,,,,1
Is Malaysia Safe to Visit?: 2026 Complete Tourist Safety Guide | OneVasco Blog,https://blog.onevasco.com/safe-to-visit/malaysia,en,wordpress,200,57,7,3406,0,9,12,57,2,https://www.airasia.com/ride/,Ride-hailing apps like Grab and,AirAsia Ride,are safe and widely available for convenient city travel.,,,text,false,true,true,false,false,false,true,,,linkrestored,2025-07-26 20:08:43,2026-02-10 16:43:43,,,,,1
Reserva vuelos baratos con Thai AirAsia - Airpaz,https://www.airpaz.com/es/airlines/FD-Thai-AirAsia,es,,200,62,32,529014,0,11,17,56,16,https://www.airasia.com/aa/about-us/en/gb/terms-and-conditions-fd.html,"más información, leer los Términos y Condiciones de Thai AirAsia,",haga clic aquí,.,,,text,false,false,true,false,false,false,true,,,pagefound,2025-07-05 11:52:30,2026-01-24 01:57:25,,,,,1
Reserva vuelos baratos con Thai AirAsia - Airpaz,https://www.airpaz.com/es/airlines/FD-Thai-AirAsia,es,,200,62,32,529014,0,11,17,56,16,https://www.airasia.com/check-in/en/gb,"pueden realizar el check-in en línea. Para hacerlo, haz clic",aquí,para ir a la página de check-in de la aerolínea.,,,text,false,false,true,false,false,false,true,,,pagefound,2025-07-05 11:52:30,2026-01-24 01:57:25,,,,,1
Reserva vuelos baratos con Thai AirAsia - Airpaz,https://www.airpaz.com/es/airlines/FD-Thai-AirAsia,es,,200,62,32,529014,0,11,17,56,16,https://www.airasia.com/rewards/earn-freedom-flyer,"de Thai AirAsia, y más sobre él se puede leer",aquí,.,"https://www.airasia.com/rewards/earn-freedom-flyer/en/gb, https://www.airasia.com/rewards/earn-freedom-flyer/","0, 301",text,false,false,true,false,false,false,true,,,linkfound,2026-01-24 01:57:25,2026-01-24 01:57:25,,,,,3
Reserva vuelos baratos con Thai AirAsia - Airpaz,https://www.airpaz.com/es/airlines/FD-Thai-AirAsia,es,,200,62,32,529014,0,11,17,56,16,https://www.airasia.com/aa/inflight-comforts/en/gb/hot-meals.html,"ver el menú de comidas y bebidas de la aerolínea,",haz clic aquí,.,,,text,false,false,true,false,false,false,true,,,pagefound,2025-07-05 11:52:30,2026-01-24 01:57:25,,,,,1
8 Tips Untuk Dapat Tiket Flight Murah ke Sabah (Proven),https://arbatravel.com/8-tips-untuk-dapat-tiket-murah-ke-sabah/,en,wordpress,200,26,4.4,15210,0,8,13,55,10,https://www.airasia.com/en/gb,Bukan,AirAsia,"je yang buat promo, sekarang MAS juga banyak buat promo.",https://www.airasia.com/,302,text,false,true,false,false,false,false,true,,,linkrestored,2024-09-06 13:37:39,2026-04-25 00:13:19,,,,,2
8 Tips Untuk Dapat Tiket Flight Murah ke Sabah (Proven),https://arbatravel.com/8-tips-untuk-dapat-tiket-murah-ke-sabah/,en,wordpress,200,26,4.4,15210,0,8,13,55,10,https://www.airasia.com/flights/sabah-malaysia,Antara tiket flight,AirAsia murah,yang kami jumpa adalah pada tarikh-tarikh berikut:,,,text,false,true,false,false,false,false,true,,,pagefound,2024-09-06 13:37:39,2026-04-25 00:13:19,,,,,2
Malaysia family-friendly travel guide - Holidays with Kids,https://holidayswithkids.com.au/malaysia/,en,"ecommerce, wordpress",200,49,18,60870,1,28,54,54,36,https://www.airasia.com/en/gb,"Malaysia by air, via Malindo Air , Malaysian Airlines or",Air Asia,.,"http://www.airasia.com/, https://www.airasia.com/","301, 302",text,false,true,false,false,false,false,true,,,linkrestored,2019-09-05 22:03:33,2026-04-25 22:05:12,,,Article > Guide,Travel > Tourist destinations > Islands,3
Airline Information - Clark International Airport | CRK Official Website,https://clarkinternationalairport.com/airline-information/,en,wordpress,200,42,7,5913,2,29,42,54,29,https://www.airasia.com/en/gb,,Air Asia,,https://www.airasia.com/,302,text,false,true,false,false,false,true,true,,,linkrestored,2019-11-18 22:38:15,2026-04-23 18:06:16,,,Site page > Services,Travel > Transportation > Air travel,2
Norte de Tailandia: Región de Chiang Mai y Chiang Rai – CRÓNICAS NÓMADAS,https://cronicasnomadas.com/chiang-mai-que-hacer-en-3-dias/,es,wordpress,403,8,5,3096,1,8,18,54,26,https://www.airasia.com/en/gb,nosotros compramos un vuelo interno a través de la compañía,Airasia,. Recomendamos contratar el vuelo desde España unas semanas antes,,,text,false,true,false,false,false,true,true,pageerror,,pagefound,2025-11-13 17:55:06,2026-03-17 19:20:52,2026-04-19 14:39:23,,,,1
Asian Champions Trophy hockey history and winners,https://www.fih.hockey/events/hero-asian-champions-trophy-chennai/about/history,en,,200,72,4.5,68755,2,18,24,54,44,https://www.airasia.com/en/gb,,,,"http://www.airasia.com/, https://www.airasia.com/","301, 302",image,false,false,false,false,false,true,false,,,linkrestored,2023-10-15 21:09:54,2026-04-17 04:57:17,,,Article > News,Sports > Team sports > Hockey,6
Compare & book Thai AirAsia X (XJ) flights on Google Flights,https://www.google.com/travel/flights/airlines/thai-airasia-x-flights.html?gl=AT&hl=en,en,,200,99,0,1281595264,0,4,10,54,5,https://www.airasia.com/en/gb,,Thai AirAsia X website,,"http://www.airasia.com/, https://www.airasia.com/","301, 302",text,false,true,false,false,false,false,true,,,pagefound,2026-03-11 19:03:19,2026-03-11 19:03:19,,,,,6
Contact Us - Institut Jantung Negara,https://www.ijn.com.my/contact-us/,en,wordpress,200,47,9,9478,0,23,34,53,18,http://www.airasia.com/my/en/home.page?cid=1,,air-asia-img01,,,,image,false,false,false,false,false,false,true,,,linkrestored,2024-06-04 22:04:56,2026-04-21 07:48:01,,,,,4
Aéroports internationaux et domestiques en Thaïlande,https://www.tonkinvoyage.com/vietnam-guide-de-voyage/aeroports-internationaux-et-domestiques-en-tha-lande.html,fr,,200,50,0,4158,0,10,13,53,8,https://www.airasia.com/,,Thai AirAsia,est une coentreprise entre l'aviation en Asie Thaïlande et AirAsia,,,text,false,true,false,false,false,false,true,,,pagefound,2025-05-23 03:58:02,2026-04-25 11:04:04,,Tonkin Voyage,Article > Roundup,Travel > Transportation > Air travel,2
"Black Friday Flight Sales Australia: Best Qantas, Jetstar and Virgin prices and offers on domestic and international routes, free returns, huge discounts",https://www.smh.com.au/traveller/travel-news/free-return-seats-and-epic-discounts-in-black-friday-cyber-monday-sales-20251105-p5n7yq.html,en,,200,90,4.8,1294880,5,30,49,52,47,https://www.airasia.com/en/gb,"and Perth to Kuala Lumpur, until November 30, 2025. See",airasia.com,,"http://airasia.com/, https://airasia.com/, https://www.airasia.com/","301, 301, 302",text,false,true,false,false,false,true,true,,,linkfound,2026-01-02 17:04:12,2026-04-04 15:03:01,,Katherine Scott,Article > Roundup,Travel > Transportation > Air travel,2
Cost of Living in Chiang Mai in Apr 2026,https://nomads.com/cost-of-living/in/chiang-mai,en,,200,76,4.5,24539,49,32,62,52,5,http://www.airasia.com/?ref=nomadlist,,Air Asia,,,,text,false,false,false,false,false,true,true,,,linkrestored,2024-09-24 22:46:18,2026-04-26 08:36:32,,,Article > Comparison,Travel > Guides; Finance > Management > Other; Real estate,32
คำชะโนด จ.อุดรธานี สถานที่เที่ยวศักดิ์สิทธิ์แห่งดินแดนพญานาค - Makalius.co.th,https://www.makalius.co.th/%E0%B8%94%E0%B8%B5%E0%B8%A5%E0%B8%97%E0%B9%88%E0%B8%AD%E0%B8%87%E0%B9%80%E0%B8%97%E0%B8%B5%E0%B9%88%E0%B8%A2%E0%B8%A7/%E0%B8%84%E0%B8%B3%E0%B8%8A%E0%B8%B0%E0%B9%82%E0%B8%99%E0%B8%94/,th,wordpress,200,25,0,42878,25,5,11,52,14,https://www.airasia.com/,จองได้ที่,https://www.airasia.com,หรือแอฟพลิเคชั่น AirAsia,,,text,false,true,false,false,false,false,true,,,pagefound,2025-01-18 10:43:13,2026-04-26 10:14:08,,,Listing collection > Location,Travel > Tourist destinations > Buildings,6
"Tajlandia na własną rękę - Bangkok, Krabi - plan i koszty.",https://www.haart.pl/tajlandia-wlasna-reke/,pl,,200,30,4.6,16354,1,12,14,51,4,https://www.airasia.com/en/gb,z uwagi na mniejsze nasycenie betonowymi kurortami. Pomimo promocji na,AirAsia,"okazało się, że w regularnej cenie atrakcyjniejszą ofertę ma Lionairthai",,,text,false,true,true,false,false,true,true,,,pagefound,2024-11-28 13:57:35,2026-04-27 03:45:51,,,Article > How-to,Travel > Guides,1
"20 Best Things to Do in KOTA KINABALU, Sabah | The Poor Traveler® Itinerary Blog",https://www.thepoortraveler.net/kota-kinabalu-things-to-do/,en,wordpress,200,55,4.6,116945,8,18,31,51,15,https://www.airasia.com/en/gb,"want to download and check the company’s fully-integrated platform, the",airasia Super App,", offering flight booking and other supplementary services and products",https://www.airasia.com/,302,text,false,true,true,false,false,false,true,,,linkrestored,2022-08-09 12:00:04,2026-04-15 11:01:21,,Asta Alvarez,Article > Roundup,Travel > Tourist destinations > Gardens,2
"AirAsia - Wikipedia Bahasa Melayu, ensiklopedia bebas",https://ms.wikipedia.org/wiki/AirAsia,,wikis,200,97,6,4182976512,18,115,429,50,17,https://www.airasia.com/th/th,,www.airasia.com/th/th,,,,text,false,false,true,false,false,false,true,,,pagefound,2022-06-23 09:03:37,2026-04-26 07:24:39,,,Article > Wiki,Travel > Transportation > Air travel,1
"AirAsia - Wikipedia Bahasa Melayu, ensiklopedia bebas",https://ms.wikipedia.org/wiki/AirAsia,,wikis,200,97,6,4182976512,18,115,429,50,17,http://www.airasia.com/my/en/big-loyalty-programme.page,"""AirAsia BIG Loyalty Programme"" . Airasia.com. Diarkibkan daripada",yang asal,pada 22 May 2014,,,text,false,true,true,false,false,false,true,,,pagefound,2022-06-23 09:03:37,2026-04-26 07:24:39,,,Article > Wiki,Travel > Transportation > Air travel,3
"AirAsia - Wikipedia Bahasa Melayu, ensiklopedia bebas",https://ms.wikipedia.org/wiki/AirAsia,,wikis,200,97,6,4182976512,18,115,429,50,17,https://www.airasia.com/id/id,,www.airasia.com/id/id,,,,text,false,false,true,false,false,false,true,,,pagefound,2022-06-23 09:03:37,2026-04-26 07:24:39,,,Article > Wiki,Travel > Transportation > Air travel,1
"AirAsia - Wikipedia Bahasa Melayu, ensiklopedia bebas",https://ms.wikipedia.org/wiki/AirAsia,,wikis,200,97,6,4182976512,18,115,429,50,17,https://www.airasia.com/au/en/inflight-comforts/d7-in-flight-menu.page,,AirAsia X Inflight food & beverage,Diarkibkan 2 Januari 2015 di Wayback Machine . AirAsiaX. Retrieved,http://www.airasia.com/au/en/inflight-comforts/d7-in-flight-menu.page,301,text,false,true,true,false,false,false,true,,,pagefound,2022-06-23 09:03:37,2026-04-26 07:24:39,,,Article > Wiki,Travel > Transportation > Air travel,2
"AirAsia - Wikipedia Bahasa Melayu, ensiklopedia bebas",https://ms.wikipedia.org/wiki/AirAsia,,wikis,200,97,6,4182976512,18,115,429,50,17,https://www.airasia.com/ms/my,,www.airasia.com/ms/my,,,,text,false,true,true,false,false,false,true,,,pagefound,2022-06-23 09:03:37,2026-04-26 07:24:39,,,Article > Wiki,Travel > Transportation > Air travel,1
"AirAsia - Wikipedia Bahasa Melayu, ensiklopedia bebas",https://ms.wikipedia.org/wiki/AirAsia,,wikis,200,97,6,4182976512,18,115,429,50,17,https://www.airasia.com/zh/cn,,www.airasia.com/zh/cn,,,,text,false,false,true,false,false,false,true,,,pagefound,2022-06-23 09:03:37,2026-04-26 07:24:39,,,Article > Wiki,Travel > Transportation > Air travel,1
"AirAsia - Wikipedia Bahasa Melayu, ensiklopedia bebas",https://ms.wikipedia.org/wiki/AirAsia,,wikis,200,97,6,4182976512,18,115,429,50,17,http://www.airasia.com/iwov-resources/my/common/pdf/AirAsia/IR/annual-report-corporate-2007.pdf,AirAsia Group.,"""AirAsia's 2007 Annual Report""",,,,text,false,true,true,false,false,false,true,,,pagefound,2022-06-23 09:03:37,2026-04-26 07:24:39,,,Article > Wiki,Travel > Transportation > Air travel,1
Backpacking Philippines — Travel Guide & Itineraries,https://www.indietraveller.co/philippines-travel-guide/,en,wordpress,200,55,5,583210,9,47,116,50,18,https://www.airasia.com/en/gb,"check out Cebu Airlines , Tiger Air or",AirAsia,.,"http://www.airasia.com/, https://www.airasia.com/","301, 302",text,false,true,false,false,false,false,true,,,linkrestored,2019-06-16 21:30:16,2026-03-13 12:00:10,,,Article > Guide,Travel > Tourist destinations > Islands,3
A Detailed Guide to AirAsia Carry-On Luggage Limits – FLYCO Singapore,https://www.flycotravel.com/blogs/travel/a-detailed-guide-to-airasia-carry-on-luggage-limits,en,,200,0.7,0,1436,1,7,15,50,19,https://www.airasia.com/,,AirAsia,,,,text,false,true,false,false,false,false,true,,,pagefound,2025-09-16 16:26:18,2026-04-24 06:04:30,,,Article > Guide,Travel > Travel accessories,3
AirAsia KL Sentral Office +1-844-559-0724,https://www.airlinesheadoffice.com/airasia/airasia-kl-sentral-office-in-malaysia/,en,wordpress,200,35,0,3993,1,2,2,50,19,https://www.airasia.com/en/gb,Official Website:,airasia.com,,,,text,false,true,false,false,false,true,true,,,linkrestored,2025-12-31 16:02:30,2026-04-27 01:59:40,,,Site page > Contact,Travel > Transportation > Air travel,1
The Quick Guide to Things to do in Langkawi - Family Travel Blog - Travel with Kids,https://www.wheressharon.com/asia-with-kids/things-to-do-in-langkawi/,en,wordpress,200,35,4.5,83073,3,15,27,49,17,http://www.airasia.com/,did and fly from Penang. We bought tickets on an,Air Asia sale,. We literally paid about AUD$100 for all 4 of,,,text,false,true,false,false,false,false,true,,,linkrestored,2017-09-12 20:20:36,2026-04-26 07:00:37,,,Article > Guide,Travel > Tourist destinations > Islands,3
海外線の運航状況 – TRAVEL WEST,https://travelwest.jp/support/overseas/air/flight-status/,ja,"ecommerce, wordpress",200,36,4.5,8300,0,27,35,49,22,https://www.airasia.com/flightstatus/ja/jp,,エア・アジア,,,,text,false,true,false,false,false,false,true,,,pagefound,2024-06-13 23:13:14,2026-04-23 11:39:26,,,,,1
Recommendation for Chiangmai Attractions: Where to visit in Chiangmai,https://www.ticket2attraction.com/blogs/chiangmai-attractions/,en,,200,38,7,106804,0,15,23,48,19,https://www.airasia.com/en/gb,,Thai AirAsia,,https://www.airasia.com/,302,text,false,true,false,false,false,false,true,,,linkrestored,2023-11-03 00:07:19,2026-04-15 12:54:59,,,,,2
AirAsia X – Wikipedia,https://de.wikipedia.org/wiki/AirAsia_X,de,wikis,200,97,4.8,4182976512,8,11,38,48,4,https://www.airasia.com/aa/inflight-comforts/en/gb/seats.html,,AirAsia Flight Seat Options at Affordable Rates | airasia.,,,,text,false,true,true,false,false,false,true,,,linkfound,2025-10-05 08:03:08,2026-04-05 10:46:55,,,Article > Wiki,Travel > Transportation > Air travel,1
"How to travel to Koh Phangan from Bangkok, Thailand - Travel Dave",https://traveldave.co.uk/how-to-travel-to-koh-phangan-from-bangkok-thailand/,en,wordpress,200,35,4.8,6056,0,13,28,48,5,https://www.airasia.com/en/gb,•,Airasia,,"http://www.airasia.com/, https://www.airasia.com/","301, 302",text,false,true,false,false,false,false,true,,,linkrestored,2023-02-20 04:44:19,2026-04-26 10:41:52,,Dave Brett,,,3
AirAsia X – Wikipedia,https://de.wikipedia.org/wiki/AirAsia_X,de,wikis,200,97,4.8,4182976512,8,11,38,48,4,http://www.airasia.com/ot/en/where-we-fly/route-map.page,,airasia.com – Route Map,,,,text,false,true,true,false,false,false,true,,,linkfound,2025-10-05 08:03:08,2026-04-05 10:46:55,,,Article > Wiki,Travel > Transportation > Air travel,3
AirAsia X – Wikipedia,https://de.wikipedia.org/wiki/AirAsia_X,de,wikis,200,97,4.8,4182976512,8,11,38,48,4,https://www.airasia.com/,,Webpräsenz der AirAsia,(englisch),http://www.airasia.com/,301,text,false,true,true,false,false,false,true,,,linkfound,2025-10-05 08:03:08,2026-04-05 10:46:55,,,Article > Wiki,Travel > Transportation > Air travel,5
Makao w Chinach - Przewodnik po Azji - macau,http://mandalay.pl/chiny/makao,pl,,200,20,4.7,3954,0,1,3,48,9,https://www.airasia.com/,"niedawno stało sie ważnym węzłem dla tanich linii, na przykład",Airasia,.,http://www.airasia.com/,301,text,false,true,false,false,false,false,true,,,linkrestored,2017-07-13 20:20:40,2026-04-12 12:09:22,,Marek Dębowski,,,3
航空公司連絡電話 - 高雄國際航空站,https://www.kia.gov.tw/contact.html,zh-tw,,200,64,4.6,29150,0,33,47,48,22,https://www.airasia.com/zh/tw,,連結,,,,text,false,true,false,false,false,false,true,,,linkfound,2026-03-20 06:36:54,2026-04-16 23:04:48,,,,,1
What to do in Malaysia | Perth Airport,https://www.perthairport.com.au/flights/travel-beyond-australia/what-to-do-in-malaysia,en,,200,65,4.5,160217,0,12,21,48,10,https://www.airasia.com/en/gb,"idyllic islands. Fly with Malaysia Airlines from *A$527 one way,",AirAsia X,from *A$239 one way or Batik Air Malaysia from *A$223,,,text,false,true,false,false,false,false,true,,,pagefound,2023-05-05 12:55:05,2026-04-18 11:59:37,,,,,1
Transports Thaïlande - Avions de Bangkok à Krabi,https://www.thailandee.com/transports/avion/avions-de-bangkok-a-krabi,fr,,200,41,4.5,16335,0,9,16,48,3,https://www.airasia.com/en/gb,,Thai AirAsia,,https://www.airasia.com/,302,text,false,false,true,false,false,false,true,,,linkrestored,2019-06-19 18:18:44,2026-04-26 20:02:54,,Mike Thailandee,,,2
2025 FIBA Intercontinental Cup Singapore Official Website | FIBA Basketball,https://www.fiba.basketball/en/events/fiba-intercontinental-cup-2025,en,,200,81,10,359746,128,16,16,47,10,https://www.airasia.com/en/gb,,Air Asia,,,,text,false,false,false,false,false,true,true,,,pagefound,2025-08-09 10:23:44,2026-04-24 17:30:35,,,Site page > Services,Sports > Team sports > Basketball,3
Contact Us – Taman Simalem | Hotel & Resort at Lake Toba,https://www.tamansimalem.com/contact-us/,en,wordpress,200,27,6,1741,0,10,15,47,7,https://www.airasia.com/,,Air Asia,,,,text,false,false,false,false,false,false,true,,,pagefound,2025-09-30 08:18:55,2026-04-23 05:06:21,,,,,2
Юг Таиланда: Сиамский залив - самостоятельно | loveYouPlanet,https://loveyouplanet.com/tailand/yug-tailanda-siamskiy-zaliv/,ru,wordpress,200,8,6,8701,0,16,21,47,2,http://www.airasia.com/,"Сураттани (Surat Thani) — ближайший к островам аэропорт, принимающий бюджетные авиалинии",Air Asia,и Nok Air . Коннект – билет на самолет —,,,text,false,true,true,false,false,false,true,,,linkrestored,2019-01-30 08:02:49,2026-04-26 16:19:05,,,,,3
タイ国内の主な交通 | 【公式】タイ国政府観光庁,https://www.thailandtravel.or.jp/about/trafficthai/,ja,wordpress,200,71,17,245736,4,17,27,46,4,https://www.airasia.com/en/gb,,http://www.airasia.com/,,"http://www.airasia.com/, https://www.airasia.com/","301, 302",text,false,true,false,false,false,true,true,,,linkrestored,2022-08-20 00:08:33,2026-04-26 10:08:06,,タイ国政府観光庁,Site page > Services,Travel > Transportation > Urban transit,3
Pemerintah Kota Balikpapan,https://web.balikpapan.go.id/detail/read/94,en,,200,57,10,119448,0,11,18,46,6,https://www.airasia.com/en/gb,,Air Asia,,"http://www.airasia.com/id/id/home.page, https://www.airasia.com/id/id/home.page","301, 302",text,false,true,false,false,false,false,true,,,linkrestored,2024-01-02 08:20:25,2026-03-03 23:26:31,,,,,3
Goedkope vliegtickets Thailand | Lees onze tips - Reis-Expert.nl,https://www.reis-expert.nl/azie/thailand/vliegtickets-thailand/,nl,wordpress,200,39,7,43950,88,7,16,46,19,https://www.airasia.com/en/gb,binnenlandse vluchten zijn eenvoudig te boeken via bijvoorbeeld skyscanner.nl of,Airasia.com,.,https://www.airasia.com/,302,text,false,false,true,true,false,false,true,,,linkrestored,2020-07-29 02:32:56,2026-04-26 18:33:06,,,Article > How-to,Travel > Transportation > Air travel,2
Tips Thailand: 15 praktische tips voor jouw vakantie,https://www.travelalut.com/thailand/tips-thailand-vakantie/,nl,wordpress,200,28,6,15326,1,11,11,46,30,https://www.airasia.com/en/gb,mail. Voor het boeken van binnenlandse vluchten raad ik juist,AirAsia,"aan, de fijnste vliegmaatschappij in Thailand voor binnenlandse vluchten.",,,text,false,true,false,false,false,true,true,,,linkrestored,2023-03-21 23:01:19,2026-04-16 15:13:49,,,Article > How-to,Travel > Guides,1
Is There Uber In Malaysia? Plus Alternative Taxi Apps!,https://southeastasiabackpacker.com/uber-in-malaysia/,en,"ecommerce, wordpress",200,50,5,9449,3,9,9,46,11,https://www.airasia.com/food/city/,,AirAsia Food,,,,text,false,true,false,false,false,true,true,,,pagefound,2024-04-29 22:40:48,2026-04-16 15:41:08,,Tim Ashdown,Article > Comparison,Travel > Transportation > Rideshare; Autos > Vehicle types > Other; Internet > Wireless > Add-ons,1
台灣到大阪「廉航航線」整理、機票比價、搭乘經驗分享！,https://www.jathao.com/2025/08/osaka-budget-airlines.html,zh-tw,,200,18,4.7,35896,0,15,30,46,26,https://www.airasia.com/zh/tw,,亞洲航空,,,,text,false,true,false,false,false,false,true,,,pagefound,2025-08-04 07:48:30,2026-04-11 11:41:58,,,,,1
Đặt vé máy bay giá rẻ của AirAsia - Airpaz,https://www.airpaz.com/vi/airlines/AK-AirAsia,vi,,200,62,17,529014,0,11,18,45,17,https://www.airasia.com/rewards/en/gb,"khách, và thông tin nhiều hơn có thể xem ở",đây,.,,,text,false,false,true,false,false,false,true,,,linkfound,2023-12-16 01:58:09,2026-01-09 15:35:16,,,,,2
Đặt vé máy bay giá rẻ của AirAsia - Airpaz,https://www.airpaz.com/vi/airlines/AK-AirAsia,vi,,200,62,17,529014,0,11,18,45,17,https://www.airasia.com/aa/about-us/vi/vn/terms-and-conditions-ak.html,"đầy đủ về Điều khoản và Điều kiện của AirAsia,",nhấn vào đây,.,,,text,false,false,true,false,false,false,true,,,linkfound,2022-07-14 15:17:50,2026-01-09 15:35:16,,,,,1
Đặt vé máy bay giá rẻ của AirAsia - Airpaz,https://www.airpaz.com/vi/airlines/AK-AirAsia,vi,,200,62,17,529014,0,11,18,45,17,https://www.airasia.com/aa/inflight-comforts/en/gb/hot-meals.html,"trong chuyến bay. Về menu thức ăn và thức uống,",nhấn vào đây,.,"https://www.airasia.com/my/en/inflight-comforts/hot-meals.page, https://www.airasia.com/aa/inflight-comforts/en/my/hot-meals.html","302, 302",text,false,false,true,false,false,false,true,,,linkrestored,2021-07-11 20:02:11,2026-01-09 15:35:16,,,,,3
Đặt vé máy bay giá rẻ của AirAsia - Airpaz,https://www.airpaz.com/vi/airlines/AK-AirAsia,vi,,200,62,17,529014,0,11,18,45,17,https://www.airasia.com/check-in/en/gb,"thông qua website của AirAsia. Để check in, nhấn vào",đây,đi đến trang check in. Check in trực tuyến có,,,text,false,false,true,false,false,false,true,,,linkrestored,2021-07-11 20:02:11,2026-01-09 15:35:16,,,,,1
Wymiary bagażu podręcznego – jakie są wymagania poszczególnych linii lotniczych? | Rankomat.pl,https://rankomat.pl/turystyka/wymiary-bagazu-podrecznego,pl,,200,74,7,965761,7,24,28,45,23,https://www.airasia.com/aa/inflight-comforts/en/gb/baggage.html,", Finnair , Aegean Airlines ,",AirAsia.,,,,text,false,true,false,false,false,true,true,,,linkfound,2026-02-18 15:19:58,2026-04-26 08:04:19,,Emilia Kołsut,Article > How-to,Travel > Transportation > Air travel,1
LIMA 2025 | The 17th Langkawi International Maritime and Aerospace Exhibition,https://lima2025.com/plan-your-visit.php,en,,200,33,5,1467,2,20,20,45,5,https://www.airasia.com/flights/,,Find Flights,,,,text,false,false,false,false,false,false,true,,,pagefound,2024-07-19 16:13:41,2026-04-26 13:59:47,,,Site page > Services,Travel > Transportation > Air travel; Business > Defense > Aviation industry,1
Maleisisch Borneo route | Rondreizen langs de hoogtepunten,https://www.reisjevrij.nl/rondreizen/backpack-route-maleisisch-borneo-in-1-tot-2-weken/,"nl, en",wordpress,200,44,5,42581,1,19,48,44,7,https://www.airasia.com/en/gb,via Skyscanner . De binnenlandse vluchten boek je voordelig via,Air Asia,.,https://www.airasia.com/,302,text,false,true,false,false,false,false,true,,,linkrestored,2023-01-04 17:34:18,2026-04-26 19:12:19,,,Article > How-to,Travel > Tourist destinations > Buildings,2
Koh Phayam – An Amazing Thailand Island Getaway! – Chow Traveller,https://www.chowtraveller.com/koh-phayam-island-thailand/,en,wordpress,200,7,4.8,1015,1,9,18,44,5,https://www.airasia.com/en/gb,Phayam is via airplane from Bangkok. Both Nok Air and,Air Asia,have direct flights which fly from Don Mueang Airport to,,,text,false,true,false,false,false,false,true,,,linkrestored,2022-07-18 23:58:36,2026-04-26 06:23:06,,,Article > Story,Travel > Tourist destinations > Islands,1
登機行李箱尺寸懶人包》幾吋可以登機？航空公司規定一次看！ - Roo.Cash,https://roo.cash/blog/carry-on-baggage-size/,zh-tw,wordpress,200,42,4.7,78934,0,21,23,44,35,https://www.airasia.com/aa/inflight-comforts/zh/tw/baggage.html,想了解更多亞洲航空規範，歡迎查看：,亞航行李資訊| 隨身行李和托運行李| 亞洲航空,,,,text,false,true,false,false,false,false,true,,,pagefound,2024-11-28 08:12:07,2026-04-16 20:47:31,,,,,1
"Maps, Weather, and Airports for Tokyo, Japan",http://www.fallingrain.com/world/JA/40/Tokyo.html,en,,200,61,0,20198,3,112,252,44,19,https://www.airasia.com/en/gb,", Swiss International Air Lines AG , T'way Air ,",Thai AirAsia X,", Thai Airways International , Tigerair Taiwan ,","http://www.airasia.com/, https://www.airasia.com/","301, 302",text,false,true,false,false,false,true,true,,,pagefound,2020-05-28 05:35:52,2026-03-06 12:28:18,,,Site page > Services,Travel > Transportation > Air travel,3
ข้อมูลการเดินทางไปเที่ยวพังงา 2569 - Ticket2Attraction,https://www.ticket2attraction.com/th/blogs/phang-nga-attractions/,th,,200,38,8,106804,0,25,30,43,22,https://www.airasia.com/en/gb,-,ไทยแอร์เอเชีย,มีเส้นทางบินจากกรุงเทพฯ (ดอนเมือง/สุวรรณภูมิ),https://www.airasia.com/,302,text,false,true,false,false,false,false,true,,,linkrestored,2023-11-03 00:04:19,2026-04-14 13:55:55,,,,,2
"AirAsia MOVE | Discover deals on flights, hotels, rides & more",https://www.airasia.cn/flight/en/gb,en,,200,23,4.6,1488,0,1,12,43,31,https://www.airasia.com/myorders/en/gb,,Purchases,,,,text,false,false,false,false,false,false,true,,,pagefound,2025-05-08 13:22:05,2026-04-13 12:35:34,,,,,1
"AirAsia MOVE | Discover deals on flights, hotels, rides & more",https://www.airasia.cn/flight/en/gb,en,,200,23,4.6,1488,0,1,12,43,31,https://www.airasia.com/flightstatus/en/GB,,Flight Status,,,,text,false,false,false,false,false,false,true,,,pagefound,2025-05-08 13:22:05,2026-04-13 12:35:34,,,,,1
"AirAsia MOVE | Discover deals on flights, hotels, rides & more",https://www.airasia.cn/flight/en/gb,en,,200,23,4.6,1488,0,1,12,43,31,https://www.airasia.com/aa/about-us/en/gb/privacy-statement.html,to the use of cookies as set out in our,Privacy Statement,,,,text,false,true,false,false,false,false,true,,,pagefound,2025-05-08 13:22:05,2026-04-13 12:35:34,,,,,1
"AirAsia MOVE | Discover deals on flights, hotels, rides & more",https://www.airasia.cn/flight/en/gb,en,,200,23,4.6,1488,0,1,12,43,31,https://www.airasia.com/aa/appdownload/,,App,,,,text,false,false,false,false,false,false,true,,,pagefound,2025-05-08 13:22:05,2026-04-13 12:35:34,,,,,1
"AirAsia MOVE | Discover deals on flights, hotels, rides & more",https://www.airasia.cn/flight/en/gb,en,,200,23,4.6,1488,0,1,12,43,31,https://www.airasia.com/myop/lmd/,,,,,,image,false,false,false,false,false,false,true,,,linkfound,2026-04-13 12:35:34,2026-04-13 12:35:34,,,,,2
"AirAsia MOVE | Discover deals on flights, hotels, rides & more",https://www.airasia.cn/flight/en/gb,en,,200,23,4.6,1488,0,1,12,43,31,https://www.airasia.com/check-in/en/gb,,Check-in,,,,text,false,false,false,false,false,false,true,,,pagefound,2025-05-08 13:22:05,2026-04-13 12:35:34,,,,,1
"AirAsia MOVE | Discover deals on flights, hotels, rides & more",https://www.airasia.cn/flight/en/gb,en,,200,23,4.6,1488,0,1,12,43,31,https://www.airasia.com/explore/,,Play,,https://www.airasia.com/explore,301,text,false,false,false,false,false,false,true,,,pagefound,2025-05-08 13:22:05,2026-04-13 12:35:34,,,,,4
Thailand,https://www.tuneprotect.com/airasia/thailand/th/home-th/,th,wordpress,200,50,4.6,7023,0,7,13,43,8,https://www.airasia.com/en/gb,,ซื้อประกัน,เรียกร้องค่าชดเชย,"https://airasia.com/, https://www.airasia.com/","301, 302",text,false,true,false,false,false,false,true,,,linkfound,2025-05-13 20:40:34,2026-04-08 11:46:22,,,,,2
飛驒古川。你的名字聖地巡禮｜還原新海誠動漫電影場景 @瑪格。圖寫生活,https://margaret.tw/post-46842679/,zh-tw,"ecommerce, wordpress",200,37,4.4,37851,0,16,47,43,3,https://www.airasia.com/en/gb,Air Asia 官網｜,https://www.airasia.com/en/gb,,,,text,false,true,false,false,false,false,true,,,linkfound,2019-06-25 19:08:24,2026-04-27 04:17:09,,,,,1
9 best short trips from Singapore with under 3-hour flights | The Straits Times,https://www.straitstimes.com/life/travel/best-short-trips-from-singapore,en,,200,89,0,966547,0,27,79,43,32,https://www.airasia.com/en/gb,up to $20 off flights and hotels (with minimum spend).,Shop Now,,https://www.airasia.com/flight/en/gb?ref=inline-article,0,text,false,true,true,false,false,false,true,,,linkfound,2026-02-12 23:16:36,2026-02-12 23:16:36,,,,,3
FAQ,https://www.miaa.gov.ph/index.php/faq,en,,200,47,11,12548,28,57,97,42,42,https://www.airasia.com/en/gb,AirASia Berhad (AK),https://www.airasia.com/en/gb,,,,text,false,true,false,false,false,false,true,,,linkfound,2026-03-26 07:57:07,2026-04-13 17:08:59,,,Site page > FAQ,Travel > Transportation > Air travel,1
FAQ,https://www.miaa.gov.ph/index.php/faq,en,,200,47,11,12548,28,57,97,42,42,https://www.airasia.com/flights/philippines/,AirAsia Philippines (Z2),https://www.airasia.com/flights/philippines/,,,,text,false,true,false,false,false,false,true,,,linkfound,2026-03-26 07:57:07,2026-04-13 17:08:59,,,Site page > FAQ,Travel > Transportation > Air travel,1
Cameron Highlands for FREE incl. Full Hiking Guide | Budget Bucket List,https://www.budgetbucketlist.com/cameron-highlands.html,en,cms,200,10,6,8018,2,10,14,42,14,https://www.airasia.com/en/home.page,"If you’re already in Asia , budget airlines such as",Air Asia,or (the crappier) Scoot will offer fares cheaper than a bus,,,text,false,true,false,false,false,false,true,,,pagefound,2023-06-22 18:19:29,2026-04-24 21:58:30,,,Article > Guide,Travel > Specialty travel > Adventure travel; Sports > Individual sports; Leisure > Outdoors > Camping,2
PNR Refund Info,https://api.viaworld.in/bdo?action1=PNR_REFUND_INFO,en,,200,29,6,39975,0,9,22,42,4,https://www.airasia.com/check-in/en/gb,Visit,https://www.airasia.com/check-in/en/gb,,,,text,false,false,false,false,false,false,true,,,linkrestored,2024-11-27 03:18:30,2026-04-26 03:57:48,,,,,1
PNR Refund Info,https://api.viaworld.in/bdo?action1=PNR_REFUND_INFO,en,,200,29,6,39975,0,9,22,42,4,https://www.airasia.com/member/search?culture=en-GB,Visit,https://www.airasia.com/member/search?culture=en-GB,,,,text,false,false,false,false,false,false,true,,,linkrestored,2024-11-27 03:18:30,2026-04-26 03:57:48,,,,,3
タイ行きLCC7社一覧！おすすめ航空会社を徹底比較| Trip.com,https://jp.trip.com/guide/airticket/%E3%82%BF%E3%82%A4+LCC+%E4%B8%80%E8%A6%A7.html,ja,,200,86,4.6,9934607,0,8,9,42,9,https://www.airasia.com/flights/ja/jp/thailand,,https://www.airasia.com/flights/ja/jp/thailand,,,,text,false,false,false,false,false,false,true,,,linkfound,2025-08-06 20:21:21,2026-02-07 02:01:01,,,,,2
2.2 sale in Singapore: Best travel deals | The Straits Times,https://www.straitstimes.com/life/22-sale-singapore-best-travel-deals,en,,200,89,0,966547,0,18,32,42,12,https://www.airasia.com/hotels/en/gb/?ref=inline-article,,Discover all AirAsia CNY Travel Deals,,,,text,false,true,true,false,false,false,true,,,pagefound,2026-01-31 09:13:35,2026-01-31 09:13:35,,,,,1
What Is Hokkien New Year and Why Is It Celebrated? | by Yow Hong Chieh | Medium,https://medium.com/@sixtybolts/what-is-hokkien-new-year-and-why-is-it-celebrated-e50df09bb407,en,,200,94,0,28581780,242,6,17,42,3,https://www.airasia.com/explore/assets/blt0d7927e01c87e4b5/in-indonesias-java-lontong-marks-the-end-of-chinese-new-year,"Chinese New Year, which stretches over 15 days, ending with",Chap Goh Mei,.,,,text,false,true,true,true,false,true,true,,,pagefound,2025-07-29 01:32:25,2026-01-24 05:37:54,,Yow Hong Chieh,Article > Story,Society > Social sciences > Anthropology; Entertainment > Events,1
What Is Hokkien New Year and Why Is It Celebrated? | by Yow Hong Chieh | Medium,https://medium.com/@sixtybolts/what-is-hokkien-new-year-and-why-is-it-celebrated-e50df09bb407,en,,200,94,0,28581780,242,6,17,42,3,https://www.airasia.com/play/assets/blt2002a5c3ee223a74/what-is-hokkien-new-year-and-why-is-it-celebrated,First published in,AirAsia Play,on 2 Feb 2022.,,,text,false,true,true,true,false,true,true,,,pagefound,2025-07-29 01:32:25,2026-01-24 05:37:54,,Yow Hong Chieh,Article > Story,Society > Social sciences > Anthropology; Entertainment > Events,1
Gepäckbestimmungen der Airlines im Überblick 💼 | Urlaubsguru.at,https://www.urlaubsguru.at/reisemagazin/gepaeckbestimmungen-fluggesellschaft-regelungen/,de,wordpress,200,41,6,96552,1,45,66,41,28,https://www.airasia.com/aa/inflight-comforts/en/gb/baggage.html,,Mehr Infos,,,,text,false,true,false,false,false,true,true,,,linkfound,2022-05-13 13:21:49,2026-04-15 13:36:06,,,Article > How-to,Travel > Transportation > Air travel,1
Air Asia Office in Kuala Lumpur,https://www.airlinesofficespot.com/offices/air-asia-kuala-lumpur-office-in-malaysia/,en,wordpress,200,34,7,5090,21,7,11,40,44,https://www.airasia.com/en/gb,,www.airasia.com,,https://www.airasia.com/,302,text,false,true,true,false,false,false,true,,,linkfound,2026-01-10 22:21:21,2026-04-16 07:49:40,,,Article > FAQ,Travel > Transportation > Air travel,10
How to Cheaply Travel Japan | Japan | WorldTrips Travel Insurance,https://www.worldtrips.com/resources/japan/travel-cheaply,en,,200,70,4.8,63820,1,43,70,40,19,https://www.airasia.com/flights/japan/,,AirAsia Japan,",",https://www.airasia.com/flights/japan,308,text,false,false,true,false,false,false,true,,,linkfound,2026-03-16 22:27:07,2026-04-24 12:40:47,,,Article > How-to,Travel > Guides,2
Vakantie Thailand: zo plan jij jouw eigen rondreis - My Travel Secret,https://www.mytravelsecret.nl/vakantie-thailand-tips/,nl,wordpress,200,20,4.8,8165,0,23,25,40,25,https://www.airasia.com/en/gb,snack inclusief drankje is altijd inbegrepen. Andere prima maatschappijen zijn,AirAsia,", Nokair , LionAir en Thai Airways. Dit zijn allen",,,text,false,false,false,false,false,false,true,,,linkrestored,2023-04-15 15:41:40,2025-11-27 22:19:41,,,Article > How-to,Travel > Travel agencies > Vacation,1
"Какое гражданство будет у ребёнка, если родить в самолёте",https://www.aviasales.ru/psgr/article/baby-on-board,ru,,200,76,4.6,2245061,2,11,16,40,4,https://www.airasia.com/aa/about-us/en/gb/terms-and-conditions-fd.html,"(например,",AirAsia,не возит беременных на сроках более 35 недель). Так что,,,text,false,true,true,false,false,true,true,,,linkfound,2025-03-06 23:54:52,2026-04-10 12:58:28,,,Article > FAQ,Government > Legal > Services; Travel > Transportation > Air travel,1
Günstige Flüge mit Thai AirAsia X buchen - Airpaz,https://www.airpaz.com/de/airlines/XJ-Thai-AirAsia-X,de,,200,62,4.5,529014,0,11,16,40,3,https://www.airasia.com/check-in/en/gb,"To check in online, you can click",here,on either your desktop or mobile browser. After checking in,,,text,false,false,true,false,false,false,true,,,linkrestored,2023-08-04 00:09:56,2026-02-07 03:35:11,,,,,1
"Lari Dari Panas, 10 Tempat Dingin Di Indonesia Untuk Anda Kunjungi",https://thevocket.com/10-tempat-dingin-di-indonesia/,,wordpress,200,52,4.5,104116,0,16,22,40,1,https://www.airasia.com/en/gb,"RM79, untuk tarikh penerbangan dari sekarang hingga 30 April 2018.",Tempahan sekarang di AirAsia.com,.,https://www.airasia.com/en/home.page?cid=1,301,text,false,true,false,false,false,false,true,,,pagefound,2024-01-13 19:43:41,2026-04-25 10:23:56,,,,,2
Günstige Flüge mit Thai AirAsia X buchen - Airpaz,https://www.airpaz.com/de/airlines/XJ-Thai-AirAsia-X,de,,200,62,4.5,529014,0,11,16,40,3,https://www.airasia.com/aa/inflight-comforts/en/gb/hot-meals.html,"accessed here , and you can pre-book your meals on",this,page.,,,text,false,false,true,false,false,false,true,,,linkrestored,2023-08-04 00:09:56,2026-02-07 03:35:11,,,,,1
Günstige Flüge mit Thai AirAsia X buchen - Airpaz,https://www.airpaz.com/de/airlines/XJ-Thai-AirAsia-X,de,,200,62,4.5,529014,0,11,16,40,3,https://www.airasia.com/aa/about-us/en/gb/fees-and-charges.html,"weight allowance, and you can check the complete charge list",here,. Disclaimer: Information stated above is intended for general guide,,,text,false,false,true,false,false,false,true,,,linkfound,2025-03-05 09:56:55,2026-02-07 03:35:11,,,,,1
Günstige Flüge mit Thai AirAsia X buchen - Airpaz,https://www.airpaz.com/de/airlines/XJ-Thai-AirAsia-X,de,,200,62,4.5,529014,0,11,16,40,3,https://www.airasia.com/aa/about-us/en/gb/terms-and-conditions-xj.html,"check the airline’s fare rules page for the airline, here",click here,.,,,text,false,false,true,false,false,false,true,,,linkrestored,2023-08-04 00:09:56,2026-02-07 03:35:11,,,,,1
Günstige Flüge mit Thai AirAsia X buchen - Airpaz,https://www.airpaz.com/de/airlines/XJ-Thai-AirAsia-X,de,,200,62,4.5,529014,0,11,16,40,3,https://www.airasia.com/online-read/inflight-menu/d7/files/assets/basic-html/page1.html,and beverages menu for Thai AirAsia X can be accessed,here,", and you can pre-book your meals on this page.",,,text,false,false,true,false,false,false,true,,,linkrestored,2023-08-04 00:09:56,2026-02-07 03:35:11,,,,,1
Too Busy To Cook? These 15 Home Caterers In Klang Valley Can Deliver Fresh Meals Every Day,https://says.com/my/makan/home-catering-services-klang-valley,en,,200,71,4.5,62321,2,25,96,40,11,http://www.airasia.com/aa/food-dine-in/my,Available on,airasia food,and GrabFood .,https://www.airasia.com/food/my/en/restaurant/joshijosh-sohya-ara-damansara,301,text,false,true,true,false,false,true,true,,,linkfound,2023-10-16 09:42:43,2026-04-26 18:11:14,,Tiffany Tay,Listing collection > Service,Food > Delivery > Restaurant delivery,6
令和元年1発目、タイ。番外編：タイ･エアアジアXのシートは広かったのか。 - へんな旅ばかりしています。,https://slips.hatenablog.com/entry/2019/05/26/014826,ja,,200,90,4.4,4952407,0,8,59,40,4,https://www.airasia.com/jp/ja/inflight-comforts/seat-options.page,,www.airasia.com,,,,text,false,true,false,false,false,false,true,,,linkfound,2025-08-13 17:54:56,2026-02-13 19:40:06,,,,,3
"The Secret History of Chicken Chop, Malaysia’s Original ‘Western Food’ | by Yow Hong Chieh | Medium",https://medium.com/@sixtybolts/the-secret-history-of-chicken-chop-malaysias-original-western-food-aa50c4a96166,en,,200,94,0,28581780,0,6,26,40,8,https://www.airasia.com/play/assets/bltcc727e16f8db8036/the-secret-history-of-chicken-chop-malaysias-original-western-food,First published in,airasia Play,on 22 Nov 2021.,,,text,false,true,true,true,false,false,true,,,linkfound,2025-08-09 07:42:58,2026-02-10 21:57:00,,Yow Hong Chieh,,,1
"The Secret History of Chicken Chop, Malaysia’s Original ‘Western Food’ | by Yow Hong Chieh | Medium",https://medium.com/@sixtybolts/the-secret-history-of-chicken-chop-malaysias-original-western-food-aa50c4a96166,en,,200,94,0,28581780,0,6,26,40,8,https://www.airasia.com/explore/assets/bltc84ac647e4a19aa3/not-just-a-red-light-district-heres-what-you-didnt-know-about-chow-kit,"At Yut Kee, a Hainanesekopitiamin the heart of Kuala Lumpur’s",bustling Chow Kit neighbourhood,", chicken chop is still served up the same way",,,text,false,true,true,true,false,false,true,,,linkfound,2025-08-09 07:42:58,2026-02-10 21:57:00,,Yow Hong Chieh,,,3
"The Secret History of Chicken Chop, Malaysia’s Original ‘Western Food’ | by Yow Hong Chieh | Medium",https://medium.com/@sixtybolts/the-secret-history-of-chicken-chop-malaysias-original-western-food-aa50c4a96166,en,,200,94,0,28581780,0,6,26,40,8,https://www.airasia.com/explore/assets/blt3f75af988c745069/how-people-take-their-coffee-around-southeast-asia,Pop down to the local,kopitiam,(coffee shop) in Malaysia or Singapore and chances are you’ll,,,text,false,true,true,true,false,false,true,,,linkfound,2025-08-09 07:42:58,2026-02-10 21:57:00,,Yow Hong Chieh,,,3
"The Secret History of Chicken Chop, Malaysia’s Original ‘Western Food’ | by Yow Hong Chieh | Medium",https://medium.com/@sixtybolts/the-secret-history-of-chicken-chop-malaysias-original-western-food-aa50c4a96166,en,,200,94,0,28581780,0,6,26,40,8,https://www.airasia.com/explore/assets/bltdb7ad8a93acc00d7/7-national-dishes-that-carry-the-flag-in-asia,"on to openkopitiam, where they served what became known as",local Hainanese cuisine,.,,,text,false,true,true,true,false,false,true,,,linkfound,2025-08-09 07:42:58,2026-02-10 21:57:00,,Yow Hong Chieh,,,3
"The Secret History of Chicken Chop, Malaysia’s Original ‘Western Food’ | by Yow Hong Chieh | Medium",https://medium.com/@sixtybolts/the-secret-history-of-chicken-chop-malaysias-original-western-food-aa50c4a96166,en,,200,94,0,28581780,0,6,26,40,8,http://www.airasia.com/play/assets/blt93ba6877dfe172ca/what-is-kaya-southeast-asias-answer-to-nutella,dishes that married the best of East and West —,kaya toast,", chicken pot pie, lamb stew,roti babiand, of course, chicken",https://www.airasia.com/explore/assets/blt93ba6877dfe172ca/what-is-kaya-southeast-asias-answer-to-nutella,301,text,false,true,true,true,false,false,true,,,linkfound,2025-08-09 07:42:58,2026-02-10 21:57:00,,Yow Hong Chieh,,,3
How to Book Cheap Flight Tickets to Malaysia - අඩු මුදලකට ගුවන් ටිකට්පත් මිලදී ගමු | AirAsia - YouTube,https://www.youtube.com/watch?v=QrYbxcDG5xY,en,,200,99,0,2948551936,0,4,6,40,16,https://www.airasia.com/,,https://www.airasia.com/,,,,text,false,false,true,false,false,true,false,,,linkfound,2025-08-22 23:21:46,2026-02-23 05:53:40,,,,,2
"The Secret History of Chicken Chop, Malaysia’s Original ‘Western Food’ | by Yow Hong Chieh | Medium",https://medium.com/@sixtybolts/the-secret-history-of-chicken-chop-malaysias-original-western-food-aa50c4a96166,en,,200,94,0,28581780,0,6,26,40,8,https://www.airasia.com/grocer/search?s=Nang+Ori,The latter is made from famed Sarawak pepper supplied by,Nang Ori,— a brand run by cafe co-founder Desonny Tuzan’s friend,"https://www.airasia.com/fresh/search?s=Nang+Ori, http://www.airasia.com/grocer/search?s=Nang+Ori","301, 301",text,false,true,true,true,false,false,true,,,linkfound,2026-02-10 21:57:00,2026-02-10 21:57:00,,Yow Hong Chieh,,,7
Voos Low Cost - Lista Completa de Companhias Aéreas 2026,https://www.joaoleitao.com/viagens/voos-baratos/,pt,wordpress,200,41,16,5408,1,90,162,39,5,https://www.airasia.com/en/gb,,AirAsia,,"http://www.airasia.com/, https://www.airasia.com/","301, 302",text,false,true,true,false,false,false,true,,,linkrestored,2019-09-28 08:09:58,2026-04-13 21:47:33,,,Article > Listicle,Travel > Transportation > Air travel,3
Met de boot van Bali naar Lombok en terug,https://www.foedsie.nl/reizen/indonesie/lombok/met-de-boot-van-bali-naar-lombok/,nl,"ecommerce, wordpress",200,8,5,2295,0,12,17,39,10,https://www.airasia.com/id/id,bestemmingen op het vaste land bezoekt. Bekijk de tickets op,Airasia >,,,,text,false,true,false,false,false,false,true,,,linkrestored,2023-12-06 10:54:39,2026-04-15 10:29:29,,,,,1
AirAsia MOVE: Flights & Hotels - Aplikasi di Google Play,https://play.google.com/store/apps/details?id=com.airasia.mobile&hl=id,id,,200,99,0,1281595264,0,2,6,39,42,https://www.airasia.com/aa/about-us/en/gb/privacy-statement.html,,shieldKebijakan Privasi,,,,text,false,false,false,false,false,false,true,,,linkfound,2025-08-09 20:11:05,2026-02-11 12:15:35,,,,,1
AirAsia MOVE: Flights & Hotels - Aplikasi di Google Play,https://play.google.com/store/apps/details?id=com.airasia.mobile&hl=id,id,,200,99,0,1281595264,0,2,6,39,42,https://www.airasia.com/,,publicSitus,,,,text,false,false,false,false,false,false,true,,,linkfound,2025-08-09 20:11:05,2026-02-11 12:15:35,,,,,2
"Thai AirAsia (FD) – Flights, Airline Tickets & Reviews",https://www.kayak.ae/Thai-AirAsia.FD.airline.html,en,,200,35,6,112814,37,47,122,38,1,https://www.airasia.com/en/gb,,airasia.com,,https://www.airasia.com/,302,text,false,true,false,false,false,false,true,,,linkrestored,2022-09-13 08:24:58,2026-04-17 19:19:39,,,Listing collection > Service,Travel > Transportation > Air travel,2
Viaggio a Palawan: è l'isola più bella del mondo? | Impiegata Giramondo,https://www.impiegatagiramondo.it/mondo/filippine/palawan/,it,wordpress,200,10,6,16634,0,13,25,38,8,https://www.airasia.com/,da Manila a Puerto Princesapuoi contare su diverse compagnie aeree:,AirAsia,", Cebu Pacific Air e Philippines Airlines . Inoltre,",,,text,false,true,false,false,false,false,true,,,pagefound,2019-04-19 08:40:31,2026-04-24 19:00:29,,,,,2
How to visit Cambodia on a budget: 13 tips to stretch your money further - Lonely Planet,https://www.lonelyplanet.com/articles/cambodia-on-a-budget,en,,200,89,5,1247067,559,15,45,38,5,https://www.airasia.com/en/gb,"Vietnam, Malaysia and Singapore fly into Cambodia. Check airlines like",Air Asia,and Vietjet Air for heavily discounted fares compared with the,,,text,false,true,false,false,false,false,true,,,pagefound,2022-05-03 08:35:45,2026-04-27 03:51:54,,Nick Ray,Article > How-to,Travel > Guides,1
24 out-of-this-world hiking trails in Indonesia with the most incredible views,https://indonesia.tripcanvas.co/hiking-trails/,en,wordpress,200,50,4.9,30932,3,36,80,38,3,https://www.airasia.com/,"available from Jakarta and Bali via Garuda Indonesia , and",AirAsia,"). From Maumere, visitors need to take the Maumere-Ende bus",,,text,false,true,true,false,false,true,true,,,linkrestored,2019-12-26 07:02:39,2026-04-07 18:07:49,,Anne Scott,Article > Roundup,Travel > Specialty travel > Adventure travel; Leisure > Outdoors > Camping; Sports > Individual sports,1
24 out-of-this-world hiking trails in Indonesia with the most incredible views,https://indonesia.tripcanvas.co/hiking-trails/,en,wordpress,200,50,4.9,30932,3,36,80,38,3,https://www.airasia.com/en/gb,"(direct flight available from Jakarta, Kuala Lumpur and Singapore via",AirAsia,", Garuda Indonesia , Malaysia Airlines , and",,,text,false,true,true,false,false,true,true,,,linkrestored,2019-12-26 07:02:39,2026-04-07 18:07:49,,Anne Scott,Article > Roundup,Travel > Specialty travel > Adventure travel; Leisure > Outdoors > Camping; Sports > Individual sports,1
ปฏิทินวันหยุดยาว 2568 รวมวันหยุดราชการ วันหยุดธนาคาร อัพเดทล่าสุด!!,https://www.changtrixget.com/travel/%E0%B8%A7%E0%B8%B1%E0%B8%99%E0%B8%AB%E0%B8%A2%E0%B8%B8%E0%B8%94-2568/,"th, en",wordpress,200,34,4.6,2136,0,5,6,38,6,https://www.airasia.com/en/gb,รวม วันหยุด 2568 นี้แล้ว อย่าลืมรีบจองตั๋วเครื่องบินกับที่พักกันไว้กันด้วยนะ จะได้ใช้วันลาได้อย่างคุ้มค่าที่สุด สำหรับใครที่กำลังมองหา,โปรโมชั่นแอร์เอเชีย,เดินทางได้ถึงมีนาคมปีหน้าเลยนะครับ,,,text,false,true,false,false,false,false,true,,,pagefound,2024-06-24 08:58:55,2026-04-24 10:56:58,,,,,1
Su di noi - Le migliori compagnie aeree al mondo | GoOpti,https://www.goopti.com/it/su-di-noi/blog-goopti/le-migliori-compagnie-aeree-al-mondo,it,,200,65,4.5,17043,1,30,37,38,3,https://www.airasia.com/en/gb,La compagnia,AirAsia,è stata votata la migliore compagnia aerea low cost del,,,text,false,true,false,false,false,false,true,,,pagefound,2019-09-06 08:41:37,2026-04-20 04:35:31,,,Article > Roundup,Travel > Transportation > Air travel,1
"Como llegar a Koh Lipe barato, Tailandia - Siamtrails",https://viajeatailandia.com/islas-de-tailandia/koh-lipe/como-llegar-a-koh-lipe/,es,wordpress,200,14,4.5,11341,0,6,7,38,9,https://www.airasia.com/en/gb,Koh lipe desde Bangkok es volar a Hat Yai con,Air Asia,o Nok Air . Y de ahí ir al puerto,,,text,false,true,false,false,false,false,true,,,linkrestored,2019-05-26 10:59:53,2026-04-25 05:21:51,,,,,1
Best Beaches in Zamboanga to Visit,https://www.spot.ph/things-to-do/the-latest-things-to-do/89468/beaches-in-zamboanga-to-visit-a4543-20220602-lfrm,en,,200,71,4.4,124584,0,9,27,38,7,https://www.airasia.com/,the previous frequency of six per week. This expansion allows,AirAsia,to fly more than 200 tons of both passenger and,,,text,false,true,true,false,false,false,true,,,linkrestored,2025-01-21 10:15:38,2026-04-19 20:45:53,,,,,2
How are The Top 5 Loyalty Programs in Malaysia Driving Brand Affinity,https://www.capillarytech.com/blog/top-malaysian-loyalty-programs-post-pandemic/,en,wordpress,200,70,4.4,5727,6,13,17,38,11,https://www.airasia.com/rewards/en/gb,The AirAsia,BIG Rewards,Program started off as an airline loyalty program and has,,,text,false,true,true,false,false,true,true,,,linkfound,2024-07-31 20:59:29,2026-04-13 02:16:31,,Gitanjali Mittal,Article > Roundup,Business > Retail trade,2
AirAsia cuts some Australia-Bali and KL routes; adds new Melbourne-Denpasar service,https://karryon.com.au/industry-news/airline/airasia-cuts-australia-bali-kl-routes/,en,wordpress,200,57,0,6174,1,10,13,38,18,https://www.airasia.com/en/gb,"In February,",AirAsia X,"unveiled a new Kuala Lumpur–London route , to commence on",,,text,false,false,false,false,false,true,true,,,pagefound,2026-03-02 23:43:58,2026-04-23 18:51:42,,Mark Harada,Article > News,Travel > Accommodations > Other,1
Cochin International Airport,https://www.cial.aero/cargo,en,,200,53,4.8,30695,2,40,68,37,16,https://www.airasia.com/flights/thailand,,https://www.airasia.com/flights/thailand,,,,text,false,true,false,false,false,false,true,,,linkfound,2023-05-04 19:11:46,2026-04-16 18:24:58,,,Site page > Services,Travel > Transportation > Air travel; Business,2
Cochin International Airport,https://www.cial.aero/cargo,en,,200,53,4.8,30695,2,40,68,37,16,https://www.airasia.com/flights/india/,,https://www.airasia.com/flights/india,,https://www.airasia.com/flights/india,308,text,false,true,false,false,false,false,true,,,linkfound,2026-03-13 00:56:12,2026-04-16 18:24:58,,,Site page > Services,Travel > Transportation > Air travel; Business,2
Cochin International Airport,https://www.cial.aero/cargo,en,,200,53,4.8,30695,2,40,68,37,16,https://www.airasia.com/en/gb,,http://www.airasia.com/,,"http://www.airasia.com/, https://www.airasia.com/","301, 302",text,false,true,false,false,false,false,true,,,linkrestored,2023-05-04 19:11:46,2026-04-16 18:24:58,,,Site page > Services,Travel > Transportation > Air travel; Business,3
Dit zijn de 25 veiligste luchtvaartmaatschappijen van 2026,https://www.columbusmagazine.nl/thema/vliegen/artikel/11937/veiligste-luchtvaartmaatschappijen-2026/,nl,wordpress,200,54,4.7,28108,1,64,97,37,14,https://www.airasia.com/en/gb,,AirAsia Group,( Maleisië ),,,text,false,true,false,false,false,true,true,,,pagefound,2026-01-16 15:36:43,2026-04-07 11:56:22,,Vellah Bogle,Article > Roundup,Travel > Transportation > Air travel,1
Is There A Weight Limit For Carry-On Luggage - U.N. Luggage Canada,https://unluggage.com/blogs/luggage-reviews/is-there-a-weight-limit-for-carry-on-luggage-in-canada,en,,200,26,4.5,8048,1,43,48,37,69,https://www.airasia.com/aa/inflight-comforts/en/gb/baggage.html,,Air Asia,,,,text,false,true,false,false,false,false,true,,,pagefound,2025-10-25 00:30:37,2026-04-24 22:28:39,,,Article > How-to,Travel > Travel accessories,1
ปฏิทินวันหยุดยาว 2567 รวมวันหยุดราชการ วันหยุดธนาคาร อัพเดทล่าสุด!!,https://www.changtrixget.com/news/holiday2024/,"th, en",wordpress,200,34,4.5,2136,1,5,6,37,6,https://www.airasia.com/en/gb,มี รวม วันหยุด 2567 นี้แล้ว อย่าลืมรีบจองตั๋วเครื่องบินกับที่พักกันไว้กันด้วยนะ จะได้ใช้วันลาได้อย่างคุ้มค่าที่สุด สำหรับใครที่กำลังมองหา,โปรโมชั่นแอร์เอเชีย,เดินทางได้ถึงตุลาคมปีหน้าเลยนะครับ,,,text,false,true,false,false,false,true,true,,,pagefound,2023-06-11 20:21:01,2026-04-24 15:15:32,,,Article > Roundup,Travel > Tourist destinations > Other,1
"Maps, Weather, and Airports for Mahabatpur, India",https://www.fallingrain.com/world/IN/34/Mahabatpur2.html,en,,200,61,0,20198,0,18,53,37,2,http://www.airasia.com/,", Mihin Lanka , Myanmar Airways International ,",Thai AirAsia,", Thai Airways International , Thai Vietjet Air",,,text,false,true,false,false,false,false,true,,,pagefound,2025-10-23 23:41:03,2026-03-22 22:05:53,,,,,6
"Maps, Weather, and Airports for Damupur, India",http://www.fallingrain.com/world/IN/36/Damupur.html,en,,200,61,0,20198,0,15,39,37,1,https://www.airasia.com/,", SpiceJet , SriLankan Airlines ,",Thai AirAsia,", Thai Airways International , Vistara",http://www.airasia.com/,301,text,false,true,false,false,false,false,true,,,pagefound,2025-08-06 11:06:35,2026-04-20 12:07:23,,,,,6
Viaggio in Malesia fai da te: guida per un viaggio zaino in spalla,https://thejaunter.com/viaggio-in-malesia/,it,wordpress,200,2.6,6,2512,0,30,125,36,26,https://www.airasia.com/en/gb,con tariffe davvero vantaggiose grazie a compagnie low cost come,Air Asia,", Malaysia Airlines e",,,text,false,true,false,false,false,false,true,,,linkrestored,2023-06-20 02:34:58,2026-04-24 22:06:07,,,Article > Guide,Travel > Guides,1
Everything You Need to Know Before Visiting Thailand for the First Time - The Petite Wanderer,https://thepetitewanderer.com/2026/01/24/what-to-know-before-visiting-thailand/,en,wordpress,429,7,4.9,1573,0,18,26,36,3,https://www.airasia.com/en/gb,,Air Asia,,https://www.airasia.com/,302,text,false,true,false,false,false,false,true,pageerror,,pagefound,2026-01-24 15:48:59,2026-03-22 23:50:13,2026-03-28 07:20:35,,,,2
Thai AirAsia A320 Review (Bangkok-Luang Prabang),https://www.australianfrequentflyer.com.au/thai-airasia-a320-review/,en,wordpress,200,40,4.4,91803,0,8,8,36,10,https://www.airasia.com/aa/inflight-comforts/en/gb/hot-meals.html,"don’t usually rate Economy Class airline food that highly, but",AirAsia’s hot meals,are actually pretty good. My chicken rice was very tasty!,,,text,false,true,false,false,false,false,true,,,pagefound,2024-11-23 09:32:13,2026-04-20 02:05:11,,Matt Graham,,,1
A Glimpse into the Past: 9 Malaysian Heritage Buildings And Their History - Wiki Impact,https://www.wikiimpact.com/a-glimpse-into-the-past-9-malaysian-heritage-buildings-and-their-history/,en,"ecommerce, wordpress",200,35,0,1529,0,20,35,36,7,https://www.airasia.com/play/assets/bltd9a3cecff3fa8d43/loke-mansion-the-hidden-home-of-malayas-richest-tin-tycoon,Mansion: The Hidden Home of Malaya’s Richest Tin Tycoon. AirAsia.,Link.,,,,text,false,true,false,false,false,false,true,,,pagefound,2023-09-22 13:02:06,2026-04-22 03:23:38,,,,,1
"Travel info for Visayas, Philippines - Visayas",https://islandhoppinginthephilippines.com/visayas/,en,wordpress,200,18,7,3692,2,15,26,35,29,https://www.airasia.com/,,Air Asia,and/or Philippine Airlines fly from Manila to many major cities,,,text,false,true,true,false,false,true,true,,,pagefound,2022-04-06 22:33:46,2026-04-16 08:16:01,,Espinosa Kosmans,Article > Guide,Travel > Tourist destinations > Islands,2
廉航機票訂購須知｜機票票價、廉價航空機位查詢 ezfly 易飛旅遊,https://event.ezfly.com/fit/LCC/info/index3.html,zh-tw,,200,56,6,95040,0,16,34,35,11,https://www.airasia.com/aa/inflight-comforts/zh/tw/baggage.html,樂桃 香港快運,AirAsia,越捷 宿霧,,,text,false,false,false,false,false,false,true,,,linkrestored,2023-04-18 05:52:03,2026-03-21 20:22:13,,,,,1
美食スポットを巡るバンコクの旅 | 【公式】タイ国政府観光庁,https://www.thailandtravel.or.jp/thailand-gourmet-trip-vol03/,ja,wordpress,200,71,4.7,245736,2,11,20,35,2,https://www.airasia.com/ja/jp,,,,,,image,false,true,false,false,false,true,true,,,pagefound,2021-10-10 07:21:55,2026-04-26 09:04:54,,タイ国政府観光庁,Article > Roundup,Travel > Tourist destinations > Other; Food > Restaurants > Fine dining,1
美食スポットを巡るバンコクの旅 | 【公式】タイ国政府観光庁,https://www.thailandtravel.or.jp/thailand-gourmet-trip-vol03/,ja,wordpress,200,71,4.7,245736,2,11,20,35,2,https://www.airasia.com/jp/ja/inflight-comforts/premium-flatbed.page,日本からバンコクへはエアアジアの,プレミアムフラッドベッド,で！ フルフラットになる特別な座席は、リピーターが多いのも納得の快適さ。ビジネスクラスなのに片道税込運賃は6.3万円〜(2019年6月現在)と驚きのコスパも嬉しいポイントです。,,,text,false,true,false,false,false,true,true,,,pagefound,2021-10-10 07:21:55,2026-04-26 09:04:54,,タイ国政府観光庁,Article > Roundup,Travel > Tourist destinations > Other; Food > Restaurants > Fine dining,2
美食スポットを巡るバンコクの旅 | 【公式】タイ国政府観光庁,https://www.thailandtravel.or.jp/thailand-gourmet-trip-vol03/,ja,wordpress,200,71,4.7,245736,2,11,20,35,2,https://www.airasia.com/en/gb,,https://www.airasia.com,,https://www.airasia.com/,302,text,false,true,false,false,false,true,true,,,linkrestored,2021-10-10 07:21:55,2026-04-26 09:04:54,,タイ国政府観光庁,Article > Roundup,Travel > Tourist destinations > Other; Food > Restaurants > Fine dining,2
List of Airlines,https://www.japan.travel/en/my/travel-trade/airlines-list/,en,,200,81,4.4,1894921,0,10,14,35,9,https://www.airasia.com/en/gb,,None,,,,image,false,false,false,false,false,false,true,,,linkfound,2023-09-06 06:49:04,2026-04-18 03:22:18,,,,,1
จับมือสอนวิธีจอง จองตั๋วแอร์เอเชียออนไลน์ ทำตามได้เลย,https://insurverse.co.th/lifestyle/how-to-book-air-asia-tickets-online/,"th, en",wordpress,200,35,0,179831,0,6,8,35,35,https://www.airasia.com/,เป็นการจองตั๋วแอร์เอเชียออนไลน์ผ่านเว็บไซต์ของสายการบินโดยตรงที่,www.airasia.com,,http://www.airasia.com/,301,text,false,true,false,false,false,false,true,,,linkrestored,2025-01-17 06:57:08,2026-04-26 12:19:07,,,,,3
Tiket Pesawat Indonesia AirAsia Murah dengan Harga Promo - Airpaz,https://www.airpaz.com/id/airlines/QZ-Indonesia-AirAsia,id,,200,62,25,529014,2,11,17,34,23,https://www.airasia.com/aa/inflight-comforts/en/gb/hot-meals.html,Maskapai Indonesia AirAsia menyediakan layanan pemesanan makanan tambahan bagi penumpangnya.,Klik disini,untuk melihat menu yang tersedia.,,,text,false,false,true,false,false,true,true,,,linkrestored,2020-10-04 23:04:35,2026-03-28 07:08:35,,,Listing > Service,Travel > Transportation > Air travel,1
Tiket Pesawat Indonesia AirAsia Murah dengan Harga Promo - Airpaz,https://www.airpaz.com/id/airlines/QZ-Indonesia-AirAsia,id,,200,62,25,529014,2,11,17,34,23,https://www.airasia.com/aa/about-us/id/id/terms-and-conditions-qz.html,"Untuk mengetahui syarat dan ketentuan penerbangan Indonesia AirAsia,",silahkan klik disini,.,,,text,false,false,true,false,false,true,true,,,linkrestored,2022-07-13 06:01:35,2026-03-28 07:08:35,,,Listing > Service,Travel > Transportation > Air travel,1
Tiket Pesawat Indonesia AirAsia Murah dengan Harga Promo - Airpaz,https://www.airpaz.com/id/airlines/QZ-Indonesia-AirAsia,id,,200,62,25,529014,2,11,17,34,23,https://www.airasia.com/account,"AirAsia disediakan program miles. Untuk informasi selengkapnya, dapat di cek",disini,.,https://www.airasia.com/member/,301,text,false,false,true,false,false,true,true,,,linkrestored,2023-06-14 18:05:40,2026-03-28 07:08:35,,,Listing > Service,Travel > Transportation > Air travel,3
Tiket Pesawat Indonesia AirAsia Murah dengan Harga Promo - Airpaz,https://www.airpaz.com/id/airlines/QZ-Indonesia-AirAsia,id,,200,62,25,529014,2,11,17,34,23,https://www.airasia.com/check-in/en/gb,"keberangkatan. Untuk mengunjungi halaman check-in di situs web resmi maskapai,",klik disini,.,,,text,false,false,true,false,false,true,true,,,linkrestored,2020-10-04 23:04:35,2026-03-28 07:08:35,,,Listing > Service,Travel > Transportation > Air travel,1
"Thai AirAsia (FD) – Flights, Airline Tickets & Reviews",https://www.kayak.co.uk/Thai-AirAsia.FD.airline.html,en,,200,82,9,1113151,40,51,73,34,11,https://www.airasia.com/en/gb,,airasia.com,,https://www.airasia.com/,302,text,false,true,false,false,false,true,true,,,linkrestored,2019-07-21 14:15:59,2026-04-11 06:28:36,,,Listing collection > Service,Travel > Transportation > Air travel,4
セブ島旅行者必見！持ち物リストとパッキング完全ガイド - エキサイトセブ by PTNトラベル,https://excitecebu.ptn.com.ph/packing/,ja,wordpress,200,25,6,2288,2,8,11,34,5,https://www.airasia.com/aa/inflight-comforts/ja/jp/baggage.html,,Air AsiaのHPはこちら,,,,text,false,true,false,false,false,true,true,,,linkrestored,2024-09-28 15:34:15,2026-04-22 12:13:35,,エキセブくん,Article > Guide,Travel > Guides,1
Se rendre à Koh Tao 2026 — Koh Tao Complete Guide,https://www.kohtaocompleteguide.com/fr/faits/se-rendre-koh-tao/,fr,wordpress,200,28,5,4014,0,13,19,34,12,https://www.airasia.com/en/gb,"voulez ensuite prendre l’avion, il y a des vols avec",Air Asia,"à Chumphon, et avec Air Asia, Nok Air , Thai",https://www.airasia.com/,302,text,false,true,false,false,false,false,true,,,linkrestored,2021-12-13 12:16:59,2026-02-12 08:18:49,,,,,2
Malaisie que voir et faire absolument ? - Virtual Trip,https://www.virtual-trip.fr/voyager-en-malaisie/,fr,,200,18,5,2811,0,15,48,34,14,https://www.airasia.com/en/gb,La,compagnie aérienne Airasia,est la compagnie de référence pour voyager en Asie ou,,,text,false,true,false,false,false,false,true,,,linkrestored,2026-01-24 03:06:04,2026-04-24 02:37:27,,,,,1
How to travel to Indonesia on a budget - Lonely Planet,https://www.lonelyplanet.com/articles/indonesia-on-a-budget,en,,200,89,5,1247067,23,18,53,34,10,https://www.airasia.com/en/gb,"Jakarta or Bali. Within Indonesia, national carrier Garuda Indonesia ,",Air Asia,or Lion Air link all the other main islands. For,,,text,false,true,false,false,false,false,true,,,linkfound,2023-12-03 20:06:08,2026-04-26 14:02:24,,Mark Eveleigh,Article > How-to,Travel > Guides,1
จองตั๋วเครื่องบิน AirAsia รับส่วนลดสูงสุด 900บ. - กรุงศรี เฟิร์สช้อยส์,https://www.firstchoice.co.th/promotion/airasia,th,,200,41,4.5,113528,0,6,7,34,19,https://www.airasia.com/th/th,,คลิก,,,,text,false,false,false,false,false,false,true,,,linkfound,2026-03-12 17:03:24,2026-04-07 16:24:04,,,,,1
【2026年最新】タイ旅行の費用・予算を徹底解説！日数別・人数別・目的別の具体的な目安と節約術 – 海外・国内旅行の持ち物リスト作成 | motteku（もってく）,https://motteku.jp/thailand-cost/,ja,wordpress,200,0.2,4.5,2406,0,8,11,34,6,https://www.airasia.com/ja/jp,費用を最優先に考えるなら、LCC（格安航空会社）の利用がおすすめです。,エアアジア公式サイト,では、セール時期に往復2万円台からの航空券が販売されることもあります。,,,text,false,true,false,false,false,false,true,,,pagefound,2026-01-15 01:24:08,2026-04-25 13:36:50,,,,,2
30 Day Travel Itinerary For The Philippines - Abbie Jade Wanders,https://abbiejadewanders.co.uk/the-philippines-30-day-travel-itinerary/,en,wordpress,200,2.2,0,2891,0,22,59,34,11,https://www.airasia.com/flights/,", Air Swift and",Air Asia,.,,,text,false,true,false,false,false,false,true,,,linkrestored,2026-02-24 16:41:48,2026-04-20 09:03:41,,,,,1
Las 10 Mejores Aerolíneas en 2026 - Eas BCN,https://easbcn.com/las-10-mejores-aerolineas-en-2026/,es,wordpress,200,27,0,19921,0,11,14,34,16,https://www.airasia.com/en/gb,,AirAsia,", con su sede en Kuala Lumpur, ha sido galardonada",,,text,false,true,false,false,false,false,true,,,pagefound,2026-01-26 15:16:14,2026-04-21 14:57:51,,,,,1
Getting Here + Around | Australia's Coral Coast,https://www.australiascoralcoast.com/plan/getting-here-around,en,,200,57,14,35567,2,38,52,33,14,https://www.airasia.com/en/gb,,AirAsia,,,,text,false,false,false,false,false,false,true,,,pagefound,2023-02-11 03:17:19,2026-04-26 09:05:35,,,Article > How-to,Travel > Transportation > Route,1
Malaysia Country Profile - jobs.ac.uk,https://career-advice.jobs.ac.uk/country-profiles/asia/malaysia/,en,wordpress,200,72,9,106750,3,38,79,33,12,http://www.airasia.com/ot/en/home.page,"domestic routes, while competition is increasing from budget airlines like",AirAsia,.,,,text,false,true,false,false,false,false,true,,,linkrestored,2022-05-30 13:22:41,2026-04-10 12:10:21,,,Article > Guide,Jobs and education > Jobs > Planning,4
馬來西亞旅遊 迪沙魯海岸Desaru Coast 馬來西亞東南岸的新興度假區 高爾夫球場、親子水上樂園 @AJ的旅行地圖,https://ajtravel.tw/20230322/,zh-tw,wordpress,200,28,5,38660,0,7,17,33,5,https://www.airasia.com/zh/tw,＞＞,亞洲航空官網訂票,,,,text,false,true,false,false,false,false,true,,,pagefound,2025-03-30 12:46:04,2026-04-26 23:00:15,,,,,2
Getting here: Flights from India to Australia - Tourism Australia,https://www.australia.com/en-in/facts-and-planning/getting-to-australia.html,en,,200,81,5,1296502,1,21,25,33,15,https://www.airasia.com/en/gb,", SriLankan Airlines , Scoot ,",AirAsia,", Emirates , Etihad and",,,text,false,true,false,false,false,true,true,,,linkrestored,2021-12-11 05:04:21,2026-04-17 01:07:22,,,Article > How-to,Travel > Transportation > Air travel,1
"Step By Step Cara Ke Pulau Perhentian (Bas, Kereta & Flight)",https://arbatravel.com/cara-ke-pulau-perhentian/,en,wordpress,200,26,4.5,15210,0,14,19,33,10,https://www.airasia.com/flights/from-kuala-lumpur-kul-to-kota-bharu-kbr,"Anda boleh beli tiket kapal terbang melalui MAS Airlines ,",AirAsia,dan Batik Air bergantung kepada waktu dan tarikh penerbangan mereka.,,,text,false,true,false,false,false,false,true,,,linkfound,2024-05-17 13:34:52,2026-04-20 12:28:55,,,,,2
6 Monate Singapur – Leben in der… Praktikum | studieren weltweit,https://www.studieren-weltweit.de/wie-teuer-ist-singapur/,de,wordpress,200,61,4.5,8101,0,16,33,33,8,https://www.airasia.com/en/home.page?gclid=Cj0KCQiA_s7fBRDrARIsAGEvF8Q8AcwHS1oFBz1kqG_i67ej_27-xyLo4815c31pkXTq9GkrKKGPiLIaAvwfEALw_wcB&gclsrc=aw.ds,"Auslandspraktikum eisern gespart. Bei Budget-Airlines wie Scoot , Jetstar und",AirAsia,gibt es mitunter richtig günstig Flüge in die umliegenden Länder.,,,text,false,true,false,false,false,false,true,,,pagefound,2018-11-27 05:36:42,2026-03-06 11:58:14,,,,,1
友善列印 - 各航空公司行動電源規定（20250301新增）及行李須知,https://moebt.nptu.edu.tw/p/16-1040-156049.php?Lang=zh-tw,zh-tw,,200,56,0,46676,0,17,24,33,5,https://www.airasia.com/aa/inflight-comforts/zh/tw/baggage.html,,,,,,image,false,true,false,false,false,false,true,,,pagefound,2023-03-20 08:57:00,2026-04-11 08:39:42,,,,,1
"Maps, Weather, and Airports for Kholta, India",https://www.fallingrain.com/world/IN/11/Kholta.html,en,,200,61,0,20198,0,11,28,33,1,https://www.airasia.com/in,"Air India ,",AirAsia India,", Deccan Charters , GoAir ,",http://www.airasia.com/in,301,text,false,true,false,false,false,false,true,,,linkrestored,2025-08-06 12:38:20,2026-04-10 22:53:01,,,,,18
LCC「タイ・エアアジアX」手荷物ルールと利用方法 [航空券] All About,https://allabout.co.jp/gm/gc/470714/,ja,,200,83,5,1154141,1,7,12,32,11,https://www.airasia.com/jp/ja/home.page,,エアアジア 公式サイト,,,,text,false,true,false,false,false,false,true,,,linkfound,2021-05-24 14:44:13,2026-04-26 19:12:48,,,Article > How-to,Travel > Transportation > Air travel,2
How Malaysia’s Roti Benggali Got Its Name | by Yow Hong Chieh | Medium,https://medium.com/@sixtybolts/how-malaysias-roti-benggali-got-its-name-ddd4cd2f5813,en,,200,94,0,28581780,0,5,18,32,5,https://www.airasia.com/play/assets/bltbd5dd9a499be44ec/how-malaysias-roti-benggali-got-its-name,First published in,AirAsia Play,on 18 Jan 2022.,,,text,false,true,true,true,false,false,true,,,linkfound,2025-12-19 13:48:36,2025-12-19 13:48:36,,Yow Hong Chieh,,,1
How Malaysia’s Roti Benggali Got Its Name | by Yow Hong Chieh | Medium,https://medium.com/@sixtybolts/how-malaysias-roti-benggali-got-its-name-ddd4cd2f5813,en,,200,94,0,28581780,0,5,18,32,5,https://www.airasia.com/explore/assets/blta6476bf08748445b/10-southeast-asian-egg-dishes-you-must-try,"you can dip the bread intosup kambing(mutton soup), curry or",soft-boiled eggs,for a full flavour explosion.,https://airasia.com/explore/assets/blta6476bf08748445b/10-southeast-asian-egg-dishes-you-must-try,301,text,false,true,true,true,false,false,true,,,linkfound,2025-12-19 13:48:36,2025-12-19 13:48:36,,Yow Hong Chieh,,,3
How Malaysia’s Roti Benggali Got Its Name | by Yow Hong Chieh | Medium,https://medium.com/@sixtybolts/how-malaysias-roti-benggali-got-its-name-ddd4cd2f5813,en,,200,94,0,28581780,0,5,18,32,5,https://www.airasia.com/explore/assets/blt93ba6877dfe172ca/what-is-kaya-southeast-asias-answer-to-nutella,"slices, spread a generous amount of margarine onto one and",kaya,(coconut jam) onto the other and slap the two pieces,,,text,false,true,true,true,false,false,true,,,linkfound,2025-12-19 13:48:36,2025-12-19 13:48:36,,Yow Hong Chieh,,,3
How Malaysia’s Roti Benggali Got Its Name | by Yow Hong Chieh | Medium,https://medium.com/@sixtybolts/how-malaysias-roti-benggali-got-its-name-ddd4cd2f5813,en,,200,94,0,28581780,0,5,18,32,5,https://www.airasia.com/play/assets/blt3f75af988c745069/how-people-take-their-coffee-around-southeast-asia,Pair this with,kopi O,or sweetened black coffee for the perfectkopitiam(coffee shop) treat —,"https://www.airasia.com/explore/assets/blt3f75af988c745069/how-people-take-their-coffee-around-southeast-asia, http://www.airasia.com/play/assets/blt3f75af988c745069/how-people-take-their-coffee-around-southeast-asia","301, 301",text,false,true,true,true,false,false,true,,,linkfound,2025-12-19 13:48:36,2025-12-19 13:48:36,,Yow Hong Chieh,,,3
Gotogate Carriers: 650+ Top Airlines for Every Journey,https://www.gotogate.com/rf/carriers,en,,200,49,7,42302,2,215,1153,31,15,https://www.airasia.com/my/en/baggage-info/checked-baggage.page,,Bags »,,,,text,false,false,false,false,false,true,false,,,linkrestored,2022-11-10 20:55:19,2026-04-10 09:22:08,,,Listing collection > Service,Travel > Transportation > Air travel,3
Gotogate Carriers: 650+ Top Airlines for Every Journey,https://www.gotogate.com/rf/carriers,en,,200,49,7,42302,2,215,1153,31,15,https://www.airasia.com/aa/about-us/en/gb/terms-and-conditions-fd.html,,Terms & conditions »,,"https://www.airasia.com/my/en/about-us/terms-and-conditions-fd.page, https://www.airasia.com/aa/about-us/en/my/terms-and-conditions-fd.html","302, 302",text,false,false,false,false,false,true,false,,,linkrestored,2022-11-10 20:55:19,2026-04-10 09:22:08,,,Listing collection > Service,Travel > Transportation > Air travel,12
Gotogate Carriers: 650+ Top Airlines for Every Journey,https://www.gotogate.com/rf/carriers,en,,200,49,7,42302,2,215,1153,31,15,https://www.airasia.com/aa/inflight-comforts/en/gb/hot-meals.html,,Meals »,,"https://www.airasia.com/my/en/inflight-comforts/hot-meals.page, https://www.airasia.com/aa/inflight-comforts/en/my/hot-meals.html","302, 302",text,false,false,false,false,false,true,false,,,linkrestored,2022-11-10 20:55:19,2026-04-10 09:22:08,,,Listing collection > Service,Travel > Transportation > Air travel,3
Getting Here,https://www.sunwaymedicalinternational.com/en/menuju-ke-sini,en,,200,23,6,3122,0,24,42,31,2,https://www.airasia.com/en/gb,,AirAsia,,,,text,false,false,false,false,false,false,true,,,pagefound,2025-03-06 23:38:59,2026-04-26 02:58:24,,,,,1
"¿Qué es la publicidad programática? Ventajas, cómo funciona y ejemplos",https://www.cyberclick.es/numerical-blog/que-es-la-publicidad-programatica-como-funciona-y-sus-ventajas,es,,200,72,5,222611,2,26,34,31,7,https://www.airasia.com/en/gb,,AirAsia,usó la publicidad programática parasegmentar audiencias en función de su,,,text,false,true,true,false,false,true,true,,,linkrestored,2020-11-30 12:21:46,2026-04-24 21:25:49,,,Article > Guide,Business > Marketing > Marketing; Internet > Web services,1
"Come arrivare alle isole Perhentian: voli, bus e barca - Vabbè io vado!",https://vabbeiovado.com/isole-perhentian-come-arrivare/,it,wordpress,200,0.5,4.7,1729,0,8,13,31,9,https://www.airasia.com/en/gb,all’aeroporto diKota Bharu. Per i voli potete vedere le compagnie,Air Asia,"oMalaysia Airlines, prezzo del biglietto da",,,text,false,true,false,false,false,false,true,,,linkrestored,2023-08-30 21:45:09,2026-04-15 22:19:59,,,,,1
Departing (Check-in Options) - PDMO - The Public Debt Management Office,https://www.utapao.com/en/passenger-guide/Check-in-Options,th,,200,37,4.7,6510,0,8,10,31,1,https://www.airasia.com/en/gb,,https://www.airasia.com/th/th/check-in.page,,https://www.airasia.com/th/th/check-in.page,302,text,false,false,false,false,false,false,true,,,linkrestored,2020-11-21 02:32:28,2026-04-24 07:00:58,,,,,2
Singapore on a Budget – My Comprehensive Budget Travel Guide,https://www.hayleyonholiday.com/visit-singapore-budget/,en,wordpress,200,21,4.6,24327,3,28,42,31,8,https://www.airasia.com/en/gb,"The second time I visited Singapore, I flew with",AirAsia,from Bali. I then flew home to Australia both times,https://www.airasia.com/booking/home/en/gb,302,text,false,true,false,false,false,true,true,,,linkrestored,2019-04-19 22:01:15,2026-04-16 15:06:36,,Hayley Simpson,Article > How-to,Travel > Tourist destinations > Other,2
How to get around Indonesia: Transport tips and travel options - Lonely Planet,https://www.lonelyplanet.com/articles/getting-around-indonesia,en,,200,89,4.6,1247067,10,25,62,31,7,https://www.airasia.com/flights/indonesia/,"on Indonesia's low-cost airlines – Citilink , Lion Air ,",Indonesia AirAsia,and Sriwijaya Air are the biggest carriers. Travelers who value,https://www.airasia.com/flights/indonesia,308,text,false,true,false,false,false,false,true,,,linkfound,2026-03-16 18:26:35,2026-04-27 06:05:55,,Agustinus Wibowo,Article > How-to,Travel > Transportation > Rail,2
AirAsia D7 379｜從台北飛吉隆坡完整飛行記錄，座位配置、飛機餐與入境交通全攻略 @布雷克的出走旅行視界,https://blake.com.tw/blog/post/d7-379,zh-tw,wordpress,200,35,4.6,595443,2,14,16,31,2,https://www.airasia.com/zh/tw,,AirAsia MOVE,,,,text,false,false,true,false,false,true,true,,,pagefound,2025-09-01 05:39:38,2026-04-08 18:12:37,,,Article > Review,Travel > Transportation > Air travel,1
Iles perhentian : un paradis à découvrir en Malaisie - Jolis Circuits,http://www.joliscircuits.com/tres-grande-valise-circuits-long-courrier/asie/iles-perhentian-malaisie/,fr,wordpress,200,11,4.6,14995,0,8,19,31,15,https://www.airasia.com/,mais ce sera plus long. Nous avons pris un vol,Air Asia,depuis Kuala Lumpur (1h10) ∼30€/pers avec bagage en soute.,,,text,false,true,false,false,false,false,true,,,pagefound,2024-06-23 10:31:17,2026-04-18 22:30:40,,,,,2
台北直飛沙巴嗎？台灣沙巴機票費用多少？計畫沙巴之旅請收好這篇文章！ - 新飛留遊學中心,https://www.hsinfei.com/knowledge/sabah-ticket/,zh-tw,wordpress,200,31,4.6,33352,3,21,64,31,7,https://www.airasia.com/zh/tw,台北到亞庇一直很穩定提供服務的航空公司就是,亞洲航空,，每天都有直飛亞航班機前往亞庇機場，亞航亞庇線班機時刻如下：,,,text,false,true,false,false,false,true,true,,,pagefound,2023-09-04 09:53:06,2026-04-26 16:05:17,,,Article > How-to,Travel > Transportation > Air travel,1
How to Visit Every Country in the World - Every Country in the World,https://www.everycountryintheworld.com/how/,en,wordpress,200,31,4.5,2956,1,56,91,31,9,https://www.airasia.com/en/gb,Asia:,AirAsia,– Cebu Pacific Air – IndiGo –,,,text,false,true,false,false,false,true,true,,,linkfound,2021-01-01 09:54:07,2026-04-24 06:15:44,,,Article > How-to,Travel > Tourist destinations > Other,1
Procedury lotniskowe - krok po kroku. | BylismyTam.pl,https://bylismytam.pl/lotnisko/,pl,"ecommerce, wordpress",200,8,4.4,1243,1,11,17,31,6,https://www.airasia.com/aa/inflight-comforts/en/gb/baggage.html,,AirAsia,,,,text,false,true,false,false,false,true,true,,,pagefound,2022-11-13 08:27:28,2026-04-23 20:32:07,,,Article > Guide,Travel > Transportation > Air travel,1
Map & Location : Krabi Resort Ao nang - A Thai traditional style resort in Ao Nang with a private beach access.,https://www.krabiresort.net/location.php,en,,200,22,6,2407,2,16,25,30,8,https://www.airasia.com/en/gb,Airways International ( www.thaiairways.com ) & Thai Air Asia (,www.airasia.com,),https://www.airasia.com/,302,text,false,true,false,false,false,false,true,,,linkrestored,2024-09-30 12:11:10,2026-04-26 07:28:14,,,Site page > Services,Travel > Accommodations,2
"Surin travel guide - Activities, Events & Things to do",https://itsbetterinthailand.com/provinces/surin/,en,,200,32,4.9,8431,1,8,12,30,6,https://www.airasia.com/,no direct flights to Surin but both Nok Air and,Air Asia,fly to nearby Buriram and offer a combined ticket that,,,text,false,true,false,false,false,false,true,,,linkfound,2018-12-14 11:11:12,2026-04-13 22:05:24,,,Article > Guide,Travel > Tourist destinations > Gardens,2
15 Cara Booking Tiket Flight Murah Air Asia,https://www.blogfaiz.com/cara-booking-tiket-flight-murah-air-asia/,en,wordpress,200,11,4.7,8910,0,9,13,30,14,https://www.airasia.com/promotions/my/ms/,,Semak Harga Tiket Flight Murah Airasia Promo,,,,text,false,true,false,false,false,false,true,,,linkfound,2025-06-26 23:54:30,2026-04-15 12:36:28,,,,,1
タイ｜入国情報 | ASEAN Travel | ASEAN-JAPAN CENTRE（日本アセアンセンター）,https://travel.asean.or.jp/thailand/948/,ja,wordpress,200,63,4.6,35961,0,10,17,30,4,http://www.airasia.com/,・タイ・エアアジアX：,www.airasia.com,,,,text,false,false,false,false,false,false,true,,,pagefound,2021-06-10 15:20:38,2026-04-24 11:32:33,,,,,3
Z2214 Ongoing & Upcoming Flights - Aviability,https://aviability.com/en/flight/z2214-philippines-airasia,en,,200,18,0,162524,0,2,4,30,2,https://www.airasia.com/,,Philippines AirAsiaairasia.com,,https://airasia.com/,301,text,false,false,true,false,false,false,true,,,linkfound,2026-01-25 17:27:53,2026-01-25 17:27:53,,,,,16
"Maps, Weather, and Airports for Karyabinayak, Nepal",http://www.fallingrain.com/world/NP/00/Karyabinayak.html,en,,200,61,0,20198,0,39,93,30,1,https://www.airasia.com/en/gb,"''{{linktext|Zhōngguó |Guójì |Hángkōng |Gōngsī}}'' , Air India ,",AirAsia X,", Bhutan Airlines , Biman Bangladesh Airlines ,","http://www.airasia.com/, https://www.airasia.com/","301, 302",text,false,true,false,false,false,false,true,,,pagefound,2025-07-29 06:20:39,2026-04-08 07:29:09,,,,,3
"Thai AirAsia Flight Tickets Booking, Schedule | ixigo",https://www.ixigo.com/airlines/thai_airasia-fd,en,,200,68,25,6502842,1,10,14,29,13,https://www.airasia.com/en/gb,,airasia.com,Thai AirAsiaFlight Status,"https://airasia.com/, https://www.airasia.com/","301, 302",text,false,false,true,false,false,true,true,removedfromhtml,,linkrestored,2019-12-19 13:05:17,2026-03-24 08:10:37,2026-04-13 22:00:18,,Listing collection > Service,Travel > Transportation > Air travel,2
WTTC Members,https://wttc.org/membership/our-members,en,,200,80,14,14649,37,188,271,29,6,https://www.airasia.com/en/gb,,Website,,https://www.airasia.com/,302,text,false,false,false,false,false,false,true,,,linkrestored,2025-03-04 06:17:03,2026-04-27 03:30:06,,,Listing collection > Business,Travel > Travel agencies > Other; Business > Hospitality industry,2
日本からバリ島へのフライト～2022年2月情報　|　バリ島旅行.com,https://www.balitouryokou.com/aboutbali/airline.html,ja,,200,19,6,2262,0,18,26,29,5,https://www.airasia.com/jp/ja/home.page,,AirAsia,,http://www.airasia.com/jp/ja/home.page,301,text,false,true,false,false,false,false,true,,,linkrestored,2022-07-25 19:41:46,2026-04-22 16:13:45,,Tadashi Torii,,,3
✈️วิธีซื้อตั๋วเครื่องบิน แอร์เอเชีย ด้วยตัวเอง ในมือถือ อย่างละเอียด |ไม่มีบัตรเครดิตก็ซื้อได้ - YouTube,https://www.youtube.com/watch?v=uK7pKs7CQAk,"en, hi",,200,99,4.8,2948551936,0,8,13,29,36,https://www.airasia.com/th/th,,https://www.airasia.com/th/th,,,,text,false,false,true,false,false,true,false,,,linkfound,2025-08-15 16:47:21,2026-02-15 19:42:16,,,,,1
Review: AirAsia A320neo Hot Seat (KUL-CGK) - JakartaPotato,https://www.jakartapotato.com/2024/07/31/review-airasia-a320neo-hotseat-kul-cgk/,en,wordpress,200,5,4.7,1080,3,2,6,29,17,https://www.airasia.com/aa/inflight-comforts/en/gb/ecatalog.html,"below, which is updated quarterly. You can also browse the",latest menu on AirAsia’s website,. If you know you’re going to eat on the,,,text,false,true,false,false,false,false,true,,,pagefound,2024-08-01 04:39:20,2026-04-27 01:48:42,,Raymond Kawazoe,Article > Review,Travel > Transportation > Air travel,1
Review: AirAsia A320neo Hot Seat (KUL-CGK) - JakartaPotato,https://www.jakartapotato.com/2024/07/31/review-airasia-a320neo-hotseat-kul-cgk/,en,wordpress,200,5,4.7,1080,3,2,6,29,17,https://www.airasia.com/,"While I love AirAsia’s concept and vision, I’ve always found",their website,to be very frustrating to navigate. Ever since AirAsia was,"http://airasia.com/, https://airasia.com/","301, 301",text,false,true,false,false,false,false,true,,,linkrestored,2024-08-01 04:39:20,2026-04-27 01:48:42,,Raymond Kawazoe,Article > Review,Travel > Transportation > Air travel,2
"Maps, Weather, and Airports for Papampeta, India",http://www.fallingrain.com/world/IN/02/Papampeta2.html,en,,200,61,4.5,20198,0,41,95,29,1,http://www.airasia.com/in,", Air Mauritius , Air Pegasus ,",AirAsia India,", Blue Dart Aviation , British Airways ,",,,text,false,true,false,false,false,false,true,,,pagefound,2025-10-21 14:49:51,2026-04-03 01:12:41,,,,,11
"Maps, Weather, and Airports for Papampeta, India",http://www.fallingrain.com/world/IN/02/Papampeta2.html,en,,200,61,4.5,20198,0,41,95,29,1,https://www.airasia.com/,,'''AirAsia''',", AeroLogic , Air Arabia ,",http://www.airasia.com/,301,text,false,true,false,false,false,false,true,,,pagefound,2025-10-21 14:49:51,2026-04-03 01:12:41,,,,,17
Cost of Living in Goa in Apr 2026,https://nomads.com/cost-of-living/in/goa,en,,200,76,4.4,24539,4,35,62,29,5,https://www.airasia.com/?ref=nomadlist,,AirAsia,,http://www.airasia.com/?ref=nomadlist,301,text,false,false,false,false,false,true,true,,,linkrestored,2025-02-11 01:33:55,2026-04-24 00:49:38,,,Article > Comparison,Real estate > Real estate listings > Residential sales; Finance > Management > Other; Travel > Tourist destinations > Other,4
2022 Singapore Travel Guide for Filipinos | Security Bank Philippines,https://www.securitybank.com/blog/2022-singapore-travel-guide-for-filipinos/,en,wordpress,200,60,4.4,99000,0,29,42,29,9,https://www.airasia.com/en/gb,,Airasia,,,,text,false,false,false,false,false,false,true,,,pagefound,2022-11-09 03:08:19,2026-02-01 02:51:36,,,,,1
航空会社詳細（フィリピンエアアジア） | 成田国際空港,https://www.narita-airport.jp/ja/flight/airline-search/apg/,ja,,200,79,0,303742,0,7,8,29,13,https://www.airasia.com/flights/ja/jp/philippines/,,https://www.airasia.com/flights/ja/jp/philippines,,https://www.airasia.com/flights/ja/jp/philippines,308,text,false,false,false,false,false,false,true,,,linkfound,2026-03-15 20:29:43,2026-04-22 02:11:44,,,,,2
"AirAsia X (D7) – Flights, Airline Tickets & Reviews",https://www.kayak.com.my/AirAsia-X.D7.airline.html,en,,200,35,10,52907,32,47,114,28,17,https://www.airasia.com/ms/my,,airasia.com,,,,text,false,true,false,false,false,true,true,,,pagefound,2022-08-08 20:10:30,2026-04-26 02:42:12,,,Listing collection > Service,Travel > Transportation > Air travel,2
The Ultimate guide to airasia rewards - Point Hacks,https://www.pointhacks.com.au/airasia-rewards/,en,wordpress,200,51,4.4,158508,4,9,28,28,16,https://www.airasia.com/rewards/earn/,"car rentals, points transfers from bank rewards programs and a",number of travel partners,like Agoda and booking.com .,https://www.airasia.com/rewards/earn/en/gb,0,text,false,true,false,false,false,true,true,,,linkrestored,2023-05-24 04:58:31,2026-04-24 22:20:12,,Victoria Kyriakopoulos,Article > Guide,Travel > Travel agencies > Other,3
The Ultimate guide to airasia rewards - Point Hacks,https://www.pointhacks.com.au/airasia-rewards/,en,wordpress,200,51,4.4,158508,4,9,28,28,16,https://www.airasia.com/aa/shop/,Shopping online through,airasia shop,,,,text,false,true,false,false,false,true,true,,,pagefound,2023-05-24 04:58:31,2026-04-24 22:20:12,,Victoria Kyriakopoulos,Article > Guide,Travel > Travel agencies > Other,1
The Ultimate guide to airasia rewards - Point Hacks,https://www.pointhacks.com.au/airasia-rewards/,en,wordpress,200,51,4.4,158508,4,9,28,28,16,https://www.airasia.com/rewards/,Go to the,airasia rewards website,or download the AirAsia Super App,https://www.airasia.com/rewards/en/gb,0,text,false,true,false,false,false,true,true,,,linkrestored,2023-05-28 12:45:09,2026-04-24 22:20:12,,Victoria Kyriakopoulos,Article > Guide,Travel > Travel agencies > Other,2
A Complete Guide to Penang International Airport,https://www.primeaceslimousine.com/airport/penang-international-airport,en,,200,24,0,2267,0,5,5,28,6,https://www.airasia.com/en/gb,counters along with self-service kiosks for several major carriers including,AirAsia,", Malaysia Airlines, and Singapore Airlines. These self-check-in options allow",,,text,false,true,false,false,false,false,true,,,linkfound,2025-12-21 23:57:48,2026-04-22 03:26:07,,,,,1
Tiket Pesawat Thai AirAsia Murah dengan Harga Promo - Airpaz,https://www.airpaz.com/id/airlines/FD-Thai-AirAsia,id,,200,62,25,529014,0,11,19,27,5,https://www.airasia.com/aa/inflight-comforts/en/gb/hot-meals.html,"menyediakan layanan pemesanan makanan tambahan bagi penumpangnya. Untuk melihat menu,",silahkan klik disini,.,"https://www.airasia.com/my/en/inflight-comforts/hot-meals.page, https://www.airasia.com/aa/inflight-comforts/en/my/hot-meals.html","302, 302",text,false,false,true,false,false,false,true,,,linkrestored,2022-01-28 14:53:32,2026-04-14 18:27:40,,,,,3
Tiket Pesawat Thai AirAsia Murah dengan Harga Promo - Airpaz,https://www.airpaz.com/id/airlines/FD-Thai-AirAsia,id,,200,62,25,529014,0,11,19,27,5,https://www.airasia.com/check-in/en/gb,bagi penumpang yang dapat dilakukan 14 hari sebelum jadwal keberangkatan.,Silahkan klik disini,untuk mengunjungi halaman check-in di situs web maskapai.,,,text,false,false,true,false,false,false,true,,,linkrestored,2022-02-03 00:24:08,2026-04-14 18:27:40,,,,,1
Tiket Pesawat Thai AirAsia Murah dengan Harga Promo - Airpaz,https://www.airpaz.com/id/airlines/FD-Thai-AirAsia,id,,200,62,25,529014,0,11,19,27,5,https://www.airasia.com/aa/about-us/id/id/terms-and-conditions-fd.html,,Silahkan klik disini,untuk mendapatkan info lebih lanjut mengenai syarat & ketentuan maskapai,,,text,false,false,true,false,false,false,true,,,linkrestored,2022-07-15 09:21:59,2026-04-14 18:27:40,,,,,1
Tiket Pesawat Thai AirAsia Murah dengan Harga Promo - Airpaz,https://www.airpaz.com/id/airlines/FD-Thai-AirAsia,id,,200,62,25,529014,0,11,19,27,5,https://www.airasia.com/account,"AirAsia menyediakan program miles. Untuk info lebih detail, silahkan cek",disini,.,https://www.airasia.com/member/,301,text,false,false,true,false,false,false,true,,,linkrestored,2023-06-14 23:06:35,2026-04-14 18:27:40,,,,,3
Getting to Vietnam | How to travel to Vietnam | Rough Guides,https://www.roughguides.com/vietnam/getting-there/,en,,200,76,7,167440,2,17,27,27,5,https://www.airasia.com/en/home.page,or Ho Chi Minh City. You can do this with,AirAsia,", Cebu Pacific , Jetstar, Malaysia Airlines, Singapore Airlines and",,,text,false,true,true,false,false,true,true,,,linkrestored,2020-11-04 21:26:09,2026-04-26 18:27:33,,,Article > How-to,Travel > Transportation > Air travel,2
Which Asian Airlines Allow Dogs in the Cabin in 2026? - Travelnuity,https://www.travelnuity.com/asian-airlines-that-allow-dogs-in-the-cabin/,en,wordpress,200,42,5,27338,2,53,82,27,11,https://www.airasia.com/aa/about-us/en/gb/terms-and-conditions-ak.html,"See: https://support.airasia.com/s/article/Can-I-bring-my-pet-en?language=en_GB ,",https://www.airasia.com/aa/about-us/en/gb/terms-and-conditions-ak.html,,,,text,false,true,false,false,false,false,true,,,linkfound,2023-12-17 13:24:57,2026-04-26 12:54:51,,Shandos Cleaver,Article > Comparison,Travel > Transportation > Air travel; Pets > Pets > Dogs,1
Tudo Sobre a Tailândia: 28 Dicas de Quem Morou Lá Bastante Tempo - Eduardo & Mônica,https://www.eduardo-monica.com/new-blog/tudo-sobre-a-tailandia-dicas-de-quem-morou-la-bastante-tempo,pt,,200,28,5,16168,1,19,55,27,7,http://www.airasia.com/ot/en/home.page?cid=1,"em Bangkok sai apenas do Don Muenag, Malindo Air ,",Air Asia,"que cobra a mala despachada, eThai Lion Air(chata para comprar).",,,text,false,true,false,false,false,true,true,,,linkrestored,2018-04-19 02:32:14,2026-04-26 00:29:51,,Mônica Morás,Article > Guide,Travel > Tourist destinations > Other,2
Tudo Sobre a Tailândia: 28 Dicas de Quem Morou Lá Bastante Tempo - Eduardo & Mônica,https://www.eduardo-monica.com/new-blog/tudo-sobre-a-tailandia-dicas-de-quem-morou-la-bastante-tempo,pt,,200,28,5,16168,1,19,55,27,7,https://www.airasia.com/en/gb,"bolsa. Os valores para despachar a bagagem variam, por isso",dá para simular,.,"https://www.airasia.com/my/en/our-fares/fees-and-charges.page, https://www.airasia.com/en/home.page","301, 301",text,false,true,false,false,false,true,true,,,linkrestored,2020-11-10 07:50:50,2026-04-26 00:29:51,,Mônica Morás,Article > Guide,Travel > Tourist destinations > Other,3
Tudo Sobre a Tailândia: 28 Dicas de Quem Morou Lá Bastante Tempo - Eduardo & Mônica,https://www.eduardo-monica.com/new-blog/tudo-sobre-a-tailandia-dicas-de-quem-morou-la-bastante-tempo,pt,,200,28,5,16168,1,19,55,27,7,https://www.airasia.com/my/en/baggage-info/cabin-baggage.page,,Air Asia,:Você pode levar na bagagem de mão uma peça (mala,,,text,false,true,false,false,false,true,true,,,linkrestored,2018-09-08 12:48:31,2026-04-26 00:29:51,,Mônica Morás,Article > Guide,Travel > Tourist destinations > Other,1
Malediven Backpacking: So geht's richtig - Happybackpacker,https://www.happybackpacker.de/reiseberichte/malediven-backpacking/,de,"ecommerce, wordpress",200,27,5,3516,1,13,20,27,2,https://www.airasia.com/,lohnt sich ein Flug von Kuala Lumpur mit der Billigfluglinie,Air Asia,für rund 100 Euro bist du dabei.,,,text,false,true,false,false,false,false,true,,,pagefound,2023-07-02 13:16:03,2026-04-16 11:56:41,,,Article > Guide,Travel > Specialty travel > Adventure travel,2
Viaggio in Thailandia fai da te: itinerario con mappa - Parto da Milano,https://partodamilano.com/viaggio-in-thailandia/,it,wordpress,200,4.9,4.7,17909,0,16,24,27,8,https://www.airasia.com/en/gb,Chiang Mai a Koh Samuiin aereo. Voli low cost con,Air Asia,", Bangkok Airways e",https://www.airasia.com/,302,text,false,true,false,false,false,false,true,,,linkrestored,2022-02-24 09:09:14,2026-04-25 13:04:36,,Chiara Stinson,,,2
桃園出發｜清邁機加酒自由行 6 日．自選寧曼＆古城區飯店｜1 人成行．加贈機場來回接送＆Sim卡 - KKday,https://www.kkday.com/zh-tw/product/195898,zh-tw,,200,81,4.4,3415954,0,11,14,27,2,https://www.airasia.com/flightstatus/zh/TW,＊航空公司保有航班異動時間，正確航班時間請依,航空公司官網,公告為準。,,,text,false,false,false,false,false,false,true,,,pagefound,2025-04-05 11:20:24,2026-03-05 05:02:13,,,,,1
桃園出發｜清邁機加酒自由行 6 日．自選寧曼＆古城區飯店｜1 人成行．加贈機場來回接送＆Sim卡 - KKday,https://www.kkday.com/zh-tw/product/195898,zh-tw,,200,81,4.4,3415954,0,11,14,27,2,https://www.airasia.com/aa/about-us/zh/tw/terms-and-conditions-fd.html,此商品使用AirAsia亞洲航空機票，購買前請先參閱「,航運條款與規定,」＆「 隱私權聲明 」。訂單成立即代表旅客同意航空公司相關政策。,,,text,false,true,false,false,false,false,true,,,pagefound,2025-04-05 11:20:24,2026-03-05 05:02:13,,,,,1
桃園出發｜清邁機加酒自由行 6 日．自選寧曼＆古城區飯店｜1 人成行．加贈機場來回接送＆Sim卡 - KKday,https://www.kkday.com/zh-tw/product/195898,zh-tw,,200,81,4.4,3415954,0,11,14,27,2,https://www.airasia.com/aa/about-us/zh/tw/privacy-statement.html,此商品使用AirAsia亞洲航空機票，購買前請先參閱「 航運條款與規定 」＆「,隱私權聲明,」。訂單成立即代表旅客同意航空公司相關政策。,,,text,false,true,false,false,false,false,true,,,pagefound,2025-04-05 11:20:24,2026-03-05 05:02:13,,,,,1
ยาขึ้นเครื่อง 2568 : คู่มือฉบับสมบูรณ์ เดินทางในประเทศ-ต่างประเทศ│Trip.com,https://th.trip.com/ask/questions/can+I+bring+medication+on+a+plane.html,th,,200,86,0,9934607,0,4,5,27,10,https://www.airasia.com/en/gb,,https://www.airasia.com,,https://www.airasia.com/,302,text,false,false,false,false,false,false,true,,,linkfound,2025-12-18 19:19:36,2025-12-18 19:19:36,,,,,2
アクセス｜ふらの観光協会公式サイト Furano index,https://www.furanotourism.com/jp/static/access.php,ja,,200,61,16,13262,12,50,89,26,8,https://www.airasia.com/ko/kr,,Air Asia,,,,text,false,false,false,false,false,false,true,,,linkfound,2022-06-02 11:06:25,2026-04-26 16:03:22,,,Site page > Services,Travel > Tourist destinations > Ski resorts,1
"Black Friday Flight Sales Australia: Best Qantas, Jetstar and Virgin prices and offers on domestic and international routes, free returns, huge discounts",https://www.theage.com.au/traveller/travel-news/free-return-seats-and-epic-discounts-in-black-friday-cyber-monday-sales-20251105-p5n7yq.html,en,,200,86,8,726261,0,31,47,26,7,https://www.airasia.com/en/gb,"and Perth to Kuala Lumpur, until November 30, 2025. See",airasia.com,,"http://airasia.com/, https://airasia.com/, https://www.airasia.com/","301, 301, 302",text,false,true,false,false,false,false,true,,,linkfound,2026-01-01 15:55:48,2026-03-13 21:23:15,,Katherine Scott,,,2
エアアジアX - 海外航空券の最安値を検索・比較・予約サイトならスカイチケット！,https://skyticket.jp/air_asia_x_international/,ja,,200,70,5,380640,1,13,18,26,12,https://www.airasia.com/en/gb,受託手荷物の規定については,エアアジア X公式サイト,よりご確認ください。,https://www.airasia.com/jp/ja/baggage-info/checked-baggage.page,302,text,false,false,false,false,false,true,true,,,pagefound,2023-06-23 15:52:11,2026-04-18 08:11:35,,,Listing collection > Service,Travel > Transportation > Air travel,2
エアアジアX - 海外航空券の最安値を検索・比較・予約サイトならスカイチケット！,https://skyticket.jp/air_asia_x_international/,ja,,200,70,5,380640,1,13,18,26,12,https://www.airasia.com/jp/ja/baggage-info/cabin-baggage.page,機内持ち込み手荷物の規定については,エアアジア X公式サイト,よりご確認ください。,,,text,false,true,false,false,false,true,true,,,pagefound,2023-06-23 15:52:11,2026-04-18 08:11:35,,,Listing collection > Service,Travel > Transportation > Air travel,1
How to get to Bandung | Travelfish,https://www.travelfish.org/transport/indonesia/java/west_java/bandung/all,en,,200,65,4.9,48424,0,20,32,26,19,https://www.airasia.com/en/gb,", Lion Air , Citilink ,",AirAsia,", Silk Air and Nam Air .",https://www.airasia.com/,302,text,false,true,false,false,false,false,true,,,linkrestored,2022-04-29 15:33:28,2026-04-07 12:23:48,,Sally Arnold,,,2
【2025馬來西亞必買】16種樣國民品牌伴手禮推薦、超市也可以買到的零食與藥妝！ – 美奈子的微旅行,https://minako.tw/malaysia-must-buy/,zh-tw,wordpress,200,15,4.6,19169,1,12,52,26,22,https://www.airasia.com/zh/tw,如果說馬來西亞吉隆坡最適合的季節，我覺得其實因為吉隆坡都市所以一年四季都算適合，也沒有像泰國有明顯的雨季，但如果以機票來說的話，12月到2月算是吉隆坡的旺季機票價格較高，而7-8月因為會碰到馬來西亞齋戒月所以機票價格會比較低。而從台北飛到馬來西亞吉隆坡的飛行時間約4個半小時，以台灣出發到馬來西亞吉隆坡的航空公司來說，最便宜應該是,AirAsia亞洲航空,，台北跟高雄都有直飛。,,,text,false,true,false,false,false,false,true,,,pagefound,2025-05-06 16:17:33,2026-04-25 15:58:33,,,Article > Roundup,Shopping > Special event items > Gifts; Travel > Tourist destinations > Other; Food > Retailers > Delicatessens,1
Top 10 Best Airlines in 2023 - Eas BCN,https://easbcn.com/en/best-airlines-in-2023/,en,wordpress,200,27,4.5,19921,1,12,15,26,27,https://www.airasia.com/en/gb,,AirAsia,"based in Kuala Lumpur, has once again been honoured as",,,text,false,true,false,false,false,true,true,,,pagefound,2023-11-02 16:45:24,2026-04-24 19:01:45,,,Article > Roundup,Travel > Transportation > Air travel,1
AIRASIA X-Flights｜New Chitose Airport,https://www.hokkaido-airports.com/ja/new-chitose/airport/airline/xax/,en,,200,75,4.5,214901,1,6,11,26,2,https://www.airasia.com/en/gb,,Official site,,https://www.airasia.com/,302,text,false,false,false,false,false,true,true,,,linkrestored,2024-06-27 07:25:36,2026-04-24 23:00:57,,,Site page > Services,Travel > Transportation > Air travel,4
9 Bakeries in Klang Valley with Sourdough Bread Delivery,https://www.riuh.com.my/post/9-bakeries-in-klang-valley-with-sourdough-bread-delivery,en,,200,26,4.5,1553,1,14,41,26,5,https://www.airasia.com/food/my/en/restaurant/scoby-coffeebooch,"How to order: Order via Grab ,",Air Asia Food,or Whatsapp to order,,,text,false,true,false,false,false,false,true,,,pagefound,2022-05-18 08:43:48,2026-04-16 08:39:28,,,Listing collection > Business,Food > Delivery > Grocery delivery,1
9 Bakeries in Klang Valley with Sourdough Bread Delivery,https://www.riuh.com.my/post/9-bakeries-in-klang-valley-with-sourdough-bread-delivery,en,,200,26,4.5,1553,1,14,41,26,5,https://www.airasia.com/aa/food-dine-in/my/index.html,How to order: Order via their website or,Air Asia Food,‍,"https://www.airasia.com/food/my/en/restaurant/tommy-le-baker, http://www.airasia.com/aa/food-dine-in/my, https://www.airasia.com/aa/food-dine-in/my, http://www.airasia.com/aa/food-dine-in/my/index.html","301, 301, 301, 301",text,false,true,false,false,false,false,true,,,linkrestored,2023-10-17 09:08:15,2026-04-16 08:39:28,,,Listing collection > Business,Food > Delivery > Grocery delivery,6
9 Bakeries in Klang Valley with Sourdough Bread Delivery,https://www.riuh.com.my/post/9-bakeries-in-klang-valley-with-sourdough-bread-delivery,en,,200,26,4.5,1553,1,14,41,26,5,https://www.airasia.com/food/my/en/restaurant/wild-yeast-bakery-cafe,"How to order: Order via their website , via",Air Asia Food,or Whatsapp to order ‍,,,text,false,true,false,false,false,false,true,,,pagefound,2022-05-18 08:43:48,2026-04-16 08:39:28,,,Listing collection > Business,Food > Delivery > Grocery delivery,1
airasia rewards Review: A Comprehensive Lifestyle Program,https://antavo.com/blog/airasia-rewards-program-review/,en,wordpress,200,73,0,10371,3,11,19,26,20,https://www.airasia.com/rewards/en/gb,installing the airasia Super App or by registering on the,company’s website,.,,,text,false,true,false,false,false,false,true,,,pagefound,2022-06-02 17:41:11,2026-04-14 00:01:10,,,Article > Review,Travel > Travel agencies > Other,2
หลีเป๊ะ มัลดีฟส์เมืองไทย ไม่ไปไม่รู้... - Makalius.co.th,https://www.makalius.co.th/%E0%B8%94%E0%B8%B5%E0%B8%A5%E0%B8%97%E0%B9%88%E0%B8%AD%E0%B8%87%E0%B9%80%E0%B8%97%E0%B8%B5%E0%B9%88%E0%B8%A2%E0%B8%A7/kohlipe/,th,wordpress,200,25,0,42878,0,4,6,26,1,https://www.airasia.com/en/gb,จองเลยที่,https://www.airasia.com/th/th/home.page?cid=1,,"https://www.airasia.com/th/th/home.page?cid=1, https://www.airasia.com/en/gb?cid=1","302, 0",text,false,true,false,false,false,false,true,,,linkrestored,2025-01-18 10:58:18,2026-04-21 08:24:27,,,,,6
【走跳・帕岸】滿月不跑趴之度假攻略. 一提到泰國南部的帕岸島（Koh… | by 平子／Ping ／ผิง | 八百萬種食法 | Medium,https://medium.com/%E5%85%AB%E7%99%BE%E8%90%AC%E7%A8%AE%E9%A3%9F%E6%B3%95/%E8%B5%B0%E8%B7%B3-%E5%B8%95%E5%B2%B8-%E6%BB%BF%E6%9C%88%E4%B8%8D%E8%B7%91%E8%B6%B4%E4%B9%8B%E5%BA%A6%E5%81%87%E6%94%BB%E7%95%A5-18ceac52c2d1,"zh-tw, en",,200,94,0,28581780,0,7,11,26,2,https://www.airasia.com/th/th/home.page?cid=1,價格適中、方便又接地氣的，就是我這次的方式， 鳥航 跟,亞航,都有套票，機場到碼頭有巴士接駁，碼頭有合作的船公司，航空公司的人都把你帶得好好的。若要自由度更高（比如中途停哪裡幾天）也可以分開買，也就是巴士、船票都在機場跟碼頭有售票櫃檯，可以下了飛機再決定要去哪裡，不過就有巴士沒留你位子的風險。,,,text,false,true,true,true,false,false,true,,,linkfound,2025-09-14 05:38:10,2026-03-18 19:38:46,,平子,,,3
The Origins and History of Kolo Mee | by Yow Hong Chieh | Medium,https://medium.com/@sixtybolts/the-origins-and-history-of-kolo-mee-91b2b5aa9acd,en,,200,94,0,28581780,0,5,7,26,4,https://www.airasia.com/play/assets/blt2afb6f607d2ab6f4/what-to-see-and-do-in-miri-sarawaks-second-city,"(straight),Q mee(curly) ormee pok(flat). In Miri,",Sarawak’s laidback second city,", a flattish noodle known locally as Guangdong mee is",,,text,false,true,true,true,false,false,true,,,pagefound,2025-08-08 06:15:20,2026-02-08 09:25:07,,Yow Hong Chieh,,,1
How to get from Singapore to Indonesia without flying,https://www.travelfish.org/transport_detail/singapore/central_region/central_area/downtown_singapore/23,en,,200,65,0,48424,0,12,16,26,12,https://www.airasia.com/en/gb,so competition keeps the prices low. A quick search on,AirAsia.com,finds a weekday flight from Singapore to Jakarta for S$75,"http://www.airasia.com/, https://www.airasia.com/","301, 302",text,false,true,false,false,false,false,true,,,linkrestored,2025-05-06 00:38:30,2026-04-02 09:20:56,,Tanya Procyshyn,,,3
The Origins and History of Kolo Mee | by Yow Hong Chieh | Medium,https://medium.com/@sixtybolts/the-origins-and-history-of-kolo-mee-91b2b5aa9acd,en,,200,94,0,28581780,0,5,7,26,4,https://www.airasia.com/play/assets/blte41cbfe66cb35b4c/what-to-see-and-do-in-kuching-sarawaks-serene-capital,is a dry noodle dish that’s the signature offering of,"Kuching, the capital of Sarawak",.,,,text,false,true,true,true,false,false,true,,,pagefound,2025-08-08 06:15:20,2026-02-08 09:25:07,,Yow Hong Chieh,,,1
airasia rewards Review: A Comprehensive Lifestyle Program,https://antavo.com/blog/airasia-rewards-program-review/,en,wordpress,200,73,0,10371,3,11,19,26,20,https://www.airasia.com/rewards/earn/,Members can use their,airasia points,to pay for purchases on the Super App as well,https://www.airasia.com/rewards/earn/en/gb,0,text,false,true,false,false,false,false,true,,,linkrestored,2023-04-30 22:09:45,2026-04-14 00:01:10,,,Article > Review,Travel > Travel agencies > Other,3
The Origins and History of Kolo Mee | by Yow Hong Chieh | Medium,https://medium.com/@sixtybolts/the-origins-and-history-of-kolo-mee-91b2b5aa9acd,en,,200,94,0,28581780,0,5,7,26,4,https://www.airasia.com/play/assets/blt8314ebaeb2714221/the-origins-and-history-of-kolo-mee,First published in,airasia Play,on 19 Jul 2023.,,,text,false,true,true,true,false,false,true,,,pagefound,2025-08-08 06:15:20,2026-02-08 09:25:07,,Yow Hong Chieh,,,1
"AirAsia (AK) – Flights, Airline Tickets & Reviews",https://www.kayak.sg/AirAsia.AK.airline.html,en,,200,43,12,72168,42,46,63,25,7,https://www.airasia.com/en/gb,,airasia.com,,https://www.airasia.com/,302,text,false,true,false,false,false,true,true,,,linkrestored,2022-05-05 17:37:40,2026-04-08 23:50:14,,,Listing collection > Service,Travel > Transportation > Air travel,4
"Philippines AirAsia (Z2) - Vols, compagnie, billets et avis",https://www.kayak.fr/Philippines-AirAsia.Z2.airline.html,fr,,200,80,7,2340114,45,46,64,25,5,https://www.airasia.com/,,www.airasia.com,,,,text,false,true,false,false,false,false,true,,,pagefound,2022-09-13 09:25:11,2026-04-07 06:45:42,,,Listing collection > Service,Travel > Transportation > Air travel,2
5 Adventurous Short Getaways from Singapore (Only a 2-hour Flight Away),https://thetravelintern.com/adventurous-short-getaways-from-singapore/,en,wordpress,200,46,5,39797,0,40,92,25,15,https://www.airasia.com/aa/appdownload/,Adventure awaits — grab this deal now only on the,AirAsia MOVE app,!,,,text,false,true,false,false,false,false,true,,,linkfound,2024-11-16 03:34:00,2026-04-24 16:21:22,,Jeriah Gabriel,,,1
Thai AirAsia vluchten - Vergelijk en boek goedkope vliegtickets | momondo,https://www.momondo.nl/luchtvaartmaatschappij/thai-airasia,nl,,200,40,4.9,71485,14,31,62,25,4,https://www.airasia.com/,9999 te bellen of naar de website te gaan (,airasia.com,).,,,text,false,true,false,false,false,true,true,,,pagefound,2023-04-11 10:26:51,2026-04-26 17:06:44,,,Listing collection > Service,Travel > Transportation > Air travel,2
Checklist Barang Perlu Bawa Apabila Mengerjakan Umrah,https://ikhlas.com/blog/ms/my/diy/umrah/checklist-barang-perlu-bawa-apabila-mengerjakan-umrah/,,,200,55,4.5,59620,0,10,10,25,17,https://www.airasia.com/en/gb,,Tiket penerbangan,yang sah,,,text,false,true,false,false,false,false,true,,,pagefound,2025-01-18 06:45:50,2026-04-13 13:08:58,,,,,1
How to Become an Air Hostess? Find Out the Practical Tips Now,https://testbook.com/articles/how-to-become-an-air-hostess,en,,200,74,4.5,19578454,1,25,44,25,20,https://www.airasia.com/,,www.airasia.com,,http://www.airasia.com/,301,text,false,true,true,false,false,true,true,,,linkfound,2023-11-12 20:54:26,2026-04-11 14:12:17,,,Article > How-to,Jobs and education > Jobs > Planning,3
Airline Information | Kansai International Airport,https://www.kansai-airport.or.jp/en/flight/airlines,en,,200,76,0,302518,14,99,167,25,9,https://www.airasia.com/en/gb,,Philippines AirAsia,,,,text,false,true,false,false,false,false,true,,,pagefound,2026-01-27 18:34:19,2026-04-26 02:43:06,,,Site page > Services,Travel > Transportation > Air travel,1
Airline Information | Kansai International Airport,https://www.kansai-airport.or.jp/en/flight/airlines,en,,200,76,0,302518,14,99,167,25,9,http://www.airasia.com/jp/en/home.page,,AirAsiaX,,,,text,false,true,false,false,false,false,true,,,pagefound,2026-01-27 18:34:19,2026-04-26 02:43:06,,,Site page > Services,Travel > Transportation > Air travel,3
Belanja pakai Poin Xtra,https://www.cimbniaga.co.id/id/personal/poin-xtra/belanja-pakai-px,id,,404,71,9,2442146,1,38,45,24,11,https://www.airasia.com/id/id,,,,,,text,false,false,false,false,false,true,true,notfound,,linkrestored,2022-07-10 04:51:25,2026-04-15 12:08:59,2026-04-18 12:44:05,,,,1
"Viaggio in Indonesia: come arrivare, come muoversi, cosa fare e vedere",https://vacanzeinindonesia.com/organizza-il-tuo-viaggio/viaggio-in-indonesia/,it,wordpress,200,4.8,8,7165,0,14,26,24,8,https://www.airasia.com/en/gb,"Malesia, Thailandia, Vietnam, Cambogia e India con un volo diretto:",Air Asia,è sicuramente lacompagnia aerea low costche ci sentiamo di consigliare,https://www.airasia.com/,302,text,false,true,false,false,false,false,true,,,linkrestored,2021-10-30 21:53:12,2026-04-13 17:05:42,,,,,2
Cek Biaya Kelebihan Bagasi Maskapai Indonesia 2019 - Blog Antavaya,https://blog.antavaya.com/cara-cek-biaya-kelebihan-bagasi-maskapai-indonesia/,"id, en",wordpress,200,54,4.8,13096,0,6,10,24,9,https://www.airasia.com/id/id/our-fares/fees-and-charges.page,Lihat biaya bagasi AirAsia lengkap di,halaman tarif AirAsia,.,,,text,false,true,false,false,false,false,true,,,pagefound,2019-06-09 14:58:48,2026-04-24 14:25:21,,Nur Rosita,,,2
Automation testing: Một số công cụ hữu ích cho tester | TopDev,https://topdev.vn/blog/automation-testing-mot-so-cong-cu-huu-ich-cho-tester/,"vi, en",wordpress,200,59,4.6,137093,1,8,9,24,8,https://www.airasia.com/en/gb,Viết được auto cho website book vé online của trang,https://www.airasia.com,"hay là trang mua hàng nào đó, kiểu kiểu như",https://www.airasia.com/,302,text,false,true,true,false,false,false,true,,,linkrestored,2022-05-29 20:09:37,2026-04-24 18:11:39,,,Article > Guide,Computers and electronics > Software > Utilities,2
BigPay and airasia Superapp is BETTER TOGETHER | BigPay,https://bigpayme.com/features/airasia-superapp/linking/,en,,200,49,4.5,12168,3,13,27,24,12,https://www.airasia.com/aa/about-us/en/gb/partners-promotion-terms-and-conditions.html,,Terms and conditions apply.,,,,text,false,false,false,false,false,false,true,,,pagefound,2023-10-10 14:40:39,2026-04-11 03:27:32,,,Site page > Services,Finance > Banking > Digital wallets; Travel > Travel agencies > Other; Internet,1
BigPay and airasia Superapp is BETTER TOGETHER | BigPay,https://bigpayme.com/features/airasia-superapp/linking/,en,,200,49,4.5,12168,3,13,27,24,12,https://www.airasia.com/hotels/en/gb,,Book Now,,,,text,false,false,false,false,false,false,true,,,pagefound,2023-10-10 14:40:39,2026-04-11 03:27:32,,,Site page > Services,Finance > Banking > Digital wallets; Travel > Travel agencies > Other; Internet,3
BigPay and airasia Superapp is BETTER TOGETHER | BigPay,https://bigpayme.com/features/airasia-superapp/linking/,en,,200,49,4.5,12168,3,13,27,24,12,https://www.airasia.com/aa/bigpay/,,,,,,image,false,true,false,false,false,false,true,,,pagefound,2023-10-10 14:40:39,2026-04-11 03:27:32,,,Site page > Services,Finance > Banking > Digital wallets; Travel > Travel agencies > Other; Internet,1
The 3 best beaches in Kuantan - Asian Itinerary,https://asianitinerary.com/the-3-best-beaches-in-kuantan/,en,wordpress,200,22,4.5,1877,1,11,22,24,3,https://www.airasia.com/,"bus. If you plan to arrive by plane, both Airasia (",www.airasia.com,) and Malaysian Airlines ( www.malaysiaairlines.com ) cover the Kuala,http://www.airasia.com/,301,text,false,true,false,false,false,false,true,,,linkfound,2023-11-07 08:08:21,2026-04-22 15:50:32,,Catohrinner Joyce Guri,Article > Roundup,Travel > Tourist destinations > Islands,3
"Mrs. GREEN APPLE、新曲「インフェルノ」をTVアニメ""炎炎ノ消防隊""オープニング主題歌に書き下ろし | Skream! ニュース 邦楽ロック・洋楽ロック ポータルサイト",https://skream.jp/news/2019/06/mrs_green_apple_fireforce_inferno.php,ja,,200,55,4.4,39558,0,20,109,24,8,https://www.airasia.com/letsgoasia/,,www.airasia.com/letsgoasia/,,,,text,false,true,false,false,false,false,true,,,pagefound,2025-01-18 19:04:08,2026-04-06 00:52:35,,,,,2
FD175 Ongoing & Upcoming Flights - Aviability,https://aviability.com/en/flight/fd175-thai-airasia,en,,200,18,0,162524,0,3,7,24,1,http://www.airasia.com/,,Thai AirAsiawww.airasia.com,,,,text,false,false,true,false,false,false,true,,,pagefound,2026-01-21 02:08:54,2026-04-09 15:44:11,,,,,3
Cicil Barang di Merchant Pilihan dengan GoPayLater Cicil,https://gopay.co.id/blog/gopaylater-cicil-merchant,id,,200,74,0,1323479,0,34,47,24,7,https://www.airasia.com/id/id,,Air Asia,,,,text,false,true,false,false,false,false,true,,,pagefound,2025-06-18 14:48:25,2026-04-09 22:21:23,,,,,1
"Lopburi’s Monkey Banquet, a Festival Worth Going Bananas Over | by Yow Hong Chieh | Medium",https://medium.com/@sixtybolts/lopburis-monkey-banquet-a-festival-worth-going-bananas-over-67d9f65fe453,en,,200,94,0,28581780,0,5,11,24,7,https://www.airasia.com/play/assets/bltde07282848dcfcb3/lopburis-monkey-banquet-a-festival-worth-going-bananas-over,First published in,AirAsia Play,on 26 Oct 2023.,,,text,false,true,true,true,false,false,true,,,linkfound,2025-08-15 10:44:07,2026-02-15 15:22:42,,Yow Hong Chieh,,,1
Z2214 schedule. (Philippines AirAsia flight: Caticlan -> Manila),https://info.flightmapper.net/flight/Philippines_AirAsia_Z2_214,en,,200,31,0,42899,0,1,3,24,1,http://www.airasia.com/,,Philippines AirAsia,flight Z2 214: Caticlan - Manila,,,text,false,false,true,false,false,false,true,,,linkrestored,2023-07-12 00:45:33,2026-04-04 01:40:38,,,,,3
Air Asia Logo PNG Vector (EPS) Free Download,https://seeklogo.com/vector-logo/5027/air-asia,en,,200,65,15,1511923,1,2,36,23,6,https://www.airasia.com/en/gb,,airasia.com,,https://www.airasia.com/,302,text,false,true,true,false,false,true,true,,,linkrestored,2022-01-04 14:54:11,2026-04-11 14:27:29,,,Image > Illustration,Travel > Transportation > Air travel,2
"Air Asia Flight Tickets Booking, Schedule | ixigo",https://www.ixigo.com/airlines/air_asia-ak,en,,200,68,10,6502842,1,10,14,23,38,https://www.airasia.com/,,airasia.com,Air AsiaFlight Status,https://airasia.com/,301,text,false,false,true,false,false,true,true,removedfromhtml,,linkfound,2023-11-08 13:49:04,2026-03-30 10:12:58,2026-04-24 18:15:16,,Listing collection > Service,Travel > Transportation > Air travel,2
24 Authentic local food in Yogyakarta (Jogja)! you need to try!,https://indonesia.tripcanvas.co/jogja/must-try-local-food/,en,wordpress,200,50,5,30932,6,19,39,23,6,https://www.airasia.com/,Take,AirAsia,", SilkAir , Singapore Airlines , or","http://airasia.com/, https://airasia.com/","301, 301",text,false,true,true,false,false,true,true,,,linkrestored,2019-01-21 02:15:43,2026-04-08 19:57:44,,Beverley Lennon,Article > Roundup,Food > Food > Other; Travel > Specialty travel,2
一篇搞懂各大航空公司登機規定，虎航登機規定嚴格嗎? 攜帶注意事項,https://www.withme.tw/baggage-regulations,zh-tw,,200,7,4.8,6392,0,12,13,23,8,https://www.airasia.com/aa/inflight-comforts/zh/tw/baggage.html,,詳細規定,,,,text,false,true,false,false,false,false,true,,,pagefound,2024-12-14 23:19:35,2026-04-11 14:54:41,,,,,1
The Ati-Atihan Festival,https://www.kgmresorts.com/post/the-ati-atihan-festival,en,cms,200,4.6,4.8,3123,2,15,26,23,10,https://www.airasia.com/en,,AirAsia,,,,text,false,true,false,false,false,false,true,,,linkrestored,2025-01-04 19:15:49,2026-04-24 21:43:31,,,Article > Story,Society > Belief; Entertainment > Events > Other; Travel > Tourist destinations > Buildings,2
Travel By Air,https://www.lagunaredang.com.my/location/travel-by-air/,en,,200,27,4.8,17683,0,9,21,23,7,http://www.airasia.com/my/en/home.page?cid=1,"MALAYSIA AIRLINES ,",AIRASIA,", FIREFLY and MALINDO AIR operate daily flights from Kuala",,,text,false,false,false,false,false,false,true,,,pagefound,2024-02-03 00:49:28,2026-04-22 19:48:35,,,,,4
Vietnam Autrement 21 Jours Et 20 Nuits | Horizon Vietnam Voyage,https://horizon-vietnamvoyage.com/circuit/vietnam-autrement-21-jours-et-20-nuits/,fr,"ecommerce, wordpress",200,30,4.6,1900,0,30,40,23,1,https://www.airasia.com/en/gb,Air Asia :,https://www.airasia.com/en/gb,,,,text,false,false,false,false,false,false,true,,,pagefound,2025-09-23 20:36:03,2026-04-14 19:49:55,,Ta Duy Bau,Site page > Services,Travel > Travel agencies > Escorted vacations,1
"Indonézia - cestovateľské rady, tipy, rozpočet a itinerár - Travelistan",https://www.travelistan.sk/itinerar/indonezia-cestovatelske-rady-tipy-rozpocet-a-itinerar/,sk,"ecommerce, wordpress",200,33,4.5,2485,0,15,25,23,3,https://www.airasia.com/en/gb,"Juhovýchodnej Ázie, odporúčam využiť služby leteckej spoločnosti Air Asia –",http://www.airasia.com/ot/en/home.page?cid=1,. Výhodné letenky do Indonézie nájdeš aj na stránke Travelistanu,"http://www.airasia.com/ot/en/home.page?cid=1, https://www.airasia.com/ot/en/home.page?cid=1, https://www.airasia.com/en/home.page","301, 301, 301",text,false,true,false,false,false,false,true,removedfromhtml,,linkrestored,2020-11-12 06:11:21,2026-04-04 07:21:55,2026-04-10 18:48:43,,,,4
"Indonézia - cestovateľské rady, tipy, rozpočet a itinerár - Travelistan",https://www.travelistan.sk/itinerar/indonezia-cestovatelske-rady-tipy-rozpocet-a-itinerar/,sk,"ecommerce, wordpress",200,33,4.5,2485,0,15,25,23,3,http://www.airasia.com/id/en/home.page,Indonesia air asia –,http://www.airasia.com/id/en/home.page,,,,text,false,true,false,false,false,false,true,removedfromhtml,,pagefound,2020-10-09 22:03:42,2026-04-04 07:21:55,2026-04-10 18:48:43,,,,2
Correspondances de vols aux aéroports de Bangkok - Office National du Tourisme de Thaïlande,https://www.tourismethai.fr/actualites/correspondances-de-vols-aux-aeroports-de-bangkok/,fr,wordpress,200,50,0,8797,0,12,12,23,6,https://www.airasia.com/en/gb,de Bangkok. L’aéroport accueille des compagnies low cost telles qu’,AirAsia,et Nok Air,,,text,false,true,false,false,false,false,true,,,pagefound,2024-11-07 09:42:39,2026-04-24 18:58:22,,,,,1
"Bali on a Budget: Best Warungs, Cheap Eats in 2026",https://digilamon.com/destinations/indonesia/bali/best-warungs/,en,wordpress,200,54,0,1057,0,34,37,23,4,https://www.airasia.com/blog/indonesia/bali/must-try-bali-foods/,"in Bali food guides , local blogs, and warung menus.",,,,,text,false,true,false,false,false,false,true,,,pagefound,2026-01-31 08:24:34,2026-04-20 12:11:06,,Jin Grey,,,1
"How to Travel to Hokkaido from Tokyo, Flights, Trains, and Rail Pass Tips - KKday Blog",https://www.kkday.com/en/blog/85778/how-to-travel-to-hokkaido-from-tokyo,en,wordpress,200,81,6,3415954,0,12,16,22,9,https://www.airasia.com/en/gb,"and Scoot . FromMalaysia,",AirAsia,provides popular routes from Kuala Lumpur to Sapporo.,,,text,false,true,false,false,false,false,true,,,pagefound,2026-01-05 18:58:13,2026-01-05 18:58:13,,,,,1
Departing (Check-in Options) - U-Tapao Rayong-Pattaya International Airport,https://www.utapao.com/th/passenger-guide/Check-in-Options,th,,200,37,4.9,6510,0,8,10,22,6,https://www.airasia.com/check-in/th/th,,https://www.airasia.com/check-in/th/th,,,,text,false,false,false,false,false,false,true,,,linkfound,2020-06-25 04:00:59,2026-04-26 03:40:08,,,,,2
Isola di Belitung in Indonesia: Come arrivare e informazioni utili - The Souls of Travel,https://thesoulsoftravel.com/isola-di-belitung-in-indonesia/,it,"ecommerce, wordpress",200,9,4.9,5210,0,16,19,22,1,https://www.airasia.com/en/gb,,Air Asia,,,,text,false,true,false,false,false,false,true,,,pagefound,2025-05-22 09:58:50,2026-04-16 16:29:13,,,,,1
Bangkok to Siem Reap,https://www.travelfish.org/transport_detail/thailand/bangkok_and_surrounds/bangkok/bangkok/84,en,,200,65,4.7,48424,2,12,19,22,5,http://www.airasia.com/,"Thankfully, a pair of regional airlines —",AirAsia,and Cambodia Angkor Air — cracked the monopoly. While Bangkok,,,text,false,true,false,false,false,false,true,,,linkrestored,2022-12-01 16:45:59,2026-04-07 20:16:03,,Stuart McDonald,Article > Story,Travel > Transportation > Air travel,3
【馬來西亞怡保自由行】必吃美食、伴手禮推薦：芽菜雞、加央角、豆腐花、怡保雪花啤酒 – 美奈子的微旅行,https://minako.tw/ipoh-my/,zh-tw,wordpress,200,15,4.6,19169,0,9,21,22,8,https://www.airasia.com/zh/tw,目前台灣到馬來西亞怡保沒有直飛的班機，所以建議的交通方式就是先搭,AirAsia,班機從台灣飛到吉隆坡後，再從吉隆坡前往怡保。目前到怡保的交通方式以火車、巴士跟包車為主，而在怡保市區內景點移動，推薦可以搭Uber或是以散步為主。,,,text,false,true,false,false,false,false,true,,,pagefound,2025-04-16 15:48:10,2026-04-24 20:50:05,,,,,1
Länder-Info für die Philippinen ✔️ | ÖAMTC,https://www.oeamtc.at/laenderinfo/philippinen/,de,,200,79,4.5,473265,0,42,64,22,6,https://www.airasia.com/en/gb,"von Air Philippines (2P) , Cebu Pacific Air (5J) und",Philippines AirAsia (Z2),angeboten.,https://www.airasia.com/,302,text,false,true,false,false,false,false,true,,,linkrestored,2020-02-04 06:58:43,2026-04-21 05:08:56,,,,,2
4天3夜别只赖在沙滩！玩翻普吉岛的浪漫双人行程，一人只需从RM 988起,https://thailand.tripcanvas.co/zh/phuket/affordable-romantic-itinerary/,zh-cn,wordpress,200,50,4.4,30932,0,16,56,22,7,https://www.airasia.com/booking/home/en/gb,更多详情，请,点击这里,,,,text,false,true,false,false,false,false,true,,,pagefound,2023-05-09 19:08:37,2026-04-05 12:16:26,,嘉怡,,,2
"Maps, Weather, and Airports for Srirangam, India",https://www.fallingrain.com/world/IN/25/Srirangam.html,en,,200,61,4.4,20198,0,25,61,22,1,http://www.airasia.com/,,'''AirAsia''',", Air India Express , FitsAir ,",,,text,false,true,false,false,false,false,true,,,pagefound,2025-07-30 03:06:17,2026-03-07 16:43:17,,,,,3
From Airline to Super App – The Journey of AirAsia: A Case Study,https://www.mindtheproduct.com/from-airline-to-super-app-the-journey-of-airasia/,en,,200,75,0,8182,0,21,26,22,2,https://www.airasia.com/en/gb,"Alfonso Fiore, Head of Product for packages at",AirAsia,", explains how teams might go about entering the super",,,text,false,true,false,false,false,false,true,,,linkrestored,2020-05-29 08:37:00,2026-04-15 17:15:55,,,,,1
Air Asia Kuala Lumpur Office in Malaysia +1-888-839-0512,https://www.airofficesguides.com/airasia-airlines/air-asia-kuala-lumpur-office-in-malaysia/,en,wordpress,200,33,0,4164,15,6,10,22,27,https://www.airasia.com/flightstatus/en/gb,,www.airasia.com/flightstatus/en/gb,,,,text,false,true,false,false,false,false,true,,,linkrestored,2026-02-05 23:42:57,2026-04-16 07:49:27,,,Site page > Contact,Travel > Transportation > Air travel,1
AirAsia Singapore Contact (2026 Guide) | Trip.com,https://sg.trip.com/ask/questions/airasia-singapore-contact.html,en,,200,86,0,9934607,0,2,2,22,26,https://www.airasia.com/aa/pdf/sales-office/list-of-sales-office.pdf,,AirAsia’s Sales Office Document,,,,text,false,true,true,false,false,false,true,,,pagefound,2025-12-27 04:47:21,2026-04-25 14:32:07,,Tea Lover,,,1
Air Asia Kuala Lumpur Office in Malaysia +1-888-839-0512,https://www.airofficesguides.com/airasia-airlines/air-asia-kuala-lumpur-office-in-malaysia/,en,wordpress,200,33,0,4164,15,6,10,22,27,https://www.airasia.com/check-in/en/gb,,www.airasia.com/check-in/en/gb,,,,text,false,true,false,false,false,false,true,,,linkrestored,2026-02-05 23:42:57,2026-04-16 07:49:27,,,Site page > Contact,Travel > Transportation > Air travel,1
How Expensive is Japan. How Expensive is Japan | by Nomadic Travel | Medium,https://medium.com/@nomadictravel/how-expensive-is-japan-ee66af795523,en,,200,94,0,28581780,0,17,24,22,10,https://www.airasia.com/en/gb,I finally decided to go and booked a ticket on,AirAsia,in November as a gift to myself for my birthday,https://www.airasia.com/en/home.page?cid=1,301,text,false,true,true,true,false,false,true,,,linkfound,2025-08-08 08:20:49,2026-02-13 05:39:10,,Nomadic Travel,,,2
Air Asia Kuala Lumpur Office in Malaysia +1-888-839-0512,https://www.airofficesguides.com/airasia-airlines/air-asia-kuala-lumpur-office-in-malaysia/,en,wordpress,200,33,0,4164,15,6,10,22,27,https://www.airasia.com/en/gb,,www.airasia.com,,https://www.airasia.com/,302,text,false,true,false,false,false,false,true,,,linkrestored,2025-12-19 16:42:31,2026-04-16 07:49:27,,,Site page > Contact,Travel > Transportation > Air travel,2
【出國前必看】2026各大廉航登機、報到規定、託運方法總整理！ - FunTime旅遊比價,https://www.funtime.com.tw/blog/funtime/%E5%87%BA%E5%9C%8B%E5%89%8D%E5%BF%85%E7%9C%8B-%E5%90%84%E5%AE%B6%E5%BB%89%E8%88%AA%E7%99%BB%E6%A9%9F%E5%A0%B1%E5%88%B0%E8%A6%8F%E5%AE%9A%E7%B8%BD%E6%95%B4%E7%90%86,zh-tw,wordpress,200,40,12,266563,3,16,65,21,33,https://www.airasia.com/zh/tw,,官網,,,,text,false,true,false,false,false,true,true,,,pagefound,2025-03-02 07:35:59,2026-03-29 07:51:12,,,Article > Roundup,Travel > Transportation > Air travel,1
List of Airlines | Flights | Haneda Airport Passenger Terminal,https://tokyo-haneda.com/en/flight/company_list.html,en,,200,77,10,460522,13,66,100,21,15,https://www.airasia.com/en/gb,,Air Asia X,,,,image,false,true,false,false,false,true,false,,,linkrestored,2022-06-12 20:57:29,2026-04-17 02:10:11,,,Listing collection > Location,Travel > Transportation > Air travel,1
Airlines | Darwin International Airport,https://www.darwinairport.com.au/traveller/flights/airlines,en,,200,56,8,40808,7,25,52,21,14,https://www.airasia.com/aa/inflight-comforts/en/gb/baggage.html,,Baggage allowance,,,,text,false,false,false,false,false,false,true,,,linkfound,2025-08-01 17:32:30,2026-04-26 21:58:07,,,Site page > Services,Travel > Transportation > Air travel,1
Airlines | Darwin International Airport,https://www.darwinairport.com.au/traveller/flights/airlines,en,,200,56,8,40808,7,25,52,21,14,https://www.airasia.com/en/gb,,Air Asia Logo,,https://www.airasia.com/,302,image,false,false,false,false,false,false,true,,,linkrestored,2025-08-01 17:32:30,2026-04-26 21:58:07,,,Site page > Services,Travel > Transportation > Air travel,2
La isla de Koh Lipe en el Parque de Koh Tarutao de Tailandia,https://mundo-nomada.com/tailandia/la-isla-de-koh-lipe-en-el-parque-de-koh-tarutao-las-maldivas-de-tailandia/,es,wordpress,200,34,6,30379,1,20,32,21,11,https://www.airasia.com/en/gb,,Airasia,,"http://www.airasia.com/%E2%80%8E, https://www.airasia.com/%E2%80%8E","301, 302",text,false,true,true,false,false,false,true,,,linkrestored,2024-03-27 00:19:54,2026-04-24 16:50:06,,Pol Comaposada Vilar,Article > Guide,Travel > Tourist destinations > Islands,3
2026廉價航空行李規範：手提託運行李、選位、行動電源、禁帶物品一次看！-輕旅行,https://travel.yam.com/article/134020,zh-tw,,200,80,5,340310,1,15,31,21,5,https://www.airasia.com/zh/tw,官網連結：,https://www.airasia.com/zh/tw,,,,text,false,true,true,false,false,true,true,,,pagefound,2024-03-15 13:25:37,2026-04-10 05:24:11,,輕旅行,Article > How-to,Travel > Travel accessories > Utility bags,1
Rejseguide til Manila: Få et overblik over Filippinernes store hovedstad – Nordombord,https://nordombord.dk/filippinernes-store-hovedstad-faa-et-overblik-over-manila/,da,wordpress,200,25,4.8,3509,1,16,22,21,13,https://www.airasia.com/en/home.page?cid=1,det billigste selskab. Du kan også tjekke Philippine Airlines eller,AirAsia,.,,,text,false,true,true,false,false,false,true,,,pagefound,2024-01-07 01:09:08,2026-04-24 05:42:43,,,Article > Guide,Travel > Tourist destinations > Buildings,2
エアアジア(Airasia)の機内食 | 予約・当日購入？ | おすすめは？ | 10回以上の搭乗経験から解説,https://malaylog.com/airasia-meal/,ja,,200,23,4.7,1338,0,9,12,21,5,https://www.airasia.com/aa/inflight-comforts/en/gb/ecatalog.html,メニューについては、詳細に知りたい方は公式サイト（ こちら ）をご覧ください。カタログは,こちら,から見れます。,,,text,false,true,false,false,false,false,true,,,pagefound,2025-07-09 05:46:48,2026-04-23 16:41:05,,マレ子,,,1
エアアジア(Airasia)の機内食 | 予約・当日購入？ | おすすめは？ | 10回以上の搭乗経験から解説,https://malaylog.com/airasia-meal/,ja,,200,23,4.7,1338,0,9,12,21,5,https://www.airasia.com/aa/inflight-comforts/ja/jp/hot-meals.html,メニューについては、詳細に知りたい方は公式サイト（,こちら,）をご覧ください。カタログは こちら から見れます。,,,text,false,true,false,false,false,false,true,,,pagefound,2025-07-09 05:46:48,2026-04-23 16:41:05,,マレ子,,,1
De 20 beste budget vliegtuigmaatschappijen volgens Skytrax - InsideFlyer,https://insideflyer.nl/de-20-beste-budget-vliegtuigmaatschappijen-volgens-skytrax/,nl,wordpress,200,20,4.5,6126,0,24,33,21,10,https://www.airasia.com/en/gb,Voor de 15e keer op rij is,AirAsia,uitgeroepen tot beste low-cost luchtvaartmaatschappij ter wereld. Gevestigd in Maleisië,,,text,false,true,false,false,false,false,true,,,pagefound,2024-07-21 12:47:35,2026-04-26 15:48:46,,,,,1
AirAsia Colombo Office in Sri Lanka +1-833-482-7010,https://airlines-office.com/airasia-airlines/airasia-colombo-office-in-sri-lanka/,en,wordpress,200,33,4.5,3016,7,9,15,21,9,https://www.airasia.com/,AirlinesFight Status:,https://www.airasia.co.in/checkin-home,,https://www.airasia.co.in/checkin-home,301,text,false,true,false,false,false,false,true,,,linkrestored,2023-11-08 01:00:52,2026-04-21 04:26:56,,,Site page > Services,Travel > Transportation > Air travel,4
Avalon Airport Guide - DriveNow Australia,https://www.drivenow.com.au/travel-centre/avalon-airport-guide.jspc,en,,200,40,4.5,24619,0,10,15,21,14,http://www.airasia.com/,,AirAsia,,,,text,false,true,false,false,false,false,true,,,linkrestored,2015-06-11 02:39:09,2026-04-20 13:05:03,,,,,3
Backpacking Malaysia - The Definitive Travel Guide,https://ilbackpacker.it/en/destinations-en/malaysia-travel-guide/,en,wordpress,200,6,4.5,4490,0,59,269,21,5,https://www.airasia.com/en/home.page,"country by air can be extremely cheap, mainly thanks to",AirAsia,", which offers competitive fares, especially for trips to Borneo.",,,text,false,true,false,false,false,false,true,,,pagefound,2025-04-18 20:25:32,2026-04-11 14:28:12,,,Article > Guide,Travel > Guides,2
馬爾地夫君樂度假村 Grand Park Kodhipparu - 克拉拉旅遊,https://www.clara7.com.tw/product/grand-park-kodhipparu/,zh-tw,"ecommerce, wordpress",403,32,4.5,10250,0,17,28,21,3,https://www.airasia.com/zh/tw,，轉機休息後再前往馬爾地夫。選擇搭乘不同的前往航空公司也是影響馬爾地夫旅遊費用的重要因素。各家航空公司價格不一樣，在台灣一般最受歡迎的航空公司有 新加坡航空 、 阿聯酋航空 、,亞洲航空,、 曼谷航空 等等。,,,text,false,false,false,false,false,false,true,pageerror,,linkfound,2021-08-17 00:56:26,2026-03-12 12:24:09,2026-04-13 19:55:15,,,,2
QZ211 Ongoing & Upcoming Flights - Aviability,https://aviability.com/en/flight/qz211-indonesia-airasia,en,,200,18,0,162524,0,6,12,21,1,http://www.airasia.com/,,Indonesia AirAsiawww.airasia.com,,,,text,false,false,true,false,false,false,true,,,pagefound,2026-01-24 23:59:34,2026-03-21 11:31:35,,,,,3
AirAsia MOVE: Flights & Hotels - Apl di Google Play,https://play.google.com/store/apps/details?id=com.airasia.mobile&hl=ms,,,200,99,0,1281595264,0,2,6,21,16,https://www.airasia.com/,,publicLaman web,,,,text,false,false,false,false,false,false,true,,,pagefound,2025-08-11 02:45:42,2026-02-13 17:23:49,,,,,2
AirAsia MOVE: Flights & Hotels - Apl di Google Play,https://play.google.com/store/apps/details?id=com.airasia.mobile&hl=ms,,,200,99,0,1281595264,0,2,6,21,16,https://www.airasia.com/aa/about-us/en/gb/privacy-statement.html,,shieldDasar Privasi,,,,text,false,false,false,false,false,false,true,,,pagefound,2025-08-11 02:45:42,2026-02-13 17:23:49,,,,,1
Terms & Conditions BigPay Malaysia | BigPay,https://bigpayme.com/more/legal-malaysia/,en,,200,49,14,12168,14,11,17,20,20,https://www.airasia.com/en/gb,,www.airasia.co,,https://www.airasia.com/,302,text,false,true,false,false,false,false,true,,,linkrestored,2022-11-22 13:30:10,2026-04-23 21:43:11,,,Site page > Terms,Finance > Banking > Digital wallets; Internet,2
"Cara ke Malaysia dari Singapura: Panduan Lengkap, Harga, dan Tips Terbaru 2025 – Passpod",https://blog.passpod.com/cara-ke-malaysia-dari-singapura-panduan-lengkap-harga-dan-tips-terbaru-2025/,id,wordpress,200,19,5,2930,0,16,20,20,7,https://www.airasia.com/,,airasia.com,,,,text,false,true,false,false,false,false,true,,,pagefound,2025-10-16 03:57:50,2026-04-25 04:38:21,,,,,2
"Maps, Weather, and Airports for Kochi, India",https://www.fallingrain.com/world/IN/13/Kochi.html,"en, kn",,200,61,5,20198,0,33,85,20,11,https://www.airasia.com/in,", Air India Regional , Air Pegasus ,",AirAsia India,", Blue Dart Aviation , Emirates ,",http://www.airasia.com/in,301,text,false,true,false,false,false,false,true,,,linkrestored,2025-07-29 20:01:10,2026-03-23 18:48:29,,,,,3
"Maps, Weather, and Airports for Kochi, India",https://www.fallingrain.com/world/IN/13/Kochi.html,"en, kn",,200,61,5,20198,0,33,85,20,11,https://www.airasia.com/,,'''AirAsia''',", Air Arabia , Air India ,",http://www.airasia.com/,301,text,false,true,false,false,false,false,true,,,linkrestored,2025-07-29 20:01:10,2026-03-23 18:48:29,,,,,2
โปรโมชั่น ส่วนลด AirAsia แอร์เอเชีย อัพเดท เมษายน 2026 - Sale Here,https://salehere.co.th/airasia,th,,200,50,4.7,975440,0,8,16,20,25,https://www.airasia.com/th/th/home.page?cid=1,,share-button Website,,,,image,false,false,false,false,false,false,true,,,linkrestored,2020-04-10 12:42:44,2026-04-09 15:31:39,,,,,3
Panduan Perjalanan 3H2M Mesra Muslim ke Pulau jeju - Blog Klook Travel,https://www.klook.com/ms-MY/blog/itinerari-mesra-muslim-jeju/,,,200,85,4.7,6689440,0,10,11,20,2,https://www.airasia.com/en/gb,? Anda boleh naiki penerbangan,AirAsia X,ke Busan yang perjalanannya mengambil masa kira-kira 6 jam. Bila,,,text,false,true,true,false,false,false,true,,,pagefound,2024-01-06 05:55:01,2026-04-25 13:53:35,,Perjalanan Klook,,,1
,https://philippines-university.jp/philippines-palawan-trip/,ja,"ecommerce, wordpress",200,29,4.7,1007,0,20,27,20,3,https://www.airasia.com/en/home.page,,エアアジア,,https://www.airasia.com/jp/en/home.page,301,text,false,true,false,false,false,false,true,removedfromhtml,,linkrestored,2025-03-07 09:08:48,2026-02-24 22:47:51,2026-04-10 17:18:38,天野 翔也,Article > Guide,Travel > Tourist destinations > Islands,3
AirAsia X Flights: Search & Compare Deals | momondo,https://www.momondo.co.uk/airlines/air-asia-x,en,,200,53,4.6,197720,20,31,74,20,3,https://www.airasia.com/en/gb,at +91 80 6766 2222 or visit their website at,airasia.com,". Or, you can use our on-page Flight Tracker that",,,text,false,true,false,false,false,false,true,,,linkfound,2022-03-31 23:51:16,2026-04-22 03:48:32,,,Listing collection > Service,Travel > Transportation > Air travel,1
Cara ke Pulau Redang (yg paling cepat dan murah),https://www.caridestinasi.com/cara-cara-ke-pulau-redang/,en,"ecommerce, wordpress",200,34,4.6,14221,0,11,21,20,3,https://www.airasia.com/ms/my,Beli tiket penerbangan ke Kuala Terengganu –,Airasia,,,,text,false,true,false,false,false,false,true,,,linkrestored,2021-12-15 04:32:03,2026-04-24 23:08:15,,Cari Destinasi,,,1
Quanto custa viajar para a Tailândia? Veja como é o custo de vida,https://www.penaestrada.blog.br/quanto-custa-viajar-para-a-tailandia/,pt,wordpress,0,31,4.6,38910,0,12,22,20,5,https://www.airasia.com/,", Thai Airways , Nok Air e",Air Asia,.,http://www.airasia.com/,301,text,false,true,false,false,false,false,true,,tooold,linkfound,2023-11-04 09:27:11,2025-08-05 21:00:05,2026-04-17 14:10:52,,,,3
"Maps, Weather, and Airports for Teggihal, India",https://www.fallingrain.com/world/IN/19/Teggihal.html,en,,200,61,4.5,20198,0,34,68,20,1,https://www.airasia.com/en/gb,", Air India , Air Pegasus ,",AirAsia India,", Azur Air , Blue Dart Aviation ,","http://www.airasia.com/in, https://www.airasia.com/in","301, 302",text,false,true,false,false,false,false,true,,,linkrestored,2025-08-06 12:08:45,2026-04-07 10:49:33,,,,,3
"Travel to China: Zhangjiajie, the land of paradise, Avatar Valley | Hunan Province 1/4 | FOLLOW M... - YouTube",https://www.youtube.com/watch?v=siFRKIJHbWg,en,,200,99,4.4,2948551936,0,9,14,20,10,http://www.airasia.com/th/th,,www.airasia.com/th/th,,,,text,false,false,true,false,false,true,false,,,linkfound,2025-12-18 01:33:51,2025-12-18 01:33:51,,,Video > Story,Travel > Tourist destinations > Gardens; Entertainment,2
7 Rare Ocean Animals: Where to See Incredible Marine Species,https://matadornetwork.com/read/divers-bucket-list-6-rare-marine-creatures-and-where-to-see-them/,en,wordpress,200,78,4.4,137574,1,30,62,20,12,http://www.airasia.com/,"reached by live-aboards out of Phuket, Khao Lak, or Ranong.",AirAsia,has cheap flights from Bangkok and Kuala Lumpur to Phuket,,,text,false,true,false,false,false,true,true,,,pagefound,2023-05-23 23:14:30,2026-04-12 09:49:28,,,Article > Roundup,Travel > Specialty travel > Ecotourism; Pets > Wildlife,3
"Maps, Weather, and Airports for Majrakath, India",https://www.fallingrain.com/world/IN/24/Majrakath.html,en,,200,61,0,20198,0,76,162,20,1,http://www.airasia.com/,", Air Mauritius , AirAsia India ,",AirAsia X,", All Nippon Airways , Ariana Afghan Airlines ,",,,text,false,true,false,false,false,false,true,,,pagefound,2025-08-06 11:36:30,2026-04-06 02:22:43,,,,,12
"Maps, Weather, and Airports for Majrakath, India",https://www.fallingrain.com/world/IN/24/Majrakath.html,en,,200,61,0,20198,0,76,162,20,1,http://www.airasia.com/in,", Air Manas , Air Mauritius ,",AirAsia India,", AirAsia X , All Nippon Airways ,",,,text,false,true,false,false,false,false,true,,,pagefound,2025-08-06 11:36:30,2026-04-06 02:22:43,,,,,15
"What Is Kam Heong, Actually? Here Are The Origins Of The Iconic Malaysian Dish",https://says.com/my/makan/origins-of-kam-heong,en,,200,71,0,62321,0,23,29,20,3,https://www.airasia.com/assets/blt44e299d6bb102e93/kam-heong-a-cooking-style-that-is-distinctly-malaysian,In an,interview,", chef Andy Lau of The Regent Chinese Cuisine in",,,text,false,true,true,false,false,false,true,,,pagefound,2022-06-28 05:16:01,2026-04-21 22:53:41,,Gowri Chitra,,,1
成田空港のLCC専用「第3ターミナル」 徹底ガイド [飛行機の旅] All About,https://allabout.co.jp/gm/gc/463884/,ja,,200,83,6,1154141,0,12,25,19,20,https://www.airasia.com/flights/ja/jp/philippines,、 アエロK 、,フィリピンエアアジア,などが就航しています。,,,text,false,true,false,false,false,false,true,,,linkfound,2024-11-24 19:09:37,2026-04-19 23:14:59,,,,,2
"এয়ারএশিয়া ঢাকা অফিস – ঠিকানা, ফোন, টিকিটিং | goFLY",https://blog.gofly.com.bd/airasia-dhaka-office-bangladesh/,"bn, en",wordpress,200,3.3,5,1142,0,7,53,19,1,https://www.airasia.com/en/gb,,🌐 অফিসিয়াল ওয়েবসাইট,,https://www.airasia.com/,302,text,false,true,false,false,false,false,true,,,linkrestored,2025-09-30 17:12:17,2026-04-26 15:03:54,,আফর,,,2
"এয়ারএশিয়া ঢাকা অফিস – ঠিকানা, ফোন, টিকিটিং | goFLY",https://blog.gofly.com.bd/airasia-dhaka-office-bangladesh/,"bn, en",wordpress,200,3.3,5,1142,0,7,53,19,1,https://www.airasia.com/check-in,,✓ Online Check-in,,,,text,false,false,false,false,false,false,true,,,linkfound,2026-02-13 11:59:24,2026-04-26 15:03:54,,আফর,,,4
"এয়ারএশিয়া ঢাকা অফিস – ঠিকানা, ফোন, টিকিটিং | goFLY",https://blog.gofly.com.bd/airasia-dhaka-office-bangladesh/,"bn, en",wordpress,200,3.3,5,1142,0,7,53,19,1,https://www.airasia.com/booking/manage,,Manage Booking (My Bookings),,,,text,false,true,false,false,false,false,true,,,linkfound,2026-02-13 11:59:24,2026-04-26 15:03:54,,আফর,,,1
"এয়ারএশিয়া ঢাকা অফিস – ঠিকানা, ফোন, টিকিটিং | goFLY",https://blog.gofly.com.bd/airasia-dhaka-office-bangladesh/,"bn, en",wordpress,200,3.3,5,1142,0,7,53,19,1,https://www.airasia.com/travel-info,,📅 Travel Info,,,,text,false,false,false,false,false,false,true,,,linkfound,2026-02-13 11:59:24,2026-04-26 15:03:54,,আফর,,,1
甲米 (Krabi) 4天3夜四人行懒人包：一人只需从 RM 980 起！,https://thailand.tripcanvas.co/zh/krabi/affordable-family-itinerary/,zh-cn,wordpress,200,50,4.6,30932,0,12,35,19,10,https://www.airasia.com/en/gb,更多详情，,请点击这里,,https://www.airasia.com/booking/home/en/gb,302,text,false,true,false,false,false,false,true,,,linkrestored,2023-07-25 08:23:10,2026-04-03 03:34:53,,嘉怡,,,2
5天4夜清迈清莱双城：吃喝玩乐与住宿攻略,https://thailand.tripcanvas.co/zh/chiang-mai/chiang-mai-chiang-rai-itinerary/,zh-cn,wordpress,200,50,4.6,30932,0,17,67,19,3,https://www.airasia.com/booking/home/en/gb,飞机从吉隆坡直飞清迈: 从 RM 452 起:,Airasia,,,,text,false,true,false,false,false,false,true,,,pagefound,2023-04-19 23:46:14,2026-04-10 23:55:46,,嘉怡,,,2
The Pefect Itinerary for One Jam-Packed Day in Bangkok,https://www.adventuresnsunsets.com/one-day-in-bangkok/,en,wordpress,200,42,4.6,30394,0,10,42,19,10,https://www.airasia.com/,of/by myself while solo traveling on a trip sponsored by,Air Asia,"and Tourism Authority of Thailand – of course, all words",,,text,false,true,false,false,false,false,true,,,linkfound,2025-03-30 18:27:26,2026-04-22 00:22:08,,,,,2
AirAsia Zest Airline Profile | CAPA,https://centreforaviation.com/data/profiles/airlines/airasia-zest-z2,en,,200,72,4.6,29892,3,8,26,19,14,https://www.airasia.com/ph/,,Website,,http://www.airasia.com/ph/,301,text,false,false,false,false,false,true,true,,,pagefound,2023-06-09 05:45:04,2026-04-26 03:33:55,,,Site page > Services,Travel > Transportation > Air travel; Business > Defense > Aviation industry,6
タイフェスティバル東京 オフィシャルサイト,https://thaifes.jp/archives/24/,ja,,200,36,4.5,3000,0,17,42,19,5,https://www.airasia.com/ja/jp,,公式サイト,,,,text,false,false,false,false,false,false,true,,,pagefound,2025-03-14 06:43:23,2026-04-21 14:34:36,,,,,1
Pertama Kali Naik Kapal Terbang? Ini Panduan Sesuai Untuk ‘Solo Traveler’ | TRP,https://www.therakyatpost.com/trpbm/tips/2024/07/15/pertama-kali-naik-kapal-terbang-ini-panduan-sesuai-untuk-solo-traveler/,en,wordpress,200,67,4.4,22634,1,15,21,19,3,https://www.airasia.com/aa/inflight-comforts/ms/my/baggage.html,Bagi,saiz bagasi kabin,"yang boleh dibawa masuk, ia adalah berukuran tidak melebihi 56cm",,,text,false,true,false,false,false,true,true,,,pagefound,2024-07-15 16:31:00,2026-04-27 01:35:25,,Farahin Fadzil,Article > Guide,Travel > Transportation > Air travel,1
"[曼谷BKK機場]飛抵泰國曼谷Suvarnabhumi Airport素萬那普機場入境出關流程,機場樓層介紹",https://john547.pixnet.net/blog/posts/7095170060,zh-tw,,200,87,0,2574908,1,28,75,19,9,https://www.airasia.com/zh/tw,。 台灣虎航 。,Airasia亞洲航空,。 泰國獅子航空,,,text,false,true,false,false,false,true,true,,,linkfound,2025-12-14 22:41:10,2026-03-31 19:14:38,,小約翰就愛泰國自由行,Article > Guide,Travel > Transportation > Air travel,1
"Maps, Weather, and Airports for Saloda, India",https://www.fallingrain.com/world/IN/35/Saloda.html,en,,200,61,0,20198,0,17,38,19,1,https://www.airasia.com/in,", Air India Express , Air India Regional ,",AirAsia India,", Blue Dart Aviation , Etihad Airways ,",http://www.airasia.com/in,301,text,false,true,false,false,false,false,true,,,pagefound,2025-08-06 18:30:31,2026-03-16 19:37:35,,,,,9
Malaysia,https://www.tuneprotect.com/airasia/en/home/,en,wordpress,301,50,29,7023,1102,8,14,18,21,https://www.airasia.com/en/gb,,Buy Now,Submit Claim,"https://airasia.com/, https://www.airasia.com/","301, 302",text,false,false,false,false,false,false,true,pageredirected,,linkrestored,2022-07-27 09:17:31,2026-04-01 23:57:00,2026-04-02 06:04:25,,,,4
Check in online - Imprime tu billete de avión con - Destinia,https://destinia.com/vuelos/checkin,es,,200,61,11,175251,0,266,393,18,3,https://www.airasia.com/check-in/en/gb,,Air Asia Air Asia,,https://www.airasia.com/check-in/v2/en/gb,0,image,false,false,true,false,false,false,true,,,linkfound,2025-12-30 03:37:17,2026-04-11 15:26:43,,,,,2
Isole Perhentian: il mare in Malesia che non ti aspetti | Impiegata Giramondo,https://www.impiegatagiramondo.it/mondo/malesia/isole-perhentian/,it,wordpress,200,10,7,16634,1,19,47,18,11,https://www.airasia.com/en/gb,"dei voli domestici di Kuala Lumpur) operano Malaysia Airlines ,",AirAsia,e Firefly . Come al solito consiglio di dare un’occhiata,https://www.airasia.com/,302,text,false,true,true,false,false,true,true,,,linkrestored,2021-11-24 05:22:26,2026-04-25 18:26:35,,,Article > Guide,Travel > Tourist destinations > Islands,2
Koh Kret: One day trip outside of Bangkok | The Blond Travels,https://www.theblondtravels.com/koh-kret-one-day-trip-outside-of-bangkok,en,,200,33,6,7824,0,9,10,18,1,https://www.airasia.com/en/gb,This post would not be possible without,AirAsia,– a low budget flight company in Thailand. AirAsia flies,,,text,false,true,false,false,false,false,true,,,pagefound,2023-08-23 13:03:12,2026-04-24 16:01:05,,Joanna Horanin,,,1
離澳時間表 | Macau International Airport,https://www.macau-airport.com/zh/flights/timetable/departures,zh-cn,,200,56,6,3215,1,24,32,18,5,https://www.airasia.com/,,泰國亞洲航空,,,,text,false,false,false,false,false,false,true,,,linkfound,2025-05-11 00:20:29,2026-04-21 13:14:04,,,Listing > Location,Travel > Transportation > Air travel,2
Thai AirAsia Flyvninger: Søk og Sammenlign Tilbud | momondo,https://www.momondo.no/flyselskaper/thai-airasia,no,,200,38,4.9,123905,21,31,63,18,1,https://www.airasia.com/,AirAsia på +66 2 515 9999 eller besøke hjemmesiden deres,airasia.com,.,,,text,false,false,false,false,false,false,true,,,pagefound,2023-04-10 02:54:41,2026-04-21 15:32:01,,,Listing collection > Service,Travel > Transportation > Air travel,2
What's New in Kuala Lumpur? 7 New Attractions for Returning Tourists! | The Poor Traveler® Itinerary Blog,https://www.thepoortraveler.net/kuala-lumpur-attractions/,en,wordpress,200,55,4.6,116945,3,18,31,18,10,https://www.airasia.com/,AirAsia RideandAirAsia Foodare available on the,airasia Super App,"! You may download it here: iOS users , Android",,,text,false,true,true,false,false,false,true,,,pagefound,2022-08-21 18:56:25,2026-04-16 12:50:18,,Yosh Dimen,Article > Roundup,Travel > Tourist destinations > Gardens,2
"Отдых на Филиппинах — цены, условия въезда и курорты",https://journal.sovcombank.ru/puteshestviya/otdih-na-filippinah-tseni-i-luchshie-kurorti,ru,,200,78,4.6,2357668,1,5,9,18,6,https://www.airasia.com/,,Air Asia,,http://www.airasia.com/,301,text,false,true,true,false,false,true,true,,,linkrestored,2024-07-04 03:20:52,2026-03-27 00:09:24,,Оксана Ватаг,Article > Roundup,Travel > Tourist destinations > Islands,3
Toki Suntory Whisky | Toki Suntory Whisky Review | Toki Suntory Whisky Taste,https://www.delhiroyale.in/post/toki-suntory-whisky,en,cms,200,8,4.5,5236,1,14,17,18,8,https://www.airasia.com/dutyfree/en/gb,,"Toki Suntory Whisky is a refreshing take on Japanese whisky. It's light, crisp, and endlessly versatile! Revered for its elegant balance and smooth profile, it’s crafted to suit both whisky purists and cocktail enthusiasts. Whether you're sipping it neat or building a Japanese highball, Toki Suntory Whisky adds a fresh, modern twist to your whisky experience. Its rising popularity and accessible ...",,"https://www.airasia.com/dutyfree/id/id/product/airasia-duty-free/suntory-toki-1l, https://www.airasia.com/dutyfree","0, 302",image,false,true,false,false,false,false,true,,,linkrestored,2025-08-05 21:12:10,2026-04-21 17:45:05,,Akshat Sharma,Article > Review,Food > Beverages > Alcoholic beverages,3
フィリピン航空でボラカイ島へ行くの巻｜awesomestokyo,https://note.com/awesomestokyo/n/n85e3fb7b16f5,ja,,200,92,0,33422396,0,6,12,18,5,https://www.airasia.com/flights/ja/jp/philippines,エアアジア・ゼスト航空：,公式サイト,,,,text,false,false,true,false,false,false,true,,,pagefound,2024-06-24 13:47:43,2025-12-13 12:53:27,,,,,1
AirAsia Allstars Ready to Serve with Confidence in preparation for Tourism Recovery | Asia Aviation,https://www.aavplc.com/en/newsroom/pr-news/29077/airasia-allstars-ready-to-serve-with-confidence-in-preparation-for-tourism-recovery,en,,200,39,0,8218,0,7,10,18,2,https://www.airasia.com/,are available via the airasia super app or by visiting,www.airasia.com.,,,,text,false,true,false,false,false,false,true,,,pagefound,2021-06-23 19:41:02,2026-01-10 14:33:53,,,,,2
预订 亚洲航空 的便宜机票 - Airpaz,https://www.airpaz.com/zh/airlines/AK-AirAsia,zh-cn,,200,62,16,529014,1,11,20,17,38,https://www.airasia.com/aa/about-us/zh/cn/fees-and-charges.html,对于多余的行李，最好预先预订行李额以增加行李，因为这比在机场购买便宜。可以购买的额外行李分配为15公斤（仅适用于国内航班），20公斤，25公斤，30公斤和40公斤。但是，如果您是从美国起飞的，则可以按件购买托运行李。 1件重20公斤，或2件重20公斤。对于购买了超值套装的乘客，他们还可以带来最多20kg的托运行李，无需额外付费。托运行李的费用取决于飞行的路线和时间段，并查看所有行李价格和收费的列表，请访问亚航网站,此处.,,,,text,false,false,true,false,false,true,true,,,linkfound,2023-12-01 01:10:38,2026-02-09 12:51:36,,,Listing collection > Service,Travel > Transportation > Air travel,1
预订 亚洲航空 的便宜机票 - Airpaz,https://www.airpaz.com/zh/airlines/AK-AirAsia,zh-cn,,200,62,16,529014,1,11,20,17,38,https://www.airasia.com/rewards/,"特权计划适用于 亚洲航空 的客户, 有关更多信息,",请点击这里,.,https://www.airasia.com/rewards/en/gb,0,text,false,false,true,false,false,true,true,,,linkrestored,2023-12-01 01:10:38,2026-02-09 12:51:36,,,Listing collection > Service,Travel > Transportation > Air travel,2
预订 亚洲航空 的便宜机票 - Airpaz,https://www.airpaz.com/zh/airlines/AK-AirAsia,zh-cn,,200,62,16,529014,1,11,20,17,38,https://www.airasia.com/tw/zh/about-us/terms-and-conditions-ak.page,查看亚航（AK）航班的运输条款，请点击此,连接,。,,,text,false,false,true,false,false,true,true,,,pagefound,2022-07-27 08:33:09,2026-02-09 12:51:36,,,Listing collection > Service,Travel > Transportation > Air travel,1
预订 亚洲航空 的便宜机票 - Airpaz,https://www.airpaz.com/zh/airlines/AK-AirAsia,zh-cn,,200,62,16,529014,1,11,20,17,38,http://www.airasia.com/aa/about-us/zh/tw/fares.html,备注： 1. 超值组合（Value Pack）机票的机上餐饮应在班机起飞之前，事先预选非素食还是素食 2. 选择常飞客（Premium Flex）和 豪华平躺座位（Premium Flatbed）的乘客若在原航班起飞2小时以前进行变更，会产生机票差价。 更多关于亚洲航空（AK）的票价规则，请,按此,。,https://www.airasia.com/tw/zh/book-with-us/our-fares.page,302,text,false,false,true,false,false,true,true,,,linkrestored,2022-07-27 08:33:09,2026-02-09 12:51:36,,,Listing collection > Service,Travel > Transportation > Air travel,3
预订 亚洲航空 的便宜机票 - Airpaz,https://www.airpaz.com/zh/airlines/AK-AirAsia,zh-cn,,200,62,16,529014,1,11,20,17,38,https://www.airasia.com/check-in/en/gb,网路上办理登机手续十分方便，可节省您在机场办理报到手续的时间。 网路报到于班机起飞前14天- 1小时开始办理，于亚航网站上办理,报到手续,。对于从中国大陆起飞的航班，网路报到于班机起飞前14天 - 2小时开始办理。 备注：孕妇、带婴儿同行、16岁以下独自搭机、行动不便或是有医疗状况、特殊疾病的旅客不适用，必须到机场服务柜台办理。,,,text,false,false,true,false,false,true,true,,,pagefound,2022-07-27 08:33:09,2026-02-09 12:51:36,,,Listing collection > Service,Travel > Transportation > Air travel,1
"Getting to, from and around Indonesia",https://www.travelfish.org/getting_there/indonesia,en,,200,65,13,48424,3,25,34,17,7,https://www.airasia.com/en/gb,"are national carrier Garuda Indonesia and its subsidiary Citilink ,",Indonesian AirAsia,", LionAir and its subsidiaries Wings Air (book through the",https://www.airasia.com/,302,text,false,true,false,false,false,false,true,,,linkrestored,2025-11-04 23:52:26,2026-04-10 14:29:22,,,Article > How-to,Travel > Transportation > Urban transit,2
"Philippines AirAsia (Z2) – Flights, Airline Tickets & Reviews",https://www.kayak.co.uk/Philippines-AirAsia.Z2.airline.html,en,,200,82,8,1113151,45,46,64,17,6,https://www.airasia.com/,,www.airasia.com,,,,text,false,true,false,false,false,false,true,,,linkrestored,2018-05-03 18:02:53,2026-04-09 10:05:31,,,Listing collection > Service,Travel > Transportation > Air travel,2
"AirAsia X (D7) - Vuelos, billetes de avión y reseñas",https://www.kayak.es/AirAsia-X.D7.airline.html,es,,200,76,7,797735,40,46,63,17,2,https://www.airasia.com/en/gb,,airasia.com,,,,text,false,true,false,false,false,true,true,,,linkrestored,2019-07-13 11:48:08,2026-04-15 05:03:20,,,Site page > Services,Travel > Transportation > Air travel,1
"Indonesia AirAsia (QZ) | Vuelos, boletos y opiniones",https://www.kayak.com.ar/Indonesia-AirAsia.QZ.airline.html,es,,200,41,5,123607,43,50,72,17,1,https://www.airasia.com/,,airasia.com,,,,text,false,true,false,false,false,true,true,,,linkrestored,2017-07-03 12:36:19,2026-04-11 08:53:12,,,Site page > Services,Travel > Transportation > Air travel,2
Voyage à Bohol aux Philippines : rapport de notre séjour,https://www.voyagezfute.com/rapports-voyages/les-philippines/etapes/bohol-philippines,fr,,200,54,5,9538,0,9,17,17,3,http://www.airasia.com/hk/en/home.page?cid=1,– Manille viaCEBU PACIFICpuis la liaison Manille – Tagbilaran avec,AIR ASIA,. Nous avons pris nos billets 4 mois en avance,,,text,false,false,false,false,false,false,true,,,pagefound,2022-05-28 19:09:13,2026-04-21 13:16:15,,,,,4
Tata letak kursi armada AirAsia (AK) terbaru,https://seatmaps.com/id/airlines/ak-airasia/,id,,200,74,4.9,559647,1,1,5,17,4,https://www.airasia.com/aa/inflight-comforts/en/gb/baggage.html,,Aturan bagasi AirAsia arrow,,,,image,false,true,false,false,false,false,true,,,linkfound,2024-11-17 14:45:00,2026-04-08 16:42:32,,,Article > How-to,Travel > Transportation > Air travel,1
Thailand,https://www.tuneprotect.com/airasia/thailand/en/home/,en,wordpress,200,50,4.9,7023,7,7,16,17,5,https://www.airasia.com/en/gb,During booking at,airasia.com,,"http://www.airasia.com/my/en/home.page?cid=1, https://www.airasia.com/my/en/home.page?cid=1, https://www.airasia.com/en/home.page","301, 301, 301",text,false,true,false,false,false,false,true,,,linkrestored,2020-03-05 06:57:59,2026-04-15 16:18:17,,,Site page > Services,Travel > Travel agencies > Other,4
The Many Different Styles of Malaysian Rojak | by Yow Hong Chieh | Medium,https://medium.com/@sixtybolts/the-many-different-styles-of-malaysian-rojak-7a19e9ca1d8e,en,,200,94,4.9,28581780,1,5,9,17,4,https://www.airasia.com/play/assets/blted939f8a2f795e46/the-many-different-styles-of-malaysian-rojak,First published in,airasia Play,on 22 Mar 2024.,,,text,false,true,true,true,false,true,true,,,linkfound,2025-08-09 14:12:44,2026-02-10 12:31:08,,Yow Hong Chieh,Article > Recipe,Food > Food > Vegetables,1
How to get to Surabaya | Travelfish,https://www.travelfish.org/transport/indonesia/java/east_java/surabaya/all,en,,200,65,4.7,48424,1,23,37,17,5,https://www.airasia.com/en/gb,; Lion Air ; Citilink ;,AirAsia,; Jetstar ; Scoot ;,https://www.airasia.com/,302,text,false,true,false,false,false,false,true,,,linkrestored,2019-06-28 16:57:24,2026-04-10 14:01:14,,Sally Arnold,Article > How-to,Travel > Transportation > Urban transit,2
エアアジアXJ601便のホットシートでバンコクへ！乗り心地は？どの席がいい？実際に乗ってみた感想 - ちゃんみきのゴーゴータイランド！,https://gogo-thailand.hatenablog.com/entry/2018/10/29/233917,ja,,200,90,4.5,4952407,0,5,51,17,2,https://www.airasia.com/en/gb,出典：,https://www.airasia.com,,https://www.airasia.com/,302,text,false,false,false,false,false,false,true,,,linkfound,2025-08-09 18:27:23,2026-02-12 19:07:50,,,,,2
"機内で横並びの3席を独り占め！　わずか2,600円でぐっすり眠れる裏ワザ | プロがこっそり教える賢い海外旅行術",https://crea.bunshun.jp/articles/-/10041,ja,,200,82,4.4,2977633,0,18,32,17,1,http://www.airasia.com/,URL ,http://www.airasia.com/,,,,text,false,false,false,false,false,false,true,,,pagefound,2021-10-23 00:05:01,2026-04-11 03:45:28,,橋賀 秀紀,,,3
2026 印尼自由行指南：印尼必去城市推薦＋行前準備懶人包 - Holafly,https://esim.holafly.com/zh/travel-tips/indonesia-travel-guide/,zh-tw,wordpress,200,77,0,1868539,0,15,19,17,5,https://www.airasia.com/id/id,在印尼大城市，塞車情況非常常見，特別是在雅加達。短途移動推薦搭機車計程車，省時又便宜。若要城市間移動，可以選擇搭乘國內廉價航空，像是 Lion Air 或,AirAsia,，票價十分便宜。,,,text,false,true,true,false,false,false,true,,,linkrestored,2025-04-30 21:22:16,2026-04-14 17:10:52,,,,,1
Getting Here – Naturally Langkawi,https://naturallylangkawi.my/getting-here-2/,en,wordpress,200,46,11,5858,0,25,59,16,12,http://www.airasia.com/my/en/home.page?cid=1,,Find Flights,,,,text,false,true,false,false,false,false,true,,,pagefound,2023-06-10 03:40:19,2026-04-24 20:48:22,,Suwasdie Che Man,,,4
Cochin International Airport,https://www.cial.aero/Web-Check-In,en,,200,53,8,30695,0,35,40,16,15,https://www.airasia.com/check-in/en/gb,,Thai AirAsia,,,,text,false,true,false,false,false,false,true,,,linkfound,2023-05-04 12:50:20,2026-04-16 18:45:47,,,,,1
"Anreise Singapur: Tipps, günstige Flüge, Nonstop-Verbindungen",https://faszination-suedostasien.de/singapur-anreise/,de,"ecommerce, wordpress",200,43,5,58682,2,20,68,16,4,https://www.airasia.com/en/gb,allesamt Tochtergesellschaften von Singapore Airlines . Hinzu kommen Anbieter wie,Air Asia,oder Jetstar .,https://www.airasia.com/,302,text,false,true,false,false,false,false,true,,,linkrestored,2019-06-17 10:28:58,2026-04-25 08:08:03,,,Article > How-to,Travel > Transportation > Air travel,2
"Günstige Flüge nach Bali → Flugzeit, beste Airlines & Kosten",https://indojunkie.com/bali-flug/,de,"ecommerce, wordpress",200,47,5,27323,2,32,61,16,8,https://www.airasia.com/,Die malaysische Billigfluggesellschaft,Air Asia,"eignet sich gut für einen Weiterflug nach Bali von Singapur,",http://www.airasia.com/,301,text,false,true,false,false,false,false,true,,,linkrestored,2018-02-16 21:07:23,2026-04-26 14:02:23,,Sebastian Würfel,Article > How-to,Travel > Transportation > Air travel,3
50+ E-Wallets in Malaysia: Which Are The Best? - Ringgit Oh Ringgit,https://ringgitohringgit.com/shopping/e-wallets-in-malaysia/,en,"ecommerce, wordpress",200,37,5,1449,916,43,78,16,15,https://www.airasia.com/aa/pocket/index.html,,airasia pocket,– AirAsia’s super app,,,text,false,true,false,false,false,true,true,,,linkrestored,2022-08-28 18:26:57,2026-04-16 08:01:09,,,Article > Comparison,Finance > Banking > Digital wallets; Internet > Web services > Other,1
"How to get to Sukhothai | Bus, train & Phitsanulok connections",https://www.travelfish.org/transport/thailand/northern_thailand/sukhothai/sukhothai/all,en,,200,65,4.6,48424,1,14,27,16,5,https://www.airasia.com/,"In addition,",AirAsia,and Nok Air offer daily “fly and ride” tickets that,,,text,false,true,false,false,false,true,true,removedfromhtml,,linkfound,2025-12-21 07:03:59,2026-04-04 00:02:11,2026-04-07 14:54:21,Stuart McDonald,Article > How-to,Travel > Transportation > Rail,2
Indonesia,https://www.tuneprotect.com/airasia/indonesia/en/home/,en,wordpress,200,50,4.6,7023,0,9,20,16,3,https://www.airasia.com/en/gb,Add-on during booking at,airasia.com,,"http://www.airasia.com/my/en/home.page?cid=1, https://www.airasia.com/my/en/home.page?cid=1, https://www.airasia.com/en/home.page","301, 301, 301",text,false,true,false,false,false,false,true,,,linkrestored,2024-07-31 05:03:50,2026-04-13 13:44:46,,,,,4
Intan Shahira Binti Mohd Shahru | The Enterprise World,https://theenterpriseworld.com/intan-shahira-binti-mohd-shahru/,en,"ecommerce, wordpress",200,72,4.5,57057,4,8,10,16,1,https://www.airasia.com/en/gb,"in continuous learning,Intan Shahira Binti Mohd Shahru (Chief People Officer,",AirAsia Group,")started her career at the age of 21, and now,",,,text,false,true,false,false,false,false,true,,,linkrestored,2024-09-26 11:25:46,2026-04-25 13:07:22,,,Article > Story,Jobs and education > Jobs > Planning; Society > Motivational; Business > Business operations > Management,1
"Persediaan Sebelum Hiking, Kena Tahu Pilih Seluar Jenis Sesuai Untuk Mudahkan Pendakian",https://www.libur.com.my/persediaan-sebelum-hiking-kena-tahu-pilih-seluar-jenis-sesuai-untuk-mudahkan-pendakian/,,wordpress,200,24,4.4,2833,0,33,44,16,2,https://www.airasia.com/aa/inflight-comforts/ms/my/baggage.html,Menerusi artikel,Polisi Penjarakan Sosial Bagasi Kabin,hanya salah satu daripada tiga jenis bagasi kabin yang dibenarkan,,,text,false,false,false,false,false,false,true,,,linkfound,2026-02-23 23:52:16,2026-02-23 23:52:16,,,,,1
Airlines have changed rules for carrying power banks in-flight. Here’s what it means for you,https://www.fcmtravel.com/en-nz/travel-insights/travel-hub/insights/flight-centre-travel-group-releases-power-bank-safety-guide,en,,200,65,0,21981,0,19,20,16,8,https://www.airasia.com/en/gb/help/dangerous-goods.page,,Malaysia Airlines,,,,text,false,true,false,false,false,false,true,,,pagefound,2026-02-09 23:00:41,2026-03-15 08:59:02,,,,,1
D7378 Ongoing & Upcoming Flights - Aviability,https://aviability.com/en/flight/d7378-airasia-x,en,,200,18,0,162524,0,5,11,16,2,https://www.airasia.com/,,AirAsia Xwww.airasia.com,,http://www.airasia.com/,301,text,false,false,true,false,false,false,true,,,pagefound,2026-01-20 15:40:41,2026-04-07 02:32:35,,,,,6
Z2218 schedule. (Philippines AirAsia flight: Caticlan -> Manila),https://info.flightmapper.net/flight/Philippines_AirAsia_Z2_218,en,,200,31,0,42899,0,1,3,16,1,https://www.airasia.com/en/gb,,Philippines AirAsia,flight Z2 218: Caticlan - Manila,"http://www.airasia.com/, https://www.airasia.com/","301, 302",text,false,false,true,false,false,false,true,,,linkrestored,2023-04-15 16:25:13,2026-03-03 00:12:27,,,,,3
Keunikan Danau Toba yang Pasti membuatkan anda Jatuh Cinta,https://beautifulnara.com/keunikan-danau-toba-yang-pasti-membuatkan-anda-jatuh-cinta/,en,wordpress,200,38,0,32924,0,6,9,16,1,https://www.airasia.com/en/gb,,Air Asia dari Kuala Lumpur terus ke Lapangan Terbang Antarabangsa Silangit,,"https://www.airasia.com/my/ms/home.page, https://www.airasia.com/en/home.page","301, 301",text,false,true,false,false,false,false,true,,,linkrestored,2025-03-15 08:37:14,2026-04-26 17:02:56,,,,,3
Guía Vuelos Internos en Tailandia Reservar Vuelo Airasia - TU GUÍA EN TAILANDIA,https://tuguiaentailandia.com/guia-vuelos-internos-en-tailandia-reservar-vuelo-airasia/,es,wordpress,200,18,15,17043,0,14,15,15,2,https://www.airasia.com/en/gb?clickref=1110laHt25D&af_xp=custom&pid=partnerize_int&is_retargeting=true&af_click_lookback=30d&utm_clickref=1110laHt25D&clickid=1110laHt25D&af_reengagement_window=30d&af_siteid=partnerize&c=Affiliate,,,,,,text,false,false,true,false,false,false,true,,,linkrestored,2025-09-03 22:31:17,2026-04-19 19:01:24,,,,,2
Thailand: Bei welchen Airlines günstig Inlandsflüge buchen?,https://faszination-suedostasien.de/thailand-inlandsfluege/,de,"ecommerce, wordpress",200,43,10,58682,4,19,102,15,6,https://www.airasia.com/,Auf Portalen wie Skyscanner oder auf der,Website von Air Asia,kannst du auch die Preisentwicklung über mehrere Monate beobachten und,,,text,false,true,false,false,false,false,true,,,linkrestored,2018-12-16 06:06:40,2026-04-25 13:18:52,,,Article > How-to,Travel > Transportation > Air travel,2
【2026年版】エアアジア（AirAsia）のWEBチェックイン方法｜いつから？できない原因・注意点まとめ｜タビノオトモ,https://cosmicalz.com/airasiaonlinecheckin,ja,wordpress,200,4.4,7,1072,0,8,10,15,4,https://www.airasia.com/check-in/en/gb,エアアジアのオンラインチェックインのページは,こちら,,https://www.airasia.com/check-in/v2/en/gb,0,text,false,true,false,false,false,false,true,,,linkrestored,2023-07-02 01:26:24,2026-04-23 20:09:36,,,,,2
Check Air India PNR Status & Flight Status on Cleartrip,https://www.cleartrip.ae/flight-booking/air-india-airlines-flight-pnr-status.html,en,,200,51,7,288350,1,8,15,15,9,https://www.airasia.com/en/gb,Air India Flight & PNR Status,check status,,"https://www.airasia.co.in/manage-booking, https://www.airasia.com/","301, 302",text,false,false,false,false,false,true,true,,,linkrestored,2024-05-03 22:33:44,2026-03-31 11:57:10,,,Site page > Services,Travel > Transportation > Air travel,2
Letenky Vietnam - levněji až o 80 % | Cestujlevne.com,https://www.cestujlevne.com/akcni-letenky/vietnam,cs,,200,52,6,176372,1,10,10,15,9,https://www.airasia.com/en/gb,"více nabídek. Hledejte především u společností VietJetAir , Jetstar ,",Air Asia,", Nok Air a Lion Air .",,,text,false,true,false,false,false,true,true,,,linkfound,2019-12-15 01:09:44,2026-04-08 02:52:57,,,Listing collection > Service,Travel > Transportation > Air travel,1
Guía para empezar a planear tu viaje por Myanmar (Birmania),https://marcandoelpolo.com/guia-basica-planear-viaje-myanmar-birmania/,es,wordpress,200,29,5,18028,2,16,36,15,2,https://www.airasia.com/ot/en/home.page,más económica de volar a Myanmar es con Air Asia,https://www.airasia.com/ot/en/home.page,"No hay vuelos a Bagan, pero sí a Yangon y",,,text,false,false,true,true,false,false,true,removedfromhtml,,linkrestored,2018-03-11 00:42:12,2026-04-02 11:02:48,2026-04-06 01:58:07,,Article > Guide,Travel > Guides,3
Air connectivity | Australia's Northern Territory,https://australiasnorthernterritory.com.au/air-connectivity,en,,200,54,4.8,7073,1,13,25,15,7,https://www.airasia.com/en/gb,,airasia.com,.,https://www.airasia.com/,302,text,false,true,false,false,false,true,true,,,linkrestored,2025-07-25 18:09:26,2026-04-22 18:35:09,,,Site page > Services,Travel > Transportation > Air travel,2
"Peace and Meatballs: The Quiet Zone, Air Asia X Reviewed - Differentville",https://differentville.com/quiet-zone-air-asia-x-review/,en,wordpress,200,26,4.7,10013,0,18,29,15,2,https://www.airasia.com/en/gb,Easy – just slide over to,"the Air Asia website,",choose your flights and when you get to seat selection,,,text,false,true,false,false,false,false,true,,,pagefound,2021-07-19 20:50:59,2026-04-24 06:35:03,,Helen from Differentville,,,1
Hành lý xách tay được mang theo bao nhiêu kg lên máy bay ? - YouTube,https://www.youtube.com/watch?v=PPxrn18u7cs,en,,200,99,4.6,2948551936,0,16,24,15,5,https://www.airasia.com/aa/inflight-comforts/vi/vn/baggage.html,,https://www.airasia.com/aa/inflight-c...,,,,text,false,false,true,false,false,true,false,,,linkfound,2025-12-25 12:38:52,2025-12-25 12:38:52,,,,,1
QUÉ VER Y HACER EN SEPILOK – MALASIA – Mi Huella x el Mundo,https://mihuellaxelmundo.com/que-ver-y-hacer-en-sepilok-malasia/,es,"ecommerce, wordpress",200,2.7,4.6,6511,0,36,54,15,1,https://www.airasia.com/en/gb,llegar a Sepilok es el avión. Las compañías locales como,Airasia,o Malasian Airlines vuelan prácticamente a diario. Desde Kuala Lumpur,,,text,false,true,false,false,false,false,true,,,pagefound,2025-12-15 18:28:31,2026-04-16 18:53:09,,,,,1
Finding paradise on Koh Lipe in Thailand... | Nicola Dunkinson,https://www.nicoladunkinson.com/2025/01/09/finding-paradise-koh-lipe-in-thailand/,en,wordpress,200,1.8,4.6,3377,0,15,24,15,2,https://www.airasia.com/flights/lipe-ferries/,,Air Asia Move,,https://www.airasia.com/flights/lipe-ferries,308,text,false,true,false,false,false,false,true,,,linkfound,2026-03-11 06:04:28,2026-04-13 21:57:59,,Nicola Dunkinson,,,2
"Malesia Zaino in Spalla: Itinerari, Costi e Consigli",https://ilbackpacker.it/destinzioni/viaggio-malesia/,"it, en",wordpress,200,6,4.6,4490,0,64,274,15,10,https://www.airasia.com/en/home.page,"nord, a seconda di quale opzione sia più conveniente (",Airasia,è la compagnia low cost per eccellenza). In sostanza l’itinerario,,,text,false,true,false,false,false,false,true,,,linkrestored,2018-12-19 18:43:53,2026-04-19 00:50:13,,,Article > How-to,Travel > Guides,2
"AirAsia aims to become Asia's largest food delivery, ride hailing company - report - TNGlobal",https://technode.global/2022/01/17/airasia-aims-to-become-asias-largest-food-delivery-ride-hailing-company-report/,en,wordpress,200,71,4.5,1320,0,10,17,15,1,https://www.airasia.com/en/gb,Malaysia budget airline,AirAsia Group,aims to become the largest food delivery and ride-hailing company,,,text,false,true,false,false,false,false,true,,,pagefound,2022-01-17 09:16:53,2026-04-20 17:06:38,,Yimie Yong,,,1
"Maps, Weather, and Airports for Angangaon, India",https://www.fallingrain.com/world/IN/16/Angangaon.html,en,,200,61,4.5,20198,0,15,36,15,1,https://www.airasia.com/en/gb,", Air India Express , Air India Regional ,",AirAsia India,", Deutsche Lufthansa AG , GoAir ,","http://www.airasia.com/in, https://www.airasia.com/in","301, 302",text,false,true,false,false,false,false,true,,,linkrestored,2025-08-07 00:36:51,2026-04-08 10:39:42,,,,,3
A New Look at Labuan Bajo,https://destinasian.com/editorial/a-new-look-at-labuan-bajo,en,,200,60,4.4,3624,2,11,12,15,3,https://www.airasia.com/flight/en/gb?gad_source=1&gclid=Cj0KCQjwrp-3BhDgARIsAEWJ6Sysok4ki6CV2Eieo_3bDMi2ThqdW_5Hk0nqksJAT-8wI0vEUQemGy0aAr6PEALw_wcB,While,AirAsia Malaysia,"will begin a Kuala Lumpur–Labuan Bajo service in September, the",,,text,false,true,false,false,false,true,false,,,linkrestored,2025-01-11 11:59:54,2026-04-16 09:39:26,,,Article > Story,Travel > Tourist destinations > Gardens,1
How Do I Travel All Over Thailand?,https://blog.ilp.org/how-do-i-travel-all-over-thailand,en,,200,53,4.4,56436,0,13,14,15,6,https://www.airasia.com/en/gb,,Air Asia,,,,text,false,true,false,false,false,false,true,,,pagefound,2024-11-20 21:20:43,2026-04-12 04:31:38,,Emily Henkel,,,1
"Your Definitive Guide to Johor Bahru Food | by Yow Hong Chieh | Nov, 2025 | Medium",https://medium.com/@sixtybolts/your-definitive-guide-to-johor-bahru-food-075f199fdf1a,en,,200,94,0,28581780,0,6,38,15,9,https://www.airasia.com/play/assets/blt58d5fb4a5d6abd65/5-rare-singaporean-dishes-you-may-not-have-heard-of,"Bahru, as well as in neighbouring Singapore, where it is",one of the less common dishes on offer,.,,,text,false,true,true,true,false,false,true,,,pagefound,2025-11-15 13:42:41,2025-11-15 13:42:41,,Yow Hong Chieh,,,1
A Brief History of Ramen: The Evolution of a Japanese Cultural Icon | by Yow Hong Chieh | Medium,https://medium.com/@sixtybolts/a-brief-history-of-ramen-the-evolution-of-a-japanese-cultural-icon-c928cec2c01e,en,,200,94,0,28581780,3,9,65,15,10,https://www.airasia.com/play/assets/bltab0d4ef7c19da20d/a-brief-history-of-ramen-the-evolution-of-a-japanese-cultural-icon,First published in,airasia Play,on 20 Sep 2023.,,,text,false,true,true,true,false,true,true,,,pagefound,2025-03-30 03:00:42,2026-01-29 16:49:05,,Yow Hong Chieh,Article > Story,Food > Food > Pasta,1
"Your Definitive Guide to Johor Bahru Food | by Yow Hong Chieh | Nov, 2025 | Medium",https://medium.com/@sixtybolts/your-definitive-guide-to-johor-bahru-food-075f199fdf1a,en,,200,94,0,28581780,0,6,38,15,9,https://www.airasia.com/play/assets/blt82f91f0a896f678a/8-styles-of-rendang-youll-find-in-southeast-asia,It consists of rice with sides such asrendang—,a rich dry curry that’s prevalent across the region,"— stir-fried vegetables, fried tempeh, salted fish,serunding(sauteed grated coconut) andsambalchilli",,,text,false,true,true,true,false,false,true,,,pagefound,2025-11-15 13:42:41,2025-11-15 13:42:41,,Yow Hong Chieh,,,1
"Your Definitive Guide to Johor Bahru Food | by Yow Hong Chieh | Nov, 2025 | Medium",https://medium.com/@sixtybolts/your-definitive-guide-to-johor-bahru-food-075f199fdf1a,en,,200,94,0,28581780,0,6,38,15,9,https://www.airasia.com/play/assets/bltcc727e16f8db8036/the-secret-history-of-chicken-chop-malaysias-original-western-food,"shop) established in 1946 — no surprise, since this dish",originated in Hainanese coffee shops,.,,,text,false,true,true,true,false,false,true,,,pagefound,2025-11-15 13:42:41,2025-11-15 13:42:41,,Yow Hong Chieh,,,1
A Brief History of Ramen: The Evolution of a Japanese Cultural Icon | by Yow Hong Chieh | Medium,https://medium.com/@sixtybolts/a-brief-history-of-ramen-the-evolution-of-a-japanese-cultural-icon-c928cec2c01e,en,,200,94,0,28581780,3,9,65,15,10,https://www.airasia.com/play/assets/blte46166df6bb65615/the-surprisingly-foreign-origins-of-tempura-japans-favourite-fried-food,"recognisable dishes, along with sushi, sashimi, yakitori, teppanyaki and the",Portuguese-inspired tempura,.,,,text,false,true,true,true,false,true,true,,,pagefound,2025-03-30 03:00:42,2026-01-29 16:49:05,,Yow Hong Chieh,Article > Story,Food > Food > Pasta,1
"Your Definitive Guide to Johor Bahru Food | by Yow Hong Chieh | Nov, 2025 | Medium",https://medium.com/@sixtybolts/your-definitive-guide-to-johor-bahru-food-075f199fdf1a,en,,200,94,0,28581780,0,6,38,15,9,https://www.airasia.com/play/assets/blta280d791e7dca6f8/what-to-see-and-do-in-johor-bahru-the-jewel-of-malaysias-south,Befitting its status as,the jewel of (peninsular) Malaysia’s south,", the capital of Johor state boasts a mouthwatering array",,,text,false,true,true,true,false,false,true,,,pagefound,2025-11-15 13:42:41,2025-11-15 13:42:41,,Yow Hong Chieh,,,1
"Foodpanda, GrabFood, McDelivery & Deliveroo promo codes for July, Lifestyle News - AsiaOne",https://www.asiaone.com/lifestyle/foodpanda-grabfood-mcdelivery-deliveroo-promo-codes-july,en,,0,79,0,145288,0,3,16,15,2,https://www.airasia.com/,The newest kid on the food delivery block is,AirAsia Food,"— yes, the grounded budget airline has now pivoted to",https://www.airasia.com/food/sg/en,302,text,false,true,false,false,false,false,true,,tooold,linkfound,2025-08-14 02:05:16,2025-08-14 02:05:16,2026-04-09 03:09:59,,,,3
QR Code สแกนจ่ายได้มากกว่า 7 ล้านจุดทั่วประเทศ | ทรูมันนี่ เป็นไปได้ ได้ทุกคน,https://www.truemoney.com/qr-payment/,"th, ne","ecommerce, wordpress",200,75,0,1019591,0,57,86,15,8,http://www.airasia.com/aa/food-dine-in/th/index.html,,,,"https://www.airasia.com/food/th/en, http://www.airasia.com/aa/food-dine-in/th, https://www.airasia.com/aa/food-dine-in/th","301, 301, 301",image,false,true,false,false,false,false,true,,,linkrestored,2025-11-17 02:16:58,2026-04-23 15:50:12,,,,,5
"Your Definitive Guide to Johor Bahru Food | by Yow Hong Chieh | Nov, 2025 | Medium",https://medium.com/@sixtybolts/your-definitive-guide-to-johor-bahru-food-075f199fdf1a,en,,200,94,0,28581780,0,6,38,15,9,https://www.airasia.com/play/assets/blt8b7ebfb666ca469b/your-definitive-guide-to-malaysian-laksa,"of spaghetti sets this popular laksa apart from other varieties,",a decision that originated in the Johor palace,.,,,text,false,true,true,true,false,false,true,,,pagefound,2025-11-15 13:42:41,2025-11-15 13:42:41,,Yow Hong Chieh,,,1
"Your Definitive Guide to Johor Bahru Food | by Yow Hong Chieh | Nov, 2025 | Medium",https://medium.com/@sixtybolts/your-definitive-guide-to-johor-bahru-food-075f199fdf1a,en,,200,94,0,28581780,0,6,38,15,9,https://www.airasia.com/play/assets/blt6763a63dfc578519/your-definitive-guide-to-johor-bahru-food,First published in,AirAsia Play,on 14 Jun 2023.,,,text,false,true,true,true,false,false,true,,,pagefound,2025-11-15 13:42:41,2025-11-15 13:42:41,,Yow Hong Chieh,,,1
A Brief History of Ramen: The Evolution of a Japanese Cultural Icon | by Yow Hong Chieh | Medium,https://medium.com/@sixtybolts/a-brief-history-of-ramen-the-evolution-of-a-japanese-cultural-icon-c928cec2c01e,en,,200,94,0,28581780,3,9,65,15,10,https://www.airasia.com/play/assets/blt85e62022bc26f766/5-asian-food-museums-for-the-cultured-foodie,"the CUPNOODLES Museum in Osaka and Yokohama, where you can",create your own original Cup Noodles,.,,,text,false,true,true,true,false,true,true,,,pagefound,2025-03-30 03:00:42,2026-01-29 16:49:05,,Yow Hong Chieh,Article > Story,Food > Food > Pasta,1
How to Book Domestic Flights in Indonesia — Bluewater Dive Travel,https://www.bluewaterdivetravel.com/article/how-to-book-domestic-flights-in-indonesia,en,,200,42,6,33479,5,19,38,14,5,https://www.airasia.com/aa/inflight-comforts/en/gb/baggage.html,kg of sport equipment and $25 for regular luggage. Read,more about AirAsias baggage allowance,.,,,text,false,true,false,false,false,false,true,,,linkrestored,2025-04-10 00:56:08,2026-04-11 17:11:01,,,Article > How-to,Travel > Transportation > Air travel,1
How to Book Domestic Flights in Indonesia — Bluewater Dive Travel,https://www.bluewaterdivetravel.com/article/how-to-book-domestic-flights-in-indonesia,en,,200,42,6,33479,5,19,38,14,5,https://www.airasia.com/en/gb,Where to book:Direct on the,AirAsia website,", AirAsia MOVE app, Online booking platforms.",,,text,false,true,false,false,false,false,true,,,linkrestored,2025-04-10 00:56:08,2026-04-11 17:11:01,,,Article > How-to,Travel > Transportation > Air travel,1
Kredivo | Beli dengan Kredivo,https://www.kredivo.com/buy/,id,,200,63,6,115160,3,412,544,14,12,https://www.airasia.com/,,asiatip,,http://www.airasia.com/,301,image,false,false,false,false,false,true,true,,,linkrestored,2023-11-04 01:29:51,2026-04-24 04:57:39,,,Site page > Services,Finance > Lending > Loans; Shopping > Shopping portals,3
"Route Indonesië: Sumatra, Java en Bali | Rondreis van 3 tot 4 weken",https://www.reisjevrij.nl/rondreizen/rondreis-java-sumatra-en-bali/,"nl, en",wordpress,200,44,5,42581,0,19,60,14,6,https://www.airasia.com/en/gb,"duurt 1 uur en 45 minuten en kost €40,- via",Airasia,. Je kan vervolgens prima overnachten bij Bale Ocasa voor,,,text,false,true,true,false,false,false,true,,,pagefound,2023-08-04 08:23:16,2026-04-27 03:29:40,,,Article > How-to,Travel > Tourist destinations > Islands,1
セブ島への直行便と最安フライト・ルート完全ガイド　最新版 :: セブトリップ｜フィリピン・セブ島情報メディアサイト,https://cebutrip.net/travel/view/flight-schedule,ja,,200,22,5,6213,0,22,31,14,7,https://www.airasia.com/en/gb?gad_source=1&gclid=CjwKCAjwm_SzBhAsEiwAXE2Cv4kTimf1gk3Is7SNblb2LHHK54RCbynXV6JDFHh05Ry-Q_pec6GtDRoCUboQAvD_BwE&gclsrc=aw.ds,・エアアジア航空：,航空券サイト,,,,text,false,true,false,false,false,false,true,,,pagefound,2024-07-09 09:44:51,2026-04-23 14:45:17,,,,,1
セブ島への直行便と最安フライト・ルート完全ガイド　最新版 :: セブトリップ｜フィリピン・セブ島情報メディアサイト,https://cebutrip.net/travel/view/flight-schedule,ja,,200,22,5,6213,0,22,31,14,7,https://www.airasia.com/aa/inflight-comforts/ja/jp/baggage.html,参照：,https://www.airasia.com/aa/inflight-comforts/ja/jp/baggage.html,,,,text,false,false,false,false,false,false,true,,,pagefound,2024-07-09 09:44:51,2026-04-23 14:45:17,,,,,1
"טיסות פנים בתאילנד - בית חב""ד תאילנד",https://chabadthailand.co.il/%D7%98%D7%99%D7%A4%D7%99%D7%9D-%D7%95%D7%9E%D7%99%D7%93%D7%A2-%D7%9C%D7%9E%D7%98%D7%99%D7%99%D7%9C/%D7%98%D7%99%D7%A1%D7%95%D7%AA-%D7%A4%D7%A0%D7%99%D7%9D-%D7%91%D7%AA%D7%90%D7%99%D7%9C%D7%A0%D7%93/,he,wordpress,200,29,5,4988,0,12,27,14,1,https://www.airasia.com/ot/en/home.page?cid=1,,Air Asia,,http://www.airasia.com/ot/en/home.page?cid=1,301,text,false,true,false,false,false,false,true,,,linkrestored,2024-06-13 09:37:11,2026-02-23 18:32:25,,,,,4
3天2夜泰国合艾(Hat Yai)行程攻略，不去曼谷也可以血拼吃道地泰国餐,https://thailand.tripcanvas.co/zh/hat-yai/weekend-itinerary/,zh-cn,wordpress,200,50,4.7,30932,2,23,67,14,6,https://www.airasia.com/en/home.page?cid=1,3. 飞机 – 乘搭,Airasia,来回约RM300。,,,text,false,true,false,false,false,true,true,,,pagefound,2023-04-27 03:03:11,2026-03-25 04:56:22,,嘉怡,,,2
How To Find Cheap Flights To Anywhere | Travel Guides & Insights | Geeky Explorer,https://www.geekyexplorer.com/how-to-find-cheap-flights-anywhere/,en,wordpress,200,36,4.7,26855,8,45,71,14,5,https://www.airasia.com/,Asia–,AirAsia,", Jetstar , Nok Air ,",http://www.airasia.com/,301,text,false,true,false,false,false,true,true,,,linkrestored,2024-12-19 01:29:56,2026-04-23 01:05:25,,,Article > How-to,Travel > Travel agencies > Vacation,3
Bangkok vs Hanoi - A City Comparison For Digital Nomads,https://nomadflag.com/bangkok-vs-hanoi/,en,wordpress,200,33,4.7,3924,2,22,37,14,2,https://www.airasia.com/en/gb,"fly, take a bus, or a train. I’d recommend flying.",AirAsia,promos can make the trip a very inexpensive one. A,"http://airasia.com/, https://airasia.com/, https://www.airasia.com/","301, 301, 302",text,false,true,false,false,false,false,true,,,linkrestored,2019-06-26 11:11:51,2026-04-14 06:08:21,,,Article > Comparison,Travel > Tourist destinations > Other,2
Registreeru lennule internetis! - Estravel,https://www.estravel.ee/check-in/,et,wordpress,200,45,4.6,16623,3,72,210,14,5,https://www.airasia.com/check-in/en/gb,,Check-in!,,,,text,false,true,false,false,false,false,true,,,pagefound,2022-07-23 14:01:20,2026-04-14 10:22:20,,,Article > How-to,Travel > Travel agencies > Other,1
"Chiang Rai is my refuge in Thailand, where I'd move",https://silvias-trips.com/chiang-rai/,en,wordpress,200,17,4.6,20853,0,17,20,14,6,https://www.airasia.com/en/gb,,Air Asia,; although,,,text,false,true,true,false,false,false,true,,,pagefound,2024-06-06 10:13:09,2026-04-16 20:00:25,,,,,1
타이 에어아시아 X 특가 항공권을 예약하세요 - Airpaz,https://www.airpaz.com/ko/airlines/XJ-Thai-AirAsia-X,ko,,200,62,4.6,529014,1,11,14,14,5,https://www.airasia.com/aa/about-us/ko/kr/terms-and-conditions-xj.html,타이 에어아시아 X 의 이용약관 내용을 확인하시려면,여기를 클릭,하세요.,,,text,false,false,true,false,false,true,true,,,linkfound,2022-07-15 22:42:02,2026-04-13 19:09:06,,,Listing > Service,Travel > Transportation > Air travel,1
타이 에어아시아 X 특가 항공권을 예약하세요 - Airpaz,https://www.airpaz.com/ko/airlines/XJ-Thai-AirAsia-X,ko,,200,62,4.6,529014,1,11,14,14,5,https://www.airasia.com/aa/inflight-comforts/en/gb/hot-meals.html,가능한 식음료를 주문하실 수 있습니다. 이 항공사의 식음료 메뉴를 확인하시려면,여기를 클릭,하세요.,,,text,false,false,true,false,false,true,true,,,linkrestored,2020-08-27 13:01:50,2026-04-13 19:09:06,,,Listing > Service,Travel > Transportation > Air travel,1
Thailand transport guide • Fan Club Thailand,https://fanclubthailand.co.uk/thailand-transport-guide/,en,wordpress,200,41,4.6,18808,0,19,28,14,3,https://www.airasia.com/en/gb,,Air Asia,,https://www.airasia.com/,302,text,false,true,false,false,false,false,true,,,linkrestored,2025-02-20 16:32:56,2026-04-25 18:14:14,,Fan Club Thailand,,,2
映画「すれ違いのダイアリーズ」｜2016年、シネスイッチ銀座ほか全国順次ロードショー！,https://www.moviola.jp/diaries2016/,"ja, zh-cn",,200,54,4.6,2336,44,12,21,14,1,http://www.airasia.com/jp/ja/home.page,,エアアジア,,,,image,false,true,false,false,false,true,true,,,pagefound,2022-06-06 10:55:00,2026-04-22 18:08:43,,ムヴィオラ,Article > Review,Entertainment > Movies > Romance films,3
타이 에어아시아 X 특가 항공권을 예약하세요 - Airpaz,https://www.airpaz.com/ko/airlines/XJ-Thai-AirAsia-X,ko,,200,62,4.6,529014,1,11,14,14,5,https://www.airasia.com/check-in/en/gb,공식 사이트를 통해서 온라인으로 체크인 할 수 있습니다. 웹체크인을 하시려면,여기,에 클릭하여 주십시오. 웹체크인은 일정된 출발 시간 14 일 전에,,,text,false,false,true,false,false,true,true,,,linkrestored,2022-04-04 02:50:29,2026-04-13 19:09:06,,,Listing > Service,Travel > Transportation > Air travel,1
Profil Perusahaan - CMPP | Lembar Saham - Analisa Fundamental Saham,https://lembarsaham.com/fundamental-saham/emiten/CMPP,id,,200,3.3,4.6,25449,0,3,5,14,4,https://www.airasia.com/en/gb,,www.airasia.com,,"http://www.airasia.com/, https://www.airasia.com/","301, 302",text,false,false,false,false,false,false,true,,,linkrestored,2022-12-06 14:25:41,2026-04-21 20:33:01,,,Site page > About,Finance > Investing > Bonds,3
想去濤島，看這篇就夠啦！,https://blog.padi.com/tw/traveling-and-diving-in-koh-tao/,zh-tw,wordpress,403,85,4.5,566550,0,15,35,14,2,https://www.airasia.com/en/gb,亞洲航空官方網站：,www.airasia.com,,"http://www.airasia.com/, https://www.airasia.com/","301, 302",text,false,true,false,false,false,false,true,pageerror,,pagefound,2023-10-01 03:02:26,2026-01-08 16:20:51,2026-04-05 12:50:52,,,,3
קוויקי: ככה נראה טיול מושלם של 10 ימים בתאילנד,https://www.mako.co.il/travel-world/magazine/Article-1b42330dc144981027.htm,he,,200,84,4.5,7821806,5,29,66,14,6,https://www.airasia.com/en/gb,אני ממליצה בחום על תיאום ישיר (הכי זול) באתר של,Asia Air,,,,text,false,true,false,false,false,true,true,,,pagefound,2023-11-24 23:43:11,2026-04-24 07:52:33,,ליאת כהן רביב,Article > Story,Travel > Tourist destinations > Gardens,1
Jak dojechać na Phuket? - Asian Divers,https://asiandivers.pl/bangkok-phuket/,pl,wordpress,200,12,4.5,5345,0,13,16,14,2,https://www.airasia.com/site/en/home.jsp,,Air Asia,,,,text,false,true,true,false,false,false,true,,,linkrestored,2023-11-14 20:11:44,2026-04-17 02:03:47,,,,,1
News — AirAsia Newsroom,https://newsroom-airasia.squarespace.com/news?offset=1755489876476&category=Malaysia,"zh-cn, en",,200,95,0,3371886,0,6,34,14,1,https://www.airasia.com/my/en/about-us/terms-and-conditions.page,website indicates that you agree to be bound by our,Terms and Conditions,", Terms of Use and Privacy Statement . This website",,,text,false,false,false,false,false,false,true,,,pagefound,2025-10-17 16:36:47,2026-02-02 10:05:17,,,,,1
News — AirAsia Newsroom,https://newsroom-airasia.squarespace.com/news?offset=1755489876476&category=Malaysia,"zh-cn, en",,200,95,0,3371886,0,6,34,14,1,http://www.airasia.com/travel-guide/,为庆祝东盟成立 58 周年，东南亚领先的旅游平台 MOVE 正式推出 “,Discover Asean” 专页，为区域内跨境旅游提,供更实惠、更便捷的指引。该网站由 MOVE 与东盟旅游协会（ASEANTA）合作打造，是推动区域旅游一体化的重要举措之一。,,,text,false,true,false,false,false,false,true,,,pagefound,2025-10-17 16:36:47,2026-02-02 10:05:17,,,,,2
News — AirAsia Newsroom,https://newsroom-airasia.squarespace.com/news?offset=1755489876476&category=Malaysia,"zh-cn, en",,200,95,0,3371886,0,6,34,14,1,https://www.airasia.com/my/en/about-us/ir-organizational-structure.page,,AirAsia Berhad (Malaysia),| Thai AirAsia Co. Ltd | PT Indonesia AirAsia |,,,text,false,false,false,false,false,false,true,,,pagefound,2025-10-17 16:36:47,2026-02-02 10:05:17,,,,,1
News — AirAsia Newsroom,https://newsroom-airasia.squarespace.com/news?offset=1755489876476&category=Malaysia,"zh-cn, en",,200,95,0,3371886,0,6,34,14,1,https://www.airasia.com/aa/about-us/en/my/privacy-statement.html,"by our Terms and Conditions , Terms of Use and",Privacy Statement,. This website is owned and operated by AirAsia Berhad,https://www.airasia.com/my/en/about-us/privacy-policy.page,302,text,false,false,false,false,false,false,true,,,pagefound,2025-10-17 16:36:47,2026-02-02 10:05:17,,,,,3
News — AirAsia Newsroom,https://newsroom-airasia.squarespace.com/news?offset=1755489876476&category=Malaysia,"zh-cn, en",,200,95,0,3371886,0,6,34,14,1,https://www.airasia.com/my/en/about-us/terms-of-use.page,"agree to be bound by our Terms and Conditions ,",Terms of Use,and Privacy Statement . This website is owned and operated,,,text,false,false,false,false,false,false,true,,,pagefound,2025-10-17 16:36:47,2026-02-02 10:05:17,,,,,3
News — AirAsia Newsroom,https://newsroom-airasia.squarespace.com/news?offset=1755489876476&category=Malaysia,"zh-cn, en",,200,95,0,3371886,0,6,34,14,1,https://www.airasia.com/aa/about-us/en/my/airasia-philippine-organizational-structure.html,| Thai AirAsia Co. Ltd | PT Indonesia AirAsia |,Philippines AirAsia Inc.,| AirAsia X Berhad (Malaysia),"http://www.airasia.com/my/en/about-us/airasia-philippine-organizational-structure.page, https://www.airasia.com/my/en/about-us/airasia-philippine-organizational-structure.page","301, 302",text,false,false,false,false,false,false,true,,,pagefound,2025-10-17 16:36:47,2026-02-02 10:05:17,,,,,4
UOB PRVI Miles Platinum American Express® Card,https://pib.uob.com.sg/credit-cards/prvi-miles-amex-card.html,en,,200,72,0,686005,0,14,28,14,10,https://www.airasia.com/en/gb,"2Travel means the Online Card Transaction(s) made at www.agoda.com ,",www.airasia.com,", www.airbnb.com , www.cathaypacific.com ,",https://www.airasia.com/,302,text,false,false,false,false,false,false,true,,,linkrestored,2025-02-22 00:32:38,2026-04-01 12:32:11,,,Site page > Services,Travel > Transportation > Air travel; Finance > Lending > Credit cards,2
ไปขนอม ชมโลมาสีชมพูกันเถอะ - Makalius.co.th,https://www.makalius.co.th/%E0%B8%94%E0%B8%B5%E0%B8%A5%E0%B8%97%E0%B9%88%E0%B8%AD%E0%B8%87%E0%B9%80%E0%B8%97%E0%B8%B5%E0%B9%88%E0%B8%A2%E0%B8%A7/%E0%B8%82%E0%B8%99%E0%B8%AD%E0%B8%A1-%E0%B9%82%E0%B8%A5%E0%B8%A1%E0%B8%B2%E0%B8%AA%E0%B8%B5%E0%B8%8A%E0%B8%A1%E0%B8%9E%E0%B8%B9/,th,wordpress,200,25,0,42878,0,5,11,14,2,https://www.airasia.com/en/gb,? จองตั๋วเดินทาง ? ที่,www.airasia.com,,"http://www.airasia.com/, https://www.airasia.com/","301, 302",text,false,true,false,false,false,false,true,,,linkrestored,2025-01-18 11:59:23,2026-04-25 17:22:09,,,,,3
News — AirAsia Newsroom,https://newsroom-airasia.squarespace.com/news?offset=1755489876476&category=Malaysia,"zh-cn, en",,200,95,0,3371886,0,6,34,14,1,https://www.airasia.com/aa/about-us/en/gb/airasia-indonesia-organizational-structure.html,AirAsia Berhad (Malaysia) | Thai AirAsia Co. Ltd |,PT Indonesia AirAsia,| Philippines AirAsia Inc. | AirAsia X Berhad (Malaysia),"https://www.airasia.com/my/en/about-us/airasia-indonesia-organizational-structure.page, https://www.airasia.com/aa/about-us/en/my/airasia-indonesia-organizational-structure.html","302, 302",text,false,false,false,false,false,false,true,,,pagefound,2025-10-17 16:36:47,2026-02-02 10:05:17,,,,,3
News — AirAsia Newsroom,https://newsroom-airasia.squarespace.com/news?offset=1755489876476&category=Malaysia,"zh-cn, en",,200,95,0,3371886,0,6,34,14,1,http://www.airasia.com/my/en/about-us/terms-and-conditions.page,,Terms and conditions,,,,text,false,false,false,false,false,false,true,,,pagefound,2025-10-17 16:36:47,2026-02-02 10:05:17,,,,,3
Jaunākie atlaižu kuponi e-veikaliem - KUPLIO.lv,https://kuplio.lv/kuponi,lv,,200,14,7,2123,1,50,56,13,7,https://www.airasia.com/dutyfree/en/gb/carousel/holiday-steals-up-to-70percent-off,,Līdz pat - 70% atlaides Airasia.com e-vietnē izvēlētām precēm,,,,text,false,false,true,false,false,false,true,,,linkfound,2025-09-23 11:48:07,2026-04-26 03:29:02,,,Listing collection > Product,Shopping > Shopping portals,1
"Indonesia AirAsia (QZ) - Voli, Biglietti Aerei e Recensioni",https://www.kayak.it/Indonesia-AirAsia.QZ.airline.html,it,,200,55,6,419036,35,50,128,13,5,https://www.airasia.com/,,airasia.com,,,,text,false,true,false,false,false,true,true,,,linkrestored,2022-01-25 04:08:30,2026-04-24 05:26:39,,,Site page > Services,Travel > Transportation > Air travel,2
"Avion bali, Vols et billets avions - Bali - Indonesie",https://www.baliautrement.com/billets_avions.htm,fr,,200,32,6,3787,0,18,36,13,9,https://www.airasia.com/en/gb,"Denpasar, vous trouverez de très bons tarifs sur la compagnie",Air Asia,(très bonne compagnie low cost en Asie).,"http://www.airasia.com/, https://www.airasia.com/","301, 302",text,false,true,false,false,false,false,true,,,linkrestored,2022-06-30 04:05:54,2026-04-26 22:48:39,,,Article > How-to,Travel > Transportation > Air travel,3
Vé máy bay Air Asia giá rẻ tại VietAIR,https://vietair.com.vn/ve-may-bay-theo-hang/ve-may-bay-air-asia,vi,,200,36,6,40537,0,11,16,13,8,https://www.airasia.com/vn/vi/inflight-comforts/hot-meals.page,Bạn có thể tham khảo thực đơn tại,đây,,,,text,false,true,false,false,false,false,true,,,linkrestored,2019-02-03 16:38:37,2026-04-16 18:45:20,,,Article > How-to,Travel > Transportation > Air travel,2
Rondreis Zuid-Thailand? Dit is de ultieme reisroute!,https://www.travelalut.com/thailand/reisroute-zuid-thailand/,nl,wordpress,200,28,6,15326,1,9,21,13,4,https://www.airasia.com/,afstanden? Dan raad ik aan een vlucht te boeken via,AirAsia,.,,,text,false,true,false,false,false,true,true,,,linkrestored,2023-03-26 16:43:06,2026-04-16 16:52:09,,,Article > Guide,Travel > Tourist destinations > Islands,2
"▷ Cómo llegar a Puerto Princesa, Palawan - Guía 2026 - Viajar por Filipinas",https://www.viajarporfilipinas.com/como-llegar-puerto-princesa-palawan/,es,wordpress,200,29,6,10089,0,11,21,13,6,https://www.airasia.com/en/gb,"Hola Sandra, nosotros podemos entrar perfectamente",aquí,. Saludos,https://www.airasia.com/,302,text,false,false,true,true,false,false,true,,,linkrestored,2025-09-17 14:38:18,2026-04-16 10:22:26,,Viajar por Filipinas,,,2
Companies impacted by the CrowdStrike incident,https://www.upguard.com/crowdstrike-outage,en,,200,80,5,121097,8,363,617,13,1,https://www.airasia.com/en/gb,,airasia.com,,https://www.airasia.com/,302,text,false,true,false,false,false,false,true,,,linkrestored,2024-07-24 06:23:33,2026-04-25 19:29:03,,,Listing collection > Business,Games > Video games > Shooter games; Business > Business services > Consulting; News > Technology news; Government; Internet,2
Premium Flatbed AirAsia✈️. Worth The Money? AirAsia Flatbed Reviews - Malaysia Uncovered,https://malaysiauncovered.com/airasia-premium-flatbed/,en,wordpress,200,39,5,2959,0,8,10,13,9,https://www.airasia.com/aa/inflight-comforts/en/gb/premium-flatbed.html,"If you don’t get the email, you can also",click here,and enter your booking reference number to see if you,,,text,false,true,false,false,false,false,true,,,pagefound,2025-01-06 15:47:49,2026-04-25 14:49:58,,Sharon Gourlay,,,1
"[VIDEO] Bukan Gimik! Pesawat AirAsia Bertukar Hijau, CEO MOVE Buka Cerita Sebenar - Murai MY",https://murai.my/nadia-omer-airasia-move-kapal-tukar-hijau/,,wordpress,200,37,4.8,21232,2,9,10,13,1,https://www.airasia.com/en/gb,,MOVE,",app bookingtravel yang tengah naik macam roket di Asia Tenggara,",,,text,false,true,false,false,false,false,true,,,pagefound,2025-08-04 16:51:00,2026-04-13 22:36:48,,,Video > News,Travel > Transportation > Air travel,1
AirAsia MOVE：フライト&ホテル - Google Play のアプリ,https://play.google.com/store/apps/details?id=com.airasia.mobile&hl=ja,ja,,200,99,4.7,1281595264,12,2,6,13,8,https://www.airasia.com/aa/about-us/en/gb/privacy-statement.html,,shieldプライバシー ポリシー,,,,text,false,false,false,false,false,true,true,,,linkfound,2025-08-10 14:32:57,2026-02-20 18:52:15,,,Site page > Services,Travel > Travel agencies > Other,1
AirAsia MOVE：フライト&ホテル - Google Play のアプリ,https://play.google.com/store/apps/details?id=com.airasia.mobile&hl=ja,ja,,200,99,4.7,1281595264,12,2,6,13,8,https://www.airasia.com/en/gb,,publicウェブサイト,,https://www.airasia.com/,302,text,false,false,false,false,false,true,true,,,linkfound,2025-08-10 14:32:57,2026-02-20 18:52:15,,,Site page > Services,Travel > Travel agencies > Other,2
"TOP 10 THINGS TO DO IN KUALA LUMPUR, MALAYSIA (Tourist Spots and Attractions for First-timers) | Blogs, Travel Guides, Things to Do, Tourist Spots, DIY Itinerary, Hotel Reviews - Pinoy Adventurista",https://www.pinoyadventurista.com/2017/08/kuala-lumpur-malaysia-things-to-do-travel-guide-first-timers.html,en,,200,36,4.7,26527,0,11,75,13,2,https://www.airasia.com/,from Cebu which also arrive in KLIA2. You may visit,www.airasia.com,to book your flights.,,,text,false,true,true,false,false,false,true,,,pagefound,2018-04-26 21:23:00,2026-04-06 16:38:01,,,,,2
"รีวิวอินเดีย :: The Complete Guide To The City Of Joy!! – Kolkata, India 🇮🇳 – JATIEWPAINAI",https://www.jatiewpainai.com/2024/02/27/%E0%B8%A3%E0%B8%B5%E0%B8%A7%E0%B8%B4%E0%B8%A7%E0%B8%AD%E0%B8%B4%E0%B8%99%E0%B9%80%E0%B8%94%E0%B8%B5%E0%B8%A2-the-complete-guide-to-the-city-of-joy-kolkata-india-%F0%9F%87%AE%F0%9F%87%B3/,"th, en",wordpress,200,22,4.7,5797,0,3,6,13,2,http://www.airasia.com/,ลัคเนา อัห์มดาบาด เบงกาลูรู เชนไน โกชิ คยา กูวาฮิติ และสุดท้ายวิศาขาปัตตนัม ใครอยากไปเส้นทางไหนของอินเดียตามไปกดจองได้เลยที่ :,www.airasia.com,สะดวกเวอร์,,,text,false,true,false,false,false,false,true,,,linkfound,2024-03-24 00:32:25,2026-04-07 17:45:26,,,,,3
Viver em Bali como um nômade digital: Confira o passo a passo,https://melhoresmomentosdavida.com/viver-em-bali/,pt,wordpress,200,13,4.7,5700,0,15,28,13,4,https://www.airasia.com/en/gb,"da Ásia: Usando uma combinação de companhias aéreas lowcost, como",Air Asia,", Lion Air , Jetstar Asia ,",https://www.airasia.com/,302,text,false,true,false,false,false,false,true,,,linkrestored,2025-04-28 19:23:10,2026-04-15 21:48:17,,,Article > Guide,Travel > Tourist destinations > Islands; Real estate > Real estate services > Real estate agencies; Society > Relationships; Jobs and education,2
AAX: AirAsia X Bhd Stock Price Quote - Bursa Malays - Bloomberg,https://www.bloomberg.com/quote/AAX:MK,en,,200,92,4.6,7465180,4,14,16,13,9,https://www.airasia.com/,,www.airasia.com,,,,text,false,true,false,false,false,true,false,removedfromhtml,,linkrestored,2019-01-05 17:34:30,2026-03-10 00:43:09,2026-04-24 00:16:46,,Article > News,Finance > Investing > Bonds,2
Länder-Info für Malaysia ✔️ | ÖAMTC,https://www.oeamtc.at/laenderinfo/malaysia/,de,,200,79,4.5,473265,1,54,85,13,9,https://www.airasia.com/en/gb,Flughäfen an sowie in Ost-Malaysia Sabah und Sarawak. Außerdem bedienen,Air Asia (AK),und Sabah Air verschiedene Ziele im Inland.,,,text,false,true,false,false,false,false,true,,,pagefound,2022-06-14 00:55:13,2026-04-26 03:08:13,,,Site page > Services,Travel > Guides,1
旅行贴士：榴莲能带上飞机吗？,https://durydury.com/zh/travel-tips-can-you-bring-durian-on-a-flight/,zh-cn,"ecommerce, wordpress",200,10,4.5,4616,0,11,14,13,1,https://www.airasia.com/aa/about-us/en/gb/terms-and-conditions-fd.html,,亚航（AirAsia）,,,,text,false,true,false,false,false,false,true,,,pagefound,2024-11-18 12:01:50,2026-04-11 02:57:32,,,,,1
Daftar Maskapai Penerbangan di Terminal 2 Bandara Soekarno Hatta,https://ekonomi.bisnis.com/read/20250301/98/1843616/daftar-maskapai-penerbangan-di-terminal-2-bandara-soekarno-hatta,id,,200,79,4.5,1195072,0,18,21,13,6,http://www.airasia.com/,,,,,,text,false,false,false,false,false,false,true,,,pagefound,2025-03-01 08:31:15,2026-04-20 12:14:44,,Mia Chitra Dinisari,,,3
Camaron Rellenado - Ang Sarap,https://www.angsarap.net/2021/12/27/camaron-rellenado/,en,"ecommerce, wordpress",200,48,4.5,49390,0,18,35,13,3,https://www.airasia.com/explore/assets/blt556103da8164afae/the-history-behind-the-worlds-oldest-chinatown-in-manila,"also another variety of this dish mainly found in Binondo,",Manila’s Chinatown,called Camaron Rebosado con Jamon where it includes a ham,,,text,false,true,false,false,false,false,true,,,linkrestored,2021-12-27 15:08:15,2026-04-26 08:18:40,,,,,3
Z2286 schedule. (Philippines AirAsia flight: Bangkok -> Manila),https://info.flightmapper.net/flight/Philippines_AirAsia_Z2_286,en,,200,31,4.4,42899,0,1,3,13,1,http://www.airasia.com/,,Philippines AirAsia,flight Z2 286: Bangkok Don Mueang - Manila,,,text,false,false,true,false,false,false,true,,,pagefound,2024-02-07 19:41:02,2026-04-20 00:43:36,,,,,3
Thai flight attendants salute Britney Spears with ‘Toxic’ video | CNN,https://www.cnn.com/travel/article/thailand-flight-attendants-britney-spears,en,,200,93,4.4,32901372,6,13,20,13,2,https://www.airasia.com/ot/en/home.page?cid=1,"In March,",AirAsia,air steward Assraf Nasir took advantage of an empty plane,,,text,false,true,false,false,false,true,true,,,pagefound,2025-08-08 16:08:39,2026-04-03 18:54:37,,Francesca Street,Article > News,Entertainment > Music > Pop music; News > Tabloid news,3
Pad Thai: The True Origins of Thailand’s National Dish | by Yow Hong Chieh | Medium,https://medium.com/@sixtybolts/pad-thai-the-true-origins-of-thailands-national-dish-ff115c520a66,en,,200,94,0,28581780,0,9,12,13,7,https://www.airasia.com/play/assets/blt045bdfd09f5de2e4/pad-thai-the-true-origins-of-thailands-national-dish,First published in,airasia Play,on 5 Sep 2022.,,,text,false,true,true,true,false,false,true,,,linkfound,2025-08-09 16:39:15,2026-03-12 04:58:18,,Yow Hong Chieh,,,1
Pad Thai: The True Origins of Thailand’s National Dish | by Yow Hong Chieh | Medium,https://medium.com/@sixtybolts/pad-thai-the-true-origins-of-thailands-national-dish-ff115c520a66,en,,200,94,0,28581780,0,9,12,13,7,https://www.airasia.com/play/assets/blt6fb202187fa52269/cooking-for-one-pad-thai-with-jannine-weigel,The,modern pad thai recipe,"now calls for minced garlic, tamarind water, palm sugar, sliced",https://airasia.com/play/assets/blt6fb202187fa52269/cooking-for-one-pad-thai-with-jannine-weigel,301,text,false,true,true,true,false,false,true,,,linkfound,2025-08-09 16:39:15,2026-03-12 04:58:18,,Yow Hong Chieh,,,1
3 Cara Mengetahui Kursi Pesawat yang Dekat Jendela,https://syfaganjarstory.com/cara-mengetahui-kursi-pesawat-dekat-jendela/,id,wordpress,200,4.9,6,24901,0,7,9,12,5,https://www.airasia.com/en/gb,aplikasi atau situs web. Misalnya dalam contoh ini saya mengakses,situs AirAsia,". Cari penerbangan dengan mengisi kota asal, tujuan, dan tanggal",https://www.airasia.com/,302,text,false,true,true,false,false,false,true,,,linkrestored,2024-08-25 07:09:07,2026-04-16 03:19:04,,,,,2
Overview of AirAsia Rewards Redemptions - Australian Frequent Flyer,https://www.australianfrequentflyer.com.au/overview-airasia-big-loyalty-redemptions/,en,wordpress,200,40,4.8,91803,0,5,6,12,8,https://www.airasia.com/rewards/en/gb,"well as hotels, tours, car rentals and more. See the",AirAsia website,for more information.,,,text,false,true,true,false,false,false,true,,,linkfound,2023-02-12 03:12:24,2026-04-17 18:17:12,,,,,2
[2024-2026 運航再開＆新規就航] 札幌/新千歳空港から国際線直行便で行ける海外の国一覧 Airlines from Sapporo/New Chitose,https://www.ryokolink.com/travel/air_from_japan_CTS.htm,ja,,200,33,4.8,1468,0,49,175,12,2,https://www.airasia.com/en/gb,,エアアジア AirAsia,,https://www.airasia.com/,302,text,false,true,true,false,false,false,true,,,linkrestored,2024-06-16 05:08:42,2026-04-22 15:27:23,,,,,2
【最新版】シンガポールから行くマレーシア旅行！アクセスやおすすめ観光スポットも！ | SingaLife | 在シンガポール日本人向けのフリーマガジン。グルメ、習い事、ビジネス、教育など充実の内容満載のウェブサイト,https://singalife.com/category/57763/,ja,wordpress,200,46,4.7,21446,0,21,25,12,9,https://www.airasia.com/ride/,▶,WEBサイト,,,,text,false,true,false,false,false,false,true,,,linkfound,2025-03-13 19:11:16,2025-11-24 11:44:39,,,,,1
Best Ride-Hailing Apps in Malaysia 2025 – Top 10 List,https://applionsoft.com/ride-hailing-apps-in-malaysia/,en,wordpress,200,4.1,4.7,46595,20,16,18,12,10,https://www.airasia.com/aa/appdownload/,integrated with the,AirAsia Move,", making it convenient for users to book hotels, flights,",,,text,false,true,true,false,false,true,true,,,pagefound,2025-08-09 05:07:10,2026-04-24 06:42:58,,,Article > Comparison,Autos > Vehicle types > Other; Travel > Transportation > Rideshare; Internet > Wireless > Add-ons,1
Best Ride-Hailing Apps in Malaysia 2025 – Top 10 List,https://applionsoft.com/ride-hailing-apps-in-malaysia/,en,wordpress,200,4.1,4.7,46595,20,16,18,12,10,https://www.airasia.com/ride/,2.,AirAsia Ride,– Low-cost & Transparent Pricing,,,text,false,true,true,false,false,true,true,,,pagefound,2025-08-09 05:07:10,2026-04-24 06:42:58,,,Article > Comparison,Autos > Vehicle types > Other; Travel > Transportation > Rideshare; Internet > Wireless > Add-ons,1
"AirAsia Sales Centre (KL Sentral) - Airline ticket agency in Brickfields, Kuala Lumpur | Reviews, Photos & Information on Postcard",https://www.postcard.inc/places/airasia-sales-centre-kl-sentral-kuala-lumpur-uJErP1siWvP,en,,200,29,4.6,33237,0,4,7,12,8,https://www.airasia.com/en/gb,,airasia.com,,"http://airasia.com/, https://airasia.com/, https://www.airasia.com/","301, 301, 302",text,false,false,true,false,false,false,true,,,pagefound,2025-08-23 10:40:42,2026-01-27 05:03:35,,,,,2
Visit Johor Bahru in Malaysia for An Offbeat Holidaying Experience,https://www.tripoto.com/johor-bahru/trips/johor-bahru,en,,200,69,4.6,498440,2,15,33,12,3,https://www.airasia.com/,In association with AirAsia,.,,,,text,false,true,true,false,false,false,true,,,pagefound,2020-05-30 00:45:18,2026-04-10 04:44:30,,Sonalika Debnath,Article > Roundup,Travel > Tourist destinations > Buildings,1
Visit Johor Bahru in Malaysia for An Offbeat Holidaying Experience,https://www.tripoto.com/johor-bahru/trips/johor-bahru,en,,200,69,4.6,498440,2,15,33,12,3,http://www.airasia.com/in/en/home.page,,"The round-trip fare (Kolkata-Johor Bahru), during the month of November is as low as ₹7,496 per person!",,,,text,false,true,true,false,false,false,true,,,pagefound,2020-05-30 00:45:18,2026-04-10 04:44:30,,Sonalika Debnath,Article > Roundup,Travel > Tourist destinations > Buildings,4
Visit Johor Bahru in Malaysia for An Offbeat Holidaying Experience,https://www.tripoto.com/johor-bahru/trips/johor-bahru,en,,200,69,4.6,498440,2,15,33,12,3,https://www.airasia.com/my/en/at-the-airport/cross-border-bus-service.page,flying out to Johor Bahru and then boarding the airline's,AirAsia Shuttle Bus,"to Singapore, is guaranteed to significantly reduce travel expenses.",,,text,false,true,true,false,false,false,true,,,pagefound,2020-05-30 00:45:18,2026-04-10 04:44:30,,Sonalika Debnath,Article > Roundup,Travel > Tourist destinations > Buildings,1
Como chegar ao Vietnam - dicas de voos e percursos por terra,https://www.tempodeviajar.com/como-chegar-ao-vietnam/,pt,wordpress,200,12,4.5,2263,0,34,56,12,3,https://www.airasia.com/,"apanhar um voo barato regional para o Vietname, com a",Air Asia,por exemplo.,http://www.airasia.com/,301,text,false,true,false,false,false,false,true,,,linkrestored,2018-04-25 00:10:02,2026-04-24 11:58:14,,André Parente,,,3
AirAsia India is certified as a 3-Star Low-Cost Airline | Skytrax,https://skytraxratings.com/airlines/airasia-india-rating,en,wordpress,200,65,4.5,60361,3,6,7,12,7,https://www.airasia.com/,,AirAsia India,is Certified as a 3-Star Low-Cost Airline for the quality,,,text,false,true,false,false,false,true,true,,,linkfound,2020-12-10 09:10:24,2026-04-22 18:03:55,,,Article > Review,Travel > Transportation > Air travel,2
Cigna Healthcare HYROX Hong Kong | HYROX,https://hyroxitaly.com/it/event/hyrox-hong-kong2026/,"en, it",wordpress,200,36,4.4,33346,0,30,49,12,1,https://www.airasia.com/en/gb,,BOOK NOW,,,,text,false,false,false,false,false,false,true,,,linkfound,2025-12-18 11:52:08,2026-04-22 05:21:03,,,,,1
"Maps, Weather, and Airports for Kucharam, India",http://www.fallingrain.com/world/IN/02/Kucharam.html,en,,200,61,0,20198,0,27,62,12,1,https://www.airasia.com/en/gb,,'''AirAsia''',", Air Arabia , Air Costa ,","http://www.airasia.com/, https://www.airasia.com/","301, 302",text,false,true,false,false,false,false,true,,,linkrestored,2025-07-25 02:51:44,2026-04-01 13:36:21,,,,,6
Sarawak - vùng đất giàu văn hóa ở miền đông Malaysia - Báo VnExpress Du lịch,https://vnexpress.net/sarawak-vung-dat-giau-van-hoa-o-mien-dong-malaysia-3700644.html,vi,,200,90,0,14740679,1,11,21,12,1,https://www.airasia.com/en/gb,1/8/2018 đến hết ngày 22/11/2018. Mời độc giả đặt vé,tại đây,.,https://www.airasia.com/vn/vi/home.page,302,text,false,true,true,false,false,true,true,,,pagefound,2021-11-26 16:33:42,2026-03-18 17:28:46,,Ngân Lượng,Article > Story,Travel > Tourist destinations > Buildings,2
AirAsia,https://www.ocbc.com/personal-banking/cards/promotions/platinum_mastercard/airasia-lightbox.html,en,,200,74,0,442345,0,1,3,12,1,http://www.airasia.com/,Other Terms and Conditions apply; on,www.airasia.com,.,,,text,false,true,false,false,false,false,true,,,pagefound,2025-01-18 23:08:42,2026-04-08 08:46:17,,,,,3
Filippine fai da te con itinerario di viaggio | Impiegata Giramondo,https://www.impiegatagiramondo.it/filippine/,it,wordpress,200,10,15,16634,0,9,15,11,8,https://www.airasia.com/en/gb,"scalo aRiyad), atterrati e subito ripartiti con un volo interno",AirAsia,"alla volta diPuerto Princesa, capoluogo diPalawan, al centro dell’isola. Qui",https://www.airasia.com/,302,text,false,true,true,false,false,false,true,,,linkrestored,2021-03-30 18:24:12,2026-04-24 06:54:22,,,,,2
"טיול זוגי 20 ימים לתאילנד (וגם קונקשיין ארוך באבו דאבי)– צפון תאילנד, פוקט ובנגקוק - הבלוגים של למטייל",https://www.lametayel.co.il/posts/2gw2wl,he,,200,58,14,352329,0,34,45,11,2,https://www.airasia.com/en/gb,,https://www.airasia.com/en/gb,,,,text,false,true,true,false,false,false,true,,,pagefound,2025-11-04 22:09:33,2026-04-14 19:53:10,,אתר למטייל,Article > Story,Travel > Tourist destinations > Ski resorts,1
Vuelos internos Tailandia: aerolíneas y consejos prácticos - Siamtrails,https://viajeatailandia.com/viajar-a-tailandia-guia-de-turismo/vuelos-internos/,es,wordpress,200,14,11,11341,0,7,10,11,2,https://www.airasia.com/en/gb,,Air Asia,"(FD), vuelos internos low cost en Tailandia",,,text,false,true,false,false,false,false,true,,,linkrestored,2023-07-22 05:47:32,2026-04-24 02:23:10,,,,,1
טיסות | Thailand With Golan,https://www.thailand-with-golan.com/flights,he,cms,200,0,8,2409,0,8,14,11,2,https://www.airasia.com/,,www.airasia.com,,http://www.airasia.com/,301,text,false,true,false,false,false,false,true,,,linkrestored,2023-11-03 02:49:25,2026-04-27 03:09:08,,,,,3
吉隆坡自由行》30個吉隆坡景點/美食/住宿推薦》吉隆坡好吃又好玩,https://journey.tw/go-kuala-lumpur/,zh-tw,wordpress,200,36,6,140079,0,31,87,11,10,https://www.airasia.com/zh/tw,,點我,,,,text,false,true,false,false,false,false,true,,,pagefound,2023-03-23 04:39:55,2026-04-27 01:57:34,,許傑,,,1
馬爾地夫潛水｜小資族AirAsia轉機攻略：居民島交通、行李托運與接駁船懶人包 | BlueTrend 藍色脈動,https://bluetrend.media/maldives-budget-diving-airasia-transit-guide/,zh-tw,,200,29,6,3637,0,9,14,11,1,https://www.airasia.com/,搭乘航班前****透過 App / 網頁加購：進入,AirAsia 官方網站,或 App → Manage Booking → Add Baggage。可增加5–40 公斤，費用依航段與重量不同,,,text,false,true,false,false,false,false,true,,,pagefound,2025-11-20 16:31:27,2026-04-24 02:13:54,,海編,,,2
臺灣直飛日本：臺北/臺中/高雄直飛日本46條航線出發日、航班時間帶全收錄！ - 婷婷走走,https://goflyting.com/japan-flights-destinations/,zh-tw,wordpress,200,0.3,6,2381,0,26,61,11,13,https://www.airasia.com/zh/tw,,亞洲航空,,,,text,false,true,false,false,false,false,true,,,linkfound,2023-09-28 03:41:13,2026-04-23 03:53:05,,婷婷,,,1
臺灣直飛日本：臺北/臺中/高雄直飛日本46條航線出發日、航班時間帶全收錄！ - 婷婷走走,https://goflyting.com/japan-flights-destinations/,zh-tw,wordpress,200,0.3,6,2381,0,26,61,11,13,https://www.airasia.com/en/gb,、 樂桃航空 、 泰國獅航 、,亞洲航空,、 峇迪航空 、 泰越捷航空,"http://www.airasia.com/, https://www.airasia.com/","301, 302",text,false,true,false,false,false,false,true,,,linkrestored,2023-09-28 03:41:13,2026-04-23 03:53:05,,婷婷,,,3
Едем в Таиланд самостоятельно первый раз. Что нужно знать,https://life-thai.com/faq-v-thailand-samostoyatelno/,ru,wordpress,200,21,6,12446,4,12,18,11,10,https://www.airasia.com/,на Самуи возьмите трансфер у AirAsia — либо на сайте,airasia.com,"(англ. яз), либо на сайте 12goasia (это посредник, но есть",https://airasia.com/,301,text,false,false,true,false,false,false,true,,,linkrestored,2019-04-19 05:27:53,2026-04-14 13:43:44,,Шемякина Татьяна,Article > Guide,Travel > Guides,2
"Which Budget Airlines Fly to Taiwan in 2026? (Taipei, Kaohsiung & Taichung!) - Taiwan Obsessed",https://www.taiwanobsessed.com/cheapest-flights-taiwan/,en,wordpress,200,40,6,58777,5,29,40,11,2,https://www.airasia.com/en/gb,,Air Asia,", Scoot",,,text,false,true,false,false,false,false,true,,,pagefound,2023-09-14 22:05:50,2026-04-26 04:12:34,,Nick Kembel,Article > Roundup,Travel > Transportation > Air travel,1
エアアジアのアプリ「AirAsia MOVE」とログイン| ログインできないトラブルも解説,https://malaylog.com/airasia-app-login/,ja,,200,23,4.9,1338,0,12,14,11,1,https://www.airasia.com/ja/jp,WEBの場合は,エアアジア公式サイト,にアクセスします。,,,text,false,true,false,false,false,false,true,,,pagefound,2025-07-22 19:49:31,2026-04-18 16:33:49,,マレ子,,,1
,https://www.scsc.vn/tracking_airline.aspx,en,,200,39,4.9,2490,0,40,69,11,4,https://www.airasia.com/vn/vi/cargo/airasiacargo.html,,Thai Air Asia,,http://www.airasia.com/vn/vi/cargo/airasiacargo.html,301,text,false,false,false,false,false,false,true,,,linkrestored,2020-05-22 06:21:49,2026-04-23 13:43:42,,,,,2
タイ・エアアジアX - 海外航空券の最安値を検索・比較・予約サイトならスカイチケット！,https://skyticket.jp/thai_airasia_x_international/,ja,,200,70,4.9,380640,1,13,20,11,6,https://www.airasia.com/jp/ja/home.page?cid=1,,https://www.airasia.com/jp/ja/home.page?cid=1,,,,text,false,true,false,false,false,true,true,,,pagefound,2023-06-22 05:54:40,2026-04-20 02:08:11,,,Listing > Service,Travel > Transportation > Air travel,3
,https://www.scsc.vn/tracking_airline.aspx,en,,200,39,4.9,2490,0,40,69,11,4,http://www.airasia.com/vn/vi/,,Indonesia AirAsia,,,,text,false,false,false,false,false,false,true,,,pagefound,2020-05-22 06:21:49,2026-04-23 13:43:42,,,,,3
タイ・エアアジアX - 海外航空券の最安値を検索・比較・予約サイトならスカイチケット！,https://skyticket.jp/thai_airasia_x_international/,ja,,200,70,4.9,380640,1,13,20,11,6,https://www.airasia.com/jp/ja/baggage-info/checked-baggage.page,受託手荷物の規定については,タイ・エアアジアX公式サイト,よりご確認ください。,,,text,false,false,false,false,false,true,true,,,pagefound,2023-06-22 05:54:40,2026-04-20 02:08:11,,,Listing > Service,Travel > Transportation > Air travel,1
タイ・エアアジア、有料で機内持ち込み手荷物が14kgまで可能に | アジアトラベルノート,https://www.asiatravelnote.com/2022/01/14/thai_airasia_xtra_carry_on.php,ja,wordpress,200,33,4.7,6626,1,8,9,11,7,https://www.airasia.com/aa/pdf/about-us/fee-charges-fd.pdf,,Fees and charges Thai AirAsia Co. Ltd. (FD),,,,text,false,true,false,false,false,false,true,,,pagefound,2024-06-04 23:48:50,2026-03-11 17:04:24,,,Article > News,Travel > Transportation > Air travel,1
"Краби, пляжи Краби - самостоятельно | loveYouPlanet",https://loveyouplanet.com/tailand/yug-tailanda-andamanskoe-more/krabi/,ru,wordpress,200,8,4.7,8701,0,17,36,11,3,https://www.airasia.com/en/gb,стран Европы и Азии. На Краби осуществляют рейсы бюджетные авиакомпании,Air Asia,и Nok Air . Аэропорт расположен в 10 км от города,"http://airasia.com/, https://airasia.com/, https://www.airasia.com/","301, 301, 302",text,false,false,true,false,false,false,true,,,linkrestored,2023-02-20 17:48:49,2026-04-23 21:09:00,,,,,2
"Suka Makan Lok Lok Tetapi Risau Status Halalnya? Cuba Yang Ini, Confirm Halal & Sedap.",https://www.rasa.my/lok-lok-confirm-halal-sedap-di-restoran-enak-rasa/,,wordpress,200,39,4.6,384512,0,31,47,11,3,https://www.airasia.com/food/campaigns/santan,menawarkan nilai hebat kepada para pelanggannya dengan penghantaran percuma melalui,airasia food,sejauh 5km dari mana-mana cawangannya dengan kod promosiMARCHD3ALSdan hanya RM0.99,,,text,false,false,false,false,false,false,true,removedfromhtml,,linkfound,2026-04-03 22:18:44,2026-04-03 22:18:44,2026-04-10 05:03:04,Norasida Myasin,,,1
颱風要來了怎麼辦？ 我的航班會被取消嗎？被取消了怎麼辦？飛機停飛標準？ - 這裡胡說 JL TALKS,https://blog.jesselin.com/archives/23239/typhoon-my-flight-be-cancelled/,zh-tw,wordpress,200,18,4.6,5793,2,40,79,11,4,https://www.airasia.com/flightstatus/zh/tw,亞洲航空集團：,查詢航班動態,,,,text,false,true,false,false,false,false,true,,,pagefound,2024-10-11 10:30:59,2026-04-24 20:21:24,,,Article > FAQ,Travel > Transportation > Air travel,1
Bangkok Bank AirAsia Credit Card,https://www.bangkokbank.com/en/Personal/Cards/Credit-Cards/Bangkok-Bank-AirAsia-Credit-Card,en,,200,74,4.6,679930,3,5,12,11,3,http://www.airasia.com/,for the first time via the AirAsia Super App or,www.airasia.com,to start earning AirAsia points.,,,text,false,true,false,false,false,true,true,,,linkfound,2022-12-18 06:08:22,2026-04-08 11:10:25,,,Site page > Services,Finance > Lending > Credit cards; Travel > Travel agencies > Other,3
エアアジア・フィリピン完全ガイド！2023年成田-セブ島就航 - blog,https://qqenglish.jp/airasia-ph/,ja,wordpress,200,42,4.5,44059,0,14,20,11,6,https://www.airasia.com/flights/ja/jp/philippines,引用：,エアアジア・フィリピンの公式サイト,,,,text,false,true,false,false,false,false,true,,,pagefound,2023-09-12 11:51:40,2026-04-24 03:00:57,,斉藤淳,,,2
エアアジア-プレミアムフラットベッド(ビジネスクラス)搭乗記 - 鵝と鴨とその他諸々,https://brigadier0000.hatenablog.com/entry/2018/05/26/160751,ja,,200,90,4.5,4952407,0,4,56,11,1,https://www.airasia.com/aa/inflight-comforts/ja/jp/premium-flatbed.html,,プレミアムフラットベット | AirAsia,,https://www.airasia.com/jp/ja/inflight-comforts/premium-flatbed.page,302,text,false,true,false,false,false,false,true,,,linkfound,2025-08-07 22:03:20,2026-02-27 05:38:57,,,,,2
Nine South-East Asia locations that are alternatives to Bali,https://www.smh.com.au/traveller/inspiration/give-bali-a-break-nine-amazing-places-you-should-visit-instead-20240510-p5jcjf.html,en,,200,90,4.4,1294880,3,56,82,11,8,https://www.airasia.com/en/gb,"Fly to Padang, Sumatra, via Kuala Lumpur, with",Air Asia,"or Jakarta with Garuda , then take a three-hour fast",,,text,false,true,false,false,false,true,true,,,pagefound,2024-05-19 20:58:53,2026-04-14 17:22:10,,Craig Tansley,Article > Roundup,Travel > Tourist destinations > Islands,1
Billiken: How an American Charm Became Osaka’s Unofficial Mascot | by Yow Hong Chieh | Medium,https://medium.com/@sixtybolts/billiken-how-an-american-charm-became-osakas-unofficial-mascot-186566258260,en,,200,94,0,28581780,1,8,18,11,7,https://www.airasia.com/play/assets/blt4f3b8b4d260f391e/7-symbols-of-osaka-japans-eat-until-you-drop-city,"Known as the Billiken, it is",one of the symbols of Osaka,". But despite its association with Japan’s vibrant second city,",,,text,false,true,true,true,false,true,true,,,linkfound,2025-08-12 01:01:01,2026-02-20 12:55:46,,Yow Hong Chieh,Article > Story,Entertainment > Design > Design; Travel > Tourist destinations > Buildings; Society > Social sciences > Anthropology,1
"The Evolution of the Baju Melayu, the National Dress of Malaysia and Brunei | by Yow Hong Chieh | Medium",https://medium.com/@sixtybolts/the-evolution-of-the-baju-melayu-the-national-dress-of-malaysia-and-brunei-d389bb03dbfd,en,,200,94,0,28581780,1,10,19,11,15,https://www.airasia.com/play/assets/bltce5f0ea0259e0564/makers-tanjak,Malay headgear made from a long piece of cloth that’s,folded and tied in various styles,.,,,text,false,true,true,true,false,true,true,,,linkfound,2025-08-07 00:38:56,2026-02-07 09:33:09,,Yow Hong Chieh,Article > Story,Entertainment > Design > Design; Society > Social sciences > Anthropology,1
Billiken: How an American Charm Became Osaka’s Unofficial Mascot | by Yow Hong Chieh | Medium,https://medium.com/@sixtybolts/billiken-how-an-american-charm-became-osakas-unofficial-mascot-186566258260,en,,200,94,0,28581780,1,8,18,11,7,https://www.airasia.com/play/assets/bltac24cb29cfa2bc62/billiken-how-an-american-charm-became-osakas-unofficial-mascot,First published in,AirAsia Play,on 6 Nov 2023.,,,text,false,true,true,true,false,true,true,,,linkfound,2025-08-12 01:01:01,2026-02-20 12:55:46,,Yow Hong Chieh,Article > Story,Entertainment > Design > Design; Travel > Tourist destinations > Buildings; Society > Social sciences > Anthropology,1
"The Evolution of the Baju Melayu, the National Dress of Malaysia and Brunei | by Yow Hong Chieh | Medium",https://medium.com/@sixtybolts/the-evolution-of-the-baju-melayu-the-national-dress-of-malaysia-and-brunei-d389bb03dbfd,en,,200,94,0,28581780,1,10,19,11,15,https://www.airasia.com/play/assets/bltba28a2603084f88a/the-evolution-of-the-baju-melayu-the-national-dress-of-malaysia-and-brunei,First published in,airasia Play,on 13 Sep 2023.,,,text,false,true,true,true,false,true,true,,,linkfound,2025-08-07 00:38:56,2026-02-07 09:33:09,,Yow Hong Chieh,Article > Story,Entertainment > Design > Design; Society > Social sciences > Anthropology,1
Z2359 schedule. (Philippines AirAsia flight: Panglao -> Manila),https://info.flightmapper.net/flight/Philippines_AirAsia_Z2_359,en,,200,31,0,42899,0,1,3,11,1,https://www.airasia.com/,,Philippines AirAsia,flight Z2 359: Panglao - Manila,http://www.airasia.com/,301,text,false,false,true,false,false,false,true,,,linkfound,2023-11-29 01:34:23,2026-02-22 02:57:40,,,,,3
Z2226 schedule. (Philippines AirAsia flight: Caticlan -> Manila),https://info.flightmapper.net/flight/Philippines_AirAsia_Z2_226,en,,200,31,0,42899,0,1,3,11,1,https://www.airasia.com/,,Philippines AirAsia,flight Z2 226: Caticlan - Manila,http://www.airasia.com/,301,text,false,false,true,false,false,false,true,,,linkrestored,2024-01-19 10:45:31,2026-04-16 00:22:45,,,,,3
Airline codes full details - Airline Codes Full Details,https://www.avcodes.co.uk/details.asp?ID=30161,en,,200,53,0,2334,0,1,3,11,4,http://www.airasia.com/in/,,www.airasia.com/in/,,,,text,false,false,false,false,false,false,true,,,pagefound,2025-01-21 08:51:11,2026-03-31 16:41:42,,,,,3
"Maps, Weather, and Airports for Huyanba, China",http://www.fallingrain.com/world/CH/11/Huyanba.html,en,,200,61,0,20198,0,40,69,11,2,http://www.airasia.com/,,'''AirAsia''',", Air Chang'an , Air China",,,text,false,true,false,false,false,false,true,,,pagefound,2025-08-06 12:12:29,2026-04-14 07:14:51,,,,,3
ไทยแอร์เอเชีย (FD) - เที่ยวบิน ตั๋วเครื่องบิน และรีวิว,https://www.kayak.co.th/%E0%B9%84%E0%B8%97%E0%B8%A2%E0%B9%81%E0%B8%AD%E0%B8%A3%E0%B9%8C%E0%B9%80%E0%B8%AD%E0%B9%80%E0%B8%8A%E0%B8%B5%E0%B8%A2.FD.airline.html,th,,200,35,12,38653,36,49,129,10,6,https://www.airasia.com/th/th,,airasia.com,,https://www.airasia.com/th/th/,0,text,false,true,false,false,false,true,true,,,linkrestored,2019-05-01 21:17:31,2026-04-25 06:19:49,,,Listing collection > Service,Travel > Transportation > Air travel,2
Is the UNLIMITED AirAsia ASEAN Pass Worth it? 2024 Review,https://www.thislifeintrips.com/is-the-air-asia-asean-pass-worth-it-review/,en,wordpress,200,33,11,22716,0,13,30,10,23,https://www.airasia.com/unlimited/en/gb?gad_source=1&gclid=CjwKCAjwh4-wBhB3EiwAeJsppFN7z82QZasGcrX7110Lo3QTeEAkhZV_-k6j4eZpi1o92NRQ18sgLhoCiqIQAvD_BwE,,Source: AirAsia,,,,text,false,false,true,false,false,false,true,,,linkfound,2024-03-28 13:53:49,2026-04-21 22:44:13,,Shaun Robertson,,,1
פיליפינים - עפתי! - המלצות על טיולי תרמילאים - למטייל,https://www.lametayel.co.il/backpackers/destinations/philippines-294,he,,200,58,8,352329,0,69,115,10,1,https://www.airasia.com/en/gb,,www.airasia.com,,"http://www.airasia.com/, https://www.airasia.com/","301, 302",text,false,true,false,false,false,false,true,,,linkrestored,2020-03-24 18:42:00,2026-04-23 03:39:58,,אתר למטייל,Article > Roundup,Travel > Tourist destinations > Islands,3
Airline Travel Bag Charges I Common Fees by Airline – Pro-Lite,https://prolite.com/pages/bag-charges,en,,200,28,8,2841,2,47,59,10,3,https://www.airasia.com/en/gb,,https://www.airasia.com/en/gb,,,,text,false,true,false,false,false,false,true,,,linkrestored,2021-03-27 09:07:32,2026-04-13 11:30:01,,,Article > How-to,Travel > Travel accessories > Utility bags,1
Tana Toraja e i riti ancestrali di Sulawesi - Vacanze in Indonesia,https://vacanzeinindonesia.com/arte-cultura/tana-toraja-sulawesi/,it,wordpress,200,4.8,7,7165,0,7,10,10,5,https://www.airasia.com/,imbarcarti per un volo domestico operato da Garuda Indonesia oppure,Air Asia,– le compagnie che consigliamo su tutte – con destinazione,,,text,false,false,false,false,false,false,true,,,pagefound,2020-12-23 19:51:57,2025-12-07 10:17:51,,,Article > Guide,Travel > Tourist destinations > Buildings; Society > Belief; Entertainment,1
"Thai AirAsia (FD) | Vuelos, boletos y opiniones",https://www.kayak.com.mx/Thai-AirAsia.FD.airline.html,es,,200,60,6,484484,41,47,91,10,3,https://www.airasia.com/en/gb,,airasia.com,,https://www.airasia.com/,302,text,false,true,false,false,false,false,true,,,linkrestored,2022-01-10 14:16:51,2026-04-14 14:20:04,,,Site page > Services,Travel > Transportation > Air travel,2
Essential Guide to Domestic Airlines in India,https://www.tripsavvy.com/guide-to-domestic-airlines-in-india-1539137,en,,200,81,6,306487,5,21,34,10,7,http://www.airasia.com/in/en/home.page,,AirAsia India,,,,text,false,true,false,false,false,false,true,,,pagefound,2022-03-16 01:17:54,2026-04-16 02:32:24,,,Article > Guide,Travel > Transportation > Air travel,4
"AirAsia X (D7) – Flüge, Flugtickets & Rezensionen",https://www.kayak.de/AirAsia-X.D7.airline.html,de,,200,77,6,436907,35,50,123,10,2,https://www.airasia.com/en/gb,,airasia.com,,,,text,false,true,false,false,false,true,true,,,linkfound,2019-07-19 12:21:53,2026-04-19 05:09:40,,,Listing collection > Service,Travel > Transportation > Air travel,1
Koh Lipe Guide | Gaths Rejseside,https://gaths-rejseside.dk/koh-lipe-paradis-fundet/,da,wordpress,200,12,4.7,1465,0,23,43,10,4,https://www.airasia.com/guest/en/gb,et nemt og billigt alternativ er den kombinerede billet med,AirAsia,", som du kan booke fra både Bangkok (Don Mueang-lufthavnen)",,,text,false,true,false,false,false,false,true,,,linkfound,2024-07-10 04:30:51,2026-04-24 02:26:12,,Carsten Gath,,,1
エアアジアの徹底ガイド ＆ マイレージ情報,https://www.mile-tokutoku.com/airline/airline_asia_FD.htm,ja,,200,26,4.6,7250,0,2,3,10,1,https://www.airasia.com/jp/ja/,,エアアジア,,,,text,false,true,false,false,false,false,true,,,pagefound,2024-06-05 18:04:02,2026-04-20 22:00:34,,,,,2
Koh Phangan: Alle Tipps & Highlights für die thailändische Insel,https://www.loveandcompass.de/thailand-koh-phangan-tipps/,de,wordpress,200,36,4.6,4094,1,20,33,10,9,https://www.airasia.com/en/gb,,Airasia*,,,,text,false,false,true,false,false,false,true,,,linkfound,2020-05-15 16:22:58,2026-04-24 22:43:44,,,Article > Guide,Travel > Tourist destinations > Islands,1
North Cebu Day Tour: A PHP600.00 Itinerary - Joan's Footprints,https://joansfootprints.com/2019/05/31/north-cebu-day-tour-a-php600-00-itinerary/,en,wordpress,200,4.1,4.6,6993,0,14,18,10,4,https://www.airasia.com/en/gb,you can book your flight such as Philippine Airlines and,Air Asia,. If you want to search for the cheapest airfare,https://www.airasia.com/en/home.page,301,text,false,true,false,false,false,false,true,,,linkrestored,2019-06-07 13:04:03,2026-04-24 21:57:24,,Joana Paola Gutierrez,,,2
出國托運行李規定》各家航空行李重量限制？可以帶幾件？手提行李尺寸？－活動旅遊全攻略｜商周,https://www.businessweekly.com.tw/style/blog/3012723,,,200,77,4.6,1189640,3,21,35,10,47,https://www.airasia.com/member/mybookings?culture=zh-tw,查詢托運行李限額，請見,亞洲航空網站,。,,,text,false,false,false,false,false,false,true,,,linkfound,2023-12-06 21:00:42,2026-04-17 17:29:23,,,Article > Guide,Travel > Travel accessories > Utility bags,1
"Aeropuerto Internacional Don Mueang - Wikipedia, la enciclopedia libre",https://es.wikipedia.org/wiki/Aeropuerto_Internacional_Don_Mueang,es,wikis,200,97,4.6,4182976512,49,29,77,10,3,https://www.airasia.com/en/gb,. Archivado desde,el original,el 22 de mayo de 2014,"http://www.airasia.com/ot/en/where-we-fly/route-map.page, https://www.airasia.com/ot/en/where-we-fly/route-map.page","301, 302",text,false,true,true,false,false,false,true,,,pagefound,2022-01-28 15:55:13,2026-04-02 23:08:04,,,Article > Wiki,Travel > Transportation > Air travel,3
SG Weekend Getaways — 5 Short Flights from Singapore Under 3 Hours,https://thetravelintern.com/sg-weekend-getaways-short-flights/,en,wordpress,200,46,4.6,39797,1,19,61,10,4,https://www.airasia.com/flight/en/gb?from=SIN,This post was brought to youby,AirAsia,.,,,text,false,true,false,false,false,true,true,,,linkfound,2023-05-31 19:05:14,2025-10-31 23:35:09,,Edelyn Chua,Article > Roundup,Travel > Tourist destinations > Other,2
出國托運行李規定》各家航空行李重量限制？可以帶幾件？手提行李尺寸？－活動旅遊全攻略｜商周,https://www.businessweekly.com.tw/style/blog/3012723,,,200,77,4.6,1189640,3,21,35,10,47,https://www.airasia.com/aa/inflight-comforts/zh/tw/baggage.html,更多資訊請見,亞航行李規定,。,,,text,false,false,false,false,false,false,true,,,linkfound,2023-12-06 21:00:42,2026-04-17 17:29:23,,,Article > Guide,Travel > Travel accessories > Utility bags,1
Enjoy exclusive discounts on travel services,https://www.metrobank.com.ph/promos/enjoy-exclusive-discounts-on-travel-services,en,,200,62,4.5,600232,0,10,18,10,5,https://www.airasia.com/,available for online purchase at MOVE mobile app or at,www.airasia.com,.,http://www.airasia.com/,301,text,false,false,false,false,false,false,true,,,linkfound,2026-02-10 23:26:09,2026-04-16 19:03:07,,,Site page > Services,Travel > Travel agencies > Vacation,3
"Maps, Weather, and Airports for Gondipalle, India",https://www.fallingrain.com/world/IN/02/Gondipalle.html,en,,200,61,4.5,20198,0,15,31,10,1,http://www.airasia.com/,,'''AirAsia''',", Air Costa , Air India ,",,,text,false,true,false,false,false,false,true,,,pagefound,2025-08-06 11:51:27,2026-04-20 12:07:54,,,,,2
"Maps, Weather, and Airports for Gondipalle, India",https://www.fallingrain.com/world/IN/02/Gondipalle.html,en,,200,61,4.5,20198,0,15,31,10,1,https://www.airasia.com/in,", Air India , Air India Regional ,",AirAsia India,", IndiGo , Jet Airways ,",http://www.airasia.com/in,301,text,false,true,false,false,false,false,true,,,pagefound,2025-08-06 11:51:27,2026-04-20 12:07:54,,,,,3
"""Stalker"" Di Alam Maya. Kenali Karakter Mereka Sebelum Jadi Mangsa",https://www.remaja.my/stalker-di-alam-maya-kenali-karakter-mereka-sebelum-jadi-mangsa/,,wordpress,200,34,4.4,7636,0,32,46,10,2,https://www.airasia.com/deals/en/gb/pass/133/payment/redemption,Sumber:,AirAsia,,,,text,false,false,false,false,false,false,true,,,linkrestored,2024-08-21 06:33:39,2026-04-26 16:12:50,,Noor Ain Norman,,,1
Cost of living - Monash University Malaysia,https://www.monash.edu.my/student-life/international/cost-of-living,en,,200,65,4.4,71945,1,14,49,10,5,https://www.airasia.com/en/gb,Visit,AirAsia,or Malaysia Airlines for the latest fares.,"http://www.airasia.com/, https://www.airasia.com/","301, 302",text,false,false,false,false,false,true,true,,,linkrestored,2024-09-22 00:01:13,2026-04-25 00:14:38,,,Article > How-to,Finance > Management > Other; Jobs and education > Education > Universities,3
"ลุยจีน ฉงชิ่ง อู่หลง ซื่อสุ่ย ที่สุดของทริป มรดกโลก 5 วัน 4,000 ลี้ (มีคลิป)",https://travel.trueid.net/detail/wzE2p9dL0ERq,th,,200,76,4.4,15881836,0,10,18,10,1,https://www.airasia.com/en/gb?cid=1,"ขอบคุณทริปดีๆ จาก TrueYou , Public Holidays และ",Air Asia,,https://www.airasia.com/th/th/home.page?cid=1,302,text,false,true,false,false,false,false,true,,,linkrestored,2023-04-04 07:44:29,2026-04-15 11:28:27,,,,,3
Why Is an Eggplant Called an ‘Eggplant’? A Short History | by Yow Hong Chieh | Medium,https://medium.com/@sixtybolts/why-is-an-eggplant-called-an-eggplant-a-short-history-a222d05b3a17,en,,200,94,0,28581780,0,12,19,10,10,https://www.airasia.com/play/assets/blt7e0a50af5dab48b5/the-most-beautiful-but-deadly-flowers-growing-in-your-home,this member of the nightshade family — which includes the,deadly devil’s trumpet,", mandrake and belladonna — would make you go mad.",,,text,false,true,true,true,false,false,true,,,linkfound,2025-08-08 21:02:40,2026-02-10 21:56:45,,Yow Hong Chieh,,,1
Why Is an Eggplant Called an ‘Eggplant’? A Short History | by Yow Hong Chieh | Medium,https://medium.com/@sixtybolts/why-is-an-eggplant-called-an-eggplant-a-short-history-a222d05b3a17,en,,200,94,0,28581780,0,12,19,10,10,https://www.airasia.com/play/assets/blt464060b85cb78e65/why-is-an-eggplant-called-an-eggplant-a-short-history,First published in,airasia Play,on 13 Mar 2024.,,,text,false,true,true,true,false,false,true,,,linkfound,2025-08-08 21:02:40,2026-02-10 21:56:45,,Yow Hong Chieh,,,1
"Cabin Crew Career, Qualification aur Salary Ki Puri Jankari in Hindi",https://www.joshtalks.com/joshkosh/career/cabin-crew-career/?amp,en,wordpress,200,42,0,22684,0,14,18,10,6,https://www.airasia.com/,,AirAsia,,,,text,false,true,false,false,false,false,true,,,pagefound,2025-01-18 07:56:52,2026-04-15 14:40:08,,,Article > Guide,Jobs and education > Jobs > Planning,2
Air Asia Flug buchen ohne auszurasten: So funktioniert es problemlos!,https://www.loveandcompass.de/air-asia-flug-buchen/,de,wordpress,200,36,0,4094,0,7,13,10,3,https://www.airasia.com/hk/en/baggage-info/sports-equipment.page,,https://www.airasia.com/hk/en/baggage-info/sports-equipment.page,,,,text,false,false,true,true,false,false,true,,,pagefound,2025-01-18 07:24:09,2026-04-18 19:07:21,,,Article > Guide,Travel > Transportation > Air travel,1
7 Types of Zongzi to Celebrate Dragon Boat Festival | by Yow Hong Chieh | Medium,https://medium.com/@sixtybolts/7-types-of-zongzi-to-celebrate-dragon-boat-festival-50e41ce66cd1,en,,200,94,0,28581780,0,5,14,10,3,https://www.airasia.com/play/assets/blt731177b0a7a28b91/7-types-of-zongzi-to-celebrate-dragon-boat-festival,First published in,airasia Play,on 3 Jun 2022.,,,text,false,true,true,true,false,false,true,,,linkfound,2025-08-18 17:23:38,2026-03-06 20:50:48,,Yow Hong Chieh,,,1
แอร์เอเชีย จัดโปร 0 บาท AirAsia BIG SALE เปิดจอง 21 ก.พ.เช็กช่องทางจองตั๋วที่นี่,https://www.thansettakij.com/general-news/652108,th,,200,74,0,376996,0,4,5,10,7,https://www.airasia.com/th/th,เว็บไซต์แอร์เอเชีย airasia.com (,คลิกที่นี่,),,,text,false,true,false,false,false,false,true,,,pagefound,2026-02-21 09:41:03,2026-04-21 06:11:09,,,,,1
7 Types of Zongzi to Celebrate Dragon Boat Festival | by Yow Hong Chieh | Medium,https://medium.com/@sixtybolts/7-types-of-zongzi-to-celebrate-dragon-boat-festival-50e41ce66cd1,en,,200,94,0,28581780,0,5,14,10,3,https://www.airasia.com/play/assets/blt93ba6877dfe172ca/what-is-kaya-southeast-asias-answer-to-nutella,"paste, this dumpling is usually eaten with sugar, palm syrup,",kaya,or honey as a sweet treat.,"https://www.airasia.com/explore/assets/blt93ba6877dfe172ca/what-is-kaya-southeast-asias-answer-to-nutella, http://www.airasia.com/play/assets/blt93ba6877dfe172ca/what-is-kaya-southeast-asias-answer-to-nutella","301, 301",text,false,true,true,true,false,false,true,,,linkfound,2025-08-18 17:23:38,2026-03-06 20:50:48,,Yow Hong Chieh,,,3
Air Asia Flug buchen ohne auszurasten: So funktioniert es problemlos!,https://www.loveandcompass.de/air-asia-flug-buchen/,de,wordpress,200,36,0,4094,0,7,13,10,3,http://www.airasia.com/id/en/home.page?cid=1,,Webseite,,,,text,false,false,false,false,false,false,true,,,pagefound,2025-01-18 07:24:09,2026-04-18 19:07:21,,,Article > Guide,Travel > Transportation > Air travel,4
