Referring page title,Referring page URL,Language,Platform,Referring page HTTP code,Domain rating,UR,Domain traffic,Referring domains,Linked domains,External links,Page traffic,Keywords,Target URL,Left context,Anchor,Right context,Redirect Chain URLs,Redirect Chain status codes,Type,Is spam,Content,Nofollow,UGC,Sponsored,Rendered,Raw,Lost status,Drop reason,Discovered status,First seen,Last seen,Lost,Author,Page type,Page category,Links in group
Dreamlines: Kreuzfahrten & Schiffsreisen buchen beim Experten,https://www.dreamlines.de/,de,,403,51,35,145718,1102,8,10,9359,149,https://www.cruiseaway.com.au/,,cruiseaway.com.au,,,,text,false,false,false,false,false,false,true,pageerror,,linkrestored,2021-07-18 18:50:36,2026-05-09 16:34:28,2026-05-09 22:51:08,,,,30359
Gratuity - Wikipedia,https://en.wikipedia.org/wiki/Gratuity,en,wikis,200,97,10,4400120832,848,49,101,6620,340,https://www.cruiseaway.com.au/blog/service-tips/gratuities/,,"""Overview: Cruise line tipping (infographic)""",. Cruiseaway.com.au Blog. 2016-09-14,,,text,false,true,true,false,false,false,true,,,pagefound,2020-06-11 05:54:10,2026-04-25 05:26:40,,,Article > Wiki,Society > Advocacy > Labor issues; Food > Restaurants > Other; Reference,1
Find your Perfect Cruise at the Lowest Price | Cruise1st UK,https://www.cruise1st.co.uk/,en,wordpress,403,35,35,43014,406,12,13,6101,255,https://www.cruiseaway.com.au/,,cruiseaway.com.au,,,,text,false,false,false,false,false,false,true,pageerror,,linkfound,2024-05-08 14:58:23,2026-05-09 13:02:31,2026-05-10 02:26:40,,,,20633
Cruise1st Australia - Book Best Price Guarantee Cruises 2026 - 2028,https://www.cruise1st.com.au/,en,"cms, message-boards, wikis, wordpress",403,25,34,38806,363,10,10,3965,262,https://www.cruiseaway.com.au/,,cruiseaway.com.au,,,,text,false,false,false,false,false,false,true,pageerror,,linkfound,2024-04-10 16:14:27,2026-05-08 11:01:50,2026-05-11 11:26:24,,,,18707
Minicruise vanuit Nederland | Dreamlines NL,https://www.dreamlines.nl/minicruise-vanuit-nederland,nl,wordpress,200,30,16,14721,1,9,10,621,62,https://www.cruiseaway.com.au/,,cruiseaway.com.au,,,,text,false,false,false,false,false,false,true,,,pagefound,2025-08-17 08:44:34,2026-04-29 19:28:44,,,Landing > Service,Travel > Specialty travel > Luxury travel,23309
Стоит ли поездка на Большой Барьерный риф потраченных денег и | Perito,https://perito.media/posts/great-barrier-reef,ru,,200,44,4.5,10043,2,19,34,66,4,https://www.cruiseaway.com.au/cruises/australia/great-barrier-reef,"Если не боитесь английского языка, то приведу парочку интересных предложений:",Cruise Away,и Carnival .,,,text,false,true,false,false,false,true,true,,,pagefound,2022-12-11 18:36:24,2026-05-05 17:59:09,,,Article > Story,Travel > Tourist destinations > Gardens,1
CroisiEurope,https://en.wikipedia.org/wiki/CroisiEurope,en,,200,97,11,4400120832,5,17,31,20,8,http://www.cruiseaway.com.au/cruise-line/croisieurope,,"""CroisiEurope""",.www.cruiseaway.com.au. Cruise Away.,,,text,false,true,true,false,false,false,true,,,pagefound,2025-08-16 03:39:36,2026-01-09 23:35:10,,,Article > Wiki,Travel > Specialty travel > Luxury travel,1
Our Guide to Cherry Blossoms Around the World | Travelzoo,https://www.travelzoo.com/au/blog/travelzoo-guidebook-cherry-blossoms-around-the-world/,en,,200,73,4.7,194488,0,6,7,13,11,https://www.cruiseaway.com.au/exclusive-snow-monkeys-cherry-blossoms-package-with-travelzoo,"Not on the typical touring routes, we negotiated",exclusive cherry blossom cruise holidays,"that makes stops at Kochi. From $199 a night, you",,,text,false,true,false,false,false,false,true,,,pagefound,2023-10-24 03:04:05,2026-04-21 21:46:51,,,,,1
Dawn Princess - Ship Tour Overview - YouTube,https://www.youtube.com/watch?v=l5d2JGqtsjY,en,,200,99,0,2299630336,0,4,5,12,4,https://www.cruiseaway.com.au/,,http://www.dreamlines.com.au,,http://www.dreamlines.com.au/,301,text,false,false,true,false,false,true,false,,,pagefound,2025-12-11 12:19:29,2025-12-11 12:19:29,,,Video > Story,Travel > Specialty travel > Adventure travel; Entertainment > TV > TV shows,1
King George Falls - Top Waterfalls in the World - World Top Top,https://worldtoptop.com/king-george-falls/,en,wordpress,200,31,4.5,533,2,11,13,1,2,http://www.cruiseaway.com.au/cruise-port/king-george-river-western-australia,until reach the waterfalls. For more information visit this website:,cruiseaway.com.au,,,,text,false,true,false,false,false,false,true,,,pagefound,2018-06-17 07:54:39,2026-04-27 16:40:45,,,Article > Story,Travel > Tourist destinations > Gardens,1
Sarmiento Channel — Grokipedia,https://grokipedia.com/page/sarmiento_channel,en,,200,77,0,580721,0,55,69,1,1,https://www.cruiseaway.com.au/cruises/sarmiento-channel,,https://www.cruiseaway.com.au/cruises/sarmiento-channel,,,,text,false,false,false,false,false,false,true,,,linkfound,2026-04-06 14:51:12,2026-05-07 23:25:06,,,Article > Wiki,Science > Earth sciences > Geology; Reference > Geographic reference > Maps; Travel > Tourist destinations > Gardens,1
Cruising Solo: Why it’s the perfect way to see the world | Seniors Discount Club,https://seniorsdiscountclub.com.au/threads/cruising-solo-why-it%E2%80%99s-the-perfect-way-to-see-the-world.82180/,en,,200,29,13,440,0,15,22,0,0,https://www.cruiseaway.com.au/cruises/asia?hNLP,,Asia*,: Laid-back beaches and colourful local culture are ideal for,,,text,false,true,false,false,false,false,true,,,linkfound,2025-10-09 19:02:53,2026-03-09 22:07:21,,Vella Gonzaga,,,1
Cruising Solo: Why it’s the perfect way to see the world | Seniors Discount Club,https://seniorsdiscountclub.com.au/threads/cruising-solo-why-it%E2%80%99s-the-perfect-way-to-see-the-world.82180/,en,,200,29,13,440,0,15,22,0,0,https://www.cruiseaway.com.au/cruises/european-river?hNLP,,European Rivers*,: The Danube and Rhine offer an intimate way to,,,text,false,true,false,false,false,false,true,,,linkfound,2025-10-09 19:02:53,2026-03-09 22:07:21,,Vella Gonzaga,,,1
Cruising Solo: Why it’s the perfect way to see the world | Seniors Discount Club,https://seniorsdiscountclub.com.au/threads/cruising-solo-why-it%E2%80%99s-the-perfect-way-to-see-the-world.82180/,en,,200,29,13,440,0,15,22,0,0,https://www.cruiseaway.com.au/cruises/alaska-cruise?hNLP,,Alaska*,: Breathtaking landscapes and wildlife make for an unforgettable solo,,,text,false,true,false,false,false,false,true,,,linkfound,2025-10-09 19:02:53,2026-03-09 22:07:21,,Vella Gonzaga,,,1
Cruising Solo: Why it’s the perfect way to see the world | Seniors Discount Club,https://seniorsdiscountclub.com.au/threads/cruising-solo-why-it%E2%80%99s-the-perfect-way-to-see-the-world.82180/,en,,200,29,13,440,0,15,22,0,0,https://www.cruiseaway.com.au/,,Start a conversation with CruiseAway today*,and get personalised assistance for your next cruise holiday.,,,text,false,true,false,false,false,false,true,,,pagefound,2025-09-23 08:16:17,2026-03-09 22:07:21,,Vella Gonzaga,,,1
Cruising Solo: Why it’s the perfect way to see the world | Seniors Discount Club,https://seniorsdiscountclub.com.au/threads/cruising-solo-why-it%E2%80%99s-the-perfect-way-to-see-the-world.82180/,en,,200,29,13,440,0,15,22,0,0,https://www.cruiseaway.com.au/cruises/mediterranean?hNLP,,Mediterranean*,": Culture-rich cities like Rome, Barcelona, and Santorini are easy",,,text,false,true,false,false,false,false,true,,,linkfound,2025-10-09 19:02:53,2026-03-09 22:07:21,,Vella Gonzaga,,,1
Esperanza (polární stanice),https://cs.wikipedia.org/wiki/Esperanza_(pol%C3%A1rn%C3%AD_stanice),cs,,200,97,11,4400120832,3,7,9,0,1,http://www.cruiseaway.com.au/cruise-port/esperanza_station,,originálu,dne,,,text,false,true,true,false,false,false,true,,,pagefound,2026-01-23 10:22:06,2026-04-17 09:25:52,,,Article > Wiki,Science > Earth sciences > Atmospheric science; Reference > Geographic reference > Maps,1
"Save on travel adventures at Click Frenzy's big event for 2025 | The Canberra Times | Canberra, ACT",https://www.canberratimes.com.au/story/9043916/save-on-travel-adventures-at-click-frenzys-big-event-for-2025/,en,,200,80,10,99251,67,29,40,0,0,https://www.cruiseaway.com.au/cruise-deals,,Cruiseaway,- $400 onboard credit and reduced deposits on cruises,,,text,false,true,false,false,false,false,true,,,pagefound,2025-08-28 06:40:54,2026-04-28 04:19:55,,,Article > Roundup,Travel > Travel agencies > Vacation,1
20+ Best Cruise Affiliate Programs and Networks [2026],https://partnerkin.com/en/c/60/108,en,,200,69,9,39985,0,25,34,0,0,http://www.cruiseaway.com.au/affiliate-program,,CruiseAway,,https://partnerkin.com/en/c/p/cruiseaway/referal?source=table_logo,301,image,false,false,false,false,false,false,true,,,linkrestored,2025-02-19 03:48:17,2026-04-27 06:31:01,,,,,1
"Wellness at sea: Spas, fitness & relaxation on a cruise | Seniors Discount Club",https://seniorsdiscountclub.com.au/threads/wellness-at-sea-spas-fitness-relaxation-on-a-cruise.79329/,en,,200,29,9,440,0,15,31,0,0,https://www.cruiseaway.com.au/cruiseline/azamara-club-cruises,,Couples’ Cabana Massages (Luxury Lines)*,: Share the experience with side-by-side massages in private ocean-view,,,text,false,true,false,false,false,false,true,,,pagefound,2025-08-11 13:01:36,2026-04-02 04:28:31,,Vella Gonzaga,,,1
"Wellness at sea: Spas, fitness & relaxation on a cruise | Seniors Discount Club",https://seniorsdiscountclub.com.au/threads/wellness-at-sea-spas-fitness-relaxation-on-a-cruise.79329/,en,,200,29,9,440,0,15,31,0,0,https://www.cruiseaway.com.au/cruiseline/norwegian-cruise-line,Norwegian Cruise Line* : Step into the,Mandara Spa Thermal Suite*,"for thalassotherapy pools, saunas, and heated tile loungers with floor-to-ceiling",,,text,false,true,false,false,false,false,true,,,pagefound,2025-08-11 13:01:36,2026-04-02 04:28:31,,Vella Gonzaga,,,1
"Wellness at sea: Spas, fitness & relaxation on a cruise | Seniors Discount Club",https://seniorsdiscountclub.com.au/threads/wellness-at-sea-spas-fitness-relaxation-on-a-cruise.79329/,en,,200,29,9,440,0,15,31,0,0,https://www.cruiseaway.com.au/cruiseline/princess-cruises,,Princess Cruises*,: The Lotus Spa features everything from aromatherapy massages to,,,text,false,true,false,false,false,false,true,,,pagefound,2025-08-11 13:01:36,2026-04-02 04:28:31,,Vella Gonzaga,,,1
"Wellness at sea: Spas, fitness & relaxation on a cruise | Seniors Discount Club",https://seniorsdiscountclub.com.au/threads/wellness-at-sea-spas-fitness-relaxation-on-a-cruise.79329/,en,,200,29,9,440,0,15,31,0,0,https://www.cruiseaway.com.au/cruiseline/holland-america-line,,Holland America Line*,: Stay active with walking tracks and fitness programs designed,,,text,false,true,false,false,false,false,true,,,pagefound,2025-08-11 13:01:36,2026-04-02 04:28:31,,Vella Gonzaga,,,1
"Wellness at sea: Spas, fitness & relaxation on a cruise | Seniors Discount Club",https://seniorsdiscountclub.com.au/threads/wellness-at-sea-spas-fitness-relaxation-on-a-cruise.79329/,en,,200,29,9,440,0,15,31,0,0,https://www.cruiseaway.com.au/cruiseline/virgin-voyages,Virgin Voyages* : Skip the traditional gym vibe and hit,The Athletic Club*,"with outdoor boxing, functional training areas, and a 360-degree sea-view",,,text,false,true,false,false,false,false,true,,,pagefound,2025-08-11 13:01:36,2026-04-02 04:28:31,,Vella Gonzaga,,,1
"Wellness at sea: Spas, fitness & relaxation on a cruise | Seniors Discount Club",https://seniorsdiscountclub.com.au/threads/wellness-at-sea-spas-fitness-relaxation-on-a-cruise.79329/,en,,200,29,9,440,0,15,31,0,0,https://www.cruiseaway.com.au/cruiseline/royal-caribbean-cruises,Royal Caribbean* : The,Vitality Spa & Fitness Center*,"combines cutting-edge facials, body therapies, and even medi-spa options like",,,text,false,true,false,false,false,false,true,,,pagefound,2025-08-11 13:01:36,2026-04-02 04:28:31,,Vella Gonzaga,,,1
"Wellness at sea: Spas, fitness & relaxation on a cruise | Seniors Discount Club",https://seniorsdiscountclub.com.au/threads/wellness-at-sea-spas-fitness-relaxation-on-a-cruise.79329/,en,,200,29,9,440,0,15,31,0,0,https://www.cruiseaway.com.au/,"sunrise yoga session on deck, there’s no better way to","nurture your mind, body, and soul while you sail*.",,,,text,false,true,false,false,false,false,true,,,pagefound,2025-08-11 13:01:36,2026-04-02 04:28:31,,Vella Gonzaga,,,1
"Wellness at sea: Spas, fitness & relaxation on a cruise | Seniors Discount Club",https://seniorsdiscountclub.com.au/threads/wellness-at-sea-spas-fitness-relaxation-on-a-cruise.79329/,en,,200,29,9,440,0,15,31,0,0,https://www.cruiseaway.com.au/cruiseline/celebrity-cruises,"include F45 Training high-intensity interval sessions, Peloton bikes, and even",destination-themed wellness classes*,.,,,text,false,true,false,false,false,false,true,,,pagefound,2025-08-11 13:01:36,2026-04-02 04:28:31,,Vella Gonzaga,,,1
"Wellness at sea: Spas, fitness & relaxation on a cruise | Seniors Discount Club",https://seniorsdiscountclub.com.au/threads/wellness-at-sea-spas-fitness-relaxation-on-a-cruise.79329/,en,,200,29,9,440,0,15,31,0,0,https://www.cruiseaway.com.au/cruiseline/msc-cruises,,Salt Therapy Rooms (MSC Cruises)*,: Relax in a serene Himalayan salt room* designed to,,,text,false,true,false,false,false,false,true,,,pagefound,2025-08-11 13:01:36,2026-04-02 04:28:31,,Vella Gonzaga,,,1
"Wellness at sea: Spas, fitness & relaxation on a cruise | Seniors Discount Club",https://seniorsdiscountclub.com.au/threads/wellness-at-sea-spas-fitness-relaxation-on-a-cruise.79329/,en,,200,29,9,440,0,15,31,0,0,https://www.cruiseaway.com.au/cruiseline/seabourn-cruise-line,,Seabourn*,": Their Spa & Wellness program, developed with Dr. Andrew",,,text,false,true,false,false,false,false,true,,,pagefound,2025-08-11 13:01:36,2026-04-02 04:28:31,,Vella Gonzaga,,,1
"Wellness at sea: Spas, fitness & relaxation on a cruise | Seniors Discount Club",https://seniorsdiscountclub.com.au/threads/wellness-at-sea-spas-fitness-relaxation-on-a-cruise.79329/,en,,200,29,9,440,0,15,31,0,0,https://www.cruiseaway.com.au/cruiseline/oceania-cruises,,Oceania Cruises*,": Enjoy Pilates reformer sessions, barre classes, and personal training",,,text,false,true,false,false,false,false,true,,,pagefound,2025-08-11 13:01:36,2026-04-02 04:28:31,,Vella Gonzaga,,,1
"Wellness at sea: Spas, fitness & relaxation on a cruise | Seniors Discount Club",https://seniorsdiscountclub.com.au/threads/wellness-at-sea-spas-fitness-relaxation-on-a-cruise.79329/,en,,200,29,9,440,0,15,31,0,0,https://www.cruiseaway.com.au/cruiseline/viking-ocean-cruises,,Nordic Snow Grotto (Viking)*,: Move between icy snow rooms and hot saunas for,,,text,false,true,false,false,false,false,true,,,pagefound,2025-08-11 13:01:36,2026-04-02 04:28:31,,Vella Gonzaga,,,1
Sustainable Cruising: How Cruise Lines Are Thinking About the Environment | Cruise1st Blog,https://www.cruise1st.co.uk/blog/sustainable-cruising-how-cruise-lines-are-thinking-about-the-environment/,en,wordpress,200,35,8,43014,0,7,15,0,0,http://www.cruiseaway.com.au/ship/msc-fantasia,"that 100 per cent of its cruise ships, such as",MSC Fantasia,"and MSC Preziosa , will be equipped with EGCS by",,,text,false,true,false,false,false,false,true,,,linkrestored,2025-07-11 11:28:20,2026-05-07 07:57:49,,Darcy Alexander,,,1
Sustainable Cruising: How Cruise Lines Are Thinking About the Environment | Cruise1st Blog,https://www.cruise1st.co.uk/blog/sustainable-cruising-how-cruise-lines-are-thinking-about-the-environment/,en,wordpress,200,35,8,43014,0,7,15,0,0,http://www.cruiseaway.com.au/ship/norwegian-sun,"also implemented EGCS on five of its ships, including the",Norwegian Sun,"and the Norwegian Jade , since 2016.",,,text,false,true,false,false,false,false,true,,,linkrestored,2025-07-11 11:28:20,2026-05-07 07:57:49,,Darcy Alexander,,,2
Sustainable Cruising: How Cruise Lines Are Thinking About the Environment | Cruise1st Blog,https://www.cruise1st.co.uk/blog/sustainable-cruising-how-cruise-lines-are-thinking-about-the-environment/,en,wordpress,200,35,8,43014,0,7,15,0,0,http://www.cruiseaway.com.au/ship/msc-preziosa,"cent of its cruise ships, such as MSC Fantasia and",MSC Preziosa,", will be equipped with EGCS by the end of",,,text,false,true,false,false,false,false,true,,,linkrestored,2025-07-11 11:28:20,2026-05-07 07:57:49,,Darcy Alexander,,,1
Sustainable Cruising: How Cruise Lines Are Thinking About the Environment | Cruise1st Blog,https://www.cruise1st.co.uk/blog/sustainable-cruising-how-cruise-lines-are-thinking-about-the-environment/,en,wordpress,200,35,8,43014,0,7,15,0,0,https://www.cruiseaway.com.au/blog/cruise-news/sustainable-cruising/,that have been installed on cruise ships. Content derived from,CruiseAway,:,,,text,false,true,false,false,false,false,true,,,linkrestored,2025-07-11 11:28:20,2026-05-07 07:57:49,,Darcy Alexander,,,1
Sustainable Cruising: How Cruise Lines Are Thinking About the Environment | Cruise1st Blog,https://www.cruise1st.co.uk/blog/sustainable-cruising-how-cruise-lines-are-thinking-about-the-environment/,en,wordpress,200,35,8,43014,0,7,15,0,0,http://www.cruiseaway.com.au/ship/norwegian-jade,"five of its ships, including the Norwegian Sun and the",Norwegian Jade,", since 2016.",,,text,false,true,false,false,false,false,true,,,linkrestored,2025-07-11 11:28:20,2026-05-07 07:57:49,,Darcy Alexander,,,1
Links,http://www.loreley-info.com/eng/rhein-rhine/links.php,en,,200,31,7,525,0,5,7,0,0,https://www.cruiseaway.com.au/,are plenty of cruise options and you can go to,www.dreamlines.com.au,to research and compare the best one for you.,http://www.dreamlines.com.au/,301,text,false,false,false,false,false,false,true,,,linkrestored,2016-12-21 15:49:08,2026-04-21 04:25:05,,Elke Greiff-Gossen,,,2
"Save on travel adventures at Click Frenzy's big event for 2025 | Newcastle Herald | Newcastle, NSW",https://www.newcastleherald.com.au/story/9043916/save-on-travel-adventures-at-click-frenzys-big-event-for-2025/,en,,200,72,6,40187,0,34,53,0,0,https://www.cruiseaway.com.au/cruise-deals,,Cruiseaway,- $400 onboard credit and reduced deposits on cruises,,,text,false,true,false,false,false,false,true,,,pagefound,2025-08-28 06:17:10,2026-05-10 22:05:12,,,,,1
"Save on travel adventures at Click Frenzy's big event for 2025 | Southern Cross | Junee, NSW",https://www.juneesoutherncross.com.au/story/9043916/save-on-travel-adventures-at-click-frenzys-big-event-for-2025/,en,,200,31,6,3519,0,31,46,0,0,https://www.cruiseaway.com.au/cruise-deals,,Cruiseaway,- $400 onboard credit and reduced deposits on cruises,,,text,false,true,false,false,false,false,true,,,pagefound,2025-08-28 04:50:37,2026-05-08 14:44:15,,,,,1
How To Monetize A Travel Blog (22 Recommended Affiliate Programs),https://thirstyaffiliates.com/blog/how-to-monetize-a-travel-blog,en,wordpress,200,72,6,209,2,30,36,0,0,https://www.cruiseaway.com.au/affiliate-program,,Cruise Away,($10 per booking quote),,,text,false,true,false,false,false,true,true,,,pagefound,2024-05-07 17:30:13,2026-05-05 15:52:46,,Josh Kohlbach,Article > How-to,Travel > Travel agencies > Other; Business > Marketing > Marketing; Internet > Web services > Affiliate programs,1
Useful Links while travelling - Around and About,https://www.aroundandabout.com.au/useful-links/,en,wordpress,200,17,6,45,0,51,69,0,0,https://www.cruiseaway.com.au/,,Dreamlines Great cruisers many discounts,,https://www.dreamlines.com.au/,301,text,false,false,false,false,false,false,true,,,linkrestored,2022-02-01 10:14:01,2026-05-10 17:01:47,,,,,1
"Save on travel adventures at Click Frenzy's big event for 2025 | Bendigo Advertiser | Bendigo, VIC",https://www.bendigoadvertiser.com.au/story/9043916/save-on-travel-adventures-at-click-frenzys-big-event-for-2025/,en,,200,65,6,17066,0,28,44,0,0,https://www.cruiseaway.com.au/cruise-deals,,Cruiseaway,- $400 onboard credit and reduced deposits on cruises,,,text,false,true,false,false,false,false,true,,,pagefound,2025-08-28 08:41:25,2026-05-08 11:23:46,,,,,1
"Save on travel adventures at Click Frenzy's big event for 2025 | Wellington Times | Wellington, NSW",https://www.wellingtontimes.com.au/story/9043916/save-on-travel-adventures-at-click-frenzys-big-event-for-2025/,en,,200,34,6,414,0,31,46,0,0,https://www.cruiseaway.com.au/cruise-deals,,Cruiseaway,- $400 onboard credit and reduced deposits on cruises,,,text,false,true,false,false,false,false,true,,,pagefound,2025-08-28 10:32:07,2026-05-05 23:36:58,,,,,1
"35 BEST local Travel Agents in North Sydney, NSW | Yellow Pages®",https://www.yellowpages.com.au/find/travel-agents/north-sydney-nsw-2060,en,,200,83,6,398544,0,25,68,0,0,https://www.cruiseaway.com.au/,,View Website,,http://www.dreamlines.com.au/,301,text,false,false,true,false,false,false,true,,,pagefound,2024-06-06 07:20:59,2025-12-08 22:04:22,,,,,18
"Asia Pacific Cruise Market Size & Outlook, 2033",https://www.grandviewresearch.com/horizon/outlook/cruise-market/asia-pacific,en,,200,91,6,286441,4,11,17,0,0,https://www.cruiseaway.com.au/,,http://www.cruiseaway.com.au/,,http://www.cruiseaway.com.au/,301,text,false,true,false,false,false,true,true,,,linkfound,2025-07-31 10:15:31,2026-04-24 20:08:48,,,Article > Research,Travel > Specialty travel > Luxury travel; Business,34
17+ Best Cruise Booking Sites,https://travelsites.com/best-cruise-sites/,en,wordpress,200,23,6,135,5,23,32,0,0,https://www.cruiseaway.com.au/,,Open website,,,,text,false,false,false,false,false,false,true,,,linkrestored,2022-01-03 20:38:38,2026-05-05 14:33:57,,,Article > Roundup,Travel > Specialty travel > Luxury travel,2
"Resource Links - Resources for responsible, sustainable travel",https://sustainableships.com/resource-links/,en,wordpress,200,0.6,6,1,0,21,27,0,0,https://www.cruiseaway.com.au/blog/cruise-news/sustainable-cruising/,,Cruise Away Blog,,,,text,false,false,true,false,false,false,true,,,linkrestored,2022-09-09 10:14:43,2026-05-08 23:46:28,,,,,1
"Save on travel adventures at Click Frenzy's big event for 2025 | Lithgow Mercury | Lithgow, NSW",https://www.lithgowmercury.com.au/story/9043916/save-on-travel-adventures-at-click-frenzys-big-event-for-2025/,en,,200,39,6,1565,0,31,46,0,0,https://www.cruiseaway.com.au/cruise-deals,,Cruiseaway,- $400 onboard credit and reduced deposits on cruises,,,text,false,true,false,false,false,false,true,,,pagefound,2025-08-28 03:35:27,2026-05-09 12:17:58,,,,,1
"Save on travel adventures at Click Frenzy's big event for 2025 | Namoi Valley Independent | Gunnedah, NSW",https://www.nvi.com.au/story/9043916/save-on-travel-adventures-at-click-frenzys-big-event-for-2025/,en,,200,40,5,481,0,28,43,0,0,https://www.cruiseaway.com.au/cruise-deals,,Cruiseaway,- $400 onboard credit and reduced deposits on cruises,,,text,false,true,false,false,false,false,true,,,pagefound,2025-08-28 10:11:13,2026-04-17 20:19:51,,,,,1
"Save on travel adventures at Click Frenzy's big event for 2025 | The Advertiser - Cessnock | Cessnock, NSW",https://www.cessnockadvertiser.com.au/story/9043916/save-on-travel-adventures-at-click-frenzys-big-event-for-2025/,en,,200,43,5,441,0,31,46,0,0,https://www.cruiseaway.com.au/cruise-deals,,Cruiseaway,- $400 onboard credit and reduced deposits on cruises,,,text,false,true,false,false,false,false,true,,,pagefound,2025-08-28 10:16:27,2026-05-10 23:05:46,,,,,1
"Save on travel adventures at Click Frenzy's big event for 2025 | Manning River Times | Taree, NSW",https://www.manningrivertimes.com.au/story/9043916/save-on-travel-adventures-at-click-frenzys-big-event-for-2025/,en,,200,50,5,1764,0,30,45,0,0,https://www.cruiseaway.com.au/cruise-deals,,Cruiseaway,- $400 onboard credit and reduced deposits on cruises,,,text,false,true,false,false,false,false,true,,,pagefound,2025-08-28 02:35:13,2026-05-06 06:26:31,,,,,1
"Save on travel adventures at Click Frenzy's big event for 2025 | Daily Liberal | Dubbo, NSW",https://www.dailyliberal.com.au/story/9043916/save-on-travel-adventures-at-click-frenzys-big-event-for-2025/,en,,200,57,5,9887,0,33,48,0,0,https://www.cruiseaway.com.au/cruise-deals,,Cruiseaway,- $400 onboard credit and reduced deposits on cruises,,,text,false,true,false,false,false,false,true,,,pagefound,2025-08-28 04:05:00,2026-05-11 11:48:10,,,,,1
Useful Information - Travel Gate Sweden,https://travelgatesweden.se/useful-information-with-links-to-sweden-image-banks/,en,wordpress,200,1.8,5,10,0,41,80,0,0,https://www.cruiseaway.com.au/cruise-destinations,Link to cruise calls in Norway,"fjord area, Bergen and Flåm",,http://www.cruiseaway.com.au/cruise-port/flam_norway,301,text,false,true,false,false,false,false,true,,,linkfound,2025-07-08 08:39:56,2026-04-28 05:09:00,,,,,2
"Save on travel adventures at Click Frenzy's big event for 2025 | The Armidale Express | Armidale, NSW",https://www.armidaleexpress.com.au/story/9043916/save-on-travel-adventures-at-click-frenzys-big-event-for-2025/,en,,200,49,5,2296,0,29,44,0,0,https://www.cruiseaway.com.au/cruise-deals,,Cruiseaway,- $400 onboard credit and reduced deposits on cruises,,,text,false,true,false,false,false,false,true,,,pagefound,2025-08-28 10:16:59,2026-05-05 10:30:42,,,,,1
23 Best Cruise Affiliate Programs to Monetize Luxury Travel Blog,https://www.affiliatebooster.com/cruise-affiliate-programs/,en,wordpress,200,58,5,1058,1,39,65,0,0,https://www.cruiseaway.com.au/affiliate-program,8.,CruiseAway,,,,text,false,true,false,false,false,false,true,,,pagefound,2021-12-06 20:44:49,2026-04-28 18:25:23,,Jitendra Vaswani,Article > Roundup,Travel > Specialty travel > Luxury travel; Business,1
When’s the Best Time to Book a Cruise? | Seniors Discount Club,https://seniorsdiscountclub.com.au/threads/when%E2%80%99s-the-best-time-to-book-a-cruise.77675/,en,,200,29,4.9,440,0,15,25,0,0,https://www.cruiseaway.com.au/christmas-cruises,,Christmas and New Year cruises are in hot demand*.,"If you’re dreaming of sailing over the festive season, be",,,text,false,true,false,false,false,false,true,,,pagefound,2025-07-15 04:25:29,2026-03-08 13:49:27,,Vella Gonzaga,,,1
When’s the Best Time to Book a Cruise? | Seniors Discount Club,https://seniorsdiscountclub.com.au/threads/when%E2%80%99s-the-best-time-to-book-a-cruise.77675/,en,,200,29,4.9,440,0,15,25,0,0,https://www.cruiseaway.com.au/,agents and cruise specialists like CruiseAway * have access to,"exclusive pricing, group rates, and bonus inclusions*",that you might not find booking directly. On top of,,,text,false,true,false,false,false,false,true,,,pagefound,2025-07-15 04:25:29,2026-03-08 13:49:27,,Vella Gonzaga,,,1
When’s the Best Time to Book a Cruise? | Seniors Discount Club,https://seniorsdiscountclub.com.au/threads/when%E2%80%99s-the-best-time-to-book-a-cruise.77675/,en,,200,29,4.9,440,0,15,25,0,0,https://www.cruiseaway.com.au/repositioning-cruises,,4. Travel in Shoulder Season or Look for Repositioning Cruises,*​,,,text,false,true,false,false,false,false,true,,,pagefound,2025-07-15 04:25:29,2026-03-08 13:49:27,,Vella Gonzaga,,,1
When’s the Best Time to Book a Cruise? | Seniors Discount Club,https://seniorsdiscountclub.com.au/threads/when%E2%80%99s-the-best-time-to-book-a-cruise.77675/,en,,200,29,4.9,440,0,15,25,0,0,https://www.cruiseaway.com.au/early-bird-cruise-specials,"destination, sailing date, or cabin type—it’s smart to book early.","Cruise lines often release their itineraries 12 to 18 months ahead*,","and early bookers usually benefit from lower launch fares, bonus",,,text,false,true,false,false,false,false,true,,,pagefound,2025-07-15 04:25:29,2026-03-08 13:49:27,,Vella Gonzaga,,,1
Golden Rock Airport - List of Airports,http://listofairportsintheworld.com/Golden+Rock+Airport,en,,200,1.5,4.9,0,0,24,31,0,0,https://www.cruiseaway.com.au/cruise-port/basseterre_st_kitts_nevis,,[view],,http://www.cruiseaway.com.au/cruise-port/basseterre_st_kitts_nevis,301,text,false,false,false,false,false,false,true,,,linkrestored,2018-04-24 02:55:19,2026-05-08 10:40:45,,,,,17
When’s the Best Time to Book a Cruise? | Seniors Discount Club,https://seniorsdiscountclub.com.au/threads/when%E2%80%99s-the-best-time-to-book-a-cruise.77675/,en,,200,29,4.9,440,0,15,25,0,0,https://www.cruiseaway.com.au/cruise-lines-specials,"extras like drink packages, free Wi-Fi, or onboard credit can",make a big difference to your holiday experience*.,,,,text,false,true,false,false,false,false,true,,,pagefound,2025-07-15 04:25:29,2026-03-08 13:49:27,,Vella Gonzaga,,,1
When’s the Best Time to Book a Cruise? | Seniors Discount Club,https://seniorsdiscountclub.com.au/threads/when%E2%80%99s-the-best-time-to-book-a-cruise.77675/,en,,200,29,4.9,440,0,15,25,0,0,https://www.cruiseaway.com.au/cruise-departures-by-month,"want their ships to sail full, so they often release",discounted fares on unsold cabins in the final weeks before a cruise*.,,,,text,false,true,false,false,false,false,true,,,pagefound,2025-07-15 04:25:29,2026-03-08 13:49:27,,Vella Gonzaga,,,1
Links - DEREK MARKS | TV PRESENTER,https://www.derekmarks.co.uk/links.html,en,cms,301,6,4.8,29,0,3,4,0,0,https://www.cruiseaway.com.au/,,www.cruiseaway.com.au,,http://www.cruiseaway.com.au/,301,text,false,true,false,false,false,false,true,pageredirected,,linkfound,2024-05-19 17:33:43,2026-04-26 02:49:41,2026-05-10 02:38:51,,,,4
"35 BEST local Travel Agents in Robina, QLD | True Local",https://www.truelocal.com.au/find/travel-agents/robina-qld-4226,en,,200,79,4.8,12515,0,33,93,0,0,https://www.cruiseaway.com.au/,,VIEW WEBSITE,,,,text,false,false,true,false,false,false,true,,,pagefound,2025-04-24 07:27:19,2025-12-23 00:19:33,,,,,13
Travel Trade | Products and providers,https://traveltrade.inspiredbyiceland.com/products-and-providers/,en,,200,72,4.7,11879,0,441,599,0,0,https://www.cruiseaway.com.au/,,CRUISE AWAY,,,,text,false,false,false,false,false,false,true,,,pagefound,2021-11-12 05:19:12,2026-04-13 15:57:51,,,,,1
Beleggen in de cruisesector: De boot missen of het zinkend schip verlaten? - Skere Student,https://skerestudent.com/beleggen-cruisesector/,nl,"ecommerce, wordpress",200,25,4.7,1039,0,18,20,0,0,https://www.cruiseaway.com.au/blog/cruise-news/sustainable-cruising/,Hier hangt een flinke prijskaartje aan. Zo is er een,alternatieve brandstof,"die milieuvriendelijker is, maar ook een stuk duurder. De mogelijkheden",,,text,false,true,false,false,false,false,true,,,pagefound,2022-02-19 07:22:11,2026-02-03 18:09:48,,,,,1
Travel Trade | Products and providers,https://traveltrade.visiticeland.com/products-and-providers/,en,,200,74,4.7,207792,1,441,597,0,0,https://www.cruiseaway.com.au/,,CRUISE AWAY,,,,text,false,false,false,false,false,false,true,,,pagefound,2021-10-03 06:11:05,2026-04-14 13:42:32,,,Listing collection > Business,Travel > Travel agencies > Escorted vacations,1
The Best Buch Affiliate Programs of 2023,https://www.affiliate-toolkit.com/de/niche/buch/,"en, de",wordpress,200,71,4.7,1115,0,27,57,0,0,https://www.cruiseaway.com.au/affiliate-program,,Join this Affiliate Program,,,,text,false,false,false,false,false,false,true,,,pagefound,2023-03-21 09:33:57,2026-04-17 23:51:32,,,,,5
"Save on travel adventures at Click Frenzy's big event for 2025 | Magnet | Eden, NSW",https://www.edenmagnet.com.au/story/9043916/save-on-travel-adventures-at-click-frenzys-big-event-for-2025/,en,,200,41,4.7,212,0,29,48,0,0,https://www.cruiseaway.com.au/cruise-deals,,Cruiseaway,- $400 onboard credit and reduced deposits on cruises,,,text,false,true,false,false,false,false,true,,,pagefound,2025-08-28 06:35:56,2026-05-07 14:07:48,,,,,1
The Best Deals From Click Frenzy Travel 2024,https://sitchu.com.au/shopping/best-click-frenzy-travel-2024-deals,en,wordpress,200,65,4.6,7673,0,25,35,0,0,https://www.cruiseaway.com.au/,,Cruiseaway,,,,text,false,true,false,false,false,false,true,,,linkrestored,2025-09-08 09:52:26,2026-04-21 17:08:21,,Jessica Clark,,,1
Bus Australia - Links to Public Transport sites,https://www.busaustralia.com/links.php?state=nat,en,,200,32,4.6,3800,0,32,47,0,0,https://www.cruiseaway.com.au/,,Cruise Away by Dreamlines,,,,text,false,true,false,false,false,false,true,,,linkrestored,2021-02-10 14:48:20,2026-03-31 04:41:20,,,Listing collection > Service,Travel > Transportation > Urban transit,2
Why You Should Book Shore Excursions Through Your Cruise Line | Seniors Discount Club,https://seniorsdiscountclub.com.au/threads/why-you-should-book-shore-excursions-through-your-cruise-line.85485/,en,,200,29,4.6,440,0,15,23,0,0,https://www.cruiseaway.com.au/,,"Booking through the cruise line ensures you’re protected, even when the unexpected happens*.",,,,text,false,true,false,false,false,false,true,,,pagefound,2025-12-13 07:31:31,2026-04-15 20:38:35,,Vella Gonzaga,,,1
When is the best time to book a cruise? - 9Travel,https://travel.nine.com.au/cruising/when-is-the-best-time-to-book-a-cruise/19572ce7-f1af-42a4-b5cc-f96d3dafff98,en,,200,81,4.6,1299091,1,16,53,0,0,https://www.cruiseaway.com.au/,,CruiseAway,,,,text,false,true,false,false,false,true,true,,,linkfound,2025-09-05 01:00:50,2026-05-02 08:40:37,,Kristine Tarbert,Article > How-to,Travel > Specialty travel > Luxury travel,2
21 Best Cruise Affiliate Programs For 2025 (Top Paying Offers) - Commission Academy,https://commission.academy/blog/best-cruise-affiliate-programs/,en,"ecommerce, wordpress",200,51,4.6,60,1,18,38,0,0,https://www.cruiseaway.com.au/affiliate-program,URL:,CruiseAway Affiliate Program,,,,text,false,true,true,false,false,false,true,,,pagefound,2023-07-02 10:13:26,2026-05-06 18:30:11,,,Listing collection > Business,Travel > Specialty travel > Luxury travel; Business,1
Why You Should Book Shore Excursions Through Your Cruise Line | Seniors Discount Club,https://seniorsdiscountclub.com.au/threads/why-you-should-book-shore-excursions-through-your-cruise-line.85485/,en,,200,29,4.6,440,0,15,23,0,0,https://www.cruiseaway.com.au/cruise-lines-specials/virgin-black-friday-sale,,Book Now!,,,,text,false,false,false,false,false,false,true,,,pagefound,2025-12-13 07:31:31,2026-04-15 20:38:35,,Vella Gonzaga,,,13
Afterpay vs credit card and personal loan: What's the price? | Canstar,https://www.canstar.com.au/credit-cards/true-cost-of-afterpay/,en,,200,77,4.5,1473119,2,18,39,0,0,https://www.cruiseaway.com.au/cruise/expedition-from-rotterdam-with-the-columbus-3256786,,round-the-world cruise,,,,text,false,true,false,false,false,true,true,,,linkrestored,2020-06-30 15:51:10,2026-04-23 04:47:45,,Amanda Horswill,Article > Comparison,Finance > Lending > Credit cards,3
Your Ultimate Guide to China: A Seniors Travel Club Special – Seniors Travel Club,https://seniorstravelclub.com.au/country-guides/china/,en,wordpress,200,6,4.5,1,0,105,163,0,0,https://www.cruiseaway.com.au/cruises-to-china,,https://www.cruiseaway.com.au/cruises-to-china,,,,text,false,false,false,false,false,false,true,,,pagefound,2025-12-18 10:01:44,2026-05-05 18:30:18,,,Article > Guide,Travel > Guides,1
24 Best Cruise Affiliate Programs (Big Payouts!),https://brandandpartners.com/cruise-affiliate-programs/,en,wordpress,200,1.4,4.5,28,0,35,67,0,0,https://www.cruiseaway.com.au/affiliate-program,Affiliate Signup Page:,https://www.cruiseaway.com.au/affiliate-program,,,,text,true,true,true,false,false,false,true,,,linkrestored,2025-08-25 04:52:27,2026-04-29 10:00:02,,Astha Modi,,,1
"Best Sea Visa-Free Cruises to St Petersburg 2020 | Northern Europe, Scandinavia & Russia Baltic Sea Cruises | Mandatory Shore Tours and Coastal Excursions | How To Get Free Time Ashore in Saint Petersburg | Rules and Advices for Travelers Without a Russian Visa | InRussian - Online guide, translator and helper for travelers",https://inrussian.info/sea_cruise_to_st-petersburg,en,,200,6,4.5,0,0,37,70,0,0,https://www.cruiseaway.com.au/search-results?filterParams%5BshipType%5D%5B0%5D=93424&filterParams%5BshipType%5D%5B1%5D=93387&filterParams%5BareaType%5D%5B0%5D=sea&filterParams%5Bharbour%5D%5B0%5D=100002&filterParams%5Baction%5D=searchresults&filterParams%5BhasNoResultState%5D=false&filterParams%5BnightsRange%5D=all&filterParams%5BpostId%5D=78&filterParams%5Bpage%5D=1&filterParams%5BexcludedOperatorNids%5D%5B0%5D=1624&filterParams%5BexcludedOperatorNids%5D%5B1%5D=2479&filterParams%5BexcludedOperatorNids%5D%5B2%5D=31448&limit=10&offset=0&sortString=aov&useSortman=false,,Baltic Capitals Sea Crises,,,,image,false,false,false,false,false,false,true,,,linkrestored,2020-04-21 22:06:30,2026-04-28 06:45:07,,,Article > Guide,Travel > Tourist destinations > Islands,1
travelonline.com alternatives | Top 71 similar sites like travelonline.com,https://www.sitelike.org/similar/travelonline.com/,en,,200,66,4.5,5317,1,42,57,0,0,https://www.cruiseaway.com.au/,cruiseaway.com.au,cruiseaway.com.au,,,,image,false,true,true,false,false,true,true,,,linkrestored,2020-07-30 18:05:43,2026-04-19 08:18:08,,,Listing collection > Location,Travel > Travel agencies > Other,85
Dreamlines Australia - Crunchbase Company Profile & Funding,https://www.crunchbase.com/organization/dreamlines-australia-pty-ltd-2,en,,200,91,4.5,1348212,0,9,11,0,0,https://www.cruiseaway.com.au/,,www.dreamlines.com.au,,https://www.dreamlines.com.au/,301,text,false,false,true,false,false,false,true,,,pagefound,2019-04-01 10:33:11,2026-05-04 05:35:44,,,,,3
Travel & Accommodation (International) - The Marigold Blog,https://marigoldkids.com/travel-accommodation-usa-and-international/,en,"ecommerce, wordpress",200,0,4.5,0,0,21,25,0,0,https://www.cruiseaway.com.au/,,Cruiseaway.com.au,,,,text,true,true,false,false,false,false,true,,,linkrestored,2023-06-14 16:25:00,2026-03-14 05:03:09,,,,,1
"Fremantle Australia Travel, Transport - Air, Rail, Car - Western Australia",https://fremantlewesternaustralia.com.au/fremantletravel.htm,en,,200,34,4.5,1366,0,31,66,0,0,https://www.cruiseaway.com.au/,To find a great selection of Freo Cruises visit,Dreamlines,and search for Fremantle to see all the great holiday,http://www.dreamlines.com.au/cruise-lines,301,text,false,true,false,false,false,false,true,,,linkrestored,2024-05-12 07:33:36,2026-05-09 14:07:39,,,,,1
A Comprehensive Guide to Rio De Janeiro for the Savvy Senior Traveller – Seniors Travel Club,https://seniorstravelclub.com.au/city-guides/rio-de-janeiro/,en,wordpress,200,6,4.5,1,0,85,103,0,0,https://www.cruiseaway.com.au/cruises/south-america,,https://www.cruiseaway.com.au/cruises/south-america,,,,text,false,true,false,false,false,false,true,,,pagefound,2025-12-05 03:57:59,2026-05-06 01:23:52,,,Article > Guide,Travel > Guides,1
Lighter USA: Final Chance to Save up to 25% off on our ❄️ Christmas in 🌞July Sale! Limited Stock Available. | Milled,https://milled.com/lighter-usa/final-chance-to-save-up-to-25-off-on-our-christmas-in-july-sale-limited-stock-hWogcZ-7xdLHMReJ,en,,200,74,4.5,24993,0,50,129,0,0,https://www.cruiseaway.com.au/search-results?filterParams%5Bzone%5D%5B0%5D=17656555&sc_lid=430627090&sc_llid=121494&sc_src=email_6150104&sc_uid=TifzvmaXDS,,PAX Mini Vaporizer + Free Grinder,,,,image,false,false,true,false,false,false,true,,,pagefound,2025-02-07 19:59:27,2026-04-08 09:31:48,,,,,1
Como monetizar um blog de viagens (22 programas de afiliados recomendados),https://thirstyaffiliates.com/pt/blog/how-to-monetize-a-travel-blog,pt,wordpress,200,72,4.5,209,0,29,35,0,0,https://www.cruiseaway.com.au/affiliate-program,,Cruzeiro,($10 por cotação de reserva),,,text,false,true,false,false,false,false,true,,,linkrestored,2025-03-18 19:40:36,2026-04-14 09:17:41,,Josh Kohlbach,,,1
CruiseAway Australia email address and contacts,https://getprospect.com/business-directory/cruiseaway-australia,en,,200,71,4.5,48660,0,8,10,0,0,https://www.cruiseaway.com.au/,,https://cruiseaway.com.au,,https://cruiseaway.com.au/,301,text,false,true,true,false,false,false,true,,,pagefound,2024-06-21 14:44:45,2026-04-21 08:32:33,,,,,1
Pillau Citadel @ Starforts.com,http://www.starforts.com/baltiysk.html,en,,200,16,4.5,527,1,4,10,0,0,http://www.cruiseaway.com.au/cruise-port/baltiysk_russia,,Cruiseaway's Baltiysk page,Wikipedia's Koenigsberg page,,,text,false,false,false,false,false,true,true,,,pagefound,2018-05-04 20:02:27,2026-05-05 17:38:36,,,Article > Story,Entertainment > Design > Architecture; Travel > Tourist destinations > Buildings; Reference > Geographic reference > Maps,1
"Save on travel adventures at Click Frenzy's big event for 2025 | Moree Champion | Moree, NSW",https://www.moreechampion.com.au/story/9043916/save-on-travel-adventures-at-click-frenzys-big-event-for-2025/,en,,200,42,4.5,636,0,28,43,0,0,https://www.cruiseaway.com.au/cruise-deals,,Cruiseaway,- $400 onboard credit and reduced deposits on cruises,,,text,false,true,false,false,false,false,true,,,pagefound,2025-08-28 02:51:48,2026-05-10 23:43:17,,,,,1
24 Best Cruise Affiliate Programs (Big Payouts!),https://brandandpartners.com/cruise-affiliate-programs/,en,wordpress,200,1.4,4.5,28,0,35,67,0,0,https://www.cruiseaway.com.au/,Official Page:,https://www.cruiseaway.com.au/,,,,text,true,true,false,false,false,false,true,,,linkrestored,2025-08-25 04:52:27,2026-04-29 10:00:02,,Astha Modi,,,1
Lighter USA: Final Chance to Save up to 25% off on our ❄️ Christmas in 🌞July Sale! Limited Stock Available. | Milled,https://milled.com/lighter-usa/final-chance-to-save-up-to-25-off-on-our-christmas-in-july-sale-limited-stock-hWogcZ-7xdLHMReJ,en,,200,74,4.5,24993,0,50,129,0,0,https://www.cruiseaway.com.au/cruise/london-icelandic-explorer-17730434?sc_lid=430627112&sc_llid=121494&sc_src=email_6150104&sc_uid=TifzvmaXDS,,Shop Now,,,,text,false,false,true,false,false,false,true,,,pagefound,2025-02-07 19:59:27,2026-04-08 09:31:48,,,,,1
Hidden Travel Gems You Can Only Reach by Cruise | Seniors Discount Club,https://seniorsdiscountclub.com.au/threads/hidden-travel-gems-you-can-only-reach-by-cruise.84117/,en,,200,29,4.5,440,0,15,29,0,0,https://www.cruiseaway.com.au/,What makes cruising so special is its ability to,"link places that are remote, hard to reach, or simply too small for commercial travel routes","*.Your ship becomes both your transport and your sanctuary, carrying",,,text,false,true,false,false,false,false,true,,,pagefound,2025-10-27 06:56:56,2026-04-05 12:04:43,,Vella Gonzaga,,,1
Awin | CruiseAway AU Affiliate Programme,https://ui.awin.com/merchant-profile-terms/107460,en,,200,90,4.5,144794,0,1,1,0,0,https://www.cruiseaway.com.au/,,CruiseAway AU,,,,image,false,false,false,false,false,false,true,,,pagefound,2024-11-30 04:14:15,2026-05-03 18:55:13,,,,,84
Megadeal für Dezember 2020: 1-wöchige Premiumkreuzfahrt von/nach Dubai für 274€ p.P. – exbir,https://exbir.de/p-o-oceana-kreuzfahrtdeal-fuer-dezember2020/,de,wordpress,200,25,4.5,185,0,3,9,0,0,https://www.cruiseaway.com.au/cruise/sailing-from-dubai-via-abu-dhabi-1070060,die Kreuzfahrt auch bei cruiseaway.com.au buchen ( Reise 1 bzw.,Reise 2,) und als Heimatland „Other“ angeben.,,,text,false,true,false,false,false,false,true,,,pagefound,2025-01-11 17:47:38,2026-05-10 19:32:50,,,,,17
Why a Mediterranean Cruise Belongs on Your Travel Wishlist | Seniors Discount Club,https://seniorsdiscountclub.com.au/threads/why-a-mediterranean-cruise-belongs-on-your-travel-wishlist.78049/,en,,200,29,4.5,440,0,16,22,0,0,https://www.cruiseaway.com.au/cruises/mediterranean,With departure ports in major hubs like,"Barcelona, Rome, and Athens, starting your Mediterranean adventure is easy","*. Plus, the short distances between ports and generally calm",,,text,false,true,false,false,false,false,true,,,pagefound,2025-07-21 07:33:26,2026-03-09 02:55:19,,Vella Gonzaga,,,1
"Global Directory for Businesses, Classifieds, Products & Events | SeekFind | Page 4106",https://www.seekfind.com.au/businesses?$&page=4106,,,200,19,4.5,275,0,37,96,0,0,https://www.cruiseaway.com.au/,,View,,http://www.dreamlines.com.au/,301,text,true,false,false,false,false,false,true,,,linkfound,2026-04-02 08:07:43,2026-04-16 19:41:17,,,,,4
Highest Paying Travel Affiliate Programs,https://prosociate.com/travel-affiliate-programs/,en,wordpress,200,21,4.5,1,0,43,99,0,0,https://www.cruiseaway.com.au/affiliate-program,Affiliate Info:,CruiseAway affiliate page,,,,text,false,false,true,false,false,false,true,,,linkrestored,2021-07-31 08:03:59,2026-05-09 20:28:45,,Mark Ketzler,,,1
,http://www.secretsearchenginelabs.com/find/carnival%20cruise,en,,200,44,4.5,218,0,9,14,0,0,https://www.cruiseaway.com.au/christmas-cruises,,Christmas Cruise Deals 2026 | Best Christmas Cruises from Australia |,,,,text,false,true,true,false,false,false,true,,,linkfound,2026-03-13 02:38:17,2026-03-13 02:38:17,,Simon Byholm,,,49
,http://www.dreamlines.com.au/,,,301,1.8,4.5,0,10,1,1,0,0,https://www.cruiseaway.com.au/,,,,,,redirect,false,false,false,false,false,false,true,,,linkrestored,2018-04-26 01:54:11,2026-04-16 19:44:26,,,,,39
Hidden Travel Gems You Can Only Reach by Cruise | Seniors Discount Club,https://seniorsdiscountclub.com.au/threads/hidden-travel-gems-you-can-only-reach-by-cruise.84117/,en,,200,29,4.5,440,0,15,29,0,0,https://www.cruiseaway.com.au/cruises/caribbean,"the Bahamas* or CocoCay in the Caribbean*, these retreats combine",untouched beauty with five-star comfort,*— an indulgent escape that’s only accessible by cruise.,,,text,false,true,false,false,false,false,true,,,pagefound,2025-10-27 06:56:56,2026-04-05 12:04:43,,Vella Gonzaga,,,1
,https://rocketreach.co/cruiseaway-australia-profile_b44d9710fd1b20be,en,,200,75,4.5,658809,0,6,7,0,0,https://www.cruiseaway.com.au/,,https://www.cruiseaway.com.au,,,,text,false,false,true,false,false,false,true,,,linkfound,2023-10-18 08:14:20,2026-04-15 23:39:34,,,,,1
Your Ultimate Seniors’ Guide to Carnival Cruise Line in Australia – Seniors Travel Club,https://seniorstravelclub.com.au/cruise-lines/carnival-cruise-line/,en,wordpress,200,6,4.5,1,0,30,92,0,0,https://www.cruiseaway.com.au/gratuities-on-board,,https://www.cruiseaway.com.au/gratuities-on-board,,,,text,false,true,false,false,false,false,true,,,pagefound,2025-12-05 05:38:05,2026-05-05 21:46:25,,,Article > Guide,Travel > Specialty travel > Luxury travel,1
Hidden Travel Gems You Can Only Reach by Cruise | Seniors Discount Club,https://seniorsdiscountclub.com.au/threads/hidden-travel-gems-you-can-only-reach-by-cruise.84117/,en,,200,29,4.5,440,0,15,29,0,0,https://www.cruiseaway.com.au/cruises/south-pacific,,Hidden Treasures of the South Pacific*,,,,text,false,true,false,false,false,false,true,,,pagefound,2025-10-27 06:56:56,2026-04-05 12:04:43,,Vella Gonzaga,,,1
"Jihad, by Cruise Ship - The Atlantic",https://www.theatlantic.com/international/archive/2014/11/jihad-syria-iraq-cruise-ship/382511/,en,,200,91,4.5,912127,1,19,29,0,0,http://www.cruiseaway.com.au/cruise-port/latakia_syria?offset=6,"Syrian and Iraqi borders. (Searching online, I couldn’t find any",available,cruises that head directly to the main Syrian port of,,,text,false,true,false,false,false,false,true,,,pagefound,2025-01-18 15:11:16,2026-04-10 07:57:00,,Kathy Gilsinan,Article > News,News > Politics > Elections; Government > Military > Other,1
CruiseAway & 17+ Cruise Booking Sites Like,https://prelive.travelsites.com/cruiseaway/,en,,200,23,4.5,135,0,5,5,0,0,https://www.cruiseaway.com.au/,,www.cruiseaway.com.au link,,,,image,false,false,false,false,false,false,true,,,pagefound,2025-01-18 16:00:36,2026-04-06 20:44:25,,,,,1
Hidden Travel Gems You Can Only Reach by Cruise | Seniors Discount Club,https://seniorsdiscountclub.com.au/threads/hidden-travel-gems-you-can-only-reach-by-cruise.84117/,en,,200,29,4.5,440,0,15,29,0,0,https://www.cruiseaway.com.au/cruises/papua-new-guinea,cruise is one of the few ways to experience it.,Expedition-style ships call at remote villages and islands*,"where local traditions, dances, and artwork thrive.",,,text,false,true,false,false,false,false,true,,,pagefound,2025-10-27 06:56:56,2026-04-05 12:04:43,,Vella Gonzaga,,,1
Megadeal für Dezember 2020: 1-wöchige Premiumkreuzfahrt von/nach Dubai für 274€ p.P. – exbir,https://exbir.de/p-o-oceana-kreuzfahrtdeal-fuer-dezember2020/,de,wordpress,200,25,4.5,185,0,3,9,0,0,https://www.cruiseaway.com.au/cruise/sail-with-pao-cruises-from-dubai-1070066,"haben, könnt ihr die Kreuzfahrt auch bei cruiseaway.com.au buchen (",Reise 1,bzw. Reise 2 ) und als Heimatland „Other“ angeben.,,,text,false,true,false,false,false,false,true,,,pagefound,2025-01-11 17:47:38,2026-05-10 19:32:50,,,,,10
Anglais : Tourisme (Didier Madelaine),http://portail.langues.free.fr/anglais/tour_gb.htm,en,,200,91,4.5,10524146,0,153,258,0,0,https://www.cruiseaway.com.au/,,DREAMLINES / CRUISEAWAY (Cruises) [Australia],,,,text,false,true,false,false,false,false,true,,,linkfound,2025-10-04 06:53:07,2026-03-23 05:03:58,,,Listing collection > Location,Travel > Specialty travel > Other; Jobs and education > Education > Distance learning,1
Pillau Citadel @ Starforts.com,https://www.starforts.com/baltiysk.html,en,,200,16,4.5,527,0,4,10,0,0,http://www.cruiseaway.com.au/cruise-port/baltiysk_russia,,Cruiseaway's Baltiysk page Wikipedia's Koenigsberg page,,,,text,false,false,false,false,false,false,true,,,pagefound,2019-03-14 15:03:40,2026-05-10 05:52:39,,,,,6
"CruiseAway.com.au’s Competitors, Revenue, Number of Employees, Funding, Acquisitions & News - Owler Company Profile",https://www.owler.com/company/cruiseaway,en,,200,72,4.5,26796,0,7,11,0,0,https://www.cruiseaway.com.au/,,http://www.cruiseaway.com.au,,http://www.cruiseaway.com.au/,301,text,false,true,true,false,false,false,true,,,linkrestored,2020-01-27 14:37:24,2026-04-05 11:38:11,,,,,2
"Revealed: 1,000 Most Popular Australian Blogs – Linksforce",https://www.linksforce.com.au/1000-popular-australian-blogs/,en,wordpress,200,39,4.5,0,0,991,1364,0,0,https://www.cruiseaway.com.au/blog/,527.,https://www.cruiseaway.com.au/blog/,,,,text,false,true,false,false,false,false,true,,,pagefound,2025-05-06 11:00:13,2026-05-08 18:56:56,,,Article > Roundup,Internet > Web services > SEO and marketing; News; Reference,1
"Save on travel adventures at Click Frenzy's big event for 2025 | Port Macquarie News | Port Macquarie, NSW",https://www.portnews.com.au/story/9043916/save-on-travel-adventures-at-click-frenzys-big-event-for-2025/,en,,200,58,4.5,6862,0,30,45,0,0,https://www.cruiseaway.com.au/cruise-deals,,Cruiseaway,- $400 onboard credit and reduced deposits on cruises,,,text,false,true,false,false,false,false,true,,,pagefound,2025-08-28 03:10:37,2026-04-28 14:04:50,,,,,1
Best Cruise Guide - How to Find Your Perfect Cruise,https://beachtraveldestinations.com/best-cruise-guide/,en,"ecommerce, wordpress",200,4.9,4.5,1639,2,17,39,0,0,https://www.cruiseaway.com.au/family-cruises?siteID=8LHUOxHHHnE-epCSqOrRPNNgGNgXMf7TTg,all cruise deals for you. You can also go to,CruiseAway.com,and search for a cruise there as well. Both of,,,text,false,false,false,false,false,false,true,removedfromhtml,,linkrestored,2025-11-05 08:36:26,2026-04-26 21:57:17,2026-05-11 02:58:52,,Article > How-to,Travel > Specialty travel > Luxury travel,1
,http://www.secretsearchenginelabs.com/find/specials,en,,200,44,4.5,218,0,12,17,0,0,https://www.cruiseaway.com.au/early-bird-cruise-specials,,Early Bird Cruise Specials | CruiseAway,,,,text,false,true,true,false,false,false,true,,,linkrestored,2024-07-02 09:20:43,2026-03-05 19:30:04,,Simon Byholm,,,36
Hidden Travel Gems You Can Only Reach by Cruise | Seniors Discount Club,https://seniorsdiscountclub.com.au/threads/hidden-travel-gems-you-can-only-reach-by-cruise.84117/,en,,200,29,4.5,440,0,15,29,0,0,https://www.cruiseaway.com.au/cruises/italy,,Italy’s Hidden Harbours*,,,,text,false,true,false,false,false,false,true,,,pagefound,2025-10-27 06:56:56,2026-04-05 12:04:43,,Vella Gonzaga,,,1
shipcruises.org competitors - Top similar sites like 20 shipcruises.org and alternatives,https://www.siteprice.org/competitors/shipcruises.org,en,,200,71,4.5,15135,0,25,28,0,0,https://www.cruiseaway.com.au/,cruiseaway.com.au,,,,,text,false,true,true,false,false,false,true,,,pagefound,2026-04-15 09:35:17,2026-04-15 09:35:17,,,,,16
"Save on travel adventures at Click Frenzy's big event for 2025 | Illawarra Mercury | Wollongong, NSW",https://www.illawarramercury.com.au/story/9043916/save-on-travel-adventures-at-click-frenzys-big-event-for-2025/,en,,200,71,4.5,34818,0,28,44,0,0,https://www.cruiseaway.com.au/cruise-deals,,Cruiseaway,- $400 onboard credit and reduced deposits on cruises,,,text,false,true,false,false,false,false,true,,,pagefound,2025-08-28 10:27:50,2026-05-11 11:06:20,,,,,1
Hidden Travel Gems You Can Only Reach by Cruise | Seniors Discount Club,https://seniorsdiscountclub.com.au/threads/hidden-travel-gems-you-can-only-reach-by-cruise.84117/,en,,200,29,4.5,440,0,15,29,0,0,https://www.cruiseaway.com.au/cruises/greek-islands,,Greece’s Lesser-Known Isles*,,,,text,false,true,false,false,false,false,true,,,pagefound,2025-10-27 06:56:56,2026-04-05 12:04:43,,Vella Gonzaga,,,1
Accommodation – It's On Sale,https://www.itsonsale.com.au/aisle/accommodation/,en,"ecommerce, wordpress",200,6,4.5,0,0,122,285,0,0,https://www.cruiseaway.com.au/,,Explore This Store,,,,text,true,true,false,false,false,false,true,,,linkrestored,2025-08-04 19:20:34,2026-01-19 21:07:54,,,,,14
"Cruises from Melbourne: Lines, Itineraries & 2026 Deals - Australianfocus.com",https://australianfocus.com/tech/cruises-from-melbourne/,en,wordpress,200,8,4.5,0,2,10,16,0,0,https://www.cruiseaway.com.au/cruises-from-melbourne-to-new-zealand-2026,", cruisedeals.co.nz , cruiseagency.com.au ,",cruiseaway.com.au,", royalcaribbean.com , royalcaribbeanincentives.com ,",,,text,false,false,true,false,false,true,true,,,linkfound,2026-04-20 13:35:14,2026-05-11 13:09:32,,Cooper Anderson White,Article > FAQ,Travel > Specialty travel > Luxury travel,1
"Save on travel adventures at Click Frenzy's big event for 2025 | Redland City Bulletin | Cleveland, QLD",https://www.redlandcitybulletin.com.au/story/9043916/save-on-travel-adventures-at-click-frenzys-big-event-for-2025/,en,,200,49,4.5,204,0,25,44,0,0,https://www.cruiseaway.com.au/cruise-deals,,Cruiseaway,- $400 onboard credit and reduced deposits on cruises,,,text,false,true,false,false,false,false,true,,,pagefound,2025-08-28 02:42:25,2026-05-10 22:34:47,,,,,1
Why a Mediterranean Cruise Belongs on Your Travel Wishlist | Seniors Discount Club,https://seniorsdiscountclub.com.au/threads/why-a-mediterranean-cruise-belongs-on-your-travel-wishlist.78049/,en,,200,29,4.5,440,0,16,22,0,0,https://www.cruiseaway.com.au/cruise/sun-drenched-cities-sapphire-seas-18231023?selectedSail=17596492,,A Cultural Tapestry & Culinary Delight*,,,,text,false,true,false,false,false,false,true,,,pagefound,2025-07-21 07:33:26,2026-03-09 02:55:19,,Vella Gonzaga,,,2
Hidden Travel Gems You Can Only Reach by Cruise | Seniors Discount Club,https://seniorsdiscountclub.com.au/threads/hidden-travel-gems-you-can-only-reach-by-cruise.84117/,en,,200,29,4.5,440,0,15,29,0,0,https://www.cruiseaway.com.au/cruises/alaska-cruise,,Untamed Alaska*,,,,text,false,true,false,false,false,false,true,,,pagefound,2025-10-27 06:56:56,2026-04-05 12:04:43,,Vella Gonzaga,,,1
Why a Mediterranean Cruise Belongs on Your Travel Wishlist | Seniors Discount Club,https://seniorsdiscountclub.com.au/threads/why-a-mediterranean-cruise-belongs-on-your-travel-wishlist.78049/,en,,200,29,4.5,440,0,16,22,0,0,https://www.cruiseaway.com.au/cruise/sunsets-santorini-dreams-18230986?selectedSail=18159092&allInclusive=true,,Stunning Scenery at Every Turn*,,,,text,false,true,false,false,false,false,true,,,pagefound,2025-07-21 07:33:26,2026-03-09 02:55:19,,Vella Gonzaga,,,1
Awin | CruiseAway AU Affiliate Programme,https://ui.awin.com/merchant-profile/107460?setLocale=en_US,en,,200,90,4.5,144794,0,1,1,0,0,https://www.cruiseaway.com.au/,,https://www.cruiseaway.com.au/,,,,text,false,true,false,false,false,false,true,,,pagefound,2024-11-30 04:14:26,2026-05-08 13:07:47,,,,,12
Best Cruise Affiliate Programs to Monetize your Luxury Travel Blog in 2026 | AI Tools and Social Media Marketing Tips,https://abhimenon.co/best-cruise-affiliate-programs/,en,wordpress,200,0,4.5,0,0,23,33,0,0,https://www.cruiseaway.com.au/affiliate-program,URL:,https://www.cruiseaway.com.au/affiliate-program,,,,text,false,true,false,false,false,false,true,,,pagefound,2025-01-09 05:36:47,2026-04-30 13:58:03,,Abhi Menon,,,1
,http://www.secretsearchenginelabs.com/find/carnival%20cruise,en,,200,44,4.5,218,0,9,14,0,0,https://www.cruiseaway.com.au/cruise-lines-specials,,Cruise Lines Specials | Spectacular Offers | CruiseAway,,,,text,false,true,true,false,false,false,true,,,linkfound,2025-02-02 15:49:25,2026-03-13 02:38:17,,Simon Byholm,,,35
Lighter USA: Final Chance to Save up to 25% off on our ❄️ Christmas in 🌞July Sale! Limited Stock Available. | Milled,https://milled.com/lighter-usa/final-chance-to-save-up-to-25-off-on-our-christmas-in-july-sale-limited-stock-hWogcZ-7xdLHMReJ,en,,200,74,4.5,24993,0,50,129,0,0,https://www.cruiseaway.com.au/cruise/london-icelandic-explorer-17730434?sc_lid=430627110&sc_llid=121494&sc_src=email_6150104&sc_uid=TifzvmaXDS,,Ooze Duplex 2 - Cartridge & Wax 900 mAh Vaporizer,,,,image,false,false,true,false,false,false,true,,,pagefound,2025-02-07 19:59:27,2026-04-08 09:31:48,,,,,1
Cruiseaway Coupons and Promo Codes | ThinkUp,https://www.thinkup.com/coupons/cruiseaway.com.au,en,,200,60,4.4,18043,0,5,5,0,0,http://www.cruiseaway.com.au/contact,,Contact,,,,text,false,false,true,false,false,false,true,,,pagefound,2021-03-19 22:18:31,2026-04-22 03:33:29,,,,,1
list1008 | ICMSMT Conference,https://icmsmt.com/list1008/,en,wordpress,200,24,4.4,0,1,5374,7208,0,0,https://www.cruiseaway.com.au/,,cruiseaway,,https://cruiseaway.com.au/,301,text,true,false,false,false,false,false,true,,,pagefound,2024-09-28 04:43:14,2026-04-27 20:38:06,,,Listing collection > Event,Society > Social sciences; Entertainment > Events > Conventions; Science > Scientific institutions; Reference,1
allwebsites.net | few of top websites | page no. 363,https://www.allwebsites.net/domain-list-363,en,,0,14,4.4,0,0,1075,1996,0,0,https://www.cruiseaway.com.au/,,cruiseaway.com.au,,"http://cruiseaway.com.au/, https://cruiseaway.com.au/","301, 301",text,true,false,true,false,false,false,true,,tooold,pagefound,2025-03-05 09:48:15,2025-07-02 17:04:04,2026-04-14 16:52:50,,,,1
South Australia’s 2024/25 cruise season begins with arrival of Princess Cruises | Australasian Leisure Management,https://www.ausleisure.com.au/news/south-australias-2024-2025-cruise-season-begins-with-arrival-of-princess-cruises,en,,200,64,4.4,4528,1,8,8,0,0,https://www.cruiseaway.com.au/ship/diamond-princess,Image. Credit:,Cruise Away,,,,text,false,true,false,false,false,true,true,,,linkfound,2025-09-22 12:23:20,2026-04-27 20:46:26,,,Article > News,Travel > Specialty travel > Luxury travel,1
All Travel Sites | All The Best Travel Sites #1 List 2026,https://alltravelsites.com/,en,,200,0.8,4.4,0,55,343,473,0,0,https://www.cruiseaway.com.au/,,CruiseAway,,,,text,true,true,false,false,false,false,true,,,pagefound,2022-06-08 03:54:46,2026-05-11 14:00:43,,,Listing collection > Location,Travel > Travel agencies > Vacation,1
cricketinfo.co.in | few of top websites | page no. 363,https://www.cricketinfo.co.in/domain-list-363,en,,200,4.9,4.4,0,0,1056,2045,0,0,https://www.cruiseaway.com.au/,,cruiseaway.com.au,,"http://cruiseaway.com.au/, https://cruiseaway.com.au/","301, 301",text,true,true,true,false,false,false,true,,,linkrestored,2024-12-01 10:23:46,2026-03-30 22:05:18,,,Listing collection > Business,Sports > Team sports > Cricket,1
CruiseAway & 17+ Cruise Booking Sites Like,https://travelsites.com/cruiseaway/,en,wordpress,200,23,4.4,135,0,8,9,0,0,https://www.cruiseaway.com.au/,,CruiseAway - cruiseaway.com.au,,,,image,false,false,true,false,false,false,true,,,pagefound,2022-02-19 21:06:21,2026-04-28 10:03:46,,David Jones,,,2
sushila.co.in | few of top websites | page no. 363,https://www.sushila.co.in/domain-list-363,en,,200,7,4.4,0,0,1058,2518,0,0,https://www.cruiseaway.com.au/,,cruiseaway.com.au,,"http://cruiseaway.com.au/, https://cruiseaway.com.au/","301, 301",text,true,true,true,false,false,false,true,,,pagefound,2025-03-20 11:40:57,2026-04-18 09:06:37,,,Listing collection > Business,Internet > Web services,1
Australia’s Hottest 100 Travel Websites – FutureTravel,https://futuretravel.com/ttn555-australias-hottest-100-travel-websites-booking-com-surges-ahead-of-wotif-and-webjet-in-shock-result/,en,wordpress,200,31,4.4,188,0,111,207,0,1,http://www.cruiseaway.com.au/,Cruise Away,www.cruiseaway.com.au,,,,text,false,true,false,false,false,false,true,,,pagefound,2022-08-20 20:06:26,2026-05-09 17:26:16,,,,,4
Comment monétiser un blog de voyage (22 programmes d'affiliation recommandés),https://thirstyaffiliates.com/fr/blog/how-to-monetize-a-travel-blog,fr,wordpress,200,72,4.4,209,0,29,35,0,0,https://www.cruiseaway.com.au/affiliate-program,,La croisière s'éloigne,($10 par devis de réservation),,,text,false,true,false,false,false,false,true,,,linkrestored,2025-03-13 19:29:04,2026-04-13 18:08:29,,Josh Kohlbach,,,1
,https://www.freediscountcodes.com.au/cruiseaway-promo-code/,en,,200,0.1,4.4,0,0,11,13,0,0,https://www.cruiseaway.com.au/,,Visit Store,,,,text,false,false,false,false,false,false,true,,,linkfound,2021-06-25 16:41:12,2026-05-05 05:26:16,,,,,1
Cómo monetizar un blog de viajes (22 programas de afiliación recomendados),https://thirstyaffiliates.com/es/blog/how-to-monetize-a-travel-blog,es,wordpress,200,72,4.4,209,0,29,35,0,0,https://www.cruiseaway.com.au/affiliate-program,,Crucero,($10 por presupuesto de reserva),,,text,false,true,false,false,false,false,true,,,linkrestored,2024-11-24 06:57:11,2026-04-14 14:29:44,,Josh Kohlbach,,,1
Wie man einen Reiseblog monetarisiert (22 empfohlene Partnerprogramme),https://thirstyaffiliates.com/de/blog/how-to-monetize-a-travel-blog,de,wordpress,200,72,4.4,209,0,29,35,0,0,https://www.cruiseaway.com.au/affiliate-program,,Kreuzfahrt weg,($10 pro Buchungsanfrage),,,text,false,true,false,false,false,false,true,,,linkrestored,2024-11-17 15:05:05,2026-04-14 04:08:54,,Josh Kohlbach,,,1
April 2017,https://www.australiancruisemagazine.com/2017/04/,en,,200,0,4.4,0,0,12,28,0,0,http://www.cruiseaway.com.au/,Contact,www.cruiseaway.com.au,/ Phone: 1300 306 134,,,text,false,true,false,false,false,false,true,,,pagefound,2024-12-21 18:19:29,2026-04-22 03:13:04,,,,,436
"cruiseaway.com.au Reviews | scam, legit or safe check | Scamadviser",https://www.scamadviser.com/de/website-prufen/cruiseaway.com.au,"en, de",,200,80,4.4,989985,0,17,27,0,0,https://www.cruiseaway.com.au/,,VISIT cruiseaway.com.au,,"http://cruiseaway.com.au/, https://cruiseaway.com.au/","301, 301",text,true,false,false,false,false,false,true,,,pagefound,2025-08-10 19:37:44,2026-04-22 17:19:58,,,,,1
Last-minute cruise deals from Australia to escape winter - 9Travel,https://travel.nine.com.au/latest/cruising-deals-winter-2019/8e7609b4-60d4-4d2d-b823-b2eb2b7a08df,en,,200,81,4.4,1299091,0,16,54,0,0,https://www.cruiseaway.com.au/cruise/trip-with-princess-cruises-from-adelaide-1066517,,cruiseaway.com.au,,,,text,false,true,false,false,false,false,true,,,pagefound,2025-03-25 02:16:21,2026-04-18 12:57:54,,Katherine Scott,,,2
April 2017,https://www.traveltroll.info/2017/04/,en,,200,11,4.4,0,0,35,96,0,0,https://www.cruiseaway.com.au/cruise/waves-whales-and-wilderness-583538,Link to offer:,https://www.cruiseaway.com.au/cruise/waves-whales-and-wilderness-583538,,,,text,false,false,false,false,false,false,true,,,pagefound,2023-02-08 09:19:03,2026-04-25 13:25:05,,,Article > Story,Travel > Travel agencies > Escorted vacations,4
2017,https://www.australiancruisemagazine.com/2017/,en,,200,0,4.4,0,0,19,70,0,0,https://www.cruiseaway.com.au/cruise/waves-whales-and-wilderness-583538,Link to offer:,https://www.cruiseaway.com.au/cruise/waves-whales-and-wilderness-583538,,,,text,false,true,false,false,false,false,true,,,pagefound,2024-12-21 18:00:29,2026-05-08 15:40:18,,,Article > News,Travel > Specialty travel > Luxury travel,436
April 2017,https://www.traveltroll.info/2017/04/,en,,200,11,4.4,0,0,35,96,0,0,https://www.cruiseaway.com.au/,Contact,www.cruiseaway.com.au,/ Phone: 1300 306 134,http://www.cruiseaway.com.au/,301,text,false,false,false,false,false,false,true,,,pagefound,2023-02-08 09:19:03,2026-04-25 13:25:05,,,Article > Story,Travel > Travel agencies > Escorted vacations,4
Transpacific crossing — Grokipedia,https://grokipedia.com/page/Transpacific_crossing,en,,200,77,4.4,580721,0,68,91,0,0,https://www.cruiseaway.com.au/cruise/transpacific-from-sydney-australia-with-the-royal-princess-18446906,,"32 nights Transpacific cruise from Sydney, Australia - CruiseAway",,,,text,false,false,false,false,false,false,true,,,pagefound,2026-01-11 02:33:08,2026-04-19 22:23:56,,,Article > Wiki,Travel > Transportation > Rail; Reference > Geographic reference,1
Australian Cruise Magazine,https://www.australiancruisemagazine.com/search/label/Holland%20America,en,,200,0,4.4,0,0,13,20,0,0,http://www.cruiseaway.com.au/,"For details, contact Cruiseaway 1300 887 590",www.cruiseaway.com.au,,,,text,false,true,false,false,false,false,true,,,pagefound,2025-12-06 06:54:04,2026-03-10 13:24:32,,,,,906
Kreuzfahrtschiffe - Michael Puls,https://www.michaelpuls.name/links/schiffe/kreuzfahrtschiffe/,de,,200,0.2,4.4,0,0,48,109,0,0,http://www.cruiseaway.com.au/cruise-destination/antarctica-cruises,,http://www.cruiseaway.com.au/cruise-destination/antarctica-cruises,,,,text,false,false,false,false,false,false,true,,,linkrestored,2019-08-13 17:02:08,2026-04-01 11:56:13,,,,,2
The Globe - The world's most visited web pages,http://theglobe.org/the_worlds_most_visited_web_pages_272.html,en,,200,3.6,4.4,0,1,1024,1288,0,0,http://www.cruiseaway.com.au/,,272137. cruiseaway.com.au,,,,text,true,true,false,false,false,true,true,,,linkrestored,2013-08-09 08:22:32,2026-04-02 11:20:25,,,Listing collection > Business,Internet > Web services > Analytics,4
The Globe - The world's most visited web pages,http://theglobe.net/the_worlds_most_visited_web_pages_272/,pt,,200,40,4.4,0,0,1115,1731,0,0,https://www.cruiseaway.com.au/,,272137. cruiseaway.com.au,,http://www.cruiseaway.com.au/,301,text,true,true,false,false,false,false,true,,,linkrestored,2015-11-22 07:04:40,2026-05-01 06:45:21,,,Listing collection > Business,Internet > Web services > Analytics,8
"Save on travel adventures at Click Frenzy's big event for 2025 | Braidwood Times | Braidwood, NSW",https://www.braidwoodtimes.com.au/story/9043916/save-on-travel-adventures-at-click-frenzys-big-event-for-2025/,en,,200,34,0,109,0,26,42,0,0,https://www.cruiseaway.com.au/cruise-deals,,Cruiseaway,- $400 onboard credit and reduced deposits on cruises,,,text,false,true,false,false,false,false,true,,,pagefound,2025-08-28 10:26:39,2026-05-06 05:12:59,,,,,1
"Today: CRETACCIO ISLAND (Tremiti, Italy) Info, Dec 14, 2012",https://www.interalex.net/2012/12/cretaccio-island-tremiti-italy-info-dec.html,en,,200,3.5,0,0,0,95,176,0,0,http://www.cruiseaway.com.au/cruise-port/tremiti_islands_italy,,"Tremiti Islands, Italy - Cruise Away - Cruises | Best Cheap ...",,,,text,false,true,false,false,false,false,true,,,linkrestored,2020-10-23 17:48:20,2026-04-19 20:20:38,,,Article > Story,Travel > Tourist destinations > Islands; Reference > Geographic reference > Maps; Entertainment,1
"CruiseAway: Ready, Set, Sail! (Whenever You Want) | Milled",https://milled.com/cruiseaway-by-dreamlines-pty-ltd/ready-set-sail-whenever-you-want-AsbZC2RDMIxu478f,en,,200,74,0,24993,0,4,37,0,0,https://www.cruiseaway.com.au/cruises/south-pacific,,South Pacific Cruises,,,,image,false,false,true,false,false,false,true,,,pagefound,2026-04-17 16:19:40,2026-04-17 16:19:40,,,,,1
Most Visited website list 1976 | Social Zone Directory,https://socialzonedirectory.com/most-visited-website-list-1976/,en,wordpress,200,56,0,0,0,5393,7153,0,0,https://www.cruiseaway.com.au/,,cruiseaway.com.au,,https://cruiseaway.com.au/,301,text,true,false,false,false,false,false,true,,,pagefound,2025-09-28 00:16:07,2026-05-07 22:08:00,,,Listing collection > Business,Internet > Web services > Development; Business > Business services > Consulting; Reference,1
"Save on travel adventures at Click Frenzy's big event for 2025 | The Rural | Wagga Wagga, NSW",https://www.therural.com.au/story/9043916/save-on-travel-adventures-at-click-frenzys-big-event-for-2025/,en,,200,38,0,4366,0,32,46,0,0,https://www.cruiseaway.com.au/cruise-deals,,Cruiseaway,- $400 onboard credit and reduced deposits on cruises,,,text,false,true,false,false,false,false,true,,,pagefound,2025-08-28 10:06:51,2026-05-09 06:32:27,,,,,1
Anonym.es - free dereferer service,https://anonym.es/?http://cruiseaway.com.au,"en, de",,200,51,0,0,1,1,3,0,0,https://www.cruiseaway.com.au/,,http://cruiseaway.com.au,,"http://cruiseaway.com.au/, https://cruiseaway.com.au/","301, 301",text,true,true,false,false,false,false,true,,,linkfound,2026-04-27 12:04:26,2026-04-27 12:04:26,,,Site page > Services,Internet > Web services > Other; Communities; Business; Finance,1
Content Marketing Drove My Organic Traffic with Rank-Your.Site 📈 ★★★★★,https://rank-optimizer.website/rank-your-site-content-marketing-drove-my-organic-traffics/,en,wordpress,200,66,0,0,0,5243,5725,0,0,https://www.cruiseaway.com.au/,,"Using Rank-Your.Site strategies, our dreamlines.cn's DR jumped from 25 to an impressive level ⚡",,https://dreamlines.cn/,301,text,true,true,true,false,false,false,true,,,linkfound,2026-04-13 05:06:08,2026-04-28 18:15:29,,,Article > Review,Internet > Web services > SEO and marketing; Business > Marketing > Marketing,1
Directory website list 1976 – Business Growth 953 | Business Listing Portal,https://businesslistingportal.com/directory-website-list-1976-business-growth-953/,en,wordpress,200,3.4,0,0,0,5392,7149,0,0,https://www.cruiseaway.com.au/,,cruiseaway.com.au,,https://cruiseaway.com.au/,301,text,true,false,false,false,false,false,true,,,pagefound,2025-12-16 07:48:11,2026-05-04 19:59:19,,,Listing collection > Business,Business > Business services > Consulting,1
"Save on travel adventures at Click Frenzy's big event for 2025 | Tenterfield Star | Tenterfield, NSW",https://www.tenterfieldstar.com.au/story/9043916/save-on-travel-adventures-at-click-frenzys-big-event-for-2025/,en,,200,37,0,177,0,28,43,0,0,https://www.cruiseaway.com.au/cruise-deals,,Cruiseaway,- $400 onboard credit and reduced deposits on cruises,,,text,false,true,false,false,false,false,true,,,pagefound,2025-08-28 10:12:08,2026-05-08 14:16:16,,,,,1
"Before Discovering SEOExpress.org, I Spent Years on Expensive Agencies That Didn't Deliver the Results Promised. Eventually, I Tried Their White-Hat Backlinks Service and In Just Eight Weeks, My Domain Authority Ramped Up from DA 15 to DA 48 and Leads Poured In at a Rate of Over One Hundred Per Month! Best Investment in SEO ★★★★★ 💎 — Backlink",https://thebacklink.shop/before-discovering-seoexpress-i-spent-years-on-expensive-agencies-that-didnt-deliver-the-results-promised-eventually-i-tried-their-white-hat-backlinks-service-and-in-only-eight-weeks-my,en,,200,29,0,0,36,5041,8480,0,0,https://www.cruiseaway.com.au/,,"I remember when cruise-away.com.au was buried on page 7, struggling to attract any visitors. After discovering SEOExpress.org and their affordable SEO packages, everything changed. Within just two months, my site jumped to page 1 and traffic skyrocketed from 150 to over 5,000 monthly visits! Investing in them felt like the best decision I ever made for my business 🌟",,https://cruise-away.com.au/,301,text,true,false,true,false,false,false,true,,,linkfound,2026-05-09 21:58:01,2026-05-09 21:58:01,,,Article > Story,Internet > Web services > SEO and marketing; Business > Marketing > Marketing,1
"CruiseAway: A Journey Across the Globe — With Over USD$37,000 in Added Value | Milled",https://milled.com/cruiseaway-by-dreamlines-pty-ltd/a-journey-across-the-globe-with-over-usd-37-000-in-added-value-s617oAkfpQbYpSdX,en,,200,74,0,24993,0,3,3,0,0,https://www.cruiseaway.com.au/,,"Call now to secure your desired stateroom from $79,999pp »",,,,text,false,true,true,false,false,false,true,,,pagefound,2026-04-09 12:17:08,2026-04-09 12:17:08,,,,,1
list.net.in | few of top websites | page no. 363,https://www.get.ind.in/domain-list-363,en,,200,0,0,0,0,1082,2082,0,0,https://www.cruiseaway.com.au/,,cruiseaway.com.au,,"http://cruiseaway.com.au/, https://cruiseaway.com.au/","301, 301",text,false,true,true,false,false,false,true,,,pagefound,2026-03-05 20:10:29,2026-05-06 18:26:39,,,Listing collection > Business,Internet > Web services > Analytics; Reference,1
How to Use IoT for Smarter E-Commerce Customer Experiences | Directory Cell,https://directorycell.com/how-to-use-iot-for-smarter-e-commerce-customer-experiences/,en,wordpress,200,17,0,0,44,3374,5090,0,0,https://www.cruiseaway.com.au/,,cruiseaway,,https://cruiseaway.com.au/,301,text,true,true,false,false,false,false,true,,,pagefound,2024-12-14 12:14:20,2026-04-03 09:07:05,,,Article > How-to,Business > Retail trade > Technology; Computers and electronics > Consumer electronics; Shopping > Shopping portals; Internet > Web services > Development,1
CruiseAway: 🏦Cruise Deals That Won't Break The Bank🏦 | Milled,https://milled.com/cruiseaway-by-dreamlines-pty-ltd/cruise-deals-that-wont-break-the-bank-KArcFzneqfr4s8B5,en,,200,74,0,24993,0,6,21,0,0,https://www.cruiseaway.com.au/cruise/world-cruise-sector---london-to-sydney-16478680,,World Cruise Sector - London to Sydney,,,,text,false,true,true,false,false,false,true,,,pagefound,2025-01-22 11:35:55,2026-05-09 03:39:39,,,,,1
,http://papasearch.net/ClaudeMonet21.html,en,,200,16,0,0,0,1723,5290,0,0,https://www.cruiseaway.com.au/ship/queen-victoria,| Best Deals 2017 | Save up to -69% OFF,https://www.cruiseaway.com.au/ship/queen-victoria,... Queen Victoria was made by the ... The Queens,,,text,true,true,false,false,false,false,true,,,linkrestored,2020-01-23 21:44:59,2026-04-29 03:00:06,,,Listing collection > Event,Society > Social sciences > Other; Entertainment > Other; Reference > Humanities; Books,1
How to Use IoT for Smarter E-Commerce Customer Experiences | Top Links DIrectory,https://toplinksdirectory.com/how-to-use-iot-for-smarter-e-commerce-customer-experiences/,en,wordpress,200,22,0,0,43,3374,5069,0,0,https://www.cruiseaway.com.au/,,cruiseaway,,https://cruiseaway.com.au/,301,text,true,true,false,false,false,false,true,,,pagefound,2024-12-14 14:15:37,2026-04-22 06:05:16,,,Article > How-to,Business > Retail trade > Technology; Computers and electronics > Consumer electronics; Shopping > Shopping portals; Internet > Web services > Development,1
✅ Website Stats 📊,https://metamagic.top/stats/66851,en,,200,39,0,0,0,3698,4135,0,0,https://www.cruiseaway.com.au/,try this website,cruise-away.com.au,&nbsp,https://cruise-away.com.au/,301,text,true,true,true,false,false,false,true,,,pagefound,2026-04-20 21:21:15,2026-04-20 21:21:15,,,Listing collection > Business,Internet > Web services > Analytics; Reference,1
👲 Domain Report 👲,https://bye.fyi/report/66850,en,,200,48,0,0,0,3695,4138,0,0,https://www.cruiseaway.com.au/,try this website,cruise-away.com.au,&nbsp,https://cruise-away.com.au/,301,text,true,true,true,false,false,false,true,,,linkfound,2026-02-06 07:31:08,2026-03-18 12:39:35,,,Site page > Services,Internet > Web services > Development,1
,https://cruise-away.com.au/,,,301,0,0,0,17,1,1,0,0,https://www.cruiseaway.com.au/,,,,,,redirect,false,false,false,false,false,false,true,,,pagefound,2025-10-18 06:20:49,2026-04-03 09:23:38,,,,,1
Discover the Perfect Weekend Escape with 2 Night Cruise Packages from Brisbane,http://blogs.adsiduous.com/discover-the-perfect-weekend-escape-with-2-night-cruise-packages-from-brisbane/,en,,200,6,0,12,0,7,15,0,0,https://www.cruiseaway.com.au/cruises/australia/brisbane,,https://www.cruiseaway.com.au/cruises/australia/brisbane,,,,text,true,true,false,false,false,false,true,,,pagefound,2026-04-16 12:02:13,2026-04-26 10:01:41,,Sydney Blunt,,,1
"Running My Small Business, I've Always Known How Critical SEO Is but Customizing Keywords Made Me Feel Intimidated Until Researching SEOExpress.org. This Exceptional Team Helped Negotiate Top Keywords for My Niche Resulting in Visible Traffic Growth of Two Hundred Fifty Percent Plus Real Conversions Started Happening—It's Truly Remarkable! ★★★★★ 🌟 — My Sky Shop",https://mysky-shop.shop/running-my-small-business-have-always-known-how-critical-seo-is-but-customizing-keywords-made-me-feel-intimidated-until-researching-seoexpress-an-exceptional-team-helped-negotiate-top,en,,200,29,0,0,36,5236,8700,0,0,https://www.cruiseaway.com.au/,,There was a time when cruiseaway.com.au didn't attract any attention at all—it was disheartening! Then came along SEOExpress.org's outstanding guest posting services: overnight it seemed my authority grew tremendously as well as my visitor count shot through the roof by an astonishing +280%! That kind of result is hard not to love; go check out what they offer 🌟,,https://cruiseaway.com.au/,301,text,true,false,true,false,false,false,true,,,linkfound,2026-04-22 06:45:55,2026-05-10 00:28:20,,,Article > Story,Internet > Web services > SEO and marketing; Business > Small business > Business formation,1
"Save on travel adventures at Click Frenzy's big event for 2025 | Dungog Chronicle | Dungog, NSW",https://www.dungogchronicle.com.au/story/9043916/save-on-travel-adventures-at-click-frenzys-big-event-for-2025/,en,,200,36,0,151,0,30,45,0,0,https://www.cruiseaway.com.au/cruise-deals,,Cruiseaway,- $400 onboard credit and reduced deposits on cruises,,,text,false,true,false,false,false,false,true,,,pagefound,2025-08-28 10:26:50,2026-04-17 12:07:41,,,,,1
"CruiseAway: Elevated Voyages, Exceptional Value 🛳️✨ | Milled",https://milled.com/cruiseaway-by-dreamlines-pty-ltd/elevated-voyages-exceptional-value-9XAsH-PuphDYITqc,en,,200,74,0,24993,0,4,25,0,0,https://www.cruiseaway.com.au/cruise/australia-from-brisbane-australia-with-the-grand-princess-18727514?allInclusive=false&filterParams%5BcabinKind%5D%5B0%5D=19&selectedSail=18727515,,Reef & Rainforest Adventure,,,,text,false,true,true,false,false,false,true,,,linkfound,2026-04-18 07:10:14,2026-04-18 07:10:14,,,,,1
Mamie Till: The Mother Who Sparked a Movement – worldbusinesspromote,https://worldbusinesspromote.com/mamie-till-the-mother-who-sparked-a-movement/,en,wordpress,200,24,0,0,0,2803,3679,0,0,https://www.cruiseaway.com.au/,dreamlineconstructioninc.com dreamlines.com,dreamlines.com.au,dreamlines.de dreamlivingrealty.com,https://dreamlines.com.au/,301,text,true,true,true,false,false,false,true,,,pagefound,2026-03-25 13:54:58,2026-04-24 04:41:47,,,,,1
Why More Australians Are Choosing Cruises That Depart From Home | Seniors Discount Club,https://seniorsdiscountclub.com.au/threads/why-more-australians-are-choosing-cruises-that-depart-from-home.89368/,en,,200,29,0,440,0,16,30,0,0,https://www.cruiseaway.com.au/cruises/australia/tasmania,,"For something closer to home, Tasmania offers an easy, shorter getaway with plenty to discover*",". From Hobart’s historic waterfront to world-class food, wineries, and",,,text,false,true,false,false,false,false,true,,,linkfound,2026-04-03 13:55:13,2026-04-03 13:55:13,,,,,1
Save on travel adventures at Click Frenzy's big event for 2025 | Stock & Land | VIC,https://www.stockandland.com.au/story/9043916/save-on-travel-adventures-at-click-frenzys-big-event-for-2025/,en,,200,59,0,641,0,30,49,0,0,https://www.cruiseaway.com.au/cruise-deals,,Cruiseaway,- $400 onboard credit and reduced deposits on cruises,,,text,false,true,false,false,false,false,true,,,pagefound,2025-08-29 11:09:47,2026-04-21 05:05:37,,,,,1
Most Visited website list 1976 | Most Ranking Directory,https://marketinghubdirectory.com/most-visited-website-list-1976/,en,wordpress,200,16,0,0,0,5392,7154,0,0,https://www.cruiseaway.com.au/,,cruiseaway.com.au,,https://cruiseaway.com.au/,301,text,true,false,false,false,false,false,true,,,pagefound,2025-09-04 21:49:35,2026-04-27 23:01:17,,,Listing collection > Business,Business > Business services > Consulting; Internet > Search engines,1
"Today: ROBINSON CRUSOE ISLAND Info, Dec 31, 2010",https://www.interalex.net/2010/12/robinson-crusoe-island-info.html,en,,200,3.5,0,0,0,112,336,0,0,http://www.cruiseaway.com.au/cruise-port/robinson_crusoe_island_chile,,"Robinson Crusoe Island, Chile - Cruise Away",,,,text,false,true,false,false,false,false,true,,,linkrestored,2020-09-21 13:54:08,2026-05-03 08:26:11,,,Article > News,Entertainment > Movies > Adventure films; News > World news,1
alpana.co.in | few of top websites | page no. 363,https://www.alpana.co.in/domain-list-363,en,,200,4.9,0,0,0,1085,2054,0,1,https://www.cruiseaway.com.au/,,cruiseaway.com.au,,"http://cruiseaway.com.au/, https://cruiseaway.com.au/","301, 301",text,true,true,true,false,false,false,true,,,pagefound,2025-06-02 19:11:34,2026-04-01 17:37:14,,,Listing collection > Business,Internet > Web services > Analytics,1
"CruiseAway: Ready, Set, Sail! (Whenever You Want) | Milled",https://milled.com/cruiseaway-by-dreamlines-pty-ltd/ready-set-sail-whenever-you-want-41Ld9WkC2n-Fo0lU,en,,200,74,0,24993,0,4,15,0,0,https://www.cruiseaway.com.au/cruise/australia-from-brisbane-australia-with-the-quantum-of-the-seas-16840003?sc_lid=558076659&sc_llid=13742&sc_src=email_7913535&sc_uid=TifzvmaXDS,,Predict Offer 2,,,,image,false,false,true,false,false,false,true,,,pagefound,2026-04-15 04:19:42,2026-04-15 04:19:42,,,,,1
List Domains - BIMI Explorer,https://bimi-explorer.svg.zone/bimi/list.html?page=2,en,,200,34,0,0,0,2650,4227,0,0,https://www.cruiseaway.com.au/,,cruiseaway.com.au,,https://cruiseaway.com.au/,301,text,false,false,false,false,false,false,true,,,linkfound,2025-03-11 04:01:35,2026-04-17 15:55:52,,,Listing collection > Business,Internet > Web services > Development; Finance; Business,1
Save on travel adventures at Click Frenzy's big event for 2025 | Farm Weekly | WA,https://www.farmweekly.com.au/story/9043916/save-on-travel-adventures-at-click-frenzys-big-event-for-2025/,en,,200,60,0,977,0,30,49,0,0,https://www.cruiseaway.com.au/cruise-deals,,Cruiseaway,- $400 onboard credit and reduced deposits on cruises,,,text,false,true,false,false,false,false,true,,,pagefound,2025-08-30 06:12:24,2026-04-23 13:23:25,,,,,1
"Before Discovering SEOExpress.org, I Spent Years on Expensive Agencies That Didn't Deliver the Results Promised. Eventually, I Tried Their White-Hat Backlinks Service and In Just Eight Weeks, My Domain Authority Ramped Up from DA 15 to DA 48 and Leads Poured In at a Rate of Over One Hundred Per Month! Best Investment in SEO ★★★★★ 💎 — My Sky Shop",https://mysky-shop.shop/before-discovering-seoexpress-i-spent-years-on-expensive-agencies-that-didnt-deliver-the-results-promised-eventually-i-tried-their-white-hat-backlinks-service-and-in-only-eight-weeks-my,en,,200,29,0,0,36,5038,8455,0,0,https://www.cruiseaway.com.au/,,"I remember when cruise-away.com.au was buried on page 7, struggling to attract any visitors. After discovering SEOExpress.org and their affordable SEO packages, everything changed. Within just two months, my site jumped to page 1 and traffic skyrocketed from 150 to over 5,000 monthly visits! Investing in them felt like the best decision I ever made for my business 🌟",,https://cruise-away.com.au/,301,text,true,false,true,false,false,false,true,,,linkfound,2026-04-18 04:16:55,2026-05-08 09:36:09,,,Article > Story,Internet > Web services > SEO and marketing; Business > Marketing > Marketing,1
"CruiseAway: ✨ Discover the World with MSC ✨ Epic Voyages, Incredible Value.🌊 | Milled",https://milled.com/cruiseaway-by-dreamlines-pty-ltd/discover-the-world-with-msc-epic-voyages-incredible-value-VbcF4vSLxL90KNSc,en,,200,74,0,24993,0,3,3,0,0,https://www.cruiseaway.com.au/,,Mediterranean to Manhattan – A transatlantic Escape,,,,image,false,true,true,false,false,false,true,,,pagefound,2026-04-09 12:17:00,2026-04-09 12:17:00,,,,,1
SEO Tips for Small Businesses – Apply These and Your Online Business Will Soar! – YELPAD,https://yelpad.com/seo-tips-for-small-businesses-apply-these-and-your-online-business-will-soar/,en,wordpress,200,30,0,0,4,5383,7223,0,0,https://www.cruiseaway.com.au/,,cruiseaway,,https://cruiseaway.com.au/,301,text,true,false,false,false,false,false,true,,,pagefound,2024-10-14 10:28:12,2026-05-05 11:48:12,,,Article > How-to,Internet > Web services > SEO and marketing; Business > Small business > Business formation,1
"Save on travel adventures at Click Frenzy's big event for 2025 | Gloucester Advocate | Gloucester, NSW",https://www.gloucesteradvocate.com.au/story/9043916/save-on-travel-adventures-at-click-frenzys-big-event-for-2025/,en,,200,31,0,368,0,30,45,0,0,https://www.cruiseaway.com.au/cruise-deals,,Cruiseaway,- $400 onboard credit and reduced deposits on cruises,,,text,false,true,false,false,false,false,true,,,pagefound,2025-08-28 10:01:07,2026-04-13 00:23:18,,,,,1
Embark on an Unforgettable 10-Day Tasmania Adventure Cruise from Brisbane,http://blogs.adsiduous.com/embark-on-an-unforgettable-10-day-tasmania-adventure-cruise-from-brisbane/,en,,200,6,0,12,0,9,15,0,0,https://www.cruiseaway.com.au/cruise/australia-from-brisbane-australia-with-the-grand-princess-18603819,,https://www.cruiseaway.com.au/cruise/australia-from-brisbane-australia-with-the-grand-princess-18603819,,,,text,true,true,false,false,false,false,true,,,linkfound,2026-04-14 23:12:35,2026-04-26 04:38:19,,Sydney Blunt,,,1
"I Started With Less Than Ten Permanent Backlinks on My Site, But After Two Months of SEOExpress.org's Services, I Have Over Two Hundred High-Quality Links Ranking Me at the Top of Major Google Searches for Key Products. It’s affordable SEO that pays off big time! 🌟🔥 — SEO Express Online",https://seoexpress.online/i-started-with-less-than-ten-permanent-backlinks-on-my-site-and-now-after-two-months-of-seoexpress-com-services-I-have-over-two-hundred-high-quality-links-ranking-me-on-top-of-major-google,en,,200,28,0,0,34,5194,8794,0,0,https://www.cruiseaway.com.au/,,I used to think SEO meant pricey consultants until I discovered SEOExpress.org while searching online for help with dreamlines.cn. Their budget-friendly packages delivered results fast: organic traffic more than tripled from under 200 visits/month after only two months! The combination of guest blogging and PBN links worked wonders—I recommend them wholeheartedly 🌟,,https://dreamlines.cn/,301,text,true,false,true,false,false,false,true,,,pagefound,2026-04-29 07:33:42,2026-04-29 07:33:42,,,Article > Story,Internet > Web services > SEO and marketing; Business > Marketing > Marketing,1
diamond princess cruise ship location,https://mettaainstitute.com/94kip/doyay/page.php?page=diamond-princess-cruise-ship-location,,"ecommerce, wordpress",200,7,0,2,0,44,72,0,0,https://www.cruiseaway.com.au/ship/diamond-princess/position,speaks on the phone near the Diamond Princess cruise ship.,Diamond Princess - Live Ship Position - CruiseAway,Chronology of COVID-19 Cases on the Diamond Princess ... Diamond,,,text,false,true,false,false,false,false,true,,,pagefound,2022-12-16 11:46:52,2025-12-10 16:56:45,,,Listing > Location,Travel > Specialty travel > Luxury travel,1
9 Best Cruise Affiliate Programs 2025,https://affmojo.com/cruise-affiliate-programs/,en,wordpress,200,1.3,0,1,0,27,40,0,0,https://www.cruiseaway.com.au/,URL:,Cruise Away Affiliate Program,,,,text,false,true,true,false,false,false,true,,,pagefound,2024-10-22 15:23:12,2026-05-09 11:17:05,,,,,1
Directory website list 1977 | Medium Directory,https://mediumdirectory.com/directory-website-list-1977/,en,wordpress,404,14,0,0,0,5213,6194,0,0,https://www.cruiseaway.com.au/,,dreamlines.com.au,,https://dreamlines.com.au/,301,text,true,false,false,false,false,false,true,notfound,,pagefound,2025-10-22 15:36:16,2025-11-06 13:57:09,2026-04-15 17:14:38,,,,1
"Professional Link Building Agency Result 227: How Expert Links Delivered Page One for Any Client Niche — Professional Link Building Service — Increase Domain Rating, Domain Authority and Trust Flow — Real Guest Posts and PBN Links — All Niches — Worldwide",https://linkrankpro.shop/vtlmyo6-agency-professional-link-building-result-030-page-one-any-niche-worldwide/,en,,200,47,0,0,0,8304,9752,0,0,https://www.cruiseaway.com.au/,,Professional link building for cruiseaway.com.au from agency ranking websites in 20 countries,,https://cruiseaway.com.au/,301,text,true,false,true,false,false,false,true,,,linkfound,2026-05-11 10:09:30,2026-05-11 10:09:30,,,Article > Review,Internet > Web services > SEO and marketing; Business > Marketing > Marketing,1
"Today: KOH LANTA NOI Island, Ko Lanta Noi (Krabi, Thailand) Info, Feb 20, 2014",https://www.interalex.net/2014/02/koh-lanta-noi-island-ko-lanta-noi-krabi.html,en,,200,3.5,0,0,0,57,97,0,0,http://www.cruiseaway.com.au/cruise-port/koh-lanta-thailand,,"Koh Lanta, Thailand - Cruise Away",www.cruiseaway.com.au/cruise-port/koh-lanta-thailand Cached,,,text,false,true,false,false,false,false,true,,,linkrestored,2020-09-16 23:19:18,2026-04-22 20:07:01,,,Article > Story,Travel > Tourist destinations > Islands,1
The Real Deal With Opt-In Email Marketing Techniques-00100n | Top To High,https://toptohigh.com/the-real-deal-with-opt-in-email-marketing-techniques-00100n/,en,wordpress,200,55,0,0,0,419,515,0,0,https://www.cruiseaway.com.au/,,cruiseaway,,,,text,true,true,false,false,false,false,true,,,pagefound,2024-07-25 01:24:11,2026-05-10 23:32:03,,,,,1
"Today: AOBA Island (Ambae, Vanuatu) Info, Dec 26, 2011",https://www.interalex.net/2011/12/aoba-island-ambae-vanuatu-info-dec-26.html,en,,200,3.5,0,0,0,86,157,0,0,http://www.cruiseaway.com.au/cruise-port/ambae_bali_hai_vanuatu,,"Ambae (Bali Hai), Vanuatu - Cruise Away",,,,text,false,false,false,false,false,false,true,,,linkrestored,2020-12-18 11:50:14,2026-04-28 03:22:57,,,Article > News,Reference > Geographic reference > Maps; Travel > Tourist destinations > Islands; News,1
Set Sail: Discover the Hidden Gems of the Abrolhos Islands on a 5-Day Cruise from Perth,https://best-options.ghost.io/set-sail-discover-the-hidden-gems-of-the-abrolhos-islands-on-a-5-day-cruise-from-perth/,en,,200,85,0,26000,0,5,6,0,0,https://www.cruiseaway.com.au/?ref=best-options.ghost.io,,https://www.cruiseaway.com.au/,,,,text,false,true,false,false,false,false,true,,,linkfound,2026-03-20 18:57:30,2026-04-12 12:13:12,,Andy Mann,,,1
Directory website list 1977 | Verified Directory,https://verifieddirectory.com/directory-website-list-1977/,en,wordpress,404,14,0,0,0,5182,6058,0,0,https://www.cruiseaway.com.au/,,dreamlines.com.au,,https://dreamlines.com.au/,301,text,true,false,false,false,false,false,true,notfound,,pagefound,2025-08-31 20:07:08,2025-11-29 13:39:42,2026-04-20 19:54:36,,,,1
Directory website list 1977 | Saas Web Directory,https://saaswebdirectory.com/directory-website-list-1977/,en,wordpress,404,14,0,0,0,5181,6053,0,0,https://www.cruiseaway.com.au/,,dreamlines.com.au,,https://dreamlines.com.au/,301,text,true,false,false,false,false,false,true,notfound,,pagefound,2025-09-11 02:07:02,2025-11-11 22:07:35,2026-04-17 16:41:45,,,,1
"Today: AUSTRAL Islands Info, Jan 08, 2011",https://www.interalex.net/2011/01/austral-islands-info.html,en,,200,3.5,0,0,0,94,276,0,0,http://www.cruiseaway.com.au/cruise-port/rurutu_austral_islands,,"Rurutu, Austral Islands - Cruise Away",,,,text,false,true,false,false,false,false,true,,,linkrestored,2020-10-08 15:04:36,2026-04-22 20:47:30,,,Article > News,News > World news; Entertainment,1
"I Started With Less Than Ten Permanent Backlinks on My Site, But After Two Months of SEOExpress.org's Services, I Have Over Two Hundred High-Quality Links Ranking Me at the Top of Major Google Searches for Key Products. It’s affordable SEO that pays off big time! 🌟🔥 — Ranking High SEO",https://therankinghighseo.shop/i-started-with-less-than-ten-permanent-backlinks-on-my-site-and-now-after-two-months-of-seoexpress-com-services-I-have-over-two-hundred-high-quality-links-ranking-me-on-top-of-major-google,en,,200,29,0,0,29,5186,8776,0,0,https://www.cruiseaway.com.au/,,I used to think SEO meant pricey consultants until I discovered SEOExpress.org while searching online for help with dreamlines.cn. Their budget-friendly packages delivered results fast: organic traffic more than tripled from under 200 visits/month after only two months! The combination of guest blogging and PBN links worked wonders—I recommend them wholeheartedly 🌟,,https://dreamlines.cn/,301,text,true,false,true,false,false,false,true,,,linkfound,2026-04-23 11:52:07,2026-04-23 11:52:07,,,Article > Story,Internet > Web services > SEO and marketing; Business,1
Most Visited website list 1928 | Media Post Directory,https://mediapostdirectory.com/most-visited-website-list-1928/,en,wordpress,200,56,0,0,0,5401,6267,0,0,https://www.cruiseaway.com.au/,,cruiseaway,,https://cruiseaway.com.au/,301,text,true,false,false,false,false,false,true,,,pagefound,2025-10-02 00:19:04,2026-05-06 01:16:03,,,Listing collection > Business,News > Other; Internet > Web services; Business > Business services; Reference > Listings > Business; Entertainment; Society,2
👲 Domain Report 👲,https://screenshots.wiki/report/93425,en,,200,39,0,0,0,3694,4151,0,0,https://www.cruiseaway.com.au/,more info here,dreamlines.cn,&nbsp,https://dreamlines.cn/,301,text,true,true,true,false,false,false,true,,,linkfound,2026-03-24 21:49:41,2026-03-24 21:49:41,,,Site page > Services,Internet > Web services > Analytics,1
Most Visited website list 1976 | Business Directory,https://businesswebsitesdirectory.com/most-visited-website-list-1976/,en,wordpress,200,19,0,0,0,5395,7161,0,0,https://www.cruiseaway.com.au/,,cruiseaway.com.au,,https://cruiseaway.com.au/,301,text,true,false,false,false,false,false,true,,,pagefound,2025-10-13 13:33:25,2026-05-10 05:09:20,,,Listing collection > Business,Business > Business services > Consulting; Internet,1
Most Visited website list 1977 | Most Rank Directory,https://mostrankdirectory.com/most-visited-website-list-1977/,en,wordpress,200,18,0,0,0,5401,7143,0,0,https://www.cruiseaway.com.au/,,dreamlines.com.au,,https://dreamlines.com.au/,301,text,true,false,false,false,false,false,true,,,pagefound,2025-12-08 02:52:18,2026-05-08 12:33:16,,,Listing collection > Business,Internet > Web services > Analytics; Business > Business services > Consulting; Reference > Listings,1
"Today: MELEKEOK (Palau) Info (year 2011), Jan 16, 2012",https://www.interalex.net/2012/01/melekeok-palau-info-year-2011-jan-16.html,en,,200,3.5,0,0,0,93,185,0,0,http://www.cruiseaway.com.au/cruise-port/palau_island_republic_palau,,"Palau Island, Republic of Palau - Cruise Away",,,,text,false,false,false,false,false,false,true,,,linkrestored,2020-11-08 05:48:33,2026-04-23 02:55:01,,,Article > News,Reference > Geographic reference > Maps; Travel > Tourist destinations > Other; Entertainment,1
,http://papasearch.net/ClaudeMonet21.html,en,,200,16,0,0,0,1723,5290,0,0,https://www.cruiseaway.com.au/ships?sd=19%2F02%2F2015,up to -79% OFF in 2017 - 2018 | CruiseAway,https://www.cruiseaway.com.au/ships?sd=19/02/2015,... these are the areas which ... From the club,,,text,true,true,false,false,false,false,true,,,linkrestored,2020-01-23 21:44:59,2026-04-29 03:00:06,,,Listing collection > Event,Society > Social sciences > Other; Entertainment > Other; Reference > Humanities; Books,1
👲 Domain Report 👲,https://screenshots.wiki/report/66850,en,,200,39,0,0,0,3692,4137,0,0,https://www.cruiseaway.com.au/,try this website,cruise-away.com.au,&nbsp,https://cruise-away.com.au/,301,text,true,true,true,false,false,false,true,removedfromhtml,,linkfound,2026-02-19 23:46:53,2026-02-19 23:46:53,2026-04-15 11:06:46,,Site page > Services,Internet > Web services > Development,1
"Today: SAINT DENIS (Reunion) Info (year 2011), Jan 29, 2012",https://www.interalex.net/2012/01/saint-denis-reunion-info-year-2011-jan.html,en,,200,3.5,0,0,0,95,172,0,0,http://www.cruiseaway.com.au/cruise-port/st_denis_reunion,,"St Denis, Reunion - Cruise Away - Cruises | Best Cheap ...",,,,text,false,false,false,false,false,false,true,,,linkrestored,2020-12-17 18:22:48,2026-04-23 10:58:12,,,Article > News,Reference > Geographic reference; Society; Entertainment > Events; News; Travel,1
✅ Website Stats 📊,https://creativeposts.top/stats/66850,en,,200,43,0,0,0,3698,4131,0,0,https://www.cruiseaway.com.au/,try this website,cruise-away.com.au,&nbsp,https://cruise-away.com.au/,301,text,true,true,true,false,false,false,true,,,pagefound,2026-02-18 22:27:45,2026-04-27 05:37:45,,,Listing collection > Business,Internet > Web services > Analytics; Reference,1
,http://papasearch.net/ClaudeMonet20.html,en,,200,16,0,0,0,1793,5157,0,0,https://www.cruiseaway.com.au/ship/costa-deliziosa,Costa Deliziosa - CruiseAway,https://www.cruiseaway.com.au/ship/costa-deliziosa,Cabins. The Costa Deliziosa offers all passengers living comfort of,,,text,true,true,false,false,false,false,true,,,linkrestored,2020-01-23 23:46:30,2026-04-29 02:59:39,,,Listing collection > Event,Entertainment > Design > Painting,1
CruiseAway: This Week’s Top Luxury Cruise Offers – Set Sail in Style | Milled,https://milled.com/cruiseaway-by-dreamlines-pty-ltd/this-weeks-top-luxury-cruise-offers-set-sail-in-style-gzUiYgLWzZQVNrQM,en,,200,74,0,24993,0,4,21,0,0,https://www.cruiseaway.com.au/cruise-lines-specials/explora-journeys-invitation-to-explore,,Explora Journeys Invitation to Explore,,,,image,false,true,true,false,false,false,true,,,pagefound,2025-09-08 15:44:34,2026-04-22 20:48:15,,,,,1
Gratuity,https://olps.co.za/kiwix/content/wikipedia_en_all_maxi_2024-01/A/Gratuity,en,,200,3.7,0,50,0,139,259,0,0,https://www.cruiseaway.com.au/blog/service-tips/gratuities/,,"""Overview: Cruise line tipping (infographic)""",. Cruiseaway.com.au Blog. 2016-09-14,,,text,false,true,false,false,false,false,true,,,linkfound,2026-04-30 00:35:10,2026-04-30 00:35:10,,,Article > Wiki,Society > Advocacy > Labor issues; Food > Restaurants > Other,1
4 Classic Tips For Marketing Your Business Offline | Webs Country,https://webscountry.com/4-classic-tips-for-marketing-your-business-offline/,en,wordpress,200,57,0,0,0,2440,3228,0,0,https://www.cruiseaway.com.au/,,cruiseaway.com.au,,https://cruiseaway.com.au/,301,text,true,true,false,false,false,false,true,,,pagefound,2024-06-08 16:17:27,2026-05-08 23:40:37,,,,,1
Directory website list 1977 – Online Success 728 | Enter Prise Directory Hub,https://enterprisedirectoryhub.com/directory-website-list-1977-online-success-728/,en,wordpress,200,0.1,0,0,0,5397,7132,0,0,https://www.cruiseaway.com.au/,,dreamlines.com.au,,https://dreamlines.com.au/,301,text,true,false,false,false,false,false,true,,,pagefound,2025-10-25 01:15:30,2026-04-27 05:14:09,,,Listing collection > Business,Business > Business services > Consulting; Internet > Web services,1
Discover Affordable Cruises from Australia,https://trendeddaily.com/discover-affordable-cruises-from-australia/,en,wordpress,200,0,0,0,0,5,5,0,0,https://www.cruiseaway.com.au/cheap-cruises,"To harness the best deals, visit resources such as",Cheap Cruises under $999pp,and Cruise Offers to explore options that fit your travel,,,text,false,true,false,false,false,false,true,,,linkfound,2026-05-11 07:12:00,2026-05-11 07:12:00,,Arielle Haggard,,,1
CruiseAway: ✨ Two Unforgettable Journeys Through Southeast Asia - Huge savings & incredible inclusions | Milled,https://milled.com/cruiseaway-by-dreamlines-pty-ltd/two-unforgettable-journeys-through-southeast-asia-huge-savings-and-incredible-n9k4DgWHJtRFKDza,en,,200,74,0,24993,0,5,20,0,0,https://www.cruiseaway.com.au/cruise/islands-of-fire-temples-18808690?filterParams%5BcabinKind%5D%5B0%5D=19&selectedSail=18661566,,"18 November 2027 - 19 nights - From $5,499pp »",,,,text,false,true,true,false,false,false,true,,,linkfound,2026-04-16 19:47:46,2026-04-16 19:47:46,,,,,1
"Save on travel adventures at Click Frenzy's big event for 2025 | The Daily Advertiser | Wagga Wagga, NSW",https://www.dailyadvertiser.com.au/story/9043916/save-on-travel-adventures-at-click-frenzys-big-event-for-2025/,en,,200,57,0,17651,0,34,50,0,0,https://www.cruiseaway.com.au/cruise-deals,,Cruiseaway,- $400 onboard credit and reduced deposits on cruises,,,text,false,true,false,false,false,false,true,,,pagefound,2025-08-28 04:30:49,2026-04-12 23:54:17,,,,,1
"Ranking Fast on Google and All Search Engines in 3 Weeks — Monthly SEO, High DA/DR/TF, PBN Support, Guest Posts — All Niches Allowed (Gambling Included) 24/7 Support — Visit SkylinkSEO.com – Manual Premium Links, Fast Results",https://backlinker.shop/4w0tppf-contact-to-us-and-get-offer-details-for-seo-ranking-fast/,en,wordpress,200,58,0,0,57,8301,9370,0,0,https://www.cruiseaway.com.au/,,Google momentum multilingual for cruiseaway.com.au: backlinks + GP; DR/DA/TF rise. | Visit Skylinkseo.com for any Query,,https://cruiseaway.com.au/,301,text,true,false,true,false,false,true,true,,,pagefound,2025-09-24 09:31:21,2026-03-14 19:45:03,,,Site page > Services,Internet > Search engines,1
Directory website list 1976 | Seo Directory Pro,https://seodirectorypro.com/directory-website-list-1976/,en,wordpress,200,8,0,0,0,5398,7170,0,0,https://www.cruiseaway.com.au/,,cruiseaway.com.au,,https://cruiseaway.com.au/,301,text,true,false,false,false,false,false,true,,,pagefound,2026-02-01 09:07:14,2026-05-06 01:21:23,,,Listing collection > Business,Business > Business services > Consulting; Internet > Search engines,1
Best Tool for Pinterest SiteToSocial Fully Automated AI Generated Pins Grow Your Website Traffic,https://newsblogsports.site/all/127/22,en,,200,0,0,0,0,3077,4008,0,0,https://www.cruiseaway.com.au/,,Best Pinterest Tool SiteToSocial.com to Grow Your Website Traffic Fully Automated,,https://cruiseaway.com.au/,301,text,true,false,false,false,false,false,true,,,linkfound,2026-05-08 03:20:05,2026-05-08 03:20:05,,,Site page > Services,Internet > Web services > SEO and marketing,1
CruiseAway: Bundle & Save: Get Up to $500 Onboard Credit for 2026 Cruises! | Milled,https://milled.com/cruiseaway-by-dreamlines-pty-ltd/bundle-and-save-get-up-to-500-onboard-credit-for-2026-cruises-h2ITMNEbIVmVX016,en,,200,74,0,24993,0,4,27,0,0,https://www.cruiseaway.com.au/terms-and-conditions,"Additional terms, conditions and fees may apply. Please always check",terms and conditions,on the CruiseAway website before making the booking. Supplier Terms and,,,text,false,true,true,false,false,false,true,,,pagefound,2026-04-09 12:17:03,2026-04-09 12:17:03,,,,,1
CruiseAway: The Luck of the Irish is With You 🍀 | Milled,https://milled.com/cruiseaway-by-dreamlines-pty-ltd/the-luck-of-the-irish-is-with-you-B3A8mvcsdIRrl--f,en,,200,74,0,24993,0,5,25,0,0,https://www.cruiseaway.com.au/cruise/whispers-of-coastal-japan-18776654?filterParams%5BcabinKind%5D%5B0%5D=19&selectedSail=18696401,,Whispers of Coastal Japan,,,,text,false,true,true,false,false,false,true,,,pagefound,2026-04-15 04:19:40,2026-04-15 04:19:40,,,,,1
Most Visited website list 1977 | Super Hub Directory,https://superbhubdirectory.com/most-visited-website-list-1977/,en,wordpress,200,56,0,0,0,5401,7145,0,0,https://www.cruiseaway.com.au/,,dreamlines.com.au,,https://dreamlines.com.au/,301,text,true,false,false,false,false,false,true,,,pagefound,2025-11-10 20:25:29,2026-05-05 17:15:42,,,Listing collection > Business,Internet > Web services > Analytics; Business > Business services > Consulting; Reference > Listings,1
"Today: MALAKULA Islang (Vanuatu) Info, Dec 26, 2011",https://www.interalex.net/2011/12/malakula-island-vanuatu-info-dec-26.html,en,,200,3.5,0,0,0,84,159,0,0,http://www.cruiseaway.com.au/cruise-port/wala_vanuatu,,"Wala, Vanuatu - Cruise Away - Cruises | Best Cheap Cruises ...",,,,text,false,false,false,false,false,false,true,,,pagefound,2020-12-18 11:53:09,2026-04-28 03:23:51,,,Article > News,Travel > Tourist destinations > Islands; Entertainment; Reference > Geographic reference; Society,1
"Today: LUNDY Island (England, UK), Info, Oct 13, 2014",https://www.interalex.net/2014/10/lundy-island-england-uk-info-oct-13-2014.html,en,,200,3.5,0,0,0,56,158,0,0,http://www.cruiseaway.com.au/cruise-port/lundy_island_england,,"Lundy Island, England - Cruise Away - Cruises | Best Cheap ...",www.cruiseaway.com.au/cruise-port/lundy_island_england Cached,,,text,false,true,false,false,false,false,true,,,linkrestored,2020-09-07 19:56:12,2026-04-14 05:24:28,,,Article > Roundup,Travel > Tourist destinations > Islands; Entertainment,1
"CruiseAway: Ready, Set, Sail! (Whenever You Want) | Milled",https://milled.com/cruiseaway-by-dreamlines-pty-ltd/ready-set-sail-whenever-you-want-AsbZC2RDMIxu478f,en,,200,74,0,24993,0,4,37,0,0,https://www.cruiseaway.com.au/cruises/asia,,Asia Cruises,,,,image,false,false,true,false,false,false,true,,,pagefound,2026-04-17 16:19:40,2026-04-17 16:19:40,,,,,1
"Today: ITURUP ISLAND (Kuril Islands, Chishima Islands, Japan) Info, Dec 05, 2013",https://www.interalex.net/2013/12/iturup-island-kuril-islands-chishima.html,en,,200,3.5,0,0,0,56,106,0,0,http://www.cruiseaway.com.au/cruise-port/iturup-island-kurils-japan,,"Iturup Island, Kurils, Japan - Cruise Away",www.cruiseaway.com.au/cruise-port/iturup-island-kurils-japan Cached,,,text,false,true,false,false,false,false,true,,,linkrestored,2020-10-25 05:32:00,2026-04-30 11:14:54,,,Article > News,Travel > Tourist destinations > Islands; Reference > Geographic reference > Maps; Entertainment,1
"Running My Small Business, I've Always Known How Critical SEO Is but Customizing Keywords Made Me Feel Intimidated Until Researching SEOExpress.org. This Exceptional Team Helped Negotiate Top Keywords for My Niche Resulting in Visible Traffic Growth of Two Hundred Fifty Percent Plus Real Conversions Started Happening—It's Truly Remarkable! ★★★★★ 🌟 — KMO Shops",https://kmoshops.shop/running-my-small-business-have-always-known-how-critical-seo-is-but-customizing-keywords-made-me-feel-intimidated-until-researching-seoexpress-an-exceptional-team-helped-negotiate-top,en,,200,28,0,0,36,5234,8745,0,0,https://www.cruiseaway.com.au/,,There was a time when cruiseaway.com.au didn't attract any attention at all—it was disheartening! Then came along SEOExpress.org's outstanding guest posting services: overnight it seemed my authority grew tremendously as well as my visitor count shot through the roof by an astonishing +280%! That kind of result is hard not to love; go check out what they offer 🌟,,https://cruiseaway.com.au/,301,text,true,false,true,false,false,false,true,,,pagefound,2026-04-29 09:53:22,2026-04-29 09:53:22,,,Article > Story,Internet > Web services > SEO and marketing; Business > Small business > Business formation,1
"Today: HIDDENSEE Island (Germany) Info, Feb 27, 2013",https://www.interalex.net/2013/02/hiddensee-island-germany-info-feb-27.html,en,,200,3.5,0,0,0,94,174,0,0,http://www.cruiseaway.com.au/cruise-port/isle_hidensee_germany,,"Isle of Hidensee, Germany - Cruise Away - Cruises | Best ...",,,,text,false,true,false,false,false,false,true,,,linkrestored,2020-08-31 23:38:13,2026-04-24 09:57:09,,,Article > News,Travel > Tourist destinations > Islands; Entertainment,1
"""Sand Beaches"" related terms, short phrases and links",http://keywen.com/en/SAND_BEACHES,en,,200,25,0,0,0,37,50,0,0,http://www.cruiseaway.com.au/cruise-port/tuamotu_atolls_french_polynesia,"with small islands, homes to many breeds of nesting birds.",(Web site),,,,text,true,true,false,false,false,false,true,,,pagefound,2025-10-02 10:09:40,2026-01-20 14:01:15,,,,,1
What Does Cruising Look Like in 2022? - Travel Monitor,https://www.travelmonitor.com.au/what-does-cruising-look-like-in-2022/,en,wordpress,200,38,0,731,0,10,13,0,0,https://www.cruiseaway.com.au/,"Australia and UK for Dreamlines, which packages cruise holidays as",CruiseAway,and Cruise1st says that a number of cruise lines are,,,text,false,true,false,false,false,false,true,,,pagefound,2025-05-26 20:08:15,2026-05-07 16:51:14,,,,,1
Cruise Away by Dreamlines – World Social Media Directory,https://worldsocialmedia.directory/cruise-away-by-dreamlines/,en,wordpress,200,40,0,55,0,34,64,0,0,https://www.cruiseaway.com.au/,,https://www.cruiseaway.com.au,,,,text,false,false,false,false,false,false,true,,,pagefound,2021-06-10 06:26:45,2026-05-10 14:14:23,,,,,1
Directory website list 1977 | Traffic Hub Directory,https://traffichubdirectory.com/directory-website-list-1977/,en,wordpress,200,16,0,0,0,5403,7157,0,0,https://www.cruiseaway.com.au/,,dreamlines.com.au,,https://dreamlines.com.au/,301,text,true,false,false,false,false,false,true,,,pagefound,2025-09-29 18:22:59,2026-05-10 00:30:15,,,Listing collection > Business,Business > Business services > Consulting; Internet > Search engines; Reference > Listings > Business,1
Directory website list 1928 | Directory Cloud hub,https://directorycloudhub.com/directory-website-list-1928/,en,wordpress,200,22,0,0,0,5413,6288,0,0,https://www.cruiseaway.com.au/,,cruiseaway,,https://cruiseaway.com.au/,301,text,true,false,false,false,false,false,true,,,pagefound,2025-10-22 07:34:33,2026-05-09 17:55:31,,,Listing collection > Business,Business > Business services > Consulting; Reference > Listings > Business; Internet,2
CruiseAway: This Week’s Top Luxury Cruise Offers – Set Sail in Style | Milled,https://milled.com/cruiseaway-by-dreamlines-pty-ltd/this-weeks-top-luxury-cruise-offers-set-sail-in-style-gzUiYgLWzZQVNrQM,en,,200,74,0,24993,0,4,21,0,0,https://www.cruiseaway.com.au/cruise-lines-specials,,✨Saturday Savers✨,,,,image,false,true,true,false,false,false,true,,,pagefound,2025-09-08 15:44:34,2026-04-22 20:48:15,,,,,1
RankZly.com – Unbeatable Google Rankings & SEO Backlinks — Visit Rankzly.com to Get Discounted Offers,https://rankyour.website/2ewsqtn-boost-google-rankings-with-premium-contextual-seo-backlinks/,en,wordpress,200,74,0,0,0,7028,7820,0,0,https://www.cruiseaway.com.au/,,Complete SEO optimization and link building for cruise-away.com.au | RankZly.com – Your Unbeatable SEO Partner for Fast Google Rankings,,https://cruise-away.com.au/,301,text,true,false,true,false,false,false,true,,,pagefound,2025-12-24 01:46:43,2026-04-29 19:34:35,,,Site page > Services,Internet > Web services > SEO and marketing; Business > Marketing > Marketing,1
Mortgage Website SEO and You – A Beginner’s Guide to Advanced Search Engine Optimization Strategies – DOTIQO,https://dotiqo.com/mortgage-website-seo-and-you-a-beginners-guide-to-advanced-search-engine-optimization-strategies/,en,wordpress,0,28,0,0,0,5362,7139,0,0,https://www.cruiseaway.com.au/,,dreamlines.com.au,,https://dreamlines.com.au/,301,text,true,false,false,false,false,false,true,,tooold,pagefound,2024-10-15 11:45:54,2025-08-11 01:45:18,2026-04-17 13:08:31,,,,1
,http://papasearch.net/ClaudeMonet18.html,en,,200,16,0,0,0,1914,5327,0,0,https://www.cruiseaway.com.au/ship/noordam,Noordam - Cruiseaway,https://www.cruiseaway.com.au/ship/noordam,"Cabins. The Noordam offers four main categories of cabin, including",,,text,true,true,false,false,false,false,true,,,linkrestored,2018-02-17 09:25:30,2026-04-29 02:59:23,,,Listing collection > Event,Entertainment > Design > Painting,1
How To Become A Ship Driver - Mouthbag,https://mouthbag.ashokhall.com/how-to-become-a-ship-driver.html,en,,200,12,0,0,0,17,21,0,0,https://www.cruiseaway.com.au/wp-blog/uploads/2017/03/22180631/shutterstock_33848395-680x1024.jpg,,What It Really Takes To Become A Cruise Ship Captain,,,,image,false,false,false,false,false,false,true,,,pagefound,2024-02-12 15:17:29,2026-03-24 07:12:27,,,,,1
Most Visited website list 1977 | Rank Fast Directory,https://rankfastdirectory.com/most-visited-website-list-1977/,en,wordpress,200,55,0,0,0,5402,7146,0,0,https://www.cruiseaway.com.au/,,dreamlines.com.au,,https://dreamlines.com.au/,301,text,true,false,false,false,false,false,true,,,pagefound,2025-10-22 10:30:14,2026-05-08 00:20:23,,,Listing collection > Business,Internet > Web services > Analytics; Business > Business services > Consulting; Reference > Listings,1
"Today: BUTE Island (Scotland, UK) Info, Oct 14, 2014",https://www.interalex.net/2014/10/bute-island-scotland-uk-info-oct-14-2014.html,en,,200,3.5,0,0,0,54,170,0,0,http://www.cruiseaway.com.au/cruise-port/isle_bute_scotland,,"Isle of Bute, Scotland - Cruise Away - Cruises | Best Cheap ...",www.cruiseaway.com.au/cruise-port/isle_bute_scotland Cached,,,text,false,true,false,false,false,false,true,,,linkrestored,2021-11-25 05:22:03,2026-05-06 05:56:35,,,Article > Roundup,Travel > Tourist destinations > Islands; Entertainment > Events,1
Explore the Beauty of New Zealand: 8-Day Cruise Adventure from Auckland to Wellington,http://blogs.adsiduous.com/explore-the-beauty-of-new-zealand-8-day-cruise-adventure-from-auckland-to-wellington/,en,,200,6,0,12,0,8,14,0,0,https://www.cruiseaway.com.au/cruises/new-zealand/wellington,👉,Cruises to Wellington (AU Site),,,,text,true,false,false,false,false,false,true,,,pagefound,2026-04-15 19:09:51,2026-04-26 11:05:28,,Sydney Blunt,,,1
"Cruiseaway.com.au - анализ сайта, seo характеристики сайта - круисеаваы точка ком точка ау",https://prlog.ru/analysis/cruiseaway.com.au,,,200,51,0,91,0,44,251,0,0,https://www.cruiseaway.com.au/mediterranean-sea-cruises,,cruiseaway.com.au/mediterranean-sea-cruises,,https://cruiseaway.com.au/mediterranean-sea-cruises,301,text,false,true,true,false,false,false,true,,,linkrestored,2019-12-07 03:50:23,2026-05-07 18:56:13,,,,,1
5 Reasons To Go Cruising in Japan in 2018 | Travelzoo,https://www.travelzoo.com/au/blog/5-reasons-to-go-cruising-in-japan-in-2018/,en,,200,73,0,194488,0,4,6,0,0,https://www.cruiseaway.com.au/cruise/circle-japan-with-nebuta-and-festivals-565632,on this 17-night Highlights of Japan Cruise & Tour and,this 15-night Circle Japan with Nebuta and Festivals voyage,"will visit the Aomori Nebuta and Akita Kanto festivals, with",,,text,false,true,false,false,false,false,true,,,linkrestored,2019-01-14 10:26:13,2026-04-07 05:29:51,,,,,1
"Today: ROAD TOWN (British Virgin Islands) Info (year 2011), Jan 25, 2012",https://www.interalex.net/2012/01/road-town-british-virgin-islands-info.html,en,,200,3.5,0,0,0,96,190,0,0,http://www.cruiseaway.com.au/cruise-port/road_town_british_virgin_islands,,"Road Town, British Virgin Islands - Cruise Away",,,,text,false,false,false,false,false,false,true,,,linkrestored,2020-12-18 01:39:48,2026-04-23 01:33:28,,,Article > News,Travel > Tourist destinations > Other; Reference > Geographic reference > Maps; Entertainment,1
Directory website list 1976 | Top Saas Directory,https://topsaasdirectory.com/directory-website-list-1976/,en,wordpress,404,13,0,0,0,5367,7153,0,0,https://www.cruiseaway.com.au/,,cruiseaway.com.au,,https://cruiseaway.com.au/,301,text,true,false,false,false,false,false,true,notfound,,pagefound,2025-10-02 13:49:40,2025-10-20 12:16:19,2026-04-21 21:40:45,,,,1
An Illustrated History Of The Worlds Most Iconic Swimsuits | Bored Panda,https://www.boredpanda.com/an-illustrated-history-of-the-worlds-most-iconic-swimsuits/,en,wordpress,200,84,0,1946075,1,15,29,0,0,https://www.cruiseaway.com.au/iconic-swimsuits,More info:,cruiseaway.com.au,,,,text,false,true,true,false,false,true,true,,,pagefound,2018-09-20 22:23:10,2026-04-21 22:28:45,,,Article > Story,Sports > Water sports > Swimming; Entertainment > Design > Design; Shopping > Apparel > Swimwear; Leisure > Water activities > Swim,1
"Before Discovering SEOExpress.org, I Spent Years on Expensive Agencies That Didn't Deliver the Results Promised. Eventually, I Tried Their White-Hat Backlinks Service and In Just Eight Weeks, My Domain Authority Ramped Up from DA 15 to DA 48 and Leads Poured In at a Rate of Over One Hundred Per Month! Best Investment in SEO ★★★★★ 💎 — SEO Express Store",https://seoexpress.store/before-discovering-seoexpress-i-spent-years-on-expensive-agencies-that-didnt-deliver-the-results-promised-eventually-i-tried-their-white-hat-backlinks-service-and-in-only-eight-weeks-my,en,,200,28,0,0,36,5038,8487,0,0,https://www.cruiseaway.com.au/,,"I remember when cruise-away.com.au was buried on page 7, struggling to attract any visitors. After discovering SEOExpress.org and their affordable SEO packages, everything changed. Within just two months, my site jumped to page 1 and traffic skyrocketed from 150 to over 5,000 monthly visits! Investing in them felt like the best decision I ever made for my business 🌟",,https://cruise-away.com.au/,301,text,true,false,true,false,false,false,true,,,linkfound,2026-05-03 05:04:50,2026-05-03 05:04:50,,,Article > Story,Internet > Web services > SEO and marketing; Business > Marketing > Marketing,1
Most Visited website list 1976 | Click To Buy Directory,https://clicktobuydirectory.com/most-visited-website-list-1976/,en,wordpress,200,20,0,0,0,5403,7175,0,0,https://www.cruiseaway.com.au/,,cruiseaway.com.au,,https://cruiseaway.com.au/,301,text,true,false,false,false,false,false,true,,,pagefound,2025-09-26 11:03:08,2026-05-09 00:47:42,,,Listing collection > Business,Business > Business services > E-commerce; Internet > Web services > SEO and marketing; Shopping,1
"Rank on Page One, Faster — Contextual Dofollow Links Google Values (Update-Safe, DR/DA/TF Up) — seoagency",https://seoagency.sale/2zmevy-rank-on-page-1-with-seo-and-backlinks/,en,wordpress,200,32,0,0,0,8203,9498,0,0,https://www.cruiseaway.com.au/,,dreamlines.com.au — rank faster: visible DR/DA/TF; guest posts that rank. | Visit Buyseolink.com for any Query,,https://dreamlines.com.au/,301,text,true,false,true,false,false,false,true,,,pagefound,2025-12-15 18:41:56,2026-05-03 17:01:27,,,Site page > Services,Internet > Web services > SEO and marketing; Business > Marketing > Marketing,1
Directory website list 1977 | SEO Directory Zone,https://seodirectoryzone.com/directory-website-list-1977/,en,wordpress,404,13,0,0,0,5182,6050,0,0,https://www.cruiseaway.com.au/,,dreamlines.com.au,,https://dreamlines.com.au/,301,text,true,false,false,false,false,false,true,notfound,,pagefound,2025-09-03 16:21:31,2025-12-03 19:27:39,2026-04-19 13:03:28,,,,1
CruiseAway: The Luck of the Irish is With You 🍀 | Milled,https://milled.com/cruiseaway-by-dreamlines-pty-ltd/the-luck-of-the-irish-is-with-you-B3A8mvcsdIRrl--f,en,,200,74,0,24993,0,5,25,0,0,https://www.cruiseaway.com.au/cruise/australia-coral-sea-fiji-legendary-voyage-18606760?selectedSail=18603087,,"Australia, Coral Sea, Fiji Legendary Voyage",,,,text,false,true,true,false,false,false,true,,,pagefound,2026-04-15 04:19:40,2026-04-15 04:19:40,,,,,1
Directory website list 1977 | Data boost directory,https://databoostdirectory.com/directory-website-list-1977/,en,wordpress,200,25,0,0,0,5403,7162,0,0,https://www.cruiseaway.com.au/,,dreamlines.com.au,,https://dreamlines.com.au/,301,text,true,false,false,false,false,false,true,,,pagefound,2025-10-10 06:43:42,2026-05-10 20:13:31,,,Listing collection > Business,Business > Business services > Consulting; Reference > Listings > Business; Internet > Search engines,1
"I Started With Less Than Ten Permanent Backlinks on My Site, But After Two Months of SEOExpress.org's Services, I Have Over Two Hundred High-Quality Links Ranking Me at the Top of Major Google Searches for Key Products. It’s affordable SEO that pays off big time! 🌟🔥 — SEO Express Space",https://seoexpress.space/i-started-with-less-than-ten-permanent-backlinks-on-my-site-and-now-after-two-months-of-seoexpress-com-services-I-have-over-two-hundred-high-quality-links-ranking-me-on-top-of-major-google,en,,200,29,0,0,36,5192,8762,0,0,https://www.cruiseaway.com.au/,,I used to think SEO meant pricey consultants until I discovered SEOExpress.org while searching online for help with dreamlines.cn. Their budget-friendly packages delivered results fast: organic traffic more than tripled from under 200 visits/month after only two months! The combination of guest blogging and PBN links worked wonders—I recommend them wholeheartedly 🌟,,https://dreamlines.cn/,301,text,true,false,true,false,false,false,true,,,linkfound,2026-05-08 06:04:26,2026-05-08 06:04:26,,,Article > Story,Internet > Web services > SEO and marketing; Business > Marketing > Marketing,1
>Australian Marketing Trends to Watch in 2024: Navigating the Evolving Landscape – webdirectoryofworld.site,https://webdirectoryofworld.site/australian-marketing-trends-to-watch-in-2024-navigating-the-evolving-landscape/,en,wordpress,403,16,0,0,0,2298,3847,0,0,https://www.cruiseaway.com.au/,,cruiseaway,,https://cruiseaway.com.au/,301,text,true,false,false,false,false,false,true,pageerror,,pagefound,2025-10-17 01:20:16,2025-10-17 01:20:16,2026-04-20 13:22:16,,,,1
"Save on travel adventures at Click Frenzy's big event for 2025 | Bega District News | Bega, NSW",https://www.begadistrictnews.com.au/story/9043916/save-on-travel-adventures-at-click-frenzys-big-event-for-2025/,en,,200,53,0,1715,0,27,43,0,0,https://www.cruiseaway.com.au/cruise-deals,,Cruiseaway,- $400 onboard credit and reduced deposits on cruises,,,text,false,true,false,false,false,false,true,,,linkrestored,2025-08-28 08:46:56,2026-05-09 07:38:16,,,,,1
Top Ten Cruises from Sydney 2020,https://australiaunwrapped.com/top-ten-cruises-from-sydney-2020/,en,wordpress,200,34,0,278,0,19,28,0,0,https://www.cruiseaway.com.au/cruise/journey-with-the-ovation-of-the-seas-from-sydney-880815,,https://www.cruiseaway.com.au/cruise/journey-with-the-ovation-of-the-seas-from-sydney-880815#/selectedSail=880829,,,,text,false,true,false,false,false,false,true,,,linkrestored,2026-01-09 06:01:02,2026-04-13 23:14:27,,,,,1
CruiseAway: ✨ Purr-Fect Sunday Sales | Milled,https://milled.com/cruiseaway-by-dreamlines-pty-ltd/purr-fect-sunday-sales-O0RUDwd-WmHtGbzW,en,,200,74,0,24993,0,5,22,0,0,https://www.cruiseaway.com.au/cruise/orient-glow-singapores-new-year-voyage-18616620,,Orient Glow - Singapore's New Year Voyage,,,,text,false,true,true,false,false,false,true,,,pagefound,2026-04-15 01:56:52,2026-04-15 01:56:52,,,,,2
Most Visited website list 1977 | Ranking Directory,https://rankingwebdirectory.com/most-visited-website-list-1977/,en,wordpress,200,55,0,0,0,5401,7143,0,0,https://www.cruiseaway.com.au/,,dreamlines.com.au,,https://dreamlines.com.au/,301,text,true,false,false,false,false,false,true,,,pagefound,2025-11-17 16:43:50,2026-05-08 06:47:30,,,Listing collection > Business,Internet > Web services > Analytics; Business > Business services > Consulting,1
"Before Discovering SEOExpress.org, I Spent Years on Expensive Agencies That Didn't Deliver the Results Promised. Eventually, I Tried Their White-Hat Backlinks Service and In Just Eight Weeks, My Domain Authority Ramped Up from DA 15 to DA 48 and Leads Poured In at a Rate of Over One Hundred Per Month! Best Investment in SEO ★★★★★ 💎 — Guest Posts",https://theguestposts.shop/before-discovering-seoexpress-i-spent-years-on-expensive-agencies-that-didnt-deliver-the-results-promised-eventually-i-tried-their-white-hat-backlinks-service-and-in-only-eight-weeks-my,en,,200,28,0,0,30,5038,8492,0,0,https://www.cruiseaway.com.au/,,"I remember when cruise-away.com.au was buried on page 7, struggling to attract any visitors. After discovering SEOExpress.org and their affordable SEO packages, everything changed. Within just two months, my site jumped to page 1 and traffic skyrocketed from 150 to over 5,000 monthly visits! Investing in them felt like the best decision I ever made for my business 🌟",,https://cruise-away.com.au/,301,text,true,false,true,false,false,false,true,,,linkfound,2026-04-24 02:00:20,2026-04-24 02:00:20,,,Article > Story,Internet > Web services > SEO and marketing; Business > Marketing > Marketing,1
Directory website list 1977 – Online Success 728 | Prime company Directory,https://primecompanydirectory.com/directory-website-list-1977-online-success-728/,en,wordpress,200,0.1,0,0,0,5401,7144,0,0,https://www.cruiseaway.com.au/,,dreamlines.com.au,,https://dreamlines.com.au/,301,text,true,false,false,false,false,false,true,,,pagefound,2026-01-04 03:38:21,2026-05-05 14:20:55,,,Listing collection > Business,Business > Business services > Consulting; Internet > Web services,1
"I Started With Less Than Ten Permanent Backlinks on My Site, But After Two Months of SEOExpress.org's Services, I Have Over Two Hundred High-Quality Links Ranking Me at the Top of Major Google Searches for Key Products. It’s affordable SEO that pays off big time! 🌟🔥 — SEO Master High",https://theseomasterhigh.shop/i-started-with-less-than-ten-permanent-backlinks-on-my-site-and-now-after-two-months-of-seoexpress-com-services-I-have-over-two-hundred-high-quality-links-ranking-me-on-top-of-major-google,en,,200,29,0,0,36,5186,8746,0,0,https://www.cruiseaway.com.au/,,I used to think SEO meant pricey consultants until I discovered SEOExpress.org while searching online for help with dreamlines.cn. Their budget-friendly packages delivered results fast: organic traffic more than tripled from under 200 visits/month after only two months! The combination of guest blogging and PBN links worked wonders—I recommend them wholeheartedly 🌟,,https://dreamlines.cn/,301,text,true,false,true,false,false,false,true,,,linkfound,2026-05-04 17:58:40,2026-05-04 17:58:40,,,Article > Story,Internet > Web services > SEO and marketing; Business > Marketing > Marketing,1
Directory website list 1928 – Marketing Pro 95 | Elite Rank Directory,https://eliterankdirectory.com/directory-website-list-1928-marketing-pro-95/,en,wordpress,200,0,0,0,0,5394,6257,0,0,https://www.cruiseaway.com.au/,,cruiseaway,,https://cruiseaway.com.au/,301,text,true,false,false,false,false,false,true,,,pagefound,2026-01-26 22:16:58,2026-04-29 13:23:06,,,Listing collection > Business,Business > Marketing > Marketing; Internet > Web services > SEO and marketing,2
Most Visited website list 1977 | Sure Profits Coach,https://sureprofitscoach.com/most-visited-website-list-1977/,en,wordpress,200,50,0,0,0,5403,7153,0,0,https://www.cruiseaway.com.au/,,dreamlines.com.au,,https://dreamlines.com.au/,301,text,true,false,false,false,false,false,true,,,linkrestored,2025-10-03 17:47:05,2026-05-07 11:45:16,,,Listing collection > Business,Business > Business services > Consulting; Internet > Web services > Analytics,1
"Today: AMBRYM Island (Vanuatu) Info, Dec 26, 2011",https://www.interalex.net/2011/12/ambrym-island-vanuatu-info-dec-26-2011.html,en,,200,3.5,0,0,0,90,164,0,0,http://www.cruiseaway.com.au/cruise-port/ambrym_island_vanuatu,,Ambrym Island Vanuatu - Cruise Away,,,,text,false,false,false,false,false,false,true,,,linkrestored,2020-12-18 11:50:02,2026-04-28 03:17:59,,,Article > News,Travel > Tourist destinations > Islands,1
"Running My Small Business, I've Always Known How Critical SEO Is but Customizing Keywords Made Me Feel Intimidated Until Researching SEOExpress.org. This Exceptional Team Helped Negotiate Top Keywords for My Niche Resulting in Visible Traffic Growth of Two Hundred Fifty Percent Plus Real Conversions Started Happening—It's Truly Remarkable! ★★★★★ 🌟 — Ekenko Shop",https://ekenkoshop.shop/running-my-small-business-have-always-known-how-critical-seo-is-but-customizing-keywords-made-me-feel-intimidated-until-researching-seoexpress-an-exceptional-team-helped-negotiate-top,en,,200,29,0,0,36,5233,8706,0,0,https://www.cruiseaway.com.au/,,There was a time when cruiseaway.com.au didn't attract any attention at all—it was disheartening! Then came along SEOExpress.org's outstanding guest posting services: overnight it seemed my authority grew tremendously as well as my visitor count shot through the roof by an astonishing +280%! That kind of result is hard not to love; go check out what they offer 🌟,,https://cruiseaway.com.au/,301,text,true,false,true,false,false,false,true,,,linkfound,2026-05-06 10:34:58,2026-05-06 10:34:58,,,Article > Story,Internet > Web services > SEO and marketing; Business > Small business > Business formation,1
"CruiseAway: Boutique Voyages, Extraordinary Worlds | Milled",https://milled.com/cruiseaway-by-dreamlines-pty-ltd/boutique-voyages-extraordinary-worlds-vwtlLVXjuO10nZwI,en,,200,74,0,24993,0,4,29,0,0,https://www.cruiseaway.com.au/cruise/iberian-elegance-spanish-serenade-18524926?selectedSail=18267392,,Aegean Elegance - Greek Isles & Turkish Delights,,,,image,false,true,true,false,false,false,true,,,pagefound,2026-05-09 02:16:35,2026-05-09 02:16:35,,,,,1
How to Get More Done With Mobile Marketing | Webs Country,https://webscountry.com/how-to-get-more-done-with-mobile-marketing/,en,wordpress,200,57,0,0,0,2756,3181,0,0,https://www.cruiseaway.com.au/,,cruiseaway,,https://cruiseaway.com.au/,301,text,true,true,false,false,false,false,true,,,pagefound,2024-06-08 19:43:56,2026-05-03 15:27:16,,,,,1
CruiseAway: ✨Incredible Ship – Incredible journey’s ✨ | Milled,https://milled.com/cruiseaway-by-dreamlines-pty-ltd/incredible-ship-incredible-journeys-4gMbm-7o9sPT7vX4,en,,200,74,0,24993,0,5,26,0,0,https://www.cruiseaway.com.au/cruise/sunlit-sojourn-rome-greek-isles-barcelona-18619946,,"Sunlit Sojourn - Rome, Greek Isles & Barcelona",,,,text,false,true,true,false,false,false,true,,,pagefound,2026-04-15 04:19:48,2026-04-15 04:19:48,,,,,1
How Resource-Addition Link Insertions in Existing Portfolio Articles Moved My Rankings Faster Than Any Other Link Type — PBNSEOLinks — Private Link Power for Publicly Dominant Rankings.,https://pbnseolinks.shop/vtlmyo6-high-da-dofollow-backlinks-blog-selected-top-1-percent-opportunities-maximum-authority/,en,,200,0,0,0,0,8302,9749,0,0,https://www.cruiseaway.com.au/,,Scale cruiseaway.com.au Index Power: Certified Guest Posts + Google-Indexed Dofollow Backlinks boosting Elevate Ahrefs Domain Rating DR | Moz Domain Authority DA | Majestic Trust Flow TF — B2B & B2C • All Industries • Worldwide,,https://cruiseaway.com.au/,301,text,false,false,true,false,false,false,true,,,linkfound,2026-05-04 17:37:51,2026-05-04 17:37:51,,,Article > Guide,Internet > Web services > SEO and marketing; Business > Marketing > Marketing,1
CruiseAway - Book Best Price Guarantee Cruises 2025 - 2026 - website infomation,https://www.shumadi.com/website_info/www.cruiseaway.com.au,en,,200,0.6,0,0,0,1,1,0,0,https://www.cruiseaway.com.au/,,CruiseAway - Book Best Price Guarantee Cruises 2025 - 2026 CruiseAway - Book Best Price Guarantee Cruises 2025 - 2026,,,,image,true,true,false,false,false,false,true,,,pagefound,2025-05-20 04:45:16,2026-04-08 08:50:06,,,,,1
Gratuity Explained,https://everything.explained.today/Gratuity/,,,200,56,0,0,0,115,209,0,0,https://www.cruiseaway.com.au/blog/service-tips/gratuities/,Web site:,Overview: Cruise line tipping (infographic),. Cruiseaway.com.au Blog. 2016-09-14. en-US. 2016-09-27.,,,text,false,false,true,false,false,false,true,,,pagefound,2025-12-12 19:03:46,2026-02-07 23:13:18,,,Article > Definition,Society > Advocacy > Labor issues; Finance; Reference; Jobs and education,1
"Today: ROSEAU (Dominica) Info (year 2011), Jan 25, 2012",https://www.interalex.net/2012/01/roseau-dominica-info-year-2011-jan-25.html,en,,200,3.5,0,0,0,88,180,0,0,http://www.cruiseaway.com.au/cruise-port/roseau_dominica,,"Roseau, Dominica - Cruise Away - Cruises | Best Cheap Cruises ...",,,,text,false,false,false,false,false,false,true,,,linkrestored,2020-12-18 01:39:53,2026-04-23 01:26:14,,,Article > News,Entertainment > Events; Reference > Geographic reference; News > Local news; Society,1
Finance:Gratuity - HandWiki,https://handwiki.org/wiki/Finance:Gratuity,en,wikis,200,60,0,1021,0,132,269,0,0,https://www.cruiseaway.com.au/blog/service-tips/gratuities/,.,https://www.cruiseaway.com.au/blog/service-tips/gratuities/,,,,text,false,true,true,false,false,false,true,,,linkrestored,2022-03-13 04:43:58,2026-03-09 12:43:08,,,Article > Wiki,Finance > Other,1
"Cruiseaway.com.au - анализ сайта, seo характеристики сайта - круисеаваы точка ком точка ау",https://prlog.ru/analysis/cruiseaway.com.au,,,200,51,0,91,0,44,251,0,0,https://www.cruiseaway.com.au/cruiseline/azamara-club-cruises,,cruiseaway.com.au/cruiseline/azamara-club-cruises,,https://cruiseaway.com.au/cruiseline/azamara-club-cruises,301,text,false,true,true,false,false,false,true,,,linkrestored,2019-07-22 20:05:01,2026-05-07 18:56:13,,,,,1
How to Get More Done With Mobile Marketing | Article Ment,https://articlement.com/how-to-get-more-done-with-mobile-marketing/,en,wordpress,200,57,0,0,0,2759,3190,0,0,https://www.cruiseaway.com.au/,,cruiseaway,,https://cruiseaway.com.au/,301,text,true,true,false,false,false,false,true,,,pagefound,2025-02-26 06:11:12,2026-05-06 03:36:20,,,,,1
The Ultimate Guide to Royal Caribbean Cruises for Senior Travellers – Seniors Travel Club,https://seniorstravelclub.com.au/cruise-lines/royal-caribbean/,en,wordpress,200,6,0,1,0,41,76,0,0,https://www.cruiseaway.com.au/cruiseline/royal-caribbean-cruises,,https://www.cruiseaway.com.au/cruiseline/royal-caribbean-cruises,,,,text,false,false,false,false,false,false,true,,,pagefound,2026-03-05 10:12:50,2026-05-07 10:22:17,,,Article > Guide,Travel > Specialty travel > Luxury travel,1
CruiseAway: SAVE and SAIL | Milled,https://milled.com/cruiseaway-by-dreamlines-pty-ltd/save-and-sail-Y1kQpGDpm35gOX81,en,,200,74,0,24993,0,4,24,0,0,https://www.cruiseaway.com.au/cruise/south-pacific-from-brisbane-australia-with-the-carnival-encounter-18152445?allInclusive=false&filterParams%5BcabinKind%5D%5B0%5D=19&selectedSail=18152448,,Fiji from Brisbane,,,,text,false,true,true,false,false,false,true,,,linkfound,2026-04-14 23:49:40,2026-04-14 23:49:40,,,,,1
CruiseAway: 📣*REDUCED PRICES * EXCLUSIVES * LAST MINUTE DEALS * & MORE | Milled,https://milled.com/cruiseaway-by-dreamlines-pty-ltd/reduced-prices-exclusives-last-minute-deals-and-more-yTSjMmtrnbqpaBvq,en,,200,74,0,24993,0,6,23,0,0,https://www.cruiseaway.com.au/cruise/sydney-to-tokyo-17021555,,Sydney to Tokyo from $4099pp Sydney to Tokyo from $4099pp,,,,image,false,true,true,false,false,false,true,,,pagefound,2025-01-22 19:58:08,2026-03-30 19:15:38,,,,,1
Most Visited website list 1977 | Click To Buy Directory,https://clicktobuydirectory.com/most-visited-website-list-1977/,en,wordpress,200,20,0,0,0,5401,7142,0,0,https://www.cruiseaway.com.au/,,dreamlines.com.au,,https://dreamlines.com.au/,301,text,true,false,false,false,false,false,true,,,pagefound,2025-09-26 11:02:06,2026-05-09 00:25:00,,,Listing collection > Business,Internet > Web services > Analytics; Business > Business services > E-commerce; Shopping,1
"South Africa vs. Brazil: Clash of Titans in Women's Rugby World Cup Season 2, Episode 4 – Archyde",https://www.archyde.com/south-africa-vs-brazil-clash-of-titans-in-womens-rugby-world-cup-season-2-episode-4/,en,wordpress,200,67,0,19,0,7,8,0,0,https://www.cruiseaway.com.au/last-minute-cruises,Bleues.” The broadcasting schedule also prominently features the competition between,South Africa,"and Brazil ,scheduled for an upcoming date.",,,text,false,true,false,false,false,false,true,,,pagefound,2025-09-20 18:55:41,2026-04-23 15:11:21,,,,,1
Directory website list 1976 | Web Us Directory,https://webusdirectory.com/directory-website-list-1976/,en,wordpress,404,14,0,0,0,5188,6048,0,0,https://www.cruiseaway.com.au/,,cruiseaway.com.au,,https://cruiseaway.com.au/,301,text,true,false,false,false,false,false,true,notfound,,pagefound,2025-09-26 20:13:15,2025-11-12 00:10:08,2026-04-20 02:35:35,,,,1
Directory website list 1977 – Online Success 728 | Elite Rank Directory,https://eliterankdirectory.com/directory-website-list-1977-online-success-728/,en,wordpress,200,0,0,0,0,5396,7134,0,0,https://www.cruiseaway.com.au/,,dreamlines.com.au,,https://dreamlines.com.au/,301,text,true,false,false,false,false,false,true,,,pagefound,2026-01-26 23:29:51,2026-04-29 11:34:23,,,Listing collection > Business,Business > Business services > Consulting; Internet > Web services > SEO and marketing,1
"Before Discovering SEOExpress.org, I Spent Years on Expensive Agencies That Didn't Deliver the Results Promised. Eventually, I Tried Their White-Hat Backlinks Service and In Just Eight Weeks, My Domain Authority Ramped Up from DA 15 to DA 48 and Leads Poured In at a Rate of Over One Hundred Per Month! Best Investment in SEO ★★★★★ 💎 — Ranking SEO High",https://rankingseohigh.shop/before-discovering-seoexpress-i-spent-years-on-expensive-agencies-that-didnt-deliver-the-results-promised-eventually-i-tried-their-white-hat-backlinks-service-and-in-only-eight-weeks-my,en,,200,29,0,0,34,5039,8484,0,0,https://www.cruiseaway.com.au/,,"I remember when cruise-away.com.au was buried on page 7, struggling to attract any visitors. After discovering SEOExpress.org and their affordable SEO packages, everything changed. Within just two months, my site jumped to page 1 and traffic skyrocketed from 150 to over 5,000 monthly visits! Investing in them felt like the best decision I ever made for my business 🌟",,https://cruise-away.com.au/,301,text,true,false,true,false,false,false,true,,,linkfound,2026-04-28 07:52:36,2026-04-28 07:52:36,,,Article > Story,Internet > Web services > SEO and marketing; Business > Marketing > Marketing,1
Most Visited website list 1976 | World Top Directory,https://worldtopwebsite.com/most-visited-website-list-1976/,en,wordpress,200,20,0,0,0,5393,7153,0,0,https://www.cruiseaway.com.au/,,cruiseaway.com.au,,https://cruiseaway.com.au/,301,text,true,false,false,false,false,false,true,,,pagefound,2025-09-27 03:05:39,2026-05-07 15:42:07,,,Listing collection > Business,Business > Business services > Consulting; Internet > Search engines; Reference > Listings > Business,1
American Internet Matrix,https://americaninternetmatrix.com/categories/sites/3762,en,,200,6,0,0,4,5191,9284,0,0,https://www.cruiseaway.com.au/,,cruiseaway,,"http://cruiseaway.com.au/, https://cruiseaway.com.au/","301, 301",text,true,false,true,false,false,false,true,,,linkrestored,2020-05-25 21:43:32,2026-04-25 23:45:21,,,Listing collection > Location,Internet > Web services > Other; Travel,1
Most Visited website list 1976 | Super Hub Directory,https://superbhubdirectory.com/most-visited-website-list-1976/,en,wordpress,200,56,0,0,0,5398,7169,0,0,https://www.cruiseaway.com.au/,,cruiseaway.com.au,,https://cruiseaway.com.au/,301,text,true,false,false,false,false,false,true,,,pagefound,2025-11-10 22:33:36,2026-05-05 20:13:08,,,Listing collection > Business,Internet > Web services > Development; Business > Business services > Consulting; Reference,1
Krydstogter – AUS Udforsk min butik,https://exploremystore.com/da/midtergang/krydstogter/,da,"ecommerce, wordpress",404,0.4,0,0,0,47,136,0,0,https://www.cruiseaway.com.au/,,Udforsk denne butik,,,,text,true,false,false,false,false,false,true,notfound,,pagefound,2025-09-19 23:05:52,2025-11-29 02:13:18,2026-04-28 17:51:27,,,,1
How Data Science and AI Are the Transforming Marketing Research | Virtuals Directory,https://virtualsdirectory.com/how-data-science-and-ai-are-the-transforming-marketing-research/,en,wordpress,200,23,0,0,28,3510,4764,0,0,https://www.cruiseaway.com.au/,,cruiseaway,,https://cruiseaway.com.au/,301,text,true,true,false,false,false,true,true,,,pagefound,2024-12-13 12:31:35,2026-04-21 10:21:28,,,Article > Insights,Business > Marketing > Marketing; Internet > Web services > SEO and marketing; Science > Computer science > Artificial intelligence,1
Save on travel adventures at Click Frenzy's big event for 2025 | Farm Online | ACT,https://www.farmonline.com.au/story/9043916/save-on-travel-adventures-at-click-frenzys-big-event-for-2025/,en,,200,68,0,976,0,29,48,0,0,https://www.cruiseaway.com.au/cruise-deals,,Cruiseaway,- $400 onboard credit and reduced deposits on cruises,,,text,false,true,false,false,false,false,true,,,linkfound,2026-04-18 22:02:12,2026-04-18 22:02:12,,,,,1
CruiseAway: Don’t Break the Piggy Bank 💰 Local Cruise Deals Are Here | Milled,https://milled.com/cruiseaway-by-dreamlines-pty-ltd/dont-break-the-piggy-bank-local-cruise-deals-are-here-82T9Zp7O4yA4bEH4,en,,200,74,0,24993,0,4,24,0,0,https://www.cruiseaway.com.au/cruise/australia-from-sydney-australia-with-the-royal-princess-16934476?allInclusive=false&filterParams%5BcabinKind%5D%5B0%5D=19&selectedSail=17857486,,Great Barrier Reef Explorer,,,,text,false,true,true,false,false,false,true,,,pagefound,2026-04-17 23:07:43,2026-04-17 23:07:43,,,,,1
Carnival vs Royal Caribbean Australia 2026,https://sunsetweekly.com/carnival-vs-royal-caribbean-australia-2026-family-guide/,en,wordpress,200,7,0,0,0,7,10,0,0,https://www.cruiseaway.com.au/cruises/australia/sydney,operates from the Overseas Passenger Terminal at Circular Quay in,Sydney,(Carnival Adventure) and the Brisbane Cruise Terminal at Portside Wharf,,,text,false,true,true,false,true,false,true,,,linkfound,2026-05-06 23:52:21,2026-05-06 23:52:21,,,,,1
Discover the Beauty of Australia's Coast: 4 Night Cruise from Melbourne to Hobart,http://blogs.adsiduous.com/discover-the-beauty-of-australias-coast-4-night-cruise-from-melbourne-to-hobart/,en,,200,6,0,12,0,5,11,0,0,https://www.cruiseaway.com.au/,better cabin choice. Consider checking platforms such as Expedia or,CruiseAway,for deals.,,,text,true,true,false,false,false,false,true,,,pagefound,2026-04-13 15:49:26,2026-04-25 13:45:18,,Sydney Blunt,,,1
"Before Discovering SEOExpress.org, I Spent Years on Expensive Agencies That Didn't Deliver the Results Promised. Eventually, I Tried Their White-Hat Backlinks Service and In Just Eight Weeks, My Domain Authority Ramped Up from DA 15 to DA 48 and Leads Poured In at a Rate of Over One Hundred Per Month! Best Investment in SEO ★★★★★ 💎 — SEO Master High",https://theseomasterhigh.shop/before-discovering-seoexpress-i-spent-years-on-expensive-agencies-that-didnt-deliver-the-results-promised-eventually-i-tried-their-white-hat-backlinks-service-and-in-only-eight-weeks-my,en,,200,29,0,0,31,5039,8483,0,0,https://www.cruiseaway.com.au/,,"I remember when cruise-away.com.au was buried on page 7, struggling to attract any visitors. After discovering SEOExpress.org and their affordable SEO packages, everything changed. Within just two months, my site jumped to page 1 and traffic skyrocketed from 150 to over 5,000 monthly visits! Investing in them felt like the best decision I ever made for my business 🌟",,https://cruise-away.com.au/,301,text,true,false,true,false,false,false,true,,,pagefound,2026-04-25 09:59:29,2026-04-25 09:59:29,,,Article > Story,Internet > Web services > SEO and marketing; Business > Marketing > Marketing,1
Most Visited website list 1976 | Top Viral Directory,https://topviraldirectory.com/most-visited-website-list-1976/,en,wordpress,200,55,0,0,0,5394,7156,0,0,https://www.cruiseaway.com.au/,,cruiseaway.com.au,,https://cruiseaway.com.au/,301,text,true,false,false,false,false,false,true,,,pagefound,2025-10-04 02:32:05,2026-04-28 03:35:56,,,Listing collection > Business,Business > Business services > Consulting; Internet > Web services > SEO and marketing,1
"Cruiseaway.com.au - анализ сайта, seo характеристики сайта - круисеаваы точка ком точка ау",https://prlog.ru/analysis/cruiseaway.com.au,,,200,51,0,91,0,44,251,0,0,https://www.cruiseaway.com.au/ship/celebrity-solstice,,cruiseaway.com.au/ship/celebrity-solstice,,https://cruiseaway.com.au/ship/celebrity-solstice,301,text,false,true,true,false,false,false,true,,,linkrestored,2019-07-22 20:05:01,2026-05-07 18:56:13,,,,,1
"Ranking Fast on Google and All Search Engines in 3 Weeks — Monthly SEO, High DA/DR/TF, PBN Support, Guest Posts — All Niches Allowed (Gambling Included) 24/7 Support — Visit SkylinkSEO.com – Manual Premium Links, Fast Results",https://backlinker.shop/49ohgcv-contact-to-us-and-get-offer-details-for-seo-ranking-fast/,en,wordpress,200,58,0,0,0,7932,8786,0,0,https://www.cruiseaway.com.au/,,Google page-one route for cruise-away.com.au: backlinks + GP; DR/DA/TF up — all niches. | Visit Skylinkseo.com for any Query,,https://cruise-away.com.au/,301,text,true,false,true,false,false,false,true,,,linkfound,2025-10-25 18:48:57,2026-04-16 21:22:44,,,Site page > Services,Internet > Search engines,1
CruiseAway: Hop Into Egg-stra Special Getaways 🐣🚢 | Milled,https://milled.com/cruiseaway-by-dreamlines-pty-ltd/hop-into-egg-stra-special-getaways-2TC7NWIa36FDnW7e,en,,200,74,0,24993,0,4,25,0,0,https://www.cruiseaway.com.au/cruise/australia-from-sydney-australia-with-the-royal-princess-17857472?allInclusive=false&filterParams%5BcabinKind%5D%5B0%5D=19&selectedSail=17857473,,Tasmania and South Australia,,,,text,false,true,true,false,false,false,true,,,pagefound,2026-04-17 11:24:21,2026-04-17 11:24:21,,,,,1
Eurekster,https://p.eurekster.com/?id=&apdiv=Submit&search=Cheap%20Hawaiian%20Flights,en,,200,51,0,0,0,100,125,0,0,https://www.cruiseaway.com.au/cruises/hawaii,,https://www.cruiseaway.com.au/cruises/hawaii,,,,text,false,false,false,false,false,false,true,removedfromhtml,,linkfound,2025-12-21 05:20:03,2025-12-21 05:20:03,2026-04-16 03:55:08,,,,1
"Today: BANDAR SERI BEGAWAN (Brunei) Info, Jan 11, 2012",https://www.interalex.net/2012/01/bandar-seri-begawan-brunei-info-jan-11.html,en,,200,3.5,0,0,0,92,178,0,0,http://www.cruiseaway.com.au/cruise-port/bandar-seri-begawan-brunei,,"Bandar Seri Begawan, Brunei - Cruise Away",,,,text,false,false,false,false,false,false,true,,,linkrestored,2020-12-17 07:47:38,2026-04-22 17:14:06,,,Article > News,News > Local news; Reference > Geographic reference; Entertainment; Society,1
Directory website list 1976 | Prime SEO Directory,https://primeseodirectory.com/directory-website-list-1976/,en,wordpress,404,15,0,0,0,5367,7167,0,0,https://www.cruiseaway.com.au/,,cruiseaway.com.au,,https://cruiseaway.com.au/,301,text,true,false,false,false,false,false,true,notfound,,pagefound,2025-09-30 21:23:56,2025-10-08 03:18:26,2026-04-21 02:00:14,,,,1
"I Started With Less Than Ten Permanent Backlinks on My Site, But After Two Months of SEOExpress.org's Services, I Have Over Two Hundred High-Quality Links Ranking Me at the Top of Major Google Searches for Key Products. It’s affordable SEO that pays off big time! 🌟🔥 — Backlink",https://thebacklink.shop/i-started-with-less-than-ten-permanent-backlinks-on-my-site-and-now-after-two-months-of-seoexpress-com-services-I-have-over-two-hundred-high-quality-links-ranking-me-on-top-of-major-google,en,,200,29,0,0,36,5187,8744,0,0,https://www.cruiseaway.com.au/,,I used to think SEO meant pricey consultants until I discovered SEOExpress.org while searching online for help with dreamlines.cn. Their budget-friendly packages delivered results fast: organic traffic more than tripled from under 200 visits/month after only two months! The combination of guest blogging and PBN links worked wonders—I recommend them wholeheartedly 🌟,,https://dreamlines.cn/,301,text,true,false,true,false,false,false,true,,,linkfound,2026-05-11 07:13:09,2026-05-11 07:13:09,,,Article > Story,Internet > Web services > SEO and marketing; Business > Marketing > Marketing,1
Directory website list 1976 | Traffic Hub Directory,https://traffichubdirectory.com/directory-website-list-1976/,en,wordpress,200,16,0,0,0,5395,7162,0,0,https://www.cruiseaway.com.au/,,cruiseaway.com.au,,https://cruiseaway.com.au/,301,text,true,false,false,false,false,false,true,,,pagefound,2025-09-29 20:48:59,2026-05-08 21:12:00,,,Listing collection > Business,Business > Business services > Consulting; Internet > Web services; Reference > Listings > Business,1
Dreamlines Cruises to Australia,https://www.enjoy-darwin.com/dreamlines-cruises-to-australia.html,en,,200,31,0,3426,0,6,7,0,0,https://www.cruiseaway.com.au/,verify this by using the services of the cruise portal,www.Dreamlines.com.au,which offers a wide selection of destinations around the world,http://www.dreamlines.com.au/,301,text,false,true,false,false,false,false,true,,,pagefound,2022-01-28 19:21:35,2026-05-11 07:16:04,,,,,1
"I Started With Less Than Ten Permanent Backlinks on My Site, But After Two Months of SEOExpress.org's Services, I Have Over Two Hundred High-Quality Links Ranking Me at the Top of Major Google Searches for Key Products. It’s affordable SEO that pays off big time! 🌟🔥 — Lixil Reform Shop",https://lixil-reformshop.shop/i-started-with-less-than-ten-permanent-backlinks-on-my-site-and-now-after-two-months-of-seoexpress-com-services-I-have-over-two-hundred-high-quality-links-ranking-me-on-top-of-major-google,en,,200,28,0,0,36,5194,8802,0,0,https://www.cruiseaway.com.au/,,I used to think SEO meant pricey consultants until I discovered SEOExpress.org while searching online for help with dreamlines.cn. Their budget-friendly packages delivered results fast: organic traffic more than tripled from under 200 visits/month after only two months! The combination of guest blogging and PBN links worked wonders—I recommend them wholeheartedly 🌟,,https://dreamlines.cn/,301,text,true,false,true,false,false,false,true,,,linkfound,2026-05-01 20:48:22,2026-05-01 20:48:22,,,Article > Story,Internet > Web services > SEO and marketing; Business > Marketing > Marketing,1
"Kreuzfahrten: Günstige Positionierungsfahrten und ""Deals"" | Vielfliegertreff",https://www.vielfliegertreff.de/forum/threads/kreuzfahrten-guenstige-positionierungsfahrten-und-deals.129902/page-3,de,,200,35,0,18221,0,13,30,0,0,https://www.cruiseaway.com.au/cruise/sailing-from-dubai-via-abu-dhabi-1070060,14.12.:,https://www.cruiseaway.com.au/cruise/sailing-from-dubai-via-abu-dhabi-1070060#selectedSail=1070062,,,,text,false,false,true,true,false,false,true,,,pagefound,2021-11-15 07:20:13,2026-02-14 14:03:37,,,,,1
"Back in the Day, I Struggled with Low Sales and No Web Presence. Unsure of How to Improve, I Stumbled Upon ITXoft.com Offering Budget-Friendly SEO Services. My Online Sales Doubled in Six Weeks as My Domain Authority Surged from DA 10 to DA 35. Truly an Amazing Experience! ★★★★★ 🚀",https://itxoft-affordable-seo-solutions.site/back-in-the-day-i-struggled-with-low-sales-and-no-web-presence-unsure-of-how-to-improve-i-stumbled-upon-itxoft-offering-budget-friendly-seo-services-my-online-sales-doubled-in-six-weeks-as-my-domain-a/,en,wordpress,200,75,0,0,0,5243,5730,0,0,https://www.cruiseaway.com.au/,,"Back when I first launched dreamlines.cn, SEO was a total mystery to me. Then a friend recommended ITXoft.com, and they've been fantastic! Their keyword research helped me find great opportunities, boosting my rankings from page 5 to page 1 in less than three months. The best part? It costs less than my monthly coffee subscription! Give ITXoft.com a try; you won’t regret it 🚀",,https://dreamlines.cn/,301,text,true,true,true,false,false,false,true,,,pagefound,2026-03-26 17:44:21,2026-05-11 02:33:02,,,Article > Review,Internet > Web services > SEO and marketing; Business > Marketing > Marketing,1
"I Started With Less Than Ten Permanent Backlinks on My Site, But After Two Months of SEOExpress.org's Services, I Have Over Two Hundred High-Quality Links Ranking Me at the Top of Major Google Searches for Key Products. It’s affordable SEO that pays off big time! 🌟🔥 — high-quality-web-resource-index.kawaiishop.shop",https://high-quality-web-resource-index.kawaiishop.shop/i-started-with-less-than-ten-permanent-backlinks-on-my-site-and-now-after-two-months-of-seoexpress-com-services-I-have-over-two-hundred-high-quality-links-ranking-me-on-top-of-major-google,en,,200,29,0,0,21,5186,8749,0,0,https://www.cruiseaway.com.au/,,I used to think SEO meant pricey consultants until I discovered SEOExpress.org while searching online for help with dreamlines.cn. Their budget-friendly packages delivered results fast: organic traffic more than tripled from under 200 visits/month after only two months! The combination of guest blogging and PBN links worked wonders—I recommend them wholeheartedly 🌟,,https://dreamlines.cn/,301,text,true,false,true,false,false,false,true,,,linkfound,2026-05-07 03:09:07,2026-05-07 03:09:07,,,Article > Story,Internet > Web services > SEO and marketing; Business > Marketing > Marketing,2
Most Visited website list 1977 | Social News Directory,https://socialnewsdirectory.com/most-visited-website-list-1977/,en,wordpress,200,55,0,0,0,5402,7145,0,0,https://www.cruiseaway.com.au/,,dreamlines.com.au,,https://dreamlines.com.au/,301,text,true,false,false,false,false,false,true,,,pagefound,2025-09-28 21:46:01,2026-05-09 21:53:50,,,Listing collection > Business,Internet > Web services > Analytics; News > Business news > Company news; Business > Business services; Society; Reference,1
"Get High-Quality Backlinks, Guest Posts, SEO, Web Development and Digital Marketing Services — All in One Place — SEO Services For Top Ranking For Top Ranking",https://nexusnext.agency/07xnup-backlinks-seo-web-development-digital-marketing-services/,en,wordpress,200,0.1,0,0,29,6242,7045,0,0,https://www.cruiseaway.com.au/,,Get cruiseaway.com.au real DR growth: white-hat backlinks + full-stack dev + automation; authority rise — lynkvex.com,,https://cruiseaway.com.au/,301,text,true,false,true,false,false,false,true,,,linkfound,2026-04-12 08:30:36,2026-05-07 13:39:18,,,Site page > Services,Internet > Web services > SEO and marketing; Business > Marketing > Marketing,1
anjana.co.in | few of top websites | page no. 363,https://www.anjana.co.in/domain-list-363,en,,200,9,0,0,1,1084,2051,0,0,https://www.cruiseaway.com.au/,,cruiseaway.com.au,,"http://cruiseaway.com.au/, https://cruiseaway.com.au/","301, 301",text,true,true,true,false,false,true,true,,,linkrestored,2022-12-17 19:12:40,2026-03-10 19:41:46,,,Listing collection > Business,Internet > Web services > Analytics,1
CruiseAway: Local Cruise Deals | Milled,https://milled.com/cruiseaway-by-dreamlines-pty-ltd/local-cruise-deals-uSHJok9clA9ZSKAd,en,,200,74,0,24993,0,4,30,0,0,https://www.cruiseaway.com.au/cruise/sailing-from-sydney-with-the-ovation-of-the-seas-1063727,,Adelaide and Tassie,,,,image,false,true,true,false,false,false,true,,,linkfound,2026-03-30 17:34:52,2026-03-30 17:34:52,,,,,1
Most Visited website list 1976 | Social News Directory,https://socialnewsdirectory.com/most-visited-website-list-1976/,en,wordpress,200,55,0,0,0,5393,7157,0,0,https://www.cruiseaway.com.au/,,cruiseaway.com.au,,https://cruiseaway.com.au/,301,text,true,false,false,false,false,false,true,,,pagefound,2025-09-28 21:47:35,2026-05-09 06:28:49,,,Listing collection > Business,Internet > Web services > Analytics; News > Business news > Company news; Business > Business services; Society; Reference,1
"Today: TROBRIAND or KIRIWINA Islands ( Papua New Guinea) Info, Jan 15, 2011",https://www.interalex.net/2011/01/trobriand-islands-papua-new-guinea-info.html,en,,200,3.5,0,0,0,108,319,0,0,http://www.cruiseaway.com.au/cruise-port/kitava_island_trobriand_islands_papua_new_guinea,,"Kitava Island, Trobriand Islands, Papua New Guinea - Cruise Away",,,,text,false,false,false,false,false,false,true,,,linkrestored,2020-09-17 02:42:03,2026-04-23 12:57:57,,,Article > News,Travel > Tourist destinations > Islands; Entertainment; Reference > Geographic reference; News,2
Directory website list 1977 | Top Backlinks Directory,https://topbacklinksdirectory.com/directory-website-list-1977/,,wordpress,404,13,0,0,0,5378,7168,0,0,https://www.cruiseaway.com.au/,,dreamlines.com.au,,https://dreamlines.com.au/,301,text,true,false,false,false,false,false,true,notfound,,pagefound,2025-10-03 09:48:12,2025-10-24 03:44:40,2026-04-18 03:15:34,,,,1
The Real Difference Between a $50 Guest Post and a $500 Guest Post for Gaming — Is the Premium Worth 10× the Price? — LinkSEOPro — World-Class Backlinks for Websites That Mean Business.,https://linkseopro.shop/fdc7riv-10-guest-post-campaign-cbd-competitive-position-45-days-full-data/,en,,200,0,0,0,0,8225,9515,0,0,https://www.cruiseaway.com.au/,,Fortify dreamlines.com.au Globally: Authority Guest Posts + White-Hat Dofollow Backlinks • Moz Domain Authority DA • Ahrefs Domain Rating DR • Majestic Trust Flow TF Rising • Fastest Google Ranking Results,,https://dreamlines.com.au/,301,text,false,false,true,false,false,false,true,,,linkfound,2026-05-08 16:09:23,2026-05-08 16:09:23,,,Article > Comparison,Internet > Web services > SEO and marketing; Business > Marketing > Marketing,1
"Dawn South Facebook, Instagram & Twitter on PeekYou",https://www.peekyou.com/dawn_south,en,,301,68,0,13278,0,19,76,0,0,http://www.cruiseaway.com.au/special/p-o-cruise-pacific-dawn-south-pacific-1%3Fsd%3D13/08/2011,,P & O CRUISE - PACIFIC DAWN - SOUTH PACIFIC - Cruise Away,,,,text,false,false,true,false,false,false,true,pageredirected,,pagefound,2025-04-23 05:44:45,2026-01-25 16:49:02,2026-04-29 12:54:39,,,,1
"Today: RAKAHANGA Atoll (Cook Islands) Info, Dec 27, 2011",https://www.interalex.net/2011/12/rakahanga-atoll-cook-islands-info-dec.html,en,,200,3.5,0,0,0,88,159,0,0,http://www.cruiseaway.com.au/cruise-port/rakahanga_island_cook_islands,,"Rakahanga Island, Cook Islands - Cruise Away",,,,text,false,false,false,false,false,false,true,,,linkrestored,2020-12-18 08:07:55,2026-04-22 19:02:12,,,Article > Story,Travel > Tourist destinations > Islands,1
Directory website list 1976 | Medium Directory,https://mediumdirectory.com/directory-website-list-1976/,en,wordpress,404,14,0,0,0,5213,6152,0,0,https://www.cruiseaway.com.au/,,cruiseaway.com.au,,https://cruiseaway.com.au/,301,text,true,false,false,false,false,false,true,notfound,,pagefound,2025-10-22 15:37:06,2025-11-06 10:16:06,2026-04-15 17:06:30,,,,1
Directory website list 1976 | AI Backlink Directory,https://aibacklinkdirectory.com/directory-website-list-1976/,en,wordpress,404,18,0,0,0,5188,6053,0,0,https://www.cruiseaway.com.au/,,cruiseaway.com.au,,https://cruiseaway.com.au/,301,text,true,false,false,false,false,false,true,notfound,,pagefound,2025-08-28 15:16:13,2025-11-18 02:35:01,2026-04-17 10:52:37,,,,1
Google Buzz and SEO – NEXIOE,https://nexioe.com/google-buzz-and-seo/,en,wordpress,200,28,0,0,10,5394,6255,0,0,https://www.cruiseaway.com.au/,,cruiseaway,,https://cruiseaway.com.au/,301,text,true,false,false,false,false,true,true,,,pagefound,2024-10-15 22:31:42,2026-05-05 13:30:41,,,Article > Guide,Internet > Web services > SEO and marketing,1
CruiseAway: ✨Incredible Ship – Incredible journey’s ✨ | Milled,https://milled.com/cruiseaway-by-dreamlines-pty-ltd/incredible-ship-incredible-journeys-taaOobV88LP2mPPZ,en,,200,74,0,24993,0,5,28,0,0,https://www.cruiseaway.com.au/cruise/south-pacific-from-brisbane-australia-with-the-grand-princess-17860494,,"South Pacific from Brisbane, Australia with the Grand Princess",,,,text,false,true,true,false,false,false,true,,,pagefound,2026-04-18 08:56:24,2026-04-18 08:56:24,,,,,1
"New Zealand is open for travel and luckily, it’s still affordable | Southern Highland News | Bowral, NSW",https://www.southernhighlandnews.com.au/story/7910925/new-zealand-is-open-for-travel-and-luckily-its-still-affordable/,en,,200,55,0,1613,0,20,29,0,0,https://www.cruiseaway.com.au/search-results,,Get the deal here,,"https://www.cruiseaway.com.au/cruise/journey-from-melbourne-with-the-queen-elizabeth-queen-elizabeth-15235953, https://www.cruiseaway.com.au/search-results, https://cruiseaway.com.au/search-results","307, 0, 301",text,false,false,false,false,false,false,true,,,linkfound,2026-04-18 22:07:02,2026-04-18 22:07:02,,,,,2
Most Visited website list 1976 | Click To Rank Directory,https://clicktorankdirectoy.com/most-visited-website-list-1976/,en,wordpress,200,18,0,0,0,5395,7161,0,0,https://www.cruiseaway.com.au/,,cruiseaway.com.au,,https://cruiseaway.com.au/,301,text,true,false,false,false,false,false,true,,,pagefound,2025-09-11 17:13:54,2026-05-08 23:42:12,,,Listing collection > Business,Internet > Web services > Analytics; Business > Business services > Consulting,1
"Today: BANDAR SERI BEGAWAN (Brunei) Info, Jan 11, 2012",https://www.interalex.net/2012/01/bandar-seri-begawan-brunei-info-jan-11.html,en,,200,3.5,0,0,0,92,178,0,0,http://www.cruiseaway.com.au/cruise-port/brunei,,Brunei - Cruise Away,,,,text,false,true,false,false,false,false,true,,,linkrestored,2020-12-17 07:47:38,2026-04-22 17:14:06,,,Article > News,News > Local news; Reference > Geographic reference; Entertainment; Society,1
How to Use IoT for Smarter E-Commerce Customer Experiences | Soft Ranks,https://softranks.com/how-to-use-iot-for-smarter-e-commerce-customer-experiences/,en,wordpress,200,20,0,0,28,3372,5076,0,0,https://www.cruiseaway.com.au/,,cruiseaway,,https://cruiseaway.com.au/,301,text,true,true,false,false,false,true,true,,,pagefound,2024-12-14 12:19:49,2026-04-21 04:22:34,,,Article > How-to,Business > Retail trade > Technology; Computers and electronics > Consumer electronics; Shopping > Shopping portals; Internet > Web services > Development,1
"Today: HAVANA (Cuba) Info, Jan 14, 2012",https://www.interalex.net/2012/01/havana-cuba-info-jan-14-2012.html,en,,200,3.5,0,0,0,102,173,0,0,http://www.cruiseaway.com.au/cruise-port/havana_cuba,,"Havana, Cuba - Cruise Away",,,,text,false,true,false,false,false,false,true,,,linkrestored,2020-12-17 13:53:54,2026-04-14 14:01:47,,,Article > Roundup,Travel > Tourist destinations > Other; Entertainment; Reference > Geographic reference,1
"Today: WINDWARD Islands (French Polynesia) Info, Jan 08, 2011",https://www.interalex.net/2011/01/windward-islands-french-polynesia-info.html,en,,200,3.5,0,0,0,95,302,0,0,http://www.cruiseaway.com.au/cruise-port/maiao_french_polynesia,,"Maiao, French Polynesia - Cruise Away",,,,text,false,true,false,false,false,false,true,,,linkrestored,2020-10-08 15:39:34,2026-04-22 11:01:29,,,Article > News,News > Weather,2
"Save on travel adventures at Click Frenzy's big event for 2025 | Glen Innes Examiner | Glen Innes, NSW",https://www.gleninnesexaminer.com.au/story/9043916/save-on-travel-adventures-at-click-frenzys-big-event-for-2025/,en,,200,32,0,407,0,28,43,0,0,https://www.cruiseaway.com.au/cruise-deals,,Cruiseaway,- $400 onboard credit and reduced deposits on cruises,,,text,false,true,false,false,false,false,true,,,pagefound,2025-08-28 10:23:22,2026-05-06 04:30:40,,,,,1
Most Visited website list 1976 | Rank Fast Directory,https://rankfastdirectory.com/most-visited-website-list-1976/,en,wordpress,200,55,0,0,0,5395,7159,0,0,https://www.cruiseaway.com.au/,,cruiseaway.com.au,,https://cruiseaway.com.au/,301,text,true,false,false,false,false,false,true,,,pagefound,2025-10-22 10:33:55,2026-04-28 08:26:32,,,Listing collection > Business,Internet > Web services > Analytics; Business > Business services > Consulting,1
Directory website list 1976 | Top tier directory,https://toptierdirectory.com/directory-website-list-1976/,en,wordpress,200,18,0,0,0,5395,7168,0,0,https://www.cruiseaway.com.au/,,cruiseaway.com.au,,https://cruiseaway.com.au/,301,text,true,false,false,false,false,false,true,,,pagefound,2025-12-09 20:15:29,2026-05-10 14:15:26,,,Listing collection > Business,Business > Business services > Consulting; Reference > Listings > Business; Internet,1
"Save on travel adventures at Click Frenzy's big event for 2025 | The Macleay Argus | Kempsey, NSW",https://www.macleayargus.com.au/story/9043916/save-on-travel-adventures-at-click-frenzys-big-event-for-2025/,en,,200,52,0,633,0,29,44,0,0,https://www.cruiseaway.com.au/cruise-deals,,Cruiseaway,- $400 onboard credit and reduced deposits on cruises,,,text,false,true,false,false,false,false,true,,,pagefound,2025-08-28 02:27:08,2026-04-24 13:42:17,,,,,1
"Running My Small Business, I've Always Known How Critical SEO Is but Customizing Keywords Made Me Feel Intimidated Until Researching SEOExpress.org. This Exceptional Team Helped Negotiate Top Keywords for My Niche Resulting in Visible Traffic Growth of Two Hundred Fifty Percent Plus Real Conversions Started Happening—It's Truly Remarkable! ★★★★★ 🌟 — Backlink",https://thebacklink.shop/running-my-small-business-have-always-known-how-critical-seo-is-but-customizing-keywords-made-me-feel-intimidated-until-researching-seoexpress-an-exceptional-team-helped-negotiate-top,en,,200,29,0,0,35,5232,8726,0,0,https://www.cruiseaway.com.au/,,There was a time when cruiseaway.com.au didn't attract any attention at all—it was disheartening! Then came along SEOExpress.org's outstanding guest posting services: overnight it seemed my authority grew tremendously as well as my visitor count shot through the roof by an astonishing +280%! That kind of result is hard not to love; go check out what they offer 🌟,,https://cruiseaway.com.au/,301,text,true,false,true,false,false,false,true,,,pagefound,2026-04-28 02:03:05,2026-04-28 02:03:05,,,Article > Story,Internet > Web services > SEO and marketing; Business > Small business > Business formation,1
CruiseAway: 📣*REDUCED PRICES * EXCLUSIVES * LAST MINUTE DEALS * & MORE | Milled,https://milled.com/cruiseaway-by-dreamlines-pty-ltd/reduced-prices-exclusives-last-minute-deals-and-more-JWHm4I5_cl610VsN,en,,200,74,0,24993,0,6,24,0,0,https://www.cruiseaway.com.au/cruise/norway-svalbard--the-north-cape-16899834,,Norway Svalbard & the North Cape,,,,text,false,true,true,false,false,false,true,,,linkfound,2026-03-30 19:15:45,2026-03-30 19:15:45,,,,,1
"Running My Small Business, I've Always Known How Critical SEO Is but Customizing Keywords Made Me Feel Intimidated Until Researching SEOExpress.org. This Exceptional Team Helped Negotiate Top Keywords for My Niche Resulting in Visible Traffic Growth of Two Hundred Fifty Percent Plus Real Conversions Started Happening—It's Truly Remarkable! ★★★★★ 🌟 — High SEO",https://thehighseo.shop/running-my-small-business-have-always-known-how-critical-seo-is-but-customizing-keywords-made-me-feel-intimidated-until-researching-seoexpress-an-exceptional-team-helped-negotiate-top,en,,200,28,0,0,36,5232,8727,0,0,https://www.cruiseaway.com.au/,,There was a time when cruiseaway.com.au didn't attract any attention at all—it was disheartening! Then came along SEOExpress.org's outstanding guest posting services: overnight it seemed my authority grew tremendously as well as my visitor count shot through the roof by an astonishing +280%! That kind of result is hard not to love; go check out what they offer 🌟,,https://cruiseaway.com.au/,301,text,true,false,true,false,false,false,true,,,linkfound,2026-05-02 08:54:18,2026-05-02 08:54:18,,,Article > Story,Internet > Web services > SEO and marketing; Business > Small business > Business formation,1
Most Visited website list 94 | Smart Way Directory,https://smartwaydirectory.com/most-visited-website-list-94/,en,wordpress,200,56,0,0,0,5386,7217,0,0,https://www.cruiseaway.com.au/,,cruiseaway,,https://cruiseaway.com.au/,301,text,true,false,false,false,false,false,true,,,pagefound,2025-09-28 10:33:53,2026-05-06 01:12:39,,,Listing collection > Business,Business > Business services > Consulting; Internet > Web services > Development; Reference > Listings > Business,2
fly cruise sydney to singapore,https://reussitepartagee.com/pretty-bongs/fly-cruise-sydney-to-singapore,en,,200,21,0,0,0,14,25,0,0,https://www.cruiseaway.com.au/fly-cruises,"Club, and a dedicated family pool area. PO Box 577",Fly & Cruise Package Deals | CruiseAway,"Plus, if you'd like to treat yourself, check out the",,,text,true,true,false,false,false,false,true,,,pagefound,2025-08-28 19:21:43,2026-04-18 11:53:56,,,Listing collection > Product,Travel > Specialty travel > Luxury travel,1
"Save on travel adventures at Click Frenzy's big event for 2025 | Milton Ulladulla Times | Ulladulla, NSW",https://www.ulladullatimes.com.au/story/9043916/save-on-travel-adventures-at-click-frenzys-big-event-for-2025/,en,,200,40,0,615,0,26,41,0,0,https://www.cruiseaway.com.au/cruise-deals,,Cruiseaway,- $400 onboard credit and reduced deposits on cruises,,,text,false,true,false,false,false,false,true,,,pagefound,2025-08-28 10:01:41,2026-04-21 15:00:09,,,,,1
👲 Domain Report 👲,https://bye.fyi/report/93425,en,,200,48,0,0,0,3690,4142,0,0,https://www.cruiseaway.com.au/,more info here,dreamlines.cn,&nbsp,https://dreamlines.cn/,301,text,true,true,true,false,false,false,true,,,linkfound,2026-01-13 17:34:55,2026-03-04 06:18:50,,,,,2
"CruiseAway: Boutique Voyages, Extraordinary Worlds | Milled",https://milled.com/cruiseaway-by-dreamlines-pty-ltd/boutique-voyages-extraordinary-worlds-vwtlLVXjuO10nZwI,en,,200,74,0,24993,0,4,29,0,0,https://www.cruiseaway.com.au/cruise/seychelles-maldives-to-masai-18524886?selectedSail=18524894,,Gold Coasts and Riviera Dreams,,,,image,false,true,true,false,false,false,true,,,pagefound,2026-05-09 02:16:35,2026-05-09 02:16:35,,,,,1
sitelinkdirectory.com | few of top websites | page no. 360,https://www.sitelinkdirectory.com/domain-list-360,en,,0,4.5,0,0,0,1061,2014,0,0,https://www.cruiseaway.com.au/,,cruiseaway.com.au,,"http://cruiseaway.com.au/, https://cruiseaway.com.au/","301, 301",text,true,false,true,false,false,false,true,,tooold,linkfound,2025-05-06 18:00:45,2025-08-10 13:37:08,2026-04-12 09:08:45,,,,1
"Today: HAA ALIF ATOLL, HA (Maldives) Info, Jun 25, 2014",https://www.interalex.net/2014/06/haa-alif-atoll-maldives-info-jun-25-2014.html,en,,200,3.5,0,0,0,58,148,0,0,http://www.cruiseaway.com.au/cruise-port/haa-alif-atoll-maldives,,"Haa Alif Atoll, Maldives - Cruise Away - Cruises | Best Cheap ...",www.cruiseaway.com.au/cruise-port/haa-alif-atoll-maldives Cached,,,text,false,true,false,false,false,false,true,,,linkrestored,2020-09-30 11:02:29,2026-04-21 07:00:04,,,Article > News,Reference > Geographic reference > Maps; Travel > Tourist destinations > Islands; Entertainment; News,1
shubhangi.co.in | few of top websites | page no. 363,https://www.shubhangi.co.in/domain-list-363,en,,200,4.9,0,0,0,1082,2048,0,0,https://www.cruiseaway.com.au/,,cruiseaway.com.au,,"http://cruiseaway.com.au/, https://cruiseaway.com.au/","301, 301",text,true,true,true,false,false,false,true,,,linkrestored,2025-05-09 23:57:20,2026-04-10 23:36:04,,,Listing collection > Business,Internet > Web services > Development; Reference > Listings > Business,1
,http://papasearch.net/ClaudeMonet18.html,en,,200,16,0,0,0,1914,5327,0,0,https://www.cruiseaway.com.au/,"Star Princess Cruises – All trips, pictures, best prices",https://www.dreamlines.com.au/ship/star-princess,"Star Princess. The Star Princess, sister ship of the Grand",https://www.dreamlines.com.au/ship/star-princess,301,text,true,true,false,false,false,false,true,,,linkrestored,2018-02-17 09:25:30,2026-04-29 02:59:23,,,Listing collection > Event,Entertainment > Design > Painting,1
"Fact Check: Federal agents in plainclothes are increasingly common, raising public safety concerns. | TruthOrFake Blog",https://truthorfake.com/blog/federal-agents-in-plainclothes-are-increasingly-common-raising-public-safety-33669,en,,200,8,0,0,0,9,9,0,0,https://www.cruiseaway.com.au/cruises/australia/sydney,,Cruises from Sydney 2025-2026 Best Deals Save up to -34% ...,,,,text,false,true,true,false,false,false,true,,,pagefound,2026-02-04 21:57:56,2026-02-26 13:32:41,,,,,1
"CruiseAway: ✨Unlock Rare Repositioning Deals: Flights, Bonuses & Big Savings Inside!🌊 | Milled",https://milled.com/cruiseaway-by-dreamlines-pty-ltd/unlock-rare-repositioning-deals-flights-bonuses-and-big-savings-inside-wsH8At9Mc58IwPjp,en,,200,74,0,24993,0,3,3,0,0,https://www.cruiseaway.com.au/,,"Alaska & West Canada from Vancouver, Canada with the Emerald Princess",,,,text,false,true,true,false,false,false,true,,,linkfound,2026-04-09 12:16:45,2026-04-09 12:16:45,,,,,1
Most Visited website list 94 | Best Top Directory,https://besttopdirectory.com/most-visited-website-list-94/,en,wordpress,200,55,0,0,0,5388,7220,0,0,https://www.cruiseaway.com.au/,,cruiseaway,,https://cruiseaway.com.au/,301,text,true,false,false,false,false,false,true,,,pagefound,2025-09-29 23:00:15,2026-05-08 00:32:29,,,Listing collection > Business,Business > Business services > Consulting; Internet > Web services > Development; Reference > Listings > Business; Travel,2
"Before Discovering SEOExpress.org, I Spent Years on Expensive Agencies That Didn't Deliver the Results Promised. Eventually, I Tried Their White-Hat Backlinks Service and In Just Eight Weeks, My Domain Authority Ramped Up from DA 15 to DA 48 and Leads Poured In at a Rate of Over One Hundred Per Month! Best Investment in SEO ★★★★★ 💎 — Ranking SEO High",https://therankingseohigh.shop/before-discovering-seoexpress-i-spent-years-on-expensive-agencies-that-didnt-deliver-the-results-promised-eventually-i-tried-their-white-hat-backlinks-service-and-in-only-eight-weeks-my,en,,200,28,0,0,36,5038,8450,0,0,https://www.cruiseaway.com.au/,,"I remember when cruise-away.com.au was buried on page 7, struggling to attract any visitors. After discovering SEOExpress.org and their affordable SEO packages, everything changed. Within just two months, my site jumped to page 1 and traffic skyrocketed from 150 to over 5,000 monthly visits! Investing in them felt like the best decision I ever made for my business 🌟",,https://cruise-away.com.au/,301,text,true,false,true,false,false,false,true,,,pagefound,2026-05-10 00:57:08,2026-05-10 00:57:08,,,Article > Story,Internet > Web services > SEO and marketing; Business > Marketing > Marketing,1
Save on travel adventures at Click Frenzy's big event for 2025 | Stock Journal | SA,https://www.stockjournal.com.au/story/9043916/save-on-travel-adventures-at-click-frenzys-big-event-for-2025/,en,,200,58,0,721,0,30,49,0,0,https://www.cruiseaway.com.au/cruise-deals,,Cruiseaway,- $400 onboard credit and reduced deposits on cruises,,,text,false,true,false,false,false,false,true,,,pagefound,2025-08-31 16:52:48,2026-04-21 06:59:43,,,,,1
Most Visited website list 1976 | Website Directory,https://websitedirectoy.com/most-visited-website-list-1976/,en,wordpress,200,18,0,0,0,5399,7251,0,0,https://www.cruiseaway.com.au/,,cruiseaway.com.au,,https://cruiseaway.com.au/,301,text,true,false,false,false,false,false,true,,,pagefound,2025-10-02 18:00:14,2026-03-11 06:41:35,,,Listing collection > Business,Business > Business services > Consulting; Internet > Web services > Development,1
bestmillion.net | few of top websites | page no. 363,https://www.entiredomains.space/domain-list-363,en,,200,0,0,0,0,1091,2099,0,0,https://www.cruiseaway.com.au/,,cruiseaway.com.au,,"http://cruiseaway.com.au/, https://cruiseaway.com.au/","301, 301",text,true,true,true,false,false,false,true,,,linkrestored,2025-10-21 05:41:03,2026-04-01 06:49:49,,,Listing collection > Business,Internet > Web services > Analytics; Finance,1
👲 Domain Report 👲,https://atomizelink.icu/report/93424,en,,200,40,0,0,0,3693,4148,0,0,https://www.cruiseaway.com.au/,more info here,dreamlines.cn,&nbsp,https://dreamlines.cn/,301,text,true,true,true,false,false,false,true,,,linkfound,2026-04-05 01:31:04,2026-04-05 01:31:04,,,Site page > Services,Internet > Web services > Analytics,1
Most Visited website list 1977 | Link Point Directory,https://linkpointdirectory.com/most-visited-website-list-1977/,en,wordpress,200,57,0,0,0,5403,7156,0,0,https://www.cruiseaway.com.au/,,dreamlines.com.au,,https://dreamlines.com.au/,301,text,true,false,false,false,false,false,true,,,pagefound,2025-10-08 17:32:08,2026-05-09 14:10:57,,,Listing collection > Business,Internet > Web services > Analytics; Business > Business services; Reference,1
Directory website list 1977 – Online Success 728 | Power link Directory,https://powerlinkdirectory.com/directory-website-list-1977-online-success-728/,en,wordpress,200,13,0,0,0,5401,7143,0,0,https://www.cruiseaway.com.au/,,dreamlines.com.au,,https://dreamlines.com.au/,301,text,true,false,false,false,false,false,true,,,pagefound,2025-10-06 14:53:18,2026-05-11 03:45:40,,,Listing collection > Business,Business > Business services > Consulting; Internet > Web services > SEO and marketing,1
All-Inclusive Cruises 2026 - 2027 | Best Offers on CruiseAway - Information - #7803248,http://www.secretsearchenginelabs.com/information/7803248-All-Inclusive-Cruises---Get-Unique-Offers,en,,200,44,0,218,0,3,5,0,0,https://www.cruiseaway.com.au/all-inclusive,Visit,All-Inclusive Cruises 2026 - 2027 | Best Offers on CruiseAway,(https://www.cruiseaway.com.au/all-inclusive),,,text,false,true,true,false,false,false,true,,,pagefound,2024-05-26 10:18:54,2026-03-20 14:13:05,,Simon Byholm,,,1
Most Visited website list 1976 | Top World Directory,https://topworlddirectory.com/most-visited-website-list-1976/,en,wordpress,200,55,0,0,0,5393,7157,0,0,https://www.cruiseaway.com.au/,,cruiseaway.com.au,,https://cruiseaway.com.au/,301,text,true,false,false,false,false,false,true,,,pagefound,2025-10-14 16:23:37,2026-05-11 04:17:28,,,Listing collection > Business,Business > Business services > Consulting; Internet > Search engines; Reference > Listings > Business,1
Most Visited website list 1977 | Smart Way Directory,https://smartwaydirectory.com/most-visited-website-list-1977/,en,wordpress,200,56,0,0,0,5402,7146,0,0,https://www.cruiseaway.com.au/,,dreamlines.com.au,,https://dreamlines.com.au/,301,text,true,false,false,false,false,false,true,,,pagefound,2025-10-02 13:24:24,2026-05-08 09:33:44,,,Listing collection > Business,Internet > Web services > Analytics; Business > Business services > Consulting; Reference,1
"Running My Small Business, I've Always Known How Critical SEO Is but Customizing Keywords Made Me Feel Intimidated Until Researching SEOExpress.org. This Exceptional Team Helped Negotiate Top Keywords for My Niche Resulting in Visible Traffic Growth of Two Hundred Fifty Percent Plus Real Conversions Started Happening—It's Truly Remarkable! ★★★★★ 🌟 — SEO Express Website",https://seoexpress.website/running-my-small-business-have-always-known-how-critical-seo-is-but-customizing-keywords-made-me-feel-intimidated-until-researching-seoexpress-an-exceptional-team-helped-negotiate-top,en,,200,29,0,0,34,5234,8734,0,0,https://www.cruiseaway.com.au/,,There was a time when cruiseaway.com.au didn't attract any attention at all—it was disheartening! Then came along SEOExpress.org's outstanding guest posting services: overnight it seemed my authority grew tremendously as well as my visitor count shot through the roof by an astonishing +280%! That kind of result is hard not to love; go check out what they offer 🌟,,https://cruiseaway.com.au/,301,text,true,false,true,false,false,false,true,,,pagefound,2026-04-28 10:27:46,2026-04-28 10:27:46,,,Article > Story,Internet > Web services > SEO and marketing; Business > Small business > Business formation,1
"New Zealand is open for travel and luckily, it’s still affordable | The Examiner | Launceston, TAS",https://www.examiner.com.au/story/7910925/new-zealand-is-open-for-travel-and-luckily-its-still-affordable/,en,,200,70,0,45238,0,19,31,0,0,https://www.cruiseaway.com.au/cruise/journey-from-melbourne-with-the-queen-elizabeth-queen-elizabeth-15235953,,Get the deal here,,,,text,false,false,false,false,false,false,true,,,pagefound,2026-04-21 17:52:29,2026-04-21 17:52:29,,,,,2
harmony of the seas vitality spa menu,https://erp.caffeplaza.com/uploads/ulgf8tzv/viewtopic.php?page=harmony-of-the-seas-vitality-spa-menu,en,,200,1,0,0,0,22,31,0,0,https://www.cruiseaway.com.au/ship/harmony-of-the-seas,"infused with chocolate, peanut butter, banana, whey protein and espresso.",Harmony of the Seas Cruises 2023 - 2024 | Save with CruiseAway,Staying fit and feeling pampered onboard the largest cruise ship,,,text,false,true,false,false,false,false,true,,,pagefound,2024-04-22 05:50:24,2026-04-27 21:35:36,,,,,1
CruiseAway: 🚢 Set Sail with Carnival – Exclusive Offers + Massive Savings Inside! | Milled,https://milled.com/cruiseaway-by-dreamlines-pty-ltd/set-sail-with-carnival-exclusive-offers-massive-savings-inside-IdkjXtBfU8i8Kc7R,en,,200,74,0,24993,0,4,27,0,0,https://www.cruiseaway.com.au/cruise/epic-eclipse-carnivale-dreams-jundgles-sunshine-glaciers-more-18413962?selectedSail=18413966,,Epic Eclipse & Carnivale Dreams,,,,image,false,true,true,false,false,false,true,,,pagefound,2026-05-10 03:07:10,2026-05-10 03:07:10,,,,,1
,http://papasearch.net/ClaudeMonet22.html,en,,200,16,0,0,0,1504,5018,0,0,https://www.cruiseaway.com.au/ship/norwegian-gem,Norwegian Gem - Cruiseaway,https://www.cruiseaway.com.au/ship/norwegian-gem,The Norwegian Gem is an impressive ... Wellness enthusiasts will,,,text,true,true,false,false,false,false,true,,,linkrestored,2020-01-22 19:17:14,2026-04-29 02:48:11,,,Listing collection > Event,Entertainment > Design > Painting; Travel,1
A dangerous number of South African IT professionals are leaving | Page 4 | MyBroadband Forum,https://mybroadband.co.za/forum/threads/a-dangerous-number-of-south-african-it-professionals-are-leaving.1029642/page-4,en,wordpress,200,77,0,117663,0,10,18,0,0,https://www.cruiseaway.com.au/blog/cruise-news/cruise-ship-captain/,,https://www.cruiseaway.com.au/blog/cruise-news/cruise-ship-captain/,,,,text,false,true,true,true,false,false,true,,,pagefound,2019-06-04 01:16:12,2026-03-14 20:06:01,,Jamie McKane,User content > Forum,Jobs and education > Jobs > Planning; Business > Business operations; Computers and electronics; Society,1
"Why Flow Link Building Creates Complete Google Authority That Lasts Through Updates — Premium SEO Backlink Service — Increase Domain Rating, Domain Authority and Trust Flow — Guest Posts and PBN Links — All Languages — Worldwide",https://seorankflow.shop/ei54bgj-flow-link-building-best-roi-any-seo-activity/,en,,200,47,0,0,0,7938,8811,0,0,https://www.cruiseaway.com.au/,,Flow trust flow improvement for cruise-away.com.au from Majestic-verified authority sources,,https://cruise-away.com.au/,301,text,false,false,true,false,false,false,true,,,pagefound,2026-05-08 07:03:35,2026-05-08 07:03:35,,,Article > Guide,Internet > Web services > SEO and marketing,1
CruiseAway: ✨ Missed the Cruise News This Week? We’ve Got You.🌊 | Milled,https://milled.com/cruiseaway-by-dreamlines-pty-ltd/missed-the-cruise-news-this-week-weve-got-you-YlUnDmPaXeA8wnmn,en,,200,74,0,24993,0,3,3,0,0,https://www.cruiseaway.com.au/,,Majestic Northern Lights Event Voyage with Michel Roux Travelzoo Members,,,,text,false,true,true,false,false,false,true,,,linkfound,2026-04-09 12:17:31,2026-04-09 12:17:31,,,,,1
"TELEGRAM t.me/seo_anomaly : SEO BACKLINKS, CROSS-LINKS, TRAFFIC BOOST, LINK INDEXING – Poesia de morras",https://poesiademorras.com/wp/2025/02/11/telegram-t-me-seo-anomaly-seo-backlinks-cross-30-2/,"en, es",wordpress,200,13,0,16358,0,1441,2314,0,0,https://www.cruiseaway.com.au/cruise-lines,,"SEO BACKLINKS, CROSS-LINKS, TRAFFIC BOOST, LINK INDEXING - TELEGRAM @SEO_ANOMALY",,https://www.cruiseaway.com.au/cruiseline/po-cruises,301,text,true,false,true,false,false,false,true,,,linkrestored,2025-04-23 02:51:27,2026-04-25 15:08:52,,,Article > Guide,Internet > Web services > SEO and marketing; Business,2
"Save on travel adventures at Click Frenzy's big event for 2025 | Goulburn Post | Goulburn, NSW",https://www.goulburnpost.com.au/story/9043916/save-on-travel-adventures-at-click-frenzys-big-event-for-2025/,en,,200,54,0,3737,0,27,43,0,0,https://www.cruiseaway.com.au/cruise-deals,,Cruiseaway,- $400 onboard credit and reduced deposits on cruises,,,text,false,true,false,false,false,false,true,,,pagefound,2025-08-28 10:17:03,2026-04-28 22:32:38,,,,,1
Bon Voyage Cruises - The Big Freeze Festival,https://thebigfreezefestival.com.au/missouri/bon-voyage-cruises.html,en,,200,8,0,0,0,8,10,0,0,https://www.cruiseaway.com.au/ship/bon-voyage,,Bon Voyage Cruises 2022 - 2023,,,,text,false,true,true,false,false,false,true,,,pagefound,2026-01-21 03:11:50,2026-03-28 14:07:26,,,,,1
CruiseAway: Don’t Break the Piggy Bank 💰 Local Cruise Deals Are Here | Milled,https://milled.com/cruiseaway-by-dreamlines-pty-ltd/dont-break-the-piggy-bank-local-cruise-deals-are-here-82T9Zp7O4yA4bEH4,en,,200,74,0,24993,0,4,24,0,0,https://www.cruiseaway.com.au/cruise/south-pacific-from-sydney-australia-with-the-carnival-adventure-18557046?allInclusive=false&filterParams%5BcabinKind%5D%5B0%5D=19&selectedSail=18557047,,South Pacific Discovery Voyage,,,,text,false,true,true,false,false,false,true,,,pagefound,2026-04-17 23:07:43,2026-04-17 23:07:43,,,,,1
,http://papasearch.net/ClaudeMonet19.html,en,,200,16,0,0,0,1559,5104,0,0,https://www.cruiseaway.com.au/ship/msc-splendida,MSC Splendida - Cruiseaway,https://www.cruiseaway.com.au/ship/msc-splendida,The MSC Splendida creates a ... This is the perfect,,,text,true,true,false,false,false,false,true,,,linkrestored,2020-01-31 04:53:46,2026-04-29 03:00:27,,,Listing collection > Product,Entertainment > Design > Painting,1
mandakini.co.in | few of top websites | page no. 363,https://www.mandakini.co.in/domain-list-363,en,,200,5,0,0,0,1055,2044,0,0,https://www.cruiseaway.com.au/,,cruiseaway.com.au,,"http://cruiseaway.com.au/, https://cruiseaway.com.au/","301, 301",text,true,true,true,false,false,false,true,,,linkrestored,2024-10-18 14:38:20,2026-04-05 11:32:24,,,Site page > About,Internet > Web services > Analytics,1
"Save on travel adventures at Click Frenzy's big event for 2025 | The Singleton Argus | Singleton, NSW",https://www.singletonargus.com.au/story/9043916/save-on-travel-adventures-at-click-frenzys-big-event-for-2025/,en,,200,45,0,646,0,31,46,0,0,https://www.cruiseaway.com.au/cruise-deals,,Cruiseaway,- $400 onboard credit and reduced deposits on cruises,,,text,false,true,false,false,false,false,true,,,pagefound,2025-08-28 02:29:11,2026-05-10 22:06:23,,,,,1
How Data Science and AI Are the Transforming Marketing Research | SEO Article Time,https://seoarticletime.com/how-data-science-and-ai-are-the-transforming-marketing-research/,en,wordpress,200,22,0,0,14,3510,4764,0,0,https://www.cruiseaway.com.au/,,cruiseaway,,https://cruiseaway.com.au/,301,text,true,true,false,false,false,true,true,,,pagefound,2024-12-13 11:15:44,2026-04-21 14:03:31,,,Article > Insights,Business > Marketing > Marketing; Internet > Web services > SEO and marketing; Science,2
"Today: STROMBOLI ISLAND (Aeolian Islands, Italy) Info, Aug 22, 2012",https://www.interalex.net/2012/08/stromboli-island-aeolian-islands-italy.html,en,,200,3.5,0,0,0,97,189,0,0,http://www.cruiseaway.com.au/cruise-port/stromboli_italy,,Stromboli. Italy - Cruise Away - Cruises | Best Cheap Cruises ...,,,,text,false,true,false,false,false,false,true,,,linkrestored,2020-12-09 15:11:26,2026-04-25 11:02:09,,,Article > Story,Travel > Tourist destinations > Islands; Reference > Geographic reference > Maps,1
"New Zealand is open for travel and luckily, it’s still affordable | Nyngan Observer | Nyngan, NSW",https://www.nynganobserver.com.au/story/7910925/new-zealand-is-open-for-travel-and-luckily-its-still-affordable/,en,,200,31,0,338,0,25,32,0,0,https://www.cruiseaway.com.au/cruise/journey-from-melbourne-with-the-queen-elizabeth-queen-elizabeth-15235953,,Get the deal here,,,,text,false,false,false,false,false,false,true,,,pagefound,2026-04-13 03:12:49,2026-05-05 07:34:42,,,,,2
Directory website list 1977 | Tumblr Directory,https://tumblrdirectory.com/directory-website-list-1977/,en,wordpress,404,14,0,0,0,5375,7163,0,0,https://www.cruiseaway.com.au/,,dreamlines.com.au,,https://dreamlines.com.au/,301,text,true,false,false,false,false,false,true,notfound,,pagefound,2025-09-29 21:00:49,2025-10-25 01:12:53,2026-04-16 02:35:56,,,,1
"Cruiseaway.com.au - анализ сайта, seo характеристики сайта - круисеаваы точка ком точка ау",https://prlog.ru/analysis/cruiseaway.com.au,,,200,51,0,91,0,44,251,0,0,https://www.cruiseaway.com.au/cruiseline/princess-cruises,,cruiseaway.com.au/cruiseline/princess-cruises,,https://cruiseaway.com.au/cruiseline/princess-cruises,301,text,false,true,true,false,false,false,true,,,linkrestored,2019-07-22 20:05:01,2026-05-07 18:56:13,,,,,1
Directory website list 1976 | Prime Solo directory,https://primesolodirectory.com/directory-website-list-1976/,en,wordpress,200,18,0,0,0,5390,7151,0,0,https://www.cruiseaway.com.au/,,cruiseaway.com.au,,https://cruiseaway.com.au/,301,text,true,false,false,false,false,false,true,,,pagefound,2025-10-02 05:49:39,2026-04-30 02:31:52,,,Listing collection > Business,Business > Business services > Consulting; Reference > Listings > Business; Internet,1
CruiseAway: Don’t Break the Piggy Bank 💰 Local Cruise Deals Are Here | Milled,https://milled.com/cruiseaway-by-dreamlines-pty-ltd/dont-break-the-piggy-bank-local-cruise-deals-are-here-82T9Zp7O4yA4bEH4,en,,200,74,0,24993,0,4,24,0,0,https://www.cruiseaway.com.au/cruise/australia-from-brisbane-australia-with-the-carnival-encounter-18151211?allInclusive=false&filterParams%5BcabinKind%5D%5B0%5D=19&selectedSail=18151259,,Reef & Coast Escape,,,,text,false,true,true,false,false,false,true,,,pagefound,2026-04-17 23:07:43,2026-04-17 23:07:43,,,,,1
"New Zealand is open for travel and luckily, it’s still affordable | Central Western Daily | Orange, NSW",https://www.centralwesterndaily.com.au/story/7910925/new-zealand-is-open-for-travel-and-luckily-its-still-affordable/,en,,200,55,0,16848,0,27,36,0,0,https://www.cruiseaway.com.au/cruise/journey-from-melbourne-with-the-queen-elizabeth-queen-elizabeth-15235953,,Get the deal here,,,,text,false,false,false,false,false,false,true,,,pagefound,2026-04-12 20:53:40,2026-05-10 09:24:46,,,,,2
chinawebdirectory.com | Top Websites of China | page no. 2680,https://www.chinawebdirectory.com/domain-list-2680,en,,200,0,0,0,0,1006,1018,0,0,https://www.cruiseaway.com.au/,,dreamlines.cn,,http://dreamlines.cn/,301,text,false,true,true,false,false,false,true,,,linkfound,2026-05-08 00:48:42,2026-05-08 00:48:42,,,Listing collection > Business,Internet > Web services > Development; Reference > Listings > Business,1
CruiseAway: Bundle & Save: Get Up to $500 Onboard Credit for 2026 Cruises! | Milled,https://milled.com/cruiseaway-by-dreamlines-pty-ltd/bundle-and-save-get-up-to-500-onboard-credit-for-2026-cruises-h2ITMNEbIVmVX016,en,,200,74,0,24993,0,4,27,0,0,https://www.cruiseaway.com.au/cruise/south-pacific-from-brisbane-australia-with-the-carnival-encounter-18152445,,Fiji & South Pacific Encounter from Brisbane,,https://www.cruiseaway.com.au/cruise/south-pacific-from-brisbane-australia-with-the-carnival-encounter-18152445?allInclusive=false&selectedSail=18152448,0,text,false,true,true,false,false,false,true,,,pagefound,2026-04-09 12:17:03,2026-04-09 12:17:03,,,,,2
Most Visited website list 1976 | Most Ranking Directory,https://worldmarketingdirectoy.com/most-visited-website-list-1976/,en,wordpress,200,18,0,0,0,5398,7169,0,0,https://www.cruiseaway.com.au/,,cruiseaway.com.au,,https://cruiseaway.com.au/,301,text,true,false,false,false,false,false,true,,,pagefound,2025-10-04 00:29:17,2026-05-06 00:07:23,,,Listing collection > Business,Business > Business services > Consulting; Internet > Web services > SEO and marketing,1
CruiseAway: This Week’s Top Luxury Cruise Offers – Set Sail in Style | Milled,https://milled.com/cruiseaway-by-dreamlines-pty-ltd/this-weeks-top-luxury-cruise-offers-set-sail-in-style-gzUiYgLWzZQVNrQM,en,,200,74,0,24993,0,4,21,0,0,https://www.cruiseaway.com.au/cruise-lines-specials/silversea-limited-time-offer,,Indugent Savings Sale,,,,image,false,true,true,false,false,false,true,,,pagefound,2025-09-08 15:44:34,2026-04-22 20:48:15,,,,,1
Most Visited website list 1977 | Post Directory,https://postsdirectory.com/most-visited-website-list-1977/,en,wordpress,200,55,0,0,0,5401,7143,0,0,https://www.cruiseaway.com.au/,,dreamlines.com.au,,https://dreamlines.com.au/,301,text,true,false,false,false,false,false,true,,,pagefound,2025-09-08 19:09:44,2026-05-07 01:15:06,,,Listing collection > Business,Internet > Web services > Development; Business > Business services; Reference > Listings > Business; News,1
,https://dealsbysearch.com/explore-the-seas-a-realistic-guide-to-3-day-cruises-from-fremantle,en,,200,0.4,0,0,0,9,16,0,0,https://www.cruiseaway.com.au/cruises/fremantle,,www.cruiseaway.com.au/cruises/fremantle?,,,,text,false,true,false,false,false,false,true,,,pagefound,2025-11-20 16:14:23,2025-12-31 01:24:55,,,,,1
Today: BELEP ISLANDS (New Caledonia) Info,https://www.interalex.net/2011/01/belep-islands-new-caledonia-info.html,en,,200,3.5,0,0,0,101,285,0,0,http://www.cruiseaway.com.au/cruise-port/ouvea_loyalty_islands_french_polynesia,,"Ouvea, Loyalty Islands, French Polynesia - Cruise Away",,,,text,false,true,false,false,false,false,true,,,linkrestored,2020-12-04 01:43:01,2026-04-19 23:54:43,,,Article > News,News > Local news; Travel > Tourist destinations > Islands; Reference > Geographic reference; Entertainment,1
searchhotels.in | few of top websites | page no. 363,https://www.searchhotels.in/domain-list-363,en,,200,6,0,0,0,1089,2057,0,0,https://www.cruiseaway.com.au/,,cruiseaway.com.au,,"http://cruiseaway.com.au/, https://cruiseaway.com.au/","301, 301",text,true,true,true,false,false,false,true,,,linkrestored,2024-08-25 16:39:07,2026-04-14 01:57:12,,,Listing collection > Property,Travel > Accommodations > Other; Internet,1
"Today: KOH PING KAN Island, Kao Ping Kan, Ko Khao Phing Kan, James Bond Island, เกาะเขาพิงกัน, เขาพิงกัน (Phang Nga, Thailand) Info, Feb 14, 2014",https://www.interalex.net/2014/02/koh-ping-kan-island-kao-ping-kan-ko.html,,,200,3.5,0,0,0,44,95,0,0,http://www.cruiseaway.com.au/cruise-port/koh-ping-kan-thailand,,"Koh Ping Kan, Thailand - Cruise Away",www.cruiseaway.com.au/cruise-port/koh-ping-kan-thailand Cached,,,text,false,true,false,false,false,false,true,,,linkrestored,2020-11-19 16:04:45,2026-04-15 10:52:54,,,Article > Wiki,Travel > Tourist destinations > Islands; Reference > Geographic reference > Maps; Entertainment > Movies,1
,http://papasearch.net/Stephen_King/StephenKing15.html,en,,200,16,0,0,0,2748,8286,0,0,https://www.cruiseaway.com.au/cruises-canada-new-england,Canada & New England Cruises 2017-2018 up to -66%,https://www.cruiseaway.com.au/cruises-canada-new-england,The lively colorful city of Miami is located in the,,,text,true,true,false,false,false,false,true,,,linkrestored,2023-06-05 02:28:53,2026-04-29 10:36:48,,,Listing collection > Product,Entertainment > Movies > Other; Books > Literary classics,1
Buy High Quality Dofollow Seo Backlinks to Rank on 1st Page — Seo Backlinks For Rank on 1st page,https://buybacklinks.agency/ynu9-get-ranking-on-1st-page-with-us/,en,,200,79,0,0,59,5193,5861,0,0,https://www.cruiseaway.com.au/,,Rank boost for cruiseaway.com.au: high-DR backlinks + guest posts; DR/DA/TF gain — global. | Visit buybacklinks.agency for any Query,,https://cruiseaway.com.au/,301,text,true,false,true,false,false,false,true,,,linkfound,2026-04-12 05:11:06,2026-05-07 07:36:31,,,Listing > Service,Internet > Web services > SEO and marketing; Business,1
"CruiseAway: 🌊 Sail More, Spend Less | Limited-Time Cruise Deals 🛳️✨ | Milled",https://milled.com/cruiseaway-by-dreamlines-pty-ltd/sail-more-spend-less-limited-time-cruise-deals-QI7HMP3v4dBvM8nX,en,,200,74,0,24993,0,5,22,0,0,https://www.cruiseaway.com.au/cruise-lines-specials/azamara-wave-promotion,,Azamara Wave Promotion,,,,text,false,true,true,false,false,false,true,,,linkfound,2026-04-18 03:50:28,2026-04-18 03:50:28,,,,,1
CruiseAway Coupons & Promo codes: 50% OFF,https://www.smatdeals.com/coupon/cruiseaway.html,en,,200,0,0,0,0,5,5,0,0,https://www.cruiseaway.com.au/,,CruiseAway logo,,,,image,false,false,false,false,false,false,true,,,pagefound,2026-05-10 00:49:31,2026-05-10 00:49:31,,,,,1
"CruiseAway: Ready, Set, Sail! (Whenever You Want) | Milled",https://milled.com/cruiseaway-by-dreamlines-pty-ltd/ready-set-sail-whenever-you-want-41Ld9WkC2n-Fo0lU,en,,200,74,0,24993,0,4,15,0,0,https://www.cruiseaway.com.au/cruise/australia-from-perth-fremantle-australia-with-the-sapphire-princess-18603682?sc_lid=558076653&sc_llid=13742&sc_src=email_7913535&sc_uid=TifzvmaXDS,,Predict Offer 1,,,,image,false,false,true,false,false,false,true,,,pagefound,2026-04-15 04:19:42,2026-04-15 04:19:42,,,,,1
SEO Tips for Small Businesses – Apply These and Your Online Business Will Soar! – YELLII,https://yellii.com/seo-tips-for-small-businesses-apply-these-and-your-online-business-will-soar/,en,wordpress,200,30,0,0,0,5370,7253,0,0,https://www.cruiseaway.com.au/,,cruiseaway,,https://cruiseaway.com.au/,301,text,true,false,false,false,false,false,true,,,pagefound,2024-10-18 23:45:11,2026-03-12 16:22:03,,,Article > How-to,Internet > Web services > SEO and marketing; Business > Small business > Business formation,1
Directory website list 1976 | Ai Article Directory,https://aiarticledirectory.com/directory-website-list-1976/,en,wordpress,404,13,0,0,0,5190,6043,0,0,https://www.cruiseaway.com.au/,,cruiseaway.com.au,,https://cruiseaway.com.au/,301,text,true,false,false,false,false,false,true,notfound,,pagefound,2025-09-05 03:29:06,2025-12-03 10:07:43,2026-04-29 05:55:10,,,,1
celebrity solstice cruises,https://hemofilia.org.br/6ky74qz/celebrity-solstice-cruises,en,wordpress,200,0.2,0,0,0,16,22,0,0,https://www.cruiseaway.com.au/ship/celebrity-solstice,"impressed with first cruise, look to another in the future.",,"CELLAR MASTERS Around the world in over 400 wines, lets",,,text,false,true,false,false,false,false,true,,,pagefound,2025-01-24 16:35:04,2026-01-14 18:10:54,,,,,1
"CruiseAway: Ready, Set, Sail! (Whenever You Want) | Milled",https://milled.com/cruiseaway-by-dreamlines-pty-ltd/ready-set-sail-whenever-you-want-AsbZC2RDMIxu478f,en,,200,74,0,24993,0,4,37,0,0,https://www.cruiseaway.com.au/cruise/sakura-symphony-seoul-to-tokyo-18584630,,Sakura Symphony - Seoul to Tokyo,,,,text,false,false,true,false,false,false,true,,,pagefound,2026-04-17 16:19:40,2026-04-17 16:19:40,,,,,1
How to Use IoT for Smarter E-Commerce Customer Experiences | Stars Article,https://starsarticle.com/how-to-use-iot-for-smarter-e-commerce-customer-experiences/,en,wordpress,200,17,0,0,44,3370,5087,0,0,https://www.cruiseaway.com.au/,,cruiseaway,,https://cruiseaway.com.au/,301,text,true,true,false,false,false,false,true,,,pagefound,2024-12-14 10:33:54,2026-04-03 03:36:25,,,Article > How-to,Business > Retail trade > Technology; Computers and electronics > Consumer electronics; Shopping > Shopping portals; Internet > Web services > Development,1
Directory website list 1977 – Online Success 728 | Business Listing Portal,https://businesslistingportal.com/directory-website-list-1977-online-success-728/,en,wordpress,200,3.4,0,0,0,5399,7130,0,0,https://www.cruiseaway.com.au/,,dreamlines.com.au,,https://dreamlines.com.au/,301,text,true,false,false,false,false,false,true,,,pagefound,2025-12-16 08:31:06,2026-05-04 19:03:40,,,Listing collection > Business,Business > Business services > Consulting; Internet,1
"Today: HANDA Island, Eilean Shannda (Highland, Scotland, UK) Info, Nov 06, 2014",https://www.interalex.net/2014/11/handa-island-eilean-shannda-highland.html,en,,200,3.5,0,0,0,54,146,0,0,http://www.cruiseaway.com.au/cruise-port/handa_island_scotland,,"Handa Island, Scotland - Cruise Away - Cruises | Best Cheap ...",www.cruiseaway.com.au/cruise-port/handa_island_scotland Cached,,,text,false,true,false,false,false,false,true,,,linkrestored,2020-08-30 14:16:12,2026-05-11 02:08:46,,,Article > Roundup,Travel > Tourist destinations > Islands,1
How To Be A Ship Captain - Signalsteel19,https://signalsteel19.gitlab.io/how-to-be-a-ship-captain.html,en,,200,89,0,1416558,0,20,22,0,0,https://www.cruiseaway.com.au/wp-blog/uploads/2017/03/22180631/shutterstock_33848395-680x1024.jpg,,What It Really Takes To Become A Cruise Ship Captain,,,,image,false,false,false,false,false,false,true,,,pagefound,2024-04-07 18:25:22,2026-03-24 22:12:46,,,,,1
CruiseAway: Sail Princess from just $49pp Deposit - Exclusive to us! | Milled,https://milled.com/cruiseaway-by-dreamlines-pty-ltd/sail-princess-from-just-49pp-deposit-exclusive-to-us-2VYWszpP3x2i_sJ6,en,,200,74,0,24993,0,4,32,0,0,https://www.cruiseaway.com.au/cruise/in-search-of-the-northern-lights-18281390,,In search of the Northern Lights,,https://www.cruiseaway.com.au/cruise/in-search-of-the-northern-lights-18281390?allInclusive=false&selectedSail=18040302,0,text,false,true,true,false,false,false,true,,,linkfound,2026-05-10 07:24:10,2026-05-10 07:24:10,,,,,2
"CruiseAway.com.au ▷ North Sydney opening hours Lvl 2 157 Walker Street, North Sydney, NSW, 2060 | FindOpen Australia",https://find-open.biz/north-sydney/cruiseawaycomau-845154,en,,200,21,0,0,0,4,5,0,0,https://www.cruiseaway.com.au/,,Website icon Website,,,,image,false,false,false,false,false,false,true,,,pagefound,2026-02-22 23:52:34,2026-04-25 19:13:02,,,,,1
"New Zealand is open for travel and luckily, it’s still affordable | Inner East Review | Melbourne, Victoria",https://www.innereastreview.com.au/story/7910925/new-zealand-is-open-for-travel-and-luckily-its-still-affordable/,en,,200,38,0,1259,0,18,29,0,0,https://www.cruiseaway.com.au/search-results,,Get the deal here,,"https://www.cruiseaway.com.au/cruise/journey-from-melbourne-with-the-queen-elizabeth-queen-elizabeth-15235953, https://www.cruiseaway.com.au/search-results, https://cruiseaway.com.au/search-results","307, 0, 301",text,false,false,false,false,false,false,true,,,linkfound,2026-04-20 13:54:51,2026-05-04 13:54:26,,,,,2
How Data Science and AI Are the Transforming Marketing Research | The Article Time,https://thearticletime.com/how-data-science-and-ai-are-the-transforming-marketing-research/,en,wordpress,200,20,0,0,28,3509,4764,0,0,https://www.cruiseaway.com.au/,,cruiseaway,,https://cruiseaway.com.au/,301,text,true,true,false,false,false,false,true,,,pagefound,2024-12-13 16:50:06,2026-04-28 04:10:03,,,Article > Insights,Business > Marketing > Marketing; Internet > Web services > SEO and marketing; Science > Computer science > Artificial intelligence,1
"Cruiseaway.com.au - анализ сайта, seo характеристики сайта - круисеаваы точка ком точка ау",https://prlog.ru/analysis/cruiseaway.com.au,,,200,51,0,91,0,44,251,0,0,http://www.cruiseaway.com.au/ships/world-residensea/,,cruiseaway.com.au/ships/world-...,,,,text,false,false,true,false,false,false,true,,,pagefound,2019-07-22 20:05:01,2026-05-07 18:56:13,,,,,2
"Save on travel adventures at Click Frenzy's big event for 2025 | St George & Sutherland Shire Leader | St George, NSW",https://www.theleader.com.au/story/9043916/save-on-travel-adventures-at-click-frenzys-big-event-for-2025/,en,,200,70,0,5862,0,22,37,0,0,https://www.cruiseaway.com.au/cruise-deals,,Cruiseaway,- $400 onboard credit and reduced deposits on cruises,,,text,false,true,false,false,false,false,true,,,pagefound,2025-08-28 02:35:05,2026-05-05 08:31:18,,,,,1
Directory website list 1977 | Directory Cloud hub,https://directorycloudhub.com/directory-website-list-1977/,en,wordpress,200,22,0,0,0,5403,7162,0,0,https://www.cruiseaway.com.au/,,dreamlines.com.au,,https://dreamlines.com.au/,301,text,true,false,false,false,false,false,true,,,pagefound,2025-11-09 06:41:27,2026-05-09 23:50:23,,,Listing collection > Business,Business > Business services > Consulting; Reference > Listings > Business; Internet > Search engines,1
Buy High Quality Dofollow Seo Backlinks to Rank on 1st Page — Seo Backlinks For Rank on 1st page,https://buybacklinks.agency/cxce-get-ranking-on-1st-page-with-us/,en,,200,79,0,0,59,5145,5881,0,0,https://www.cruiseaway.com.au/,,Google presence for dreamlines.cn: targeted backlinks + guest blogging; DR/DA/TF gain — every niche. | Visit buybacklinks.agency for any Query,,https://dreamlines.cn/,301,text,true,false,true,false,false,false,true,,,linkfound,2026-04-12 20:32:59,2026-05-07 13:44:36,,,Listing > Product,Internet > Web services > SEO and marketing; Business,1
"Cruiseaway.com.au - анализ сайта, seo характеристики сайта - круисеаваы точка ком точка ау",https://prlog.ru/analysis/cruiseaway.com.au,,,200,51,0,91,0,44,251,0,0,https://www.cruiseaway.com.au/cruises/hawaii,,cruiseaway.com.au/cruises/hawaii,,https://cruiseaway.com.au/cruises/hawaii,301,text,false,true,true,false,false,false,true,,,linkrestored,2019-07-22 20:05:01,2026-05-07 18:56:13,,,,,1
Most Visited website list 1976 | Guest Post Directory,https://guestpostwebdirectory.com/most-visited-website-list-1976/,en,wordpress,200,17,0,0,0,5392,7149,0,0,https://www.cruiseaway.com.au/,,cruiseaway.com.au,,https://cruiseaway.com.au/,301,text,true,false,false,false,false,false,true,,,pagefound,2025-12-14 22:24:12,2026-04-29 21:32:40,,,Listing collection > Business,Business > Business services > Consulting; Internet > Web services; Travel,1
Directory website list 1928 | Authority Pro Directory,https://authorityprodirectory.com/directory-website-list-1928/,en,wordpress,200,16,0,0,0,5400,6264,0,0,https://www.cruiseaway.com.au/,,cruiseaway,,https://cruiseaway.com.au/,301,text,true,false,false,false,false,false,true,,,pagefound,2025-10-23 14:28:12,2026-05-07 16:39:06,,,Listing collection > Business,Business > Business services > Consulting; Reference > Listings > Business,2
new.net.in | few of top websites | page no. 363,https://www.new.net.in/domain-list-363,en,,200,8,0,3,0,1098,2103,0,0,https://www.cruiseaway.com.au/,,cruiseaway.com.au,,"http://cruiseaway.com.au/, https://cruiseaway.com.au/","301, 301",text,true,true,true,false,false,false,true,,,linkrestored,2024-08-12 12:48:23,2026-04-27 13:48:21,,,Listing collection > Business,Internet > Web services > Development,1
"Today: CAYENNE (French Guiana) Info, Jan 12, 2012",https://www.interalex.net/2012/01/cayenne-french-guiana-info-jan-12-2012.html,en,,200,3.5,0,0,0,103,193,0,0,http://www.cruiseaway.com.au/cruise-port/cayenne-french-guiana,,Cayenne (French Guiana) - Cruise Away - Cruises | Best Cheap ...,,,,text,false,false,false,false,false,false,true,,,linkrestored,2020-11-30 21:02:42,2026-04-30 13:11:58,,,Article > News,Reference > Geographic reference; Entertainment > Music; News > Local news; Travel > Tourist destinations,1
"Dreamlines Cruises - Travel Agents 122 Arthur St, North Sydney NSW 2060 | True Local",https://www.truelocal.com.au/nsw/north-sydney/dreamlines-cruises-15068543,en,,200,79,0,12515,0,11,17,0,0,https://www.cruiseaway.com.au/,,Website,,http://www.dreamlines.com.au/,301,text,false,true,false,false,false,false,true,,,linkfound,2025-09-16 14:09:19,2026-02-05 08:07:50,,,,,1
Most Visited website list 94 | Website Zone Directory,https://webzonedirectory.com/most-visited-website-list-94/,en,wordpress,200,18,0,0,0,5396,7254,0,0,https://www.cruiseaway.com.au/,,cruiseaway,,https://cruiseaway.com.au/,301,text,true,false,false,false,false,false,true,,,pagefound,2025-09-25 21:06:49,2026-05-10 23:37:49,,,Listing collection > Business,Internet > Web services > Development; Business > Business services; Reference > Listings > Business,2
Blockchain Trends – The Future of Digital Innovation – worldbusinesspromote,https://worldbusinesspromote.com/blockchain-trends-the-future-of-digital-innovation/,en,wordpress,200,24,0,0,0,2713,3578,0,0,https://www.cruiseaway.com.au/,dreamlandmagazine.com.au dreamlimousines.com.au,dreamlines.com.au,dreamnannies.com.au dreampiece.com.au,https://dreamlines.com.au/,301,text,true,true,true,false,false,false,true,,,pagefound,2026-04-09 12:13:41,2026-04-22 09:43:08,,,,,1
CruiseAway: 📣*REDUCED PRICES * EXCLUSIVES * LAST MINUTE DEALS * & MORE | Milled,https://milled.com/cruiseaway-by-dreamlines-pty-ltd/reduced-prices-exclusives-last-minute-deals-and-more-yTSjMmtrnbqpaBvq,en,,200,74,0,24993,0,6,23,0,0,https://www.cruiseaway.com.au/cruise/14-day-expedition-from-sydney-17276936,,South Pacific to Fiji from $1599pp South Pacific to Fiji from $1599pp,,,,image,false,true,true,false,false,false,true,,,pagefound,2025-01-22 19:58:08,2026-03-30 19:15:38,,,,,1
"Today: PACIFIC News, Feb 26, 2016",https://www.interalex.net/2016/02/pacific-news-feb-26-2016.html,en,,200,3.5,0,0,0,112,190,0,0,https://www.cruiseaway.com.au/cruises-south-pacific,,South Pacific Cruises 2016-2017 up to -54% - Best Itineraries,,,,text,false,false,false,false,false,false,true,,,linkrestored,2020-08-26 04:22:37,2026-05-08 23:38:14,,,Article > News,News > Local news; Entertainment,1
Most Visited website list 1928 | Click To Rank Directory,https://clicktorankdirectoy.com/most-visited-website-list-1928/,en,wordpress,200,18,0,0,0,5401,6267,0,0,https://www.cruiseaway.com.au/,,cruiseaway,,https://cruiseaway.com.au/,301,text,true,false,false,false,false,false,true,,,pagefound,2025-09-11 14:06:30,2026-05-09 02:56:16,,,Listing collection > Business,Internet > Web services > Development; Business > Business services > Consulting; Reference,2
Stress Management Ideas – Finding Calm in a Busy World – skylinkseo.site,https://skylinkseo.site/stress-management-ideas-finding-calm-in-a-busy-world/,en,wordpress,200,28,0,0,0,2691,3580,0,0,https://www.cruiseaway.com.au/,cruiseabout.com.au cruiseautomotive.com.au,cruiseaway.com.au,cruisebar.com.au cruisecraft.com.au,https://cruiseaway.com.au/,301,text,true,false,true,false,false,false,true,,,pagefound,2025-12-05 03:25:00,2026-05-05 15:23:21,,,,,1
Cruise Lines Specials | Spectacular Offers | CruiseAway - Information - #7803249,http://www.secretsearchenginelabs.com/information/7803249-Cruise-Lines-Specials---Spectacular-Offers,en,,200,44,0,218,0,3,5,0,0,https://www.cruiseaway.com.au/cruise-lines-specials,Visit,Cruise Lines Specials | Spectacular Offers | CruiseAway,(https://www.cruiseaway.com.au/cruise-lines-specials),,,text,false,true,true,false,false,false,true,,,pagefound,2024-02-06 00:12:18,2026-03-30 00:08:42,,Simon Byholm,,,1
CruiseAway: ✨ Bucket-List Voyages & Close-to-Home Escapes — Book Now | Milled,https://milled.com/cruiseaway-by-dreamlines-pty-ltd/bucket-list-voyages-and-close-to-home-escapes-book-now-JgInZpgnsL_yFpX3,en,,200,74,0,24993,0,4,28,0,0,https://www.cruiseaway.com.au/cruise/transpacific-from-seattle-washington-usa-with-the-noordam-18449107?allInclusive=false&selectedSail=18449108,,South Pacific Crossing & Australia Circumnavigation,,,,text,false,true,true,false,false,false,true,,,linkfound,2026-05-08 02:14:14,2026-05-08 02:14:14,,,,,1
CruiseAway: 📣*REDUCED PRICES * EXCLUSIVES * LAST MINUTE DEALS * & MORE | Milled,https://milled.com/cruiseaway-by-dreamlines-pty-ltd/reduced-prices-exclusives-last-minute-deals-and-more-JWHm4I5_cl610VsN,en,,200,74,0,24993,0,6,24,0,0,https://www.cruiseaway.com.au/cruise/cruising-from-sydney-with-the-noordam-noordam-16645996,,Christmas Holiday in New Zealand Christmas Holiday in New Zealand,,,,image,false,true,true,false,false,false,true,,,linkfound,2026-03-30 19:15:45,2026-03-30 19:15:45,,,,,1
"Cruiseaway.com.au - анализ сайта, seo характеристики сайта - круисеаваы точка ком точка ау",https://prlog.ru/analysis/cruiseaway.com.au,,,200,51,0,91,0,44,251,0,0,https://www.cruiseaway.com.au/cruises/world-cruises-sectors,,cruiseaway.com.au/cruises/world-cruises-sectors,,https://cruiseaway.com.au/cruises/world-cruises-sectors,301,text,false,true,true,false,false,false,true,,,linkrestored,2019-07-22 20:05:01,2026-05-07 18:56:13,,,,,1
,http://papasearch.net/Tokyo/Tokyo38.html,en,,200,16,0,0,0,2430,7368,0,0,https://www.cruiseaway.com.au/cruises/asia,,Asia Cruises | Massive Savings up to -49% | CruiseAway,,,,text,true,true,false,false,false,false,true,,,pagefound,2022-09-24 13:13:14,2026-04-29 10:36:08,,,Listing collection > Event,Society > Social sciences; Entertainment; Reference; News,1
"Save on travel adventures at Click Frenzy's big event for 2025 | Nyngan Observer | Nyngan, NSW",https://www.nynganobserver.com.au/story/9043916/save-on-travel-adventures-at-click-frenzys-big-event-for-2025/,en,,200,31,0,338,0,31,46,0,0,https://www.cruiseaway.com.au/cruise-deals,,Cruiseaway,- $400 onboard credit and reduced deposits on cruises,,,text,false,true,false,false,false,false,true,,,pagefound,2025-08-28 02:44:54,2026-05-05 15:02:02,,,,,1
How Authority Link Packages Compound Over 12 Months for Insurtech — The Snowball Effect That Makes Each New Package More Powerful — RankLinkX — Precision Backlinks for Brands That Play to Win.,https://ranklinkx.shop/fdc7riv-science-domain-rating-buying-right-backlinks-dr-fast-fintech-market/,en,,200,0,0,0,0,8229,9534,0,0,https://www.cruiseaway.com.au/,,dreamlines.com.au SEO Solved: High-DR Guest Posts + Contextual Dofollow Backlinks + Ahrefs Domain Rating DR + Moz Domain Authority DA + Majestic Trust Flow TF + Dominate Google Search Results — 100+ Countries • All Niches • All Languages,,https://dreamlines.com.au/,301,text,false,false,true,false,false,false,true,,,linkfound,2026-05-07 21:14:31,2026-05-07 21:14:31,,,Article > Guide,Internet > Web services > SEO and marketing; Business > Marketing > Marketing,1
"Celebrity Cruises reveals designs for new ship Celebrity Edge, due to set sail in December 2018",https://www.theage.com.au/traveller/inspiration/the-latest-cruise-news-with-the-cruise-director-20170331-gvardp.html,en,,200,86,0,648886,0,25,44,0,0,https://www.cruiseaway.com.au/search-results,transfers. Valid until sold out; phone 1300 306 134. See,cruiseaway.com.au,,"https://www.cruiseaway.com.au/cruise/the-swiss-alps-to-paris-581165, https://www.cruiseaway.com.au/search-results, https://cruiseaway.com.au/search-results","307, 0, 301",text,false,true,false,false,false,false,true,,,linkfound,2026-03-06 03:46:28,2026-04-29 17:56:12,,Sally Macmillan,,,2
"CruiseAway: Dream Deal: Luxury Mekong Escape from $4,599pp | Milled",https://milled.com/cruiseaway-by-dreamlines-pty-ltd/dream-deal-luxury-mekong-escape-from-4-599pp-0L9bfoS3CqPf3TTV,en,,200,74,0,24993,0,3,3,0,0,https://www.cruiseaway.com.au/,,"Australia from Sydney, Australia with the Celebrity Solstice",,,,text,false,false,true,false,false,false,true,,,linkfound,2026-04-09 12:16:58,2026-04-09 12:16:58,,,,,1
CruiseAway: This Week’s Top Luxury Cruise Offers – Set Sail in Style | Milled,https://milled.com/cruiseaway-by-dreamlines-pty-ltd/this-weeks-top-luxury-cruise-offers-set-sail-in-style-gzUiYgLWzZQVNrQM,en,,200,74,0,24993,0,4,21,0,0,https://www.cruiseaway.com.au/cruise-lines-specials/seabourn-sail-into-savings-sale,,Sail into Savings Sale,,,,image,false,true,true,false,false,false,true,,,pagefound,2025-09-08 15:44:34,2026-04-22 20:48:15,,,,,1
Most Visited website list 1928 | World Top Directory,https://worldtopwebsite.com/most-visited-website-list-1928/,en,wordpress,200,20,0,0,0,5413,6282,0,0,https://www.cruiseaway.com.au/,,cruiseaway,,https://cruiseaway.com.au/,301,text,true,false,false,false,false,false,true,,,pagefound,2025-09-27 06:35:59,2026-05-07 19:37:29,,,Listing collection > Business,Business > Business services > Consulting; Internet > Search engines; Reference > Listings > Business,2
Most Visited website list 1977 | Top World Directory,https://topworlddirectory.com/most-visited-website-list-1977/,en,wordpress,200,55,0,0,0,5403,7156,0,0,https://www.cruiseaway.com.au/,,dreamlines.com.au,,https://dreamlines.com.au/,301,text,true,false,false,false,false,false,true,,,pagefound,2025-10-14 16:22:32,2026-05-11 03:47:47,,,Listing collection > Business,Internet > Search engines; Business > Business services > Consulting; Reference > Listings > Business,1
"Running My Small Business, I've Always Known How Critical SEO Is but Customizing Keywords Made Me Feel Intimidated Until Researching SEOExpress.org. This Exceptional Team Helped Negotiate Top Keywords for My Niche Resulting in Visible Traffic Growth of Two Hundred Fifty Percent Plus Real Conversions Started Happening—It's Truly Remarkable! ★★★★★ 🌟 — Guest Posts",https://theguestposts.shop/running-my-small-business-have-always-known-how-critical-seo-is-but-customizing-keywords-made-me-feel-intimidated-until-researching-seoexpress-an-exceptional-team-helped-negotiate-top,en,,200,28,0,0,36,5233,8692,0,0,https://www.cruiseaway.com.au/,,There was a time when cruiseaway.com.au didn't attract any attention at all—it was disheartening! Then came along SEOExpress.org's outstanding guest posting services: overnight it seemed my authority grew tremendously as well as my visitor count shot through the roof by an astonishing +280%! That kind of result is hard not to love; go check out what they offer 🌟,,https://cruiseaway.com.au/,301,text,true,false,true,false,false,false,true,,,linkfound,2026-05-07 13:25:19,2026-05-07 13:25:19,,,Article > Story,Internet > Web services > SEO and marketing; Business > Small business > Business formation,1
,http://papasearch.net/ClaudeMonet18.html,en,,200,16,0,0,0,1914,5327,0,0,https://www.cruiseaway.com.au/ship/msc-preziosa,Such a great way to relax.21. MSC Preziosa - Cruiseaway,"https://www.cruiseaway.com.au/ship/msc-preziosa Cabins. The elegant and modern cabins aboard the MSC Preziosa leave no wish unfulfilled. Here you may choose between inner cabins, outer cabins, balcony cabins, …",,,,text,true,true,false,false,false,false,true,,,linkrestored,2018-02-17 09:25:30,2026-04-29 02:59:23,,,Listing collection > Event,Entertainment > Design > Painting,1
Most Visited website list 1976 | Website Zone Directory,https://webzonedirectory.com/most-visited-website-list-1976/,en,wordpress,200,18,0,0,0,5392,7146,0,0,https://www.cruiseaway.com.au/,,cruiseaway.com.au,,https://cruiseaway.com.au/,301,text,true,false,false,false,false,false,true,,,pagefound,2025-09-29 19:15:27,2026-04-28 05:42:31,,,Listing collection > Business,Internet > Web services > Development; Business > Business services > Consulting,1
"Today: LOUISIADE Archipelago (Papua New Guinea) Info, Dec 24, 2011",https://www.interalex.net/2011/12/louisiade-archipelago-papua-new-guinea.html,en,,200,3.5,0,0,0,91,169,0,0,http://www.cruiseaway.com.au/cruise-port/calvados_chain_louisiade_archipelago_png,,"Calvados Chain, Louisiade Archipelago, Papua New Guinea ...",,,,text,false,false,false,false,false,false,true,,,linkrestored,2020-12-18 09:49:46,2026-04-20 19:11:39,,,Article > News,Reference > Geographic reference > Maps; News > World news; Travel > Tourist destinations > Islands,1
Most Visited website list 1977 | Website Post Directory,https://webpostdirectory.com/most-visited-website-list-1977/,en,wordpress,200,21,0,0,0,5401,7145,0,0,https://www.cruiseaway.com.au/,,dreamlines.com.au,,https://dreamlines.com.au/,301,text,true,false,false,false,false,false,true,,,pagefound,2025-09-29 16:40:41,2026-05-06 21:24:15,,,Listing collection > Business,Internet > Web services > Development; Business > Business services; Reference > Listings > Business,1
officialwebsites.in | few of top websites | page no. 363,https://www.officialwebsites.in/domain-list-363,en,,200,7,0,0,0,1084,2041,0,0,https://www.cruiseaway.com.au/,,cruiseaway.com.au,,"http://cruiseaway.com.au/, https://cruiseaway.com.au/","301, 301",text,true,true,true,false,false,false,true,,,linkfound,2022-12-23 01:35:28,2026-03-04 08:51:24,,,Listing collection > Business,Internet > Web services > Development,1
"CruiseAway: Ready, Set, Sail! (Whenever You Want) | Milled",https://milled.com/cruiseaway-by-dreamlines-pty-ltd/ready-set-sail-whenever-you-want-AsbZC2RDMIxu478f,en,,200,74,0,24993,0,4,37,0,0,https://www.cruiseaway.com.au/cruises/tasmania-cruises,,Tasmania Cruises,,,,image,false,false,true,false,false,false,true,,,pagefound,2026-04-17 16:19:40,2026-04-17 16:19:40,,,,,1
Explore the Seas: A Realistic Guide to 3-Day Cruises from Fremantle,https://easywebreads.com/explore-the-seas-a-realistic-guide-to-3-day-cruises-from-fremantle/,en,,200,0,0,0,0,7,8,0,0,https://www.cruiseaway.com.au/cruises/fremantle,,www.cruiseaway.com.au/cruises/fremantle?,,,,text,false,true,false,false,false,false,true,,,pagefound,2025-09-16 10:06:08,2025-12-15 16:40:16,,Joe Davis,,,1
"New Zealand is open for travel and luckily, it’s still affordable | Braidwood Times | Braidwood, NSW",https://www.braidwoodtimes.com.au/story/7910925/new-zealand-is-open-for-travel-and-luckily-its-still-affordable/,en,,200,34,0,109,0,20,28,0,0,https://www.cruiseaway.com.au/search-results,,Get the deal here,,"https://www.cruiseaway.com.au/cruise/journey-from-melbourne-with-the-queen-elizabeth-queen-elizabeth-15235953, https://www.cruiseaway.com.au/search-results, https://cruiseaway.com.au/search-results","307, 0, 301",text,false,false,false,false,false,false,true,,,linkfound,2026-05-06 21:23:42,2026-05-06 21:23:42,,,,,2
"CruiseAway: Ready, Set, Sail! (Whenever You Want) | Milled",https://milled.com/cruiseaway-by-dreamlines-pty-ltd/ready-set-sail-whenever-you-want-AsbZC2RDMIxu478f,en,,200,74,0,24993,0,4,37,0,0,https://www.cruiseaway.com.au/cruises/mediterranean,,Europe Cruises,,,,text,false,false,true,false,false,false,true,,,pagefound,2026-04-17 16:19:40,2026-04-17 16:19:40,,,,,3
"CruiseAway: Exclusive, all-inclusive journey's with extraordinary added indulgences✨ – AZ-AZAMAZING EXCLUSIVES | Milled",https://milled.com/cruiseaway-by-dreamlines-pty-ltd/exclusive-all-inclusive-journeys-with-extraordinary-added-indulgences-az-peSN67W6Fo2qg3RF,en,,200,74,0,24993,0,5,21,0,0,https://www.cruiseaway.com.au/cruise/the-azamara-privilege-voyage-18797029?allInclusive=false&selectedSail=17910467,,DREAM DEAL,,,,image,false,true,true,false,false,false,true,,,linkfound,2026-04-15 06:01:05,2026-04-15 06:01:05,,,,,2
,https://dreamlines.cn/,,,301,0,0,0,24,1,1,0,0,https://www.cruiseaway.com.au/,,,,,,redirect,false,false,false,false,false,false,true,,,pagefound,2025-03-21 17:10:53,2026-04-23 08:55:34,,,,,1
How To Be A Captain Of Ship » Beerpeace,https://beerpeace.personalizarxforce.com/how-to-be-a-captain-of-a-ship.html,en,,200,15,0,0,0,19,21,0,0,https://www.cruiseaway.com.au/wp-blog/uploads/2017/03/22180631/shutterstock_33848395-680x1024.jpg,,What It Really Takes To Become A Cruise Ship Captain,,,,image,false,false,false,false,false,false,true,,,pagefound,2024-02-17 02:12:36,2026-04-14 02:58:23,,,,,1
Directory website list 94 | Us Directory List,https://usdirectorylist.com/directory-website-list-94/,en,wordpress,200,24,0,0,0,5381,7214,0,0,https://www.cruiseaway.com.au/,,cruiseaway,,https://cruiseaway.com.au/,301,text,true,false,false,false,false,false,true,,,pagefound,2025-09-01 05:03:13,2026-04-27 02:22:54,,,Listing collection > Business,Business > Business services > Consulting; Reference > Listings > Business; Society,2
"Today: MARKEN Island (Netherlands) Info, Nov 01, 2013",https://www.interalex.net/2013/11/marken-island-netherlands-info-nov-01.html,en,,200,3.5,0,0,0,50,100,0,0,http://www.cruiseaway.com.au/cruise-port/marken-netherlands,,"Marken, Netherlands - Cruise Away - Cruises | Best Cheap ...",www.cruiseaway.com.au/cruise-port/marken-netherlands Cached,,,text,false,true,false,false,false,false,true,,,linkrestored,2020-09-23 17:04:00,2026-04-29 07:35:19,,,Article > Roundup,Travel > Tourist destinations > Islands; Entertainment > Music,1
How Data Science and AI Are the Transforming Marketing Research | Top Acted,https://topacted.com/how-data-science-and-ai-are-the-transforming-marketing-research/,en,wordpress,200,25,0,0,44,3510,4763,0,0,https://www.cruiseaway.com.au/,,cruiseaway,,https://cruiseaway.com.au/,301,text,true,true,false,false,false,true,true,,,pagefound,2024-12-14 07:43:03,2026-04-21 09:35:57,,,Article > Insights,Business > Marketing > Marketing; Internet > Web services > SEO and marketing; Science,1
Most Visited website list 1977 | Best Top Directory,https://besttopdirectory.com/most-visited-website-list-1977/,en,wordpress,200,55,0,0,0,5402,7145,0,0,https://www.cruiseaway.com.au/,,dreamlines.com.au,,https://dreamlines.com.au/,301,text,true,false,false,false,false,false,true,,,pagefound,2025-10-02 05:21:56,2026-05-10 08:14:19,,,Listing collection > Business,Internet > Search engines; Business > Business services > Consulting; Reference > Listings > Business,1
Directory website list 1977 | Seo Pro Directory,https://seoprodirectory.com/directory-website-list-1977/,en,wordpress,200,15,0,0,0,5401,7148,0,0,https://www.cruiseaway.com.au/,,dreamlines.com.au,,https://dreamlines.com.au/,301,text,true,false,false,false,false,false,true,,,pagefound,2026-01-04 01:28:49,2026-05-11 03:16:40,,,Listing collection > Business,Business > Business services > Consulting; Internet > Search engines; Reference > Listings > Business,1
The Hidden ROI of Buying Website Traffic — Why Network Of Sites Marketers Are Adding It to Their Monthly SEO Budget — PremiumSEOLinks — Elite Links for Sites That Demand the Very Best.,https://premiumseolinks.shop/70lx28y-complete-guide-authority-link-packages-network-of-sites-what-when-track-full-roi/,en,,200,0,0,0,0,8302,9751,0,0,https://www.cruiseaway.com.au/,,No-Risk White-Hat Guest Posts + Permanent Dofollow Backlinks for cruiseaway.com.au — Majestic Trust Flow TF • Ahrefs Domain Rating DR • Moz Domain Authority DA Guaranteed — Outrank Every Competitor on Google — Competitive & Low-Competition Niches • All Languages,,https://cruiseaway.com.au/,301,text,false,false,true,false,false,false,true,,,pagefound,2026-05-09 20:23:35,2026-05-09 20:23:35,,,Article > Opinion,Internet > Web services > SEO and marketing; Business > Marketing > Marketing,1
クルーズアウェイ - Affiliate Program - [Start Earning Today],https://amalinkspro.com/ja/best-affiliate-programs-beginners/%E3%82%AF%E3%83%AB%E3%83%BC%E3%82%BA%E3%82%A2%E3%82%A6%E3%82%A7%E3%82%A4/,ja,wordpress,200,48,0,3,0,1,2,0,0,https://www.cruiseaway.com.au/,For more information about this offer:,View the クルーズアウェイ homepage,,,,text,false,true,false,false,false,false,true,,,pagefound,2024-11-20 16:49:13,2026-03-23 06:20:45,,,,,1
"Running My Small Business, I've Always Known How Critical SEO Is but Customizing Keywords Made Me Feel Intimidated Until Researching SEOExpress.org. This Exceptional Team Helped Negotiate Top Keywords for My Niche Resulting in Visible Traffic Growth of Two Hundred Fifty Percent Plus Real Conversions Started Happening—It's Truly Remarkable! ★★★★★ 🌟 — SEO Ranking High",https://theseorankinghigh.shop/running-my-small-business-have-always-known-how-critical-seo-is-but-customizing-keywords-made-me-feel-intimidated-until-researching-seoexpress-an-exceptional-team-helped-negotiate-top,en,,200,29,0,0,36,5233,8697,0,0,https://www.cruiseaway.com.au/,,There was a time when cruiseaway.com.au didn't attract any attention at all—it was disheartening! Then came along SEOExpress.org's outstanding guest posting services: overnight it seemed my authority grew tremendously as well as my visitor count shot through the roof by an astonishing +280%! That kind of result is hard not to love; go check out what they offer 🌟,,https://cruiseaway.com.au/,301,text,true,false,true,false,false,false,true,,,linkfound,2026-05-05 21:42:36,2026-05-05 21:42:36,,,Article > Story,Internet > Web services > SEO and marketing; Business > Small business > Business formation,1
Directory website list 1977 | Smart Directory hub,https://smartdirectoryhub.com/directory-website-list-1977/,en,wordpress,200,19,0,0,0,5401,7148,0,0,https://www.cruiseaway.com.au/,,dreamlines.com.au,,https://dreamlines.com.au/,301,text,true,false,false,false,false,false,true,,,pagefound,2025-10-01 13:49:20,2026-05-10 02:26:50,,,Listing collection > Business,Business > Business services > Consulting; Reference > Listings > Business; Internet > Web services,1
vidin bulgaria and population,http://bolerusim.keep.pl/vidin-bulgaria-and-population.php,en,,200,47,0,630,0,16,20,0,0,http://www.cruiseaway.com.au/cruise-port/vidin_bulgaria,,"Vidin, Bulgaria - Cruise Away",,,,text,false,true,false,false,false,false,true,,,pagefound,2025-09-15 22:03:25,2026-02-09 23:36:42,,,,,1
How to Use IoT for Smarter E-Commerce Customer Experiences | Ranks Article,https://ranksarticle.com/how-to-use-iot-for-smarter-e-commerce-customer-experiences/,en,wordpress,200,17,0,0,28,3373,5070,0,0,https://www.cruiseaway.com.au/,,cruiseaway,,https://cruiseaway.com.au/,301,text,true,true,false,false,false,true,true,,,pagefound,2024-12-14 10:35:13,2026-04-21 04:49:59,,,Article > How-to,Business > Retail trade > Technology; Shopping > Shopping portals; Computers and electronics > Consumer electronics; Internet > Web services > Development,1
"Today: RABAT (Morocco) Info (year 2011), Jan 24, 2012",https://www.interalex.net/2012/01/rabat-morocco-info-year-2011-jan-24.html,en,,200,3.5,0,0,0,99,173,0,0,http://www.cruiseaway.com.au/cruise-port/rabat_morocco,,"Rabat, Morocco - Cruise Away - Cruises | Best Cheap Cruises ...",,,,text,false,false,false,false,false,false,true,,,linkrestored,2020-12-18 01:46:23,2026-04-23 01:49:28,,,Article > News,Travel > Tourist destinations > Other; Entertainment > Events; Reference > Geographic reference; Society; News,1
Eurekster,https://p.eurekster.com/?id=&apdiv=Submit&search=Cruise%20Line%20Mediterranean,en,,200,51,0,0,0,99,124,0,0,https://www.cruiseaway.com.au/cruiseline/norwegian-cruise-line,,https://www.cruiseaway.com.au/cruiseline/norwegian-cruise-line,,,,text,false,false,false,false,false,false,true,,,linkfound,2022-12-14 06:26:35,2026-02-16 11:28:15,,,,,2
"Cruiseaway.com.au - анализ сайта, seo характеристики сайта - круисеаваы точка ком точка ау",https://prlog.ru/analysis/cruiseaway.com.au,,,200,51,0,91,0,44,251,0,0,https://www.cruiseaway.com.au/ship/msc-musica,,cruiseaway.com.au/ship/msc-musica,,https://cruiseaway.com.au/ship/msc-musica,301,text,false,true,true,false,false,false,true,,,linkrestored,2019-10-01 11:22:44,2026-05-07 18:56:13,,,,,1
CruiseAway Affiliate Program: Commission & Program Details (2026),https://getlasso.co/affiliate/cruiseaway/,en,wordpress,200,62,0,2303,0,7,9,0,0,https://www.cruiseaway.com.au/affiliate-program,join the CruiseAway affiliate program by filling out their application:,https://www.cruiseaway.com.au/affiliate-program?utm_source=getlasso,,,,text,false,true,false,false,false,false,true,,,linkrestored,2022-09-14 01:10:21,2026-05-10 00:15:23,,Andrew Fiebert,,,1
hawaii to sydney cruise 2024,http://dhorikoshi.com/q1je7qi/white/263220128082b1f617f,en,,200,11,0,0,0,47,70,0,0,https://www.cruiseaway.com.au/cruises,more. 21 Days (20 Nights) Honolulu to Sydney. View Deal.,Best Cruises 2022 / 2023 / 2024 with up to -50% | CruiseAway,2024 cruises; Cruise calendar; Cruise View Cruise Details. Hawaii Mediterranean,,,text,true,true,false,false,false,false,true,,,linkfound,2026-04-23 06:52:57,2026-04-23 06:52:57,,,,,1
CruiseAway: 📣*REDUCED PRICES * EXCLUSIVES * LAST MINUTE DEALS * & MORE | Milled,https://milled.com/cruiseaway-by-dreamlines-pty-ltd/reduced-prices-exclusives-last-minute-deals-and-more-JWHm4I5_cl610VsN,en,,200,74,0,24993,0,6,24,0,0,https://www.cruiseaway.com.au/cruise/11-day-expedition-from-sydney-ovation-of-the-seas-809172,,New Zealand with Ovation New Zealand with Ovation,,,,image,false,true,true,false,false,false,true,,,linkfound,2026-03-30 19:15:45,2026-03-30 19:15:45,,,,,1
"Before Discovering SEOExpress.org, I Spent Years on Expensive Agencies That Didn't Deliver the Results Promised. Eventually, I Tried Their White-Hat Backlinks Service and In Just Eight Weeks, My Domain Authority Ramped Up from DA 15 to DA 48 and Leads Poured In at a Rate of Over One Hundred Per Month! Best Investment in SEO ★★★★★ 💎 — SEO Express Website",https://seoexpress.website/before-discovering-seoexpress-i-spent-years-on-expensive-agencies-that-didnt-deliver-the-results-promised-eventually-i-tried-their-white-hat-backlinks-service-and-in-only-eight-weeks-my,en,,200,29,0,0,36,5038,8448,0,0,https://www.cruiseaway.com.au/,,"I remember when cruise-away.com.au was buried on page 7, struggling to attract any visitors. After discovering SEOExpress.org and their affordable SEO packages, everything changed. Within just two months, my site jumped to page 1 and traffic skyrocketed from 150 to over 5,000 monthly visits! Investing in them felt like the best decision I ever made for my business 🌟",,https://cruise-away.com.au/,301,text,true,false,true,false,false,false,true,,,linkfound,2026-04-23 22:22:32,2026-05-09 13:48:14,,,Article > Story,Internet > Web services > SEO and marketing; Business > Marketing > Marketing,1
CruiseAway: Celebrate 12 Days of Cruisemas: $99 Deposits + Upgrades on Princess Cruises | Milled,https://milled.com/cruiseaway-by-dreamlines-pty-ltd/celebrate-12-days-of-cruisemas-99-deposits-upgrades-on-princess-cruises-LwIL-AvIV9XHvOhY,en,,200,74,0,24993,0,3,3,0,0,https://www.cruiseaway.com.au/,,"South East Asia from Singapore, Singapore with the Ovation of the Seas",,,,text,false,true,true,false,false,false,true,,,pagefound,2026-04-09 12:17:02,2026-04-09 12:17:02,,,,,1
"Running My Small Business, I've Always Known How Critical SEO Is but Customizing Keywords Made Me Feel Intimidated Until Researching SEOExpress.org. This Exceptional Team Helped Negotiate Top Keywords for My Niche Resulting in Visible Traffic Growth of Two Hundred Fifty Percent Plus Real Conversions Started Happening—It's Truly Remarkable! ★★★★★ 🌟 — Lixil Reform Shop",https://lixil-reformshop.shop/running-my-small-business-have-always-known-how-critical-seo-is-but-customizing-keywords-made-me-feel-intimidated-until-researching-seoexpress-an-exceptional-team-helped-negotiate-top,en,,200,28,0,0,36,5232,8693,0,0,https://www.cruiseaway.com.au/,,There was a time when cruiseaway.com.au didn't attract any attention at all—it was disheartening! Then came along SEOExpress.org's outstanding guest posting services: overnight it seemed my authority grew tremendously as well as my visitor count shot through the roof by an astonishing +280%! That kind of result is hard not to love; go check out what they offer 🌟,,https://cruiseaway.com.au/,301,text,true,false,true,false,false,false,true,,,linkfound,2026-05-04 03:53:53,2026-05-04 03:53:53,,,Article > Story,Internet > Web services > SEO and marketing; Business > Small business > Business formation,1
"Today: LAMU ARCHIPELAGO (Kenya) Info, Jan 05, 2012",https://www.interalex.net/2012/01/lamu-archipelago-kenya-info-jan-05-2012.html,en,,200,3.5,0,0,0,87,168,0,0,http://www.cruiseaway.com.au/cruise-port/lamu_kenya,,"Lamu, Kenya - Cruise Away",,,,text,false,false,false,false,false,false,true,,,linkrestored,2020-11-25 01:03:44,2026-04-20 04:00:30,,,Article > News,Travel > Tourist destinations > Islands,1
CruiseAway: Hop Into Egg-stra Special Getaways 🐣🚢 | Milled,https://milled.com/cruiseaway-by-dreamlines-pty-ltd/hop-into-egg-stra-special-getaways-2TC7NWIa36FDnW7e,en,,200,74,0,24993,0,4,25,0,0,https://www.cruiseaway.com.au/cruise/southern-shores-kimberley-elegance-18798537,,Southern Shores & Kimberley Elegance,,,,text,false,true,true,false,false,false,true,,,pagefound,2026-04-17 11:24:21,2026-04-17 11:24:21,,,,,1
,http://papasearch.net/ClaudeMonet19.html,en,,200,16,0,0,0,1559,5104,0,0,https://www.cruiseaway.com.au/ship/msc-divina,MSC Divina - Cruiseaway,https://www.cruiseaway.com.au/ship/msc-divina,MSC Divina. MSC ’s elegant ship MSC Divina takes inspiration,,,text,true,true,false,false,false,false,true,,,linkrestored,2020-01-31 04:53:46,2026-04-29 03:00:27,,,Listing collection > Product,Entertainment > Design > Painting,1
CruiseAway: 🐰 Hop Into Holiday Mode | Egg-cellent Cruise Deals Await | Milled,https://milled.com/cruiseaway-by-dreamlines-pty-ltd/hop-into-holiday-mode-egg-cellent-cruise-deals-await-4ClPPiW_XTFUTbmk,en,,200,74,0,24993,0,5,21,0,0,https://www.cruiseaway.com.au/cruise-lines-specials/azamara-onboard-credit-bonus,,Azamara Onboard Credit Bonus,,,,text,false,true,true,false,false,false,true,,,pagefound,2026-04-18 11:44:19,2026-04-18 11:44:19,,,,,1
buntya.com | few of top websites | page no. 363,https://www.findhere.in/domain-list-363,en,,200,0,0,0,0,1090,2094,0,0,https://www.cruiseaway.com.au/,,cruiseaway.com.au,,"http://cruiseaway.com.au/, https://cruiseaway.com.au/","301, 301",text,true,true,true,false,false,false,true,,,linkfound,2026-03-25 19:09:58,2026-03-25 19:09:58,,,Listing collection > Business,Internet > Web services > Analytics; Reference,1
CruiseAway: Cruise Close. Explore More. | Milled,https://milled.com/cruiseaway-by-dreamlines-pty-ltd/cruise-close-explore-more-jV4nCCE0_Z5y7fgX,en,,200,74,0,24993,0,4,24,0,0,https://www.cruiseaway.com.au/cruise/australia-from-brisbane-australia-with-the-grand-princess-17962328?allInclusive=false&filterParams%5BcabinKind%5D%5B0%5D=19&selectedSail=17962329,,Southern Coast & Tasmania Explorer,,,,text,false,true,true,false,false,false,true,,,linkfound,2026-04-17 17:48:57,2026-04-17 17:48:57,,,,,1
Save on travel adventures at Click Frenzy's big event for 2025 | North Queensland Register | QLD,https://www.northqueenslandregister.com.au/story/9043916/save-on-travel-adventures-at-click-frenzys-big-event-for-2025/,en,,200,47,0,145,0,29,48,0,0,https://www.cruiseaway.com.au/cruise-deals,,Cruiseaway,- $400 onboard credit and reduced deposits on cruises,,,text,false,true,false,false,false,false,true,,,pagefound,2025-08-30 16:03:50,2026-04-21 11:21:09,,,,,1
32a7d14f2580ffb5e057129292e30d11 – net tools guru,https://nettools.guru/32a7d14f2580ffb5e057129292e30d11/,en,wordpress,200,29,0,0,0,9154,9724,0,0,https://www.cruiseaway.com.au/,,dreamlines.cn,,https://dreamlines.cn/,301,text,true,true,false,false,false,false,true,,,pagefound,2025-12-19 18:21:26,2026-01-27 14:08:44,,,Listing collection > Business,Internet > Web services; Beauty > Hair care > Other; Business,1
"Running My Small Business, I've Always Known How Critical SEO Is but Customizing Keywords Made Me Feel Intimidated Until Researching SEOExpress.org. This Exceptional Team Helped Negotiate Top Keywords for My Niche Resulting in Visible Traffic Growth of Two Hundred Fifty Percent Plus Real Conversions Started Happening—It's Truly Remarkable! ★★★★★ 🌟 — Rank Boost SEO",https://therankboostseo.shop/running-my-small-business-have-always-known-how-critical-seo-is-but-customizing-keywords-made-me-feel-intimidated-until-researching-seoexpress-an-exceptional-team-helped-negotiate-top,en,,200,28,0,0,36,5234,8699,0,0,https://www.cruiseaway.com.au/,,There was a time when cruiseaway.com.au didn't attract any attention at all—it was disheartening! Then came along SEOExpress.org's outstanding guest posting services: overnight it seemed my authority grew tremendously as well as my visitor count shot through the roof by an astonishing +280%! That kind of result is hard not to love; go check out what they offer 🌟,,https://cruiseaway.com.au/,301,text,true,false,true,false,false,false,true,,,linkfound,2026-05-06 23:41:23,2026-05-06 23:41:23,,,Article > Story,Internet > Web services > SEO and marketing; Business > Small business > Business formation,1
👲 Domain Report 👲,https://atomizelink.icu/report/93363,en,,200,40,0,0,0,3667,4125,0,0,https://www.cruiseaway.com.au/,visit the site,dreamlines.com.au,&nbsp,https://dreamlines.com.au/,301,text,true,true,true,false,false,false,true,,,linkfound,2026-04-04 22:47:01,2026-04-04 22:47:01,,,Site page > Home,Internet > Web services > Development,1
Question ile des pins - Forum Nouvelle Calédonie - Expat.com,https://www.expat.com/fr/forum/oceanie/nouvelle-caledonie/236802-question-ile-des-pins.html,fr,,200,72,0,11614,0,8,12,0,0,https://www.cruiseaway.com.au/cruises/south-pacific/isle-of-pines,"J'ai trouvé ce lien, qui doit pouvoir faire l'affaire :",http://www.cruiseaway.com.au/cruise-por … _caledonia,", on retrouve le nom des gros paquebot qui squattent",http://www.cruiseaway.com.au/cruise-port/isle_pines_new_caledonia,301,text,false,true,true,true,false,false,true,,,pagefound,2025-06-03 19:55:08,2026-05-09 10:11:14,,,,,2
"CruiseAway: Everything you need, seamlessly included – Look inside for our exclusive pricing | Milled",https://milled.com/cruiseaway-by-dreamlines-pty-ltd/everything-you-need-seamlessly-included-look-inside-for-our-exclusive-pricing-hkqimP56NXg0YR73,en,,200,74,0,24993,0,5,18,0,0,https://www.cruiseaway.com.au/cruise/southern-shores-kimberley-elegance-18798537?allInclusive=true&filterParams%5BcabinKind%5D%5B0%5D=19&selectedSail=18298595,,"22 February 2027 - 23 nights - From $7,999pp »",,,,text,false,true,true,false,false,false,true,,,pagefound,2026-04-15 04:19:51,2026-04-15 04:19:51,,,,,1
Discover the Best Tips for Snagging Last-Minute Cruise Deals in Australia,http://blogs.adsiduous.com/discover-the-best-tips-for-snagging-last-minute-cruise-deals-in-australia/,en,,200,6,0,12,0,5,11,0,0,https://www.cruiseaway.com.au/last-minute-cruises?infinity=ict2~net~gaw~cmp~22750525189~ag~~ar~~kw~~mt~~acr~3675028298&gad_source=1&gad_campaignid=22750527340&gbraid=0AAAAADn9DeBM1FgdDbPXjrEG6CcuHxGkF&gclid=Cj0KCQiAubrJBhCbARIsAHIdxD_ryGt1zAe9QfRkTQVMWFXWWq5rENzRXpKd4d-t8u9-EMDeZwekuisaAgQzEALw_wcB,,last minute cruises,,,,text,true,true,false,false,false,false,true,,,pagefound,2025-12-16 10:45:41,2026-04-25 19:01:17,,Sydney Blunt,,,1
Directory website list 1977 – Online Success 728 | Top Site Rank Directory,https://topsiterankdirectory.com/directory-website-list-1977-online-success-728/,en,wordpress,200,13,0,0,0,5401,7142,0,0,https://www.cruiseaway.com.au/,,dreamlines.com.au,,https://dreamlines.com.au/,301,text,true,false,false,false,false,false,true,,,pagefound,2025-11-14 07:21:27,2026-05-11 03:53:51,,,Listing collection > Business,Business > Business services > Consulting; Internet > Web services > SEO and marketing,1
"I Started With Less Than Ten Permanent Backlinks on My Site, But After Two Months of SEOExpress.org's Services, I Have Over Two Hundred High-Quality Links Ranking Me at the Top of Major Google Searches for Key Products. It’s affordable SEO that pays off big time! 🌟🔥 — SEO Ranking High",https://theseorankinghigh.shop/i-started-with-less-than-ten-permanent-backlinks-on-my-site-and-now-after-two-months-of-seoexpress-com-services-I-have-over-two-hundred-high-quality-links-ranking-me-on-top-of-major-google,en,,200,29,0,0,36,5192,8759,0,0,https://www.cruiseaway.com.au/,,I used to think SEO meant pricey consultants until I discovered SEOExpress.org while searching online for help with dreamlines.cn. Their budget-friendly packages delivered results fast: organic traffic more than tripled from under 200 visits/month after only two months! The combination of guest blogging and PBN links worked wonders—I recommend them wholeheartedly 🌟,,https://dreamlines.cn/,301,text,true,false,true,false,false,false,true,,,linkfound,2026-05-08 03:15:31,2026-05-08 03:15:31,,,Article > Story,Internet > Web services > SEO and marketing; Business,1
Why More Australians Are Choosing Cruises That Depart From Home | Seniors Discount Club,https://seniorsdiscountclub.com.au/threads/why-more-australians-are-choosing-cruises-that-depart-from-home.89368/,en,,200,29,0,440,0,16,30,0,0,https://www.cruiseaway.com.au/cruises/south-pacific,,"If you’ve been dreaming of warm weather and slower days, the South Pacific is hard to beat*",". Islands like Fiji, Vanuatu, and New Caledonia are known",,,text,false,true,false,false,false,false,true,,,linkfound,2026-04-03 13:55:13,2026-04-03 13:55:13,,,,,1
CruiseAway - Find Local Business,https://findlocalbusiness.au/listing/cruiseaway/,en,wordpress,200,8,0,73,0,10,11,0,0,https://www.cruiseaway.com.au/,,globe https://www.cruiseaway.com.au,,,,image,true,false,true,false,false,false,true,,,linkfound,2026-04-29 19:25:35,2026-04-29 19:25:35,,,,,1
CruiseAway: Cruise Close. Explore More. | Milled,https://milled.com/cruiseaway-by-dreamlines-pty-ltd/cruise-close-explore-more-jV4nCCE0_Z5y7fgX,en,,200,74,0,24993,0,4,24,0,0,https://www.cruiseaway.com.au/cruise/the-spirit-of-fiji--18784531,,The Spirit Of Fiji,,,,text,false,true,true,false,false,false,true,,,linkfound,2026-04-17 17:48:57,2026-04-17 17:48:57,,,,,1
Most Visited website list 94 | Ranking Directory,https://rankingwebdirectory.com/most-visited-website-list-94/,en,wordpress,200,55,0,0,0,5388,7220,0,0,https://www.cruiseaway.com.au/,,cruiseaway,,https://cruiseaway.com.au/,301,text,true,false,false,false,false,false,true,,,pagefound,2025-09-25 16:58:28,2026-05-07 21:09:50,,,Listing collection > Business,Internet > Web services > Development; Business > Business services > Consulting; Reference > Listings > Business,2
"Rank on Page One, Faster — Contextual Dofollow Links Google Values (Update-Safe, DR/DA/TF Up) — seoagency",https://seoagency.sale/hibkdia-rank-on-page-1-with-seo-and-backlinks/,en,wordpress,200,32,0,0,0,7965,8852,0,0,https://www.cruiseaway.com.au/,,cruise-away.com.au — safe links: stronger DR/DA/TF — view plans. | Visit Buyseolink.com for any Query,,https://cruise-away.com.au/,301,text,true,false,true,false,false,false,true,,,pagefound,2025-12-15 12:39:54,2026-04-24 16:10:33,,,Site page > Services,Internet > Web services > SEO and marketing; Business > Marketing > Marketing,1
Today,https://www.interalex.net/search?updated-max=2011-12-24T13:57:00-08:00&max-results=100,en,,200,3.5,0,0,0,98,168,0,0,http://www.cruiseaway.com.au/cruise-port/soloman_islands,,Soloman Islands - Cruise Away - Cruises | Best Cheap Cruises ...,,,,text,false,false,false,false,false,false,true,,,linkfound,2025-09-28 23:42:22,2026-01-27 00:04:51,,,Article > News,Entertainment > Music; Reference > Geographic reference > Maps; News > Local news; Society,2
CruiseAway: Asia is Calling 🌏✨ New for 2027/28 ✨ Singapore Season Just Released | Milled,https://milled.com/cruiseaway-by-dreamlines-pty-ltd/asia-is-calling-new-for-2027-28-singapore-season-just-released-cyh3tcStUaVQH7gi,en,,200,74,0,24993,0,5,25,0,0,https://www.cruiseaway.com.au/cruise/south-pacific-from-brisbane-australia-with-the-voyager-of-the-seas--17832741,,"South Pacific from Brisbane, Australia with the Voyager of the Seas",,,,text,false,true,true,false,false,false,true,,,linkfound,2026-04-18 04:11:43,2026-04-18 04:11:43,,,,,4
suez canal cruises 2023,http://8bitmonkey.com/4r5rrvn/suez-canal-cruises-2023,en,,200,0.1,0,0,0,51,88,0,0,https://www.cruiseaway.com.au/cruises/africa/suez-canal-passage,"travellers with sophisticated tastes. MSC Cruises , MSC World Europa",Suez Canal Cruises | Save up to -50% | CruiseAway,"View cruises with Transit the Suez Canal, Egypt Transiting through",,,text,true,true,false,false,false,false,true,,,pagefound,2022-12-28 17:29:29,2026-04-26 04:13:44,,,Listing collection > Location,Travel > Tourist destinations > Islands,1
SEO Tips for Small Businesses – Apply These and Your Online Business Will Soar! – MANTAW,https://mantaw.com/seo-tips-for-small-businesses-apply-these-and-your-online-business-will-soar/,en,wordpress,200,30,0,0,12,5385,7231,0,0,https://www.cruiseaway.com.au/,,cruiseaway,,https://cruiseaway.com.au/,301,text,true,false,false,false,false,true,true,,,pagefound,2024-10-16 19:41:12,2026-05-09 11:59:12,,,Article > How-to,Internet > Web services > SEO and marketing; Business > Small business > Business formation,1
CruiseAway: SAVE and SAIL | Milled,https://milled.com/cruiseaway-by-dreamlines-pty-ltd/save-and-sail-Y1kQpGDpm35gOX81,en,,200,74,0,24993,0,4,24,0,0,https://www.cruiseaway.com.au/cruise/adriatic-enchantment-tales-of-the-ancient-sea-18619938,,Adriatic Enchantment - Tales of the ancient Sea,,,,text,false,true,true,false,false,false,true,,,linkfound,2026-04-14 23:49:40,2026-04-14 23:49:40,,,,,1
addurl.pro | few of top websites | page no. 363,https://www.domains.foundation/domain-list-363,en,,200,0.1,0,0,0,1093,2059,0,0,https://www.cruiseaway.com.au/,,cruiseaway.com.au,,"http://cruiseaway.com.au/, https://cruiseaway.com.au/","301, 301",text,true,true,true,false,false,false,true,,,pagefound,2026-01-05 08:38:59,2026-05-04 05:53:45,,,Listing collection > Business,Internet > Web services > Analytics,1
Last Minute Cruises Cruise Deals | CruiseAway Australia - Information - #7803247,http://www.secretsearchenginelabs.com/information/7803247-Last-Minute-Cruises-from-Australia---CruiseAway,en,,200,44,0,218,0,3,5,0,0,https://www.cruiseaway.com.au/last-minute-cruises,Visit,Last Minute Cruises Cruise Deals | CruiseAway Australia,(https://www.cruiseaway.com.au/last-minute-cruises),,,text,false,true,true,false,false,false,true,,,pagefound,2024-02-07 02:18:28,2026-03-13 17:07:58,,Simon Byholm,,,1
Most Visited website list 1928 | Link Pitcher Directory,https://linkpitcherdirectory.com/most-visited-website-list-1928/,en,wordpress,200,58,0,0,0,5394,6252,0,0,https://www.cruiseaway.com.au/,,cruiseaway,,https://cruiseaway.com.au/,301,text,true,false,false,false,false,false,true,,,pagefound,2025-10-01 15:22:48,2026-04-29 12:56:29,,,Listing collection > Business,Business > Business services > Consulting; Internet > Web services > Development; Reference,2
CruiseAway: ✨ Suitcase In Hand | Milled,https://milled.com/cruiseaway-by-dreamlines-pty-ltd/suitcase-in-hand-salKHCo5TalSsQgH,en,,200,74,0,24993,0,5,21,0,0,https://www.cruiseaway.com.au/cruise-lines-specials/cunard-triple-obc-offer,,Cunard Triple OBC Offer,,,,text,false,true,true,false,false,false,true,,,linkfound,2026-04-14 23:49:32,2026-04-14 23:49:32,,,,,2
Directory website list 1977 | Prime SEO Directory,https://primeseodirectory.com/directory-website-list-1977/,en,wordpress,404,15,0,0,0,5371,7161,0,0,https://www.cruiseaway.com.au/,,dreamlines.com.au,,https://dreamlines.com.au/,301,text,true,false,false,false,false,false,true,notfound,,pagefound,2025-09-30 21:22:29,2025-10-21 17:53:23,2026-04-20 22:03:05,,,,1
Directory website list 1976 | Us Directory List,https://usdirectorylist.com/directory-website-list-1976/,en,wordpress,200,24,0,0,0,5392,7156,0,0,https://www.cruiseaway.com.au/,,cruiseaway.com.au,,https://cruiseaway.com.au/,301,text,true,false,false,false,false,false,true,,,pagefound,2025-09-30 12:49:03,2026-04-29 12:32:56,,,Listing collection > Business,Business > Business services > Consulting; Reference > Listings > Business,1
"CruiseAway: Elevated Voyages, Exceptional Value 🛳️✨ | Milled",https://milled.com/cruiseaway-by-dreamlines-pty-ltd/elevated-voyages-exceptional-value-9XAsH-PuphDYITqc,en,,200,74,0,24993,0,4,25,0,0,https://www.cruiseaway.com.au/cruise/new-zealand-from-brisbane-australia-with-the-grand-princess-17989201?allInclusive=false&filterParams%5BcabinKind%5D%5B0%5D=19&selectedSail=17989202,,Christmas Across New Zealand,,,,text,false,true,true,false,false,false,true,,,linkfound,2026-04-18 07:10:14,2026-04-18 07:10:14,,,,,1
"Today: SANTO DOMINGO (Dominican Republic) Info (year 2011), Jan 25, 2012",https://www.interalex.net/2012/01/santo-domingo-dominican-republic-info.html,en,,200,3.5,0,0,0,94,178,0,0,http://www.cruiseaway.com.au/cruise-port/santo_domingo_dominican_republic,,"Santo Domingo, Dominican Republic - Cruise Away",,,,text,false,true,false,false,false,false,true,,,linkrestored,2020-12-18 01:40:22,2026-04-23 01:26:38,,,Article > News,Reference > Geographic reference; News > Local news; Entertainment; Travel > Tourist destinations; Society,1
Most Visited website list 1976 | Media Post Directory,https://mediapostdirectory.com/most-visited-website-list-1976/,en,wordpress,200,56,0,0,0,5396,7160,0,0,https://www.cruiseaway.com.au/,,cruiseaway.com.au,,https://cruiseaway.com.au/,301,text,true,false,false,false,false,false,true,,,pagefound,2025-10-01 21:14:58,2026-05-06 00:41:40,,,Listing collection > Business,Business > Business services; Internet > Web services; News > Business news; Reference > Listings,1
CruiseAway: Don’t Break the Piggy Bank 💰 Local Cruise Deals Are Here | Milled,https://milled.com/cruiseaway-by-dreamlines-pty-ltd/dont-break-the-piggy-bank-local-cruise-deals-are-here-82T9Zp7O4yA4bEH4,en,,200,74,0,24993,0,4,24,0,0,https://www.cruiseaway.com.au/cruise/best-of-cherry-blossoms-inclusive-18005828,,Best of Cherry Blossoms Inclusive,,,,text,false,true,true,false,false,false,true,,,pagefound,2026-04-17 23:07:43,2026-04-17 23:07:43,,,,,1
"Today: SAINT GEORGE'S (Grenada) Info (year 2011), Jan 25, 2012",https://www.interalex.net/2012/01/saint-georges-grenada-info-year-2011.html,en,,200,3.5,0,0,0,96,183,0,0,http://www.cruiseaway.com.au/cruise-port/grenada,,Grenada - Cruise Away,,,,text,false,true,false,false,false,false,true,,,linkrestored,2020-12-18 01:39:56,2026-04-23 01:27:31,,,Article > News,Reference > Geographic reference; News > Local news; Travel > Tourist destinations; Entertainment,1
Directory website list 1977 | Global Rank Directory,https://globalrankdirectory.com/directory-website-list-1977/,en,wordpress,200,18,0,0,0,5400,7132,0,0,https://www.cruiseaway.com.au/,,dreamlines.com.au,,https://dreamlines.com.au/,301,text,true,false,false,false,false,false,true,,,pagefound,2025-12-13 15:12:08,2026-05-06 04:09:37,,,Listing collection > Business,Business > Business services > Consulting; Reference > Listings > Business; Internet,1
CruiseAway: ✨ Timeless Cunard Voyages Await🌊 | Milled,https://milled.com/cruiseaway-by-dreamlines-pty-ltd/timeless-cunard-voyages-await-k6AV8QyknfTaleUd,en,,200,74,0,24993,0,3,3,0,0,https://www.cruiseaway.com.au/,,"South Pacific from White Bay (Sydney), Australia with the Carnival Adventure",,,,text,false,true,true,false,false,false,true,,,linkfound,2026-04-15 01:56:48,2026-04-15 01:56:48,,,,,1
"Today: TULAGI (Solomon Islands) Info, Dec 24, 2011",https://www.interalex.net/2011/12/tulagi-solomon-islands-info-dec-24-2011.html,en,,200,3.5,0,0,0,89,157,0,0,http://www.cruiseaway.com.au/cruise-port/tulagi_solomons,,"Tulagi, Solomons - Cruise Away - Cruises | Best Cheap Cruises ...",,,,text,false,false,false,false,false,false,true,,,linkrestored,2020-12-18 09:51:14,2026-04-20 18:59:46,,,Article > News,Entertainment > Music; Reference > Geographic reference > Maps; Travel > Tourist destinations > Islands; Society; News,2
BIMI Logo for cruiseaway.com.au,https://bimi-explorer.svg.zone/bimi/cruiseaway.com.au/,en,,200,34,0,0,0,5,5,0,0,https://www.cruiseaway.com.au/,BIMI Logo for,cruiseaway.com.au,,,,text,false,false,false,false,false,false,true,,,linkfound,2025-03-16 01:50:20,2026-04-21 02:42:06,,,,,1
Fiverr Contextual Links Grew My Visitors by Over 300% 🔝 ★★★★★,https://fiverr-seo-for-small-businesses.site/fiverr-contextual-links-grew-my-visitors-by-over-300percent/,en,wordpress,200,73,0,0,0,5253,5758,0,0,https://www.cruiseaway.com.au/,,cruise-away.com.au's visibility grew substantially as we ranked for more than seventy terms with Fiverr 🌟,,https://cruise-away.com.au/,301,text,true,true,true,false,false,false,true,,,linkfound,2026-04-19 11:13:13,2026-05-03 11:04:12,,,Article > Review,Internet > Web services > SEO and marketing; Business > Marketing > Marketing,1
"New Zealand is open for travel and luckily, it’s still affordable | The Singleton Argus | Singleton, NSW",https://www.singletonargus.com.au/story/7910925/new-zealand-is-open-for-travel-and-luckily-its-still-affordable/,en,,200,45,0,646,0,24,32,0,0,https://www.cruiseaway.com.au/cruise/journey-from-melbourne-with-the-queen-elizabeth-queen-elizabeth-15235953,,Get the deal here,,,,text,false,false,false,false,false,false,true,,,linkfound,2026-04-14 20:53:30,2026-04-28 20:53:21,,,,,2
,http://papasearch.net/ClaudeMonet22.html,en,,200,16,0,0,0,1504,5018,0,0,https://www.cruiseaway.com.au/cheap-cruises,Cruises 2017 - 2018 | Best Discount Cruises Under $999pp,https://www.cruiseaway.com.au/cheap-cruises,Why not try one of our great cheap cruises ...,,,text,true,true,false,false,false,false,true,,,linkrestored,2018-02-05 12:16:26,2026-04-29 02:48:11,,,Listing collection > Event,Entertainment > Design > Painting; Travel,1
"Save on travel adventures at Click Frenzy's big event for 2025 | The Examiner | Launceston, TAS",https://www.examiner.com.au/story/9043916/save-on-travel-adventures-at-click-frenzys-big-event-for-2025/,en,,200,70,0,45238,0,26,45,0,0,https://www.cruiseaway.com.au/cruise-deals,,Cruiseaway,- $400 onboard credit and reduced deposits on cruises,,,text,false,true,false,false,false,false,true,,,pagefound,2025-08-28 10:11:23,2026-04-25 18:31:44,,,,,1
"Save on travel adventures at Click Frenzy's big event for 2025 | The Border Mail | Wodonga, VIC",https://www.bordermail.com.au/story/9043916/save-on-travel-adventures-at-click-frenzys-big-event-for-2025/,en,,200,64,0,23245,0,34,50,0,0,https://www.cruiseaway.com.au/cruise-deals,,Cruiseaway,- $400 onboard credit and reduced deposits on cruises,,,text,false,true,false,false,false,false,true,,,pagefound,2025-08-28 04:22:53,2026-05-09 09:40:18,,,,,1
Where to buy 🚀 aged domains and backlinks 🔥 | 3271-4258,https://tunca.org/32a7d14f2580ffb5e057129292e30d11-l/,en,wordpress,200,4.2,0,0,0,9170,9744,0,0,https://www.cruiseaway.com.au/,dreamlinerussia.ru dreamlinery.pl,dreamlines.cn,dreamlines.co dreamlines.com.br,https://dreamlines.cn/,301,text,true,false,false,false,false,false,true,,,linkfound,2026-02-21 20:59:10,2026-02-21 20:59:10,,,Listing > Product,Internet > Web services > SEO and marketing,2
Directory website list 1977 | Backlinks Directory hub,https://backlinksdirectoryhub.com/directory-website-list-1977/,en,wordpress,404,14,0,0,0,5371,7165,0,0,https://www.cruiseaway.com.au/,,dreamlines.com.au,,https://dreamlines.com.au/,301,text,true,false,false,false,false,false,true,notfound,,pagefound,2025-09-26 14:08:38,2025-09-26 14:08:38,2026-04-20 12:35:17,,,,1
"Today: TREMITI ISLANDS (Italy) Info, Dec 13, 2012",https://www.interalex.net/2012/12/tremiti-islands-italy-info-dec-13-2012.html,en,,200,3.5,0,0,0,90,175,0,0,http://www.cruiseaway.com.au/cruise-port/tremiti_islands_italy,,"Tremiti Islands, Italy - Cruise Away",,,,text,false,true,false,false,false,false,true,,,linkrestored,2020-09-10 17:15:36,2026-04-25 22:40:01,,,Article > Roundup,Travel > Tourist destinations > Islands; Entertainment,1
Directory website list 1976 – Business Growth 953 | Power link Directory,https://powerlinkdirectory.com/directory-website-list-1976-business-growth-953/,en,wordpress,200,13,0,0,0,5393,7158,0,0,https://www.cruiseaway.com.au/,,cruiseaway.com.au,,https://cruiseaway.com.au/,301,text,true,false,false,false,false,false,true,,,pagefound,2025-10-06 14:55:36,2026-05-09 00:25:53,,,Listing collection > Business,Business > Business services > Consulting; Internet,1
How to Use IoT for Smarter E-Commerce Customer Experiences – CLICK TO HIGH,https://clicktohigh.com/how-to-use-iot-for-smarter-e-commerce-customer-experiences/,en,wordpress,200,32,0,0,0,3374,5074,0,0,https://www.cruiseaway.com.au/,,cruiseaway,,https://cruiseaway.com.au/,301,text,true,true,false,false,false,false,true,,,pagefound,2025-08-08 01:11:25,2026-04-25 09:13:19,,,,,2
Dreamlines Cruises - Find Local Business,https://findlocalbusiness.au/listing/dreamlines-cruises/,en,wordpress,200,8,0,73,0,11,12,0,0,https://www.cruiseaway.com.au/,,globe http://www.dreamlines.com.au,,http://www.dreamlines.com.au/,301,image,true,false,true,false,false,false,true,,,linkfound,2026-05-07 18:52:28,2026-05-07 18:52:28,,,,,1
"CruiseAway: Sail Smarter, Relax Better 🛳️✨ — Exclusive Cruise Collection | Milled",https://milled.com/cruiseaway-by-dreamlines-pty-ltd/sail-smarter-relax-better-exclusive-cruise-collection-vgfVB6mlvVQ4m06T,en,,200,74,0,24993,0,4,23,0,0,https://www.cruiseaway.com.au/cruise/new-zealand-from-sydney-australia-with-the-norwegian-spirit-17826725?allInclusive=false&filterParams%5BcabinKind%5D%5B0%5D=19&selectedSail=17826726,,Crossing Oceans and Fjords,,,,text,false,true,true,false,false,false,true,,,pagefound,2026-04-15 04:19:41,2026-04-15 04:19:41,,,,,1
,http://papasearch.net/ClaudeMonet16.html,en,,200,16,0,0,0,1371,4155,0,0,https://www.cruiseaway.com.au/,Amsterdam 2017 / 2018 up to -63% - Best Deals,https://www.dreamlines.com.au/cruises-from-amsterdam,"Cruises from Amsterdam. Amsterdam is a unique and magical city,",https://www.dreamlines.com.au/cruises-from-amsterdam,301,text,true,true,false,false,false,false,true,,,linkrestored,2024-04-08 12:48:54,2026-04-29 02:52:05,,,Listing collection > Event,Entertainment > Design > Painting,1
"Cruiseaway.com.au - анализ сайта, seo характеристики сайта - круисеаваы точка ком точка ау",https://prlog.ru/analysis/cruiseaway.com.au,,,200,51,0,91,0,44,251,0,0,https://www.cruiseaway.com.au/cruises/asia?priceMin=850,,cruiseaway.com.au/cruises/asia?priceMin=850,,https://cruiseaway.com.au/cruises/asia?priceMin=850,301,text,false,true,true,false,false,false,true,,,linkrestored,2019-07-22 20:05:01,2026-05-07 18:56:13,,,,,1
"Today: LAS PALMAS AND SANTA CRUZ (Canary Islands) Info (year 2011), Jan 29, 2012",https://www.interalex.net/2012/01/las-palmas-and-santa-cruz-canary.html,en,,200,3.5,0,0,0,96,172,0,0,http://www.cruiseaway.com.au/cruise/ladriatique-ica-winter-sun-canaries-ex-santa-cruz-tenerife-return,,"L'Adriatique, (ICA) Winter Sun in the Canaries ex Santa Cruz ...",,,,text,false,false,false,false,false,false,true,,,linkrestored,2022-06-13 00:12:00,2026-04-23 11:04:27,,,Article > News,Entertainment > Music; Travel > Tourist destinations > Islands; Reference > Geographic reference,1
Cruising made easy: Smart tips for a relaxed and rewarding journey | Seniors Discount Club,https://seniorsdiscountclub.com.au/threads/cruising-made-easy-smart-tips-for-a-relaxed-and-rewarding-journey.87783/,en,,200,29,0,440,0,15,19,0,0,https://www.cruiseaway.com.au/,,"If you’re unsure which itinerary, ship style, or cabin type best fits your needs, a cruise specialist like CruiseAway can help you compare options and find great value inclusions*.",,,,text,false,true,false,false,false,false,true,,,pagefound,2026-02-04 14:22:58,2026-04-05 16:46:35,,,,,1
"Comprehensive Guide to 3-Day Cruises from Adelaide, Australia",http://blogs.adsiduous.com/experience-the-perfect-weekend-getaway-embark-on-a-3-day-cruise-from-adelaide/,en,,200,6,0,12,0,12,18,0,0,https://www.cruiseaway.com.au/short-cruises,,https://www.cruiseaway.com.au/short-cruises,,,,text,true,true,false,false,false,false,true,,,pagefound,2025-10-06 08:59:36,2026-04-27 07:12:13,,Sydney Blunt,,,3
Directory website list 1976 – Business Growth 953 | Usa Seo Directory,https://usaseodirectory.com/directory-website-list-1976-business-growth-953/,en,wordpress,200,11,0,0,0,5392,7154,0,0,https://www.cruiseaway.com.au/,,cruiseaway.com.au,,https://cruiseaway.com.au/,301,text,true,false,false,false,false,false,true,,,pagefound,2025-10-03 03:15:27,2026-04-28 00:41:56,,,Listing collection > Business,Business > Business services > Consulting; Internet,1
"TELEGRAM t.me/seo_anomaly : SEO BACKLINKS, CROSS-LINKS, TRAFFIC BOOST, LINK INDEXING – Al-Sabaq Insurance Company",https://sabaqinsure.ly/2025/02/11/telegram-t-me-seo-anomaly-seo-backlinks-cross-30-2/,"en, ar",wordpress,200,27,0,0,0,1442,2308,0,0,https://www.cruiseaway.com.au/cruise-lines,,"SEO BACKLINKS, CROSS-LINKS, TRAFFIC BOOST, LINK INDEXING – TELEGRAM @SEO_ANOMALY",,https://www.cruiseaway.com.au/cruiseline/po-cruises,301,text,true,false,true,false,false,false,true,,,linkrestored,2025-04-20 22:22:49,2026-04-05 16:16:48,,,Article > Guide,Internet > Web services > SEO and marketing,2
"CruiseAway: Ready, Set, Sail! (Whenever You Want) | Milled",https://milled.com/cruiseaway-by-dreamlines-pty-ltd/ready-set-sail-whenever-you-want-AsbZC2RDMIxu478f,en,,200,74,0,24993,0,4,37,0,0,https://www.cruiseaway.com.au/royalcaribbean-terms-and-conditions,before making the booking. Royal Caribbean terms and conditions apply click,here,. Celebrtiy Cruises terms and conditions apply click here,,,text,false,false,true,false,false,false,true,,,pagefound,2026-04-17 16:19:40,2026-04-17 16:19:40,,,,,2
"TELEGRAM t.me/seo_anomaly : SEO BACKLINKS, CROSS-LINKS, TRAFFIC BOOST, LINK INDEXING – bazyaft.sepanodp.com",https://bazyaft.sepanodp.com/telegram-t-me-seo-anomaly-seo-backlinks-cross-30/,"en, fa","ecommerce, wordpress",200,46,0,0,0,1437,2290,0,0,https://www.cruiseaway.com.au/cruise-lines,,"SEO BACKLINKS, CROSS-LINKS, TRAFFIC BOOST, LINK INDEXING – TELEGRAM @SEO_ANOMALY",,https://www.cruiseaway.com.au/cruiseline/po-cruises,301,text,true,false,true,false,false,false,true,,,linkfound,2025-05-02 04:47:24,2026-02-26 18:43:42,,,,,2
CruiseAway: This Week’s Top Luxury Cruise Offers – Set Sail in Style | Milled,https://milled.com/cruiseaway-by-dreamlines-pty-ltd/this-weeks-top-luxury-cruise-offers-set-sail-in-style-gzUiYgLWzZQVNrQM,en,,200,74,0,24993,0,4,21,0,0,https://www.cruiseaway.com.au/cruise-lines-specials/the-grandest-destinations-on-earth-sale,,Grandest Destinations Sale,,,,image,false,true,true,false,false,false,true,,,pagefound,2025-09-08 15:44:34,2026-04-22 20:48:15,,,,,1
"New Zealand is open for travel and luckily, it’s still affordable | Newcastle Herald | Newcastle, NSW",https://www.newcastleherald.com.au/story/7910925/new-zealand-is-open-for-travel-and-luckily-its-still-affordable/,en,,200,72,0,40187,0,27,39,0,0,https://www.cruiseaway.com.au/search-results,,Get the deal here,,"https://www.cruiseaway.com.au/cruise/journey-from-melbourne-with-the-queen-elizabeth-queen-elizabeth-15235953, https://www.cruiseaway.com.au/search-results, https://cruiseaway.com.au/search-results","307, 0, 301",text,false,false,false,false,false,false,true,,,linkfound,2026-04-26 23:50:09,2026-05-10 23:46:51,,,,,2
packersandmoversdirectory.com | few of top websites | page no. 350,https://www.packersandmoversdirectory.com/domain-list-350,en,,200,0.1,0,0,0,1078,2114,0,0,https://www.cruiseaway.com.au/,,cruiseaway.com.au,,"http://cruiseaway.com.au/, https://cruiseaway.com.au/","301, 301",text,true,true,true,false,false,false,true,,,linkrestored,2025-06-13 09:14:08,2026-02-21 12:26:13,,,Listing collection > Business,Home > Home improvement; Business > Logistics > Relocation; Internet,1
Most Visited website list 1977 | Top Viral Directory,https://topviraldirectory.com/most-visited-website-list-1977/,en,wordpress,200,55,0,0,0,5397,7126,0,0,https://www.cruiseaway.com.au/,,dreamlines.com.au,,https://dreamlines.com.au/,301,text,true,false,false,false,false,false,true,,,pagefound,2025-10-04 02:30:07,2026-04-28 05:58:37,,,Listing collection > Business,Business > Business services > Consulting; Internet > Web services > Analytics,1
Most Visited website list 94 | Media Directory,https://mediedirectory.com/most-visited-website-list-94/,en,wordpress,200,18,0,0,0,5382,7217,0,0,https://www.cruiseaway.com.au/,,cruiseaway,,https://cruiseaway.com.au/,301,text,true,false,false,false,false,false,true,,,pagefound,2025-08-19 01:41:39,2026-04-29 01:55:55,,,Listing collection > Business,Internet > Web services > Development; Business > Business services; News; Reference > Listings > Business; Society,2
"Save on travel adventures at Click Frenzy's big event for 2025 | The Courier | Ballarat, VIC",https://www.thecourier.com.au/story/9043916/save-on-travel-adventures-at-click-frenzys-big-event-for-2025/,en,,200,70,0,38187,0,27,42,0,0,https://www.cruiseaway.com.au/cruise-deals,,Cruiseaway,- $400 onboard credit and reduced deposits on cruises,,,text,false,true,false,false,false,false,true,,,pagefound,2025-08-28 10:31:43,2026-05-08 16:16:25,,,,,1
Most Visited website list 1977 | Click To Rank Directory,https://clicktorankdirectoy.com/most-visited-website-list-1977/,en,wordpress,200,18,0,0,0,5396,7133,0,0,https://www.cruiseaway.com.au/,,dreamlines.com.au,,https://dreamlines.com.au/,301,text,true,false,false,false,false,false,true,,,pagefound,2025-09-11 17:09:53,2026-04-29 00:49:59,,,Listing collection > Business,Internet > Web services > Analytics; Business > Business services > Consulting,1
"Today: PRAIA (Cape Verde) Info (year 2011), Jan 24, 2012",https://www.interalex.net/2012/01/praia-cape-verde-info-year-2011-jan-24.html,en,,200,3.5,0,0,0,90,166,0,0,http://www.cruiseaway.com.au/cruise/plancius_pelagic_west_africa_ex_praia_cape_verde_funchal,,"Plancius, Pelagic West Africa ex Praia (Cape Verde) to ...",,,,text,false,false,false,false,false,false,true,,,linkrestored,2020-12-18 01:46:08,2026-04-23 01:50:01,,,Article > News,Reference > Geographic reference > Maps; Travel > Tourist destinations > Islands; News > Local news,1
32a7d14f2580ffb5e057129292e30d11 – sport life club,https://sport-life.club/32a7d14f2580ffb5e057129292e30d11/,en,wordpress,200,46,0,0,0,9159,9732,0,0,https://www.cruiseaway.com.au/,,dreamlines.cn,,https://dreamlines.cn/,301,text,true,true,false,false,false,false,true,,,pagefound,2025-12-24 15:49:29,2026-01-29 10:04:11,,,Article > News,Sports > Sporting goods > Other,1
COONAWARRA - shipstamps.co.uk,https://shipstamps.co.uk/forum/viewtopic.php?t=9419,en,message-boards,200,27,0,5,0,2,3,0,0,http://www.cruiseaway.com.au/cruiselines/coonawarra_cruises/ships/p_s_coonawarra.html,,http://www.cruiseaway.com.au/cruiseline ... warra.html,,,,text,false,true,false,false,false,false,true,,,pagefound,2021-09-11 10:43:18,2026-04-02 21:07:25,,,,,1
"Today: ANATOM Island (Aneityum, Vanuatu) Info, Dec 26, 2011",https://www.interalex.net/2011/12/anatom-island-aneityum-vanuatu-info-dec.html,en,,200,3.5,0,0,0,82,159,0,0,http://www.cruiseaway.com.au/cruise-port/aneityum_vanuatu,,"Aneityum, Vanuatu - Cruise Away - Cruises | Best Cheap ...",,,,text,false,false,false,false,false,false,true,,,linkrestored,2020-12-18 11:50:08,2026-04-28 03:22:04,,,Article > News,Reference > Geographic reference > Maps; Entertainment; Travel > Tourist destinations > Islands; News,1
Early Bird Cruise Specials | CruiseAway - Information - #7803250,http://www.secretsearchenginelabs.com/information/7803250-Early-Bird-Cruise-Specials---CruiseAway,en,,200,44,0,218,0,3,5,0,0,https://www.cruiseaway.com.au/early-bird-cruise-specials,Visit,Early Bird Cruise Specials | CruiseAway,(https://www.cruiseaway.com.au/early-bird-cruise-specials),,,text,false,true,true,false,false,false,true,,,pagefound,2024-02-10 15:23:27,2026-03-20 21:35:52,,Simon Byholm,,,1
✅ Website Stats 📊,https://www.ready.pro/stats/93364,en,,200,9,0,0,0,3669,4134,0,0,https://www.cruiseaway.com.au/,visit the site,dreamlines.com.au,&nbsp,https://dreamlines.com.au/,301,text,true,true,true,false,false,false,true,,,linkfound,2026-05-10 14:48:05,2026-05-10 14:48:05,,,Listing collection > Business,Internet > Web services > Analytics,1
"I Started With Less Than Ten Permanent Backlinks on My Site, But After Two Months of SEOExpress.org's Services, I Have Over Two Hundred High-Quality Links Ranking Me at the Top of Major Google Searches for Key Products. It’s affordable SEO that pays off big time! 🌟🔥 — Guest Posts",https://theguestposts.shop/i-started-with-less-than-ten-permanent-backlinks-on-my-site-and-now-after-two-months-of-seoexpress-com-services-I-have-over-two-hundred-high-quality-links-ranking-me-on-top-of-major-google,en,,200,28,0,0,36,5194,8770,0,0,https://www.cruiseaway.com.au/,,I used to think SEO meant pricey consultants until I discovered SEOExpress.org while searching online for help with dreamlines.cn. Their budget-friendly packages delivered results fast: organic traffic more than tripled from under 200 visits/month after only two months! The combination of guest blogging and PBN links worked wonders—I recommend them wholeheartedly 🌟,,https://dreamlines.cn/,301,text,true,false,true,false,false,false,true,,,linkfound,2026-05-04 07:30:03,2026-05-04 07:30:03,,,Article > Story,Internet > Web services > SEO and marketing; Business > Marketing > Marketing,1
"Today: PRAIA (Cape Verde) Info (year 2011), Jan 24, 2012",https://www.interalex.net/2012/01/praia-cape-verde-info-year-2011-jan-24.html,en,,200,3.5,0,0,0,90,166,0,0,http://www.cruiseaway.com.au/cruise-port/cape_verde_islands,,Cape Verde Islands - Cruise Away - Cruises | Best Cheap ...,,,,text,false,false,false,false,false,false,true,,,linkrestored,2020-12-18 01:46:08,2026-04-23 01:50:01,,,Article > News,Reference > Geographic reference > Maps; Travel > Tourist destinations > Islands; News > Local news,1
VIX and the Psychology of Markets-6 | Way Ranks,https://wayranks.com/vix-and-the-psychology-of-markets-6/,en,wordpress,200,58,0,4,0,5391,7141,0,0,https://www.cruiseaway.com.au/,,cruiseaway.com.au,,https://cruiseaway.com.au/,301,text,true,false,false,false,false,false,true,,,pagefound,2024-07-30 19:36:33,2026-05-06 05:14:17,,,Article > Insights,Business > Business education; Finance > Investing; Jobs and education > Education,1
one.net.in | few of top websites | page no. 363,https://www.sbookscan.com/domain-list-363,en,,200,4.9,0,0,0,1057,2037,0,0,https://www.cruiseaway.com.au/,,cruiseaway.com.au,,"http://cruiseaway.com.au/, https://cruiseaway.com.au/","301, 301",text,true,true,true,false,false,false,true,,,pagefound,2026-04-02 16:23:20,2026-04-17 13:26:27,,,Site page > Services,Internet > Web services > Analytics; Reference,1
"www.cruiseaway.com.au - Travel Agents in Sydney, NSW - True Finders",https://truefinders.com.au/business/cruiseaway.com.au/,en,,200,20,0,2,0,4,6,0,0,https://www.cruiseaway.com.au/,,http://www.cruiseaway.com.au,,http://www.cruiseaway.com.au/,301,text,false,false,false,false,false,false,true,,,pagefound,2023-02-05 07:30:48,2026-01-03 20:12:16,,,Listing > Business,Travel > Travel agencies > Other,2
CruiseAway: Local Cruise Deals | Milled,https://milled.com/cruiseaway-by-dreamlines-pty-ltd/local-cruise-deals-uSHJok9clA9ZSKAd,en,,200,74,0,24993,0,4,30,0,0,https://www.cruiseaway.com.au/cruise/sailing-from-brisbane-via-cairns-15539874,,Tropical Encounter,,,,image,false,true,true,false,false,false,true,,,linkfound,2026-03-30 17:34:52,2026-03-30 17:34:52,,,,,1
CruiseAway: Don’t Break the Piggy Bank 💰 Local Cruise Deals Are Here | Milled,https://milled.com/cruiseaway-by-dreamlines-pty-ltd/dont-break-the-piggy-bank-local-cruise-deals-are-here-82T9Zp7O4yA4bEH4,en,,200,74,0,24993,0,4,24,0,0,https://www.cruiseaway.com.au/cruise/south-pacific-from-brisbane-australia-with-the-quantum-of-the-seas-18177222?allInclusive=false&filterParams%5BcabinKind%5D%5B0%5D=19&selectedSail=18177223,,Tropical Island Escape,,,,text,false,true,true,false,false,false,true,,,pagefound,2026-04-17 23:07:43,2026-04-17 23:07:43,,,,,1
All-Inclusive River Cruises Catering to Seniors in Canada for 2025: Packages and Comfort,https://wallstreetviral.com/rsoc/all-inclusive-river-cruises-catering-to-seniors-in-canada-for-2025-packages-and-comfort/,en,wordpress,200,6,0,0,0,3,3,0,0,https://www.cruiseaway.com.au/cruises/north-america/st-lawrence-river,,CruiseAway St. Lawrence River Cruises (Viking),,,,text,false,true,false,false,false,false,true,,,pagefound,2025-05-17 10:41:32,2026-04-28 20:56:48,,,,,1
What Is Inside a High-Quality Burst Authority Link Package for Insurtech? I Opened 5 Different Packages and Graded Every Link — RankLinkX — Precision Backlinks for Brands That Play to Win.,https://ranklinkx.shop/pqgmysm-6-month-blogroll-link-experiment-proptech-final-verdict-worth-buying-competitive/,en,,200,0,0,0,0,7939,8811,0,0,https://www.cruiseaway.com.au/,,Rise cruise-away.com.au Index Power: Certified Guest Posts + Google-Indexed Dofollow Backlinks boosting Elevate Ahrefs Domain Rating DR | Moz Domain Authority DA | Majestic Trust Flow TF — Finance • Health • Tech • E-Commerce & More,,https://cruise-away.com.au/,301,text,false,false,true,false,false,false,true,,,linkfound,2026-05-08 21:28:18,2026-05-08 21:28:18,,,Article > Guide,Internet > Web services > SEO and marketing; Business > Marketing > Marketing,1
"CruiseAway: Exclusive, all-inclusive journey's with extraordinary added indulgences✨ – AZ-AZAMAZING EXCLUSIVES | Milled",https://milled.com/cruiseaway-by-dreamlines-pty-ltd/exclusive-all-inclusive-journeys-with-extraordinary-added-indulgences-az-peSN67W6Fo2qg3RF,en,,200,74,0,24993,0,5,21,0,0,https://www.cruiseaway.com.au/cruise/autumn-foliage-in-japan-18784082,,Autumn Foliage In Japan,,,,text,false,true,true,false,false,false,true,,,linkfound,2026-04-15 06:01:05,2026-04-15 06:01:05,,,,,1
"TELEGRAM t.me/seo_anomaly : SEO BACKLINKS, CROSS-LINKS, TRAFFIC BOOST, LINK INDEXING - frankston.tint.melbourne",https://frankston.tint.melbourne/telegram-t-me-seo-anomaly-seo-backlinks-cross-30-2/,en,wordpress,200,27,0,69,0,1441,2313,0,0,https://www.cruiseaway.com.au/cruise-lines,,"SEO BACKLINKS, CROSS-LINKS, TRAFFIC BOOST, LINK INDEXING – TELEGRAM @SEO_ANOMALY",,https://www.cruiseaway.com.au/cruiseline/po-cruises,301,text,true,false,true,false,false,false,true,,,linkrestored,2025-05-28 09:08:29,2026-04-16 16:42:39,,Clinton Bailey,Article > Guide,Internet > Web services > SEO and marketing; Business > Marketing > Marketing,2
Directory website list 1977 | Top Saas Directory,https://topsaasdirectory.com/directory-website-list-1977/,en,wordpress,404,13,0,0,0,5371,7161,0,0,https://www.cruiseaway.com.au/,,dreamlines.com.au,,https://dreamlines.com.au/,301,text,true,false,false,false,false,false,true,notfound,,pagefound,2025-10-02 13:47:45,2025-10-20 12:11:24,2026-04-21 21:38:34,,,,1
Directory website list 94 | Search Stack Directory,https://searchstackdirectory.com/directory-website-list-94/,en,wordpress,200,21,0,0,0,5381,7213,0,0,https://www.cruiseaway.com.au/,,cruiseaway,,https://cruiseaway.com.au/,301,text,true,false,false,false,false,false,true,,,pagefound,2025-09-28 01:46:29,2026-04-27 00:08:00,,,Listing collection > Business,Business > Business services > Consulting; Reference > Listings > Business; Internet > Search engines,2
Cruise Advisors | Our Cruise Experts For You | CruiseAway - Information - #7803244,http://www.secretsearchenginelabs.com/information/7803244-Cruise-Advisors---Our-Cruise-Experts-For-You,en,,200,44,0,218,0,3,5,0,0,https://www.cruiseaway.com.au/contact,Visit,Cruise Advisors | Our Cruise Experts For You | CruiseAway,(https://www.cruiseaway.com.au/contact),,,text,false,true,true,false,false,false,true,,,pagefound,2024-02-06 13:55:14,2025-12-18 01:24:26,,Simon Byholm,,,1
onemanarmy.in | few of top websites | page no. 363,https://www.onemanarmy.in/domain-list-363,en,,0,4.8,0,0,1,1047,1977,0,0,https://www.cruiseaway.com.au/,,cruiseaway.com.au,,"http://cruiseaway.com.au/, https://cruiseaway.com.au/","301, 301",text,true,false,true,false,false,true,true,,tooold,linkfound,2025-01-04 10:36:09,2025-06-05 23:05:56,2026-04-18 16:17:04,,,,1
CruiseAway: 🏦Cruise Deals That Won't Break The Bank🏦 | Milled,https://milled.com/cruiseaway-by-dreamlines-pty-ltd/cruise-deals-that-wont-break-the-bank-KArcFzneqfr4s8B5,en,,200,74,0,24993,0,6,21,0,0,https://www.cruiseaway.com.au/blog/,,Blog,,,,image,false,true,true,false,false,false,true,,,pagefound,2025-01-22 11:35:55,2026-05-09 03:39:39,,,,,1
CruiseAway: 🐣 Pack Your Bags – Easter Cruises Are Calling | Milled,https://milled.com/cruiseaway-by-dreamlines-pty-ltd/pack-your-bags-easter-cruises-are-calling-osHeWJCu3gY5Uzmd,en,,200,74,0,24993,0,4,23,0,0,https://www.cruiseaway.com.au/cruise/new-zealand-from-sydney-australia-with-the-carnival-splendor-17437236?allInclusive=false&filterParams%5BcabinKind%5D%5B0%5D=19&selectedSail=17794027,,New Zealand Scenic Discovery,,,,text,false,true,true,false,false,false,true,,,pagefound,2026-04-17 22:46:02,2026-04-17 22:46:02,,,,,2
工薪族也需要放松心情--平民价的八万吨游轮cruise之旅（全坑填满） - 行万里路 - 新足迹 - Powered by Discuz!,https://www.oursteps.com.au/bbs/forum.php?mod=viewthread&tid=633925,zh-cn,message-boards,200,23,0,7411,0,1,2,0,0,http://www.cruiseaway.com.au/cruiselines/starrating,,http://www.cruiseaway.com.au/cruiselines/starrating,,,,text,false,true,false,false,false,false,true,,,linkfound,2021-09-25 19:48:45,2026-04-15 21:47:45,,,,,2
"CruiseAway: Everything you need, seamlessly included – Look inside for our exclusive pricing | Milled",https://milled.com/cruiseaway-by-dreamlines-pty-ltd/everything-you-need-seamlessly-included-look-inside-for-our-exclusive-pricing-hkqimP56NXg0YR73,en,,200,74,0,24993,0,5,18,0,0,https://www.cruiseaway.com.au/cruise/french-polynesia-from-sydney-australia-with-the-celebrity-edge-18440293,,"French Polynesia from Sydney, Australia with the Celebrity Edge",,,,text,false,true,true,false,false,false,true,,,pagefound,2026-04-15 04:19:51,2026-04-15 04:19:51,,,,,1
"I Started With Less Than Ten Permanent Backlinks on My Site, But After Two Months of SEOExpress.org's Services, I Have Over Two Hundred High-Quality Links Ranking Me at the Top of Major Google Searches for Key Products. It’s affordable SEO that pays off big time! 🌟🔥 — Rank Boost SEO",https://therankboostseo.shop/i-started-with-less-than-ten-permanent-backlinks-on-my-site-and-now-after-two-months-of-seoexpress-com-services-I-have-over-two-hundred-high-quality-links-ranking-me-on-top-of-major-google,en,,200,28,0,0,36,5186,8744,0,0,https://www.cruiseaway.com.au/,,I used to think SEO meant pricey consultants until I discovered SEOExpress.org while searching online for help with dreamlines.cn. Their budget-friendly packages delivered results fast: organic traffic more than tripled from under 200 visits/month after only two months! The combination of guest blogging and PBN links worked wonders—I recommend them wholeheartedly 🌟,,https://dreamlines.cn/,301,text,true,false,true,false,false,false,true,,,linkfound,2026-05-09 12:29:24,2026-05-09 12:29:24,,,Article > Story,Internet > Web services > SEO and marketing; Business > Marketing > Marketing,1
"New Zealand is open for travel and luckily, it’s still affordable | Blayney Chronicle | Blayney, NSW",https://www.blayneychronicle.com.au/story/7910925/new-zealand-is-open-for-travel-and-luckily-its-still-affordable/,en,,200,35,0,287,0,25,33,0,0,https://www.cruiseaway.com.au/cruise/journey-from-melbourne-with-the-queen-elizabeth-queen-elizabeth-15235953,,Get the deal here,,,,text,false,false,false,false,false,false,true,,,pagefound,2026-04-13 01:05:53,2026-05-11 06:46:58,,,,,2
Directory website list 1976 | Social Rank Directory,https://socialrankdirectory.com/directory-website-list-1976/,en,wordpress,404,14,0,0,0,5369,7155,0,0,https://www.cruiseaway.com.au/,,cruiseaway.com.au,,https://cruiseaway.com.au/,301,text,true,false,false,false,false,false,true,notfound,,pagefound,2025-10-08 01:10:19,2025-10-22 21:36:31,2026-04-17 01:05:54,,,,1
👲 Domain Report 👲,https://atomizelink.icu/report/66851,en,,200,40,0,0,0,3693,4130,0,0,https://www.cruiseaway.com.au/,try this website,cruise-away.com.au,&nbsp,https://cruise-away.com.au/,301,text,true,true,true,false,false,false,true,removedfromhtml,,linkfound,2026-03-11 17:37:20,2026-03-11 17:37:20,2026-04-21 08:31:25,,Site page > Services,Internet > Web services > Development,2
Google Ranking Booster: Manual Work: Ahrefs DR + MOZ DA+Pbn Backlinks Visit SeoBoost.agency – rankongoogle.agency,https://rankongoogle.agency/pcgojwd-google-ranking-lift-traffic-with-contextual-seo-backlinks/,en,wordpress,200,13,0,0,1,8312,9379,0,0,https://www.cruiseaway.com.au/,,Google updates safe whitehat traffic cruiseaway.com.au Google ranking upto +600% | Seoboost.agency World no 1 Seo Agency,,https://cruiseaway.com.au/,301,text,true,false,true,false,false,true,true,,,pagefound,2026-01-03 16:15:59,2026-04-22 10:56:19,,,Article > Guide,Internet > Web services > SEO and marketing,1
"Today: KOLHUFUSHI Island (Meemu Atoll, Maldives) Info, Jun 16, 2014",https://www.interalex.net/2014/06/kolhufushi-island-meemu-atoll-maldives.html,en,,200,3.5,0,0,0,48,128,0,0,http://www.cruiseaway.com.au/cruise-port/mulaku-atoll-maldives,,Mulaku Atoll (Maldives) - Cruise Away - Cruises | Best Cheap ...,www.cruiseaway.com.au/cruise-port/mulaku-atoll-maldives Cached,,,text,false,true,false,false,false,false,true,,,linkrestored,2020-11-24 06:13:09,2026-04-21 12:31:37,,,Article > Wiki,Reference > Geographic reference > Maps; Travel > Tourist destinations > Islands; Entertainment,1
CruiseAway: Sail Princess from just $49pp Deposit - Exclusive to us! | Milled,https://milled.com/cruiseaway-by-dreamlines-pty-ltd/sail-princess-from-just-49pp-deposit-exclusive-to-us-2VYWszpP3x2i_sJ6,en,,200,74,0,24993,0,4,32,0,0,https://www.cruiseaway.com.au/cruise/new-zealand-from-sydney-australia-with-the-celebrity-edge-17287754,,"New Zealand from Sydney, Australia with the Celebrity Edge",,,,text,false,true,true,false,false,false,true,,,linkfound,2026-05-10 07:24:10,2026-05-10 07:24:10,,,,,3
How Data Science and AI Are the Transforming Marketing Research | Best Directory Site,https://bestdirectorysite.com/how-data-science-and-ai-are-the-transforming-marketing-research/,en,wordpress,200,19,0,0,28,3510,4764,0,0,https://www.cruiseaway.com.au/,,cruiseaway,,https://cruiseaway.com.au/,301,text,true,true,false,false,false,true,true,,,pagefound,2024-12-13 11:24:48,2026-04-21 22:02:22,,,Article > Insights,Business > Marketing > Marketing; Internet > Web services; Science,1
"Today: TORI-SHIMA Island (Izu Islands, Japan) Info, Nov 13, 2013",https://www.interalex.net/2013/11/tori-shima-island-japan-info-nov-13-2013.html,en,,200,3.5,0,0,0,52,102,0,0,http://www.cruiseaway.com.au/cruise-port/tori-shima-japan,,"Tori Shima, Japan - Cruise Away - Cruises | Best Cheap ...",,,,text,false,true,false,false,false,false,true,,,linkrestored,2020-12-18 02:13:52,2026-04-30 12:25:58,,,Article > Wiki,Entertainment > Music; Travel > Tourist destinations > Islands; Reference > Geographic reference > Maps,1
"Before Discovering SEOExpress.org, I Spent Years on Expensive Agencies That Didn't Deliver the Results Promised. Eventually, I Tried Their White-Hat Backlinks Service and In Just Eight Weeks, My Domain Authority Ramped Up from DA 15 to DA 48 and Leads Poured In at a Rate of Over One Hundred Per Month! Best Investment in SEO ★★★★★ 💎 — SEO Ranking High",https://theseorankinghigh.shop/before-discovering-seoexpress-i-spent-years-on-expensive-agencies-that-didnt-deliver-the-results-promised-eventually-i-tried-their-white-hat-backlinks-service-and-in-only-eight-weeks-my,en,,200,29,0,0,36,5039,8498,0,0,https://www.cruiseaway.com.au/,,"I remember when cruise-away.com.au was buried on page 7, struggling to attract any visitors. After discovering SEOExpress.org and their affordable SEO packages, everything changed. Within just two months, my site jumped to page 1 and traffic skyrocketed from 150 to over 5,000 monthly visits! Investing in them felt like the best decision I ever made for my business 🌟",,https://cruise-away.com.au/,301,text,true,false,true,false,false,false,true,,,linkfound,2026-05-02 06:38:59,2026-05-02 06:38:59,,,Article > Story,Internet > Web services > SEO and marketing; Business > Marketing > Marketing,1
Directory website list 94 | Enter Prise Directory Hub,https://enterprisedirectoryhub.com/directory-website-list-94/,en,wordpress,200,0.1,0,0,0,5382,7219,0,0,https://www.cruiseaway.com.au/,,cruiseaway,,https://cruiseaway.com.au/,301,text,true,false,false,false,false,false,true,,,pagefound,2025-10-20 11:58:47,2026-04-27 09:05:27,,,Listing collection > Business,Reference > Listings > Business; Business > Business services > Other; Society,2
"Save on travel adventures at Click Frenzy's big event for 2025 | The Irrigator | Leeton, NSW",https://www.irrigator.com.au/story/9043916/save-on-travel-adventures-at-click-frenzys-big-event-for-2025/,en,,200,35,0,782,0,31,45,0,0,https://www.cruiseaway.com.au/cruise-deals,,Cruiseaway,- $400 onboard credit and reduced deposits on cruises,,,text,false,true,false,false,false,false,true,,,pagefound,2025-09-02 09:24:02,2026-05-09 04:50:36,,,,,1
Eurekster,https://p.eurekster.com/?id=&apdiv=Submit&search=Norwegian%20Jewel,en,,200,51,0,0,0,103,127,0,0,https://www.cruiseaway.com.au/ship/norwegian-jewel,,Norwegian Jewel Cruises 2020 - 2021 | Best Prices & Itineraries,,,,text,false,false,false,false,false,false,true,,,pagefound,2022-07-25 00:17:26,2026-05-04 16:01:41,,,,,1
Most Visited website list 1928 | World Website Directory,https://worldwebsitesdirectory.com/most-visited-website-list-1928/,en,wordpress,200,55,0,0,0,5413,6282,0,0,https://www.cruiseaway.com.au/,,cruiseaway,,https://cruiseaway.com.au/,301,text,true,false,false,false,false,false,true,,,pagefound,2025-12-27 23:43:27,2026-05-09 09:51:30,,,Listing collection > Business,Internet > Web services > Development; Reference > Listings > Business; Business > Business services,2
"Before Discovering SEOExpress.org, I Spent Years on Expensive Agencies That Didn't Deliver the Results Promised. Eventually, I Tried Their White-Hat Backlinks Service and In Just Eight Weeks, My Domain Authority Ramped Up from DA 15 to DA 48 and Leads Poured In at a Rate of Over One Hundred Per Month! Best Investment in SEO ★★★★★ 💎 — Simply Web Shop",https://simplywebshop.shop/before-discovering-seoexpress-i-spent-years-on-expensive-agencies-that-didnt-deliver-the-results-promised-eventually-i-tried-their-white-hat-backlinks-service-and-in-only-eight-weeks-my,en,,200,28,0,0,30,5039,8490,0,0,https://www.cruiseaway.com.au/,,"I remember when cruise-away.com.au was buried on page 7, struggling to attract any visitors. After discovering SEOExpress.org and their affordable SEO packages, everything changed. Within just two months, my site jumped to page 1 and traffic skyrocketed from 150 to over 5,000 monthly visits! Investing in them felt like the best decision I ever made for my business 🌟",,https://cruise-away.com.au/,301,text,true,false,true,false,false,false,true,,,linkfound,2026-04-23 04:13:45,2026-04-23 04:13:45,,,Article > Story,Internet > Web services > SEO and marketing; Business > Marketing > Marketing,1
"Today: MOUSA Island (Scotland, UK) info, Oct 22, 2014",https://www.interalex.net/2014/10/mousa-island-scotland-uk-info-oct-22.html,en,,200,3.5,0,0,0,56,171,0,0,http://www.cruiseaway.com.au/cruise-port/mousa-shetland-isles-scotland,,"Mousa, Shetland Isles, Scotland - Cruise Away",www.cruiseaway.com.au/.../mousa-shetland-isles-scotland Cached,,,text,false,true,false,false,false,false,true,,,linkrestored,2020-09-10 15:48:36,2026-04-26 15:08:15,,,Article > Roundup,Travel > Tourist destinations > Islands; Entertainment,1
CruiseAway: On Sale Now - Hurry! Princess 2027/28 Just Released — Save Big + Extra Onboard Credit! | Milled,https://milled.com/cruiseaway-by-dreamlines-pty-ltd/on-sale-now-hurry-princess-2027-28-just-released-save-big-extra-onboard-credit-U42XkVTsPB91jICP,en,,200,74,0,24993,0,4,32,0,0,https://www.cruiseaway.com.au/terms-and-conditions,"Additional terms, conditions and fees may apply. Please always check",terms and conditions,on the CruiseAway website before making the booking. ^Holland America,,,text,false,true,true,false,false,false,true,,,linkfound,2026-04-09 12:16:50,2026-04-09 12:16:50,,,,,3
"Save on travel adventures at Click Frenzy's big event for 2025 | Camden Haven Courier | Laurieton, NSW",https://www.camdencourier.com.au/story/9043916/save-on-travel-adventures-at-click-frenzys-big-event-for-2025/,en,,200,39,0,295,0,30,44,0,0,https://www.cruiseaway.com.au/cruise-deals,,Cruiseaway,- $400 onboard credit and reduced deposits on cruises,,,text,false,true,false,false,false,false,true,,,pagefound,2025-08-28 11:09:38,2026-05-05 19:29:39,,,,,1
CruiseAway: 🐣 Pack Your Bags – Easter Cruises Are Calling | Milled,https://milled.com/cruiseaway-by-dreamlines-pty-ltd/pack-your-bags-easter-cruises-are-calling-osHeWJCu3gY5Uzmd,en,,200,74,0,24993,0,4,23,0,0,https://www.cruiseaway.com.au/cruise/south-pacific-from-sydney-australia-with-the-grand-princess-17860564?allInclusive=false&filterParams%5BcabinKind%5D%5B0%5D=19&selectedSail=17860561,,Ultimate South Pacific Voyage,,,,text,false,true,true,false,false,false,true,,,pagefound,2026-04-17 22:46:02,2026-04-17 22:46:02,,,,,1
"CruiseAway: Seasons of the Orient & Southeast Asia - Tours, Transfers, Drinks Included! | Milled",https://milled.com/cruiseaway-by-dreamlines-pty-ltd/seasons-of-the-orient-and-southeast-asia-tours-transfers-drinks-included--EL0QC32QfLT4UtM,en,,200,74,0,24993,0,4,27,0,0,https://www.cruiseaway.com.au/cruise/sakura-to-seoul-serenity-18375359?selectedSail=18267540,,Eclipse & Carnivale Dreams,,,,image,false,true,true,false,false,false,true,,,pagefound,2026-05-09 08:24:11,2026-05-09 08:24:11,,,,,3
Most Visited website list 1928 | Social News Directory,https://socialnewsdirectory.com/most-visited-website-list-1928/,en,wordpress,200,55,0,0,0,5400,6260,0,0,https://www.cruiseaway.com.au/,,cruiseaway,,https://cruiseaway.com.au/,301,text,true,false,false,false,false,false,true,,,pagefound,2025-09-29 06:18:23,2026-05-09 04:51:40,,,Listing collection > Business,News > Other; Internet > Web services > Analytics; Society > Social sciences > Media studies; Business > Business services; Reference,2
w3bdirectory.com | few of top websites | page no. 350,http://www.w3bdirectory.com/domain-list-350,en,,200,12,0,0,1,1093,2187,0,0,https://www.cruiseaway.com.au/,,cruiseaway.com.au,,"http://cruiseaway.com.au/, https://cruiseaway.com.au/","301, 301",text,true,true,true,false,false,true,true,,,linkrestored,2025-05-05 07:34:51,2026-04-29 10:07:37,,,Listing collection > Business,Internet > Web services > Analytics,2
CruiseAway: EGG-CELLENT ONE DAY SALE – Hop in for this one | Milled,https://milled.com/cruiseaway-by-dreamlines-pty-ltd/egg-cellent-one-day-sale-hop-in-for-this-one-UYvLk6b9pw5pjoI_,en,,200,74,0,24993,0,5,19,0,0,https://www.cruiseaway.com.au/cruise/japan-intensive-sakura-neon-skylines-18818774?filterParams%5BcabinKind%5D%5B0%5D=19&selectedSail=18764681,,"1 Janaury 2027 - 19 nights - From $5,899pp »",,,,text,false,true,true,false,false,false,true,,,linkfound,2026-04-17 10:07:43,2026-04-17 10:07:43,,,,,1
Cosmic Consciousness Conference Sacred Horizons Japan Cruise,https://www.cosmicconsciousness.com.au/sacredhorizonsjapancruiseccc,en,cms,200,18,0,0,0,2,2,0,0,https://www.cruiseaway.com.au/cruise/sacred-horizons-the-japan-experience-18760749?selectedSail=18429235&filterParams%5BcabinKind%5D%5B0%5D=21,,AUSTRALASIA / NZ GUESTS,,,,text,false,false,false,false,false,false,true,,,linkfound,2026-03-03 23:08:29,2026-05-10 01:35:41,,,,,1
"Today: SÃO VICENTE ISLAND (Cape Verde Islands) Info, Dec 28, 2011",https://www.interalex.net/2011/12/sao-vicente-island-cape-verde-islands.html,en,,200,3.5,0,0,0,89,179,0,0,http://www.cruiseaway.com.au/cruise-port/mindelo_porto_grande_sao_vicente_cape_verde_islands,,"Mindelo (Porto Grande) Sao Vicente, Cape Verde Islands ...",,,,text,false,false,false,false,false,false,true,,,linkrestored,2020-12-18 02:54:49,2026-04-27 23:57:35,,,Article > News,News > Local news; Travel > Tourist destinations > Islands; Entertainment; Reference > Geographic reference; Society,1
silversea cairns to singapore,https://reussitepartagee.com/tm60u/silversea-cairns-to-singapore,en,,200,21,0,0,0,4,8,0,0,https://www.cruiseaway.com.au/search-results,it stretches out below you while you enjoy your cruise.,Trip from Singapore to Cairns via Singapore | Silver Muse | Silversea,"Nov 09: 9: Silver Moon: to Athens / Piraeus: $6,700","https://www.cruiseaway.com.au/cruise/trip-from-singapore-to-cairns-via-singapore-16350513, https://www.cruiseaway.com.au/search-results, https://cruiseaway.com.au/search-results","307, 0, 301",text,true,true,false,false,false,false,true,,,linkrestored,2025-10-04 18:15:31,2026-04-23 21:57:55,,,Listing collection > Service,Travel > Tourist destinations > Islands,2
"Today: OSUMI ISLANDS (Japan) Info, Nov 15, 2013",https://www.interalex.net/2013/11/osumi-islands-japan-info-nov-15-2013.html,en,,200,3.5,0,0,0,49,94,0,0,http://www.cruiseaway.com.au/cruise-port/yakushima-japan,,"Yakushima, Japan - Cruise Away - Cruises | Best Cheap Cruises ...",,,,text,false,true,false,false,false,false,true,,,linkrestored,2020-12-17 04:58:09,2026-04-19 16:14:13,,,Article > Wiki,Travel > Tourist destinations > Islands; Reference > Geographic reference > Maps; Entertainment,1
"Banda Islands Travel Guide: Where History, Culture, and Nature Collide - Tour",https://tourus.net/banda-islands/,en,wordpress,0,0,0,0,0,9,12,0,0,https://www.cruiseaway.com.au/cruises/banda-neira,"Phinisi yachts fromUSD 1,200–4,000per week; luxury optionsUSD 5,500–9,500+depending on vessel and itinerary",cruiseaway.com.au,,,,text,false,true,false,false,false,false,true,,tooold,linkfound,2025-08-28 17:31:31,2025-08-28 17:31:31,2026-04-19 10:11:36,,,,1
,http://papasearch.net/FC_Barcelona/FCBarcelona20.html,en,ecommerce,200,16,0,0,0,1366,6060,0,0,https://www.cruiseaway.com.au/cruises/mediterranean,,Mediterranean Cruises 2019 - 2020 | Save up to -50% ...,,,,text,true,true,false,false,false,false,true,,,pagefound,2025-12-24 02:13:56,2026-04-29 03:46:51,,,Listing collection > Event,Sports > Team sports > Soccer,1
Directory website list 1976 | Tumblr Directory,https://tumblrdirectory.com/directory-website-list-1976/,en,wordpress,404,14,0,0,0,5370,7155,0,0,https://www.cruiseaway.com.au/,,cruiseaway.com.au,,https://cruiseaway.com.au/,301,text,true,false,false,false,false,false,true,notfound,,pagefound,2025-09-29 21:02:06,2025-10-25 01:16:30,2026-04-16 02:43:41,,,,1
touristpoints.in | few of top websites | page no. 363,https://www.touristpoints.in/domain-list-363,en,,200,1,0,0,0,1083,2091,0,0,https://www.cruiseaway.com.au/,,cruiseaway.com.au,,"http://cruiseaway.com.au/, https://cruiseaway.com.au/","301, 301",text,true,true,true,false,false,false,true,,,linkrestored,2024-12-03 07:36:03,2026-05-05 16:09:25,,,Listing collection > Location,Travel > Tourist destinations > Other; Internet > Web services,1
"New Zealand is open for travel and luckily, it’s still affordable | The Courier | Ballarat, VIC",https://www.thecourier.com.au/story/7910925/new-zealand-is-open-for-travel-and-luckily-its-still-affordable/,en,,200,70,0,38187,0,20,28,0,0,https://www.cruiseaway.com.au/cruise/journey-from-melbourne-with-the-queen-elizabeth-queen-elizabeth-15235953,,Get the deal here,,,,text,false,false,false,false,false,false,true,,,pagefound,2026-04-13 00:15:31,2026-05-08 15:05:34,,,,,2
"Save on travel adventures at Click Frenzy's big event for 2025 | Lismore City News | Lismore, New South Wales",https://www.lismorecitynews.com.au/story/9043916/save-on-travel-adventures-at-click-frenzys-big-event-for-2025/,en,,200,42,0,479,0,27,42,0,0,https://www.cruiseaway.com.au/cruise-deals,,Cruiseaway,- $400 onboard credit and reduced deposits on cruises,,,text,false,true,false,false,false,false,true,,,pagefound,2025-08-28 10:31:24,2026-05-10 05:37:21,,,,,1
"New Zealand is open for travel and luckily, it’s still affordable | The Canberra Times | Canberra, ACT",https://www.canberratimes.com.au/story/7910925/new-zealand-is-open-for-travel-and-luckily-its-still-affordable/,en,,200,80,0,99251,52,22,31,0,0,https://www.cruiseaway.com.au/cruise/journey-from-melbourne-with-the-queen-elizabeth-queen-elizabeth-15235953,,Get the deal here,,,,text,false,false,false,false,false,false,true,,,linkrestored,2025-05-13 17:15:46,2026-05-11 05:19:54,,,Article > Roundup,Travel > Tourist destinations > Ski resorts,2
How to Use IoT for Smarter E-Commerce Customer Experiences – PRO SEO ARTICLES,https://proseoarticles.com/how-to-use-iot-for-smarter-e-commerce-customer-experiences/,en,wordpress,200,30,0,0,100,3371,5086,0,0,https://www.cruiseaway.com.au/,,cruiseaway,,https://cruiseaway.com.au/,301,text,true,true,false,false,false,true,true,,,pagefound,2025-10-01 01:37:51,2026-05-05 17:13:41,,,Article > How-to,Business > Retail trade > Technology; Shopping > Shopping portals; Internet > Web services > Development; Computers and electronics > Consumer electronics,2
"New Zealand is open for travel and luckily, it’s still affordable | St George & Sutherland Shire Leader | St George, NSW",https://www.theleader.com.au/story/7910925/new-zealand-is-open-for-travel-and-luckily-its-still-affordable/,en,,200,70,0,5862,0,15,23,0,0,https://www.cruiseaway.com.au/search-results,,Get the deal here,,"https://www.cruiseaway.com.au/cruise/journey-from-melbourne-with-the-queen-elizabeth-queen-elizabeth-15235953, https://www.cruiseaway.com.au/search-results, https://cruiseaway.com.au/search-results","307, 0, 301",text,false,false,false,false,false,false,true,,,linkfound,2026-04-21 00:55:25,2026-05-05 00:53:59,,,,,2
CruiseAway: Explore the World with Exclusive Cruise packages - Limited time savings! | Milled,https://milled.com/cruiseaway-by-dreamlines-pty-ltd/explore-the-world-with-exclusive-cruise-packages-limited-time-savings-UoGjhRoh_dLM903Z,en,,200,74,0,24993,0,4,26,0,0,https://www.cruiseaway.com.au/cruise/magnificent-mosaic-baltics-to-the-med-18200362?selectedSail=18200366,,Magnificent Mosaic - Baltics to the Med,,,,text,false,true,true,false,false,false,true,,,pagefound,2026-01-26 05:49:52,2026-01-26 05:49:52,,,,,1
Directory website list 94 | Saas Web Directory,https://saaswebdirectory.com/directory-website-list-94/,en,wordpress,404,14,0,0,0,4997,5933,0,0,https://www.cruiseaway.com.au/,,cruiseaway,,https://cruiseaway.com.au/,301,text,true,false,false,false,false,false,true,notfound,,pagefound,2025-09-05 06:56:43,2025-11-11 00:18:27,2026-04-14 14:49:57,,,,2
Do Google Algorithm Updates Affect Sidebar Links for Gaming Differently Than Other Link Types? My Multi-Year Data Says Yes — LinkSEOPro — World-Class Backlinks for Websites That Mean Business.,https://linkseopro.shop/3ibtx25-complete-guide-pbn-backlinks-safely-gaming-risk-management-anchor-strategy/,en,,200,0,0,0,0,8301,9351,0,0,https://www.cruiseaway.com.au/,,High-ROI Global Guest Posts + Powerful Dofollow Backlinks for cruiseaway.com.au — Moz Domain Authority DA • Ahrefs Domain Rating DR • Majestic Trust Flow TF Boost — Google Index + Top Rankings — B2B & B2C • All Industries • Worldwide,,https://cruiseaway.com.au/,301,text,false,false,true,false,false,false,true,,,linkfound,2026-05-10 06:24:35,2026-05-10 06:24:35,,,Article > Opinion,Internet > Web services > SEO and marketing; Games,1
CruiseAway: Sail Princess from just $49pp Deposit - Exclusive to us! | Milled,https://milled.com/cruiseaway-by-dreamlines-pty-ltd/sail-princess-from-just-49pp-deposit-exclusive-to-us-2VYWszpP3x2i_sJ6,en,,200,74,0,24993,0,4,32,0,0,https://www.cruiseaway.com.au/cruise/australia-from-sydney-australia-with-the-grand-princess-17860458?allInclusive=false&selectedSail=17860455,,Southern Explorer from Sydney,,,,text,false,true,true,false,false,false,true,,,linkfound,2026-05-10 07:24:10,2026-05-10 07:24:10,,,,,2
Most Visited website list 1976 | Link Point Directory,https://linkpointdirectory.com/most-visited-website-list-1976/,en,wordpress,200,57,0,0,0,5395,7161,0,0,https://www.cruiseaway.com.au/,,cruiseaway.com.au,,https://cruiseaway.com.au/,301,text,true,false,false,false,false,false,true,,,pagefound,2025-10-08 17:33:48,2026-05-09 18:35:16,,,Listing collection > Business,Internet > Web services > Development; Business > Business services > Consulting,1
silversea brisbane to singapore,https://www.omniservices.com/gsjncvr/archive.php?tag=silversea-brisbane-to-singapore,en,,200,12,0,445,0,12,16,0,0,https://www.cruiseaway.com.au/cruise/voyage-with-silversea-from-singapore-to-sydney-16303882,& post Stories All-Inclusive fares It's all included with Silversea.,Voyage with Silversea from Singapore to Sydney | Silver Muse | Silversea,"Read more You'll receive newsletter updates full of special offers,",,,text,false,true,false,false,false,false,true,,,pagefound,2025-01-23 13:55:18,2026-04-21 06:54:08,,,Listing collection > Location,Travel > Tourist destinations > Islands,1
CruiseAway: On Sale Now - Hurry! Princess 2027/28 Just Released — Save Big + Extra Onboard Credit! | Milled,https://milled.com/cruiseaway-by-dreamlines-pty-ltd/on-sale-now-hurry-princess-2027-28-just-released-save-big-extra-onboard-credit-U42XkVTsPB91jICP,en,,200,74,0,24993,0,4,32,0,0,https://www.cruiseaway.com.au/cruise/new-zealand-from-sydney-australia-with-the-royal-princess-18588247,,"from $2,429 pp »",,,,text,false,true,true,false,false,false,true,,,linkfound,2026-04-09 12:16:50,2026-04-09 12:16:50,,,,,1
"Save on travel adventures at Click Frenzy's big event for 2025 | Muswellbrook Chronicle | Muswellbrook, NSW",https://www.muswellbrookchronicle.com.au/story/9043916/save-on-travel-adventures-at-click-frenzys-big-event-for-2025/,en,,200,37,0,445,0,31,46,0,0,https://www.cruiseaway.com.au/cruise-deals,,Cruiseaway,- $400 onboard credit and reduced deposits on cruises,,,text,false,true,false,false,false,false,true,,,pagefound,2025-08-28 02:34:25,2026-05-08 17:57:32,,,,,1
Google Ranking Booster: Manual Work: Ahrefs DR + MOZ DA+Pbn Backlinks Visit SeoBoost.agency – rankongoogle.agency,https://rankongoogle.agency/puhsqss-google-ranking-lift-traffic-with-contextual-seo-backlinks/,en,wordpress,200,13,0,0,1,8210,9564,0,0,https://www.cruiseaway.com.au/,,authority sites whitehat traffic dreamlines.com.au Google ranking upto +800% | Seoboost.agency World no 1 Seo Agency,,https://dreamlines.com.au/,301,text,true,false,true,false,false,true,true,,,pagefound,2026-01-03 21:52:16,2026-04-22 10:58:59,,,Article > Guide,Internet > Web services > SEO and marketing,1
Directory website list 1977 | Ai Article Directory,https://aiarticledirectory.com/directory-website-list-1977/,en,wordpress,404,13,0,0,0,5182,6052,0,0,https://www.cruiseaway.com.au/,,dreamlines.com.au,,https://dreamlines.com.au/,301,text,true,false,false,false,false,false,true,notfound,,pagefound,2025-09-05 03:28:06,2025-12-01 03:07:51,2026-04-28 21:47:27,,,,1
"New Zealand is open for travel and luckily, it’s still affordable | The Armidale Express | Armidale, NSW",https://www.armidaleexpress.com.au/story/7910925/new-zealand-is-open-for-travel-and-luckily-its-still-affordable/,en,,200,49,0,2296,0,22,30,0,0,https://www.cruiseaway.com.au/cruise/journey-from-melbourne-with-the-queen-elizabeth-queen-elizabeth-15235953,,Get the deal here,,,,text,false,false,false,false,false,false,true,,,pagefound,2026-04-12 23:58:48,2026-05-05 03:00:42,,,,,2
"Today: NOSS Island (Shetland, Scotland, UK) Info, Nov 17, 2014",https://www.interalex.net/2014/11/noss-island-shetland-scotland-uk-info.html,en,,200,3.5,0,0,0,50,160,0,0,http://www.cruiseaway.com.au/cruise-port/isle-noss-shetlands,,"Isle of Noss, Shetlands - Cruise Away",www.cruiseaway.com.au/cruise-port/isle-noss-shetlands Cached,,,text,false,true,false,false,false,false,true,,,linkrestored,2021-12-05 08:26:55,2026-05-09 07:17:16,,,Article > Story,Travel > Tourist destinations > Gardens; Science > Environment; Leisure > Outdoors > Camping; Entertainment,1
"Today: TUSCAN ARCHIPELAGO (Italy) Info, Dec 11, 2012",https://www.interalex.net/2012/12/tuscan-archipelago-italy-info-dec-11.html,en,,200,3.5,0,0,0,97,172,0,0,http://www.cruiseaway.com.au/cruise-port/golfo_stella_italy,,"Golfo Stella, Italy - Cruise Away - Cruises | Best Cheap ...",,,,text,false,true,false,false,false,false,true,,,linkrestored,2021-11-21 03:33:21,2026-04-21 06:56:00,,,Article > News,Travel > Tourist destinations > Islands; Entertainment > Music; Reference,1
cruise from phuket to singapore,https://www.wellfavour.com/tlzkvx7/article.php?page=cruise-from-phuket-to-singapore,en,"ecommerce, wordpress",200,0.8,0,0,0,11,16,0,0,https://www.cruiseaway.com.au/cruises/asia/singapore,epic fusion of music and innovation at the Two70 shows.,Singapore Cruises | Best Deals & Packages | CruiseAway,Cruises from Phuket to Singapore - Cruise Critic At Resorts,,,text,false,true,false,false,false,false,true,,,pagefound,2025-09-30 09:57:44,2025-12-29 03:59:12,,,,,1
"New Zealand is open for travel and luckily, it’s still affordable | The Irrigator | Leeton, NSW",https://www.irrigator.com.au/story/7910925/new-zealand-is-open-for-travel-and-luckily-its-still-affordable/,en,,200,35,0,782,0,25,31,0,0,https://www.cruiseaway.com.au/search-results,,Get the deal here,,"https://www.cruiseaway.com.au/cruise/journey-from-melbourne-with-the-queen-elizabeth-queen-elizabeth-15235953, https://www.cruiseaway.com.au/search-results, https://cruiseaway.com.au/search-results","307, 0, 301",text,false,false,false,false,false,false,true,,,pagefound,2026-04-20 08:35:53,2026-05-08 23:13:35,,,,,2
"Loads of options to take on board | The Border Mail | Wodonga, VIC",https://www.bordermail.com.au/story/1368544/loads-of-options-to-take-on-board/?cs=34,en,,200,64,0,23245,0,39,49,0,0,https://www.cruiseaway.com.au/,"Ecruising ( ecruising.com.au ), Cruiseabout ( cruiseabout.com.au ), CruiseAway (",cruiseaway.com.au),and CruiseCo ( cruising.com.au ) are the big players in,http://www.cruiseaway.com.au/,301,text,false,false,false,false,false,false,true,,,pagefound,2026-04-19 08:51:06,2026-04-19 08:51:06,,Jane E. Fraser,,,2
"CruiseAway: Friday Fare Frenzy ⚡ Save up to $2,800pp | Milled",https://milled.com/cruiseaway-by-dreamlines-pty-ltd/friday-fare-frenzy-save-up-to-2-800pp-KqpTGkMgVpjMoMQw,en,,200,74,0,24993,0,5,20,0,0,https://www.cruiseaway.com.au/cruise/singapore-to-sydney-harbour-bridge-18588264,,Singapore to Sydney Harbour Bridge,,,,text,false,true,true,false,false,false,true,,,pagefound,2026-04-18 05:50:35,2026-04-18 05:50:35,,,,,2
CruiseAway: 🐰 Hop Into Holiday Mode | Egg-cellent Cruise Deals Await | Milled,https://milled.com/cruiseaway-by-dreamlines-pty-ltd/hop-into-holiday-mode-egg-cellent-cruise-deals-await-4ClPPiW_XTFUTbmk,en,,200,74,0,24993,0,5,21,0,0,https://www.cruiseaway.com.au/cruise-lines-specials/cunard-first-come-first-served-sale,,"First Come, First Served Sale",,,,text,false,true,true,false,false,false,true,,,pagefound,2026-04-18 11:44:19,2026-04-18 11:44:19,,,,,1
"Today: RUEGEN ISLAND (Germany) Info, Feb 24, 2013",https://www.interalex.net/2013/02/ruegen-island-germany-info-feb-24-2013.html,en,,200,3.5,0,0,0,97,173,0,0,http://www.cruiseaway.com.au/cruise-port/sassnitz_germany,,"Sassnitz, Germany - Cruise Away - Cruises | Best Cheap ...",,,,text,false,true,false,false,false,false,true,,,linkrestored,2020-09-14 01:10:42,2026-04-27 18:43:53,,,Article > Roundup,Travel > Tourist destinations > Islands; Entertainment > Music; Reference,1
"Today: TANNA Island (Vanuatu) Info, Dec 26, 2011",https://www.interalex.net/2011/12/tanna-island-vanuatu-info-dec-26-2011.html,en,,200,3.5,0,0,0,85,169,0,0,http://www.cruiseaway.com.au/cruise-port/tanna_and_aniwa_islands_vanuatu,,"Tanna and Aniwa Islands, Vanuatu - Cruise Away",,,,text,false,false,false,false,false,false,true,,,linkrestored,2020-12-18 11:55:42,2026-04-28 03:22:20,,,Site page > Services,Travel > Tourist destinations > Islands,1
"CruiseAway: Royal Caribbean Exclusive - Royal Beach Club Lelepa, Vanuatu | Milled",https://milled.com/cruiseaway-by-dreamlines-pty-ltd/royal-caribbean-exclusive-royal-beach-club-lelepa-vanuatu-LwS8HuVOOzR3BUoD,en,,200,74,0,24993,0,4,23,0,0,https://www.cruiseaway.com.au/cruise/south-pacific-from-brisbane-australia-with-the-voyager-of-the-seas-18797419?allInclusive=false&filterParams%5BcabinKind%5D%5B0%5D=19&selectedSail=18797491,,New Years in Lelepa,,,,text,false,true,true,false,false,false,true,,,pagefound,2026-04-15 06:00:58,2026-04-15 06:00:58,,,,,1
"Today: ST PETER PORT (Guernsey) Info (year 2011), Jan 25, 2012",https://www.interalex.net/2012/01/st-peter-port-guernsey-info-year-2011.html,en,,200,3.5,0,0,0,94,155,0,0,http://www.cruiseaway.com.au/cruise-port/st_peter_port_guernsey,,"St. Peter Port, Guernsey - Cruise Away - Cruises | Best Cheap ...",,,,text,false,false,false,false,false,false,true,,,linkrestored,2020-12-18 01:40:55,2026-04-23 01:33:52,,,Article > News,Travel > Tourist destinations > Islands; Entertainment > Events; Reference > Geographic reference,1
ketaki.co.in | few of top websites | page no. 363,https://www.ketaki.co.in/domain-list-363,en,,200,5,0,0,0,1056,2032,0,0,https://www.cruiseaway.com.au/,,cruiseaway.com.au,,"http://cruiseaway.com.au/, https://cruiseaway.com.au/","301, 301",text,false,true,true,false,false,false,true,,,linkrestored,2023-09-05 13:05:56,2026-04-12 16:44:22,,,Site page > About,Internet > Web services > Analytics,1
"Today: GORNA ORYAHOVITSA (Bulgaria) Info, Jul 22, 2012",https://www.interalex.net/2012/07/gorna-oryahovitsa-bulgaria-info-jul-22.html,en,,200,3.5,0,0,0,64,256,0,0,http://www.cruiseaway.com.au/cruise-port/veliko-turnovo-bulgaria,,"Veliko Turnovo, Bulgaria - Cruise Away - Cruises | Best Cheap ...",,,,text,false,true,false,false,false,false,true,,,linkrestored,2020-08-26 08:32:37,2026-04-29 04:51:07,,,Article > News,Reference > Geographic reference; Entertainment; Travel > Tourist destinations,1
Icon Of The Seas Itinerary 2024 Schedule - Ava Teresita,https://dronaqjordan.pages.dev/bgwkiag-icon-of-the-seas-itinerary-2024-schedule-photos-nvndwdw/,en,wordpress,200,93,0,69078856,0,11,12,0,0,https://www.cruiseaway.com.au/,Source:,www.cruiseaway.com.au,,,,text,true,false,false,false,false,false,true,,,pagefound,2025-03-17 05:50:14,2026-04-04 21:35:45,,,,,1
❤️ URL Shared ❤️,https://sites.jake.eu/share/66851,en,,200,38,0,0,0,3698,4133,0,0,https://www.cruiseaway.com.au/,try this website,cruise-away.com.au,&nbsp,https://cruise-away.com.au/,301,text,true,true,true,false,false,false,true,,,linkfound,2026-04-19 21:03:21,2026-04-19 21:03:21,,,Listing collection > Business,Internet > Web services > Other; Communities; Reference; Business,2
Eurekster,https://p.eurekster.com/?id=&apdiv=Submit&search=Bargain%20Cruise,en,,200,51,0,0,0,99,124,0,0,https://www.cruiseaway.com.au/cruiseline/celebrity-cruises,,https://www.cruiseaway.com.au/cruiseline/celebrity-cruises,,,,text,false,false,false,false,false,false,true,,,linkfound,2026-03-14 10:33:30,2026-03-14 10:33:30,,,Listing collection > Location,Travel > Tourist destinations > Other,4
,http://papasearch.net/Acadia_National_Park/AcadiaNationalPark8.html,en,,200,16,0,0,0,1623,5559,0,0,https://www.cruiseaway.com.au/cruises/canada-usa-east-coast,,Canada & USA East Coast Cruises | Save with CruiseAway,,,,text,true,true,false,false,false,false,true,,,linkrestored,2022-09-23 02:39:58,2026-04-29 06:36:10,,,Article > Story,Travel > Tourist destinations > Gardens; Leisure > Outdoors > Camping; Science,1
How Data Science and AI Are the Transforming Marketing Research | Top Up Directory,https://topupdirectory.com/how-data-science-and-ai-are-the-transforming-marketing-research/,en,wordpress,200,23,0,0,28,3510,4763,0,0,https://www.cruiseaway.com.au/,,cruiseaway,,https://cruiseaway.com.au/,301,text,true,true,false,false,false,true,true,,,pagefound,2024-12-14 00:53:23,2026-04-21 08:47:35,,,Article > Insights,Business > Marketing > Marketing; Internet > Web services; Science,1
"Save on travel adventures at Click Frenzy's big event for 2025 | Western Advocate | Bathurst, NSW",https://www.westernadvocate.com.au/story/9043916/save-on-travel-adventures-at-click-frenzys-big-event-for-2025/,en,,200,56,0,9343,0,33,48,0,0,https://www.cruiseaway.com.au/cruise-deals,,Cruiseaway,- $400 onboard credit and reduced deposits on cruises,,,text,false,true,false,false,false,false,true,,,pagefound,2025-08-28 01:45:16,2026-05-05 14:52:18,,,,,1
Mamie Till: The Mother Who Sparked a Movement – skylinkseo.site,https://skylinkseo.site/mamie-till-the-mother-who-sparked-a-movement/,en,wordpress,200,28,0,0,0,2802,3686,0,0,https://www.cruiseaway.com.au/,dreamlineconstructioninc.com dreamlines.com,dreamlines.com.au,dreamlines.de dreamlivingrealty.com,https://dreamlines.com.au/,301,text,true,true,true,false,false,false,true,,,pagefound,2025-10-20 06:35:55,2026-05-01 22:12:30,,,,,1
Most Visited website list 1976 | World Website Directory,https://worldwebsitesdirectory.com/most-visited-website-list-1976/,en,wordpress,200,55,0,0,0,5393,7157,0,0,https://www.cruiseaway.com.au/,,cruiseaway.com.au,,https://cruiseaway.com.au/,301,text,true,false,false,false,false,false,true,,,pagefound,2025-12-28 01:07:08,2026-05-09 04:10:32,,,Listing collection > Business,Internet > Web services > Development; Business > Business services; Reference > Listings,1
Directory website list 1976 | Authority Pro Directory,https://authorityprodirectory.com/directory-website-list-1976/,en,wordpress,200,16,0,0,0,5395,7160,0,0,https://www.cruiseaway.com.au/,,cruiseaway.com.au,,https://cruiseaway.com.au/,301,text,true,false,false,false,false,false,true,,,pagefound,2025-10-03 13:27:13,2026-05-06 00:16:43,,,Listing collection > Business,Business > Business services > Consulting; Reference > Listings > Business,1
Most Visited website list 1976 | Sure Profits Coach,https://sureprofitscoach.com/most-visited-website-list-1976/,en,wordpress,200,50,0,0,0,5393,7157,0,0,https://www.cruiseaway.com.au/,,cruiseaway.com.au,,https://cruiseaway.com.au/,301,text,true,false,false,false,false,false,true,,,linkrestored,2025-10-03 18:47:18,2026-05-10 00:29:51,,,Listing collection > Business,Business > Business services > Consulting; Internet > Web services > Analytics,1
Directory website list 94 | SEO Elite Directory,https://seoelitedirectory.com/directory-website-list-94/,en,wordpress,404,14,0,0,0,4999,5926,0,0,https://www.cruiseaway.com.au/,,cruiseaway,,https://cruiseaway.com.au/,301,text,true,false,false,false,false,false,true,notfound,,pagefound,2025-09-29 11:41:12,2025-12-02 21:24:41,2026-04-12 05:48:21,,,,2
Most Visited website list 94 | Website World Directory,https://websiteworlddirectory.com/most-visited-website-list-94/,en,wordpress,200,55,0,0,0,5381,7212,0,0,https://www.cruiseaway.com.au/,,cruiseaway,,https://cruiseaway.com.au/,301,text,true,false,false,false,false,false,true,,,pagefound,2025-12-11 19:13:36,2026-05-05 06:02:16,,,Listing collection > Business,Internet > Web services > Development; Business > Business services; Reference > Listings > Business,2
"Save on travel adventures at Click Frenzy's big event for 2025 | South Coast Register | Nowra, NSW",https://www.southcoastregister.com.au/story/9043916/save-on-travel-adventures-at-click-frenzys-big-event-for-2025/,en,,200,55,0,3727,0,27,43,0,0,https://www.cruiseaway.com.au/cruise-deals,,Cruiseaway,- $400 onboard credit and reduced deposits on cruises,,,text,false,true,false,false,false,false,true,,,pagefound,2025-08-28 22:49:59,2026-04-12 19:52:10,,,,,1
Most Visited website list 1977 | World Zone Directory,https://worldzonedirectory.com/most-visited-website-list-1977/,en,wordpress,200,55,0,0,0,5403,7156,0,0,https://www.cruiseaway.com.au/,,dreamlines.com.au,,https://dreamlines.com.au/,301,text,true,false,false,false,false,false,true,,,pagefound,2025-09-30 04:45:41,2026-05-11 06:19:19,,,Listing collection > Business,Internet > Web services > Development; Business > Business services > Consulting; Reference > Listings,1
"I Started With Less Than Ten Permanent Backlinks on My Site, But After Two Months of SEOExpress.org's Services, I Have Over Two Hundred High-Quality Links Ranking Me at the Top of Major Google Searches for Key Products. It’s affordable SEO that pays off big time! 🌟🔥 — SEO Express Site",https://seoexpress.site/i-started-with-less-than-ten-permanent-backlinks-on-my-site-and-now-after-two-months-of-seoexpress-com-services-I-have-over-two-hundred-high-quality-links-ranking-me-on-top-of-major-google,en,,200,29,0,0,36,5186,8742,0,0,https://www.cruiseaway.com.au/,,I used to think SEO meant pricey consultants until I discovered SEOExpress.org while searching online for help with dreamlines.cn. Their budget-friendly packages delivered results fast: organic traffic more than tripled from under 200 visits/month after only two months! The combination of guest blogging and PBN links worked wonders—I recommend them wholeheartedly 🌟,,https://dreamlines.cn/,301,text,true,false,true,false,false,false,true,,,linkfound,2026-05-09 23:57:25,2026-05-09 23:57:25,,,Article > Story,Internet > Web services > SEO and marketing; Business > Marketing > Marketing,1
Discover the Beauty of Tasmania on a 12 Night Cruise from Sydney,http://blogs.adsiduous.com/discover-the-beauty-of-tasmania-on-a-12-night-cruise-from-sydney/,en,,200,6,0,12,0,5,12,0,0,https://www.cruiseaway.com.au/cruises-from-sydney-to-tasmania-2026,,https://www.cruiseaway.com.au/cruises-from-sydney-to-tasmania-2026,,,,text,true,true,false,false,false,false,true,,,linkfound,2026-04-17 14:17:26,2026-04-17 14:17:26,,Sydney Blunt,,,1
,http://papasearch.net/ClaudeMonet19.html,en,,200,16,0,0,0,1559,5104,0,0,https://www.cruiseaway.com.au/ship/msc-poesia,MSC Poesia - Cruiseaway,https://www.cruiseaway.com.au/ship/msc-poesia,The MSC Poesia cruise ship introduces a ... You're sure,,,text,true,true,false,false,false,false,true,,,linkrestored,2020-01-31 04:53:46,2026-04-29 03:00:27,,,Listing collection > Product,Entertainment > Design > Painting,1
Directory website list 94 | Tumblr Directory,https://tumblrdirectory.com/directory-website-list-94/,en,wordpress,404,14,0,0,0,4998,5927,0,0,https://www.cruiseaway.com.au/,,cruiseaway,,https://cruiseaway.com.au/,301,text,true,false,false,false,false,false,true,notfound,,pagefound,2025-09-26 12:39:08,2025-11-16 07:44:53,2026-04-11 18:44:00,,,,2
website list 94 | Yelp Directory,https://yelpdirectory.com/website-list-94/,en,wordpress,0,11,0,0,0,5242,6959,0,0,https://www.cruiseaway.com.au/,,cruiseaway,,https://cruiseaway.com.au/,301,text,true,false,false,false,false,false,true,,tooold,linkrestored,2025-06-12 16:05:13,2025-08-08 10:00:58,2026-04-20 18:04:31,,,,1
Directory website list 1976 | Link building directory,https://linkbuildingdirectory.com/directory-website-list-1976/,en,wordpress,404,14,0,0,0,5368,7159,0,0,https://www.cruiseaway.com.au/,,cruiseaway.com.au,,https://cruiseaway.com.au/,301,text,true,false,false,false,false,false,true,notfound,,pagefound,2025-09-30 18:08:17,2025-10-17 06:29:55,2026-04-17 03:20:42,,,,1
"Today: UMMANZ ISLAND (Germany) Info, Feb 27, 2013",https://www.interalex.net/2013/02/ummanz-island-germany-info-feb-27-2013.html,en,,200,3.5,0,0,0,88,160,0,0,http://www.cruiseaway.com.au/cruise-port/isle_rugen_germany,,"Isle of Rugen, Germany - Cruise Away - Cruises | Best Cheap ...",,,,text,false,true,false,false,false,false,true,,,linkrestored,2020-09-01 08:11:57,2026-04-24 09:57:33,,,Article > News,Travel > Tourist destinations > Islands; Entertainment > Music; Reference,1
"Save on travel adventures at Click Frenzy's big event for 2025 | Blue Mountains Gazette | Katoomba, NSW",https://www.bluemountainsgazette.com.au/story/9043916/save-on-travel-adventures-at-click-frenzys-big-event-for-2025/,en,,200,61,0,2570,0,22,37,0,0,https://www.cruiseaway.com.au/cruise-deals,,Cruiseaway,- $400 onboard credit and reduced deposits on cruises,,,text,false,true,false,false,false,false,true,,,pagefound,2025-08-28 02:33:07,2026-05-08 13:36:11,,,,,1
"CruiseAway: Boutique Voyages, Extraordinary Worlds | Milled",https://milled.com/cruiseaway-by-dreamlines-pty-ltd/boutique-voyages-extraordinary-worlds-vwtlLVXjuO10nZwI,en,,200,74,0,24993,0,4,29,0,0,https://www.cruiseaway.com.au/cruise/rio-south-america-antarctica-bora-bora-french-polynesia-more-18530291?allInclusive=false&selectedSail=18421261,,"Rio, South America, Antarctica, Bora Bora - French Polynesia & More",,,,text,false,true,true,false,false,false,true,,,pagefound,2026-05-09 02:16:35,2026-05-09 02:16:35,,,,,1
"CruiseAway: Sail Smarter, Relax Better 🛳️✨ — Exclusive Cruise Collection | Milled",https://milled.com/cruiseaway-by-dreamlines-pty-ltd/sail-smarter-relax-better-exclusive-cruise-collection-vgfVB6mlvVQ4m06T,en,,200,74,0,24993,0,4,23,0,0,https://www.cruiseaway.com.au/cruise/australia-from-sydney-australia-with-the-celebrity-edge-16805339?allInclusive=false&filterParams%5BcabinKind%5D%5B0%5D=19&selectedSail=17803338,,Australia Coastal Wine,,,,text,false,true,true,false,false,false,true,,,pagefound,2026-04-15 04:19:41,2026-04-15 04:19:41,,,,,1
Explore Australia's Stunning Coastline: A 9 Day Brisbane to Cairns Cruise Adventure,http://blogs.adsiduous.com/explore-australias-stunning-coastline-a-9-day-brisbane-to-cairns-cruise-adventure/,en,,200,6,0,12,0,7,17,0,0,https://www.cruiseaway.com.au/cruise-from-brisbane-to-cairns,,https://www.cruiseaway.com.au/cruise-from-brisbane-to-cairns,,,,text,true,true,false,false,false,false,true,,,pagefound,2026-05-10 09:50:04,2026-05-10 09:50:04,,Sydney Blunt,,,1
Most Visited website list 1976 | Website Post Directory,https://webpostdirectory.com/most-visited-website-list-1976/,en,wordpress,200,21,0,0,0,5395,7161,0,0,https://www.cruiseaway.com.au/,,cruiseaway.com.au,,https://cruiseaway.com.au/,301,text,true,false,false,false,false,false,true,,,pagefound,2025-09-29 16:42:09,2026-05-06 22:19:14,,,Listing collection > Business,Internet > Web services > Development; Business > Business services; Reference; News,1
SEO Tips for Small Businesses – Apply These and Your Online Business Will Soar! – ZLUTAG,https://zlutag.com/seo-tips-for-small-businesses-apply-these-and-your-online-business-will-soar/,en,wordpress,200,30,0,0,2,5382,7229,0,0,https://www.cruiseaway.com.au/,,cruiseaway,,https://cruiseaway.com.au/,301,text,true,false,false,false,false,false,true,,,pagefound,2026-02-26 05:33:20,2026-05-05 14:21:01,,,Article > How-to,Internet > Web services > SEO and marketing; Business > Small business > Business formation,1
Directory website list 1976 – Business Growth 953 | Prime company Directory,https://primecompanydirectory.com/directory-website-list-1976-business-growth-953/,en,wordpress,200,0.1,0,0,0,5392,7154,0,0,https://www.cruiseaway.com.au/,,cruiseaway.com.au,,https://cruiseaway.com.au/,301,text,true,false,false,false,false,false,true,,,pagefound,2026-01-04 02:45:32,2026-04-28 04:28:41,,,Listing collection > Business,Business > Business services > Consulting,1
"Cruiseaway.com.au - анализ сайта, seo характеристики сайта - круисеаваы точка ком точка ау",https://prlog.ru/analysis/cruiseaway.com.au,,,200,51,0,91,0,44,251,0,0,https://www.cruiseaway.com.au/cruises/new-zealand,,cruiseaway.com.au/cruises/new-zealand,,https://cruiseaway.com.au/cruises/new-zealand,301,text,false,true,true,false,false,false,true,,,linkrestored,2019-07-22 20:05:01,2026-05-07 18:56:13,,,,,1
"CruiseAway: Black Friday Alert: Balcony Bonanza 20nts from $4,999pp! | Milled",https://milled.com/cruiseaway-by-dreamlines-pty-ltd/black-friday-alert-balcony-bonanza-20nts-from-4-999pp-bu8HgWl0ae2Gwylm,en,,200,74,0,24993,0,3,3,0,0,https://www.cruiseaway.com.au/,,"South Pacific from Sydney, Australia with the Celebrity Solstice",,,,text,false,false,true,false,false,false,true,,,linkfound,2026-04-09 12:17:36,2026-04-09 12:17:36,,,,,1
CruiseAway: 🚢 Set Sail with Carnival – Exclusive Offers + Massive Savings Inside! | Milled,https://milled.com/cruiseaway-by-dreamlines-pty-ltd/set-sail-with-carnival-exclusive-offers-massive-savings-inside-IdkjXtBfU8i8Kc7R,en,,200,74,0,24993,0,4,27,0,0,https://www.cruiseaway.com.au/search-results?filterParams%5Bcompany%5D%5B0%5D=94031&filterParams%5BinclFlight%5D=true&sortString=ab_test_1,,Carnival packages,,,,image,false,true,true,false,false,false,true,,,pagefound,2026-05-10 03:07:10,2026-05-10 03:07:10,,,,,1
love.net.in | few of top websites | page no. 363,https://www.anganwadi.in/domain-list-363,en,,200,3.4,0,0,0,1082,2088,0,0,https://www.cruiseaway.com.au/,,cruiseaway.com.au,,"http://cruiseaway.com.au/, https://cruiseaway.com.au/","301, 301",text,true,true,true,false,false,false,true,,,pagefound,2026-03-24 11:33:23,2026-04-28 23:58:31,,,Site page > About,Internet > Web services > Analytics; Adult,1
Most Visited website list 1928 | Post Directory,https://postsdirectory.com/most-visited-website-list-1928/,en,wordpress,200,55,0,0,0,5399,6258,0,0,https://www.cruiseaway.com.au/,,cruiseaway,,https://cruiseaway.com.au/,301,text,true,false,false,false,false,false,true,,,pagefound,2025-09-08 20:47:11,2026-05-06 20:37:26,,,Listing collection > Business,Business > Business services; Internet > Web services > Development; Reference > Listings > Business; News; Society,2
"CruiseAway: Sail Smarter, Relax Better 🛳️✨ — Exclusive Cruise Collection | Milled",https://milled.com/cruiseaway-by-dreamlines-pty-ltd/sail-smarter-relax-better-exclusive-cruise-collection-vgfVB6mlvVQ4m06T,en,,200,74,0,24993,0,4,23,0,0,https://www.cruiseaway.com.au/cruise/australia-from-brisbane-australia-with-the-voyager-of-the-seas-18797394?allInclusive=false&filterParams%5BcabinKind%5D%5B0%5D=19&selectedSail=18797395,,Chasing Sun and Sea,,,,text,false,true,true,false,false,false,true,,,pagefound,2026-04-15 04:19:41,2026-04-15 04:19:41,,,,,1
How To Become A Boat Captain - Appearancetrain,https://appearancetrain.davidhallyday.net/how-to-become-a-boat-captain.html,en,,200,12,0,0,2,18,21,0,0,https://www.cruiseaway.com.au/wp-blog/uploads/2017/03/22180631/shutterstock_33848395-680x1024.jpg,,What It Really Takes To Become A Cruise Ship Captain,,,,image,false,false,false,false,false,true,true,,,pagefound,2024-02-13 09:31:39,2026-04-05 11:12:11,,,Article > How-to,Jobs and education > Education > Continuing education,1
New Year's Eve Cruises | Best Deals Packages | CruiseAway - Information - #7803251,http://www.secretsearchenginelabs.com/information/7803251-New-Year---x27-s-Eve-Cruises---Best-Deals,en,,200,44,0,218,0,3,5,0,0,https://www.cruiseaway.com.au/new-years-eve-cruises,Visit,New Year's Eve Cruises | Best Deals Packages | CruiseAway,(https://www.cruiseaway.com.au/new-years-eve-cruises),,,text,false,true,true,false,false,false,true,,,pagefound,2025-07-17 17:39:34,2026-03-20 01:21:42,,Simon Byholm,,,1
Most Visited website list 1976 | Seo Websites Directory.com,https://seowebsitesdirectory.com/most-visited-website-list-1976/,en,wordpress,200,16,0,0,0,5395,7161,0,0,https://www.cruiseaway.com.au/,,cruiseaway.com.au,,https://cruiseaway.com.au/,301,text,true,false,false,false,false,false,true,,,pagefound,2025-10-03 16:21:26,2026-05-08 14:27:13,,,Listing collection > Business,Internet > Web services > SEO and marketing; Business > Business services > Consulting,1
"New Zealand is open for travel and luckily, it’s still affordable | Southern Cross | Junee, NSW",https://www.juneesoutherncross.com.au/story/7910925/new-zealand-is-open-for-travel-and-luckily-its-still-affordable/,en,,200,31,0,3519,0,25,32,0,0,https://www.cruiseaway.com.au/cruise/journey-from-melbourne-with-the-queen-elizabeth-queen-elizabeth-15235953,,Get the deal here,,,,text,false,false,false,false,false,false,true,,,pagefound,2026-04-13 01:42:51,2026-05-08 12:25:44,,,,,2
Today: LAU ISLANDS (Fiji Islands) Info,https://www.interalex.net/2011/01/lau-islands-fiji-islands-info.html,en,,200,3.5,0,0,0,104,257,0,0,http://www.cruiseaway.com.au/cruise-port/ono-i-lau_island_southern_lau_group_fiji,,"Ono-i-Lau Island, Southern Lau Group, Fiji - Cruise Away",,,,text,false,false,false,false,false,false,true,,,linkrestored,2020-08-30 01:45:22,2026-04-18 23:02:11,,,Article > News,Travel > Tourist destinations > Islands; News > Local news,2
"CruiseAway: ✨Monday Madness ⚡ Low Deposits, Huge Savings & Much more | Milled",https://milled.com/cruiseaway-by-dreamlines-pty-ltd/monday-madness-low-deposits-huge-savings-and-much-more-BqoON0QqliQhWzVA,en,,200,74,0,24993,0,5,27,0,0,https://www.cruiseaway.com.au/cruise/street-food-sunsets-getaway-18784660?filterParams%5BcabinKind%5D%5B0%5D=19&selectedSail=18152443,,Street Food & Sunsets Getaway,,,,text,false,true,true,false,false,false,true,,,linkfound,2026-04-15 04:19:53,2026-04-15 04:19:53,,,,,2
,http://papasearch.net/ClaudeMonet21.html,en,,200,16,0,0,0,1723,5290,0,0,https://www.cruiseaway.com.au/ship/quantum-of-the-seas,Quantum of the Seas - Cruiseaway,https://www.cruiseaway.com.au/ship/quantum-of-the-seas,Quantum of the Seas was the first ship launched in,,,text,true,true,false,false,false,false,true,,,linkrestored,2020-01-23 21:44:59,2026-04-29 03:00:06,,,Listing collection > Event,Society > Social sciences > Other; Entertainment > Other; Reference > Humanities; Books,1
"Today: BASSETERRE (Saint Kitts and Nevis) Info, Jan 11, 2012",https://www.interalex.net/2012/01/basseterre-saint-kitts-and-nevis-info.html,en,,200,3.5,0,0,0,97,169,0,0,http://www.cruiseaway.com.au/cruise-port/basseterre_st_kitts_nevis,,"Basseterre, St Kitts &amp; Nevis - Cruise Away",,,,text,false,true,false,false,false,false,true,,,linkrestored,2020-12-17 07:47:53,2026-04-22 17:11:04,,,Article > News,News > Local news; Entertainment; Society; Reference > Geographic reference,2
"TELEGRAM t.me/seo_anomaly : SEO BACKLINKS, CROSS-LINKS, TRAFFIC BOOST, LINK INDEXING : GAGAN jewelry",https://gagan.tokyo/telegram-t-me-seo-anomaly-seo-backlinks-cross-30-2/,"en, ja",wordpress,200,28,0,0,1,1433,2268,0,0,https://www.cruiseaway.com.au/cruise-lines,,"SEO BACKLINKS, CROSS-LINKS, TRAFFIC BOOST, LINK INDEXING – TELEGRAM @SEO_ANOMALY",,https://www.cruiseaway.com.au/cruiseline/po-cruises,301,text,true,false,true,false,false,true,true,,,linkfound,2025-04-07 13:42:55,2025-12-28 14:04:54,,,Article > Guide,Internet > Web services > SEO and marketing; Business > Marketing > Marketing,2
"I Started With Less Than Ten Permanent Backlinks on My Site, But After Two Months of SEOExpress.org's Services, I Have Over Two Hundred High-Quality Links Ranking Me at the Top of Major Google Searches for Key Products. It’s affordable SEO that pays off big time! 🌟🔥 — Guest Post",https://theguestpost.shop/i-started-with-less-than-ten-permanent-backlinks-on-my-site-and-now-after-two-months-of-seoexpress-com-services-I-have-over-two-hundred-high-quality-links-ranking-me-on-top-of-major-google,en,,200,29,0,0,36,5186,8751,0,0,https://www.cruiseaway.com.au/,,I used to think SEO meant pricey consultants until I discovered SEOExpress.org while searching online for help with dreamlines.cn. Their budget-friendly packages delivered results fast: organic traffic more than tripled from under 200 visits/month after only two months! The combination of guest blogging and PBN links worked wonders—I recommend them wholeheartedly 🌟,,https://dreamlines.cn/,301,text,true,false,true,false,false,false,true,,,linkfound,2026-05-04 06:54:40,2026-05-04 06:54:40,,,Article > Story,Internet > Web services > SEO and marketing; Business > Marketing > Marketing,1
Directory website list 1977 – Online Success 728 | Usa Seo Directory,https://usaseodirectory.com/directory-website-list-1977-online-success-728/,en,wordpress,200,11,0,0,0,5398,7123,0,0,https://www.cruiseaway.com.au/,,dreamlines.com.au,,https://dreamlines.com.au/,301,text,true,false,false,false,false,false,true,,,pagefound,2025-10-03 00:09:34,2026-05-06 18:28:56,,,Listing collection > Business,Business > Business services > Consulting; Internet > Web services > SEO and marketing,1
"CruiseAway: Friday Fare Frenzy ⚡ Save up to $2,800pp | Milled",https://milled.com/cruiseaway-by-dreamlines-pty-ltd/friday-fare-frenzy-save-up-to-2-800pp-KqpTGkMgVpjMoMQw,en,,200,74,0,24993,0,5,20,0,0,https://www.cruiseaway.com.au/cruise/japan-from-tokyo-japan-with-the-carnival-luminosa-18653249,,"Japan from Tokyo, Japan with the Carnival Luminosa",,,,text,false,true,true,false,false,false,true,,,pagefound,2026-04-18 05:50:35,2026-04-18 05:50:35,,,,,1
Gratuity,https://a.osmarks.net/content/wikipedia_en_all_maxi_2020-08/A/Gratuity,,,200,32,0,6074,0,91,145,0,0,https://www.cruiseaway.com.au/blog/service-tips/gratuities/,,"""Overview: Cruise line tipping (infographic) – Cruiseaway.com.au Blog""",. 2016-09-14,,,text,false,false,false,false,false,false,true,,,pagefound,2023-07-04 02:23:27,2025-12-14 17:26:42,,,Article > Wiki,Society > Advocacy > Labor issues; Food > Restaurants > Other; Reference,1
"Running My Small Business, I've Always Known How Critical SEO Is but Customizing Keywords Made Me Feel Intimidated Until Researching SEOExpress.org. This Exceptional Team Helped Negotiate Top Keywords for My Niche Resulting in Visible Traffic Growth of Two Hundred Fifty Percent Plus Real Conversions Started Happening—It's Truly Remarkable! ★★★★★ 🌟 — High Rank SEO",https://thehighrankseo.shop/running-my-small-business-have-always-known-how-critical-seo-is-but-customizing-keywords-made-me-feel-intimidated-until-researching-seoexpress-an-exceptional-team-helped-negotiate-top,en,,200,28,0,0,36,5233,8704,0,0,https://www.cruiseaway.com.au/,,There was a time when cruiseaway.com.au didn't attract any attention at all—it was disheartening! Then came along SEOExpress.org's outstanding guest posting services: overnight it seemed my authority grew tremendously as well as my visitor count shot through the roof by an astonishing +280%! That kind of result is hard not to love; go check out what they offer 🌟,,https://cruiseaway.com.au/,301,text,true,false,true,false,false,false,true,,,linkfound,2026-05-07 11:38:08,2026-05-07 11:38:08,,,Article > Story,Internet > Web services > SEO and marketing; Business > Small business > Business formation,1
Cruiseaway.com.au - Ervaringen en beoordelingen,https://www.webwiki.nl/cruiseaway.com.au,nl,,301,62,0,48,0,3,4,0,0,https://www.cruiseaway.com.au/blog/,999. De blog van Cruiseaway.com.au bevindt zich op: https://www.cruiseaway.com.au/blog/ -,Bezoek de blogpagina,,,,text,false,true,true,false,false,false,true,pageredirected,,pagefound,2026-02-12 06:16:48,2026-02-12 06:16:48,2026-04-14 17:51:50,,,,1
Which Cruise Lines Visit Glacier Bay Alaska?,https://luke.lol/search/?q=which+cruise+lines+visit+glacier+bay+alaska%3F,en,,200,47,0,0,0,18,150,0,0,https://www.cruiseaway.com.au/cruises/north-america/glacier-bay,,Cruises to Glacier Bay in Alaska 2025-2026 Save up to -17% | CruiseAway,,,,text,false,false,false,false,false,false,true,,,pagefound,2025-11-14 14:25:10,2026-04-14 18:07:06,,,,,2
CruiseAway: Sail Princess from just $49pp Deposit - Exclusive to us! | Milled,https://milled.com/cruiseaway-by-dreamlines-pty-ltd/sail-princess-from-just-49pp-deposit-exclusive-to-us-2VYWszpP3x2i_sJ6,en,,200,74,0,24993,0,4,32,0,0,https://www.cruiseaway.com.au/cruises/australia,,website,,,,text,false,true,true,false,false,false,true,,,linkfound,2026-05-10 07:24:10,2026-05-10 07:24:10,,,,,2
Cruiseaway — Bear Rank 31/100 | Directory Bear,https://dirbear.com/w/be/cruiseaway.com.au/,en,,200,19,0,1,0,2,3,0,0,https://www.cruiseaway.com.au/,,Visit Website →,,https://cruiseaway.com.au/,301,text,false,false,true,false,false,false,true,,,pagefound,2026-05-06 17:17:55,2026-05-06 17:17:55,,,,,1
"Cruiseaway.com.au - анализ сайта, seo характеристики сайта - круисеаваы точка ком точка ау",https://prlog.ru/analysis/cruiseaway.com.au,,,200,51,0,91,0,44,251,0,0,https://www.cruiseaway.com.au/cruise-departures-by-month,,cruiseaway.com.au/cruise-departures-by-month,,https://cruiseaway.com.au/cruise-departures-by-month,301,text,false,true,true,false,false,false,true,,,linkrestored,2019-07-22 20:05:01,2026-05-07 18:56:13,,,,,1
Australian Marketing Trends to the Watch in 2024 – AdNews | Sbyme,https://sbyme.com/australian-marketing-trends-to-the-watch-in-2024-adnews/,en,wordpress,200,18,0,0,15,2326,3895,0,0,https://www.cruiseaway.com.au/,,cruiseaway,,https://cruiseaway.com.au/,301,text,true,true,false,false,false,false,true,,,pagefound,2024-11-27 03:09:43,2026-04-21 02:31:11,,,Article > Insights,Business > Marketing > Marketing,2
Savvy not Stingy — Bio Sites,https://bio.site/savvynotstingy,en,,200,87,0,246453,0,13,19,0,1,https://www.cruiseaway.com.au/cruise/hawaiian-anthem-to-sydney-travelzoo-member-price-only-17576749?_its=JTdCJTIydmlkJTIyJTNBJTIyYzBkMTNhOWQtNGNjYy00MWQxLWJlNGMtYWVlMDIxZDBkOWY1JTIyJTJDJTIyc3RhdGUlMjIlM0ElMjJybHR%2BMTcxNTE0NzkwMX5sYW5kfjJfMjY3MjA3X3ZyZWZfNjM4MmE1ZjY5OGU2ODUwZTQwMGUzMmRjNjQ5ZTY3YTYlMjIlN0Q%3D,,20-night Fly/Stay/Cruise Hawaii to Sydney- $2999pp thumbnail 20-night Fly/Stay/Cruise Hawaii to Sydney- $2999pp 05,,,,image,false,true,false,false,false,false,true,,,pagefound,2025-01-22 20:27:51,2026-04-29 00:07:22,,,,,1
CruiseAway: ✨ More Included. More to Love. More to Save. | Milled,https://milled.com/cruiseaway-by-dreamlines-pty-ltd/more-included-more-to-love-more-to-save-bCH_oZT-8CiqR4A7,en,,200,74,0,24993,0,3,3,0,0,https://www.cruiseaway.com.au/,,"Mediterranean Sea from Rome (Civitavecchia), Italy with the Queen Victoria",,,,text,false,true,true,false,false,false,true,,,pagefound,2026-04-15 04:19:45,2026-04-15 04:19:45,,,,,1
Complete SEO package with PBN backlinks and dofollow backlinks and guest posts — manual work — google friendly fast ranking — Gambling included — Rankva.com 24/7 Support – Gambling included— Rankva.com 24/7 Support – White-Hat SEO Links—Fast Rankings — Google-Friendly,https://rankpilot.shop/5oerdm-ready-to-rank-fast-choose-your-plan-manual-work-google-friendly/,en,wordpress,200,12,0,0,0,8219,9519,0,0,https://www.cruiseaway.com.au/,,"dreamlines.com.au search growth — monthly SEO, PBN links, DR80+, DR/DA/TF, full SEO — gambling accepted. | Visit Rankva.com for any Query",,https://dreamlines.com.au/,301,text,true,false,true,false,false,false,true,,,pagefound,2025-10-09 01:49:24,2026-04-08 19:00:08,,,Listing > Service,Internet > Web services > SEO and marketing,1
$1999—16-nt cruise home from Singapore inc flight & stay | Travelzoo,https://www.travelzoo.com/au/cruises/-1999-16-nt-cruise-home-from-Singapore-inc-flight-stay-3247613/,en,,200,73,0,194488,0,3,6,0,0,https://www.cruiseaway.com.au/cruise/southern-passage-spirit-travelzoo-members-18070943?filterParams%5BcabinKind%5D%5B0%5D=20&selectedSail=18463673&hnlp=1,,NCL Singapore to Sydney sailing in 2028,. That's plenty of time to plan ahead. This route,,,text,false,true,false,false,false,false,true,,,linkfound,2026-04-13 22:10:33,2026-04-13 22:10:33,,,,,1
"Today: WEST FALKLAND (Falkland Islands) Info, Dec 28, 2011",https://www.interalex.net/2011/12/west-falkland-falkland-islands-info-dec.html,en,,200,3.5,0,0,0,96,186,0,0,http://www.cruiseaway.com.au/cruise-port/new-island-west-falkland-islands,,"New Island, West Falkland Islands - Cruise Away",,,,text,false,true,false,false,false,false,true,,,linkrestored,2020-12-18 02:55:32,2026-04-27 23:52:40,,,Article > Roundup,Travel > Tourist destinations > Islands,1
"CruiseAway: Exclusive, all-inclusive journey's with extraordinary added indulgences✨ – AZ-AZAMAZING EXCLUSIVES | Milled",https://milled.com/cruiseaway-by-dreamlines-pty-ltd/exclusive-all-inclusive-journeys-with-extraordinary-added-indulgences-az-peSN67W6Fo2qg3RF,en,,200,74,0,24993,0,5,21,0,0,https://www.cruiseaway.com.au/cruise/the-azamara-privilege-voyage-18797029?allInclusive=true&filterParams%5BcabinKind%5D%5B0%5D=19&selectedSail=17910467,,"11 November 2026 - 23 nights - From $8,999pp »",,,,text,false,true,true,false,false,false,true,,,linkfound,2026-04-15 06:01:05,2026-04-15 06:01:05,,,,,1
CruiseAway: ✨Incredible Ship – Incredible journey’s ✨ | Milled,https://milled.com/cruiseaway-by-dreamlines-pty-ltd/incredible-ship-incredible-journeys-taaOobV88LP2mPPZ,en,,200,74,0,24993,0,5,28,0,0,https://www.cruiseaway.com.au/cruise/australia-from-sydney-australia-with-the-norwegian-spirit-18578736?allInclusive=false&filterParams%5BcabinKind%5D%5B0%5D=19&selectedSail=18578737,,Australia - Melbourne & Burnie,,,,text,false,true,true,false,false,false,true,,,pagefound,2026-04-18 08:56:24,2026-04-18 08:56:24,,,,,2
CruiseAway: Asia is Calling 🌏✨ New for 2027/28 ✨ Singapore Season Just Released | Milled,https://milled.com/cruiseaway-by-dreamlines-pty-ltd/asia-is-calling-new-for-2027-28-singapore-season-just-released-cyh3tcStUaVQH7gi,en,,200,74,0,24993,0,5,25,0,0,https://www.cruiseaway.com.au/cruise/northern-explorer-18598165,,Northern Explorer,,,,text,false,true,true,false,false,false,true,,,linkfound,2026-04-18 04:11:43,2026-04-18 04:11:43,,,,,2
"Before Discovering SEOExpress.org, I Spent Years on Expensive Agencies That Didn't Deliver the Results Promised. Eventually, I Tried Their White-Hat Backlinks Service and In Just Eight Weeks, My Domain Authority Ramped Up from DA 15 to DA 48 and Leads Poured In at a Rate of Over One Hundred Per Month! Best Investment in SEO ★★★★★ 💎 — KMO Shops",https://kmoshops.shop/before-discovering-seoexpress-i-spent-years-on-expensive-agencies-that-didnt-deliver-the-results-promised-eventually-i-tried-their-white-hat-backlinks-service-and-in-only-eight-weeks-my,en,,200,28,0,0,36,5037,8496,0,0,https://www.cruiseaway.com.au/,,"I remember when cruise-away.com.au was buried on page 7, struggling to attract any visitors. After discovering SEOExpress.org and their affordable SEO packages, everything changed. Within just two months, my site jumped to page 1 and traffic skyrocketed from 150 to over 5,000 monthly visits! Investing in them felt like the best decision I ever made for my business 🌟",,https://cruise-away.com.au/,301,text,true,false,true,false,false,false,true,,,linkfound,2026-05-03 10:18:00,2026-05-03 10:18:00,,,Article > Story,Internet > Web services > SEO and marketing; Business > Marketing > Marketing,1
Most Visited website list 1928 | Super Hub Directory,https://superbhubdirectory.com/most-visited-website-list-1928/,en,wordpress,200,56,0,0,0,5401,6267,0,0,https://www.cruiseaway.com.au/,,cruiseaway,,https://cruiseaway.com.au/,301,text,true,false,false,false,false,false,true,,,pagefound,2025-12-19 23:46:22,2026-05-07 04:51:40,,,Listing collection > Business,Internet > Web services > Development; Business > Business services > Consulting; Reference > Listings > Business,2
CruiseAway: Grand Passage of Asia ✨ From $181pp Per Day | Milled,https://milled.com/cruiseaway-by-dreamlines-pty-ltd/grand-passage-of-asia-from-181pp-per-day-BDoDfYhe9zSZ7KMf,en,,200,74,0,24993,0,5,18,0,0,https://www.cruiseaway.com.au/cruise/a-grand-passage-of-asia-18792822?filterParams%5BcabinKind%5D%5B0%5D=19&selectedSail=18706357,,"7 February 2027 - 31 nights - From $5,599pp »",,,,text,false,true,true,false,false,false,true,,,linkfound,2026-04-15 04:19:55,2026-04-15 04:19:55,,,,,1
Experience the Adventure: 14-Day Cruise from Sydney to Auckland,http://blogs.adsiduous.com/experience-the-adventure-14-day-cruise-from-sydney-to-auckland/,en,,200,6,0,12,0,9,15,0,0,https://www.cruiseaway.com.au/cruise/new-zealand-from-sydney-australia-with-the-royal-princess-18603627,,CruiseAway 14-Night Royal Princess (AU site),,,,text,true,true,false,false,false,false,true,,,pagefound,2026-04-13 23:17:05,2026-04-24 00:12:04,,Sydney Blunt,,,1
5 Reasons To Go Cruising in Japan in 2018 | Travelzoo,https://www.travelzoo.com/au/blog/5-reasons-to-go-cruising-in-japan-in-2018/,en,,200,73,0,194488,0,4,6,0,0,https://www.cruiseaway.com.au/cruise-lines-specials/exclusive-diamond-princess-japan,The 2018 Japan season features18 different cruise itinerariesand each of,these cruises,visit a number of UNESCO World Cruise Heritage Sites across,,,text,false,true,false,false,false,false,true,,,linkrestored,2019-01-14 10:26:13,2026-04-07 05:29:51,,,,,1
north beach park port townsend,https://jenejey.com/e5dtf1ms/10512584a06049473c44509ad94a36e3f2,en,,200,0,0,0,0,29,58,0,0,https://www.cruiseaway.com.au/cruises/south-pacific,port sections to see the . The sweepstakes runs .,South Pacific Islands Cruises 2022 - 2023 | CruiseAway,Holland America Line Destinations Holland America Australia Destinations Explore the,,,text,false,true,false,false,false,false,true,,,pagefound,2025-12-13 19:01:13,2026-05-04 17:12:46,,,,,5
"Today: FAKARAVA, Tuamotus (French Polynesia) Christmas, Dec 22, 2011",https://www.interalex.net/2011/12/fakarava-tuamotus-french-polynesia.html,en,,200,3.5,0,0,0,78,157,0,0,http://www.cruiseaway.com.au/cruise/paul_gauguin_holiday_cruise_tahiti_society_tuamotus_ex_papeete_return,,"Paul Gauguin, Holiday Cruise Tahiti Society Is &amp; Tuamotus ...",,,,text,false,false,false,false,false,false,true,,,linkrestored,2020-12-18 02:11:09,2026-04-30 01:05:59,,,Article > Story,Travel > Tourist destinations > Islands; Entertainment > Design,1
Directory website list 1976 | Semrush Directory,https://semrushdirectory.com/directory-website-list-1976/,en,wordpress,200,20,0,0,0,5393,7163,0,0,https://www.cruiseaway.com.au/,,cruiseaway.com.au,,https://cruiseaway.com.au/,301,text,true,false,false,false,false,false,true,,,pagefound,2025-09-26 06:44:36,2026-05-09 15:16:14,,,Listing collection > Business,Business > Business services > Consulting; Reference > Listings > Business; Internet,1
Bouw grootste cruise-schip ooit begonnen / Nieuws | FOK.nl,https://frontpage.fok.nl/nieuws/149043/1/1/50/bouw-grootste-cruise-schip-ooit-begonnen.html,nl,,200,61,0,32587,0,13,18,0,0,http://www.cruiseaway.com.au/cruiselines/cunard_line_limited/ships/queen_mary_2.html,,bootje dus,,,,text,false,false,false,false,false,false,true,,,pagefound,2021-10-04 07:58:06,2026-05-08 14:57:48,,,,,1
"CruiseAway: Elevated Voyages, Exceptional Value 🛳️✨ | Milled",https://milled.com/cruiseaway-by-dreamlines-pty-ltd/elevated-voyages-exceptional-value-9XAsH-PuphDYITqc,en,,200,74,0,24993,0,4,25,0,0,https://www.cruiseaway.com.au/cruise/hawaii-tahiti-anthem-18182597,,Hawaii & Tahiti Anthem,,,,text,false,true,true,false,false,false,true,,,linkfound,2026-04-18 07:10:14,2026-04-18 07:10:14,,,,,1
"CruiseAway: ✨Monday Madness ⚡ Low Deposits, Huge Savings & Much more | Milled",https://milled.com/cruiseaway-by-dreamlines-pty-ltd/monday-madness-low-deposits-huge-savings-and-much-more-BqoON0QqliQhWzVA,en,,200,74,0,24993,0,5,27,0,0,https://www.cruiseaway.com.au/cruise/austral-elegance-australia-to-new-zealand-18759432?filterParams%5BcabinKind%5D%5B0%5D=19&selectedSail=17988568,,Christmas in Southeast Asia,,,,image,false,true,true,false,false,false,true,,,linkfound,2026-04-15 04:19:53,2026-04-15 04:19:53,,,,,2
Paid Advertising Vs Free Marketing | King Ranks,https://kingranks.com/paid-advertising-vs-free-marketing/,en,wordpress,200,55,0,0,0,2643,3520,0,0,https://www.cruiseaway.com.au/,,dreamlines.com.au,,https://dreamlines.com.au/,301,text,true,false,false,false,false,false,true,,,pagefound,2024-07-24 15:58:58,2026-05-08 15:36:29,,,,,2
,http://www.secretsearchenginelabs.com/find/australia%20with%20the,en,,200,44,0,218,0,4,12,0,0,https://www.cruiseaway.com.au/last-minute-cruises,,Last Minute Cruises from Australia | CruiseAway,,,,text,false,true,true,false,false,false,true,,,linkrestored,2025-05-22 20:49:10,2025-12-13 04:55:59,,Simon Byholm,,,4
Directory website list 1976 | Pro listing Directory,https://prolistingdirectory.com/directory-website-list-1976/,en,wordpress,404,13,0,0,0,5368,7150,0,0,https://www.cruiseaway.com.au/,,cruiseaway.com.au,,https://cruiseaway.com.au/,301,text,true,false,false,false,false,false,true,notfound,,pagefound,2025-09-27 03:55:45,2025-10-29 18:04:51,2026-04-17 02:26:46,,,,1
CruiseAway: Explore the World in Every Shade of Wonder ✨ The Royal Caribbean Signature Collection | Milled,https://milled.com/cruiseaway-by-dreamlines-pty-ltd/explore-the-world-in-every-shade-of-wonder-the-royal-caribbean-signature-RqHMhaSDOw7YPG4m,en,,200,74,0,24993,0,3,3,0,0,https://www.cruiseaway.com.au/,,"Transpacific from Brisbane, Australia with the Quantum of the Seas",,,,text,false,true,true,false,false,false,true,,,pagefound,2026-04-09 12:16:56,2026-04-09 12:16:56,,,,,2
"Today: MAÉWO Island (Vanuatu) Info, Dec 26, 2011",https://www.interalex.net/2011/12/maewo-island-vanuatu-info-dec-26-2011.html,en,,200,3.5,0,0,0,92,170,0,0,http://www.cruiseaway.com.au/cruise-port/maewo_island_vanuatu,,"Maewo Island, Vanuatu - Cruise Away",,,,text,false,true,false,false,false,false,true,,,linkrestored,2020-12-18 11:53:04,2026-04-28 03:17:39,,,Article > News,Travel > Tourist destinations > Islands; Reference,1
"CruiseAway: ✨Uncover the Wonders of Asia with Princess, Bullet Trains, Mt Fuji & much more🌊 | Milled",https://milled.com/cruiseaway-by-dreamlines-pty-ltd/uncover-the-wonders-of-asia-with-princess-bullet-trains-mt-fuji-and-much-more-GoyuJttRKnmcbF7T,en,"cms, message-boards, wikis",200,74,0,24993,0,5,32,0,0,https://www.cruiseaway.com.au/cruise/tikis-culture-kiwis-18184421,,"Tiki's, Culture & Kiwi's",,,,text,false,true,true,false,false,false,true,,,pagefound,2026-04-17 03:34:14,2026-04-17 03:34:14,,,,,1
"New Zealand is open for travel and luckily, it’s still affordable | The Inverell Times | Inverell, NSW",https://www.inverelltimes.com.au/story/7910925/new-zealand-is-open-for-travel-and-luckily-its-still-affordable/,en,,200,37,0,684,0,22,29,0,0,https://www.cruiseaway.com.au/cruise/journey-from-melbourne-with-the-queen-elizabeth-queen-elizabeth-15235953,,Get the deal here,,,,text,false,false,false,false,false,false,true,,,pagefound,2026-04-30 17:50:45,2026-05-10 17:49:52,,,,,2
"I Started With Less Than Ten Permanent Backlinks on My Site, But After Two Months of SEOExpress.org's Services, I Have Over Two Hundred High-Quality Links Ranking Me at the Top of Major Google Searches for Key Products. It’s affordable SEO that pays off big time! 🌟🔥 — High SEO",https://highseo.shop/i-started-with-less-than-ten-permanent-backlinks-on-my-site-and-now-after-two-months-of-seoexpress-com-services-I-have-over-two-hundred-high-quality-links-ranking-me-on-top-of-major-google,en,,200,28,0,0,35,5185,8786,0,0,https://www.cruiseaway.com.au/,,I used to think SEO meant pricey consultants until I discovered SEOExpress.org while searching online for help with dreamlines.cn. Their budget-friendly packages delivered results fast: organic traffic more than tripled from under 200 visits/month after only two months! The combination of guest blogging and PBN links worked wonders—I recommend them wholeheartedly 🌟,,https://dreamlines.cn/,301,text,false,false,true,false,false,false,true,,,pagefound,2026-04-27 02:55:04,2026-04-27 02:55:04,,,Article > Story,Internet > Web services > SEO and marketing; Business > Marketing > Marketing,1
"Today: PIANOSA ISLAND (Italy) Info, Dec 13, 2012",https://www.interalex.net/2012/12/pianosa-island-italy-info-dec-13-2012.html,en,,200,3.5,0,0,0,102,210,0,0,http://www.cruiseaway.com.au/cruise-port/elba_italy,,"Elba, Italy - Cruises | Best Cheap Cruises - Cruise Away",,,,text,false,true,false,false,false,false,true,,,linkrestored,2020-09-10 09:32:21,2026-05-04 01:24:47,,,Article > Roundup,Travel > Tourist destinations > Islands; Entertainment; Reference > Geographic reference > Maps,3
Eurekster,https://p.eurekster.com/?id=&apdiv=Submit&search=Regent%20Cruise,en,,200,51,0,0,0,100,119,0,0,https://www.cruiseaway.com.au/cruiseline/regent-seven-seas-cruises,,https://www.cruiseaway.com.au/cruiseline/regent-seven-seas-cruises,,,,text,false,false,false,false,false,false,true,,,pagefound,2022-12-27 06:19:59,2026-02-13 07:12:03,,,,,4
generalknowledge.net.in | few of top websites | page no. 350,https://www.generalknowledge.net.in/domain-list-350,en,,200,0,0,0,0,1077,2111,0,0,https://www.cruiseaway.com.au/,,cruiseaway.com.au,,"http://cruiseaway.com.au/, https://cruiseaway.com.au/","301, 301",text,true,true,true,false,false,false,true,,,linkfound,2026-03-10 07:27:23,2026-04-06 11:34:02,,,Site page > Services,Internet > Web services > Analytics; Reference > Listings > Business,1
"Today: CHICHI-JIMA Island (Ogasawara Islands, Japan) Info, Nov 13, 2013",https://www.interalex.net/2013/11/chichi-jima-island-japan-info-nov-13.html,en,,200,3.5,0,0,0,58,107,0,0,http://www.cruiseaway.com.au/cruise-port/chi-chi-jima-japan,,"Chi Chi Jima, Japan - Cruise Away",,,,text,false,true,false,false,false,false,true,,,linkrestored,2020-12-18 02:12:50,2026-04-15 23:41:53,,,Article > Wiki,Reference > Geographic reference > Maps; Travel > Tourist destinations > Islands,2
Most Visited website list 1977 | Guest Post Directory,https://guestpostwebdirectory.com/most-visited-website-list-1977/,en,wordpress,200,17,0,0,0,5396,7133,0,0,https://www.cruiseaway.com.au/,,dreamlines.com.au,,https://dreamlines.com.au/,301,text,true,false,false,false,false,false,true,,,pagefound,2025-12-14 22:22:40,2026-04-29 20:27:55,,,Listing collection > Business,Internet > Web services > Development; Business > Business services; Reference,1
"Running My Small Business, I've Always Known How Critical SEO Is but Customizing Keywords Made Me Feel Intimidated Until Researching SEOExpress.org. This Exceptional Team Helped Negotiate Top Keywords for My Niche Resulting in Visible Traffic Growth of Two Hundred Fifty Percent Plus Real Conversions Started Happening—It's Truly Remarkable! ★★★★★ 🌟 — 123 Web Shop",https://123webshop.shop/running-my-small-business-have-always-known-how-critical-seo-is-but-customizing-keywords-made-me-feel-intimidated-until-researching-seoexpress-an-exceptional-team-helped-negotiate-top,en,,200,29,0,0,36,5232,8742,0,0,https://www.cruiseaway.com.au/,,There was a time when cruiseaway.com.au didn't attract any attention at all—it was disheartening! Then came along SEOExpress.org's outstanding guest posting services: overnight it seemed my authority grew tremendously as well as my visitor count shot through the roof by an astonishing +280%! That kind of result is hard not to love; go check out what they offer 🌟,,https://cruiseaway.com.au/,301,text,true,false,true,false,false,false,true,,,pagefound,2026-04-29 08:13:59,2026-04-29 08:13:59,,,Article > Story,Internet > Web services > SEO and marketing; Business > Small business > Business formation,1
CruiseAway: Three Queens. One Legendary Journey. ✨ | Milled,https://milled.com/cruiseaway-by-dreamlines-pty-ltd/three-queens-one-legendary-journey-9p8butUtESvvmyAr,en,,200,74,0,24993,0,3,3,0,0,https://www.cruiseaway.com.au/,,"South East Asia from Perth (Fremantle), Australia with the Sapphire Princess",,,,text,false,true,true,false,false,false,true,,,linkfound,2026-04-15 04:19:40,2026-04-15 04:19:40,,,,,3
CruiseAway: 📣*REDUCED PRICES * EXCLUSIVES * LAST MINUTE DEALS * & MORE | Milled,https://milled.com/cruiseaway-by-dreamlines-pty-ltd/reduced-prices-exclusives-last-minute-deals-and-more-yTSjMmtrnbqpaBvq,en,,200,74,0,24993,0,6,23,0,0,https://www.cruiseaway.com.au/cruise/journey-with-virgin-voyages-from-sydney-17000915,,Journey with Virgin Voyages from Sydney,,,,text,false,true,true,false,false,false,true,,,pagefound,2025-01-22 19:58:08,2026-03-30 19:15:38,,,,,1
Mamie Till: The Mother Who Sparked a Movement – dltech.forum,https://dltech.forum/mamie-till-the-mother-who-sparked-a-movement/,en,wordpress,200,43,0,0,0,2808,3693,0,0,https://www.cruiseaway.com.au/,dreamlineconstructioninc.com dreamlines.com,dreamlines.com.au,dreamlines.de dreamlivingrealty.com,https://dreamlines.com.au/,301,text,true,true,true,false,false,false,true,,,linkfound,2026-04-29 11:25:16,2026-04-29 11:25:16,,,,,1
"Save on travel adventures at Click Frenzy's big event for 2025 | The North West Star | Mt Isa, QLD",https://www.northweststar.com.au/story/9043916/save-on-travel-adventures-at-click-frenzys-big-event-for-2025/,en,,200,57,0,8193,0,24,38,0,0,https://www.cruiseaway.com.au/cruise-deals,,Cruiseaway,- $400 onboard credit and reduced deposits on cruises,,,text,false,true,false,false,false,false,true,,,pagefound,2025-08-28 10:00:42,2026-05-09 08:10:12,,,,,1
Directory website list 1977 – Online Success 728 | Ahrefs links,https://ahrefs-links.com/directory-website-list-1977-online-success-728/,en,wordpress,200,14,0,0,0,5402,7145,0,0,https://www.cruiseaway.com.au/,,dreamlines.com.au,,https://dreamlines.com.au/,301,text,true,false,false,false,false,false,true,,,pagefound,2025-09-29 18:33:34,2026-05-10 11:39:22,,,Listing collection > Business,Business > Business services > Consulting; Internet > Web services > SEO and marketing,1
"CruiseAway: Elevated Voyages, Exceptional Value 🛳️✨ | Milled",https://milled.com/cruiseaway-by-dreamlines-pty-ltd/elevated-voyages-exceptional-value-9XAsH-PuphDYITqc,en,,200,74,0,24993,0,4,25,0,0,https://www.cruiseaway.com.au/cruise/new-zealand-from-sydney-australia-with-the-celebrity-edge-16429976?allInclusive=true&filterParams%5BcabinKind%5D%5B0%5D=19&selectedSail=17803448,,New Zealand Uncovered,,,,text,false,true,true,false,false,false,true,,,linkfound,2026-04-18 07:10:14,2026-04-18 07:10:14,,,,,1
"New Zealand is open for travel and luckily, it’s still affordable | Port Stephens Examiner | Nelson Bay, NSW",https://www.portstephensexaminer.com.au/story/7910925/new-zealand-is-open-for-travel-and-luckily-its-still-affordable/,en,,200,47,0,1090,0,25,32,0,0,https://www.cruiseaway.com.au/search-results,,Get the deal here,,"https://www.cruiseaway.com.au/cruise/journey-from-melbourne-with-the-queen-elizabeth-queen-elizabeth-15235953, https://www.cruiseaway.com.au/search-results, https://cruiseaway.com.au/search-results","307, 0, 301",text,false,false,false,false,false,false,true,,,linkfound,2026-04-21 04:26:12,2026-05-06 09:32:27,,,,,2
Most Visited website list 1976 | Guest Post Directory,https://guestpostsdirectory.com/most-visited-website-list-1976/,en,wordpress,200,18,0,0,0,5394,7156,0,0,https://www.cruiseaway.com.au/,,cruiseaway.com.au,,https://cruiseaway.com.au/,301,text,true,false,false,false,false,false,true,,,pagefound,2025-08-27 19:39:09,2026-04-27 23:14:44,,,Listing collection > Business,Business > Business services > Consulting; Travel > Accommodations; Internet > Web services,1
best10k.com | few of top websites | page no. 217,https://www.best10k.com/domain-list-217,en,,200,0,0,0,0,1079,1807,0,0,https://www.cruiseaway.com.au/,,cruiseaway.com.au,,"http://cruiseaway.com.au/, https://cruiseaway.com.au/","301, 301",text,false,true,true,false,false,false,true,,,pagefound,2025-12-22 22:09:00,2026-04-29 08:47:12,,,Listing collection > Business,Travel > Travel agencies > Other,1
"cruiseaway.com.au - Ranking, Emails and Technologies",https://www.findmassleads.com/websites/cruiseaway.com.au?h=88400248422828244,en,,200,33,0,73718,0,2,4,0,0,https://www.cruiseaway.com.au/,,cruiseaway.com.au,,https://cruiseaway.com.au/,301,text,true,true,false,false,false,false,true,,,linkrestored,2020-12-25 01:03:31,2026-04-20 09:04:06,,,,,1
Directory website list 1928 – Marketing Pro 95 | Business Listing Portal,https://businesslistingportal.com/directory-website-list-1928-marketing-pro-95/,en,wordpress,200,3.4,0,0,0,5394,6255,0,0,https://www.cruiseaway.com.au/,,cruiseaway,,https://cruiseaway.com.au/,301,text,true,false,false,false,false,false,true,,,pagefound,2025-12-16 03:30:59,2026-05-04 19:10:58,,,Listing collection > Business,Business > Business services > Consulting; Internet,2
"Today: NILANDHOO Island (Faafu Atoll, Maldives) Info, Jun 16, 2014",https://www.interalex.net/2014/06/nilandhoo-island-faafu-atoll-maldives.html,en,,200,3.5,0,0,0,58,148,0,0,http://www.cruiseaway.com.au/cruise-port/faafu-atoll-maldives,,Faafu Atoll (Maldives) - Cruise Away - Cruises | Best Cheap ...,www.cruiseaway.com.au/cruise-port/faafu-atoll-maldives Cached,,,text,false,true,false,false,false,false,true,,,linkrestored,2020-11-24 06:15:14,2026-04-29 02:00:32,,,Article > News,Travel > Tourist destinations > Islands; Reference > Geographic reference > Maps; Entertainment,1
Explore the Splendor of the South Pacific: Embark on an 8-Day Cruise From Brisbane,http://blogs.adsiduous.com/explore-the-splendor-of-the-south-pacific-embark-on-an-8-day-cruise-from-brisbane/,en,,200,6,0,12,0,7,15,0,0,https://www.cruiseaway.com.au/cruise/south-pacific-from-brisbane-australia-with-the-quantum-of-the-seas-16193242,,CruiseAway AU – 8 Nights South Pacific from Brisbane (Quantum of the Seas),,,,text,true,true,false,false,false,false,true,,,pagefound,2026-04-14 22:38:29,2026-04-25 16:44:33,,Sydney Blunt,,,1
Paid Advertising Vs Free Marketing | Webs Country,https://webscountry.com/paid-advertising-vs-free-marketing/,en,wordpress,200,57,0,0,0,2638,3508,0,0,https://www.cruiseaway.com.au/,,dreamlines.com.au,,https://dreamlines.com.au/,301,text,true,true,false,false,false,false,true,,,pagefound,2024-06-08 17:14:27,2026-05-03 06:59:25,,,,,1
Directory website list 1977 | Prime Solo directory,https://primesolodirectory.com/directory-website-list-1977/,en,wordpress,200,18,0,0,0,5398,7134,0,0,https://www.cruiseaway.com.au/,,dreamlines.com.au,,https://dreamlines.com.au/,301,text,true,false,false,false,false,false,true,,,pagefound,2025-10-02 06:55:01,2026-04-30 02:30:54,,,Listing collection > Business,Business > Business services > Consulting; Reference > Listings > Business; Internet > Web services,1
"Carnival Adventure Ship: Itineraries, Decks & Cabins Guide - Australia Press",https://australiapress.org/tech/carnival-adventure-ship-itineraries-decks-cabins/,en,wordpress,200,25,0,3,0,9,9,0,0,https://www.cruiseaway.com.au/ship/carnival-adventure/cabins-decks,", thetraveltemple.com.au , cruisepassenger.com.au ,",cruiseaway.com.au,", cruiseline.com , seascanner.com",,,text,false,false,true,false,false,false,true,,,pagefound,2026-04-29 12:39:36,2026-04-29 12:39:36,,Thomas Lucas Smith Wilson,,,1
cruiseaway is down or blocked? Check site cruiseaway.com.au online!,https://isdownorblocked.com/check/cruiseaway.com.au,en,,200,29,0,745,0,2,5,0,0,https://www.cruiseaway.com.au/,Site,cruiseaway,is now available!,"http://cruiseaway.com.au/, https://cruiseaway.com.au/","301, 301",image,true,true,false,false,false,false,true,,,pagefound,2025-12-30 13:05:24,2026-04-29 22:38:15,,,,,1
How a Done-For-You Accelerated Link Package Freed My Time While broke into top 3 for every target keyword for My Edtech Business — RankLinkX — Precision Backlinks for Brands That Play to Win.,https://ranklinkx.shop/vtlmyo6-90-day-serp-climb-healthtech-combination-6-link-services-page-position1/,en,,200,0,0,0,0,8305,9758,0,0,https://www.cruiseaway.com.au/,,Trusted Premium Guest Posts + High-Quality Dofollow Backlinks for cruiseaway.com.au — Majestic Trust Flow TF • Ahrefs Domain Rating DR • Moz Domain Authority DA Rising — Google Top Rankings Guaranteed,,https://cruiseaway.com.au/,301,text,false,false,true,false,false,false,true,,,linkfound,2026-05-10 02:52:35,2026-05-10 02:52:35,,,Article > Story,Internet > Web services > SEO and marketing; Business > Marketing > Marketing,1
"CruiseAway: Elevated Voyages, Exceptional Value 🛳️✨ | Milled",https://milled.com/cruiseaway-by-dreamlines-pty-ltd/elevated-voyages-exceptional-value-9XAsH-PuphDYITqc,en,,200,74,0,24993,0,4,25,0,0,https://www.cruiseaway.com.au/cruise/south-pacific-from-sydney-australia-with-the-celebrity-solstice-17913418?allInclusive=true&filterParams%5BcabinKind%5D%5B0%5D=19&selectedSail=17913419,,South Pacific Escape from Sydney,,,,text,false,true,true,false,false,false,true,,,linkfound,2026-04-18 07:10:14,2026-04-18 07:10:14,,,,,1
4 Classic Tips For Marketing Your Business Offline | King Ranks,https://kingranks.com/4-classic-tips-for-marketing-your-business-offline/,en,wordpress,200,55,0,0,0,2440,3228,0,0,https://www.cruiseaway.com.au/,,cruiseaway.com.au,,https://cruiseaway.com.au/,301,text,true,false,false,false,false,false,true,,,pagefound,2024-07-24 16:33:57,2026-05-08 14:17:13,,,,,2
"CruiseAway: Ready, Set, Sail! (Whenever You Want) | Milled",https://milled.com/cruiseaway-by-dreamlines-pty-ltd/ready-set-sail-whenever-you-want-41Ld9WkC2n-Fo0lU,en,,200,74,0,24993,0,4,15,0,0,https://www.cruiseaway.com.au/celebrity-terms-and-conditions?sc_lid=558076681&sc_llid=13742&sc_src=email_7913535&sc_uid=TifzvmaXDS,click here . Celebrtiy Cruises terms and conditions apply click,here,,,,text,false,false,true,false,false,false,true,,,pagefound,2026-04-15 04:19:42,2026-04-15 04:19:42,,,,,2
Most Visited website list 1928 | Rank Zone Directory,https://rankzonedirectory.com/most-visited-website-list-1928/,en,wordpress,200,18,0,0,0,5399,6258,0,0,https://www.cruiseaway.com.au/,,cruiseaway,,https://cruiseaway.com.au/,301,text,true,false,false,false,false,false,true,,,pagefound,2025-10-08 14:28:50,2026-05-07 10:22:17,,,Listing collection > Business,Business > Business services > Consulting; Internet > Web services; Reference > Listings > Business,2
"Today: BRISBANE TIMES News, Mar 11, 2013",https://www.interalex.net/2013/03/brisbane-times-news-mar-11-2013.html,en,,200,3.5,0,0,0,99,197,0,0,http://www.cruiseaway.com.au/show-cruises?id=37716&type=destinations&date=11%20Mar%202013&clineid=&key=43&name=Tui%20Tai%20Adventure%20Cruises&nameid=18262&unitid=166&name2=&ship=,,"Cruises for ""South Pacific & New Zealand"" destination for March 2013",,,,text,false,true,false,false,false,false,true,,,linkrestored,2020-09-03 10:57:07,2026-04-26 22:35:48,,,Article > News,News > Local news; Entertainment,1
CruiseAway: On Sale Now - Hurry! Princess 2027/28 Just Released — Save Big + Extra Onboard Credit! | Milled,https://milled.com/cruiseaway-by-dreamlines-pty-ltd/on-sale-now-hurry-princess-2027-28-just-released-save-big-extra-onboard-credit-U42XkVTsPB91jICP,en,,200,74,0,24993,0,4,32,0,0,https://www.cruiseaway.com.au/cruise/australia-from-sydney-australia-with-the-grand-princess-18588187,,Round Australia & New Zealand,,,,image,false,true,true,false,false,false,true,,,linkfound,2026-04-09 12:16:50,2026-04-09 12:16:50,,,,,1
Directory website list 94 | Flickr Directory,https://flickrdirectory.com/directory-website-list-94/,en,wordpress,404,15,0,0,0,4999,5927,0,0,https://www.cruiseaway.com.au/,,cruiseaway,,https://cruiseaway.com.au/,301,text,true,false,false,false,false,false,true,notfound,,pagefound,2025-10-29 18:40:39,2025-12-02 18:56:47,2026-04-16 13:40:33,,,,1
Advertisers through Google - Dubai City Guide,https://www.abudhabicityguide.com/m/main/advertise-google.asp,,,200,32,0,159,0,66,112,0,0,https://www.cruiseaway.com.au/,,cruiseaway.com.au,,http://www.cruiseaway.com.au/,301,text,false,false,false,false,false,false,true,,,pagefound,2025-12-22 19:09:28,2026-04-14 18:17:13,,,,,2
CruiseAway: ✨ Suitcase In Hand | Milled,https://milled.com/cruiseaway-by-dreamlines-pty-ltd/suitcase-in-hand-salKHCo5TalSsQgH,en,,200,74,0,24993,0,5,21,0,0,https://www.cruiseaway.com.au/cruise-lines-specials/celebrity-december-promotion,,Celebrity Wave Promotion,,,,text,false,true,true,false,false,false,true,,,linkfound,2026-04-14 23:49:32,2026-04-14 23:49:32,,,,,3
Save on travel adventures at Click Frenzy's big event for 2025 | Queensland Country Life | QLD,https://www.queenslandcountrylife.com.au/story/9043916/save-on-travel-adventures-at-click-frenzys-big-event-for-2025/,en,,200,65,0,2856,0,30,52,0,0,https://www.cruiseaway.com.au/cruise-deals,,Cruiseaway,- $400 onboard credit and reduced deposits on cruises,,,text,false,true,false,false,false,false,true,,,pagefound,2026-04-16 09:05:47,2026-04-24 11:02:11,,,,,1
"CruiseAway: Seasons of the Orient & Southeast Asia - Tours, Transfers, Drinks Included! | Milled",https://milled.com/cruiseaway-by-dreamlines-pty-ltd/seasons-of-the-orient-and-southeast-asia-tours-transfers-drinks-included--EL0QC32QfLT4UtM,en,,200,74,0,24993,0,4,27,0,0,https://www.cruiseaway.com.au/cruise/timeless-japan-hiroshima-snow-monkeys-singapore-18418227?filterParams%5BcabinKind%5D%5B0%5D=19&selectedSail=18294655,,"Timeless Japan - Hiroshima, Snow Monkeys to Singapore",,,,text,false,true,true,false,false,false,true,,,pagefound,2026-05-09 08:24:11,2026-05-09 08:24:11,,,,,1
"Cruiseaway.com.au - анализ сайта, seo характеристики сайта - круисеаваы точка ком точка ау",https://prlog.ru/analysis/cruiseaway.com.au,,,200,51,0,91,0,44,251,0,0,https://www.cruiseaway.com.au/about-us,,cruiseaway.com.au/about-us,,https://cruiseaway.com.au/about-us,301,text,false,true,true,false,false,false,true,,,pagefound,2019-07-22 20:05:01,2026-05-07 18:56:13,,,,,1
"Today: PORT VILA (Vanuatu) Info (year 2011), Jan 19, 2012",https://www.interalex.net/2012/01/port-vila-vanuatu-info-year-2011-jan-19.html,en,,200,3.5,0,0,0,96,170,0,0,http://www.cruiseaway.com.au/cruise-port/vila-vanuatu,,"Vila, Vanuatu - Cruise Away - Cruises | Best Cheap Cruises ...",,,,text,false,false,false,false,false,false,true,,,linkrestored,2020-11-04 04:01:08,2026-04-25 17:57:35,,,Article > News,Reference > Geographic reference > Maps; Travel > Tourist destinations,1
"Today: RAKAHANGA Atoll (Cook Islands) Info, Dec 27, 2011",https://www.interalex.net/2011/12/rakahanga-atoll-cook-islands-info-dec.html,en,,200,3.5,0,0,0,88,159,0,0,http://www.cruiseaway.com.au/cruise-port/manihiki_island_cook_islands,,"Manihiki Island, Cook Islands - Cruise Away",,,,text,false,true,false,false,false,false,true,,,linkrestored,2020-12-18 08:07:55,2026-04-22 19:02:12,,,Article > Story,Travel > Tourist destinations > Islands,1
CruiseAway: Depart Local. Explore Iconic Destinations. | Milled,https://milled.com/cruiseaway-by-dreamlines-pty-ltd/depart-local-explore-iconic-destinations-aj9noOqFHM39SqZn,en,,200,74,0,24993,0,3,3,0,0,https://www.cruiseaway.com.au/,,"Australia from Brisbane, Australia with the Voyager of the Seas",,,,text,false,true,true,false,false,false,true,,,linkfound,2026-04-03 19:39:29,2026-04-03 19:39:29,,,,,2
cruiseaway.com.au Reviews: Is this site a scam or legit? – Scam Detector,https://www.scam-detector.com/validator/cruiseaway-com-au-review/,en,wordpress,200,66,0,21081,0,19,27,0,0,https://www.cruiseaway.com.au/,,cruiseaway.com.au,,https://cruiseaway.com.au/,301,text,false,false,true,false,false,false,true,,,pagefound,2025-04-18 01:12:49,2026-05-09 07:03:03,,,,,1
Weltweit erste Atlantik-Unterquerung mit der USea-341,https://forum-marinearchiv.de/smf/index.php?topic=23741.0,de,,200,29,0,459,0,10,15,0,0,https://www.cruiseaway.com.au/,,https://www.dreamlines.com.au/,,https://www.dreamlines.com.au/,301,text,false,false,false,false,false,false,true,,,pagefound,2023-06-08 12:58:33,2026-04-28 23:55:56,,,,,1
"Today: ATIU Island (Cook Islands) Info, Dec 27, 2011",https://www.interalex.net/2011/12/atiu-island-cook-islands-info-dec-27.html,en,,200,3.5,0,0,0,87,165,0,0,http://www.cruiseaway.com.au/cruise-port/atiu_cook_islands,,"Atiu, Cook Islands - Cruise Away",,,,text,false,true,false,false,false,false,true,,,linkrestored,2020-12-18 08:03:56,2026-04-22 19:14:38,,,Article > Story,Travel > Tourist destinations > Islands,1
Buy Powerful High-Quality Dofollow SEO Backlinks to Rank on Google’s 1st Page – Rank Top – Boost Your Website Ranking,https://rank-top.click/n9mx-take-your-website-to-the-top-with-expert-seo/,en,wordpress,200,74,0,0,28,6166,7182,0,0,https://www.cruiseaway.com.au/,,Cement dreamlines.com.au authority: strategic guest posts + backlinks; DR/DA/TF rise — every language. | Visit buyseolink.com for any Query,,https://dreamlines.com.au/,301,text,true,false,true,false,false,false,true,,,linkfound,2026-04-27 06:45:24,2026-05-11 06:41:41,,,Site page > Services,Internet > Web services > SEO and marketing,1
"New Zealand is open for travel and luckily, it’s still affordable | Merimbula News Weekly | Merimbula, NSW",https://www.merimbulanewsweekly.com.au/story/7910925/new-zealand-is-open-for-travel-and-luckily-its-still-affordable/,en,,200,37,0,637,0,21,29,0,0,https://www.cruiseaway.com.au/cruise/journey-from-melbourne-with-the-queen-elizabeth-queen-elizabeth-15235953,,Get the deal here,,,,text,false,false,false,false,false,false,true,,,pagefound,2026-04-12 22:29:24,2026-05-10 11:51:02,,,,,2
CruiseAway: On Sale Now - Princess 2027/28 Just Released — Save Big + Extra Onboard Credit! | Milled,https://milled.com/cruiseaway-by-dreamlines-pty-ltd/on-sale-now-princess-2027-28-just-released-save-big-extra-onboard-credit-2Wwzy4JTZr0FRKwM,en,,200,74,0,24993,0,3,3,0,0,https://www.cruiseaway.com.au/,,"Australia from Sydney, Australia with the Celebrity Edge",,,,text,false,true,true,false,false,false,true,,,linkfound,2026-04-09 12:16:55,2026-04-09 12:16:55,,,,,3
Most Visited website list 1928 | Website Brand Directory,https://webbranddirectory.com/most-visited-website-list-1928/,en,wordpress,200,24,0,0,0,5401,6267,0,0,https://www.cruiseaway.com.au/,,cruiseaway,,https://cruiseaway.com.au/,301,text,true,false,false,false,false,false,true,,,linkfound,2026-04-24 06:56:17,2026-05-08 06:59:27,,,Listing collection > Business,Business > Business services > Consulting; Internet > Web services > Development,2
fly cruise sydney to singapore,https://www.omniservices.com/toolso/u5w60i5/viewtopic.php?page=fly-cruise-sydney-to-singapore,en,,200,12,0,445,0,15,24,0,0,https://www.cruiseaway.com.au/fly-cruises,western end of the city across from Sentosa Island. Aruba,,"| Seward, Alaska, Norwegian Fjords from London (Dover), England, Dover",,,text,false,true,false,false,false,false,true,,,linkrestored,2025-01-21 12:25:33,2026-04-04 02:02:05,,,Listing collection > Location,Travel > Travel agencies > Vacation,1
Who are we ...? - Kubuntu Forums,https://www.kubuntuforums.net/forum/general/community-cafe/52342-who-are-we,en,message-boards,200,40,0,49,0,6,11,0,0,http://www.cruiseaway.com.au/cruise-port/little_diomede_island_bering_strait_russia,,http://www.cruiseaway.com.au/cruise-..._strait_russia,,,,text,false,true,false,false,false,false,true,,,pagefound,2022-02-27 15:35:15,2026-05-08 17:42:23,,,User content > Forum,Computers and electronics > Software > Operating systems; Society > Advocacy; Communities,1
"CruiseAway: ✨Uncover the Wonders of Asia with Princess, Bullet Trains, Mt Fuji & much more🌊 | Milled",https://milled.com/cruiseaway-by-dreamlines-pty-ltd/uncover-the-wonders-of-asia-with-princess-bullet-trains-mt-fuji-and-much-more-GoyuJttRKnmcbF7T,en,"cms, message-boards, wikis",200,74,0,24993,0,5,32,0,0,https://www.cruiseaway.com.au/search-results,,"Transpacific from Brisbane, Australia with the Voyager of the Seas",,"https://www.cruiseaway.com.au/cruise/transpacific-from-brisbane-australia-with-the-voyager-of-the-seas--18440586, https://www.cruiseaway.com.au/search-results, https://cruiseaway.com.au/search-results","307, 0, 301",text,false,true,true,false,false,false,true,,,pagefound,2026-04-17 03:34:14,2026-04-17 03:34:14,,,,,4
Verzamelgids.nl,https://riviercruise.verzamelgids.nl/,nl,,200,71,0,54,0,40,50,0,0,https://www.cruiseaway.com.au/,,CruiseAway,,,,text,false,false,true,false,false,false,true,,,pagefound,2025-02-04 13:27:33,2026-04-15 21:35:51,,,Listing collection > Location,Travel > Specialty travel > Adventure travel,1
Most Visited website list 1976 | Guest Post Directory,https://webguestpostsdirectory.com/most-visited-website-list-1976/,en,wordpress,200,56,0,0,0,5395,7159,0,0,https://www.cruiseaway.com.au/,,cruiseaway.com.au,,https://cruiseaway.com.au/,301,text,true,false,false,false,false,false,true,,,pagefound,2025-08-23 04:17:47,2026-04-28 21:00:19,,,Listing collection > Business,Business > Business services > Consulting; Internet > Web services; Travel > Accommodations,1
Directory website list 1977 | Authority Pro Directory,https://authorityprodirectory.com/directory-website-list-1977/,en,wordpress,200,16,0,0,0,5401,7146,0,0,https://www.cruiseaway.com.au/,,dreamlines.com.au,,https://dreamlines.com.au/,301,text,true,false,false,false,false,false,true,,,pagefound,2025-10-03 12:35:55,2026-05-05 23:50:27,,,Listing collection > Business,Business > Business services > Consulting; Reference > Listings > Business; Internet,1
Directory website list 1976 – Business Growth 953 | Enter Prise Directory Hub,https://enterprisedirectoryhub.com/directory-website-list-1976-business-growth-953/,en,wordpress,200,0.1,0,0,0,5392,7153,0,0,https://www.cruiseaway.com.au/,,cruiseaway.com.au,,https://cruiseaway.com.au/,301,text,true,false,false,false,false,false,true,,,pagefound,2025-10-24 22:12:58,2026-04-27 15:46:17,,,Listing collection > Business,Business > Business services > Consulting,1
"Today: LAS PALMAS AND SANTA CRUZ (Canary Islands) Info (year 2011), Jan 29, 2012",https://www.interalex.net/2012/01/las-palmas-and-santa-cruz-canary.html,en,,200,3.5,0,0,0,96,172,0,0,http://www.cruiseaway.com.au/cruise-port/gran_canaria_las_palmas_canary_islands,,"Gran Canaria (Las Palmas), Canary Islands - Cruise Away",,,,text,false,false,false,false,false,false,true,,,linkrestored,2022-06-13 00:12:00,2026-04-23 11:04:27,,,Article > News,Entertainment > Music; Travel > Tourist destinations > Islands; Reference > Geographic reference,1
Directory website list 94 | Smart Directory hub,https://smartdirectoryhub.com/directory-website-list-94/,en,wordpress,200,19,0,0,0,5388,7232,0,0,https://www.cruiseaway.com.au/,,cruiseaway,,https://cruiseaway.com.au/,301,text,true,false,false,false,false,false,true,,,pagefound,2025-09-28 10:26:21,2026-05-09 19:08:58,,,Listing collection > Business,Business > Business services > Consulting; Reference > Listings > Business; Internet > Web services,2
"Save on travel adventures at Click Frenzy's big event for 2025 | The Northern Daily Leader | Tamworth, NSW",https://www.northerndailyleader.com.au/story/9043916/save-on-travel-adventures-at-click-frenzys-big-event-for-2025/,en,,200,61,0,7370,0,33,53,0,0,https://www.cruiseaway.com.au/cruise-deals,,Cruiseaway,- $400 onboard credit and reduced deposits on cruises,,,text,false,true,false,false,false,false,true,,,pagefound,2025-09-08 17:13:27,2026-05-06 13:55:03,,,,,1
Royal Caribbean LTD Logo - Search Images,https://4.bing.com/images/search?q=Royal+Caribbean+LTD+Logo&FORM=IRMHIP,en,,200,93,0,30081192,0,20,37,0,0,https://www.cruiseaway.com.au/search-results,,cruiseaway.com.au,,"https://www.cruiseaway.com.au/cruise/caribbean-from-australia-with-the-liberty-of-the-seas-18332139, https://www.cruiseaway.com.au/search-results, https://cruiseaway.com.au/search-results","307, 0, 301",text,false,false,false,false,false,false,true,,,linkfound,2026-04-10 12:49:52,2026-04-10 12:49:52,,,,,4
"Today: LEVANZO ISLAND (Aegadian Islands, Italy) Info, Aug 23, 2012",https://www.interalex.net/2012/08/levanzo-island-aegadian-islands-italy.html,en,,200,3.5,0,0,0,83,174,0,0,http://www.cruiseaway.com.au/cruise-port/levanzo_sicily,,"Levanzo, Sicily - Cruise Away - Cruises | Best Cheap Cruises ...",,,,text,false,true,false,false,false,false,true,,,linkrestored,2020-12-17 07:50:31,2026-04-27 11:43:50,,,Article > News,Travel > Tourist destinations > Islands; Entertainment; Reference,1
🛸 Dark Side Links - Dark/White Hat Link Building Services - Prothor,https://prothor-ing.com/bez-rubriki/dark-side-links-dark-white-hat-link-building-995/,"en, es",wordpress,404,0.9,0,0,0,3064,3504,0,0,https://www.cruiseaway.com.au/,DARK HAT AND WHITE HAT BACKLINKS,JOIN OUR TELEGRAM https://t.me/s/darksidelinks,FOR CHEAP AND GOOGLE FRIENDLY BACKLINKS,,,text,true,false,true,false,false,false,true,notfound,,pagefound,2026-03-08 22:37:39,2026-04-14 00:32:03,2026-04-23 16:17:50,,,,1
"Running My Small Business, I've Always Known How Critical SEO Is but Customizing Keywords Made Me Feel Intimidated Until Researching SEOExpress.org. This Exceptional Team Helped Negotiate Top Keywords for My Niche Resulting in Visible Traffic Growth of Two Hundred Fifty Percent Plus Real Conversions Started Happening—It's Truly Remarkable! ★★★★★ 🌟 — Rent A Shop",https://rent-a-shop.shop/running-my-small-business-have-always-known-how-critical-seo-is-but-customizing-keywords-made-me-feel-intimidated-until-researching-seoexpress-an-exceptional-team-helped-negotiate-top,en,,200,28,0,0,36,5232,8733,0,0,https://www.cruiseaway.com.au/,,There was a time when cruiseaway.com.au didn't attract any attention at all—it was disheartening! Then came along SEOExpress.org's outstanding guest posting services: overnight it seemed my authority grew tremendously as well as my visitor count shot through the roof by an astonishing +280%! That kind of result is hard not to love; go check out what they offer 🌟,,https://cruiseaway.com.au/,301,text,true,false,true,false,false,false,true,,,linkfound,2026-05-01 12:10:23,2026-05-01 12:10:23,,,Article > Story,Internet > Web services > SEO and marketing; Business > Small business > Business formation,1
CruiseAway: SAVE and SAIL | Milled,https://milled.com/cruiseaway-by-dreamlines-pty-ltd/save-and-sail-Y1kQpGDpm35gOX81,en,,200,74,0,24993,0,4,24,0,0,https://www.cruiseaway.com.au/cruise/artic-circle-northern-lights-with-history-channel-18256091,,Artic Circle & Northern Lights With History Channel,,,,text,false,true,true,false,false,false,true,,,linkfound,2026-04-14 23:49:40,2026-04-14 23:49:40,,,,,1
Gratuity,https://wiki.toxik.org/content/wikipedia_en_all_nopic_current/Gratuity,en,,200,0,0,0,0,42,68,0,0,https://www.cruiseaway.com.au/blog/service-tips/gratuities/,,"""Overview: Cruise line tipping (infographic)""",. Cruiseaway.com.au Blog. 2016-09-14,,,text,false,true,true,false,false,false,true,,,pagefound,2026-05-01 04:00:43,2026-05-01 04:00:43,,,,,1
How to Use IoT for Smarter E-Commerce Customer Experiences | Seo Directory Site,https://seodirectorysite.com/how-to-use-iot-for-smarter-e-commerce-customer-experiences/,en,wordpress,200,17,0,0,43,3372,5070,0,0,https://www.cruiseaway.com.au/,,cruiseaway,,https://cruiseaway.com.au/,301,text,true,true,false,false,false,false,true,,,pagefound,2024-12-14 11:57:20,2026-04-21 18:20:39,,,Article > How-to,Business > Retail trade > Technology; Computers and electronics > Consumer electronics; Shopping > Shopping portals; Internet > Web services > Development,1
"Running My Small Business, I've Always Known How Critical SEO Is but Customizing Keywords Made Me Feel Intimidated Until Researching SEOExpress.org. This Exceptional Team Helped Negotiate Top Keywords for My Niche Resulting in Visible Traffic Growth of Two Hundred Fifty Percent Plus Real Conversions Started Happening—It's Truly Remarkable! ★★★★★ 🌟 — SEO High Ranking",https://seohighranking.shop/running-my-small-business-have-always-known-how-critical-seo-is-but-customizing-keywords-made-me-feel-intimidated-until-researching-seoexpress-an-exceptional-team-helped-negotiate-top,en,,200,29,0,0,36,5233,8691,0,0,https://www.cruiseaway.com.au/,,There was a time when cruiseaway.com.au didn't attract any attention at all—it was disheartening! Then came along SEOExpress.org's outstanding guest posting services: overnight it seemed my authority grew tremendously as well as my visitor count shot through the roof by an astonishing +280%! That kind of result is hard not to love; go check out what they offer 🌟,,https://cruiseaway.com.au/,301,text,true,false,true,false,false,false,true,,,linkfound,2026-05-04 12:10:01,2026-05-04 12:10:01,,,Article > Story,Internet > Web services > SEO and marketing; Business > Small business > Business formation,1
"Get High-Quality Backlinks, Guest Posts, SEO, Web Development and Digital Marketing Services — All in One Place — SEO Services For Top Ranking For Top Ranking",https://nexusnext.agency/69kw5e-backlinks-seo-web-development-digital-marketing-services/,en,wordpress,200,0.1,0,0,29,6166,7182,0,0,https://www.cruiseaway.com.au/,,Push dreamlines.cn DR daily: contextual backlinks + web dev + digital marketing; authority skyrocket — lynkvex.com,,https://dreamlines.cn/,301,text,true,false,true,false,false,false,true,,,linkfound,2026-04-19 12:51:40,2026-05-10 12:13:08,,,Site page > Services,Internet > Web services > SEO and marketing; Business > Marketing > Marketing,1
"CruiseAway: Ready, Set, Sail! (Whenever You Want) | Milled",https://milled.com/cruiseaway-by-dreamlines-pty-ltd/ready-set-sail-whenever-you-want-41Ld9WkC2n-Fo0lU,en,,200,74,0,24993,0,4,15,0,0,https://www.cruiseaway.com.au/,,"Australia from Brisbane, Australia with the Quantum of the Seas",,,,text,false,false,true,false,false,false,true,,,pagefound,2026-04-15 04:19:42,2026-04-15 04:19:42,,,,,5
"Today: LOMAIVITI Province (Fiji) Info, Nov 25, 2012",https://www.interalex.net/2012/11/view-larger-map-lomaiviti-province.html,en,,200,3.5,0,0,0,79,152,0,0,http://www.cruiseaway.com.au/cruise-port/levuka_fiji,,"Levuka, Fiji - Cruise Away",,,,text,false,true,false,false,false,false,true,,,linkrestored,2020-12-18 00:29:08,2026-04-24 05:07:05,,,Article > News,Society > Social sciences; Reference > Geographic reference; News > Local news; Government > Government; Travel > Tourist destinations; Entertainment,1
Directory website list 94 | Saas Directory Zone,https://saasdirectoryzone.com/directory-website-list-94/,en,wordpress,404,13,0,0,0,4997,5933,0,0,https://www.cruiseaway.com.au/,,cruiseaway,,https://cruiseaway.com.au/,301,text,true,false,false,false,false,false,true,notfound,,pagefound,2025-08-30 03:11:59,2025-11-09 08:43:05,2026-04-18 02:04:43,,,,2
harmony of the seas vitality spa menu,http://ndscorp.vn/rMTqLyA/harmony-of-the-seas-vitality-spa-menu,en,,200,0.9,0,0,0,23,36,0,0,https://www.cruiseaway.com.au/ship/harmony-of-the-seas,It was difficult to reach guest services over the phone.,Harmony of the Seas Cruises 2023 - 2024 | Save with CruiseAway,"To participate in Royal Caribbean's Spa & Fitness Center, you'll",,,text,false,true,false,false,false,false,true,,,linkfound,2024-08-16 19:45:47,2026-04-26 13:57:50,,,Listing collection > Service,Travel > Accommodations; Health > Natural medicine; Beauty > Beauty services,1
How to Use IoT for Smarter E-Commerce Customer Experiences | Best Article World,https://bestarticleworld.com/how-to-use-iot-for-smarter-e-commerce-customer-experiences/,en,wordpress,200,22,0,0,42,3371,5077,0,0,https://www.cruiseaway.com.au/,,cruiseaway,,https://cruiseaway.com.au/,301,text,true,true,false,false,false,false,true,,,pagefound,2024-12-14 11:33:05,2026-04-27 22:50:57,,,Article > How-to,Business > Retail trade > Technology; Computers and electronics > Consumer electronics; Shopping > Shopping portals; Internet > Web services > Development,1
Embark on an Unforgettable 15-Day Cruise from Sydney to New Zealand,http://blogs.adsiduous.com/embark-on-an-unforgettable-15-day-cruise-from-sydney-to-new-zealand/,en,,200,6,0,12,0,9,15,0,0,https://www.cruiseaway.com.au/cruise/new-zealand-from-sydney-australia-with-the-grand-princess-17860452,,15 Nights New Zealand Cruise from Sydney (CruiseAway AU),,,,text,true,true,false,false,false,false,true,,,linkfound,2026-04-15 19:09:58,2026-04-26 10:55:34,,Sydney Blunt,,,1
Mortgage Website SEO and You – A Beginner’s Guide to Advanced Search Engine Optimization Strategies – BYTEYO,https://byteyo.com/mortgage-website-seo-and-you-a-beginners-guide-to-advanced-search-engine-optimization-strategies/,en,wordpress,0,28,0,0,19,5360,7139,0,0,https://www.cruiseaway.com.au/,,dreamlines.com.au,,https://dreamlines.com.au/,301,text,true,false,false,false,false,false,true,,tooold,pagefound,2024-11-19 08:30:12,2025-08-08 07:53:16,2026-04-20 06:00:34,,,,1
BEST WHITE/DARK HAT LINKBUILDING FOR YOUR WEBSITE! NO PREPAYMENTS! 100% TRUSTWORTHY! – Jazmin' s Beautysalon,http://www.jazminsbeautysalon.be/best-white-dark-hat-linkbuilding-for-your-website-373/,"en, nl",wordpress,200,12,0,6,0,520,595,0,0,https://www.cruiseaway.com.au/,BEST WHITE/DARK HAT,LINKS FOR www.cruiseaway.com.au TELEGRAM @happygrannypies,100% SAFE (CROWD/SUBMITS/ARTICLES/WEB 2.0/PBN/MAIN PAGES/QUORA/PINTEREST),,,text,true,true,false,false,false,false,true,,,linkfound,2026-02-15 05:24:27,2026-04-20 23:41:31,,,Site page > Services,Beauty > Beauty services > Other; Internet > Web services > SEO and marketing; Business > Marketing > Marketing,2
Directory website list 1977 | Social Rank Directory,https://socialrankdirectory.com/directory-website-list-1977/,en,wordpress,404,14,0,0,0,5374,7161,0,0,https://www.cruiseaway.com.au/,,dreamlines.com.au,,https://dreamlines.com.au/,301,text,true,false,false,false,false,false,true,notfound,,pagefound,2025-10-08 01:09:03,2025-10-22 21:32:06,2026-04-17 01:03:15,,,,1
"Smart Link Building Result 113: How Real Authority Links Delivered Page One Rankings in Any Niche — Smart Professional Link Building — Increase Domain Rating, Domain Authority and Trust Flow — Real Guest Posts and PBN Links — All Niches — Worldwide",https://ranklinkerpro.shop/vtlmyo6-smart-strategic-link-building-result-038-page-one-any-niche-worldwide/,en,,200,47,0,0,0,8304,9750,0,0,https://www.cruiseaway.com.au/,,Get cruiseaway.com.au smart link building creating compounding organic growth monthly,,https://cruiseaway.com.au/,301,text,true,false,true,false,false,false,true,,,linkfound,2026-05-07 21:19:21,2026-05-07 21:19:21,,,Article > Guide,Internet > Web services > SEO and marketing,1
Explore the Wonders of the Sea: A 16-Day Cruise Adventure from Perth to Singapore,http://blogs.adsiduous.com/explore-the-wonders-of-the-sea-a-16-day-cruise-adventure-from-perth-to-singapore/,en,,200,6,0,12,0,7,19,0,0,https://www.cruiseaway.com.au/,,http://cruiseaway.com.au/,,"http://cruiseaway.com.au/, https://cruiseaway.com.au/","301, 301",text,true,true,false,false,false,false,true,,,pagefound,2025-12-17 16:51:40,2026-04-24 00:19:34,,Sydney Blunt,,,1
"New Zealand is open for travel and luckily, it’s still affordable | Camden Haven Courier | Laurieton, NSW",https://www.camdencourier.com.au/story/7910925/new-zealand-is-open-for-travel-and-luckily-its-still-affordable/,en,,200,39,0,295,0,24,30,0,0,https://www.cruiseaway.com.au/search-results,,Get the deal here,,"https://www.cruiseaway.com.au/cruise/journey-from-melbourne-with-the-queen-elizabeth-queen-elizabeth-15235953, https://www.cruiseaway.com.au/search-results, https://cruiseaway.com.au/search-results","307, 0, 301",text,false,false,false,false,false,false,true,,,linkfound,2026-05-06 23:55:10,2026-05-06 23:55:10,,,,,2
Great Info About How To Become A Captain Of Boat - Staypp,https://staypp.mebeitalia.com/how-to-become-a-captain-of-a-boat.html,en,,200,12,0,0,0,19,22,0,0,https://www.cruiseaway.com.au/wp-blog/uploads/2017/03/22180631/shutterstock_33848395-680x1024.jpg,,What It Really Takes To Become A Cruise Ship Captain,,,,image,false,false,false,false,false,false,true,,,pagefound,2025-09-05 01:34:08,2026-04-11 09:33:51,,,,,1
"Running My Small Business, I've Always Known How Critical SEO Is but Customizing Keywords Made Me Feel Intimidated Until Researching SEOExpress.org. This Exceptional Team Helped Negotiate Top Keywords for My Niche Resulting in Visible Traffic Growth of Two Hundred Fifty Percent Plus Real Conversions Started Happening—It's Truly Remarkable! ★★★★★ 🌟 — Ranking SEO High",https://rankingseohigh.shop/running-my-small-business-have-always-known-how-critical-seo-is-but-customizing-keywords-made-me-feel-intimidated-until-researching-seoexpress-an-exceptional-team-helped-negotiate-top,en,,200,29,0,0,36,5233,8691,0,0,https://www.cruiseaway.com.au/,,There was a time when cruiseaway.com.au didn't attract any attention at all—it was disheartening! Then came along SEOExpress.org's outstanding guest posting services: overnight it seemed my authority grew tremendously as well as my visitor count shot through the roof by an astonishing +280%! That kind of result is hard not to love; go check out what they offer 🌟,,https://cruiseaway.com.au/,301,text,true,false,true,false,false,false,true,,,pagefound,2026-05-04 12:37:52,2026-05-04 12:37:52,,,Article > Story,Internet > Web services > SEO and marketing; Business > Small business > Business formation,1
"I Started With Less Than Ten Permanent Backlinks on My Site, But After Two Months of SEOExpress.org's Services, I Have Over Two Hundred High-Quality Links Ranking Me at the Top of Major Google Searches for Key Products. It’s affordable SEO that pays off big time! 🌟🔥 — 123 Web Shop",https://123webshop.shop/i-started-with-less-than-ten-permanent-backlinks-on-my-site-and-now-after-two-months-of-seoexpress-com-services-I-have-over-two-hundred-high-quality-links-ranking-me-on-top-of-major-google,en,,200,29,0,0,12,5186,8777,0,0,https://www.cruiseaway.com.au/,,I used to think SEO meant pricey consultants until I discovered SEOExpress.org while searching online for help with dreamlines.cn. Their budget-friendly packages delivered results fast: organic traffic more than tripled from under 200 visits/month after only two months! The combination of guest blogging and PBN links worked wonders—I recommend them wholeheartedly 🌟,,https://dreamlines.cn/,301,text,true,false,true,false,false,false,true,,,linkfound,2026-04-19 12:06:41,2026-04-19 12:06:41,,,Article > Story,Internet > Web services > SEO and marketing; Business > Marketing > Marketing,1
harmony of the seas vitality spa menu,https://indiafdiwatch.org/eWl/harmony-of-the-seas-vitality-spa-menu,en,wordpress,200,7,0,4,0,15,28,0,0,https://www.cruiseaway.com.au/ship/harmony-of-the-seas,destination in Solarium with lighter options for breakfast and lunch.,Harmony of the Seas Cruises 2023 - 2024 | Save with CruiseAway,Shopping on Harmony of the Seas cruise ship: If you,,,text,false,true,false,false,false,false,true,,,pagefound,2025-03-19 08:12:42,2026-04-18 22:17:46,,,Listing > Service,Travel > Specialty travel > Luxury travel; Health,1
"TELEGRAM t.me/seo_anomaly : SEO BACKLINKS, CROSS-LINKS, TRAFFIC BOOST, LINK INDEXING – Daily Digest",https://blogs.freetzi.com/telegram-t-me-seo-anomaly-seo-backlinks-cross-30/,en,wordpress,200,54,0,7218,0,1441,2315,0,0,https://www.cruiseaway.com.au/cruise-lines,,"SEO BACKLINKS, CROSS-LINKS, TRAFFIC BOOST, LINK INDEXING – TELEGRAM @SEO_ANOMALY",,https://www.cruiseaway.com.au/cruiseline/po-cruises,301,text,false,false,true,false,false,false,true,,,linkrestored,2025-03-26 16:40:18,2026-04-26 02:59:32,,,Article > Guide,Internet > Web services > SEO and marketing,2
"New Zealand is open for travel and luckily, it’s still affordable | Katherine Times | Katherine, NT",https://www.katherinetimes.com.au/story/7910925/new-zealand-is-open-for-travel-and-luckily-its-still-affordable/,en,,200,46,0,2091,0,16,23,0,0,https://www.cruiseaway.com.au/cruise/journey-from-melbourne-with-the-queen-elizabeth-queen-elizabeth-15235953,,Get the deal here,,,,text,false,false,false,false,false,false,true,,,pagefound,2026-04-12 23:39:13,2026-05-08 09:44:03,,,,,2
"Running My Small Business, I've Always Known How Critical SEO Is but Customizing Keywords Made Me Feel Intimidated Until Researching SEOExpress.org. This Exceptional Team Helped Negotiate Top Keywords for My Niche Resulting in Visible Traffic Growth of Two Hundred Fifty Percent Plus Real Conversions Started Happening—It's Truly Remarkable! ★★★★★ 🌟 — high-quality-web-resource-index.rankinghighseo.shop",https://high-quality-web-resource-index.rankinghighseo.shop/running-my-small-business-have-always-known-how-critical-seo-is-but-customizing-keywords-made-me-feel-intimidated-until-researching-seoexpress-an-exceptional-team-helped-negotiate-top,en,,200,28,0,0,4,5232,8704,0,0,https://www.cruiseaway.com.au/,,There was a time when cruiseaway.com.au didn't attract any attention at all—it was disheartening! Then came along SEOExpress.org's outstanding guest posting services: overnight it seemed my authority grew tremendously as well as my visitor count shot through the roof by an astonishing +280%! That kind of result is hard not to love; go check out what they offer 🌟,,https://cruiseaway.com.au/,301,text,false,false,true,false,false,false,true,,,linkfound,2026-05-04 16:21:13,2026-05-04 16:21:13,,,Article > Story,Internet > Web services > SEO and marketing; Business > Small business > Business formation,2
Most Visited website list 1977 | Rank Zone Directory,https://rankzonedirectory.com/most-visited-website-list-1977/,en,wordpress,200,18,0,0,0,5399,7142,0,0,https://www.cruiseaway.com.au/,,dreamlines.com.au,,https://dreamlines.com.au/,301,text,true,false,false,false,false,false,true,,,pagefound,2025-10-08 12:02:27,2026-05-07 09:32:28,,,Listing collection > Business,Internet > Web services > Analytics; Business > Business services > Consulting; Reference,1
Guest Posts for Adult Entertainment Monetization — How Ranking Higher From Guest Posting Increased My Revenue by 60% Within 90 Days — LinkSEOPro — World-Class Backlinks for Websites That Mean Business.,https://linkseopro.shop/pqgmysm-growth-link-packages-saved-affiliate-site-google-algorithm-update-60-percent-traffic/,en,,200,0,0,0,0,7938,8811,0,0,https://www.cruiseaway.com.au/,,Buy Niche Guest Posting + Dofollow Backlink Building for cruise-away.com.au — Majestic Trust Flow TF • Ahrefs Domain Rating DR • Moz Domain Authority DA Climbs — Rapid Google Ranking Boost — All Industries • All Languages • Global Markets,,https://cruise-away.com.au/,301,text,false,false,true,false,false,false,true,,,linkfound,2026-05-08 05:00:07,2026-05-08 05:00:07,,,Article > Guide,Internet > Web services > SEO and marketing; Business > Marketing > Marketing; Adult,1
Branding Basics For Insurance Partners – Heaven Article,http://heavenarticle.com/branding-basics-for-insurance-partners/,en,wordpress,200,59,0,0,0,2075,2584,0,0,https://www.cruiseaway.com.au/,,cruiseaway,,https://cruiseaway.com.au/,301,text,true,true,false,false,false,false,true,,,pagefound,2025-04-02 03:24:27,2026-04-29 09:19:55,,,,,2
Directory website list 1977 | Seo Logix Directory,https://seologixdirectory.com/directory-website-list-1977/,,wordpress,404,13,0,0,0,5182,6057,0,0,https://www.cruiseaway.com.au/,,dreamlines.com.au,,https://dreamlines.com.au/,301,text,true,false,false,false,false,false,true,notfound,,pagefound,2025-09-18 10:33:32,2025-12-03 03:05:29,2026-04-26 05:30:41,,,,1
Explore the Wonders of the Ocean: Your Guide to a 5-Day Cruise from Melbourne to Kangaroo Island,http://blogs.adsiduous.com/explore-the-wonders-of-the-ocean-your-guide-to-a-5-day-cruise-from-melbourne-to-kangaroo-island/,en,,200,6,0,12,0,5,12,0,0,https://www.cruiseaway.com.au/cruise-to-kangaroo-island-from-melbourne,,https://www.cruiseaway.com.au/cruise-to-kangaroo-island-from-melbourne,,,,text,true,true,false,false,false,false,true,,,linkfound,2026-04-15 18:15:37,2026-04-15 18:15:37,,Sydney Blunt,,,1
"Before Discovering SEOExpress.org, I Spent Years on Expensive Agencies That Didn't Deliver the Results Promised. Eventually, I Tried Their White-Hat Backlinks Service and In Just Eight Weeks, My Domain Authority Ramped Up from DA 15 to DA 48 and Leads Poured In at a Rate of Over One Hundred Per Month! Best Investment in SEO ★★★★★ 💎 — Lixil Reform Shop",https://lixil-reformshop.shop/before-discovering-seoexpress-i-spent-years-on-expensive-agencies-that-didnt-deliver-the-results-promised-eventually-i-tried-their-white-hat-backlinks-service-and-in-only-eight-weeks-my,en,,200,28,0,0,36,5037,8508,0,0,https://www.cruiseaway.com.au/,,"I remember when cruise-away.com.au was buried on page 7, struggling to attract any visitors. After discovering SEOExpress.org and their affordable SEO packages, everything changed. Within just two months, my site jumped to page 1 and traffic skyrocketed from 150 to over 5,000 monthly visits! Investing in them felt like the best decision I ever made for my business 🌟",,https://cruise-away.com.au/,301,text,true,false,true,false,false,false,true,,,pagefound,2026-05-03 07:25:33,2026-05-03 07:25:33,,,Article > Story,Internet > Web services > SEO and marketing; Business > Marketing > Marketing,1
Directory website list 1976 | Weebly Directory,https://weeblydirectory.com/directory-website-list-1976/,en,wordpress,404,15,0,0,0,5367,7158,0,0,https://www.cruiseaway.com.au/,,cruiseaway.com.au,,https://cruiseaway.com.au/,301,text,true,false,false,false,false,false,true,notfound,,pagefound,2025-08-31 11:16:26,2025-10-21 10:24:05,2026-04-20 16:53:01,,,,1
CruiseAway: Cruise Close. Explore More. | Milled,https://milled.com/cruiseaway-by-dreamlines-pty-ltd/cruise-close-explore-more-jV4nCCE0_Z5y7fgX,en,,200,74,0,24993,0,4,24,0,0,https://www.cruiseaway.com.au/cruise/south-pacific-from-brisbane-australia-with-the-grand-princess-17860494?allInclusive=false&filterParams%5BcabinKind%5D%5B0%5D=19&selectedSail=17860491,,South Pacific Island Escape,,,,text,false,true,true,false,false,false,true,,,linkfound,2026-04-17 17:48:57,2026-04-17 17:48:57,,,,,2
Directory website list 1928 | Link building directory,https://linkbuildingdirectory.com/directory-website-list-1928/,en,wordpress,404,14,0,0,0,5324,6115,0,0,https://www.cruiseaway.com.au/,,cruiseaway,,https://cruiseaway.com.au/,301,text,true,false,false,false,false,false,true,notfound,,pagefound,2025-09-30 22:17:28,2025-10-16 18:34:34,2026-04-17 00:06:07,,,,2
"Running My Small Business, I've Always Known How Critical SEO Is but Customizing Keywords Made Me Feel Intimidated Until Researching SEOExpress.org. This Exceptional Team Helped Negotiate Top Keywords for My Niche Resulting in Visible Traffic Growth of Two Hundred Fifty Percent Plus Real Conversions Started Happening—It's Truly Remarkable! ★★★★★ 🌟 — SEO Master High",https://theseomasterhigh.shop/running-my-small-business-have-always-known-how-critical-seo-is-but-customizing-keywords-made-me-feel-intimidated-until-researching-seoexpress-an-exceptional-team-helped-negotiate-top,en,,200,29,0,0,36,5233,8737,0,0,https://www.cruiseaway.com.au/,,There was a time when cruiseaway.com.au didn't attract any attention at all—it was disheartening! Then came along SEOExpress.org's outstanding guest posting services: overnight it seemed my authority grew tremendously as well as my visitor count shot through the roof by an astonishing +280%! That kind of result is hard not to love; go check out what they offer 🌟,,https://cruiseaway.com.au/,301,text,true,false,true,false,false,false,true,,,pagefound,2026-05-03 15:11:50,2026-05-03 15:11:50,,,Article > Story,Internet > Web services > SEO and marketing; Business > Small business > Business formation,1
Australian Marketing Trends to the Watch in 2024 – AdNews | Top Articles,https://toparticlesdirectory.com/australian-marketing-trends-to-the-watch-in-2024-adnews/,en,wordpress,403,28,0,0,15,2324,3891,0,0,https://www.cruiseaway.com.au/,,cruiseaway,,https://cruiseaway.com.au/,301,text,true,true,false,false,false,false,true,pageerror,,pagefound,2024-10-26 23:44:39,2026-03-28 05:24:17,2026-04-19 15:59:14,,,,2
CruiseAway: 🚢 Set Sail with Carnival – Exclusive Offers + Massive Savings Inside! | Milled,https://milled.com/cruiseaway-by-dreamlines-pty-ltd/set-sail-with-carnival-exclusive-offers-massive-savings-inside-IdkjXtBfU8i8Kc7R,en,,200,74,0,24993,0,4,27,0,0,https://www.cruiseaway.com.au/cruise/northern-lights-grand-voyage-beyond-18389071,,Northern Lights Grand Voyage & Beyond,,,,text,false,true,true,false,false,false,true,,,pagefound,2026-05-10 03:07:10,2026-05-10 03:07:10,,,,,1
Directory website list 1977 | Link Boost Directory,https://linkboostdirectory.com/directory-website-list-1977/,en,wordpress,200,18,0,0,0,5403,7157,0,0,https://www.cruiseaway.com.au/,,dreamlines.com.au,,https://dreamlines.com.au/,301,text,true,false,false,false,false,false,true,,,pagefound,2025-08-27 21:12:23,2026-05-10 11:23:11,,,Listing collection > Business,Business > Business services > Consulting; Internet > Web services; Reference > Listings > Business,1
CruiseAway: Explore the World with Exclusive Cruise packages - Limited time savings! | Milled,https://milled.com/cruiseaway-by-dreamlines-pty-ltd/explore-the-world-with-exclusive-cruise-packages-limited-time-savings-UoGjhRoh_dLM903Z,en,,200,74,0,24993,0,4,26,0,0,https://www.cruiseaway.com.au/cruise/exotic-beaches-singapore-18257752?selectedSail=18152488,,Exotic Beaches & Singapore,,,,text,false,true,true,false,false,false,true,,,pagefound,2026-01-26 05:49:52,2026-01-26 05:49:52,,,,,1
"CruiseAway: Ready, Set, Sail! (Whenever You Want) | Milled",https://milled.com/cruiseaway-by-dreamlines-pty-ltd/ready-set-sail-whenever-you-want-AsbZC2RDMIxu478f,en,,200,74,0,24993,0,4,37,0,0,https://www.cruiseaway.com.au/may-cruises,,March Cruises,,,,image,false,false,true,false,false,false,true,,,pagefound,2026-04-17 16:19:40,2026-04-17 16:19:40,,,,,1
"New Zealand is open for travel and luckily, it’s still affordable | Glen Innes Examiner | Glen Innes, NSW",https://www.gleninnesexaminer.com.au/story/7910925/new-zealand-is-open-for-travel-and-luckily-its-still-affordable/,en,,200,32,0,407,0,22,29,0,0,https://www.cruiseaway.com.au/search-results,,Get the deal here,,"https://www.cruiseaway.com.au/cruise/journey-from-melbourne-with-the-queen-elizabeth-queen-elizabeth-15235953, https://www.cruiseaway.com.au/search-results, https://cruiseaway.com.au/search-results","307, 0, 301",text,false,false,false,false,false,false,true,,,linkfound,2026-04-21 04:58:04,2026-05-06 03:52:57,,,,,2
How to Get More Done With Mobile Marketing | King Ranks,http://kingranks.com/how-to-get-more-done-with-mobile-marketing/,en,wordpress,200,55,0,0,0,2766,3200,0,0,https://www.cruiseaway.com.au/,,cruiseaway,,https://cruiseaway.com.au/,301,text,true,true,false,false,false,false,true,,,pagefound,2025-02-25 21:09:52,2026-05-11 11:31:37,,,,,4
"Cruiseaway.com.au - анализ сайта, seo характеристики сайта - круисеаваы точка ком точка ау",https://prlog.ru/analysis/cruiseaway.com.au,,,200,51,0,91,0,44,251,0,0,http://www.cruiseaway.com.au/ships/oceania-cruises/,,cruiseaway.com.au/ships/oceani...,,,,text,false,false,true,false,false,false,true,,,pagefound,2019-07-22 20:05:01,2026-05-07 18:56:13,,,,,2
"Today: BAZARUTO ARCHIPELAGO (Mozambique) Info, Jan 04, 2012",https://www.interalex.net/2012/01/bazaruto-archipelago-mozambique-info.html,en,,200,3.5,0,0,0,88,173,0,0,http://www.cruiseaway.com.au/cruise-port/bazaruto_mozambique,,"Bazaruto, Mozambique - Cruise Away",,,,text,false,true,false,false,false,false,true,,,linkrestored,2020-12-17 05:06:56,2026-04-24 21:01:12,,,Article > Story,Travel > Tourist destinations > Islands,1
6-Month Blogroll Link Experiment for Insurance — Final Verdict on Whether These Links Are Worth Buying in a Competitive Market — SEOLinkPro — The Link Building Experts Behind Top-Ranking Sites.,https://seolinkpro.shop/pqgmysm-guest-post-services-review-saas-tested-12-services-12-months-ranked-roi/,en,,200,0,0,0,0,7938,8811,0,0,https://www.cruiseaway.com.au/,,Navigate cruise-away.com.au with White-Hat Google-Indexed Guest Posts + Dofollow Backlinks — Surge in Ahrefs Domain Rating DR + Moz Domain Authority DA + Majestic Trust Flow TF Rising — Competitive & Low-Competition Niches • All Languages,,https://cruise-away.com.au/,301,text,false,false,true,false,false,false,true,,,pagefound,2026-05-07 12:30:44,2026-05-07 12:30:44,,,Article > Review,Internet > Web services > SEO and marketing; Business > Marketing > Marketing,1
CruiseAway: The Luck of the Irish is With You 🍀 | Milled,https://milled.com/cruiseaway-by-dreamlines-pty-ltd/the-luck-of-the-irish-is-with-you-B3A8mvcsdIRrl--f,en,,200,74,0,24993,0,5,25,0,0,https://www.cruiseaway.com.au/cruise/the-spirit-of-fiji--18784531?filterParams%5BcabinKind%5D%5B0%5D=19&selectedSail=18146440,,Harbour City to Waikiki,,,,image,false,true,true,false,false,false,true,,,pagefound,2026-04-15 04:19:40,2026-04-15 04:19:40,,,,,2
a rosa family river cruises,https://reussitepartagee.com/MfWPW/a-rosa-family-river-cruises,en,,200,21,0,0,0,13,17,0,0,https://www.cruiseaway.com.au/cruise-lines,a little younger than on river cruises from other providers.,A-ROSA River Cruises 2022 - 2023 | Best Routes on CruiseAway,"From Lyon to Viviers, Avignon, Arles, Port St. Louis and",https://www.cruiseaway.com.au/cruiseline/a-rosa-cruises,301,text,true,true,false,false,false,false,true,,,pagefound,2025-09-16 07:28:09,2026-04-25 18:09:19,,,Listing,Travel > Specialty travel > Family travel,4
How to Use IoT for Smarter E-Commerce Customer Experiences | World Link Sites,https://worldlinksites.com/how-to-use-iot-for-smarter-e-commerce-customer-experiences/,en,wordpress,200,17,0,0,40,3377,5085,0,0,https://www.cruiseaway.com.au/,,cruiseaway,,https://cruiseaway.com.au/,301,text,true,true,false,false,false,true,true,,,linkrestored,2024-12-14 15:36:24,2026-05-08 17:09:58,,,Article > How-to,Business > Retail trade > Technology; Computers and electronics > Consumer electronics; Shopping > Shopping portals; Internet > Web services > Development,1
CruiseAway: ✨ Bucket-List Voyages & Close-to-Home Escapes — Book Now | Milled,https://milled.com/cruiseaway-by-dreamlines-pty-ltd/bucket-list-voyages-and-close-to-home-escapes-book-now-JgInZpgnsL_yFpX3,en,,200,74,0,24993,0,4,28,0,0,https://www.cruiseaway.com.au/cruise/australia-from-sydney-australia-with-the-noordam-18358472?allInclusive=false&selectedSail=18358473,,Australia & New Zealand,,,,image,false,true,true,false,false,false,true,,,linkfound,2026-05-08 02:14:14,2026-05-08 02:14:14,,,,,2
,http://papasearch.net/Mumbai/Mumbai10.html,en,,200,16,0,0,0,2448,6754,0,0,https://www.cruiseaway.com.au/cruises/india-and-indian-ocean,,India & Indian Ocean 2020 - 2021 | Best Deals on CruiseAway,,,,text,true,true,false,false,false,false,true,,,linkrestored,2022-09-23 13:12:35,2026-04-29 05:04:52,,,Listing collection > Service,Shopping > Shopping portals; Business > Logistics > Freight transport; Society; Reference; Travel > Transportation,1
"Before Discovering SEOExpress.org, I Spent Years on Expensive Agencies That Didn't Deliver the Results Promised. Eventually, I Tried Their White-Hat Backlinks Service and In Just Eight Weeks, My Domain Authority Ramped Up from DA 15 to DA 48 and Leads Poured In at a Rate of Over One Hundred Per Month! Best Investment in SEO ★★★★★ 💎 — Shop In Frame",https://shop-inframe.shop/before-discovering-seoexpress-i-spent-years-on-expensive-agencies-that-didnt-deliver-the-results-promised-eventually-i-tried-their-white-hat-backlinks-service-and-in-only-eight-weeks-my,en,,200,28,0,0,36,5039,8497,0,0,https://www.cruiseaway.com.au/,,"I remember when cruise-away.com.au was buried on page 7, struggling to attract any visitors. After discovering SEOExpress.org and their affordable SEO packages, everything changed. Within just two months, my site jumped to page 1 and traffic skyrocketed from 150 to over 5,000 monthly visits! Investing in them felt like the best decision I ever made for my business 🌟",,https://cruise-away.com.au/,301,text,true,false,true,false,false,false,true,,,pagefound,2026-04-29 07:46:44,2026-04-29 07:46:44,,,Article > Story,Internet > Web services > SEO and marketing; Business > Marketing > Marketing,1
"Running My Small Business, I've Always Known How Critical SEO Is but Customizing Keywords Made Me Feel Intimidated Until Researching SEOExpress.org. This Exceptional Team Helped Negotiate Top Keywords for My Niche Resulting in Visible Traffic Growth of Two Hundred Fifty Percent Plus Real Conversions Started Happening—It's Truly Remarkable! ★★★★★ 🌟 — SEO Express Space",https://seoexpress.space/running-my-small-business-have-always-known-how-critical-seo-is-but-customizing-keywords-made-me-feel-intimidated-until-researching-seoexpress-an-exceptional-team-helped-negotiate-top,en,,200,29,0,0,36,5234,8735,0,0,https://www.cruiseaway.com.au/,,There was a time when cruiseaway.com.au didn't attract any attention at all—it was disheartening! Then came along SEOExpress.org's outstanding guest posting services: overnight it seemed my authority grew tremendously as well as my visitor count shot through the roof by an astonishing +280%! That kind of result is hard not to love; go check out what they offer 🌟,,https://cruiseaway.com.au/,301,text,true,false,true,false,false,false,true,,,linkfound,2026-05-03 02:35:53,2026-05-03 02:35:53,,,Article > Story,Internet > Web services > SEO and marketing; Business > Small business > Business formation,1
CruiseAway: Local Cruise Deals | Milled,https://milled.com/cruiseaway-by-dreamlines-pty-ltd/local-cruise-deals-uSHJok9clA9ZSKAd,en,,200,74,0,24993,0,4,30,0,0,https://www.cruiseaway.com.au/cruise/australia-from-sydney-australia-with-the-carnival-splendor-16931447,,"from $1,419 pp »",,https://www.cruiseaway.com.au/cruise/cruise-from-sydney-with-the-carnival-splendor-16931447,0,text,false,true,true,false,false,false,true,,,linkfound,2026-03-30 17:34:52,2026-03-30 17:34:52,,,,,2
CruiseAway Bewertungen + wie arbeite ich mit einem Affiliate-Programm,https://partnerkin.com/de/c/98/cruiseaway,de,,200,69,0,39985,0,3,8,0,0,http://www.cruiseaway.com.au/affiliate-program,Offizielle Website:,cruiseaway.com.au/affiliate-program,,https://partnerkin.com/de/c/p/cruiseaway/referal?source=site,301,text,false,false,false,false,false,false,true,,,linkrestored,2025-04-09 10:49:16,2026-05-02 09:01:42,,,,,1
CruiseAway: 📣*REDUCED PRICES * EXCLUSIVES * LAST MINUTE DEALS * & MORE | Milled,https://milled.com/cruiseaway-by-dreamlines-pty-ltd/reduced-prices-exclusives-last-minute-deals-and-more-yTSjMmtrnbqpaBvq,en,,200,74,0,24993,0,6,23,0,0,https://www.cruiseaway.com.au/cruise-lines-specials/princess-balcony-bonanza,,Princess Balcony Bonanza,,,,image,false,true,true,false,false,false,true,,,pagefound,2025-01-22 19:58:08,2026-03-30 19:15:38,,,,,1
Directory website list 1976 | Verified Directory,https://verifieddirectory.com/directory-website-list-1976/,en,wordpress,404,14,0,0,0,5190,6047,0,0,https://www.cruiseaway.com.au/,,cruiseaway.com.au,,https://cruiseaway.com.au/,301,text,true,false,false,false,false,false,true,notfound,,pagefound,2025-08-31 21:17:25,2025-11-29 09:32:07,2026-04-20 19:45:39,,,,1
"Today: PANTELLERIA ISLAND (Italy) Info, Dec 06, 2012",https://www.interalex.net/2012/12/pantelleria-island-italy-info-dec-06.html,en,,200,3.5,0,0,0,101,181,0,0,http://www.cruiseaway.com.au/cruise-port/lampedusa_italy?offset=6,,Lampedusa,,,,text,false,false,false,false,false,false,true,,,linkrestored,2020-09-27 13:32:02,2026-04-19 19:08:09,,,Article > News,Travel > Tourist destinations > Islands; Entertainment > Music; Reference > Geographic reference,1
"Today: FASTA ALAND ISLAND (Finland) Info, Mar 10, 2013",https://www.interalex.net/2013/03/fasta-aland-island-finland-info-mar-10.html,en,,200,3.5,0,0,0,98,183,0,0,http://www.cruiseaway.com.au/cruise-port/aland_islands_sweden,,"Aland Islands, Sweden - Cruise Away - Cruises | Best Cheap ...",,,,text,false,true,false,false,false,false,true,,,linkrestored,2020-08-30 00:52:00,2026-04-20 18:37:36,,,Article > Roundup,Travel > Tourist destinations > Islands; Entertainment > Music,1
"Before Discovering SEOExpress.org, I Spent Years on Expensive Agencies That Didn't Deliver the Results Promised. Eventually, I Tried Their White-Hat Backlinks Service and In Just Eight Weeks, My Domain Authority Ramped Up from DA 15 to DA 48 and Leads Poured In at a Rate of Over One Hundred Per Month! Best Investment in SEO ★★★★★ 💎 — SEO Express Site",https://seoexpress.site/before-discovering-seoexpress-i-spent-years-on-expensive-agencies-that-didnt-deliver-the-results-promised-eventually-i-tried-their-white-hat-backlinks-service-and-in-only-eight-weeks-my,en,,200,29,0,0,36,5037,8465,0,0,https://www.cruiseaway.com.au/,,"I remember when cruise-away.com.au was buried on page 7, struggling to attract any visitors. After discovering SEOExpress.org and their affordable SEO packages, everything changed. Within just two months, my site jumped to page 1 and traffic skyrocketed from 150 to over 5,000 monthly visits! Investing in them felt like the best decision I ever made for my business 🌟",,https://cruise-away.com.au/,301,text,true,false,true,false,false,false,true,,,linkfound,2026-05-06 14:03:29,2026-05-06 14:03:29,,,Article > Story,Internet > Web services > SEO and marketing; Business > Marketing > Marketing,1
Most Visited website list 1977 | Most Ranking Directory,https://mostrankingdirectory.com/most-visited-website-list-1977/,en,wordpress,200,55,0,0,0,5397,7127,0,0,https://www.cruiseaway.com.au/,,dreamlines.com.au,,https://dreamlines.com.au/,301,text,true,false,false,false,false,false,true,,,pagefound,2025-12-16 19:02:32,2026-04-27 22:50:13,,,Listing collection > Business,Internet > Search engines; Business > Business services > Consulting; Reference,1
CruiseAway: Local Cruise Deals | Milled,https://milled.com/cruiseaway-by-dreamlines-pty-ltd/local-cruise-deals-uSHJok9clA9ZSKAd,en,,200,74,0,24993,0,4,30,0,0,https://www.cruiseaway.com.au/cruise/4-day-cruise-with-the-royal-princess-to-sydney-16383056,,4 day cruise with the Royal Princess to Sydney,,,,text,false,true,true,false,false,false,true,,,linkfound,2026-03-30 17:34:52,2026-03-30 17:34:52,,,,,1
Most Visited website list 1977 | Top Domain Directory,https://topdomaindirectory.com/most-visited-website-list-1977/,en,wordpress,200,55,0,0,0,5396,7129,0,0,https://www.cruiseaway.com.au/,,dreamlines.com.au,,https://dreamlines.com.au/,301,text,true,false,false,false,false,false,true,,,pagefound,2026-01-27 02:31:33,2026-04-27 22:46:59,,,Listing collection > Business,Internet > Web services > Analytics; Business > Business services > Consulting,1
My Moz DA Increased by 30 Points Thanks to Fiverr Quality Backlinks 🚀 ★★★★★,https://fiverr-quality-seo-at-affordable-rates.site/fiverr-quality-backlinks-raised-my-moz-da-30-points/,en,wordpress,200,72,0,0,0,5289,5786,0,0,https://www.cruiseaway.com.au/,,"After using Fiverr services, dreamlines.com.au gained +200% more leads than before 🔥",,https://dreamlines.com.au/,301,text,true,true,true,false,false,false,true,,,pagefound,2026-04-29 07:59:48,2026-04-29 07:59:48,,,Article > Guide,Internet > Web services > SEO and marketing; Business > Marketing > Marketing,1
"20-night USA cruises + flights from $3,799 - couponaustralia",https://www.couponaustralia.com/coupon/f391700,en,,200,0,0,0,0,2,2,0,0,https://www.cruiseaway.com.au/cruise/south-pacific-serenade-1072285?redirect_tracking_params={,You can get deal at,Here,.,,,text,false,true,false,false,false,false,true,,,linkfound,2026-05-01 09:03:15,2026-05-01 09:03:15,,,,,2
CruiseAway: Don’t Break the Piggy Bank 💰 Local Cruise Deals Are Here | Milled,https://milled.com/cruiseaway-by-dreamlines-pty-ltd/dont-break-the-piggy-bank-local-cruise-deals-are-here-82T9Zp7O4yA4bEH4,en,,200,74,0,24993,0,4,24,0,0,https://www.cruiseaway.com.au/cruise/australia-from-sydney-australia-with-the-royal-princess-17857472?allInclusive=false&filterParams%5BcabinKind%5D%5B0%5D=19&selectedSail=17857473,,Coastal Cities & Tasmanian Discovery,,,,text,false,true,true,false,false,false,true,,,pagefound,2026-04-17 23:07:43,2026-04-17 23:07:43,,,,,1
"Today: BELLONA (Solomon Islands) Info, Dec 24, 2011",https://www.interalex.net/2011/12/bellona-solomon-islands-info-dec-24.html,en,,200,3.5,0,0,0,91,158,0,0,http://www.cruiseaway.com.au/cruise-port/rennell_island_solomon_islands,,"Rennell Island, Solomon Islands - Cruise Away",,,,text,false,true,false,false,false,false,true,,,linkrestored,2020-12-18 09:49:12,2026-04-20 19:01:28,,,Article > News,Travel > Tourist destinations > Islands; Entertainment; Reference > Geographic reference > Maps,2
Directory website list 94 | Semrush Directory,https://semrushdirectory.com/directory-website-list-94/,en,wordpress,200,20,0,0,0,5381,7216,0,0,https://www.cruiseaway.com.au/,,cruiseaway,,https://cruiseaway.com.au/,301,text,true,false,false,false,false,false,true,,,pagefound,2025-09-17 05:10:54,2026-04-25 00:54:55,,,Listing collection > Business,Business > Business services > Other; Reference > Listings > Business; Internet,2
Today: BELEP ISLANDS (New Caledonia) Info,https://www.interalex.net/2011/01/belep-islands-new-caledonia-info.html,en,,200,3.5,0,0,0,101,285,0,0,http://www.cruiseaway.com.au/cruise-port/lifou_loyalty_islands,,"Lifou, Loyalty Islands - Cruise Away",,,,text,false,false,false,false,false,false,true,,,linkrestored,2020-12-04 01:43:01,2026-04-19 23:54:43,,,Article > News,News > Local news; Travel > Tourist destinations > Islands; Reference > Geographic reference; Entertainment,2
CruiseAway: Bundle & Save: Get Up to $500 Onboard Credit for 2026 Cruises! | Milled,https://milled.com/cruiseaway-by-dreamlines-pty-ltd/bundle-and-save-get-up-to-500-onboard-credit-for-2026-cruises-h2ITMNEbIVmVX016,en,,200,74,0,24993,0,4,27,0,0,https://www.cruiseaway.com.au/black-friday-super-sales,,Black Friday,,,,image,false,true,true,false,false,false,true,,,pagefound,2026-04-09 12:17:03,2026-04-09 12:17:03,,,,,1
Directory website list 94 | Medium Directory,https://mediumdirectory.com/directory-website-list-94/,en,wordpress,404,14,0,0,0,4997,5932,0,0,https://www.cruiseaway.com.au/,,cruiseaway,,https://cruiseaway.com.au/,301,text,true,false,false,false,false,false,true,notfound,,pagefound,2025-10-19 06:20:57,2025-11-07 14:19:12,2026-04-11 13:55:46,,,,2
Directory website list 1977 | Supreme Directory,https://supremedirectory.com/directory-website-list-1977/,en,wordpress,404,16,0,0,0,5181,6051,0,0,https://www.cruiseaway.com.au/,,dreamlines.com.au,,https://dreamlines.com.au/,301,text,true,false,false,false,false,false,true,notfound,,pagefound,2025-09-13 05:46:33,2025-11-09 03:31:09,2026-04-18 00:18:23,,,,1
CruiseAway: 📣*REDUCED PRICES * EXCLUSIVES * LAST MINUTE DEALS * & MORE | Milled,https://milled.com/cruiseaway-by-dreamlines-pty-ltd/reduced-prices-exclusives-last-minute-deals-and-more-JWHm4I5_cl610VsN,en,,200,74,0,24993,0,6,24,0,0,https://www.cruiseaway.com.au/cruise/norway--the-northern-lights-16854830,,Norway & The Northern Lights,,,,text,false,true,true,false,false,false,true,,,linkfound,2026-03-30 19:15:45,2026-03-30 19:15:45,,,,,1
Australian Marketing Trends to the Watch in 2024 AdNews – Link O DIRECTORY,https://linkodirectory.com/australian-marketing-trends-to-the-watch-in-2024-adnews/,en,wordpress,200,32,0,0,0,2332,3904,0,0,https://www.cruiseaway.com.au/,,cruiseaway,,https://cruiseaway.com.au/,301,text,true,true,false,false,false,false,true,,,pagefound,2025-08-08 02:21:37,2026-05-07 03:00:31,,,,,2
Most Visited website list 94 | Social Zone Directory,https://socialzonedirectory.com/most-visited-website-list-94/,en,wordpress,200,56,0,0,0,5390,7223,0,0,https://www.cruiseaway.com.au/,,cruiseaway,,https://cruiseaway.com.au/,301,text,true,false,false,false,false,false,true,,,pagefound,2025-09-10 21:33:20,2026-05-11 13:55:07,,,Listing collection > Business,Internet > Web services > Development; Society > Social sciences; Business > Business services; Reference > Listings > Business; Entertainment,2
"Before Discovering SEOExpress.org, I Spent Years on Expensive Agencies That Didn't Deliver the Results Promised. Eventually, I Tried Their White-Hat Backlinks Service and In Just Eight Weeks, My Domain Authority Ramped Up from DA 15 to DA 48 and Leads Poured In at a Rate of Over One Hundred Per Month! Best Investment in SEO ★★★★★ 💎 — SEO High Ranking",https://seo-high-ranking.shop/before-discovering-seoexpress-i-spent-years-on-expensive-agencies-that-didnt-deliver-the-results-promised-eventually-i-tried-their-white-hat-backlinks-service-and-in-only-eight-weeks-my,en,,200,29,0,0,36,5038,8463,0,0,https://www.cruiseaway.com.au/,,"I remember when cruise-away.com.au was buried on page 7, struggling to attract any visitors. After discovering SEOExpress.org and their affordable SEO packages, everything changed. Within just two months, my site jumped to page 1 and traffic skyrocketed from 150 to over 5,000 monthly visits! Investing in them felt like the best decision I ever made for my business 🌟",,https://cruise-away.com.au/,301,text,true,false,true,false,false,false,true,,,linkfound,2026-04-19 14:51:52,2026-05-08 06:58:25,,,Article > Story,Internet > Web services > SEO and marketing; Business > Marketing > Marketing,1
"Today: HO CHI MINH, SAIGON (Vietnam) Info, Jan 14, 2012",https://www.interalex.net/2012/01/ho-chi-minh-saigon-vietnam-info-jan-14.html,en,,200,3.5,0,0,0,97,178,0,0,http://www.cruiseaway.com.au/cruise-port/ho-chi-minh-city-phu-my-vietnam,,"Ho Chi Minh City, (Phu My), Vietnam - Cruise Away",,,,text,false,false,false,false,false,false,true,,,linkrestored,2020-12-17 13:54:05,2026-04-14 15:34:51,,,Article > News,Travel > Tourist destinations > Other; Entertainment; News,1
"Today: SAN PIETRO ISLAND (Italy) Info, Aug 24, 2012",https://www.interalex.net/2012/08/san-pietro-island-italy-info-aug-24-2012.html,en,,200,3.5,0,0,0,94,159,0,0,http://www.cruiseaway.com.au/cruise-port/carloforte_san_pietro,,"Carloforte, San Pietro - Cruise Away - Cruises | Best Cheap ...",,,,text,false,true,false,false,false,false,true,,,linkrestored,2020-12-17 07:59:33,2026-04-12 18:19:09,,,Article > News,Travel > Tourist destinations > Islands; Entertainment > Music; Reference > Geographic reference,1
"CruiseAway: ✨Uncover the Wonders of Asia with Princess, Bullet Trains, Mt Fuji & much more🌊 | Milled",https://milled.com/cruiseaway-by-dreamlines-pty-ltd/uncover-the-wonders-of-asia-with-princess-bullet-trains-mt-fuji-and-much-more-GoyuJttRKnmcbF7T,en,"cms, message-boards, wikis",200,74,0,24993,0,5,32,0,0,https://www.cruiseaway.com.au/cruise/fuji-horizon-imperial-cities-18746924?filterParams%5BcabinKind%5D%5B0%5D=20&selectedSail=17719987,,Majestic Isles & Celtic Shores Inclusive,,,,image,false,true,true,false,false,false,true,,,pagefound,2026-04-17 03:34:14,2026-04-17 03:34:14,,,,,1
"Cruiseaway.com.au - анализ сайта, seo характеристики сайта - круисеаваы точка ком точка ау",https://prlog.ru/analysis/cruiseaway.com.au,,,200,51,0,91,0,44,251,0,0,https://www.cruiseaway.com.au/cruise-sale-finder,,cruiseaway.com.au/cruise-sale-finder,,https://cruiseaway.com.au/cruise-sale-finder,301,text,false,true,true,false,false,false,true,,,linkrestored,2019-07-22 20:05:01,2026-05-07 18:56:13,,,,,1
feelfree.in | few of top websites | page no. 363,https://www.feelfree.in/domain-list-363,en,,200,8,0,0,0,1058,2045,0,0,https://www.cruiseaway.com.au/,,cruiseaway.com.au,,"http://cruiseaway.com.au/, https://cruiseaway.com.au/","301, 301",text,true,true,true,false,false,false,true,,,linkrestored,2022-12-19 03:02:52,2026-02-12 15:37:11,,,Listing collection > Business,Internet > Web services > Analytics,1
"Today: LOFOTEN Islands (Norway) Info, Dec 26, 2010",https://www.interalex.net/2010/12/lofoten-islands-norway-info.html,en,,200,3.5,0,0,0,114,359,0,0,http://www.cruiseaway.com.au/cruise-port/lofoten_islands_norway,,"Lofoten Islands, Norway - Cruise Away",,,,text,false,true,false,false,false,false,true,,,linkrestored,2020-10-12 21:50:01,2026-04-27 00:58:05,,,Article > Roundup,Travel > Tourist destinations > Islands; Reference > Geographic reference > Maps; Entertainment,1
"Today: PORT OF SPAIN (Trinidad and Tobago) Info (year 2011), Jan 19, 2012",https://www.interalex.net/2012/01/port-of-spain-trinidad-and-tobago-info.html,en,,200,3.5,0,0,0,88,163,0,0,http://www.cruiseaway.com.au/cruise-port/trinidad_port_spain,,Trinidad (Port of Spain) - Cruise Away - Cruises | Best Cheap ...,,,,text,false,false,false,false,false,false,true,,,linkrestored,2020-11-04 04:00:44,2026-04-25 17:59:53,,,Article > Roundup,Travel > Tourist destinations > Islands; Reference > Geographic reference; Entertainment,1
Carnival vs Royal Caribbean Australia 2026,https://sunsetweekly.com/carnival-vs-royal-caribbean-australia-2026-family-guide/,en,wordpress,200,7,0,0,0,7,10,0,0,https://www.cruiseaway.com.au/royal-caribbean-packages,,Royal Caribbean,"deploysOvation of the Seas(348 metres, approximately 4,905 passengers) from the",,,text,false,true,true,false,true,false,true,,,linkfound,2026-05-06 23:52:21,2026-05-06 23:52:21,,,,,1
"Running My Small Business, I've Always Known How Critical SEO Is but Customizing Keywords Made Me Feel Intimidated Until Researching SEOExpress.org. This Exceptional Team Helped Negotiate Top Keywords for My Niche Resulting in Visible Traffic Growth of Two Hundred Fifty Percent Plus Real Conversions Started Happening—It's Truly Remarkable! ★★★★★ 🌟 — Ranking High SEO",https://therankinghighseo.shop/running-my-small-business-have-always-known-how-critical-seo-is-but-customizing-keywords-made-me-feel-intimidated-until-researching-seoexpress-an-exceptional-team-helped-negotiate-top,en,,200,29,0,0,35,5232,8726,0,0,https://www.cruiseaway.com.au/,,There was a time when cruiseaway.com.au didn't attract any attention at all—it was disheartening! Then came along SEOExpress.org's outstanding guest posting services: overnight it seemed my authority grew tremendously as well as my visitor count shot through the roof by an astonishing +280%! That kind of result is hard not to love; go check out what they offer 🌟,,https://cruiseaway.com.au/,301,text,true,false,true,false,false,false,true,,,pagefound,2026-04-28 09:09:58,2026-04-28 09:09:58,,,Article > Story,Internet > Web services > SEO and marketing; Business > Small business > Business formation,1
Directory website list 1928 | AI Backlink Directory,https://aibacklinkdirectory.com/directory-website-list-1928/,en,wordpress,404,18,0,0,0,5148,5512,0,0,https://www.cruiseaway.com.au/,,cruiseaway,,https://cruiseaway.com.au/,301,text,true,false,false,false,false,false,true,notfound,,pagefound,2025-08-28 17:47:37,2025-11-18 01:56:17,2026-04-17 10:20:39,,,,2
Most Visited website list 1976 | Smart Way Directory,https://smartwaydirectory.com/most-visited-website-list-1976/,en,wordpress,200,56,0,0,0,5403,7177,0,0,https://www.cruiseaway.com.au/,,cruiseaway.com.au,,https://cruiseaway.com.au/,301,text,true,false,false,false,false,false,true,,,pagefound,2025-10-02 13:26:18,2026-05-08 07:40:53,,,Listing collection > Business,Internet > Web services > SEO and marketing; Business > Business services > Consulting,1
"Cruiseaway.com.au - анализ сайта, seo характеристики сайта - круисеаваы точка ком точка ау",https://prlog.ru/analysis/cruiseaway.com.au,,,200,51,0,91,0,44,251,0,0,https://www.cruiseaway.com.au/cruiseline/royal-caribbean-cruises?priceMin=450,,cruiseaway.com.au/cruiseline/royal-caribbean-cruises?priceMi...,,https://cruiseaway.com.au/cruiseline/royal-caribbean-cruises?priceMin=450,301,text,false,true,true,false,false,false,true,,,linkrestored,2019-07-22 20:05:01,2026-05-07 18:56:13,,,,,1
onemilliondomains.com | few of top websites | page no. 350,https://www.onemilliondomains.com/domain-list-350,en,,200,7,0,0,0,1078,2112,0,0,https://www.cruiseaway.com.au/,,cruiseaway.com.au,,"http://cruiseaway.com.au/, https://cruiseaway.com.au/","301, 301",text,true,true,true,false,false,false,true,,,linkrestored,2025-05-01 23:30:14,2026-04-04 00:00:44,,,Site page > Services,Internet > Web services > Analytics,2
CruiseAway: 🐰 Hop Into Holiday Mode | Egg-cellent Cruise Deals Await | Milled,https://milled.com/cruiseaway-by-dreamlines-pty-ltd/hop-into-holiday-mode-egg-cellent-cruise-deals-await-4ClPPiW_XTFUTbmk,en,,200,74,0,24993,0,5,21,0,0,https://www.cruiseaway.com.au/cruise-lines-specials,,Super Savings »,,,,text,false,true,true,false,false,false,true,,,pagefound,2026-04-18 11:44:19,2026-04-18 11:44:19,,,,,4
"I Started With Less Than Ten Permanent Backlinks on My Site, But After Two Months of SEOExpress.org's Services, I Have Over Two Hundred High-Quality Links Ranking Me at the Top of Major Google Searches for Key Products. It’s affordable SEO that pays off big time! 🌟🔥 — My Sky Shop",https://mysky-shop.shop/i-started-with-less-than-ten-permanent-backlinks-on-my-site-and-now-after-two-months-of-seoexpress-com-services-I-have-over-two-hundred-high-quality-links-ranking-me-on-top-of-major-google,en,,200,29,0,0,36,5194,8755,0,0,https://www.cruiseaway.com.au/,,I used to think SEO meant pricey consultants until I discovered SEOExpress.org while searching online for help with dreamlines.cn. Their budget-friendly packages delivered results fast: organic traffic more than tripled from under 200 visits/month after only two months! The combination of guest blogging and PBN links worked wonders—I recommend them wholeheartedly 🌟,,https://dreamlines.cn/,301,text,true,false,true,false,false,false,true,,,linkfound,2026-05-05 07:27:31,2026-05-05 07:27:31,,,Article > Story,Internet > Web services > SEO and marketing; Business > Marketing > Marketing,1
"CruiseAway: Ready, Set, Sail! (Whenever You Want) | Milled",https://milled.com/cruiseaway-by-dreamlines-pty-ltd/ready-set-sail-whenever-you-want-WJIm_obCGwM5pPYX,en,,200,74,0,24993,0,3,3,0,0,https://www.cruiseaway.com.au/,,"Mediterranean Sea from Rome (Civitavecchia), Italy with the Celebrity Constellation",,,,text,false,false,true,false,false,false,true,,,linkfound,2026-04-03 19:38:50,2026-04-03 19:38:50,,,,,4
"Today: DODOMA AND DAR ES SALAAM (Tanzania) Info, Jan 13, 2012",https://www.interalex.net/2012/01/dodoma-and-dar-es-salaam-tanzania-info.html,en,,200,3.5,0,0,0,100,192,0,0,http://www.cruiseaway.com.au/cruise-port/zanzibar_tanzania,,"Zanzibar, Tanzania - Cruise Away",,,,text,false,true,false,false,false,false,true,,,linkrestored,2020-12-17 08:10:21,2026-04-21 09:20:21,,,Article > News,Travel > Tourist destinations > Other; Reference > Geographic reference > Maps; Entertainment; Society,1
Directory website list 1976 – Business Growth 953 | Ahrefs links,https://ahrefs-links.com/directory-website-list-1976-business-growth-953/,en,wordpress,200,14,0,0,0,5393,7157,0,0,https://www.cruiseaway.com.au/,,cruiseaway.com.au,,https://cruiseaway.com.au/,301,text,true,false,false,false,false,false,true,,,pagefound,2025-09-29 16:56:38,2026-05-10 12:43:25,,,Listing collection > Business,Business > Business services > Consulting,1
topdirectory.co.in | few of top websites | page no. 363,https://www.topdirectory.co.in/domain-list-363,en,,200,6,0,0,0,1081,2076,0,0,https://www.cruiseaway.com.au/,,cruiseaway.com.au,,"http://cruiseaway.com.au/, https://cruiseaway.com.au/","301, 301",text,true,true,true,false,false,false,true,,,linkrestored,2024-12-01 10:34:59,2026-04-23 03:34:45,,,Listing collection > Business,Internet > Web services > Analytics; Reference > Listings,1
"I Started With Less Than Ten Permanent Backlinks on My Site, But After Two Months of SEOExpress.org's Services, I Have Over Two Hundred High-Quality Links Ranking Me at the Top of Major Google Searches for Key Products. It’s affordable SEO that pays off big time! 🌟🔥 — High Rank SEO",https://thehighrankseo.shop/i-started-with-less-than-ten-permanent-backlinks-on-my-site-and-now-after-two-months-of-seoexpress-com-services-I-have-over-two-hundred-high-quality-links-ranking-me-on-top-of-major-google,en,,200,28,0,0,36,5194,8793,0,0,https://www.cruiseaway.com.au/,,I used to think SEO meant pricey consultants until I discovered SEOExpress.org while searching online for help with dreamlines.cn. Their budget-friendly packages delivered results fast: organic traffic more than tripled from under 200 visits/month after only two months! The combination of guest blogging and PBN links worked wonders—I recommend them wholeheartedly 🌟,,https://dreamlines.cn/,301,text,true,false,true,false,false,false,true,,,linkfound,2026-05-02 11:42:39,2026-05-02 11:42:39,,,Article > Story,Internet > Web services > SEO and marketing; Business > Marketing > Marketing,1
cricketlive.co.in | few of top websites | page no. 363,https://www.cricketlive.co.in/domain-list-363,en,,200,4.8,0,0,0,1056,2031,0,0,https://www.cruiseaway.com.au/,,cruiseaway.com.au,,"http://cruiseaway.com.au/, https://cruiseaway.com.au/","301, 301",text,true,true,true,false,false,false,true,,,linkrestored,2024-11-17 08:33:47,2026-03-04 05:44:10,,,Listing collection > Business,Sports > Team sports > Cricket,1
"Today: WELLINGTON (New Zealand) Info (year 2011), Jan 29, 2012",https://www.interalex.net/2012/01/wellington-new-zealand-info-year-2011.html,en,,200,3.5,0,0,0,94,166,0,0,http://www.cruiseaway.com.au/cruise-port/wellington_new_zealand,,"Wellington, New Zealand - Cruise Away - Cruises | Best Cheap ...",,,,text,false,false,false,false,false,false,true,,,pagefound,2022-06-13 20:22:14,2026-04-23 10:56:03,,,Article > News,Reference > Geographic reference; News > Local news; Entertainment; Society > Other; Travel,1
"Cruiseaway.com.au - анализ сайта, seo характеристики сайта - круисеаваы точка ком точка ау",https://prlog.ru/analysis/cruiseaway.com.au,,,200,51,0,91,0,44,251,0,0,http://www.cruiseaway.com.au/cruise-port/bora_bora_tahiti_french_polynesia/,,cruiseaway.com.au/cruise-port/...,,,,text,false,false,true,false,false,false,true,,,pagefound,2019-07-22 20:05:01,2026-05-07 18:56:13,,,,,1
CruiseAway: ✨Incredible Ship – Incredible journey’s ✨ | Milled,https://milled.com/cruiseaway-by-dreamlines-pty-ltd/incredible-ship-incredible-journeys-4gMbm-7o9sPT7vX4,en,,200,74,0,24993,0,5,26,0,0,https://www.cruiseaway.com.au/cruise/australia-from-sydney-australia-with-the-carnival-adventure-18152490,,"Australia from Sydney, Australia with the Carnival Adventure",,,,text,false,true,true,false,false,false,true,,,pagefound,2026-04-15 04:19:48,2026-04-15 04:19:48,,,,,4
"CruiseAway: ✨Uncover the Wonders of Asia with Princess, Bullet Trains, Mt Fuji & much more🌊 | Milled",https://milled.com/cruiseaway-by-dreamlines-pty-ltd/uncover-the-wonders-of-asia-with-princess-bullet-trains-mt-fuji-and-much-more-GoyuJttRKnmcbF7T,en,"cms, message-boards, wikis",200,74,0,24993,0,5,32,0,0,https://www.cruiseaway.com.au/cruise/from-shoguns-to-skyscrapers-18746953?filterParams%5BcabinKind%5D%5B0%5D=19&selectedSail=17719947,,Enchanted Shores of the Med Inclusive,,,,image,false,true,true,false,false,false,true,,,pagefound,2026-04-17 03:34:14,2026-04-17 03:34:14,,,,,1
Travel Ideas for Attorneys - JDJournal Blog,https://www.jdjournal.com/2015/03/30/travel-ideas-for-attorneys/,en,wordpress,200,51,0,335,0,17,28,0,0,http://www.cruiseaway.com.au/ships/barefoot-cruises/,,http://www.cruiseaway.com.au/ships/barefoot-cruises/,,,,text,false,true,true,false,false,false,true,,,pagefound,2023-03-01 15:32:56,2026-04-23 16:02:08,,Harrison Barnes,,,2
list1008 | ICASSCT CONFERENCE,https://icassct.com/list1008/,en,wordpress,200,1.9,0,0,2,5383,7221,0,0,https://www.cruiseaway.com.au/,,cruiseaway,,https://cruiseaway.com.au/,301,text,true,false,false,false,false,true,true,,,pagefound,2024-10-21 09:02:27,2026-05-11 00:04:22,,,Site page > Services,Entertainment > Events > Conventions; Science > Scientific institutions; Society > Social sciences; Jobs and education,1
CruiseAway Affiliate Program - Affiliate Collective,https://affiliatecollective.com/affiliate/cruise-away/,en,,200,0.3,0,1,0,2,2,0,0,https://www.cruiseaway.com.au/affiliate-program,,Join now,,,,text,false,true,true,false,false,false,true,,,pagefound,2026-01-26 20:20:53,2026-04-26 01:54:29,,,,,1
CruiseAway: 📣*REDUCED PRICES * EXCLUSIVES * LAST MINUTE DEALS * & MORE | Milled,https://milled.com/cruiseaway-by-dreamlines-pty-ltd/reduced-prices-exclusives-last-minute-deals-and-more-yTSjMmtrnbqpaBvq,en,,200,74,0,24993,0,6,23,0,0,https://www.cruiseaway.com.au/fly-cruises,,All Fly/Cruise Packages,,,,image,false,true,true,false,false,false,true,,,pagefound,2025-01-22 19:58:08,2026-03-30 19:15:38,,,,,2
"Dreamlines Cruises - Legal Services in North Sydney, NSW - True Finders",https://truefinders.com.au/business/dreamlines.com.au,en,,200,20,0,2,0,5,6,0,0,https://www.cruiseaway.com.au/,,http://www.dreamlines.com.au,,http://www.dreamlines.com.au/,301,text,false,false,false,false,false,false,true,,,pagefound,2025-07-28 11:30:42,2026-01-27 09:49:21,,,Listing > Business,Government > Legal > Services; Travel > Travel agencies > Other,2
Directory website list 1928 | Link Directory Zone,https://linkdirectoryzone.com/directory-website-list-1928/,en,wordpress,200,21,0,0,0,5392,6257,0,0,https://www.cruiseaway.com.au/,,cruiseaway,,https://cruiseaway.com.au/,301,text,true,false,false,false,false,false,true,,,pagefound,2025-09-29 10:23:13,2026-04-23 01:45:45,,,Listing collection > Business,Business > Business services > Consulting; Reference > Listings > Business; Internet,2
"Save on travel adventures at Click Frenzy's big event for 2025 | Crookwell Gazette | Crookwell, NSW",https://www.crookwellgazette.com.au/story/9043916/save-on-travel-adventures-at-click-frenzys-big-event-for-2025/,en,,200,34,0,221,0,26,42,0,0,https://www.cruiseaway.com.au/cruise-deals,,Cruiseaway,- $400 onboard credit and reduced deposits on cruises,,,text,false,true,false,false,false,false,true,,,pagefound,2025-08-28 12:17:01,2026-05-06 06:54:35,,,,,1
"Save on travel adventures at Click Frenzy's big event for 2025 | The Standard | Warrnambool, VIC",https://www.standard.net.au/story/9043916/save-on-travel-adventures-at-click-frenzys-big-event-for-2025/,en,,200,64,0,37591,0,28,44,0,0,https://www.cruiseaway.com.au/cruise-deals,,Cruiseaway,- $400 onboard credit and reduced deposits on cruises,,,text,false,true,false,false,false,false,true,,,pagefound,2025-08-28 02:40:14,2026-05-06 15:59:22,,,,,1
Most Visited website list 1977 | Media Zone Directory,https://mediazonedirectory.com/most-visited-website-list-1977/,en,wordpress,200,19,0,0,0,5403,7156,0,0,https://www.cruiseaway.com.au/,,dreamlines.com.au,,https://dreamlines.com.au/,301,text,true,false,false,false,false,false,true,,,pagefound,2025-12-24 07:32:44,2026-05-11 11:16:09,,,Listing collection > Business,Internet > Web services > Analytics; News; Business > Business services; Reference > Listings; Entertainment,1
CruiseAway: 🏦Cruise Deals That Won't Break The Bank🏦 | Milled,https://milled.com/cruiseaway-by-dreamlines-pty-ltd/cruise-deals-that-wont-break-the-bank-KArcFzneqfr4s8B5,en,,200,74,0,24993,0,6,21,0,0,https://www.cruiseaway.com.au/cruise/auckland-to-the-harbour-bridge-17016138,,Auckland to the Harbour Bridge Auckland to the Harbour Bridge,,,,image,false,true,true,false,false,false,true,,,pagefound,2025-01-22 11:35:55,2026-05-09 03:39:39,,,,,1
"Save on travel adventures at Click Frenzy's big event for 2025 | Bay Post-Moruya Examiner | Batemans Bay, NSW",https://www.batemansbaypost.com.au/story/9043916/save-on-travel-adventures-at-click-frenzys-big-event-for-2025/,en,,200,43,0,2267,0,28,44,0,0,https://www.cruiseaway.com.au/cruise-deals,,Cruiseaway,- $400 onboard credit and reduced deposits on cruises,,,text,false,true,false,false,false,false,true,,,pagefound,2025-08-28 04:08:55,2026-04-27 09:12:02,,,,,1
Directory website list 1977 | SEO Elite Directory,https://seoelitedirectory.com/directory-website-list-1977/,en,wordpress,404,14,0,0,0,5182,6050,0,0,https://www.cruiseaway.com.au/,,dreamlines.com.au,,https://dreamlines.com.au/,301,text,true,false,false,false,false,false,true,notfound,,pagefound,2025-09-30 12:47:12,2025-12-03 18:35:15,2026-04-19 16:08:54,,,,1
Stress Management Ideas – Finding Calm in a Busy World – worldbusinesspromote,https://worldbusinesspromote.com/stress-management-ideas-finding-calm-in-a-busy-world/,en,wordpress,200,24,0,0,0,2691,3577,0,0,https://www.cruiseaway.com.au/,cruiseabout.com.au cruiseautomotive.com.au,cruiseaway.com.au,cruisebar.com.au cruisecraft.com.au,https://cruiseaway.com.au/,301,text,true,true,true,false,false,false,true,,,pagefound,2026-04-09 14:11:59,2026-04-22 12:16:27,,,,,1
CruiseAway: 🏦Cruise Deals That Won't Break The Bank🏦 | Milled,https://milled.com/cruiseaway-by-dreamlines-pty-ltd/cruise-deals-that-wont-break-the-bank-KArcFzneqfr4s8B5,en,,200,74,0,24993,0,6,21,0,0,https://www.cruiseaway.com.au/cruise/nubuta-summer-festivals-cruise-with-tour-17053422,,"Nubuta, Summer Festivals Cruise with Tour Nubuta, Summer Festivals Cruise with Tour",,,,image,false,true,true,false,false,false,true,,,pagefound,2025-01-22 11:35:55,2026-05-09 03:39:39,,,,,2
achievedomains.com | few of top websites | page no. 363,https://www.achievedomains.com/domain-list-363,en,,200,4.6,0,0,0,1057,2045,0,0,https://www.cruiseaway.com.au/,,cruiseaway.com.au,,"http://cruiseaway.com.au/, https://cruiseaway.com.au/","301, 301",text,true,true,true,false,false,false,true,,,pagefound,2025-03-08 17:07:15,2026-04-04 02:29:25,,,Site page > Services,Internet > Web services > Development,1
Google Buzz and SEO – APSOZ,https://apsoz.com/google-buzz-and-seo/,en,wordpress,200,31,0,0,0,5400,6268,0,0,https://www.cruiseaway.com.au/,,cruiseaway,,https://cruiseaway.com.au/,301,text,true,false,false,false,false,false,true,,,pagefound,2025-05-03 11:28:00,2026-04-28 10:50:45,,,Article > Guide,Internet > Web services > SEO and marketing,1
Eurekster,https://p.eurekster.com/?id=&apdiv=Submit&search=South%20America%20Cruises,en,,200,51,0,0,0,104,126,0,0,https://www.cruiseaway.com.au/cruises/south-america,,South America Cruises 2020 - 2021 | Save up to -50% OFF,,,,text,false,false,false,false,false,false,true,,,pagefound,2022-07-25 00:17:29,2026-02-20 14:54:06,,,,,3
toplist.co.in | Top List Of Websites | page no. 455,https://www.toplist.co.in/domain-list-455,en,,200,14,0,0,0,1090,1882,0,0,https://www.cruiseaway.com.au/,,cruiseaway.com.au,,"http://cruiseaway.com.au/, https://cruiseaway.com.au/","301, 301",text,true,true,true,false,false,false,true,,,linkfound,2026-04-27 07:20:39,2026-04-27 07:20:39,,,Listing collection > Business,Internet > Web services > Development; Reference > Listings > Business; Business > Business services,2
Directory website list 1977 | Top tier directory,https://toptierdirectory.com/directory-website-list-1977/,en,wordpress,200,18,0,0,0,5403,7163,0,0,https://www.cruiseaway.com.au/,,dreamlines.com.au,,https://dreamlines.com.au/,301,text,true,false,false,false,false,false,true,,,pagefound,2025-12-09 20:44:23,2026-05-10 14:00:48,,,Listing collection > Business,Business > Business services > Consulting; Reference > Listings > Business; Internet,1
🛸 Dark Side Links - Dark/White Hat Link Building Services | SBL Commerce,https://shoplogist.com/dark-side-links-dark-white-hat-link-building-995/,en,wordpress,200,2.1,0,0,0,3065,3501,0,0,https://www.cruiseaway.com.au/,DARK HAT AND WHITE HAT BACKLINKS,JOIN OUR TELEGRAM https://t.me/s/darksidelinks,FOR CHEAP AND GOOGLE FRIENDLY BACKLINKS,,,text,true,false,true,false,false,false,true,,,linkfound,2026-05-08 23:00:30,2026-05-08 23:00:30,,Sheikh Riyad,Site page > Services,Internet > Web services > SEO and marketing; Business > Marketing > Marketing,1
Directory website list 94 | Web Us Directory,https://webusdirectory.com/directory-website-list-94/,en,wordpress,404,14,0,0,0,5273,7038,0,0,https://www.cruiseaway.com.au/,,cruiseaway,,https://cruiseaway.com.au/,301,text,true,false,false,false,false,false,true,notfound,,pagefound,2025-08-27 23:56:44,2025-10-25 19:11:20,2026-04-13 01:59:36,,,,2
Most Visited website list 1976 | Marketing Directory,https://marketingdirectoy.com/most-visited-website-list-1976/,en,wordpress,200,18,0,0,0,5395,7161,0,0,https://www.cruiseaway.com.au/,,cruiseaway.com.au,,https://cruiseaway.com.au/,301,text,true,false,false,false,false,false,true,,,pagefound,2025-08-30 19:21:00,2026-05-09 22:39:32,,,Listing collection > Business,Business > Marketing > Marketing; Internet > Web services > SEO and marketing,1
Do Blogroll Backlinks Still Work in 2025 for Pharmaceutical Websites? I Tested 10 Placements and Tracked Every Ranking Change — AuthorityBacklinks — Where Domain Authority Is Built Not Promised.,https://authoritybacklinks.shop/pqgmysm-pbn-links-strategically-hit-targets-legal-portfolio-page1-traffic/,en,,200,0,0,0,0,7933,8793,0,0,https://www.cruiseaway.com.au/,,Crush cruise-away.com.au Index Power: White-Hat Guest Posts + Permanent Dofollow Backlinks boosting Grow Ahrefs Domain Rating DR • Moz Domain Authority DA • Majestic Trust Flow TF — Any Website • Any Niche • Any Language,,https://cruise-away.com.au/,301,text,false,false,true,false,false,false,true,,,linkfound,2026-05-08 09:28:17,2026-05-08 09:28:17,,,Article > Opinion,Internet > Web services > SEO and marketing; Health > Pharmacy > Medications; Business,1
Directory website list 1928 | The Master Directory,https://themasterdirectory.com/directory-website-list-1928/,en,wordpress,200,18,0,0,0,5394,6261,0,0,https://www.cruiseaway.com.au/,,cruiseaway,,https://cruiseaway.com.au/,301,text,true,false,false,false,false,false,true,,,pagefound,2025-09-30 03:14:13,2026-05-01 20:30:43,,,Listing collection > Business,Business > Business services > Consulting; Reference > Listings > Business; Society,2
Overzicht cashbacks at CruiseAway | Compare cashbacks,https://www.123cashbacks.com/au/cashback/cruiseaway,en,,200,2.5,0,930,0,4,5,0,0,https://www.cruiseaway.com.au/,,Visit CruiseAway,,"http://www.123cashbacks.com/au/redirect/shop/64050, https://www.123cashbacks.com/au/redirect/shop/64050, http://www.cruiseaway.com.au/","301, 302, 301",text,false,true,true,false,false,false,true,,,linkfound,2026-04-26 20:45:44,2026-04-26 20:45:44,,,,,2
"Save on travel adventures at Click Frenzy's big event for 2025 | Katherine Times | Katherine, NT",https://www.katherinetimes.com.au/story/9043916/save-on-travel-adventures-at-click-frenzys-big-event-for-2025/,en,,200,46,0,2091,0,22,37,0,0,https://www.cruiseaway.com.au/cruise-deals,,Cruiseaway,- $400 onboard credit and reduced deposits on cruises,,,text,false,true,false,false,false,false,true,,,pagefound,2025-08-28 10:06:53,2026-05-08 10:37:47,,,,,1
"TELEGRAM t.me/seo_anomaly : SEO BACKLINKS, CROSS-LINKS, TRAFFIC BOOST, LINK INDEXING – Finduzz CatCafe",https://www.finduzzcatcafe.se/telegram-t-me-seo-anomaly-seo-backlinks-cross-30/,"en, sv","ecommerce, wordpress",200,27,0,6,0,1443,2303,0,0,https://www.cruiseaway.com.au/cruise-lines,,"SEO BACKLINKS, CROSS-LINKS, TRAFFIC BOOST, LINK INDEXING – TELEGRAM @SEO_ANOMALY",,https://www.cruiseaway.com.au/cruiseline/po-cruises,301,text,true,false,true,false,false,false,true,,,linkrestored,2025-04-04 15:17:09,2026-03-19 14:52:14,,,Article > Guide,Internet > Web services > SEO and marketing,2
"Expert SEO Backlinks and Authority Guest Posting Services for Gambling,igaming,Casino,Crypto,vapes and Other Highly Competitive Markets – Improve Google Rankings, Build Powerful Backlinks and Increase Organic Traffic with High DR and DA Websites – Experts SEO Backlinks and Authority Guest Posting Services for Gambling,igaming,Casino,Crypto,vapes and Other Highly Competitive Markets – Improve Google Rankings, Build Powerful Backlinks and Increase Organic Traffic with High DR and DA Websites",https://seogeko.shop/premium-seo-backlinks-to-boost-website-google-rankings-671-3/,en,wordpress,200,16,0,0,0,3463,3872,0,0,https://www.cruiseaway.com.au/,,"Premium SEO Backlinks cruise-away.com.au Provides High-Quality Authority Backlinks, Professional Guest Posting, and Advanced Link Building Services to Boost Google Rankings, Drive Targeted Organic Traffic, and Strengthen Website Authority in Gambling, Casino, Crypto, and Competitive Markets",,https://cruise-away.com.au/,301,text,true,false,true,false,false,false,true,,,linkfound,2026-05-06 11:33:20,2026-05-06 11:33:20,,,Site page > Services,Internet > Web services > SEO and marketing; Games > Gambling > Other; Business > Marketing > Marketing,2
"Before Discovering SEOExpress.org, I Spent Years on Expensive Agencies That Didn't Deliver the Results Promised. Eventually, I Tried Their White-Hat Backlinks Service and In Just Eight Weeks, My Domain Authority Ramped Up from DA 15 to DA 48 and Leads Poured In at a Rate of Over One Hundred Per Month! Best Investment in SEO ★★★★★ 💎 — Ekenko Shop",https://ekenkoshop.shop/before-discovering-seoexpress-i-spent-years-on-expensive-agencies-that-didnt-deliver-the-results-promised-eventually-i-tried-their-white-hat-backlinks-service-and-in-only-eight-weeks-my,en,,200,29,0,0,36,5038,8452,0,0,https://www.cruiseaway.com.au/,,"I remember when cruise-away.com.au was buried on page 7, struggling to attract any visitors. After discovering SEOExpress.org and their affordable SEO packages, everything changed. Within just two months, my site jumped to page 1 and traffic skyrocketed from 150 to over 5,000 monthly visits! Investing in them felt like the best decision I ever made for my business 🌟",,https://cruise-away.com.au/,301,text,true,false,true,false,false,false,true,,,pagefound,2026-05-09 08:31:08,2026-05-09 08:31:08,,,Article > Story,Internet > Web services > SEO and marketing; Business > Marketing > Marketing,1
Most Visited website list 1976 | Post Directory,https://postsdirectory.com/most-visited-website-list-1976/,en,wordpress,200,55,0,0,0,5393,7153,0,0,https://www.cruiseaway.com.au/,,cruiseaway.com.au,,https://cruiseaway.com.au/,301,text,true,false,false,false,false,false,true,,,pagefound,2025-09-08 19:10:44,2026-05-07 17:53:59,,,Listing collection > Business,Business > Business services; Internet > Web services > Development; News; Reference,1
5 Reasons To Go Cruising in Japan in 2018 | Travelzoo,https://www.travelzoo.com/au/blog/5-reasons-to-go-cruising-in-japan-in-2018/,en,,200,73,0,194488,0,4,6,0,0,https://www.cruiseaway.com.au/cruise/highlights-of-japan-cruise-and-tour-565638,Guests on,this 17-night Highlights of Japan Cruise & Tour,and this15-night Circle Japan with Nebuta and Festivals voyage,,,text,false,true,false,false,false,false,true,,,linkrestored,2019-01-14 10:26:13,2026-04-07 05:29:51,,,,,1
"Today: SAINT GEORGE'S (Grenada) Info (year 2011), Jan 25, 2012",https://www.interalex.net/2012/01/saint-georges-grenada-info-year-2011.html,en,,200,3.5,0,0,0,96,183,0,0,http://www.cruiseaway.com.au/cruise-port/st_georges_grenada,,"St Georges, Grenada - Cruise Away - Cruises | Best Cheap ...",,,,text,false,false,false,false,false,false,true,,,linkrestored,2020-12-18 01:39:56,2026-04-23 01:27:31,,,Article > News,Reference > Geographic reference; News > Local news; Travel > Tourist destinations; Entertainment,1
region.co.in | few of top websites | page no. 363,https://www.region.co.in/domain-list-363,en,,200,23,0,0,0,1060,2051,0,0,https://www.cruiseaway.com.au/,,cruiseaway.com.au,,"http://cruiseaway.com.au/, https://cruiseaway.com.au/","301, 301",text,true,true,true,false,false,false,true,,,linkrestored,2024-11-08 00:35:23,2026-05-09 18:13:29,,,Listing collection > Business,Internet > Web services > Analytics,1
Most Visited website list 1976 | Most Ranking Directory,https://mostrankingdirectory.com/most-visited-website-list-1976/,en,wordpress,200,55,0,0,0,5394,7156,0,0,https://www.cruiseaway.com.au/,,cruiseaway.com.au,,https://cruiseaway.com.au/,301,text,true,false,false,false,false,false,true,,,pagefound,2025-12-16 19:05:08,2026-04-27 22:02:32,,,Listing collection > Business,Internet > Search engines; Business > Business services > Consulting,1
CruiseAway: SAVE and SAIL | Milled,https://milled.com/cruiseaway-by-dreamlines-pty-ltd/save-and-sail-Y1kQpGDpm35gOX81,en,,200,74,0,24993,0,4,24,0,0,https://www.cruiseaway.com.au/cruise/australia-from-brisbane-australia-with-the-carnival-encounter-18151230?allInclusive=false&filterParams%5BcabinKind%5D%5B0%5D=19&selectedSail=18151286,,Great Barrier Reef from Brisbane,,,,text,false,true,true,false,false,false,true,,,linkfound,2026-04-14 23:49:40,2026-04-14 23:49:40,,,,,2
Cruiseaway.com.au - Ervaringen en beoordelingen,https://www.webwiki.nl/cruiseaway.com.au,nl,,301,62,0,48,0,3,4,0,0,https://www.cruiseaway.com.au/,,Ga naar Cruiseaway.com.au,,,,text,false,true,true,false,false,false,true,pageredirected,,pagefound,2026-02-12 06:16:48,2026-02-12 06:16:48,2026-04-14 17:51:50,,,,1
CruiseAway: Don’t Break the Piggy Bank 💰 Local Cruise Deals Are Here | Milled,https://milled.com/cruiseaway-by-dreamlines-pty-ltd/dont-break-the-piggy-bank-local-cruise-deals-are-here-82T9Zp7O4yA4bEH4,en,,200,74,0,24993,0,4,24,0,0,https://www.cruiseaway.com.au/cruise/south-pacific-from-brisbane-australia-with-the-carnival-luminosa-17851149?allInclusive=false&filterParams%5BcabinKind%5D%5B0%5D=19&selectedSail=18556785,,Ultimate South Pacific Journey,,,,text,false,true,true,false,false,false,true,,,pagefound,2026-04-17 23:07:43,2026-04-17 23:07:43,,,,,1
CruiseAway: 🐣 Pack Your Bags – Easter Cruises Are Calling | Milled,https://milled.com/cruiseaway-by-dreamlines-pty-ltd/pack-your-bags-easter-cruises-are-calling-osHeWJCu3gY5Uzmd,en,,200,74,0,24993,0,4,23,0,0,https://www.cruiseaway.com.au/cruise/new-zealand-from-sydney-australia-with-the-anthem-of-the-seas-18786157,,"New Zealand from Sydney, Australia with the Anthem of the Seas",,,,text,false,true,true,false,false,false,true,,,pagefound,2026-04-17 22:46:02,2026-04-17 22:46:02,,,,,3
"Gratuity - WikiMili, The Best Wikipedia Reader",https://wikimili.com/en/Gratuity,en,,200,48,0,0,0,43,77,0,0,https://www.cruiseaway.com.au/blog/service-tips/gratuities/,,"""Overview: Cruise line tipping (infographic)""",. Cruiseaway.com.au Blog. 2016-09-14,,,text,false,false,true,false,false,false,true,,,pagefound,2020-06-04 02:29:13,2026-05-11 10:21:01,,,Article > Wiki,Food > Restaurants > Other; Society > Advocacy > Labor issues; Reference,1
What it Really Takes to Ship,https://vuink.com/post/xevfuan-d-dtvguho-d-dvb/posts/what-it-takes-to-ship,en,,200,22,0,0,0,20,24,0,0,https://www.cruiseaway.com.au/blog/cruise-news/cruise-ship-captain/,,What it really takes to become a cruise ship captain,,,,image,false,false,false,false,false,false,true,,,linkfound,2025-12-09 17:48:07,2025-12-09 17:48:07,,,,,1
Save on travel adventures at Click Frenzy's big event for 2025 | The Land | NSW,https://www.theland.com.au/story/9043916/save-on-travel-adventures-at-click-frenzys-big-event-for-2025/,en,,200,70,0,3174,0,30,48,0,0,https://www.cruiseaway.com.au/cruise-deals,,Cruiseaway,- $400 onboard credit and reduced deposits on cruises,,,text,false,true,false,false,false,false,true,,,pagefound,2025-08-28 20:11:03,2026-04-12 21:59:16,,,,,1
Top 3 dining experiences at sea - LATTE US,https://us.latteluxurynews.com/2015/10/14/cruiseaway-presents-their-top-3-dining-at-sea-experiences/,en,wordpress,200,49,0,2522,0,9,18,0,0,http://www.cruiseaway.com.au/ships/oceania-cruises/,"In terms of fine dining, an",Oceania Cruise,is a luxury cruise line offering excellent cuisine. Throughout its,,,text,false,true,false,false,false,false,true,,,linkrestored,2025-09-22 10:55:45,2026-04-24 06:14:31,,,,,4
CruiseAway: Explore the World with Exclusive Cruise packages - Limited time savings! | Milled,https://milled.com/cruiseaway-by-dreamlines-pty-ltd/explore-the-world-with-exclusive-cruise-packages-limited-time-savings-UoGjhRoh_dLM903Z,en,,200,74,0,24993,0,4,26,0,0,https://www.cruiseaway.com.au/cruise/merlion-to-sydney-spirit-18461113,,Merlion To Sydney Spirit,,,,text,false,true,true,false,false,false,true,,,pagefound,2026-01-26 05:49:52,2026-01-26 05:49:52,,,,,2
Directory website list 1976 – Business Growth 953 | Elite Rank Directory,https://eliterankdirectory.com/directory-website-list-1976-business-growth-953/,en,wordpress,200,0,0,0,0,5395,7160,0,0,https://www.cruiseaway.com.au/,,cruiseaway.com.au,,https://cruiseaway.com.au/,301,text,true,false,false,false,false,false,true,,,pagefound,2026-01-26 23:32:04,2026-04-28 13:08:47,,,Listing collection > Business,Business > Business services > Consulting,1
ラーメン英語中国語韓国語 | Welfare Solutions,http://welfaresolutions.co.jp/ramen-menu/,ja,wordpress,200,0.8,0,0,1,5812,9990,0,0,https://www.cruiseaway.com.au/cruises/australia/sydney,,last minute cruises from Sydney,,,,text,true,false,true,false,false,false,true,,,pagefound,2025-08-28 22:51:01,2026-05-10 06:40:20,,,Listing > Product,Food > Restaurants > Fast food,1
How Many Dofollow Backlinks Does a Network Of Sites Website Need to Rank? The Data-Driven Answer From 50 Real Campaigns Analyzed — PremiumSEOLinks — Elite Links for Sites That Demand the Very Best.,https://premiumseolinks.shop/folma8x-sitewide-blogroll-links-writer-profile-resellers-metrics-30-days-live/,en,,200,0,0,0,0,7934,9195,0,0,https://www.cruiseaway.com.au/,,"Reinforce cruise-away.com.au Rankings with White-Hat Guest Posts + Permanent Dofollow Backlinks — Ahrefs Domain Rating DR, Moz Domain Authority DA & Majestic Trust Flow TF Up — Any Niche • Any Language • Worldwide",,https://cruise-away.com.au/,301,text,false,false,true,false,false,false,true,,,linkfound,2026-05-10 21:15:24,2026-05-10 21:15:24,,,Article > Guide,Internet > Web services > SEO and marketing,1
4 Classic Tips For Marketing Your Business Offline | Article Ment,https://articlement.com/4-classic-tips-for-marketing-your-business-offline/,en,wordpress,200,57,0,0,0,2443,3234,0,0,https://www.cruiseaway.com.au/,,cruiseaway.com.au,,https://cruiseaway.com.au/,301,text,true,true,false,false,false,false,true,,,pagefound,2025-02-25 17:51:30,2026-05-05 23:28:55,,,,,1
Gratuity — Surf Wiki,https://wave.site/wiki/gratuity,en,,200,33,0,0,0,24,39,0,0,https://www.cruiseaway.com.au/blog/service-tips/gratuities/,(2016-09-14).,"""Overview: Cruise line tipping (infographic)""",.Cruiseaway.com.au Blog.,,,text,false,true,false,false,false,false,true,,,pagefound,2026-05-11 11:02:44,2026-05-11 11:02:44,,,,,1
"CruiseAway: Boutique Voyages, Extraordinary Worlds | Milled",https://milled.com/cruiseaway-by-dreamlines-pty-ltd/boutique-voyages-extraordinary-worlds-vwtlLVXjuO10nZwI,en,,200,74,0,24993,0,4,29,0,0,https://www.cruiseaway.com.au/cruise/australia-from-sydney-australia-with-the-discovery-princess-17290308,,"Australia from Sydney, Australia with the Discovery Princess",,,,text,false,true,true,false,false,false,true,,,pagefound,2026-05-09 02:16:35,2026-05-09 02:16:35,,,,,2
Most Visited website list 1977 | Guest Post Directory,https://webguestpostsdirectory.com/most-visited-website-list-1977/,en,wordpress,200,56,0,0,0,5396,7133,0,0,https://www.cruiseaway.com.au/,,dreamlines.com.au,,https://dreamlines.com.au/,301,text,true,false,false,false,false,false,true,,,pagefound,2025-08-23 04:15:39,2026-04-28 20:37:54,,,Listing collection > Business,Internet > Web services > Analytics; Business > Business services; Reference > Listings,1
Most Visited website list 1976 | Website Brand Directory,https://webbranddirectory.com/most-visited-website-list-1976/,en,wordpress,200,24,0,0,0,5403,7177,0,0,https://www.cruiseaway.com.au/,,cruiseaway.com.au,,https://cruiseaway.com.au/,301,text,true,false,false,false,false,false,true,,,linkfound,2026-04-24 06:45:46,2026-05-08 06:50:20,,,Listing collection > Business,Internet > Web services > SEO and marketing; Business > Business services > Consulting,1
Alaska Cruising | Indulgent Adventures,https://www.indulgentadventures.com/specials-spotter/alaska-cruising,en,wordpress,200,0,0,2,0,8,14,0,0,https://www.cruiseaway.com.au/,,www.dreamlines.com.au,,http://www.dreamlines.com.au/,301,text,false,true,false,false,false,false,true,,,linkrestored,2020-05-13 00:05:12,2026-05-05 18:41:45,,,,,1
CruiseAway: Dream Deal: Alaska & Japan Adventure of a Lifetime 🌄🐻 | Milled,https://milled.com/cruiseaway-by-dreamlines-pty-ltd/dream-deal-alaska-and-japan-adventure-of-a-lifetime-w1jUdCzigFwL6ct4,en,,200,74,0,24993,0,3,3,0,0,https://www.cruiseaway.com.au/,,"South East Asia from Singapore, Singapore with the Diamond Princess",,,,text,false,true,true,false,false,false,true,,,pagefound,2026-04-09 12:16:58,2026-04-09 12:16:58,,,,,1
Directory website list 1976 | Link Boost Directory,https://linkboostdirectory.com/directory-website-list-1976/,en,wordpress,200,18,0,0,0,5393,7158,0,0,https://www.cruiseaway.com.au/,,cruiseaway.com.au,,https://cruiseaway.com.au/,301,text,true,false,false,false,false,false,true,,,pagefound,2025-08-27 21:13:31,2026-05-10 12:35:29,,,Listing collection > Business,Business > Business services > Consulting; Internet > Web services; Reference > Listings > Business,1
✅ Website Stats 📊,https://creativeposts.top/stats/93425,en,,200,43,0,0,0,3692,4151,0,0,https://www.cruiseaway.com.au/,more info here,dreamlines.cn,&nbsp,https://dreamlines.cn/,301,text,true,true,true,false,false,false,true,,,pagefound,2025-12-31 01:36:34,2026-03-11 15:14:52,,,Listing collection > Business,Internet > Web services > Analytics; Business,1
"CruiseAway: Friday Fare Frenzy ⚡ Save up to $2,800pp | Milled",https://milled.com/cruiseaway-by-dreamlines-pty-ltd/friday-fare-frenzy-save-up-to-2-800pp-KqpTGkMgVpjMoMQw,en,,200,74,0,24993,0,5,20,0,0,https://www.cruiseaway.com.au/cruise/hawaii-tahiti-anthem-18182597?filterParams%5BcabinKind%5D%5B0%5D=19&selectedSail=18177319,,"9 October 2026 - 21 nights - From $4,599pp »",,,,text,false,true,true,false,false,false,true,,,pagefound,2026-04-18 05:50:35,2026-04-18 05:50:35,,,,,1
CruiseAway: Hop Into Egg-stra Special Getaways 🐣🚢 | Milled,https://milled.com/cruiseaway-by-dreamlines-pty-ltd/hop-into-egg-stra-special-getaways-2TC7NWIa36FDnW7e,en,,200,74,0,24993,0,4,25,0,0,https://www.cruiseaway.com.au/cruise/new-zealand-from-sydney-australia-with-the-carnival-splendor-17437236?allInclusive=false&filterParams%5BcabinKind%5D%5B0%5D=19&selectedSail=17794027,,New Zealand with Splendor,,,,text,false,true,true,false,false,false,true,,,pagefound,2026-04-17 11:24:21,2026-04-17 11:24:21,,,,,1
Alaska Cruising | Indulgent Adventures,https://www.indulgentadventures.com/specials-spotter/alaska-cruising,en,wordpress,200,0,0,2,0,8,14,0,0,http://www.cruiseaway.com.au/cruise-destinations/cruise-destinationsalaska-canada-west/?gclid=Cj0KEQjw8-GtBRCMl7m54PzgjNQBEiQAIZckv-PzcXX0ZKGjkDxmFLMCSJHZTV3HCaNUGTxF7w-9DogaAhnj8P8HAQ,,www.cruiseaway.com.au,,,,text,false,true,false,false,false,false,true,,,linkrestored,2020-05-13 00:05:12,2026-05-05 18:41:45,,,,,1
"New Zealand is open for travel and luckily, it’s still affordable | Crookwell Gazette | Crookwell, NSW",https://www.crookwellgazette.com.au/story/7910925/new-zealand-is-open-for-travel-and-luckily-its-still-affordable/,en,,200,34,0,221,0,20,28,0,0,https://www.cruiseaway.com.au/cruise/journey-from-melbourne-with-the-queen-elizabeth-queen-elizabeth-15235953,,Get the deal here,,,,text,false,false,false,false,false,false,true,,,pagefound,2026-04-14 07:04:02,2026-05-06 10:49:31,,,,,2
"I Started With Less Than Ten Permanent Backlinks on My Site, But After Two Months of SEOExpress.org's Services, I Have Over Two Hundred High-Quality Links Ranking Me at the Top of Major Google Searches for Key Products. It’s affordable SEO that pays off big time! 🌟🔥 — High SEO Ranking",https://thehighseoranking.shop/i-started-with-less-than-ten-permanent-backlinks-on-my-site-and-now-after-two-months-of-seoexpress-com-services-I-have-over-two-hundred-high-quality-links-ranking-me-on-top-of-major-google,en,,200,28,0,0,30,5189,8787,0,0,https://www.cruiseaway.com.au/,,I used to think SEO meant pricey consultants until I discovered SEOExpress.org while searching online for help with dreamlines.cn. Their budget-friendly packages delivered results fast: organic traffic more than tripled from under 200 visits/month after only two months! The combination of guest blogging and PBN links worked wonders—I recommend them wholeheartedly 🌟,,https://dreamlines.cn/,301,text,true,false,true,false,false,false,true,,,linkfound,2026-04-25 04:16:11,2026-04-25 04:16:11,,,Article > Story,Internet > Web services > SEO and marketing; Business > Marketing > Marketing,1
Eurekster,https://p.eurekster.com/?id=ODAoPyI&apdiv=Submit&search=Pearl%20Art%20Supplies,,,200,51,0,0,0,100,116,0,0,https://www.cruiseaway.com.au/ship/norwegian-pearl,,Norwegian Pearl cruises - Fantastic offers on CruiseAway,,,,text,false,false,false,false,false,false,true,removedfromhtml,,linkfound,2025-12-26 15:38:38,2025-12-26 15:38:38,2026-04-15 20:05:35,,,,7
CruiseAway: Grand Passage of Asia ✨ From $181pp Per Day | Milled,https://milled.com/cruiseaway-by-dreamlines-pty-ltd/grand-passage-of-asia-from-181pp-per-day-BDoDfYhe9zSZ7KMf,en,,200,74,0,24993,0,5,18,0,0,https://www.cruiseaway.com.au/cruiseline/dreamaway-package,,WAVE,,,,image,false,true,true,false,false,false,true,,,linkfound,2026-04-15 04:19:55,2026-04-15 04:19:55,,,,,6
"I Started With Less Than Ten Permanent Backlinks on My Site, But After Two Months of SEOExpress.org's Services, I Have Over Two Hundred High-Quality Links Ranking Me at the Top of Major Google Searches for Key Products. It’s affordable SEO that pays off big time! 🌟🔥 — SEO Express Shop",https://seoexpress.shop/i-started-with-less-than-ten-permanent-backlinks-on-my-site-and-now-after-two-months-of-seoexpress-com-services-I-have-over-two-hundred-high-quality-links-ranking-me-on-top-of-major-google,en,,200,28,0,0,36,5187,8740,0,0,https://www.cruiseaway.com.au/,,I used to think SEO meant pricey consultants until I discovered SEOExpress.org while searching online for help with dreamlines.cn. Their budget-friendly packages delivered results fast: organic traffic more than tripled from under 200 visits/month after only two months! The combination of guest blogging and PBN links worked wonders—I recommend them wholeheartedly 🌟,,https://dreamlines.cn/,301,text,true,false,true,false,false,false,true,,,pagefound,2026-04-23 16:12:27,2026-05-09 10:27:00,,,Article > Story,Internet > Web services > SEO and marketing; Business > Marketing > Marketing,1
RankZly.com – Unbeatable Google Rankings & SEO Backlinks — Visit Rankzly.com to Get Discounted Offers,https://rankyour.website/ppsaajf-boost-google-rankings-with-premium-contextual-seo-backlinks/,en,wordpress,200,74,0,0,0,7215,8303,0,0,https://www.cruiseaway.com.au/,,Complete ranking-focused SEO solution with authority links for dreamlines.com.au | RankZly.com – Your Unbeatable SEO Partner for Fast Google Rankings,,https://dreamlines.com.au/,301,text,true,false,true,false,false,false,true,,,pagefound,2025-12-28 13:20:49,2026-04-30 21:33:28,,,Site page > Services,Internet > Web services > SEO and marketing; Business > Marketing > Marketing,1
Most Visited website list 1977 | Marketing Directory,https://marketingdirectoy.com/most-visited-website-list-1977/,en,wordpress,200,18,0,0,0,5403,7156,0,0,https://www.cruiseaway.com.au/,,dreamlines.com.au,,https://dreamlines.com.au/,301,text,true,false,false,false,false,false,true,,,pagefound,2025-08-30 19:19:09,2026-05-08 23:41:23,,,Listing collection > Business,Business > Marketing > Marketing; Internet > Web services > SEO and marketing,1
Most Visited website list 94 | Click To Buy Directory,https://clicktobuydirectory.com/most-visited-website-list-94/,en,wordpress,200,20,0,0,0,5382,7218,0,0,https://www.cruiseaway.com.au/,,cruiseaway,,https://cruiseaway.com.au/,301,text,true,false,false,false,false,false,true,,,pagefound,2025-08-17 20:41:12,2026-04-28 10:41:17,,,Listing collection > Business,Business > Business services > Consulting; Internet > Web services > Development; Reference > Listings > Business,2
"Cruiseaway.com.au - анализ сайта, seo характеристики сайта - круисеаваы точка ком точка ау",https://prlog.ru/analysis/cruiseaway.com.au,,,200,51,0,91,0,44,251,0,0,https://www.cruiseaway.com.au/ships,,cruiseaway.com.au/ships,,https://cruiseaway.com.au/ships,301,text,false,true,true,false,false,false,true,,,linkrestored,2019-07-22 20:05:01,2026-05-07 18:56:13,,,,,1
Most Visited website list 1928 | Marketing Directory,https://marketingdirectoy.com/most-visited-website-list-1928/,en,wordpress,200,18,0,0,0,5400,6260,0,0,https://www.cruiseaway.com.au/,,cruiseaway,,https://cruiseaway.com.au/,301,text,true,false,false,false,false,false,true,,,pagefound,2025-08-30 19:54:19,2026-05-09 07:34:02,,,Listing collection > Business,Business > Marketing > Marketing; Internet > Web services > SEO and marketing,2
$1999—16-nt cruise home from Singapore inc flight & stay | Travelzoo,https://www.travelzoo.com/au/cruises/-1999-16-nt-cruise-home-from-Singapore-inc-flight-stay-3247613/,en,,200,73,0,194488,0,3,6,0,0,https://www.cruiseaway.com.au/exclusive-cruiseaway-island-rhythms-to-the-coral-coast-with-travelzoo?hnlp=1,,partner's website,.,,,text,false,true,false,false,false,false,true,,,linkfound,2026-04-13 22:10:33,2026-04-13 22:10:33,,,,,1
Five best cruise lines for hungry holiday-makers - Travel Weekly,https://travelweekly.com.au/five-best-cruise-lines-for-hungry-holiday-makers/,en,wordpress,200,68,0,9148,1,9,22,0,0,http://www.cruiseaway.com.au/ships/celebrity-cruises/,"For more information about Celebrity cruises, go to",www.cruiseaway.com.au,.,,,text,false,true,false,false,false,false,true,,,linkfound,2025-03-08 21:54:56,2026-05-09 19:37:19,,,Article > Roundup,Travel > Specialty travel > Luxury travel; Food > Restaurants > Fine dining,2
"Before Discovering SEOExpress.org, I Spent Years on Expensive Agencies That Didn't Deliver the Results Promised. Eventually, I Tried Their White-Hat Backlinks Service and In Just Eight Weeks, My Domain Authority Ramped Up from DA 15 to DA 48 and Leads Poured In at a Rate of Over One Hundred Per Month! Best Investment in SEO ★★★★★ 💎 — Ranking High SEO",https://therankinghighseo.shop/before-discovering-seoexpress-i-spent-years-on-expensive-agencies-that-didnt-deliver-the-results-promised-eventually-i-tried-their-white-hat-backlinks-service-and-in-only-eight-weeks-my,en,,200,29,0,0,23,5038,8493,0,0,https://www.cruiseaway.com.au/,,"I remember when cruise-away.com.au was buried on page 7, struggling to attract any visitors. After discovering SEOExpress.org and their affordable SEO packages, everything changed. Within just two months, my site jumped to page 1 and traffic skyrocketed from 150 to over 5,000 monthly visits! Investing in them felt like the best decision I ever made for my business 🌟",,https://cruise-away.com.au/,301,text,true,false,true,false,false,false,true,,,linkfound,2026-04-23 15:12:18,2026-04-23 15:12:18,,,Article > Story,Internet > Web services > SEO and marketing; Business > Marketing > Marketing,1
"How Extreme PBN and Guest Post Links Delivered Results My Competitors Cannot Match — Extreme High-Authority Backlinks — Increase Domain Rating, Domain Authority and Trust Flow — Guest Posts and PBN Links — Gambling Accepted — Worldwide",https://rankxlinks.shop/ei54bgj-extreme-link-building-result-trust-flow-rankx/,en,,200,47,0,0,0,7933,8794,0,0,https://www.cruiseaway.com.au/,,Extreme contextual backlinks for cruise-away.com.au passing full topical authority and link equity,,https://cruise-away.com.au/,301,text,true,false,true,false,false,false,true,,,linkfound,2026-05-08 13:41:35,2026-05-08 13:41:35,,,Article > Guide,Internet > Web services > SEO and marketing; Business > Marketing,1
"I Started With Less Than Ten Permanent Backlinks on My Site, But After Two Months of SEOExpress.org's Services, I Have Over Two Hundred High-Quality Links Ranking Me at the Top of Major Google Searches for Key Products. It’s affordable SEO that pays off big time! 🌟🔥 — SEO Express Website",https://seoexpress.website/i-started-with-less-than-ten-permanent-backlinks-on-my-site-and-now-after-two-months-of-seoexpress-com-services-I-have-over-two-hundred-high-quality-links-ranking-me-on-top-of-major-google,en,,200,29,0,0,36,5186,8759,0,0,https://www.cruiseaway.com.au/,,I used to think SEO meant pricey consultants until I discovered SEOExpress.org while searching online for help with dreamlines.cn. Their budget-friendly packages delivered results fast: organic traffic more than tripled from under 200 visits/month after only two months! The combination of guest blogging and PBN links worked wonders—I recommend them wholeheartedly 🌟,,https://dreamlines.cn/,301,text,true,false,true,false,false,false,true,,,linkfound,2026-04-24 05:40:46,2026-05-09 14:35:04,,,Article > Story,Internet > Web services > SEO and marketing; Business > Marketing > Marketing,1
Dia 28 – 22/01/2014 – A bordo do AMADEO I – Segundo dia – AG MotoViagens,https://goulart.pro.br/blog/2014/02/08/dia-28-22012014-a-bordo-do-amadeo-i-segundo-dia/,pt,wordpress,200,0,0,0,0,9,10,0,0,http://www.cruiseaway.com.au/cruise-port/puerto_eden_chile,"dia passamos por um pequeno povoado em uma ilha, chamado",Puerto Eden,.,,,text,false,true,false,false,false,false,true,,,pagefound,2025-01-06 18:34:35,2026-04-15 23:53:05,,,,,1
Advertisers through Google - Dubai City Guide,https://www.dubaicityguide.com/m/main/advertise-google.asp,,,200,46,0,2906,1,70,114,0,0,https://www.cruiseaway.com.au/,,cruiseaway.com.au,,http://www.cruiseaway.com.au/,301,text,false,false,false,false,false,false,true,,,pagefound,2023-06-05 18:09:28,2026-04-15 05:03:39,,,Article > Guide,Internet > Web services > SEO and marketing; Business > Marketing > Marketing,2
Today: JUAN FERNANDEZ Islands (Chile) Info,https://www.interalex.net/2011/01/juan-fernandez-islands-chile-info.html,en,,200,3.5,0,0,0,94,300,0,0,http://www.cruiseaway.com.au/cruise-port/juan_fernandez_islands_chile,,Juan Fernandez Islands. Chile - Cruise Away,,,,text,false,true,false,false,false,false,true,,,linkrestored,2020-09-13 03:21:07,2026-04-29 04:33:59,,,Article > News,Travel > Tourist destinations > Islands; News > Local news; Entertainment,4
"Today: ISLE OF PINES (New Caledonia) Christmas, Dec 24, 2011",https://www.interalex.net/2011/12/isle-of-pines-new-caledonia-christmas.html,en,,200,3.5,0,0,0,86,180,0,0,http://www.cruiseaway.com.au/special/rhapsody-seas-cruise-christmas-cruising?sd=17/12/2011,,RHAPSODY OF THE SEAS CRUISE - CHRISTMAS CRUISING - Cruise Away,,,,text,false,false,false,false,false,false,true,,,linkrestored,2020-12-18 09:49:42,2026-04-20 19:02:48,,,Article > Story,Travel > Tourist destinations > Islands; Entertainment > Events > Music festivals,1
"CruiseAway: Ready, Set, Sail! (Whenever You Want) | Milled",https://milled.com/cruiseaway-by-dreamlines-pty-ltd/ready-set-sail-whenever-you-want-AsbZC2RDMIxu478f,en,,200,74,0,24993,0,4,37,0,0,https://www.cruiseaway.com.au/july-cruises,,July Cruises,,,,text,false,false,true,false,false,false,true,,,pagefound,2026-04-17 16:19:40,2026-04-17 16:19:40,,,,,1
Today: KADAVU GROUP (Fiji Islands) Info,https://www.interalex.net/2011/01/kadavu-group-fiji-islands-info.html,en,,200,3.5,0,0,0,92,271,0,0,http://www.cruiseaway.com.au/cruise-port/kadavu_group_fiji,,"Kadavu Group, Fiji - Cruise Away",,,,text,false,true,false,false,false,false,true,,,linkrestored,2020-08-30 01:39:23,2026-04-18 23:08:35,,,Article > Story,Travel > Tourist destinations > Islands,1
"Comparing Penalty-Reversal and Cleanup-and-Build Link Packages for Financial Advisory — My Side-by-Side Analysis of Results, Speed, and Quality — AuthorityBacklinks — Where Domain Authority Is Built Not Promised.",https://authoritybacklinks.shop/fdc7riv-broken-link-replacement-link-insertions-competitor-ranking-articles-stole-traffic-legal/,en,,200,0,0,0,0,8224,9521,0,0,https://www.cruiseaway.com.au/,,dreamlines.cn Traffic Floods In: Professional Guest Posting + Dofollow Link Building • Raise Ahrefs Domain Rating DR + Moz Domain Authority DA + Majestic Trust Flow TF • Outrank Every Competitor on Google — Tier-1 Countries & Beyond • All Niches,,https://dreamlines.cn/,301,text,false,false,true,false,false,false,true,,,linkfound,2026-05-10 20:57:19,2026-05-10 20:57:19,,,Article > Comparison,Internet > Web services > SEO and marketing; Finance > Management > Portfolio; Business,1
Travel Agents - Asmat.eu,https://www.asmat.eu/directory/travel-agents.php?Page=4,en,,200,26,0,0,0,65,98,0,0,http://www.cruiseaway.com.au/,,CruiseAway,- Specializes in Australian and South Pacific cruises.,,,text,true,true,false,false,false,false,true,,,pagefound,2018-05-27 02:26:00,2026-03-17 12:01:16,,,,,4
,http://www.secretsearchenginelabs.com/find/white%20bay,en,,200,44,0,218,0,10,14,0,0,https://www.cruiseaway.com.au/cheap-cruises,,Cheap Cruises | Cruise Locally for Under $999 | CruiseAway,,,,text,false,true,true,false,false,false,true,removedfromhtml,,linkfound,2025-08-12 23:05:56,2026-01-08 19:42:26,2026-04-11 11:18:22,Simon Byholm,,,4
Directory website list 1928 | Global Rank Directory,https://globalrankdirectory.com/directory-website-list-1928/,en,wordpress,200,18,0,0,0,5399,6261,0,0,https://www.cruiseaway.com.au/,,cruiseaway,,https://cruiseaway.com.au/,301,text,true,false,false,false,false,false,true,,,pagefound,2025-12-13 12:12:36,2026-05-06 04:26:46,,,Listing collection > Business,Business > Business services > Other; Reference > Listings > Business; Internet,2
Cruise Deals with up to -35% | CruiseAway - Information - #7803245,http://www.secretsearchenginelabs.com/information/7803245-Cruise-Deals-with-up-to--50----CruiseAway,en,,200,44,0,218,0,3,5,0,0,https://www.cruiseaway.com.au/cruise-deals,Visit,Cruise Deals with up to -35% | CruiseAway,(https://www.cruiseaway.com.au/cruise-deals),,,text,false,true,true,false,false,false,true,,,pagefound,2024-06-24 10:56:31,2026-03-22 12:57:13,,Simon Byholm,,,1
Buy Powerful High-Quality Dofollow SEO Backlinks to Rank on Google’s 1st Page – Rank Top – Boost Your Website Ranking,https://rank-top.click/6myp-take-your-website-to-the-top-with-expert-seo/,en,wordpress,200,74,0,0,28,6017,6747,0,0,https://www.cruiseaway.com.au/,,Thrust cruise-away.com.au to top: strategic guest posts + backlinks; DR/DA/TF climb — global SERPs. | Visit buyseolink.com for any Query,,https://cruise-away.com.au/,301,text,true,false,true,false,false,false,true,,,linkfound,2026-04-08 06:02:50,2026-05-05 18:25:23,,,Site page > Services,Internet > Web services > SEO and marketing,1
20 Appliance Repair Engineers in Reykjavik,https://intently.co/suppliers/Iceland/Reykjavik/Appliance+Repair+Services,en,,200,57,0,8,0,30,30,0,0,https://www.cruiseaway.com.au/last-minute-cruises,,Last Minute Cruises from Australia | CruiseAway,,,,text,true,true,false,false,false,false,true,,,pagefound,2026-03-04 22:59:31,2026-04-11 13:21:27,,,,,1
"New Zealand is open for travel and luckily, it’s still affordable | The Advocate | Burnie, TAS",https://www.theadvocate.com.au/story/7910925/new-zealand-is-open-for-travel-and-luckily-its-still-affordable/,en,,200,64,0,42114,0,17,25,0,0,https://www.cruiseaway.com.au/cruise/journey-from-melbourne-with-the-queen-elizabeth-queen-elizabeth-15235953,,Get the deal here,,,,text,false,false,false,false,false,false,true,,,linkfound,2026-04-30 07:58:28,2026-05-09 18:53:39,,,,,2
"cruiseaway.com.au Traffic, Tech Stack & Company Profile | Cruises & Charters [May 2026] | Klazify",https://www.klazify.com/website/cruiseaway.com.au,en,,200,27,0,31219,0,4,7,0,0,https://www.cruiseaway.com.au/,,cruiseaway.com.au,,https://cruiseaway.com.au/,301,text,true,false,false,false,false,false,true,,,linkfound,2026-05-03 08:09:05,2026-05-03 08:09:05,,Klazify Inc,,,1
"Before Discovering SEOExpress.org, I Spent Years on Expensive Agencies That Didn't Deliver the Results Promised. Eventually, I Tried Their White-Hat Backlinks Service and In Just Eight Weeks, My Domain Authority Ramped Up from DA 15 to DA 48 and Leads Poured In at a Rate of Over One Hundred Per Month! Best Investment in SEO ★★★★★ 💎 — High SEO",https://thehighseo.shop/before-discovering-seoexpress-i-spent-years-on-expensive-agencies-that-didnt-deliver-the-results-promised-eventually-i-tried-their-white-hat-backlinks-service-and-in-only-eight-weeks-my,en,,200,28,0,0,36,5037,8453,0,0,https://www.cruiseaway.com.au/,,"I remember when cruise-away.com.au was buried on page 7, struggling to attract any visitors. After discovering SEOExpress.org and their affordable SEO packages, everything changed. Within just two months, my site jumped to page 1 and traffic skyrocketed from 150 to over 5,000 monthly visits! Investing in them felt like the best decision I ever made for my business 🌟",,https://cruise-away.com.au/,301,text,true,false,true,false,false,false,true,,,pagefound,2026-05-07 05:09:32,2026-05-07 05:09:32,,,Article > Story,Internet > Web services > SEO and marketing; Business > Marketing > Marketing,1
SEO Tips for Small Businesses – Apply These and Your Online Business Will Soar! – ALIGOW,https://aligow.com/seo-tips-for-small-businesses-apply-these-and-your-online-business-will-soar/,en,wordpress,200,29,0,0,4,5395,7260,0,0,https://www.cruiseaway.com.au/,,cruiseaway,,https://cruiseaway.com.au/,301,text,true,false,false,false,false,false,true,,,pagefound,2024-12-07 21:44:23,2026-05-10 16:47:21,,,Article > How-to,Internet > Web services > SEO and marketing; Business > Small business > Business formation,1
cruise from hawaii to australia 2022,http://roy.perkel.com/blog/gio/roller/madewell/14903432e333e0703228966146f385,en,,200,50,0,0,0,30,49,0,0,https://www.cruiseaway.com.au/cruise-lines-specials/princess-2023-hawaii-tahiti-south-pacific,19-night cruise from Hawaii to Australia on Royal Caribbean Cruises.,"Princess 2023 Hawaii, Tahiti & South Pacific - Cruiseaway",,,,text,true,true,false,false,false,false,true,,,pagefound,2025-07-25 04:39:18,2026-03-16 01:34:17,,,,,1
Why More Australians Are Choosing Cruises That Depart From Home | Seniors Discount Club,https://seniorsdiscountclub.com.au/threads/why-more-australians-are-choosing-cruises-that-depart-from-home.89368/,en,,200,29,0,440,0,16,30,0,0,https://www.cruiseaway.com.au/cruises/australia/brisbane,With major departure ports in Sydney* and,Brisbane*,", you can begin your journey close to home, without",,,text,false,true,false,false,false,false,true,,,linkfound,2026-04-03 13:55:13,2026-04-03 13:55:13,,,,,1
"New Zealand is open for travel and luckily, it’s still affordable | The Daily Advertiser | Wagga Wagga, NSW",https://www.dailyadvertiser.com.au/story/7910925/new-zealand-is-open-for-travel-and-luckily-its-still-affordable/,en,,200,57,0,17651,0,27,34,0,0,https://www.cruiseaway.com.au/cruise/journey-from-melbourne-with-the-queen-elizabeth-queen-elizabeth-15235953,,Get the deal here,,,,text,false,false,false,false,false,false,true,,,linkfound,2026-04-13 02:22:57,2026-04-13 02:22:57,,,,,1
CruiseAway: Cruise Close. Explore More. | Milled,https://milled.com/cruiseaway-by-dreamlines-pty-ltd/cruise-close-explore-more-jV4nCCE0_Z5y7fgX,en,,200,74,0,24993,0,4,24,0,0,https://www.cruiseaway.com.au/cruise/australia-from-sydney-australia-with-the-royal-princess-16934476?allInclusive=false&filterParams%5BcabinKind%5D%5B0%5D=19&selectedSail=17857486,,Tropical Queensland Discovery,,,,text,false,true,true,false,false,false,true,,,linkfound,2026-04-17 17:48:57,2026-04-17 17:48:57,,,,,1
SEO Tips for Small Businesses – Apply These and Your Online Business Will Soar! – HOTFRI,https://hotfri.com/seo-tips-for-small-businesses-apply-these-and-your-online-business-will-soar/,en,wordpress,200,30,0,0,11,5378,7214,0,0,https://www.cruiseaway.com.au/,,cruiseaway,,https://cruiseaway.com.au/,301,text,true,false,false,false,false,false,true,,,pagefound,2024-10-14 08:24:38,2026-04-28 03:12:45,,,Article > How-to,Internet > Web services > SEO and marketing; Business > Small business > Business formation,1
"Today: Monday, January 09, 2012",https://www.interalex.net/2012_01_09_archive.html,en,,200,3.5,0,0,0,91,205,0,0,http://www.cruiseaway.com.au/cruise-port/willemstad_curacao,,"Willemstad, Curacao - Cruise Away - Cruises | Best Cheap ...",,,,text,false,false,false,false,false,false,true,,,linkfound,2023-03-31 02:03:37,2026-03-08 23:00:31,,,Article > Roundup,Entertainment > Music; Travel > Tourist destinations; Reference; Society; News,2
Discover the Breathtaking Beauty of the Australian Coast: 10 Nights Cruise from Perth to Broome,http://blogs.adsiduous.com/discover-the-breathtaking-beauty-of-the-australian-coast-10-nights-cruise-from-perth-to-broome/,en,,200,6,0,12,0,6,12,0,0,https://www.cruiseaway.com.au/,"For comparisons and real-time booking options, websites like",CruiseAway,and Cruise Critic offer insights into cruise itineraries and customer,,,text,true,true,false,false,false,false,true,,,linkfound,2026-04-14 09:04:32,2026-04-24 20:17:53,,Sydney Blunt,,,1
"CruiseAway: Ready, Set, Sail! (Whenever You Want) | Milled",https://milled.com/cruiseaway-by-dreamlines-pty-ltd/ready-set-sail-whenever-you-want-AsbZC2RDMIxu478f,en,,200,74,0,24993,0,4,37,0,0,https://www.cruiseaway.com.au/cruises/new-zealand,,New Zealand Cruises,,,,image,false,false,true,false,false,false,true,,,pagefound,2026-04-17 16:19:40,2026-04-17 16:19:40,,,,,1
"Today: ESPIRITU SANTO Island (Vanuatu) Info, Dec 26, 2011",https://www.interalex.net/2011/12/espiritu-santo-island-vanuatu-info-dec.html,en,,200,3.5,0,0,0,87,196,0,0,http://www.cruiseaway.com.au/cruise-port/espiritu_santo_island_vanuatu,,Espiritu Santo Island Vanuatu - Cruise Away,,,,text,false,false,false,false,false,false,true,,,linkrestored,2020-12-18 11:51:21,2026-04-28 03:03:44,,,Article > News,Travel > Tourist destinations > Islands,1
"CruiseAway: 🌊 Sail More, Spend Less | Limited-Time Cruise Deals 🛳️✨ | Milled",https://milled.com/cruiseaway-by-dreamlines-pty-ltd/sail-more-spend-less-limited-time-cruise-deals-QI7HMP3v4dBvM8nX,en,,200,74,0,24993,0,5,22,0,0,https://www.cruiseaway.com.au/cruise/south-east-asia-from-hong-kong-china-with-the-westerdam-17385321,,"South East Asia from Hong Kong, China with the Westerdam",,,,text,false,true,true,false,false,false,true,,,linkfound,2026-04-18 03:50:28,2026-04-18 03:50:28,,,,,3
CruiseAway: ✨ Purr-Fect Sunday Sales | Milled,https://milled.com/cruiseaway-by-dreamlines-pty-ltd/purr-fect-sunday-sales-O0RUDwd-WmHtGbzW,en,,200,74,0,24993,0,5,22,0,0,https://www.cruiseaway.com.au/cruise-lines-specials/princess-50th-anniversary-sale,,Signature Sale,,,,text,false,true,true,false,false,false,true,,,pagefound,2026-04-15 01:56:52,2026-04-15 01:56:52,,,,,1
Stress Management Ideas – Finding Calm in a Busy World – My Blog,https://marketingexperts.click/?p=336921,en,wordpress,200,18,0,0,0,2691,3595,0,0,https://www.cruiseaway.com.au/,cruiseabout.com.au cruiseautomotive.com.au,cruiseaway.com.au,cruisebar.com.au cruisecraft.com.au,https://cruiseaway.com.au/,301,text,true,true,true,false,false,false,true,,,pagefound,2026-02-25 10:13:11,2026-04-06 23:19:29,,,,,2
Most Visited website list 1976 | Best Busniess Directory,https://bestbusniessdirectory.com/most-visited-website-list-1976/,en,wordpress,200,27,0,0,0,5400,7226,0,0,https://www.cruiseaway.com.au/,,cruiseaway.com.au,,https://cruiseaway.com.au/,301,text,true,false,false,false,false,false,true,,,pagefound,2025-10-09 01:09:55,2026-04-28 10:22:08,,,Listing collection > Business,Business > Business services > Consulting; Internet > Web services > Development; Reference > Listings > Business,1
"Before Discovering SEOExpress.org, I Spent Years on Expensive Agencies That Didn't Deliver the Results Promised. Eventually, I Tried Their White-Hat Backlinks Service and In Just Eight Weeks, My Domain Authority Ramped Up from DA 15 to DA 48 and Leads Poured In at a Rate of Over One Hundred Per Month! Best Investment in SEO ★★★★★ 💎 — High SEO Ranking",https://highseoranking.shop/before-discovering-seoexpress-i-spent-years-on-expensive-agencies-that-didnt-deliver-the-results-promised-eventually-i-tried-their-white-hat-backlinks-service-and-in-only-eight-weeks-my,en,,200,29,0,0,34,5038,8501,0,0,https://www.cruiseaway.com.au/,,"I remember when cruise-away.com.au was buried on page 7, struggling to attract any visitors. After discovering SEOExpress.org and their affordable SEO packages, everything changed. Within just two months, my site jumped to page 1 and traffic skyrocketed from 150 to over 5,000 monthly visits! Investing in them felt like the best decision I ever made for my business 🌟",,https://cruise-away.com.au/,301,text,true,false,true,false,false,false,true,,,linkfound,2026-04-27 21:53:50,2026-04-27 21:53:50,,,Article > Story,Internet > Web services > SEO and marketing; Business > Marketing > Marketing,1
CruiseAway: 🏦Cruise Deals That Won't Break The Bank🏦 | Milled,https://milled.com/cruiseaway-by-dreamlines-pty-ltd/cruise-deals-that-wont-break-the-bank-KArcFzneqfr4s8B5,en,,200,74,0,24993,0,6,21,0,0,https://www.cruiseaway.com.au/fly-cruises,,Fly/Stay/Cruise Packages,,,,image,false,true,true,false,false,false,true,,,pagefound,2025-01-22 11:35:55,2026-05-09 03:39:39,,,,,2
"TELEGRAM t.me/seo_anomaly : SEO BACKLINKS, CROSS-LINKS, TRAFFIC BOOST, LINK INDEXING – 林城聿",https://si.secda.info/tlsm20220139x/?p=12375,"en, zh-tw",wordpress,200,41,0,120,0,1443,2312,0,0,https://www.cruiseaway.com.au/cruise-lines,,"SEO BACKLINKS, CROSS-LINKS, TRAFFIC BOOST, LINK INDEXING – TELEGRAM @SEO_ANOMALY",,https://www.cruiseaway.com.au/cruiseline/po-cruises,301,text,true,false,true,false,false,false,true,,,linkrestored,2025-04-17 19:46:53,2026-04-13 13:31:14,,,Article > Guide,Internet > Web services > SEO and marketing; Business > Marketing > Marketing,2
Most Visited website list 1928 | Rank Fast Directory,https://rankfastdirectory.com/most-visited-website-list-1928/,en,wordpress,200,55,0,0,0,5394,6254,0,0,https://www.cruiseaway.com.au/,,cruiseaway,,https://cruiseaway.com.au/,301,text,true,false,false,false,false,false,true,,,pagefound,2025-10-22 16:01:12,2026-05-02 22:04:05,,,Listing collection > Business,Internet > Web services > Analytics; Business > Business services > Consulting; Reference > Listings,2
Most Visited website list 1977 | World Site Directory,https://worldsitedirectory.com/most-visited-website-list-1977/,en,wordpress,200,18,0,0,0,5403,7145,0,0,https://www.cruiseaway.com.au/,,dreamlines.com.au,,https://dreamlines.com.au/,301,text,true,false,false,false,false,false,true,,,pagefound,2025-12-25 16:10:50,2026-05-11 01:09:16,,,Listing collection > Business,Internet > Web services > Development; Reference > Listings > Business; Business > Business services,1
"Today: NEUWERK ISLAND (Germany) Info, Mar 03, 2013",https://www.interalex.net/2013/03/neuwerk-island-germany-info-mar-03-2013.html,en,,200,3.5,0,0,0,98,166,0,0,http://www.cruiseaway.com.au/cruise-port/brunsbuttel_germany,,"Brunsbuttel, Germany - Cruise Away - Cruises | Best Cheap ...",,,,text,false,true,false,false,false,false,true,,,linkrestored,2020-09-26 17:30:15,2026-05-06 23:26:57,,,Article > News,Travel > Tourist destinations > Islands; Reference > Geographic reference > Maps; Entertainment,1
,http://www.secretsearchenginelabs.com/find/24%20hour%20room,en,,200,44,0,218,0,9,11,0,0,https://www.cruiseaway.com.au/all-inclusive,,All-Inclusive Cruises 2025 - 2027 | Best Offers on CruiseAway,,,,text,false,true,true,false,false,false,true,,,pagefound,2024-05-27 05:51:31,2025-12-16 17:38:09,,Simon Byholm,,,3
How to Use IoT for Smarter E-Commerce Customer Experiences | Rank Directory Site,https://rankdirectorysite.com/how-to-use-iot-for-smarter-e-commerce-customer-experiences/,en,wordpress,200,18,0,0,43,3373,5070,0,0,https://www.cruiseaway.com.au/,,cruiseaway,,https://cruiseaway.com.au/,301,text,true,true,false,false,false,true,true,,,pagefound,2024-12-14 11:58:16,2026-04-21 03:30:42,,,Article > How-to,Business > Retail trade > Technology; Computers and electronics > Consumer electronics; Shopping > Shopping portals; Internet > Web services > Development,1
"Before Discovering SEOExpress.org, I Spent Years on Expensive Agencies That Didn't Deliver the Results Promised. Eventually, I Tried Their White-Hat Backlinks Service and In Just Eight Weeks, My Domain Authority Ramped Up from DA 15 to DA 48 and Leads Poured In at a Rate of Over One Hundred Per Month! Best Investment in SEO ★★★★★ 💎 — SEO Express Space",https://seoexpress.space/before-discovering-seoexpress-i-spent-years-on-expensive-agencies-that-didnt-deliver-the-results-promised-eventually-i-tried-their-white-hat-backlinks-service-and-in-only-eight-weeks-my,en,,200,29,0,0,36,5041,8452,0,0,https://www.cruiseaway.com.au/,,"I remember when cruise-away.com.au was buried on page 7, struggling to attract any visitors. After discovering SEOExpress.org and their affordable SEO packages, everything changed. Within just two months, my site jumped to page 1 and traffic skyrocketed from 150 to over 5,000 monthly visits! Investing in them felt like the best decision I ever made for my business 🌟",,https://cruise-away.com.au/,301,text,true,false,true,false,false,false,true,,,linkfound,2026-04-22 16:38:14,2026-05-11 07:14:59,,,Article > Review,Internet > Web services > SEO and marketing; Business > Marketing > Marketing,1
Today,https://www.interalex.net/search?updated-max=2011-12-27T03:31:00-08:00&max-results=100&reverse-paginate=true,en,,200,3.5,0,0,0,81,130,0,0,http://www.cruiseaway.com.au/cruise-port/haapai-tonga,,"Ha'apai, Tonga - Cruise Away",,,,text,false,false,false,false,false,false,true,,,pagefound,2024-10-29 20:04:30,2025-12-01 00:09:40,,,Article > Roundup,News > Local news; Travel > Tourist destinations > Islands; Entertainment; Society; Reference,2
CruiseAway Review | Cruiseaway.com.au Ratings & Customer Reviews – Apr '26,https://cruiseaway.knoji.com/,en,,200,66,0,188938,0,10,13,0,0,https://www.cruiseaway.com.au/contact,,CruiseAway customer service page,,,,text,false,false,true,false,false,false,true,,,pagefound,2025-10-20 05:52:30,2026-04-14 14:15:58,,,,,1
Directory website list 1976 | Global Rank Directory,https://globalrankdirectory.com/directory-website-list-1976/,en,wordpress,200,18,0,0,0,5393,7153,0,0,https://www.cruiseaway.com.au/,,cruiseaway.com.au,,https://cruiseaway.com.au/,301,text,true,false,false,false,false,false,true,,,pagefound,2025-12-13 13:38:18,2026-05-06 04:30:51,,,Listing collection > Business,Business > Business services > Consulting; Reference > Listings > Business,1
Complete SEO package with PBN backlinks and dofollow backlinks and guest posts — manual work — google friendly fast ranking — Gambling included — Rankva.com 24/7 Support – Gambling included— Rankva.com 24/7 Support – White-Hat SEO Links—Fast Rankings — Google-Friendly,https://rankpilot.shop/6m2isw-ready-to-rank-fast-choose-your-plan-manual-work-google-friendly/,en,wordpress,200,12,0,0,0,8297,9356,0,0,https://www.cruiseaway.com.au/,,"Global SERPs for cruiseaway.com.au: DR80+, PBN, full SEO, monthly SEO, DR/DA/TF — gambling accepted. | Visit Rankva.com for any Query",,https://cruiseaway.com.au/,301,text,true,false,true,false,false,false,true,,,pagefound,2025-09-24 11:46:26,2026-04-11 08:45:52,,,Listing > Service,Internet > Web services > SEO and marketing,1
"Running My Small Business, I've Always Known How Critical SEO Is but Customizing Keywords Made Me Feel Intimidated Until Researching SEOExpress.org. This Exceptional Team Helped Negotiate Top Keywords for My Niche Resulting in Visible Traffic Growth of Two Hundred Fifty Percent Plus Real Conversions Started Happening—It's Truly Remarkable! ★★★★★ 🌟 — Active Shop",https://activeshop.shop/running-my-small-business-have-always-known-how-critical-seo-is-but-customizing-keywords-made-me-feel-intimidated-until-researching-seoexpress-an-exceptional-team-helped-negotiate-top,en,,200,28,0,0,36,5233,8702,0,0,https://www.cruiseaway.com.au/,,There was a time when cruiseaway.com.au didn't attract any attention at all—it was disheartening! Then came along SEOExpress.org's outstanding guest posting services: overnight it seemed my authority grew tremendously as well as my visitor count shot through the roof by an astonishing +280%! That kind of result is hard not to love; go check out what they offer 🌟,,https://cruiseaway.com.au/,301,text,false,false,true,false,false,false,true,,,linkfound,2026-04-20 10:44:52,2026-05-08 08:43:16,,,Article > Story,Internet > Web services > SEO and marketing; Business > Small business > Business formation,1
Directory website list 1928 – Marketing Pro 95 | Power link Directory,https://powerlinkdirectory.com/directory-website-list-1928-marketing-pro-95/,en,wordpress,200,13,0,0,0,5413,6284,0,0,https://www.cruiseaway.com.au/,,cruiseaway,,https://cruiseaway.com.au/,301,text,true,false,false,false,false,false,true,,,pagefound,2025-10-06 13:40:40,2026-05-10 01:29:05,,,Listing collection > Business,Business > Marketing > Marketing; Internet > Web services > SEO and marketing,2
✅ Website Stats 📊,https://ready.pro/stats/66851,en,,200,9,0,0,0,3695,4138,0,0,https://www.cruiseaway.com.au/,try this website,cruise-away.com.au,&nbsp,https://cruise-away.com.au/,301,text,true,true,true,false,false,false,true,removedfromhtml,,linkfound,2026-03-22 00:42:55,2026-03-22 00:42:55,2026-04-23 11:12:35,,Listing collection > Business,Internet > Web services > Analytics,2
"Save on travel adventures at Click Frenzy's big event for 2025 | Port Stephens Examiner | Nelson Bay, NSW",https://www.portstephensexaminer.com.au/story/9043916/save-on-travel-adventures-at-click-frenzys-big-event-for-2025/,en,,200,47,0,1090,0,31,46,0,0,https://www.cruiseaway.com.au/cruise-deals,,Cruiseaway,- $400 onboard credit and reduced deposits on cruises,,,text,false,true,false,false,false,false,true,,,pagefound,2025-08-28 10:01:23,2026-05-06 10:06:58,,,,,1
Most Visited website list 1977 | Best Busniess Directory,https://bestbusniessdirectory.com/most-visited-website-list-1977/,en,wordpress,200,27,0,0,0,5398,7135,0,0,https://www.cruiseaway.com.au/,,dreamlines.com.au,,https://dreamlines.com.au/,301,text,true,false,false,false,false,false,true,,,pagefound,2025-10-09 01:08:02,2026-04-28 11:25:51,,,Listing collection > Business,Internet > Web services > Development; Business > Business services; Reference > Listings > Business,1
Embark on a Stunning 14-Day Cruise Adventure from Brisbane to New Zealand,http://blogs.adsiduous.com/embark-on-a-stunning-14-day-cruise-adventure-from-brisbane-to-new-zealand/,en,,200,6,0,12,0,7,16,0,0,https://www.cruiseaway.com.au/cruise/new-zealand-from-brisbane-australia-with-the-crown-princess-17606587,,https://www.cruiseaway.com.au/cruise/,,https://www.cruiseaway.com.au/cruise/new-zealand-from-brisbane-australia-with-the-crown-princess-17606587?selectedSail=17606590,0,text,true,false,false,false,false,false,true,,,pagefound,2025-10-10 10:26:57,2026-04-23 10:08:25,,Sydney Blunt,,,3
Australian Marketing Trends to the Watch in 2024 AdNews – GLOBAL PRO SEO,https://globalproseo.com/australian-marketing-trends-to-the-watch-in-2024-adnews/,en,wordpress,200,28,0,0,108,2327,3892,0,0,https://www.cruiseaway.com.au/,,cruiseaway,,https://cruiseaway.com.au/,301,text,true,true,false,false,false,false,true,,,pagefound,2025-09-23 17:12:05,2026-04-27 14:15:45,,,Article > Insights,Business > Marketing > Marketing,2
"CruiseAway: Exclusive, all-inclusive journey's with extraordinary added indulgences✨ – AZ-AZAMAZING EXCLUSIVES | Milled",https://milled.com/cruiseaway-by-dreamlines-pty-ltd/exclusive-all-inclusive-journeys-with-extraordinary-added-indulgences-az-peSN67W6Fo2qg3RF,en,,200,74,0,24993,0,5,21,0,0,https://www.cruiseaway.com.au/cruise/island-elegance-bali-to-sydney-18797025?allInclusive=true&filterParams%5BcabinKind%5D%5B0%5D=19&selectedSail=18570934,,"18 October 2027 - 19 nights - From $6,299pp »",,,,text,false,true,true,false,false,false,true,,,linkfound,2026-04-15 06:01:05,2026-04-15 06:01:05,,,,,1
"CruiseAway: 🌊 Sail More, Spend Less | Limited-Time Cruise Deals 🛳️✨ | Milled",https://milled.com/cruiseaway-by-dreamlines-pty-ltd/sail-more-spend-less-limited-time-cruise-deals-QI7HMP3v4dBvM8nX,en,,200,74,0,24993,0,5,22,0,0,https://www.cruiseaway.com.au/cruise-lines-specials/hal-have-it-all-early-booking-bonus,,Have It All Early Booking Bonus,,,,text,false,true,true,false,false,false,true,,,linkfound,2026-04-18 03:50:28,2026-04-18 03:50:28,,,,,1
"Dreamlines Australia Technographics, Software Purchases, AI and Digital Transformation Initiatives",https://www.appsruntheworld.com/customers-database/customers/view/dreamlines-australia-australia,en,,200,70,0,14437,0,5,6,0,0,https://www.cruiseaway.com.au/,,https://www.cruiseaway.com.au/,,,,text,false,false,false,false,false,false,true,,,pagefound,2026-05-02 12:08:05,2026-05-02 12:08:05,,Apps Run The World,,,1
Directory website list 1928 | Seo Directory Pro,https://seodirectorypro.com/directory-website-list-1928/,en,wordpress,200,8,0,0,0,5397,6262,0,0,https://www.cruiseaway.com.au/,,cruiseaway,,https://cruiseaway.com.au/,301,text,true,false,false,false,false,false,true,,,pagefound,2026-02-01 08:54:46,2026-05-05 21:31:20,,,Listing collection > Business,Business > Business services > Consulting; Internet > Search engines; Reference > Listings > Business,2
Australian Marketing Trends to the Watch in 2024 AdNews – Link A News,https://linkanews.com/australian-marketing-trends-to-the-watch-in-2024-adnews/,en,wordpress,200,32,0,0,96,2333,3906,0,0,https://www.cruiseaway.com.au/,,cruiseaway,,https://cruiseaway.com.au/,301,text,true,true,false,false,false,false,true,,,pagefound,2025-08-08 04:47:37,2026-05-11 14:02:10,,,,,2
Directory website list 94 | Data boost directory,https://databoostdirectory.com/directory-website-list-94/,en,wordpress,200,25,0,0,0,5396,7260,0,0,https://www.cruiseaway.com.au/,,cruiseaway,,https://cruiseaway.com.au/,301,text,true,false,false,false,false,false,true,,,pagefound,2025-09-12 10:22:54,2026-05-10 23:51:02,,,Listing collection > Business,Business > Business services > Consulting; Reference > Listings > Business; Internet,2
"Save on travel adventures at Click Frenzy's big event for 2025 | The Area News | Griffith, NSW",https://www.areanews.com.au/story/9043916/save-on-travel-adventures-at-click-frenzys-big-event-for-2025/,en,,200,45,0,2109,0,32,47,0,0,https://www.cruiseaway.com.au/cruise-deals,,Cruiseaway,- $400 onboard credit and reduced deposits on cruises,,,text,false,true,false,false,false,false,true,,,pagefound,2025-08-28 04:27:43,2026-05-06 10:53:56,,,,,1
"Before Discovering SEOExpress.org, I Spent Years on Expensive Agencies That Didn't Deliver the Results Promised. Eventually, I Tried Their White-Hat Backlinks Service and In Just Eight Weeks, My Domain Authority Ramped Up from DA 15 to DA 48 and Leads Poured In at a Rate of Over One Hundred Per Month! Best Investment in SEO ★★★★★ 💎 — High SEO",https://highseo.shop/before-discovering-seoexpress-i-spent-years-on-expensive-agencies-that-didnt-deliver-the-results-promised-eventually-i-tried-their-white-hat-backlinks-service-and-in-only-eight-weeks-my,en,,200,28,0,0,35,5038,8497,0,0,https://www.cruiseaway.com.au/,,"I remember when cruise-away.com.au was buried on page 7, struggling to attract any visitors. After discovering SEOExpress.org and their affordable SEO packages, everything changed. Within just two months, my site jumped to page 1 and traffic skyrocketed from 150 to over 5,000 monthly visits! Investing in them felt like the best decision I ever made for my business 🌟",,https://cruise-away.com.au/,301,text,false,false,true,false,false,false,true,,,pagefound,2026-04-28 09:20:34,2026-04-28 09:56:16,,,Article > Story,Internet > Web services > SEO and marketing; Business > Marketing > Marketing,1
Eurekster,https://p.eurekster.com/?id=&apdiv=Submit&search=Luxury%20Cruise%20Lines,en,,200,51,0,0,0,107,136,0,0,https://www.cruiseaway.com.au/blog/cruise-news/luxury-cruise-ships-vip/,,https://www.cruiseaway.com.au/blog/cruise-news/luxury-cruise-ships-vip/,,,,text,false,false,false,false,false,false,true,,,pagefound,2021-12-27 15:44:02,2026-03-07 04:39:21,,,,,2
CruiseAway: Local Cruise Deals | Milled,https://milled.com/cruiseaway-by-dreamlines-pty-ltd/local-cruise-deals-uSHJok9clA9ZSKAd,en,,200,74,0,24993,0,4,30,0,0,https://www.cruiseaway.com.au/search-results?filterParams%5BdateMax%5D=1735603200&filterParams%5BdateMin%5D=1704067200&filterParams%5BinclFlight%5D=true&filterParams%5BpriceMin%5D=0&sortString=aov,,2024 PACKAGES 2024 PACKAGES,,,,image,false,true,true,false,false,false,true,,,linkfound,2026-03-30 17:34:52,2026-03-30 17:34:52,,,,,1
Eurekster,https://p.eurekster.com/?id=&apdiv=Submit&search=Celebrity%20Infinity,en,,200,51,0,0,0,105,129,0,0,https://www.cruiseaway.com.au/ship/celebrity-infinity,,Celebrity Infinity Cruises 2020 -2020 | Best Prices & Itineraries,,,,text,false,false,false,false,false,false,true,,,pagefound,2022-07-26 23:29:54,2026-05-10 17:21:00,,,,,1
My Viking Ocean Cruise Login - Loginally,https://blog.riadanda.com/12-my-viking-ocean-cruise-login/,en,,200,0.1,0,0,0,9,12,0,0,https://www.cruiseaway.com.au/contact,,CruiseAway Contact Us - Call Our Cruise Guru On 1300 887 590,,,,text,false,false,true,false,false,false,true,,,pagefound,2025-02-28 02:40:39,2026-05-09 01:00:21,,,,,1
Dreamlines AU Affiliate Program - Takeads,https://takeads.com/merchants/dreamlines-au/,en,wordpress,200,50,0,122,0,4,11,0,0,https://www.cruiseaway.com.au/,,cruiseaway.com.au,,https://cruiseaway.com.au/,301,text,false,false,true,false,false,false,true,,,linkfound,2026-04-08 03:01:57,2026-05-05 06:22:15,,,,,1
CruiseAway: Explore the World with Exclusive Cruise packages - Limited time savings! | Milled,https://milled.com/cruiseaway-by-dreamlines-pty-ltd/explore-the-world-with-exclusive-cruise-packages-limited-time-savings-UoGjhRoh_dLM903Z,en,,200,74,0,24993,0,4,26,0,0,https://www.cruiseaway.com.au/cruise/merlion-to-sydney-spirit-18461113?selectedSail=18299027,,London & the British Isles,,,,image,false,true,true,false,false,false,true,,,pagefound,2026-01-26 05:49:52,2026-01-26 05:49:52,,,,,2
"Today: WEH ISLAND (Aceh, Indonesia) Info, Dec 31, 2011",https://www.interalex.net/2011/12/weh-island-aceh-indonesia-info-dec-31.html,en,,200,3.5,0,0,0,90,165,0,0,http://www.cruiseaway.com.au/cruise-port/pulau-weh-sabang-indonesia,,Pulau Weh (Sabang) Indonesia - Cruise Away,,,,text,false,true,false,false,false,false,true,,,linkrestored,2020-12-17 03:40:56,2026-04-20 15:07:18,,,Article > News,Travel > Tourist destinations > Islands; Entertainment,1
"New Zealand is open for travel and luckily, it’s still affordable | The Maitland Mercury | Maitland, NSW",https://www.maitlandmercury.com.au/story/7910925/new-zealand-is-open-for-travel-and-luckily-its-still-affordable/,en,,200,54,0,3388,0,25,33,0,0,https://www.cruiseaway.com.au/cruise/journey-from-melbourne-with-the-queen-elizabeth-queen-elizabeth-15235953,,Get the deal here,,,,text,false,false,false,false,false,false,true,,,pagefound,2026-04-12 23:20:36,2026-05-10 03:44:40,,,,,2
"CruiseAway: ✨Monday Madness ⚡ Low Deposits, Huge Savings & Much more | Milled",https://milled.com/cruiseaway-by-dreamlines-pty-ltd/monday-madness-low-deposits-huge-savings-and-much-more-BqoON0QqliQhWzVA,en,,200,74,0,24993,0,5,27,0,0,https://www.cruiseaway.com.au/cruise/spirit-of-the-southern-passage-18694934?allInclusive=false&filterParams%5BcabinKind%5D%5B0%5D=20&selectedSail=18567940,,Spirit of the Northern Passage,,,,text,false,true,true,false,false,false,true,,,linkfound,2026-04-15 04:19:53,2026-04-15 04:19:53,,,,,1
,http://papasearch.net/ClaudeMonet22.html,en,,200,16,0,0,0,1504,5018,0,0,https://www.cruiseaway.com.au/ship/lofoten,Lofoten - CruiseAway,https://www.cruiseaway.com.au/ship/lofoten,Find the best offers for Cruises with the Lofoten on,,,text,true,true,false,false,false,false,true,,,linkrestored,2018-02-05 12:16:26,2026-04-29 02:48:11,,,Listing collection > Event,Entertainment > Design > Painting; Travel,1
CruiseAway: 🐰 Hop Into Holiday Mode | Egg-cellent Cruise Deals Await | Milled,https://milled.com/cruiseaway-by-dreamlines-pty-ltd/hop-into-holiday-mode-egg-cellent-cruise-deals-await-4ClPPiW_XTFUTbmk,en,,200,74,0,24993,0,5,21,0,0,https://www.cruiseaway.com.au/cruise-lines-specials/norwegian-march-pulse-sale,,March Pulse Sale,,,,text,false,true,true,false,false,false,true,,,pagefound,2026-04-18 11:44:19,2026-04-18 11:44:19,,,,,2
"Before Discovering SEOExpress.org, I Spent Years on Expensive Agencies That Didn't Deliver the Results Promised. Eventually, I Tried Their White-Hat Backlinks Service and In Just Eight Weeks, My Domain Authority Ramped Up from DA 15 to DA 48 and Leads Poured In at a Rate of Over One Hundred Per Month! Best Investment in SEO ★★★★★ 💎 — SEO Express Shop",https://seoexpress.shop/before-discovering-seoexpress-i-spent-years-on-expensive-agencies-that-didnt-deliver-the-results-promised-eventually-i-tried-their-white-hat-backlinks-service-and-in-only-eight-weeks-my,en,,200,28,0,0,34,5038,8507,0,0,https://www.cruiseaway.com.au/,,"I remember when cruise-away.com.au was buried on page 7, struggling to attract any visitors. After discovering SEOExpress.org and their affordable SEO packages, everything changed. Within just two months, my site jumped to page 1 and traffic skyrocketed from 150 to over 5,000 monthly visits! Investing in them felt like the best decision I ever made for my business 🌟",,https://cruise-away.com.au/,301,text,true,false,true,false,false,false,true,,,linkfound,2026-04-29 16:01:56,2026-04-29 16:01:56,,,Article > Story,Internet > Web services > SEO and marketing; Business > Marketing > Marketing,1
Complete SEO package with PBN backlinks and dofollow backlinks and guest posts — manual work — google friendly fast ranking — Gambling included — Rankva.com 24/7 Support – Gambling included— Rankva.com 24/7 Support – White-Hat SEO Links—Fast Rankings — Google-Friendly,https://rankpilot.shop/6l1ost-ready-to-rank-fast-choose-your-plan-manual-work-google-friendly/,en,wordpress,200,12,0,0,0,7925,8789,0,0,https://www.cruiseaway.com.au/,,"Rank cruise-away.com.au with DR/DA/TF — monthly SEO, DR80+, PBN, full SEO — gambling accepted. | Visit Rankva.com for any Query",,https://cruise-away.com.au/,301,text,true,false,true,false,false,false,true,,,linkfound,2025-12-24 00:55:26,2026-04-12 02:02:42,,,Listing > Service,Internet > Web services > SEO and marketing,1
CruiseAway Australia – World Culinary Social Media Directory,https://www.worldculinary.directory/cruiseaway-australia/,en,wordpress,200,0,0,0,0,35,70,0,0,https://www.cruiseaway.com.au/,,https://www.cruiseaway.com.au,,,,text,true,false,false,false,false,false,true,,,linkfound,2026-05-08 06:08:08,2026-05-08 06:08:08,,,,,1
Reserve a sua viagem - Visit Azores,https://www.visitazores.com/book-your-trip?country=australia,pt,,200,71,0,45870,0,6,6,0,0,https://www.cruiseaway.com.au/cruise/azorean-island-discovery-383988,,Saber mais,,,,text,false,true,false,false,false,false,true,,,pagefound,2025-03-03 09:22:02,2026-04-15 02:41:15,,,,,4
Explore the Seas: A Realistic Guide to 3-Day Cruises from Fremantle,http://blogs.adsiduous.com/explore-the-seas-a-realistic-guide-to-3-day-cruises-from-fremantle/,en,,200,6,0,12,0,11,24,0,0,https://www.cruiseaway.com.au/cruises/fremantle,,www.cruiseaway.com.au/cruises/fremantle?,,,,text,true,true,false,false,false,false,true,,,pagefound,2025-10-02 03:00:30,2026-04-25 10:22:12,,Sydney Blunt,,,1
"CruiseAway: Sail Smarter, Relax Better 🛳️✨ — Exclusive Cruise Collection | Milled",https://milled.com/cruiseaway-by-dreamlines-pty-ltd/sail-smarter-relax-better-exclusive-cruise-collection-vgfVB6mlvVQ4m06T,en,,200,74,0,24993,0,4,23,0,0,https://www.cruiseaway.com.au/cruise/australia-from-brisbane-australia-with-the-grand-princess-18603819?allInclusive=false&filterParams%5BcabinKind%5D%5B0%5D=19&selectedSail=18603820,,Southern Tasmania Odyssey,,,,text,false,true,true,false,false,false,true,,,pagefound,2026-04-15 04:19:41,2026-04-15 04:19:41,,,,,1
bestadultdirectory.com | few of top websites | page no. 350,https://www.bestadultdirectory.com/domain-list-350,en,,200,7,0,0,0,1075,2107,0,0,https://www.cruiseaway.com.au/,,cruiseaway.com.au,,"http://cruiseaway.com.au/, https://cruiseaway.com.au/","301, 301",text,true,true,true,false,false,false,true,,,pagefound,2026-01-04 13:52:49,2026-04-14 00:34:58,,,Listing collection > Business,Adult,2
"Today: TORY ISLAND (Ireland) Info, Feb 21, 2013",https://www.interalex.net/2013/02/tory-island-ireland-info-feb-21-2013.html,en,,200,3.5,0,0,0,92,160,0,0,http://www.cruiseaway.com.au/cruise-port/tory-island-ireland,,"Tory Island, Ireland - Cruise Away - Cruises | Best Cheap ...",,,,text,false,true,false,false,false,false,true,,,linkrestored,2020-09-17 01:21:38,2026-04-20 12:42:49,,,Article > Roundup,Travel > Tourist destinations > Islands; Entertainment,1
Five best cruise lines for hungry holiday-makers - Travel Weekly,https://travelweekly.com.au/five-best-cruise-lines-for-hungry-holiday-makers/,en,wordpress,200,68,0,9148,1,9,22,0,0,http://www.cruiseaway.com.au/ships/norwegian-cruise-line/,For more information go to,www.cruiseaway.com.au,.,,,text,false,true,false,false,false,false,true,,,linkfound,2025-03-08 21:54:56,2026-05-09 19:37:19,,,Article > Roundup,Travel > Specialty travel > Luxury travel; Food > Restaurants > Fine dining,2
Directory website list 1928 | Supreme Directory,https://supremedirectory.com/directory-website-list-1928/,en,wordpress,404,16,0,0,0,5150,5519,0,0,https://www.cruiseaway.com.au/,,cruiseaway,,https://cruiseaway.com.au/,301,text,true,false,false,false,false,false,true,notfound,,pagefound,2025-09-13 10:23:49,2025-11-09 08:47:30,2026-04-18 05:10:30,,,,2
Why More Australians Are Choosing Cruises That Depart From Home | Seniors Discount Club,https://seniorsdiscountclub.com.au/threads/why-more-australians-are-choosing-cruises-that-depart-from-home.89368/,en,,200,29,0,440,0,16,30,0,0,https://www.cruiseaway.com.au/cruises/new-zealand,,A cruise across the Tasman is a wonderful way to experience New Zealand’s natural beauty*,", from striking fjords and rolling green landscapes to vibrant",,,text,false,true,false,false,false,false,true,,,linkfound,2026-04-03 13:55:13,2026-04-03 13:55:13,,,,,1
Most Visited website list 1977 | World Top Directory,https://worldtopwebsite.com/most-visited-website-list-1977/,en,wordpress,200,20,0,0,0,5402,7146,0,0,https://www.cruiseaway.com.au/,,dreamlines.com.au,,https://dreamlines.com.au/,301,text,true,false,false,false,false,false,true,,,pagefound,2025-09-27 03:04:07,2026-05-07 14:43:42,,,Listing collection > Business,Business > Business services > Consulting; Internet > Search engines; Reference > Listings > Business,1
35 Best Cruise Affiliate Programs in 2026 - Affiliate Collective,https://affiliatecollective.com/niche/cruise/,en,,200,0.3,0,1,0,22,37,0,0,https://www.cruiseaway.com.au/affiliate-program,,Visit,,,,text,false,true,false,false,false,false,true,,,pagefound,2026-01-25 20:49:53,2026-04-23 23:45:47,,,,,1
websitesreports.com | few of top websites | page no. 363,https://www.websitesreports.com/domain-list-363,en,,200,4.3,0,0,0,1055,2029,0,0,https://www.cruiseaway.com.au/,,cruiseaway.com.au,,"http://cruiseaway.com.au/, https://cruiseaway.com.au/","301, 301",text,true,true,true,false,false,false,true,,,linkrestored,2025-04-13 05:06:32,2026-01-26 07:24:36,,,Listing collection > Business,Internet > Web services > Analytics,1
"Banda Islands Travel Guide: Where History, Culture, and Nature Collide - Tour",https://hop-onhop-off.com/banda-islands/,en,wordpress,200,4.2,0,0,0,9,11,0,0,https://www.cruiseaway.com.au/cruises/banda-neira,"Phinisi yachts fromUSD 1,200–4,000per week; luxury optionsUSD 5,500–9,500+depending on vessel and itinerary",cruiseaway.com.au,,,,text,false,true,false,false,false,false,true,removedfromhtml,,linkfound,2025-09-11 08:05:15,2025-10-17 12:41:59,2026-05-04 03:04:28,,,,1
Most Visited website list 1977 | World Website Directory,https://worldwebsitesdirectory.com/most-visited-website-list-1977/,en,wordpress,200,55,0,0,0,5401,7142,0,0,https://www.cruiseaway.com.au/,,dreamlines.com.au,,https://dreamlines.com.au/,301,text,true,false,false,false,false,false,true,,,pagefound,2025-12-28 01:01:04,2026-05-09 04:18:29,,,Listing collection > Business,Internet > Web services > Analytics; Business > Business services; Reference > Listings,1
"Smart Link Building Result 213: How Real Authority Links Delivered Page One Rankings in Any Niche — Smart Professional Link Building — Increase Domain Rating, Domain Authority and Trust Flow — Real Guest Posts and PBN Links — All Niches — Worldwide",https://ranklinkerpro.shop/ei54bgj-smart-strategic-link-building-result-024-page-one-any-niche-worldwide/,en,,200,47,0,0,0,7933,8793,0,0,https://www.cruiseaway.com.au/,,"Smart link building for cruise-away.com.au delivering real DR, DA and TF improvement worldwide",,https://cruise-away.com.au/,301,text,true,false,true,false,false,false,true,,,linkfound,2026-05-08 10:20:35,2026-05-08 10:20:35,,,Article > Review,Internet > Web services > SEO and marketing,1
"Save on travel adventures at Click Frenzy's big event for 2025 | Merimbula News Weekly | Merimbula, NSW",https://www.merimbulanewsweekly.com.au/story/9043916/save-on-travel-adventures-at-click-frenzys-big-event-for-2025/,en,,200,37,0,637,0,27,43,0,0,https://www.cruiseaway.com.au/cruise-deals,,Cruiseaway,- $400 onboard credit and reduced deposits on cruises,,,text,false,true,false,false,false,false,true,,,pagefound,2025-08-28 10:01:20,2026-05-10 11:14:16,,,,,1
"Before Discovering SEOExpress.org, I Spent Years on Expensive Agencies That Didn't Deliver the Results Promised. Eventually, I Tried Their White-Hat Backlinks Service and In Just Eight Weeks, My Domain Authority Ramped Up from DA 15 to DA 48 and Leads Poured In at a Rate of Over One Hundred Per Month! Best Investment in SEO ★★★★★ 💎 — 123 Web Shop",https://123webshop.shop/before-discovering-seoexpress-i-spent-years-on-expensive-agencies-that-didnt-deliver-the-results-promised-eventually-i-tried-their-white-hat-backlinks-service-and-in-only-eight-weeks-my,en,,200,29,0,0,36,5038,8491,0,0,https://www.cruiseaway.com.au/,,"I remember when cruise-away.com.au was buried on page 7, struggling to attract any visitors. After discovering SEOExpress.org and their affordable SEO packages, everything changed. Within just two months, my site jumped to page 1 and traffic skyrocketed from 150 to over 5,000 monthly visits! Investing in them felt like the best decision I ever made for my business 🌟",,https://cruise-away.com.au/,301,text,true,false,true,false,false,false,true,,,linkfound,2026-04-29 10:23:58,2026-04-29 10:23:58,,,Article > Story,Internet > Web services > SEO and marketing; Business > Marketing > Marketing,1
"Save on travel adventures at Click Frenzy's big event for 2025 | Blayney Chronicle | Blayney, NSW",https://www.blayneychronicle.com.au/story/9043916/save-on-travel-adventures-at-click-frenzys-big-event-for-2025/,en,,200,35,0,287,0,32,47,0,0,https://www.cruiseaway.com.au/cruise-deals,,Cruiseaway,- $400 onboard credit and reduced deposits on cruises,,,text,false,true,false,false,false,false,true,,,pagefound,2025-08-28 10:16:47,2026-05-11 11:05:36,,,,,1
"Cruiseaway.com.au - анализ сайта, seo характеристики сайта - круисеаваы точка ком точка ау",https://prlog.ru/analysis/cruiseaway.com.au,,,200,51,0,91,0,44,251,0,0,https://www.cruiseaway.com.au/cruises/australia/sydney,,cruiseaway.com.au/cruises/australia/sydney,,https://cruiseaway.com.au/cruises/australia/sydney,301,text,false,true,true,false,false,false,true,,,linkrestored,2019-07-22 20:05:01,2026-05-07 18:56:13,,,,,1
Directory website list 1976 | high authority directory,https://highauthoritydirectory.com/directory-website-list-1976/,en,wordpress,200,17,0,0,0,5403,7181,0,0,https://www.cruiseaway.com.au/,,cruiseaway.com.au,,https://cruiseaway.com.au/,301,text,true,false,false,false,false,false,true,,,pagefound,2025-09-15 13:57:58,2026-05-10 06:13:32,,,Listing collection > Business,Business > Business services > Consulting; Reference > Listings > Business; Internet,1
"CruiseAway: Royal Caribbean Exclusive - Royal Beach Club Lelepa, Vanuatu | Milled",https://milled.com/cruiseaway-by-dreamlines-pty-ltd/royal-caribbean-exclusive-royal-beach-club-lelepa-vanuatu-LwS8HuVOOzR3BUoD,en,,200,74,0,24993,0,4,23,0,0,https://www.cruiseaway.com.au/cruise/australia-from-sydney-australia-with-the-royal-princess-16934476,,"Australia from Sydney, Australia with the Royal Princess",,,,text,false,true,true,false,false,false,true,,,pagefound,2026-04-15 06:00:58,2026-04-15 06:00:58,,,,,2
www.Cruiseaway.com.au - Cruises | Best Cheap Cruises,http://urlm.com.br/www.cruiseaway.com.au,pt,,200,7,0,90,0,1,2,0,0,http://www.cruiseaway.com.au/,,Entrar no site,,,,text,false,false,true,false,false,false,true,,,pagefound,2023-08-09 23:20:34,2026-04-21 20:32:45,,,,,2
harmony of the seas vitality spa menu,http://arslankardeslergalvano.com/modules/1cp1za/archive.php?id=harmony-of-the-seas-vitality-spa-menu,,,200,0.8,0,11,0,13,19,0,0,https://www.cruiseaway.com.au/ship/harmony-of-the-seas,sites. You can even go zip lining over The Boardwalk.,Harmony of the Seas Cruises 2023 - 2024 | Save with CruiseAway,"Chef Jamie Oliver prepares a menu of rustic Italian favorites,",,,text,false,true,false,false,false,false,true,,,linkfound,2024-10-12 20:49:04,2025-11-29 11:33:41,,,Article > Review,Travel > Specialty travel > Luxury travel; Food > Restaurants > Fine dining,1
CruiseAway: Black Friday Is Live—Save Big with Free Upgrades & Low Deposits | Milled,https://milled.com/cruiseaway-by-dreamlines-pty-ltd/black-friday-is-live-save-big-with-free-upgrades-and-low-deposits-klIC0vtjKuqyveIv,en,,200,74,0,24993,0,3,3,0,0,https://www.cruiseaway.com.au/,,"South Pacific from Sydney, Australia with the Anthem of the Seas",,,,text,false,false,true,false,false,false,true,,,linkfound,2026-04-09 12:17:34,2026-04-09 12:17:34,,,,,4
CruiseAway: ✨ Suitcase In Hand | Milled,https://milled.com/cruiseaway-by-dreamlines-pty-ltd/suitcase-in-hand-salKHCo5TalSsQgH,en,,200,74,0,24993,0,5,21,0,0,https://www.cruiseaway.com.au/cruise-lines-specials/princess-book-on-plus-spend-on-us-sale,,Plus & Spend on Us Sale,,,,text,false,true,true,false,false,false,true,,,linkfound,2026-04-14 23:49:32,2026-04-14 23:49:32,,,,,1
"New Zealand is open for travel and luckily, it’s still affordable | Great Lakes Advocate | Forster, NSW",https://www.greatlakesadvocate.com.au/story/7910925/new-zealand-is-open-for-travel-and-luckily-its-still-affordable/,en,,200,42,0,965,0,23,30,0,0,https://www.cruiseaway.com.au/cruise/journey-from-melbourne-with-the-queen-elizabeth-queen-elizabeth-15235953,,Get the deal here,,,,text,false,false,false,false,false,false,true,,,linkfound,2026-04-13 00:13:53,2026-04-21 04:16:31,,,,,2
"New Zealand is open for travel and luckily, it’s still affordable | Daily Liberal | Dubbo, NSW",https://www.dailyliberal.com.au/story/7910925/new-zealand-is-open-for-travel-and-luckily-its-still-affordable/,en,,200,57,0,9887,0,26,34,0,0,https://www.cruiseaway.com.au/cruise/journey-from-melbourne-with-the-queen-elizabeth-queen-elizabeth-15235953,,Get the deal here,,,,text,false,false,false,false,false,false,true,,,pagefound,2026-04-12 22:34:37,2026-05-11 10:46:51,,,,,2
"Running My Small Business, I've Always Known How Critical SEO Is but Customizing Keywords Made Me Feel Intimidated Until Researching SEOExpress.org. This Exceptional Team Helped Negotiate Top Keywords for My Niche Resulting in Visible Traffic Growth of Two Hundred Fifty Percent Plus Real Conversions Started Happening—It's Truly Remarkable! ★★★★★ 🌟 — Simply Web Shop",https://simplywebshop.shop/running-my-small-business-have-always-known-how-critical-seo-is-but-customizing-keywords-made-me-feel-intimidated-until-researching-seoexpress-an-exceptional-team-helped-negotiate-top,en,,200,28,0,0,36,5233,8729,0,0,https://www.cruiseaway.com.au/,,There was a time when cruiseaway.com.au didn't attract any attention at all—it was disheartening! Then came along SEOExpress.org's outstanding guest posting services: overnight it seemed my authority grew tremendously as well as my visitor count shot through the roof by an astonishing +280%! That kind of result is hard not to love; go check out what they offer 🌟,,https://cruiseaway.com.au/,301,text,true,false,true,false,false,false,true,,,linkfound,2026-05-03 08:21:59,2026-05-03 08:21:59,,,Article > Story,Internet > Web services > SEO and marketing; Business > Small business > Business formation,1
"Today: GUADALCANAL ISLAND (Solomon Islands) Info, Dec 24, 2011",https://www.interalex.net/2011/12/guadalcanal-island-solomon-islands-info.html,en,,200,3.5,0,0,0,91,162,0,0,http://www.cruiseaway.com.au/cruise-port/guadalcanal_solomon_islands,,"Guadalcanal, Solomon Islands - Cruise Away",,,,text,false,true,false,false,false,false,true,,,linkrestored,2020-12-18 09:49:36,2026-04-20 19:02:58,,,Article > News,Travel > Tourist destinations > Islands; Reference > Geographic reference > Maps; News; Entertainment,2
"Running My Small Business, I've Always Known How Critical SEO Is but Customizing Keywords Made Me Feel Intimidated Until Researching SEOExpress.org. This Exceptional Team Helped Negotiate Top Keywords for My Niche Resulting in Visible Traffic Growth of Two Hundred Fifty Percent Plus Real Conversions Started Happening—It's Truly Remarkable! ★★★★★ 🌟 — Guest Post",https://theguestpost.shop/running-my-small-business-have-always-known-how-critical-seo-is-but-customizing-keywords-made-me-feel-intimidated-until-researching-seoexpress-an-exceptional-team-helped-negotiate-top,en,,200,29,0,0,36,5233,8701,0,0,https://www.cruiseaway.com.au/,,There was a time when cruiseaway.com.au didn't attract any attention at all—it was disheartening! Then came along SEOExpress.org's outstanding guest posting services: overnight it seemed my authority grew tremendously as well as my visitor count shot through the roof by an astonishing +280%! That kind of result is hard not to love; go check out what they offer 🌟,,https://cruiseaway.com.au/,301,text,true,false,true,false,false,false,true,,,pagefound,2026-05-04 18:21:11,2026-05-04 18:21:11,,,Article > Story,Internet > Web services > SEO and marketing; Business > Small business > Business formation,1
"CruiseAway: Friday Fare Frenzy ⚡ Save up to $2,800pp | Milled",https://milled.com/cruiseaway-by-dreamlines-pty-ltd/friday-fare-frenzy-save-up-to-2-800pp-KqpTGkMgVpjMoMQw,en,,200,74,0,24993,0,5,20,0,0,https://www.cruiseaway.com.au/cruise/new-zealand-from-brisbane-australia-with-the-grand-princess-18603813,,"New Zealand from Brisbane, Australia with the Grand Princess",,,,text,false,true,true,false,false,false,true,,,pagefound,2026-04-18 05:50:35,2026-04-18 05:50:35,,,,,2
CruiseAway: 🐰 Hop Into Holiday Mode | Egg-cellent Cruise Deals Await | Milled,https://milled.com/cruiseaway-by-dreamlines-pty-ltd/hop-into-holiday-mode-egg-cellent-cruise-deals-await-4ClPPiW_XTFUTbmk,en,,200,74,0,24993,0,5,21,0,0,https://www.cruiseaway.com.au/cruise-lines-specials/holland-america-anniversary-sale,,Anniversary Sale,,,,text,false,true,true,false,false,false,true,,,pagefound,2026-04-18 11:44:19,2026-04-18 11:44:19,,,,,1
Paid Advertising Vs Free Marketing | Article Ment,https://articlement.com/paid-advertising-vs-free-marketing/,en,wordpress,200,57,0,0,0,2641,3515,0,0,https://www.cruiseaway.com.au/,,dreamlines.com.au,,https://dreamlines.com.au/,301,text,true,true,false,false,false,false,true,,,pagefound,2025-02-25 16:40:21,2026-05-05 22:44:10,,,,,1
"Today: FLORES ISLAND (Azores Islands) Info, Dec 28, 2011",https://www.interalex.net/2011/12/flores-island-azores-islands-info-dec.html,en,,200,3.5,0,0,0,89,156,0,0,http://www.cruiseaway.com.au/cruise-port/lajes_flores_azores_portugal,,"Lajes, Flores Is, Azores, Portugal - Cruise Away",,,,text,false,true,false,false,false,false,true,,,linkrestored,2020-12-18 02:52:26,2026-04-27 23:54:16,,,Article > Roundup,Travel > Tourist destinations > Islands; Entertainment,1
"CruiseAway: Elevated Voyages, Exceptional Value 🛳️✨ | Milled",https://milled.com/cruiseaway-by-dreamlines-pty-ltd/elevated-voyages-exceptional-value-9XAsH-PuphDYITqc,en,,200,74,0,24993,0,4,25,0,0,https://www.cruiseaway.com.au/cruise/new-zealand-from-sydney-australia-with-the-westerdam-18603078?allInclusive=false&filterParams%5BcabinKind%5D%5B0%5D=19&selectedSail=18603079,,The Ultimate New Zealand Voyage,,,,text,false,true,true,false,false,false,true,,,linkfound,2026-04-18 07:10:14,2026-04-18 07:10:14,,,,,2
"I was spending money on content creation with zero return until I bought real backlinks, until I invested in buying multilingual links for all the international markets I wanted — Buying real multilingual links was the single best investment I made for organic growth — Buy Real SEO Backlinks — Increase Domain Rating, Domain Authority and Trust Flow — Guest Posts and PBN Links — Gambling Included — Worldwide",https://buyseobacklinks.shop/vtlmyo6-buy-invest-link-building-result-026-page-one-any-niche-worldwide/,en,,200,47,0,0,0,8302,9752,0,0,https://www.cruiseaway.com.au/,,Get cruiseaway.com.au buying authority links surviving every Google algorithm update,,https://cruiseaway.com.au/,301,text,false,false,true,false,false,false,true,,,linkfound,2026-05-07 23:40:49,2026-05-07 23:40:49,,,Article > Story,Internet > Web services > SEO and marketing; Business > Marketing > Marketing,1
"Cruiseaway.com.au - анализ сайта, seo характеристики сайта - круисеаваы точка ком точка ау",https://prlog.ru/analysis/cruiseaway.com.au,,,200,51,0,91,0,44,251,0,0,https://www.cruiseaway.com.au/faq,,cruiseaway.com.au/faq,,https://cruiseaway.com.au/faq,301,text,false,true,true,false,false,false,true,,,linkrestored,2019-07-22 20:05:01,2026-05-07 18:56:13,,,,,1
applyleads.com | few of top websites | page no. 363,http://www.applyleads.com/domain-list-363,en,,200,0.8,0,0,0,1082,2159,0,0,https://www.cruiseaway.com.au/,,cruiseaway.com.au,,"http://cruiseaway.com.au/, https://cruiseaway.com.au/","301, 301",text,true,true,true,false,false,false,true,removedfromhtml,,linkrestored,2025-04-14 11:56:34,2026-03-31 18:15:08,2026-04-17 07:30:40,,,,1
CruiseAway: 🐣 Pack Your Bags – Easter Cruises Are Calling | Milled,https://milled.com/cruiseaway-by-dreamlines-pty-ltd/pack-your-bags-easter-cruises-are-calling-osHeWJCu3gY5Uzmd,en,,200,74,0,24993,0,4,23,0,0,https://www.cruiseaway.com.au/cruise/new-zealand-from-sydney-australia-with-the-anthem-of-the-seas-18786157?allInclusive=false&filterParams%5BcabinKind%5D%5B0%5D=19&selectedSail=18786158,,Fiordland & Southern Wonders,,,,text,false,true,true,false,false,false,true,,,pagefound,2026-04-17 22:46:02,2026-04-17 22:46:02,,,,,1
"New Zealand is open for travel and luckily, it’s still affordable | Bega District News | Bega, NSW",https://www.begadistrictnews.com.au/story/7910925/new-zealand-is-open-for-travel-and-luckily-its-still-affordable/,en,,200,53,0,1715,0,20,29,0,0,https://www.cruiseaway.com.au/search-results,,Get the deal here,,"https://www.cruiseaway.com.au/cruise/journey-from-melbourne-with-the-queen-elizabeth-queen-elizabeth-15235953, https://www.cruiseaway.com.au/search-results, https://cruiseaway.com.au/search-results","307, 0, 301",text,false,false,false,false,false,false,true,,,linkfound,2026-05-06 17:21:18,2026-05-06 17:21:18,,,,,2
"TELEGRAM t.me/seo_anomaly : SEO BACKLINKS, CROSS-LINKS, TRAFFIC BOOST, LINK INDEXING – Quadrat",https://www.quadrat.ro/telegram-t-me-seo-anomaly-seo-backlinks-cross-30/,"en, ro","ecommerce, wordpress",200,14,0,21,0,1445,2312,0,0,https://www.cruiseaway.com.au/cruise-lines,,"SEO BACKLINKS, CROSS-LINKS, TRAFFIC BOOST, LINK INDEXING – TELEGRAM @SEO_ANOMALY",,https://www.cruiseaway.com.au/cruiseline/po-cruises,301,text,true,false,true,false,false,false,true,,,linkrestored,2025-07-16 21:23:29,2026-04-12 03:32:30,,,Article > Guide,Internet > Web services > SEO and marketing; Business,4
Five best cruise lines for hungry holiday-makers - Travel Weekly,https://travelweekly.com.au/five-best-cruise-lines-for-hungry-holiday-makers/,en,wordpress,200,68,0,9148,1,9,22,0,0,https://www.cruiseaway.com.au/cruiseline/oceania-cruises,Go to,www.cruiseaway.com.au,for more information on Oceania cruises.,http://www.cruiseaway.com.au/ships/oceania-cruises/,301,text,false,true,false,false,false,false,true,,,linkfound,2025-03-08 21:54:56,2026-05-09 19:37:19,,,Article > Roundup,Travel > Specialty travel > Luxury travel; Food > Restaurants > Fine dining,2
"CruiseAway: Sail Smarter, Relax Better 🛳️✨ — Exclusive Cruise Collection | Milled",https://milled.com/cruiseaway-by-dreamlines-pty-ltd/sail-smarter-relax-better-exclusive-cruise-collection-vgfVB6mlvVQ4m06T,en,,200,74,0,24993,0,4,23,0,0,https://www.cruiseaway.com.au/cruise/australia-from-sydney-australia-with-the-royal-princess-17857461?allInclusive=false&filterParams%5BcabinKind%5D%5B0%5D=19&selectedSail=17857462,,Australia’s Wild Southern Fringe,,,,text,false,true,true,false,false,false,true,,,pagefound,2026-04-15 04:19:41,2026-04-15 04:19:41,,,,,1
defender.co.in | few of top websites | page no. 363,https://www.defender.co.in/domain-list-363,en,,200,0.1,0,0,0,1057,2040,0,0,https://www.cruiseaway.com.au/,,cruiseaway.com.au,,"http://cruiseaway.com.au/, https://cruiseaway.com.au/","301, 301",text,false,true,true,false,false,false,true,,,linkfound,2026-05-06 21:57:49,2026-05-06 21:57:49,,,Site page > About,Internet > Web services > Analytics,1
CruiseAway - Affiliate Program - [Start Earning Today],https://amalinkspro.com/it/best-affiliate-programs-beginners/cruiseaway/,it,wordpress,200,48,0,3,0,1,2,0,0,https://www.cruiseaway.com.au/,For more information about this offer:,View the CruiseAway homepage,,,,text,false,true,false,false,false,false,true,,,pagefound,2024-11-20 14:04:27,2026-03-14 12:05:38,,,,,5
"Save on travel adventures at Click Frenzy's big event for 2025 | The Advocate | Burnie, TAS",https://www.theadvocate.com.au/story/9043916/save-on-travel-adventures-at-click-frenzys-big-event-for-2025/,en,,200,64,0,42114,0,24,39,0,0,https://www.cruiseaway.com.au/cruise-deals,,Cruiseaway,- $400 onboard credit and reduced deposits on cruises,,,text,false,true,false,false,false,false,true,,,pagefound,2025-09-25 06:44:50,2026-05-08 13:17:13,,,,,1
CruiseAway: ✨ Two Unforgettable Journeys Through Southeast Asia - Huge savings & incredible inclusions | Milled,https://milled.com/cruiseaway-by-dreamlines-pty-ltd/two-unforgettable-journeys-through-southeast-asia-huge-savings-and-incredible-n9k4DgWHJtRFKDza,en,,200,74,0,24993,0,5,20,0,0,https://www.cruiseaway.com.au/cruise/christmas-in-paradise-bali-bliss-18808674?allInclusive=true&filterParams%5BcabinKind%5D%5B0%5D=19&selectedSail=18661587,,"10 December 2027 - 19 nights - From $4,699pp »",,,,text,false,true,true,false,false,false,true,,,linkfound,2026-04-16 19:47:46,2026-04-16 19:47:46,,,,,1
Directory website list 1977 | AI Backlink Directory,https://aibacklinkdirectory.com/directory-website-list-1977/,en,wordpress,404,18,0,0,0,5181,6056,0,0,https://www.cruiseaway.com.au/,,dreamlines.com.au,,https://dreamlines.com.au/,301,text,true,false,false,false,false,false,true,notfound,,pagefound,2025-08-28 15:15:55,2025-11-18 03:58:06,2026-04-17 11:53:36,,,,1
"Today: HAWAII Islands (USA) Christmas, Dec 22, 2011",https://www.interalex.net/2011/12/hawaii-islands-usa-christmas-dec-22_22.html,en,,200,3.5,0,0,0,91,189,0,0,http://www.cruiseaway.com.au/special/hawaiian-islands-9nt-christmas-fly-cruise-24-dec-2011,,HAWAIIAN ISLANDS 9NT CHRISTMAS FLY-CRUISE - 24 DEC 2011 ...,,,,text,false,false,false,false,false,false,true,,,linkrestored,2020-12-18 02:11:35,2026-04-30 01:08:59,,,Article > Roundup,Entertainment > Events > Music festivals; Travel > Tourist destinations > Islands; News > Local news; Society,2
"New Zealand is open for travel and luckily, it’s still affordable | The Standard | Warrnambool, VIC",https://www.standard.net.au/story/7910925/new-zealand-is-open-for-travel-and-luckily-its-still-affordable/,en,,200,64,0,37591,0,21,30,0,0,https://www.cruiseaway.com.au/search-results,,Get the deal here,,"https://www.cruiseaway.com.au/cruise/journey-from-melbourne-with-the-queen-elizabeth-queen-elizabeth-15235953, https://www.cruiseaway.com.au/search-results, https://cruiseaway.com.au/search-results","307, 0, 301",text,false,false,false,false,false,false,true,,,linkfound,2026-04-21 04:13:36,2026-05-06 14:35:46,,,,,2
CruiseAway: Bundle & Save: Get Up to $500 Onboard Credit for 2026 Cruises! | Milled,https://milled.com/cruiseaway-by-dreamlines-pty-ltd/bundle-and-save-get-up-to-500-onboard-credit-for-2026-cruises-h2ITMNEbIVmVX016,en,,200,74,0,24993,0,4,27,0,0,https://www.cruiseaway.com.au/cruise/journey-with-carnival-cruise-line-from-brisbane-18151211?allInclusive=false&selectedSail=18151316,,Great Barrier Reef,,,,image,false,true,true,false,false,false,true,,,pagefound,2026-04-09 12:17:03,2026-04-09 12:17:03,,,,,1
"Save on travel adventures at Click Frenzy's big event for 2025 | Southern Highland News | Bowral, NSW",https://www.southernhighlandnews.com.au/story/9043916/save-on-travel-adventures-at-click-frenzys-big-event-for-2025/,en,,200,55,0,1613,0,27,43,0,0,https://www.cruiseaway.com.au/cruise-deals,,Cruiseaway,- $400 onboard credit and reduced deposits on cruises,,,text,false,true,false,false,false,false,true,,,pagefound,2025-08-28 02:36:13,2026-04-13 00:24:42,,,,,1
CruiseAway: 🏦Cruise Deals That Won't Break The Bank🏦 | Milled,https://milled.com/cruiseaway-by-dreamlines-pty-ltd/cruise-deals-that-wont-break-the-bank-KArcFzneqfr4s8B5,en,,200,74,0,24993,0,6,21,0,0,https://www.cruiseaway.com.au/cruiseline/dreamaway-package,,Dreamaway Packages,,,,image,false,true,true,false,false,false,true,,,pagefound,2025-01-22 11:35:55,2026-05-09 03:39:39,,,,,1
Directory website list 1928 | Prime Solo directory,https://primesolodirectory.com/directory-website-list-1928/,en,wordpress,200,18,0,0,0,5397,6267,0,0,https://www.cruiseaway.com.au/,,cruiseaway,,https://cruiseaway.com.au/,301,text,true,false,false,false,false,false,true,,,pagefound,2025-10-02 03:18:15,2026-04-28 21:33:00,,,Listing collection > Business,Business > Business services > Consulting; Reference > Listings > Business; Society,2
"New Zealand is open for travel and luckily, it’s still affordable | The Advocate - Hepburn | Hepburn, VIC",https://www.hepburnadvocate.com.au/story/7910925/new-zealand-is-open-for-travel-and-luckily-its-still-affordable/,en,,200,38,0,952,0,18,25,0,0,https://www.cruiseaway.com.au/cruise/journey-from-melbourne-with-the-queen-elizabeth-queen-elizabeth-15235953,,Get the deal here,,,,text,false,false,false,false,false,false,true,,,linkfound,2026-05-06 16:54:35,2026-05-06 16:54:35,,,,,2
Most Visited website list 1977 | Link Pitcher Directory,https://linkpitcherdirectory.com/most-visited-website-list-1977/,en,wordpress,200,58,0,0,0,5401,7143,0,0,https://www.cruiseaway.com.au/,,dreamlines.com.au,,https://dreamlines.com.au/,301,text,true,false,false,false,false,false,true,,,pagefound,2025-10-01 13:28:17,2026-05-05 23:20:25,,,Listing collection > Business,Internet > Web services > Analytics; Business > Business services > Consulting,1
"CruiseAway: Ready, Set, Sail! (Whenever You Want) | Milled",https://milled.com/cruiseaway-by-dreamlines-pty-ltd/ready-set-sail-whenever-you-want-AsbZC2RDMIxu478f,en,,200,74,0,24993,0,4,37,0,0,https://www.cruiseaway.com.au/terms-and-conditions,"Additional terms, conditions and fees may apply. Please always check",terms and conditions,on the CruiseAway website before making the booking. Royal Caribbean terms,,,text,false,false,true,false,false,false,true,,,pagefound,2026-04-17 16:19:40,2026-04-17 16:19:40,,,,,2
dreamlines.de Domain Owner Whois and Analysis,https://kontactr.com/website/site/dreamlines.de,en,,200,56,0,2685,0,19,73,0,0,https://www.cruiseaway.com.au/,,https://www.cruiseaway.com.au,,,,text,false,true,true,false,false,false,true,,,pagefound,2020-05-26 19:23:37,2026-04-15 13:49:52,,,,,1
Directory website list 1977 | All Listing Drectory,https://allistingdirectory.com/directory-website-list-1977/,en,wordpress,200,8,0,0,0,5396,7132,0,0,https://www.cruiseaway.com.au/,,dreamlines.com.au,,https://dreamlines.com.au/,301,text,true,false,false,false,false,false,true,,,pagefound,2025-10-11 00:19:11,2026-04-25 16:19:58,,,Listing collection > Business,Business > Business services > Consulting; Reference > Listings > Business,1
"Today: PORT LOUIS (Mauritius) Info (year 2011), Jan 19, 2012",https://www.interalex.net/2012/01/port-louis-mauritius-info-year-2011-jan.html,en,,200,3.5,0,0,0,91,162,0,0,http://www.cruiseaway.com.au/cruise-port/port_louis_mauritius,,"Port Louis, Mauritius - Cruise Away - Cruises | Best Cheap ...",,,,text,false,false,false,false,false,false,true,,,linkrestored,2020-11-04 03:59:46,2026-04-25 18:04:40,,,Article > News,Travel > Tourist destinations > Other; Entertainment; Reference > Geographic reference,1
"New Zealand is open for travel and luckily, it’s still affordable | Manning River Times | Taree, NSW",https://www.manningrivertimes.com.au/story/7910925/new-zealand-is-open-for-travel-and-luckily-its-still-affordable/,en,,200,50,0,1764,0,23,31,0,0,https://www.cruiseaway.com.au/cruise/journey-from-melbourne-with-the-queen-elizabeth-queen-elizabeth-15235953,,Get the deal here,,,,text,false,false,false,false,false,false,true,,,pagefound,2026-04-12 22:40:02,2026-05-06 05:26:07,,,,,2
Carnival vs Royal Caribbean Australia 2026,https://sunsetweekly.com/carnival-vs-royal-caribbean-australia-2026-family-guide/,en,wordpress,200,7,0,0,0,7,10,0,0,https://www.cruiseaway.com.au/cruise-lines,between two architecturally distinct products: Carnival Cruise Line’s reflagged Australian,fleet,— formerly P&O Australia — and Royal Caribbean’s mega-ship infrastructure,,,text,false,true,true,false,true,false,true,,,linkfound,2026-05-06 23:52:21,2026-05-06 23:52:21,,,,,1
Travel Trade | Products and providers,https://traveltrade.visiticeland.is/products-and-providers/,en,,200,23,0,0,0,443,600,0,0,https://www.cruiseaway.com.au/,,CRUISE AWAY,,,,text,false,false,false,false,false,false,true,,,pagefound,2024-01-17 19:24:04,2026-04-13 14:53:10,,,,,1
"CruiseAway: Royal Caribbean Exclusive - Royal Beach Club Lelepa, Vanuatu | Milled",https://milled.com/cruiseaway-by-dreamlines-pty-ltd/royal-caribbean-exclusive-royal-beach-club-lelepa-vanuatu-LwS8HuVOOzR3BUoD,en,,200,74,0,24993,0,4,23,0,0,https://www.cruiseaway.com.au/cruise/south-pacific-from-sydney-australia-with-the-anthem-of-the-seas-18797441?allInclusive=false&filterParams%5BcabinKind%5D%5B0%5D=19&selectedSail=18797442,,Fiji & New Zealand,,,,image,false,true,true,false,false,false,true,,,pagefound,2026-04-15 06:00:58,2026-04-15 06:00:58,,,,,4
Most Visited website list 1976 | Media Zone Directory,https://mediazonedirectory.com/most-visited-website-list-1976/,en,wordpress,200,19,0,0,0,5403,7176,0,0,https://www.cruiseaway.com.au/,,cruiseaway.com.au,,https://cruiseaway.com.au/,301,text,true,false,false,false,false,false,true,,,pagefound,2025-12-24 07:33:58,2026-05-11 11:12:28,,,Listing collection > Business,Internet > Web services > Development; Business > Business services; News; Reference > Listings,1
Eurekster,https://p.eurekster.com/?id=&apdiv=Submit&search=Celebrity%20Solstice%20Cruise%20Ship,en,,200,51,0,0,0,101,114,0,0,https://www.cruiseaway.com.au/ship/celebrity-solstice,,Celebrity Solstice on CruiseAway 2020 - 2021 | Save up to -16%,,,,text,false,false,false,false,false,false,true,removedfromhtml,,linkfound,2022-12-18 13:48:37,2026-02-04 03:45:04,2026-05-09 01:20:38,,,,12
Directory website list 1977 | Search Stack Directory,https://searchstackdirectory.com/directory-website-list-1977/,en,wordpress,200,21,0,0,0,5403,7162,0,0,https://www.cruiseaway.com.au/,,dreamlines.com.au,,https://dreamlines.com.au/,301,text,true,false,false,false,false,false,true,,,pagefound,2026-01-26 11:24:47,2026-05-10 21:40:57,,,Listing collection > Business,Business > Business services > Consulting; Reference > Listings > Business; Internet > Search engines,1
Cruises 2025 | Latest Itineraries on all Cruise Lines | CruiseAway - Information - #9070408,http://www.secretsearchenginelabs.com/information/9070408-Cruises-2025---Latest-Itineraries-on-all-Cruise,en,,200,44,0,218,0,3,6,0,0,https://www.cruiseaway.com.au/cruises-2025,Visit,Cruises 2025 | Latest Itineraries on all Cruise Lines | CruiseAway,(https://www.cruiseaway.com.au/cruises-2025),,,text,false,true,true,false,false,false,true,,,pagefound,2025-02-01 06:37:24,2026-03-25 00:20:43,,Simon Byholm,,,2
,https://rocketreach.co/dreamlines-profile_b46da26ffc5c8260,en,,200,75,0,658809,0,7,7,0,0,https://www.cruiseaway.com.au/,,http://www.dreamlines.com.au,,http://www.dreamlines.com.au/,301,text,false,false,true,false,false,false,true,,,linkfound,2026-05-04 04:38:46,2026-05-04 04:38:46,,,,,1
CruiseAway: ✨ Timeless Cunard Voyages Await🌊 | Milled,https://milled.com/cruiseaway-by-dreamlines-pty-ltd/timeless-cunard-voyages-await-Zpjm6cyaUiwyxCh_,en,,200,74,0,24993,0,3,3,0,0,https://www.cruiseaway.com.au/,,"Mediterranean Sea from Rome (Civitavecchia), Italy with the Enchanted Princess",,,,text,false,true,true,false,false,false,true,,,linkfound,2026-04-03 19:38:53,2026-04-03 19:38:53,,,,,2
CruiseAway: Local Cruise Deals | Milled,https://milled.com/cruiseaway-by-dreamlines-pty-ltd/local-cruise-deals-uSHJok9clA9ZSKAd,en,,200,74,0,24993,0,4,30,0,0,https://www.cruiseaway.com.au/cruise/mediterranean-mosaic-italian-isles-adriatic-gems-17672173,,Mediterranean Mosaic- Italian Isles & Adriatic Gems,,,,text,false,true,true,false,false,false,true,,,linkfound,2026-03-30 17:34:52,2026-03-30 17:34:52,,,,,1
"Professional Link Building Agency Result 91: How Expert Links Delivered Page One for Any Client Niche — Professional Link Building Service — Increase Domain Rating, Domain Authority and Trust Flow — Real Guest Posts and PBN Links — All Niches — Worldwide",https://linkrankpro.shop/z11i77l-agency-professional-link-building-result-066-page-one-any-niche-worldwide/,en,,200,47,0,0,0,8224,9524,0,0,https://www.cruiseaway.com.au/,,Professional link building for dreamlines.com.au delivered by agency experts with proven client results,,https://dreamlines.com.au/,301,text,true,false,true,false,false,false,true,,,linkfound,2026-05-07 23:25:50,2026-05-07 23:25:50,,,Article > Review,Internet > Web services > SEO and marketing; Business > Marketing > Marketing,1
"CruiseAway: Ready, Set, Sail! (Whenever You Want) | Milled",https://milled.com/cruiseaway-by-dreamlines-pty-ltd/ready-set-sail-whenever-you-want-41Ld9WkC2n-Fo0lU,en,,200,74,0,24993,0,4,15,0,0,https://www.cruiseaway.com.au/cruise/australia-from-perth-fremantle-australia-with-the-sapphire-princess-18603682?sc_lid=558076649&sc_llid=13742&sc_src=email_7913535&sc_uid=TifzvmaXDS,,See cruise »,,,,text,false,false,true,false,false,false,true,,,pagefound,2026-04-15 04:19:42,2026-04-15 04:19:42,,,,,2
CruiseAway: On Sale Now - Hurry! Princess 2027/28 Just Released — Save Big + Extra Onboard Credit! | Milled,https://milled.com/cruiseaway-by-dreamlines-pty-ltd/on-sale-now-hurry-princess-2027-28-just-released-save-big-extra-onboard-credit-U42XkVTsPB91jICP,en,,200,74,0,24993,0,4,32,0,0,https://www.cruiseaway.com.au/cruise/hawaii-from-sydney-australia-with-the-grand-princess-18588221,,"Tahiti, Hawaii & South Pacific",,,,image,false,true,true,false,false,false,true,,,linkfound,2026-04-09 12:16:50,2026-04-09 12:16:50,,,,,1
Directory website list 1928 | Top Backlinks Directory,https://topbacklinksdirectory.com/directory-website-list-1928/,,wordpress,404,13,0,0,0,5321,6114,0,0,https://www.cruiseaway.com.au/,,cruiseaway,,https://cruiseaway.com.au/,301,text,true,false,false,false,false,false,true,notfound,,pagefound,2025-10-03 15:02:52,2025-10-24 11:56:42,2026-04-18 05:12:09,,,,2
クルーズアウェイ - Affiliate Program - [Start Earning Today],https://amalinkspro.com/ja/best-affiliate-programs-beginners/%E3%82%AF%E3%83%AB%E3%83%BC%E3%82%BA%E3%82%A2%E3%82%A6%E3%82%A7%E3%82%A4/,ja,wordpress,200,48,0,3,0,1,2,0,0,https://www.cruiseaway.com.au/affiliate-program,,クルーズアウェイ affiliate program,,,,text,false,true,false,false,false,false,true,,,pagefound,2024-11-20 16:49:13,2026-03-23 06:20:45,,,,,1
32a7d14f2580ffb5e057129292e30d11 – HZDLPQ,https://hzdlpq.com/32a7d14f2580ffb5e057129292e30d11/,en,wordpress,200,36,0,0,0,9167,9742,0,0,https://www.cruiseaway.com.au/,,dreamlines.cn,,https://dreamlines.cn/,301,text,true,true,false,false,false,false,true,,,pagefound,2026-01-15 08:10:41,2026-02-13 10:17:07,,,Article > FAQ,Beauty > Hair care; Sports; Health; Business,1
Most Visited website list 1977 | Social Zone Directory,https://socialzonedirectory.com/most-visited-website-list-1977/,en,wordpress,200,56,0,0,0,5402,7145,0,0,https://www.cruiseaway.com.au/,,dreamlines.com.au,,https://dreamlines.com.au/,301,text,true,false,false,false,false,false,true,,,pagefound,2025-09-28 00:12:11,2026-05-08 14:44:38,,,Listing collection > Business,Internet > Web services > Analytics; Business > Business services > Consulting; Society; Reference > Listings > Business,1
"New Zealand is open for travel and luckily, it’s still affordable | Senior",https://www.thesenior.com.au/story/7910925/new-zealand-is-open-for-travel-and-luckily-its-still-affordable/,en,,200,60,0,17199,0,14,22,0,0,https://www.cruiseaway.com.au/cruise/journey-from-melbourne-with-the-queen-elizabeth-queen-elizabeth-15235953,,Get the deal here,,,,text,false,false,false,false,false,false,true,,,linkfound,2026-04-18 23:06:33,2026-04-18 23:06:33,,,,,2
Eurekster,https://p.eurekster.com/?id=&apdiv=Submit&search=Celebrity%20Millennium,en,,200,51,0,0,0,102,118,0,0,https://www.cruiseaway.com.au/ship/celebrity-millennium,,Celebrity Millennium Cruises | Exciting Itineraries on ...,,,,text,false,false,false,false,false,false,true,,,pagefound,2022-07-26 23:29:56,2026-03-03 02:40:29,,,,,1
"Today: TOBRIAND Islands (Papua New Guinea) Info, Dec 24, 2011",https://www.interalex.net/2011/12/tobriand-islands-papua-new-guinea-info.html,en,,200,3.5,0,0,0,76,151,0,0,http://www.cruiseaway.com.au/cruise-port/alcester_png,,Alcester Is. Papua New Guinea - Cruise Away,,,,text,false,true,false,false,false,false,true,,,linkrestored,2020-12-18 09:51:11,2026-04-20 19:02:19,,,Article > News,Reference > Geographic reference > Maps; Entertainment; Travel > Tourist destinations > Islands; Society; News,1
Australian Marketing Trends to the Watch in 2024 – AdNews | Star Courts,https://starcourts.com/australian-marketing-trends-to-the-watch-in-2024-adnews/,en,wordpress,403,70,0,0,29,2324,3891,0,0,https://www.cruiseaway.com.au/,,cruiseaway,,https://cruiseaway.com.au/,301,text,true,true,false,false,false,false,true,pageerror,,pagefound,2024-11-27 23:46:37,2026-03-28 12:41:37,2026-04-14 13:32:46,,,,2
"Today: SANTO DOMINGO (Dominican Republic) Info (year 2011), Jan 25, 2012",https://www.interalex.net/2012/01/santo-domingo-dominican-republic-info.html,en,,200,3.5,0,0,0,94,178,0,0,http://www.cruiseaway.com.au/cruise-port/dominican_republic,,Dominican Republic - Cruise Away,,,,text,false,true,false,false,false,false,true,,,linkrestored,2020-12-18 01:40:22,2026-04-23 01:26:38,,,Article > News,Reference > Geographic reference; News > Local news; Entertainment; Travel > Tourist destinations; Society,1
Welcome to Kangaroo Island,https://www.emuridge.com.au/welcome-to-kangaroo-island/,en,"ecommerce, wordpress",200,41,0,1510,0,6,7,0,0,https://www.cruiseaway.com.au/ship/seabourn_sojourn?gclid=CM3irszt1rwCFUUwpAodrhUA0g,We welcome passengers and crew from,MV Seabourn Sojourn,to our shores we hope you enjoy our beautiful island,http://www.cruiseaway.com.au/ship/seabourn_sojourn?gclid=CM3irszt1rwCFUUwpAodrhUA0g,301,text,false,true,false,false,false,false,true,,,linkrestored,2023-09-07 09:54:12,2026-05-10 18:54:46,,,,,2
Directory website list 1928 | Weebly Directory,https://weeblydirectory.com/directory-website-list-1928/,en,wordpress,404,15,0,0,0,5319,6114,0,0,https://www.cruiseaway.com.au/,,cruiseaway,,https://cruiseaway.com.au/,301,text,true,false,false,false,false,false,true,notfound,,pagefound,2025-08-31 12:27:55,2025-10-21 12:31:48,2026-04-20 22:18:21,,,,2
SEO Tips for Small Businesses – Apply These and Your Online Business Will Soar! – ZOMATT,https://zomatt.com/seo-tips-for-small-businesses-apply-these-and-your-online-business-will-soar/,en,wordpress,200,29,0,0,2,5380,7225,0,0,https://www.cruiseaway.com.au/,,cruiseaway,,https://cruiseaway.com.au/,301,text,true,false,false,false,false,false,true,,,pagefound,2024-10-14 11:35:26,2026-04-27 23:07:27,,,Article > How-to,Internet > Web services > SEO and marketing; Business > Small business > Business formation,1
Most Visited website list 1928 | Most Ranking Directory,https://worldmarketingdirectoy.com/most-visited-website-list-1928/,en,wordpress,200,18,0,0,0,5399,6260,0,0,https://www.cruiseaway.com.au/,,cruiseaway,,https://cruiseaway.com.au/,301,text,true,false,false,false,false,false,true,,,pagefound,2025-10-04 05:40:26,2026-05-06 06:35:18,,,Listing collection > Business,Business > Business services > Consulting; Internet > Web services > Analytics,2
"Running My Small Business, I've Always Known How Critical SEO Is but Customizing Keywords Made Me Feel Intimidated Until Researching SEOExpress.org. This Exceptional Team Helped Negotiate Top Keywords for My Niche Resulting in Visible Traffic Growth of Two Hundred Fifty Percent Plus Real Conversions Started Happening—It's Truly Remarkable! ★★★★★ 🌟 — Shop Betreiber Blog",https://shopbetreiber-blog.shop/running-my-small-business-have-always-known-how-critical-seo-is-but-customizing-keywords-made-me-feel-intimidated-until-researching-seoexpress-an-exceptional-team-helped-negotiate-top,en,,200,28,0,0,36,5234,8700,0,0,https://www.cruiseaway.com.au/,,There was a time when cruiseaway.com.au didn't attract any attention at all—it was disheartening! Then came along SEOExpress.org's outstanding guest posting services: overnight it seemed my authority grew tremendously as well as my visitor count shot through the roof by an astonishing +280%! That kind of result is hard not to love; go check out what they offer 🌟,,https://cruiseaway.com.au/,301,text,true,false,true,false,false,false,true,,,linkfound,2026-04-15 14:35:25,2026-05-09 10:21:08,,,Article > Story,Internet > Web services > SEO and marketing; Business > Small business > Business formation,1
"CruiseAway: Everything you need, seamlessly included – Look inside for our exclusive pricing | Milled",https://milled.com/cruiseaway-by-dreamlines-pty-ltd/everything-you-need-seamlessly-included-look-inside-for-our-exclusive-pricing-hkqimP56NXg0YR73,en,,200,74,0,24993,0,5,18,0,0,https://www.cruiseaway.com.au/cruise/south-pacific-from-sydney-australia-with-the-carnival-splendor-17794005,,"South Pacific from Sydney, Australia with the Carnival Splendor",,,,text,false,true,true,false,false,false,true,,,pagefound,2026-04-15 04:19:51,2026-04-15 04:19:51,,,,,1
"Cruiseaway.com.au - анализ сайта, seo характеристики сайта - круисеаваы точка ком точка ау",https://prlog.ru/analysis/cruiseaway.com.au,,,200,51,0,91,0,44,251,0,0,https://www.cruiseaway.com.au/cruise-lines-specials,,cruiseaway.com.au/cruise-lines-specials,,https://cruiseaway.com.au/cruise-lines-specials,301,text,false,true,true,false,false,false,true,,,linkrestored,2019-07-22 20:05:01,2026-05-07 18:56:13,,,,,1
"CruiseAway: ✨Uncover the Wonders of Asia with Princess, Bullet Trains, Mt Fuji & much more🌊 | Milled",https://milled.com/cruiseaway-by-dreamlines-pty-ltd/uncover-the-wonders-of-asia-with-princess-bullet-trains-mt-fuji-and-much-more-GoyuJttRKnmcbF7T,en,"cms, message-boards, wikis",200,74,0,24993,0,5,32,0,0,https://www.cruiseaway.com.au/cruise/spirit-of-japan-temples-towers-fuji-18746930,,Aurora Skies & Arctic Fjords Inclusive,,https://www.cruiseaway.com.au/cruise/spirit-of-japan-temples-towers-fuji-18746930?filterParams%5BcabinKind%5D%5B0%5D=19&selectedSail=17719992,0,image,false,true,true,false,false,false,true,,,pagefound,2026-04-17 03:34:14,2026-04-17 03:34:14,,,,,2
"Today: RINBUDHOO, Ribudhu Island (Dhaalu Atoll, Maldives) Info, Jun 16, 2014",https://www.interalex.net/2014/06/rinbudhoo-ribudhu-island-dhaalu-atoll.html,en,,200,3.5,0,0,0,32,129,0,0,http://www.cruiseaway.com.au/cruise-port/dhaalu-atoll-maldives,,Dhaalu Atoll (Maldives) - Cruise Away - Cruises | Best Cheap ...,www.cruiseaway.com.au/cruise-port/dhaalu-atoll-maldives Cached,,,text,false,true,false,false,false,false,true,,,linkrestored,2020-11-24 14:49:58,2026-04-21 13:35:46,,,Article > Story,Travel > Tourist destinations > Islands,2
,https://weblore.net/goto/83d5327c6dff8e2ae920a1b44761c0,,,302,23,0,2,0,1,1,0,0,https://www.cruiseaway.com.au/,,,,,,redirect,false,false,false,false,false,false,true,,,pagefound,2024-08-18 14:44:14,2026-04-17 00:39:30,,,,,1
Directory website list 1976 – Business Growth 953 | Top Site Rank Directory,https://topsiterankdirectory.com/directory-website-list-1976-business-growth-953/,en,wordpress,200,13,0,0,0,5393,7157,0,0,https://www.cruiseaway.com.au/,,cruiseaway.com.au,,https://cruiseaway.com.au/,301,text,true,false,false,false,false,false,true,,,pagefound,2025-11-14 07:22:58,2026-05-11 04:36:24,,,Listing collection > Business,Business > Business services > Consulting,1
工薪族也需要放松心情--平民价的八万吨游轮cruise之旅（全坑填满） - 行万里路 - 新足迹 - Powered by Discuz!,https://oursteps.co/bbs/forum.php/forum.php?mod=viewthread&tid=633925,zh-cn,message-boards,200,7,0,2,0,2,5,0,0,https://www.cruiseaway.com.au/cruise-lines,,http://www.cruiseaway.com.au/cruiselines/starrating,,http://www.cruiseaway.com.au/cruiselines/starrating,301,text,false,true,false,false,false,false,true,,,linkfound,2026-02-21 20:18:01,2026-02-21 20:18:01,,,,,2
"Today: MARIGOT (Saint Martin, Caribbean) Info (year 2011), Jan 16, 2012",https://www.interalex.net/2012/01/marigot-saint-martin-caribbean-info.html,en,,200,3.5,0,0,0,93,175,0,0,http://www.cruiseaway.com.au/cruise-port/marigot_st_martin,,"Marigot, St. Martin - Cruise Away - Cruises | Best Cheap ...",,,,text,false,false,false,false,false,false,true,,,linkrestored,2020-11-08 05:46:55,2026-04-23 02:59:05,,,Article > Story,Travel > Tourist destinations > Islands; Entertainment; Reference > Geographic reference,1
croisieurope special offers,https://podgorze.babinski.pl/jv3yhbl/croisieurope-special-offers,en,,200,41,0,2140,0,12,16,0,0,https://www.cruiseaway.com.au/cruiseline/croisieurope,the Gironde. CroisiEurope 2020 River Cruises | RiverVoyages.com southern europe.,CroisiEurope River Cruises | Best Deals | CruiseAway,"From Luxembourg to Strasbourg, cruise along 4 rivers and discover",,,text,false,true,false,false,false,false,true,,,pagefound,2025-08-06 15:32:30,2026-04-06 12:32:01,,,Listing collection > Product,Travel > Specialty travel > Luxury travel,1
"New Zealand is open for travel and luckily, it’s still affordable | Tenterfield Star | Tenterfield, NSW",https://www.tenterfieldstar.com.au/story/7910925/new-zealand-is-open-for-travel-and-luckily-its-still-affordable/,en,,200,37,0,177,0,22,29,0,0,https://www.cruiseaway.com.au/search-results,,Get the deal here,,"https://www.cruiseaway.com.au/cruise/journey-from-melbourne-with-the-queen-elizabeth-queen-elizabeth-15235953, https://www.cruiseaway.com.au/search-results, https://cruiseaway.com.au/search-results","307, 0, 301",text,false,false,false,false,false,false,true,,,linkfound,2026-04-30 04:03:01,2026-04-30 04:03:01,,,,,2
CruiseAway: This Week’s Top Luxury Cruise Offers – Set Sail in Style | Milled,https://milled.com/cruiseaway-by-dreamlines-pty-ltd/this-weeks-top-luxury-cruise-offers-set-sail-in-style-gzUiYgLWzZQVNrQM,en,,200,74,0,24993,0,4,21,0,0,https://www.cruiseaway.com.au/cruise-lines-specials/oceania-exceptional-savings-offer,,Exceptional Savings Sale,,,,image,false,true,true,false,false,false,true,,,pagefound,2025-09-08 15:44:34,2026-04-22 20:48:15,,,,,1
Most Visited website list 1977 | Media Directory,https://mediedirectory.com/most-visited-website-list-1977/,en,wordpress,200,18,0,0,0,5403,7156,0,0,https://www.cruiseaway.com.au/,,dreamlines.com.au,,https://dreamlines.com.au/,301,text,true,false,false,false,false,false,true,,,pagefound,2025-08-23 19:06:29,2026-05-10 02:18:41,,,Listing collection > Business,Internet > Web services > Analytics; Business > Business services; News > Business news; Reference > Listings,1
www.Cruiseaway.com.au - Cruises | Best Cheap Cruises,http://urlm.co.uk/www.cruiseaway.com.au,en,,200,20,0,1119,0,3,4,0,0,https://www.cruiseaway.com.au/,,Go to website,,http://www.cruiseaway.com.au/,301,text,false,false,true,false,false,false,true,,,pagefound,2020-07-02 07:06:57,2026-03-30 07:32:21,,,,,2
"New Zealand is open for travel and luckily, it’s still affordable | Muswellbrook Chronicle | Muswellbrook, NSW",https://www.muswellbrookchronicle.com.au/story/7910925/new-zealand-is-open-for-travel-and-luckily-its-still-affordable/,en,,200,37,0,445,0,25,32,0,0,https://www.cruiseaway.com.au/cruise/journey-from-melbourne-with-the-queen-elizabeth-queen-elizabeth-15235953,,Get the deal here,,,,text,false,false,false,false,false,false,true,,,pagefound,2026-04-13 01:45:34,2026-05-08 16:28:18,,,,,2
,http://papasearch.net/ClaudeMonet20.html,en,,200,16,0,0,0,1793,5157,0,0,https://www.cruiseaway.com.au/ship/celebrity-equinox,Celebrity Equinox - CruiseAway,https://www.cruiseaway.com.au/ship/celebrity-equinox,Cabins. All cabins on board the Celebrity Equinox are comfortable,,,text,true,true,false,false,false,false,true,,,linkrestored,2020-01-23 23:46:30,2026-04-29 02:59:39,,,Listing collection > Event,Entertainment > Design > Painting,1
"I Started With Less Than Ten Permanent Backlinks on My Site, But After Two Months of SEOExpress.org's Services, I Have Over Two Hundred High-Quality Links Ranking Me at the Top of Major Google Searches for Key Products. It’s affordable SEO that pays off big time! 🌟🔥 — natural-editorial-backlink-hub.rankinghighseo.shop",https://natural-editorial-backlink-hub.rankinghighseo.shop/i-started-with-less-than-ten-permanent-backlinks-on-my-site-and-now-after-two-months-of-seoexpress-com-services-I-have-over-two-hundred-high-quality-links-ranking-me-on-top-of-major-google,en,,200,28,0,0,6,5194,8756,0,0,https://www.cruiseaway.com.au/,,I used to think SEO meant pricey consultants until I discovered SEOExpress.org while searching online for help with dreamlines.cn. Their budget-friendly packages delivered results fast: organic traffic more than tripled from under 200 visits/month after only two months! The combination of guest blogging and PBN links worked wonders—I recommend them wholeheartedly 🌟,,https://dreamlines.cn/,301,text,false,false,true,false,false,false,true,,,linkfound,2026-05-05 08:43:05,2026-05-05 08:43:05,,,Article > Story,Internet > Web services > SEO and marketing; Business > Marketing > Marketing,1
"Today: STANLEY (Falkland Islands) Info (year 2011), Jan 26, 2012",https://www.interalex.net/2012/01/stanley-falkland-islands-info-year-2011.html,en,,200,3.5,0,0,0,93,180,0,0,http://www.cruiseaway.com.au/cruise-port/port-stanley-falkland-islands,,"Port Stanley, Falkland Islands - Cruise Away",,,,text,false,false,false,false,false,false,true,,,linkrestored,2020-12-18 07:45:38,2026-04-21 11:57:23,,,Article > News,Reference > Geographic reference; News > Local news; Travel > Tourist destinations > Islands; Entertainment,1
"The Truth About DR Boosting in 2025 — What Actually Works, What Is a Waste of Money, and the Only Service I Trust for Marketplace — PBNSEOLinks — Private Link Power for Publicly Dominant Rankings.",https://pbnseolinks.shop/pqgmysm-best-sidebar-link-services-news-2025-reviewed-providers-real-authority-gains/,en,,200,0,0,0,0,7938,8811,0,0,https://www.cruiseaway.com.au/,,cruise-away.com.au Organic Traffic Explodes: Niche-Relevant Guest Posts + Indexed Dofollow Backlinks + Climb Ahrefs Domain Rating DR | Moz Domain Authority DA | Majestic Trust Flow TF — Google Index + Top Rankings,,https://cruise-away.com.au/,301,text,false,false,true,false,false,false,true,,,linkfound,2026-05-08 05:50:01,2026-05-08 05:50:01,,,Article > Opinion,Internet > Web services > SEO and marketing; Business > Marketing > Marketing,1
Discover the Wonders of the Pacific: Explore New Zealand on a 12-Day Sydney Roundtrip Cruise,http://blogs.adsiduous.com/discover-the-wonders-of-the-pacific-explore-new-zealand-on-a-12-day-sydney-roundtrip-cruise/,en,,200,6,0,12,0,7,14,0,0,https://www.cruiseaway.com.au/cruise/new-zealand-from-sydney-australia-with-the-celebrity-edge-17287754,,12 Nights New Zealand Cruise from Sydney (AU site – CruiseAway),,,,text,true,true,false,false,false,false,true,,,linkfound,2026-04-15 19:10:20,2026-04-26 16:44:12,,Sydney Blunt,,,1
Most Visited website list 1977 | Marketing Hub Directory,https://marketinghubdirectoy.com/most-visited-website-list-1977/,en,wordpress,200,20,0,0,0,5402,7145,0,0,https://www.cruiseaway.com.au/,,dreamlines.com.au,,https://dreamlines.com.au/,301,text,true,false,false,false,false,false,true,,,pagefound,2025-09-30 21:47:22,2026-05-10 03:16:33,,,Listing collection > Business,Business > Marketing > Marketing; Internet > Web services > SEO and marketing,1
"91 Best Local Cruises in Labrador, QLD 4215 | Yellow Pages®",https://ypau.ev3.thryv.com/labrador-qld-4215/cruises,en,,200,87,0,67122,0,22,40,0,0,https://www.cruiseaway.com.au/,,Visit Website,,,,text,false,false,true,false,false,false,true,,,linkfound,2026-05-05 12:40:45,2026-05-05 12:40:45,,,,,1
크루즈 여행 예약 사이트,https://www.nzkoreapost.com/bbs/board.php?bo_table=forum_qna&wr_id=256250,ko,,200,32,0,22808,0,9,12,0,0,https://www.cruiseaway.com.au/,,https://www.cruiseaway.com.au/,,,,text,false,false,true,false,false,false,true,,,linkfound,2023-02-08 17:43:49,2026-04-16 10:41:12,,예쁜엄마,,,1
CruiseAway: 🐣 Pack Your Bags – Easter Cruises Are Calling | Milled,https://milled.com/cruiseaway-by-dreamlines-pty-ltd/pack-your-bags-easter-cruises-are-calling-osHeWJCu3gY5Uzmd,en,,200,74,0,24993,0,4,23,0,0,https://www.cruiseaway.com.au/cruise/south-pacific-from-sydney-australia-with-the-celebrity-edge-17287725?allInclusive=false&filterParams%5BcabinKind%5D%5B0%5D=19&selectedSail=17803500,,Grand South Pacific Explorer,,,,text,false,true,true,false,false,false,true,,,pagefound,2026-04-17 22:46:02,2026-04-17 22:46:02,,,,,1
Cruise Affiliate Programs - Best Cruise Programs Database,https://affiliateprogramdb.xyz/category/cruise/,en,,200,0,0,0,0,20,38,0,0,https://www.cruiseaway.com.au/affiliate-program,,Join Program →,,,,text,false,true,false,false,false,false,true,,,pagefound,2025-10-12 07:22:19,2026-05-06 04:44:38,,,Listing collection > Service,Travel > Specialty travel > Luxury travel; Business > Hospitality industry > Event,2
Useful Information - Travel Gate Sweden,https://travelgatesweden.carlowebdesign.com/useful-information-with-links-to-sweden-image-banks/,en,wordpress,200,8,0,0,0,41,81,0,0,https://www.cruiseaway.com.au/cruise-destinations,Link to cruise calls in Norway,"fjord area, Bergen and Flåm",,http://www.cruiseaway.com.au/cruise-port/flam_norway,301,text,false,true,false,false,false,false,true,,,linkrestored,2025-05-22 04:40:33,2026-04-09 20:10:27,,,,,2
Directory website list 1977 | The Master Directory,https://themasterdirectory.com/directory-website-list-1977/,en,wordpress,200,18,0,0,0,5399,7134,0,0,https://www.cruiseaway.com.au/,,dreamlines.com.au,,https://dreamlines.com.au/,301,text,true,false,false,false,false,false,true,,,pagefound,2025-09-30 16:50:46,2026-05-01 08:30:15,,,Listing collection > Business,Business > Business services > Consulting; Reference > Listings > Business; Internet,1
CruiseAway: Bundle & Save: Get Up to $500 Onboard Credit for 2026 Cruises! | Milled,https://milled.com/cruiseaway-by-dreamlines-pty-ltd/bundle-and-save-get-up-to-500-onboard-credit-for-2026-cruises-h2ITMNEbIVmVX016,en,,200,74,0,24993,0,4,27,0,0,https://www.cruiseaway.com.au/cruise/new-zealand-from-sydney-australia-with-the-carnival-splendor-17437236,,New Zealand from Sydney,,https://www.cruiseaway.com.au/cruise/new-zealand-from-sydney-australia-with-the-carnival-splendor-17437236?allInclusive=false&selectedSail=17794082,0,image,false,true,true,false,false,false,true,,,pagefound,2026-04-09 12:17:03,2026-04-09 12:17:03,,,,,2
Most Visited website list 1977 | Website Brand Directory,https://webbranddirectory.com/most-visited-website-list-1977/,en,wordpress,200,24,0,0,0,5403,7153,0,0,https://www.cruiseaway.com.au/,,dreamlines.com.au,,https://dreamlines.com.au/,301,text,true,false,false,false,false,false,true,,,linkfound,2026-04-24 06:44:26,2026-05-08 06:49:00,,,Listing collection > Business,Internet > Web services > Development; Business > Business services,1
Directory website list 1928 | Backlinks Directory hub,https://backlinksdirectoryhub.com/directory-website-list-1928/,en,wordpress,404,14,0,0,0,5305,6082,0,0,https://www.cruiseaway.com.au/,,cruiseaway,,https://cruiseaway.com.au/,301,text,true,false,false,false,false,false,true,notfound,,pagefound,2025-09-26 18:55:39,2025-09-26 18:55:39,2026-04-21 07:04:09,,,,2
"Cruiseaway.com.au - анализ сайта, seo характеристики сайта - круисеаваы точка ком точка ау",https://prlog.ru/analysis/cruiseaway.com.au,,,200,51,0,91,0,44,251,0,0,https://www.cruiseaway.com.au/short-cruises,,cruiseaway.com.au/short-cruises,,https://cruiseaway.com.au/short-cruises,301,text,false,true,true,false,false,false,true,,,linkrestored,2019-07-22 20:05:01,2026-05-07 18:56:13,,,,,1
"Today: LOME (Togo) Info (year 2011), Jan 16, 2012",https://www.interalex.net/2012/01/lome-togo-info-year-2011-jan-16-2012.html,en,,200,3.5,0,0,0,97,171,0,0,http://www.cruiseaway.com.au/cruise-port/lome_togo,,"Lome, Togo - Cruise Away",,,,text,false,false,false,false,false,false,true,,,linkrestored,2020-11-08 05:42:59,2026-04-23 02:19:13,,,Article > Roundup,Travel > Tourist destinations > Other; Entertainment; Reference > Geographic reference; Society,1
Blockchain Trends – The Future of Digital Innovation – skylinkseo.site,https://skylinkseo.site/blockchain-trends-the-future-of-digital-innovation/,en,wordpress,200,28,0,0,0,2713,3590,0,0,https://www.cruiseaway.com.au/,dreamlandmagazine.com.au dreamlimousines.com.au,dreamlines.com.au,dreamnannies.com.au dreampiece.com.au,https://dreamlines.com.au/,301,text,true,false,true,false,false,false,true,,,pagefound,2025-12-05 05:11:50,2026-05-05 18:20:27,,,,,1
"Kreuzfahrten: Günstige Positionierungsfahrten und ""Deals"" | Vielfliegertreff",https://www.vielfliegertreff.de/forum/threads/kreuzfahrten-guenstige-positionierungsfahrten-und-deals.129902/page-3,de,,200,35,0,18221,0,13,30,0,0,https://www.cruiseaway.com.au/search-results,13.12.:,https://www.cruiseaway.com.au/cruise/sail-with-pao-cruises-from-dubai-1070066#/selectedSail=1070068,,"https://www.cruiseaway.com.au/cruise/sail-with-pao-cruises-from-dubai-1070066, https://www.cruiseaway.com.au/search-results, https://cruiseaway.com.au/search-results","307, 0, 301",text,false,false,true,true,false,false,true,,,linkfound,2024-11-09 06:07:09,2026-02-14 14:03:37,,,,,2
How To Become A Captain On Ship - Permissioncommission,https://permissioncommission.frontonnaise.com/how-to-become-a-captain-on-a-ship.html,en,,200,16,0,0,0,16,21,0,0,https://www.cruiseaway.com.au/wp-blog/uploads/2017/03/22180631/shutterstock_33848395-680x1024.jpg,,What It Really Takes To Become A Cruise Ship Captain,,,,image,false,false,false,false,false,false,true,,,pagefound,2024-02-16 12:34:35,2026-04-27 15:30:11,,,,,1
Spectacular Info About How To Become A Boat Captain - Makepanic42,https://makepanic42.pythonanywhere.com/how-to-become-a-boat-captain.html,en,,200,82,0,93091,2,13,20,0,0,https://www.cruiseaway.com.au/wp-blog/uploads/2017/03/22180631/shutterstock_33848395-680x1024.jpg,,What it really takes to a cruise ship captain,,,,image,false,false,false,false,false,true,true,,,pagefound,2026-03-20 03:45:31,2026-04-14 15:56:39,,,Article > How-to,Jobs and education > Education > Continuing education,1
norwegian breakaway cruises 2022,http://8bitmonkey.com/fandwi/norwegian-breakaway-cruises-2022,en,,200,0.1,0,0,0,29,35,0,0,https://www.cruiseaway.com.au/ship/norwegian-breakaway,updated frequently using the latest official itineraries released by NCL.,Norwegian Breakaway Cruises 2021 - 2022 | Save,"Norwegian Breakaway current cruise is 7 days, round-trip Caribbean Harvest",,,text,true,true,false,false,false,false,true,,,pagefound,2024-06-20 23:15:06,2026-04-25 03:30:01,,,,,1
Entdecke die Schönheiten der Ostsee: Deine 7-Tägige Kreuzfahrt von Warnemünde in die Baltischen Staaten,http://blogs.adsiduous.com/entdecke-die-schonheiten-der-ostsee-deine-7-tagige-kreuzfahrt-von-warnemunde-in-die-baltischen-staaten/,"de, en",,200,6,0,12,0,7,14,0,0,https://www.cruiseaway.com.au/cruise/baltic-sea-from-warnemunde-berlin-germany-with-the-msc-magnifica-17833735,,baltic-sea-from-warnemunde-berlin-germany-with-the-msc-magnifica,,,,text,true,true,false,false,false,false,true,,,pagefound,2025-12-01 00:38:45,2026-04-25 13:44:22,,Sydney Blunt,,,1
"Today: ULAWA (Solomon Islands) Info, Dec 24, 2011",https://www.interalex.net/2011/12/ulawa-solomon-islands-info-dec-24-2011.html,en,,200,3.5,0,0,0,84,160,0,0,http://www.cruiseaway.com.au/cruise-port/santa_ana_solomons,,"Santa Ana Is, Solomons - Cruise Away - Cruises | Best Cheap ...",,,,text,false,false,false,false,false,false,true,,,linkrestored,2020-12-18 09:51:21,2026-04-20 19:01:37,,,Article > News,Reference > Geographic reference; Entertainment > Events; News > Local news; Society,1
"Today: LIFOU Island (Loyalty Islands, New Caledonia) Christmas, Dec 24, 2011",https://www.interalex.net/2011/12/lifou-island-loyalty-islands-new.html,en,,200,3.5,0,0,0,86,159,0,0,http://www.cruiseaway.com.au/cruise-port/lifou_loyalty_islands,,"Lifou, Loyalty Islands - Cruise Away - Cruises | Best Cheap ...",,,,text,false,false,false,false,false,false,true,,,linkrestored,2020-12-18 09:49:45,2026-04-20 19:00:58,,,Article > Story,Travel > Tourist destinations > Islands; Entertainment > Events,3
Most Visited website list 1976 | Most Rank Directory,https://mostrankdirectory.com/most-visited-website-list-1976/,en,wordpress,200,18,0,0,0,5403,7178,0,0,https://www.cruiseaway.com.au/,,cruiseaway.com.au,,https://cruiseaway.com.au/,301,text,true,false,false,false,false,false,true,,,pagefound,2025-12-08 02:55:08,2026-05-08 12:15:44,,,Listing collection > Business,Business > Business services > Consulting; Internet > Web services > Analytics,1
"Before Discovering SEOExpress.org, I Spent Years on Expensive Agencies That Didn't Deliver the Results Promised. Eventually, I Tried Their White-Hat Backlinks Service and In Just Eight Weeks, My Domain Authority Ramped Up from DA 15 to DA 48 and Leads Poured In at a Rate of Over One Hundred Per Month! Best Investment in SEO ★★★★★ 💎 — SEO High Ranking",https://theseohighranking.shop/before-discovering-seoexpress-i-spent-years-on-expensive-agencies-that-didnt-deliver-the-results-promised-eventually-i-tried-their-white-hat-backlinks-service-and-in-only-eight-weeks-my,en,,200,29,0,0,36,5041,8475,0,0,https://www.cruiseaway.com.au/,,"I remember when cruise-away.com.au was buried on page 7, struggling to attract any visitors. After discovering SEOExpress.org and their affordable SEO packages, everything changed. Within just two months, my site jumped to page 1 and traffic skyrocketed from 150 to over 5,000 monthly visits! Investing in them felt like the best decision I ever made for my business 🌟",,https://cruise-away.com.au/,301,text,true,false,true,false,false,false,true,,,linkfound,2026-05-10 00:33:33,2026-05-10 00:33:33,,,Article > Story,Internet > Web services > SEO and marketing; Business > Marketing > Marketing,1
Directory website list 94 | Link FLow Directory,https://linkflowdirectory.com/directory-website-list-94/,en,wordpress,404,13,0,0,0,4999,5928,0,0,https://www.cruiseaway.com.au/,,cruiseaway,,https://cruiseaway.com.au/,301,text,true,false,false,false,false,false,true,notfound,,pagefound,2025-09-29 02:56:10,2025-12-02 07:18:55,2026-04-18 10:11:55,,,,2
"New Zealand is open for travel and luckily, it’s still affordable | Milton Ulladulla Times | Ulladulla, NSW",https://www.ulladullatimes.com.au/story/7910925/new-zealand-is-open-for-travel-and-luckily-its-still-affordable/,en,,200,40,0,615,0,20,27,0,0,https://www.cruiseaway.com.au/cruise/journey-from-melbourne-with-the-queen-elizabeth-queen-elizabeth-15235953,,Get the deal here,,,,text,false,false,false,false,false,false,true,,,linkfound,2026-04-13 04:57:39,2026-04-21 10:25:57,,,,,2
"CruiseAway: ✨Monday Madness ⚡ Low Deposits, Huge Savings & Much more | Milled",https://milled.com/cruiseaway-by-dreamlines-pty-ltd/monday-madness-low-deposits-huge-savings-and-much-more-BqoON0QqliQhWzVA,en,,200,74,0,24993,0,5,27,0,0,https://www.cruiseaway.com.au/cruise/south-australia-new-zealand-holiday-18184437?filterParams%5BcabinKind%5D%5B0%5D=20&selectedSail=17951534,,South Australia & New Zealand Holiday,,,,text,false,true,true,false,false,false,true,,,linkfound,2026-04-15 04:19:53,2026-04-15 04:19:53,,,,,1
"Running My Small Business, I've Always Known How Critical SEO Is but Customizing Keywords Made Me Feel Intimidated Until Researching SEOExpress.org. This Exceptional Team Helped Negotiate Top Keywords for My Niche Resulting in Visible Traffic Growth of Two Hundred Fifty Percent Plus Real Conversions Started Happening—It's Truly Remarkable! ★★★★★ 🌟 — Backlinks",https://thebacklinks.shop/running-my-small-business-have-always-known-how-critical-seo-is-but-customizing-keywords-made-me-feel-intimidated-until-researching-seoexpress-an-exceptional-team-helped-negotiate-top,en,,200,29,0,0,36,5233,8694,0,0,https://www.cruiseaway.com.au/,,There was a time when cruiseaway.com.au didn't attract any attention at all—it was disheartening! Then came along SEOExpress.org's outstanding guest posting services: overnight it seemed my authority grew tremendously as well as my visitor count shot through the roof by an astonishing +280%! That kind of result is hard not to love; go check out what they offer 🌟,,https://cruiseaway.com.au/,301,text,true,false,true,false,false,false,true,,,linkfound,2026-05-04 21:59:10,2026-05-04 21:59:10,,,Article > Story,Internet > Web services > SEO and marketing; Business > Small business > Business formation,1
"I Started With Less Than Ten Permanent Backlinks on My Site, But After Two Months of SEOExpress.org's Services, I Have Over Two Hundred High-Quality Links Ranking Me at the Top of Major Google Searches for Key Products. It’s affordable SEO that pays off big time! 🌟🔥 — Active Shop",https://activeshop.shop/i-started-with-less-than-ten-permanent-backlinks-on-my-site-and-now-after-two-months-of-seoexpress-com-services-I-have-over-two-hundred-high-quality-links-ranking-me-on-top-of-major-google,en,,200,28,0,0,36,5186,8749,0,0,https://www.cruiseaway.com.au/,,I used to think SEO meant pricey consultants until I discovered SEOExpress.org while searching online for help with dreamlines.cn. Their budget-friendly packages delivered results fast: organic traffic more than tripled from under 200 visits/month after only two months! The combination of guest blogging and PBN links worked wonders—I recommend them wholeheartedly 🌟,,https://dreamlines.cn/,301,text,false,false,true,false,false,false,true,,,linkfound,2026-05-04 17:13:18,2026-05-04 17:13:18,,,Article > Story,Internet > Web services > SEO and marketing; Business,1
"Cruiseaway.com.au - анализ сайта, seo характеристики сайта - круисеаваы точка ком точка ау",https://prlog.ru/analysis/cruiseaway.com.au,,,200,51,0,91,0,44,251,0,0,http://www.cruiseaway.com.au/ships/cuba-cruise/,,cruiseaway.com.au/ships/cuba-c...,,,,text,false,false,true,false,false,false,true,,,pagefound,2019-07-22 20:05:01,2026-05-07 18:56:13,,,,,1
Favourite Cruises - All your saved voyages on CruiseAway - Information - #7803243,http://www.secretsearchenginelabs.com/information/7803243-Favourite-Cruises---All-your-saved-voyages-on,en,,200,44,0,218,0,3,5,0,0,https://www.cruiseaway.com.au/favourites,Visit,Favourite Cruises - All your saved voyages on CruiseAway,(https://www.cruiseaway.com.au/favourites),,,text,false,true,true,false,false,false,true,,,pagefound,2024-06-25 02:24:02,2026-04-11 16:11:19,,Simon Byholm,,,1
Раздвоение теплохода - Форум речных путешественников,https://river-forum.ru/forum/%D1%80%D0%B5%D1%87%D0%BD%D0%B0%D1%8F-%D1%82%D0%B5%D0%BC%D0%B0%D1%82%D0%B8%D0%BA%D0%B0/%D1%80%D0%B5%D1%87%D0%BD%D1%8B%D0%B5-%D0%BA%D1%80%D1%83%D0%B8%D0%B7%D1%8B-%D0%B8-%D1%81%D1%83%D0%B4%D0%BE%D1%85%D0%BE%D0%B4%D1%81%D1%82%D0%B2%D0%BE/7856-%D1%80%D0%B0%D0%B7%D0%B4%D0%B2%D0%BE%D0%B5%D0%BD%D0%B8%D0%B5-%D1%82%D0%B5%D0%BF%D0%BB%D0%BE%D1%85%D0%BE%D0%B4%D0%B0,ru,message-boards,200,4.6,0,0,0,7,11,0,0,http://www.cruiseaway.com.au/cruise/river-victoria-imperial-waterways-russia-ex-moscow-st-petersburg?saild=2015-07-02,,http://www.cruiseaway.com.au/cruise/river-victoria-imperial-waterways-russia-ex-moscow-st-petersburg?saild=2015-07-02,,,,text,false,false,false,false,false,false,true,,,pagefound,2020-05-30 18:35:22,2025-11-23 21:21:03,,,,,1
"Celebrity Cruises reveals designs for new ship Celebrity Edge, due to set sail in December 2018",https://www.smh.com.au/traveller/inspiration/the-latest-cruise-news-with-the-cruise-director-20170331-gvardp.html,en,,200,90,0,1029566,3,26,48,0,0,https://www.cruiseaway.com.au/search-results,transfers. Valid until sold out; phone 1300 306 134. See,cruiseaway.com.au,,"https://www.cruiseaway.com.au/cruise/the-swiss-alps-to-paris-581165, https://www.cruiseaway.com.au/search-results, https://cruiseaway.com.au/search-results","307, 0, 301",text,false,false,false,false,false,false,true,,,linkfound,2024-10-20 17:13:58,2026-05-04 18:01:07,,Sally Macmillan,Article > News,Travel > Specialty travel > Luxury travel,2
"New Zealand is open for travel and luckily, it’s still affordable | The Advertiser - Cessnock | Cessnock, NSW",https://www.cessnockadvertiser.com.au/story/7910925/new-zealand-is-open-for-travel-and-luckily-its-still-affordable/,en,,200,43,0,441,0,25,32,0,0,https://www.cruiseaway.com.au/search-results,,Get the deal here,,"https://www.cruiseaway.com.au/cruise/journey-from-melbourne-with-the-queen-elizabeth-queen-elizabeth-15235953, https://www.cruiseaway.com.au/search-results, https://cruiseaway.com.au/search-results","307, 0, 301",text,false,false,false,false,false,false,true,,,linkfound,2026-04-18 21:49:42,2026-05-06 16:03:08,,,,,2
"Today: ILES D' HYERES (France) Info, Jan 26, 2013",https://www.interalex.net/2013/01/iles-d-hyeres-france-info-jan-26-2013.html,en,,200,3.5,0,0,0,92,167,0,0,http://www.cruiseaway.com.au/cruise-port/hyeres_france,,"Hyeres, France - Cruise Away - Cruises | Best Cheap Cruises ...",,,,text,false,true,false,false,false,false,true,,,linkrestored,2020-09-28 17:01:38,2026-04-20 20:32:03,,,Article > News,Travel > Tourist destinations > Islands; Entertainment > Music; Reference > Geographic reference,1
Directory website list 94 | Rankify Directory,https://rankifydirectory.com/directory-website-list-94/,en,wordpress,404,13,0,0,0,5000,5924,0,0,https://www.cruiseaway.com.au/,,cruiseaway,,https://cruiseaway.com.au/,301,text,true,false,false,false,false,false,true,notfound,,pagefound,2025-12-03 12:45:41,2025-12-03 12:45:41,2026-04-16 08:33:26,,,,1
Directory website list 1976 | Directory Cloud hub,https://directorycloudhub.com/directory-website-list-1976/,en,wordpress,200,22,0,0,0,5393,7163,0,0,https://www.cruiseaway.com.au/,,cruiseaway.com.au,,https://cruiseaway.com.au/,301,text,true,false,false,false,false,false,true,,,pagefound,2025-11-09 03:39:14,2026-05-09 23:53:26,,,Listing collection > Business,Business > Business services > Consulting; Reference > Listings > Business; Internet,1
CruiseAway: On Sale Now - Hurry! Princess 2027/28 Just Released — Save Big + Extra Onboard Credit! | Milled,https://milled.com/cruiseaway-by-dreamlines-pty-ltd/on-sale-now-hurry-princess-2027-28-just-released-save-big-extra-onboard-credit-U42XkVTsPB91jICP,en,,200,74,0,24993,0,4,32,0,0,https://www.cruiseaway.com.au/cruise/south-pacific-from-sydney-australia-with-the-royal-princess-18588209,,Fiji & South Pacific,,,,text,false,true,true,false,false,false,true,,,linkfound,2026-04-09 12:16:50,2026-04-09 12:16:50,,,,,1
CruiseAway: Hop Into Egg-stra Special Getaways 🐣🚢 | Milled,https://milled.com/cruiseaway-by-dreamlines-pty-ltd/hop-into-egg-stra-special-getaways-2TC7NWIa36FDnW7e,en,,200,74,0,24993,0,4,25,0,0,https://www.cruiseaway.com.au/cruise/south-pacific-from-brisbane-australia-with-the-carnival-encounter-18151214?allInclusive=false&filterParams%5BcabinKind%5D%5B0%5D=19&selectedSail=18151292,,South Pacific Encounter,,,,text,false,true,true,false,false,false,true,,,pagefound,2026-04-17 11:24:21,2026-04-17 11:24:21,,,,,1
"Save on travel adventures at Click Frenzy's big event for 2025 | The Inverell Times | Inverell, NSW",https://www.inverelltimes.com.au/story/9043916/save-on-travel-adventures-at-click-frenzys-big-event-for-2025/,en,,200,37,0,684,0,28,43,0,0,https://www.cruiseaway.com.au/cruise-deals,,Cruiseaway,- $400 onboard credit and reduced deposits on cruises,,,text,false,true,false,false,false,false,true,,,pagefound,2025-08-28 04:28:29,2026-05-11 04:03:24,,,,,1
Most Visited website list 1928 | Marketing Hub Directory,https://marketinghubdirectoy.com/most-visited-website-list-1928/,en,wordpress,200,20,0,0,0,5400,6260,0,0,https://www.cruiseaway.com.au/,,cruiseaway,,https://cruiseaway.com.au/,301,text,true,false,false,false,false,false,true,,,pagefound,2025-10-01 13:06:12,2026-05-11 04:00:18,,,Listing collection > Business,Business > Business services > Consulting; Internet > Web services > SEO and marketing,2
silversea cairns to singapore,https://www.omniservices.com/gsjncvr/archive.php?tag=silversea-cairns-to-singapore,en,,200,12,0,445,0,6,11,0,0,https://www.cruiseaway.com.au/cruise/trip-from-singapore-to-cairns-via-singapore-16350513,to increase its fleet with a couple of more ships.,,"Enjoy the great outdoors in Oslo, the beautiful and spacious",,,text,false,true,false,false,false,false,true,,,linkrestored,2025-01-23 15:07:07,2026-04-04 09:32:00,,,Listing collection > Service,Travel > Specialty travel > Luxury travel,2
"Today: PENTECOST Island (Vanuatu) Info, Dec 26, 2011",https://www.interalex.net/2011/12/pentecote-island-vanuatu-info-dec-26.html,en,,200,3.5,0,0,0,91,182,0,0,http://www.cruiseaway.com.au/cruise-port/pentecost_island_vanuatu,,Pentecost Island Vanuatu - Cruise Away - Cruises | Best Cheap ...,,,,text,false,false,false,false,false,false,true,,,linkrestored,2020-12-18 11:54:47,2026-04-28 03:11:50,,,Site page > Blog,Travel > Tourist destinations > Islands; Reference > Geographic reference > Maps; News; Entertainment,1
CruiseAway: Cruise Close. Explore More. | Milled,https://milled.com/cruiseaway-by-dreamlines-pty-ltd/cruise-close-explore-more-jV4nCCE0_Z5y7fgX,en,,200,74,0,24993,0,4,24,0,0,https://www.cruiseaway.com.au/cruise/southern-australia-explorer-18598145?filterParams%5BcabinKind%5D%5B0%5D=19&selectedSail=18598149,,Southern Australia Explorer,,,,text,false,true,true,false,false,false,true,,,linkfound,2026-04-17 17:48:57,2026-04-17 17:48:57,,,,,1
Most Visited website list 1976 | Ranking Directory,https://rankingwebdirectory.com/most-visited-website-list-1976/,en,wordpress,200,55,0,0,0,5399,7170,0,0,https://www.cruiseaway.com.au/,,cruiseaway.com.au,,https://cruiseaway.com.au/,301,text,true,false,false,false,false,false,true,,,pagefound,2025-11-17 19:00:21,2026-05-07 02:47:20,,,Listing collection > Business,Business > Business services > Consulting; Internet > Web services > Analytics,1
Australian Marketing Trends to the Watch in 2024 – AdNews | Pirdu,https://pirdu.com/australian-marketing-trends-to-the-watch-in-2024-adnews/,en,wordpress,200,28,0,0,15,2327,3896,0,0,https://www.cruiseaway.com.au/,,cruiseaway,,https://cruiseaway.com.au/,301,text,true,true,false,false,false,true,true,,,pagefound,2024-11-27 01:51:13,2026-04-21 01:34:16,,,Article > Insights,Business > Marketing > Marketing,2
"""Archipelago"" related terms, short phrases and links",http://keywen.com/en/ARCHIPELAGO,en,,200,25,0,0,0,41,61,0,0,http://www.cruiseaway.com.au/cruise-port/tuamotu_atolls_french_polynesia,miles of the eastern Pacific Ocean governed by French Polynesia.,(Web site),,,,text,true,false,false,false,false,false,true,,,linkfound,2020-03-17 06:49:50,2025-12-03 07:40:06,,,Article > Definition,Reference > Geographic reference > Maps,2
CruiseAway: 📣*REDUCED PRICES * EXCLUSIVES * LAST MINUTE DEALS * & MORE | Milled,https://milled.com/cruiseaway-by-dreamlines-pty-ltd/reduced-prices-exclusives-last-minute-deals-and-more-yTSjMmtrnbqpaBvq,en,,200,74,0,24993,0,6,23,0,0,https://www.cruiseaway.com.au/cruise/cruise-from-sydney-with-the-royal-princess-16490050,,Tasmania from $998pp Tasmania from $998pp,,,,image,false,true,true,false,false,false,true,,,pagefound,2025-01-22 19:58:08,2026-03-30 19:15:38,,,,,1
Loads of options to take on board,https://www.smh.com.au/traveller/inspiration/loads-of-options-to-take-on-board-20130314-2g25p.html,en,,200,90,0,1029566,0,31,48,0,0,https://www.cruiseaway.com.au/,"Ecruising ( ecruising.com.au ), Cruiseabout ( cruiseabout.com.au ), CruiseAway (",cruiseaway.com.au),and CruiseCo ( cruising.com.au ) are the big players in,http://www.cruiseaway.com.au/,301,text,false,true,false,false,false,false,true,,,pagefound,2025-01-21 08:26:45,2026-05-01 13:05:03,,Jane E. Fraser,,,2
Directory website list 94 | Seo Logix Directory,https://seologixdirectory.com/directory-website-list-94/,,wordpress,404,13,0,0,0,5001,5928,0,0,https://www.cruiseaway.com.au/,,cruiseaway,,https://cruiseaway.com.au/,301,text,true,false,false,false,false,false,true,notfound,,pagefound,2025-09-06 15:13:17,2025-12-04 06:08:35,2026-04-20 13:37:44,,,,2
seourldirectory.com | few of top websites | page no. 360,https://www.seourldirectory.com/domain-list-360,,,0,0,0,0,0,1062,2020,0,0,https://www.cruiseaway.com.au/,,cruiseaway.com.au,,"http://cruiseaway.com.au/, https://cruiseaway.com.au/","301, 301",text,true,false,true,false,false,false,true,,tooold,linkfound,2025-08-02 09:53:25,2025-08-02 09:53:25,2026-04-14 20:13:47,,,,1
CruiseAway: Sail Princess from just $49pp Deposit - Exclusive to us! | Milled,https://milled.com/cruiseaway-by-dreamlines-pty-ltd/sail-princess-from-just-49pp-deposit-exclusive-to-us-2VYWszpP3x2i_sJ6,en,,200,74,0,24993,0,4,32,0,0,https://www.cruiseaway.com.au/cruise/south-pacific-from-sydney-australia-with-the-grand-princess-17860564,,Fijian Islands from Sydney,,https://www.cruiseaway.com.au/cruise/south-pacific-from-sydney-australia-with-the-grand-princess-17860564?allInclusive=false&selectedSail=17860561,0,image,false,true,true,false,false,false,true,,,linkfound,2026-05-10 07:24:10,2026-05-10 07:24:10,,,,,2
"Today: KUNASHIR ISLAND, Kunashiri Island (Kuril Islands, Chishima Islands, Japan/Russia) Info, Dec 05, 2013",https://www.interalex.net/2013/12/kunashir-island-kunashiri-island-kuril.html,en,,200,3.5,0,0,0,54,105,0,0,http://www.cruiseaway.com.au/cruise-port/yuzno-kurilsk-village-kunashir-island,,"Yuzno Kurilsk Village, Kunashir Island - Cruise Away",www.cruiseaway.com.au/cruise-port/...village-kunashir-island Cached,,,text,false,true,false,false,false,false,true,,,linkrestored,2020-10-25 05:32:56,2026-04-30 11:13:50,,,Article > Story,Travel > Tourist destinations > Islands,1
Top 3 dining experiences at sea - LATTE US,https://us.latteluxurynews.com/2015/10/14/cruiseaway-presents-their-top-3-dining-at-sea-experiences/,en,wordpress,200,49,0,2522,0,9,18,0,0,http://www.cruiseaway.com.au/ships/crystal-cruises/,"As one of the first to introduce alternative specialty restaurants,",Crystal,caters for everyone’s tastebuds. Excellent Japanese cuisine is served at,,,text,false,true,false,false,false,false,true,,,linkrestored,2025-09-22 10:55:45,2026-04-24 06:14:31,,,,,4
CruiseAway: 🏦Cruise Deals That Won't Break The Bank🏦 | Milled,https://milled.com/cruiseaway-by-dreamlines-pty-ltd/cruise-deals-that-wont-break-the-bank-KArcFzneqfr4s8B5,en,,200,74,0,24993,0,6,21,0,0,https://www.cruiseaway.com.au/travel-now-and-pay-later-with-travelpay-later,,TravelPay,,,,image,false,true,true,false,false,false,true,,,pagefound,2025-01-22 11:35:55,2026-05-09 03:39:39,,,,,2
CruiseAway: Don’t Break the Piggy Bank 💰 Local Cruise Deals Are Here | Milled,https://milled.com/cruiseaway-by-dreamlines-pty-ltd/dont-break-the-piggy-bank-local-cruise-deals-are-here-82T9Zp7O4yA4bEH4,en,,200,74,0,24993,0,4,24,0,0,https://www.cruiseaway.com.au/cruise/south-pacific-from-sydney-australia-with-the-carnival-splendor-17794005?allInclusive=false&filterParams%5BcabinKind%5D%5B0%5D=19&selectedSail=17794006,,South Pacific Island Hopper,,,,text,false,true,true,false,false,false,true,,,pagefound,2026-04-17 23:07:43,2026-04-17 23:07:43,,,,,1
Most Visited website list 1928 | Most Rank Directory,https://mostrankdirectory.com/most-visited-website-list-1928/,en,wordpress,200,18,0,0,0,5401,6267,0,0,https://www.cruiseaway.com.au/,,cruiseaway,,https://cruiseaway.com.au/,301,text,true,false,false,false,false,false,true,,,pagefound,2025-12-08 00:12:04,2026-05-10 12:22:40,,,Listing collection > Business,Business > Business services > Consulting; Internet > Web services > Development; Reference > Listings > Business,2
"Today: ILHA Tupinambarana (Brazil), Info, Aug 08, 2017",https://www.interalex.net/2017/08/ilha-tupinambarana-brazil-info-aug-08.html,,,200,3.5,0,0,0,93,201,0,0,https://www.cruiseaway.com.au/cruises-amazon-river,,Amazon River Cruises 2017 - 2018 | Save OFF - CruiseAway,,,,text,false,false,false,false,false,false,true,,,linkrestored,2020-10-02 06:53:05,2026-04-29 10:12:09,,,Article > News,Travel > Tourist destinations > Islands; Reference > Geographic reference > Maps; Entertainment,1
Eurekster,https://p.eurekster.com/?id=&apdiv=Submit&search=Alaska%20Cheap%20Cruise,,,0,51,0,0,0,84,107,0,0,https://www.cruiseaway.com.au/cruises/alaska-cruise,,https://www.cruiseaway.com.au/cruises/alaska-cruise,,,,text,false,false,false,false,false,false,true,,tooold,linkfound,2025-07-29 09:21:27,2025-07-29 09:21:27,2026-04-16 09:31:37,,,,1
"Back When I Started My Blog, I Struggled to Gain Any Readers. Feeling Hopeless, I Discovered ITXoft.com. Their Expert Backlink Service Helped Me Build Quality Links That Elevated My Posts from Obscurity to Page One Results in Less Than Two Months. Now I’m Getting Over 1,000 Visitors a Day! Truly Amazing Results ★★★★★ 📈",https://itxoft-results-focused-seo.site/back-when-i-started-my-blog-i-struggled-to-gain-any-readers-feeling-hopeless-i-discovered-itxoft-com-their-expert-backlink-service-helped-me-build-quality-links-that-elevated-my-posts-from-obscurity-t/,en,wordpress,200,75,0,0,0,5252,5753,0,0,https://www.cruiseaway.com.au/,,"There was a time when cruise-away.com.au struggled on page five of Google search results with less than 150 unique visitors each month. Once I started using ITXoft.com's backlink building services, everything changed—my site now sees about 4,200 monthly hits and ranks at number one for multiple keywords after only two months! Honestly, best decision ever made in online marketing 💰.",,https://cruise-away.com.au/,301,text,true,true,true,false,false,false,true,,,pagefound,2026-03-18 18:20:20,2026-05-01 03:53:02,,,Article > Review,Internet > Web services > SEO and marketing; Business > Marketing > Marketing,1
Comparable Companies - we help you find companies,https://comparable-companies.com/company/cruiseaway-australia-competitors-similar-companies,en,,200,0.5,0,0,0,3,4,0,0,https://www.cruiseaway.com.au/,Website:,www.cruiseaway.com.au,,,,text,true,false,false,false,false,false,true,,,pagefound,2025-06-29 05:32:34,2026-04-27 15:09:45,,,,,1
,http://papasearch.net/Richard_Branson/RichardBranson28.html,en,,200,16,0,0,0,2467,5958,0,0,https://www.cruiseaway.com.au/cruiseline/virgin-voyages,,Virgin Voyages Australia 2020 - 2021 | Book with CruiseAway,,,,text,true,true,false,false,false,false,true,,,pagefound,2024-08-13 12:00:53,2026-04-28 20:52:44,,,Listing collection > Business,Business > Business operations > Management; Society > Motivational; Jobs and education,1
Cruise - Travel Sites,https://travelsites4u.com/blog/cruise-2/,en,wordpress,200,0,0,0,0,5,6,0,0,https://www.cruiseaway.com.au/,,CruiseAway,,,,text,false,false,false,false,false,false,true,,,linkrestored,2023-01-31 05:44:41,2026-04-29 19:27:57,,Shalini Chandel,,,8
Directory website list 1928 – Marketing Pro 95 | Prime company Directory,https://primecompanydirectory.com/directory-website-list-1928-marketing-pro-95/,en,wordpress,200,0.1,0,0,0,5400,6264,0,0,https://www.cruiseaway.com.au/,,cruiseaway,,https://cruiseaway.com.au/,301,text,true,false,false,false,false,false,true,,,pagefound,2026-01-04 00:02:51,2026-05-05 14:22:22,,,Listing collection > Business,Business > Marketing > Marketing,2
"Cruiseaway.com.au - анализ сайта, seo характеристики сайта - круисеаваы точка ком точка ау",https://prlog.ru/analysis/cruiseaway.com.au,,,200,51,0,91,0,44,251,0,0,https://www.cruiseaway.com.au/cruiseline/cruise-maritime-voyages,,cruiseaway.com.au/cruiseline/cruise-maritime-voyages,,https://cruiseaway.com.au/cruiseline/cruise-maritime-voyages,301,text,false,true,true,false,false,false,true,,,linkrestored,2019-07-22 20:05:01,2026-05-07 18:56:13,,,,,1
Directory website list 94 | Pro listing Directory,https://prolistingdirectory.com/directory-website-list-94/,en,wordpress,404,13,0,0,0,5000,5927,0,0,https://www.cruiseaway.com.au/,,cruiseaway,,https://cruiseaway.com.au/,301,text,true,false,false,false,false,false,true,notfound,,pagefound,2025-08-30 00:27:25,2025-12-02 17:10:09,2026-04-17 15:10:31,,,,2
CruiseAway: ✨ Bucket-List Voyages & Close-to-Home Escapes — Book Now | Milled,https://milled.com/cruiseaway-by-dreamlines-pty-ltd/bucket-list-voyages-and-close-to-home-escapes-book-now-JgInZpgnsL_yFpX3,en,,200,74,0,24993,0,4,28,0,0,https://www.cruiseaway.com.au/search-results,,"River City, Hawaiian Islands, Tahiti & the Space Needle",,"https://www.cruiseaway.com.au/cruise/river-city-hawaiian-islands-tahiti-the-space-needle-17844798, https://www.cruiseaway.com.au/search-results, https://cruiseaway.com.au/search-results","307, 0, 301",text,false,true,true,false,false,false,true,,,linkfound,2026-05-08 02:14:14,2026-05-08 02:14:14,,,,,2
Top Ten Cruises From Melbourne 2020,https://australiaunwrapped.com/top-ten-cruises-from-melbourne-2020/,en,wordpress,200,34,0,278,0,20,30,0,0,https://www.cruiseaway.com.au/cruises/australia/melbourne,,https://www.cruiseaway.com.au/cruises/australia/melbourne,,,,text,false,true,false,false,false,false,true,,,pagefound,2026-01-09 04:38:33,2026-04-14 06:06:59,,,,,1
"Today: NOUMEA (New Caledonia) Info (year 2011), Jan 17, 2012",https://www.interalex.net/2012/01/noumea-new-caledonia-info-year-2011-jan.html,en,,200,3.5,0,0,0,98,199,0,0,http://www.cruiseaway.com.au/cruise-port/noumea-new-caledonia,,"Noumea, New Caledonia - Cruise Away - Cruises | Best Cheap ...",,,,text,false,false,false,false,false,false,true,,,linkrestored,2022-05-19 19:44:56,2026-04-18 04:13:37,,,Article > News,Reference > Geographic reference; Entertainment > Events; Travel > Tourist destinations; News > Local news,1
Directory website list 1976 | The Master Directory,https://themasterdirectory.com/directory-website-list-1976/,en,wordpress,200,18,0,0,0,5393,7164,0,0,https://www.cruiseaway.com.au/,,cruiseaway.com.au,,https://cruiseaway.com.au/,301,text,true,false,false,false,false,false,true,,,pagefound,2025-09-30 14:39:43,2026-05-01 10:34:01,,,Listing collection > Business,Business > Business services > Consulting; Reference > Listings > Business,1
Discover the Ultimate Weekend Escape: 2 Night Cruises from Sydney,http://blogs.adsiduous.com/discover-the-ultimate-weekend-escape-2-night-cruises-from-sydney/,en,,200,6,0,12,0,7,13,0,0,https://www.cruiseaway.com.au/short-cruises-from-sydney,,Short Cruises from Sydney (2–4 Night Options),,,,text,true,true,false,false,false,false,true,,,pagefound,2026-04-16 12:09:37,2026-04-26 15:34:23,,Sydney Blunt,,,1
Eurekster,https://p.eurekster.com/?id=&apdiv=Submit&search=Fascination,en,,200,51,0,0,0,105,144,0,0,https://www.cruiseaway.com.au/ship/carnival-fascination,,https://www.cruiseaway.com.au/ship/carnival-fascination,,,,text,false,false,false,false,false,false,true,,,linkfound,2022-12-19 15:37:41,2026-05-11 00:49:15,,,,,6
SEO Tips for Small Businesses – Apply These and Your Online Business Will Soar! – DOTPIM,https://dotpim.com/seo-tips-for-small-businesses-apply-these-and-your-online-business-will-soar/,en,wordpress,200,29,0,0,11,5381,7210,0,0,https://www.cruiseaway.com.au/,,cruiseaway,,https://cruiseaway.com.au/,301,text,true,false,false,false,false,false,true,,,pagefound,2024-10-15 20:33:16,2026-05-07 16:02:19,,,Article > How-to,Internet > Web services > SEO and marketing; Business > Small business > Business formation,1
"Today: D' ENTRECASTEAUX Islands(Papua New Guinea) Info, Dec 24, 2011",https://www.interalex.net/2011/12/d-entrecasteaux-islands-papua-new.html,en,,200,3.5,0,0,0,82,159,0,0,http://www.cruiseaway.com.au/cruise-port/dentrecasteaux_islands_png,,"D'Entrecasteaux Islands, Papua New Guinea - Cruise Away",,,,text,false,false,false,false,false,false,true,,,linkrestored,2020-12-18 09:49:26,2026-04-20 19:05:01,,,Article > News,Reference > Geographic reference > Maps; Science > Earth sciences > Geology; Entertainment,1
CruiseAway: 📣*REDUCED PRICES * EXCLUSIVES * LAST MINUTE DEALS * & MORE | Milled,https://milled.com/cruiseaway-by-dreamlines-pty-ltd/reduced-prices-exclusives-last-minute-deals-and-more-JWHm4I5_cl610VsN,en,,200,74,0,24993,0,6,24,0,0,https://www.cruiseaway.com.au/blog/,,blog,,https://www.cruiseaway.com.au/blog,301,image,false,true,true,false,false,false,true,,,linkfound,2026-03-30 19:15:45,2026-03-30 19:15:45,,,,,3
CruiseAway: 📣*REDUCED PRICES * EXCLUSIVES * LAST MINUTE DEALS * & MORE | Milled,https://milled.com/cruiseaway-by-dreamlines-pty-ltd/reduced-prices-exclusives-last-minute-deals-and-more-JWHm4I5_cl610VsN,en,,200,74,0,24993,0,6,24,0,0,https://www.cruiseaway.com.au/cruise/south-pacific-from-brisbane-australia-with-the-quantum-of-the-seas-16193242,,South Pacific with Quantum South Pacific with Quantum,,https://www.cruiseaway.com.au/cruise/9-day-expedition-on-board-the-quantum-of-the-seas-from-brisbane-quantum-of-the-seas-16193242,0,image,false,true,true,false,false,false,true,,,linkfound,2026-03-30 19:15:45,2026-03-30 19:15:45,,,,,2
CruiseAway: 🏦Cruise Deals That Won't Break The Bank🏦 | Milled,https://milled.com/cruiseaway-by-dreamlines-pty-ltd/cruise-deals-that-wont-break-the-bank-KArcFzneqfr4s8B5,en,,200,74,0,24993,0,6,21,0,0,https://www.cruiseaway.com.au/cruise/bali-resort-singapore-the-west-coast-17063605,,"Bali Resort, Singapore & The West Coast Bali Resort, Singapore & The West Coast",,,,image,false,true,true,false,false,false,true,,,pagefound,2025-01-22 11:35:55,2026-05-09 03:39:39,,,,,1
CruiseAway - Affiliate Program - [Start Earning Today],https://amalinkspro.com/es/best-affiliate-programs-beginners/cruiseaway/,es,wordpress,200,48,0,3,0,1,2,0,0,https://www.cruiseaway.com.au/affiliate-program,,CruiseAway affiliate program,,,,text,false,true,false,false,false,false,true,,,pagefound,2024-11-20 12:59:11,2026-03-05 08:57:02,,,,,5
CruiseAway: On Sale Now - Hurry! Princess 2027/28 Just Released — Save Big + Extra Onboard Credit! | Milled,https://milled.com/cruiseaway-by-dreamlines-pty-ltd/on-sale-now-hurry-princess-2027-28-just-released-save-big-extra-onboard-credit-U42XkVTsPB91jICP,en,,200,74,0,24993,0,4,32,0,0,https://www.cruiseaway.com.au/cruise/grand-princess-circle-pacific-from-sydney-18588198,,Circle Pacific from Sydney,,,,image,false,true,true,false,false,false,true,,,linkfound,2026-04-09 12:16:50,2026-04-09 12:16:50,,,,,1
CruiseAway: This Week’s Top Luxury Cruise Offers – Set Sail in Style | Milled,https://milled.com/cruiseaway-by-dreamlines-pty-ltd/this-weeks-top-luxury-cruise-offers-set-sail-in-style-gzUiYgLWzZQVNrQM,en,,200,74,0,24993,0,4,21,0,0,https://www.cruiseaway.com.au/cruise-lines-specials/azamara-early-booking-bonus,,Early Booking Bonus Sale,,,,image,false,true,true,false,false,false,true,,,pagefound,2025-09-08 15:44:34,2026-04-22 20:48:15,,,,,1
"I Started With Less Than Ten Permanent Backlinks on My Site, But After Two Months of SEOExpress.org's Services, I Have Over Two Hundred High-Quality Links Ranking Me at the Top of Major Google Searches for Key Products. It’s affordable SEO that pays off big time! 🌟🔥 — SEO High Ranking",https://seohighranking.shop/i-started-with-less-than-ten-permanent-backlinks-on-my-site-and-now-after-two-months-of-seoexpress-com-services-I-have-over-two-hundred-high-quality-links-ranking-me-on-top-of-major-google,en,,200,29,0,0,36,5186,8773,0,0,https://www.cruiseaway.com.au/,,I used to think SEO meant pricey consultants until I discovered SEOExpress.org while searching online for help with dreamlines.cn. Their budget-friendly packages delivered results fast: organic traffic more than tripled from under 200 visits/month after only two months! The combination of guest blogging and PBN links worked wonders—I recommend them wholeheartedly 🌟,,https://dreamlines.cn/,301,text,true,false,true,false,false,false,true,,,linkfound,2026-04-29 12:29:04,2026-04-29 12:29:04,,,Article > Story,Internet > Web services > SEO and marketing; Business > Marketing > Marketing,1
Most Visited website list 1977 | Website Directory,https://websitedirectoy.com/most-visited-website-list-1977/,en,wordpress,200,18,0,0,0,5396,7133,0,0,https://www.cruiseaway.com.au/,,dreamlines.com.au,,https://dreamlines.com.au/,301,text,true,false,false,false,false,false,true,,,pagefound,2025-10-02 17:56:59,2026-04-29 16:01:53,,,Listing collection > Business,Internet > Web services > Analytics; Business > Business services > Consulting; Reference,1
Dreamlines cruise site buys scale in Australia | PhocusWire,https://www.phocuswire.com/Dreamlines-cruise-site-buys-scale-in-Australia,en,,200,79,0,3088,0,37,65,0,0,https://www.cruiseaway.com.au/,"three routes to market in Australia, as it already runs",Dreamlines.com.au,.,http://www.cruiseaway.com.au/,301,text,false,true,false,false,false,false,true,,,pagefound,2026-03-16 08:33:54,2026-05-10 12:17:59,,,,,2
"CruiseAway Australia-Overview, Competitors & Contact Info | Selling.com",https://selling.com/company/cruiseaway-australia/125631798,en,,200,28,0,714,0,4,6,0,0,https://www.cruiseaway.com.au/,,,,"http://cruiseaway.com.au/, https://cruiseaway.com.au/","301, 301",text,true,false,false,false,false,false,true,,,pagefound,2025-01-26 03:25:45,2026-04-22 22:28:22,,,,,1
"CruiseAway: Seasons of the Orient & Southeast Asia - Tours, Transfers, Drinks Included! | Milled",https://milled.com/cruiseaway-by-dreamlines-pty-ltd/seasons-of-the-orient-and-southeast-asia-tours-transfers-drinks-included--EL0QC32QfLT4UtM,en,,200,74,0,24993,0,4,27,0,0,https://www.cruiseaway.com.au/cruise/spirit-of-the-south-pacific-fiji-inclusive-18162700,,Spirit of the South Pacific & Fiji Inclusive,,,,text,false,true,true,false,false,false,true,,,pagefound,2026-05-09 08:24:11,2026-05-09 08:24:11,,,,,2
Most Visited website list 1977 | Most Ranking Directory,https://worldmarketingdirectoy.com/most-visited-website-list-1977/,en,wordpress,200,18,0,0,0,5401,7143,0,0,https://www.cruiseaway.com.au/,,dreamlines.com.au,,https://dreamlines.com.au/,301,text,true,false,false,false,false,false,true,,,pagefound,2025-10-04 00:26:26,2026-05-06 00:27:06,,,Listing collection > Business,Business > Business services > Consulting; Internet > Search engines,1
Save on travel adventures at Click Frenzy's big event for 2025 | The Senior | Senior,https://www.thesenior.com.au/story/9043916/save-on-travel-adventures-at-click-frenzys-big-event-for-2025/,en,,200,60,0,17199,0,20,34,0,0,https://www.cruiseaway.com.au/cruise-deals,,Cruiseaway,- $400 onboard credit and reduced deposits on cruises,,,text,false,true,false,false,false,false,true,,,pagefound,2025-08-28 10:06:22,2026-04-12 22:41:32,,,,,1
cruise from hawaii to australia 2022,https://matsubarahajime.com/mlv/chao/91349658b3e614abe4d01f796,en,wordpress,200,1.8,0,0,0,48,97,0,0,https://www.cruiseaway.com.au/cruise-lines-specials/princess-2023-hawaii-tahiti-south-pacific,in Melbourne for a flight down the Yarra River Valley.,"Princess 2023 Hawaii, Tahiti & South Pacific - Cruiseaway","April 13, 2022: 35-day cruise to Hawaii from Australia on",,,text,true,true,false,false,false,false,true,,,pagefound,2025-02-22 14:48:55,2026-04-23 07:45:31,,,,,1
surekha.co.in | few of top websites | page no. 363,https://www.surekha.co.in/domain-list-363,en,,200,7,0,0,0,1059,2045,0,0,https://www.cruiseaway.com.au/,,cruiseaway.com.au,,"http://cruiseaway.com.au/, https://cruiseaway.com.au/","301, 301",text,true,true,true,false,false,false,true,,,linkrestored,2023-10-08 06:03:54,2026-04-11 15:48:04,,,Listing collection > Business,Internet > Web services > Analytics; Reference,1
CruiseAway: Bundle & Save: Get Up to $500 Onboard Credit for 2026 Cruises! | Milled,https://milled.com/cruiseaway-by-dreamlines-pty-ltd/bundle-and-save-get-up-to-500-onboard-credit-for-2026-cruises-h2ITMNEbIVmVX016,en,,200,74,0,24993,0,4,27,0,0,https://www.cruiseaway.com.au/cruiseline/dreamaway-package,,MORE PACKAGES,,,,image,false,true,true,false,false,false,true,,,pagefound,2026-04-09 12:17:03,2026-04-09 12:17:03,,,,,8
"Today: KOOLAN ISLAND (Australia) Info, Dec 31, 2011",https://www.interalex.net/2011/12/koolan-island-australia-info-dec-31.html,en,,200,3.5,0,0,0,86,153,0,0,http://www.cruiseaway.com.au/cruise-port/koolan-island-western-australia?offset=6,,"Koolan Island, Western Australia - Cruise Away",,,,text,false,true,false,false,false,false,true,,,linkrestored,2020-12-17 03:39:45,2026-04-20 15:01:41,,,Article > News,Reference > Geographic reference; Travel > Tourist destinations; News > Local news; Entertainment,2
Directory website list 1977 | Seo Traffic Directory,https://seotrafficdirectory.com/directory-website-list-1977/,en,wordpress,200,18,0,0,0,5402,7145,0,0,https://www.cruiseaway.com.au/,,dreamlines.com.au,,https://dreamlines.com.au/,301,text,true,false,false,false,false,false,true,,,pagefound,2025-10-02 17:33:35,2026-05-11 01:08:43,,,Listing collection > Business,Business > Business services > Consulting; Internet > Search engines,1
"Today: FLYING FISH COVE (Christmas Island) Info, Jan 13, 2012",https://www.interalex.net/2012/01/flying-fish-cove-christmas-island-info.html,en,,200,3.5,0,0,0,93,155,0,0,http://www.cruiseaway.com.au/cruise-port/christmas-island-australia,,"Christmas Island, Australia - Cruise Away",,,,text,false,true,false,false,false,false,true,,,linkrestored,2020-12-17 08:10:43,2026-04-21 09:23:30,,,Article > Story,Travel > Tourist destinations > Islands; Sports > Water sports > Other; Leisure,1
"CruiseAway: Royal Caribbean Exclusive - Royal Beach Club Lelepa, Vanuatu | Milled",https://milled.com/cruiseaway-by-dreamlines-pty-ltd/royal-caribbean-exclusive-royal-beach-club-lelepa-vanuatu-LwS8HuVOOzR3BUoD,en,,200,74,0,24993,0,4,23,0,0,https://www.cruiseaway.com.au/cruise/south-pacific-from-sydney-australia-with-the-anthem-of-the-seas-18797511?allInclusive=false&filterParams%5BcabinKind%5D%5B0%5D=19&selectedSail=18797512,,Christmas in Lelepa,,,,text,false,true,true,false,false,false,true,,,pagefound,2026-04-15 06:00:58,2026-04-15 06:00:58,,,,,1
Most Visited website list 94 - Website Link Directory,https://websiteslinkdirectory.com/most-visited-website-list-94/,en,wordpress,200,18,0,0,0,5388,7226,0,0,https://www.cruiseaway.com.au/,,cruiseaway,,https://cruiseaway.com.au/,301,text,true,false,false,false,false,false,true,,,pagefound,2025-09-27 19:12:08,2026-05-10 02:05:53,,,Listing collection > Business,Internet > Web services > Development; Business > Business services; Reference > Listings > Business,2
Buying Referral Traffic vs Organic Traffic for Financial Advisory Sites — A Side-by-Side Comparison With Real Metrics and Screenshots — AuthorityBacklinks — Where Domain Authority Is Built Not Promised.,https://authoritybacklinks.shop/vtlmyo6-fastest-way-increase-ahrefs-dr-medical-no-burn-link-profile-google/,en,,200,0,0,0,0,8302,9751,0,0,https://www.cruiseaway.com.au/,,Lead cruiseaway.com.au with Niche Guest Posting + Dofollow Backlink Building — Skyrocket Ahrefs Domain Rating DR • Moz Domain Authority DA • Majestic Trust Flow TF Surge — Conquer Google Search Rankings,,https://cruiseaway.com.au/,301,text,false,false,true,false,false,false,true,,,linkfound,2026-05-10 05:56:17,2026-05-10 05:56:17,,,Article > Comparison,Internet > Web services > SEO and marketing; Finance > Management > Portfolio; Business > Marketing > Marketing,1
Top 3 dining experiences at sea - LATTE US,https://us.latteluxurynews.com/2015/10/14/cruiseaway-presents-their-top-3-dining-at-sea-experiences/,en,wordpress,200,49,0,2522,0,9,18,0,0,https://www.cruiseaway.com.au/ships/celebrity-cruises/,"Back in 2013,",Celebrity,raised the bar of dining on sea and continues to,http://www.cruiseaway.com.au/ships/celebrity-cruises/,301,text,false,true,false,false,false,false,true,,,linkrestored,2025-09-22 10:55:45,2026-04-24 06:14:31,,,,,4
How to Use IoT for Smarter E-Commerce Customer Experiences | Web Hub Sites,https://webhubsites.com/how-to-use-iot-for-smarter-e-commerce-customer-experiences/,en,wordpress,200,21,0,0,43,3374,5068,0,0,https://www.cruiseaway.com.au/,,cruiseaway,,https://cruiseaway.com.au/,301,text,true,true,false,false,false,false,true,,,pagefound,2024-12-14 15:23:01,2026-04-21 15:13:41,,,Article > How-to,Business > Retail trade > Technology; Computers and electronics > Consumer electronics; Shopping > Shopping portals; Internet > Web services > Development,1
CruiseAway: On Sale Now - Hurry! Princess 2027/28 Just Released — Save Big + Extra Onboard Credit! | Milled,https://milled.com/cruiseaway-by-dreamlines-pty-ltd/on-sale-now-hurry-princess-2027-28-just-released-save-big-extra-onboard-credit-U42XkVTsPB91jICP,en,,200,74,0,24993,0,4,32,0,0,https://www.cruiseaway.com.au/cruise/southern-australia-explorer-18598145?selectedSail=18598149,,Southern Explorer,,,,image,false,true,true,false,false,false,true,,,linkfound,2026-04-09 12:16:50,2026-04-09 12:16:50,,,,,1
CruiseAway: 🚢 Voyages in Full Colour - Cross Oceans. Chase Horizons. ✨ | Milled,https://milled.com/cruiseaway-by-dreamlines-pty-ltd/voyages-in-full-colour-cross-oceans-chase-horizons-iOmVvVcwb1KsKbHa,en,,200,74,0,24993,0,3,3,0,0,https://www.cruiseaway.com.au/,,"Australia from Melbourne, Australia with the Carnival Adventure",,,,text,false,true,true,false,false,false,true,,,pagefound,2026-04-15 04:19:37,2026-04-15 04:19:37,,,,,2
"Save on travel adventures at Click Frenzy's big event for 2025 | Central Western Daily | Orange, NSW",https://www.centralwesterndaily.com.au/story/9043916/save-on-travel-adventures-at-click-frenzys-big-event-for-2025/,en,,200,55,0,16848,0,34,50,0,0,https://www.cruiseaway.com.au/cruise-deals,,Cruiseaway,- $400 onboard credit and reduced deposits on cruises,,,text,false,true,false,false,false,false,true,,,pagefound,2025-08-28 06:42:19,2026-05-10 10:25:21,,,,,1
"CruiseAway.com.au - Cruise Agents | Find Itinerary, Deals, Jobs, News & More",https://www.cruisewhale.com/queensland/varsity-lakes/cruise-ship-partners/cruiseaway-com-au,en,,200,14,0,0,0,3,3,0,0,https://www.cruiseaway.com.au/,,https://www.cruiseaway.com.au/,,,,text,false,false,true,false,false,false,true,,,pagefound,2024-06-07 17:02:21,2026-03-20 19:59:44,,,,,1
"Today: VICTORIA (Seychelles) Info, Jan 28, 2012",https://www.interalex.net/2012/01/victoria-seychelles-info-year-2011-jan.html,en,,200,3.5,0,0,0,87,180,0,0,http://www.cruiseaway.com.au/cruise-port/victoria_mahe_seychelles,,"Victoria, Mahe, Seychelles - Cruise Away - Cruises | Best ...",,,,text,false,false,false,false,false,false,true,,,linkrestored,2022-02-20 23:07:21,2026-04-21 13:24:04,,,Article > Roundup,Travel > Tourist destinations > Other; Entertainment,1
"Running My Small Business, I've Always Known How Critical SEO Is but Customizing Keywords Made Me Feel Intimidated Until Researching SEOExpress.org. This Exceptional Team Helped Negotiate Top Keywords for My Niche Resulting in Visible Traffic Growth of Two Hundred Fifty Percent Plus Real Conversions Started Happening—It's Truly Remarkable! ★★★★★ 🌟 — SEO High Ranking",https://theseohighranking.shop/running-my-small-business-have-always-known-how-critical-seo-is-but-customizing-keywords-made-me-feel-intimidated-until-researching-seoexpress-an-exceptional-team-helped-negotiate-top,en,,200,29,0,0,36,5234,8697,0,0,https://www.cruiseaway.com.au/,,There was a time when cruiseaway.com.au didn't attract any attention at all—it was disheartening! Then came along SEOExpress.org's outstanding guest posting services: overnight it seemed my authority grew tremendously as well as my visitor count shot through the roof by an astonishing +280%! That kind of result is hard not to love; go check out what they offer 🌟,,https://cruiseaway.com.au/,301,text,true,false,true,false,false,false,true,,,linkfound,2026-05-07 10:05:22,2026-05-07 10:05:22,,,Article > Story,Internet > Web services > SEO and marketing; Business > Small business > Business formation,1
20% CruiseAway Promo Codes ( CruiseAway Coupon Codes) May 2026 Australia,https://www.kuponation.com/cruiseaway-promo-codes,en,,200,1.8,0,0,0,3,4,0,0,https://www.cruiseaway.com.au/,🌐,https://www.cruiseaway.com.au,,,,text,true,false,true,false,false,false,true,,,pagefound,2023-10-31 17:25:04,2026-05-08 18:35:21,,,,,1
"Today: PIANOSA ISLAND (Italy) Info, Dec 13, 2012",https://www.interalex.net/2012/12/pianosa-island-italy-info-dec-13-2012.html,en,,200,3.5,0,0,0,102,210,0,0,http://www.cruiseaway.com.au/cruise-port/tremiti_islands_italy,,"Tremiti Islands, Italy - Cruises | Best Cheap Cruises ...",,,,text,false,true,false,false,false,false,true,,,linkrestored,2020-09-10 09:32:21,2026-05-04 01:24:47,,,Article > Roundup,Travel > Tourist destinations > Islands; Entertainment; Reference > Geographic reference > Maps,3
CruiseAway: ✨ Bucket-List Voyages & Close-to-Home Escapes — Book Now | Milled,https://milled.com/cruiseaway-by-dreamlines-pty-ltd/bucket-list-voyages-and-close-to-home-escapes-book-now-JgInZpgnsL_yFpX3,en,,200,74,0,24993,0,4,28,0,0,https://www.cruiseaway.com.au/cruise/transpacific-from-seattle-washington-usa-with-the-noordam-18449110?allInclusive=false&selectedSail=18449111,,South Pacific Crossing,,,,image,false,true,true,false,false,false,true,,,linkfound,2026-05-08 02:14:14,2026-05-08 02:14:14,,,,,2
Stress Management Ideas – Finding Calm in a Busy World – dltech.forum,https://dltech.forum/stress-management-ideas-finding-calm-in-a-busy-world/,en,wordpress,200,43,0,0,0,2694,3575,0,0,https://www.cruiseaway.com.au/,cruiseabout.com.au cruiseautomotive.com.au,cruiseaway.com.au,cruisebar.com.au cruisecraft.com.au,https://cruiseaway.com.au/,301,text,true,true,true,false,false,false,true,,,linkfound,2026-04-28 12:10:17,2026-04-28 12:10:17,,,,,2
Most Visited website list 94 | Most Ranking Directory,https://marketinghubdirectory.com/most-visited-website-list-94/,en,wordpress,200,16,0,0,0,5389,7220,0,0,https://www.cruiseaway.com.au/,,cruiseaway,,https://cruiseaway.com.au/,301,text,true,false,false,false,false,false,true,,,pagefound,2025-08-19 09:01:33,2026-05-10 16:17:57,,,Listing collection > Business,Internet > Web services > Analytics; Business > Business services > Consulting; Reference > Listings > Business,2
"Sidebar Link Buying for Beginners in Crypto — The No-Risk, Practical Guide to Getting Started Without Burning Your Budget — SEOLinkPro — The Link Building Experts Behind Top-Ranking Sites.",https://seolinkpro.shop/fdc7riv-buying-niche-pbn-placements-real-traffic-insurance-legitimate-link-growth/,en,,200,0,0,0,0,8224,9522,0,0,https://www.cruiseaway.com.au/,,Power-Up dreamlines.cn with Multilingual Guest Posts + High-Quality Dofollow Backlinks — Raise Ahrefs Domain Rating DR + Moz Domain Authority DA + Majestic Trust Flow TF Up — Unstoppable Google Rankings — Tier-1 Countries & Beyond • All Niches,,https://dreamlines.cn/,301,text,false,false,true,false,false,false,true,,,linkfound,2026-05-08 10:38:57,2026-05-08 10:38:57,,,Article > Guide,Internet > Web services > SEO and marketing; Business,1
CruiseAway: Local Cruise Deals | Milled,https://milled.com/cruiseaway-by-dreamlines-pty-ltd/local-cruise-deals-uSHJok9clA9ZSKAd,en,,200,74,0,24993,0,4,30,0,0,https://www.cruiseaway.com.au/cruise/australia-from-sydney-australia-with-the-crown-princess-17745839,,Aussie Christmas Cruising,,https://www.cruiseaway.com.au/cruise/12-day-cruise-with-the-crown-princess-to-sydney-17745839,0,image,false,true,true,false,false,false,true,,,linkfound,2026-03-30 17:34:52,2026-03-30 17:34:52,,,,,2
Build A Info About How To Become A Ship Captain - Hoteltree,https://hoteltree.lavoixdanna.com/how-to-become-a-ship-captain.html,en,,200,16,0,0,1,18,21,0,0,https://www.cruiseaway.com.au/wp-blog/uploads/2017/03/22180631/shutterstock_33848395-680x1024.jpg,,What It Really Takes To Become A Cruise Ship Captain,,,,image,false,false,false,false,false,true,true,,,pagefound,2025-09-28 03:41:19,2026-04-07 13:58:39,,,Article > How-to,Jobs and education > Jobs > Planning; Travel > Specialty travel > Luxury travel,1
Directory website list 1928 | Top tier directory,https://toptierdirectory.com/directory-website-list-1928/,en,wordpress,200,18,0,0,0,5400,6267,0,0,https://www.cruiseaway.com.au/,,cruiseaway,,https://cruiseaway.com.au/,301,text,true,false,false,false,false,false,true,,,pagefound,2025-12-10 00:44:55,2026-05-10 15:44:10,,,Listing collection > Business,Business > Business services > Consulting; Reference > Listings > Business,2
How Data Science and AI Are the Transforming Marketing Research | Ranks Directory,https://ranksdirectory.com/how-data-science-and-ai-are-the-transforming-marketing-research/,en,wordpress,200,24,0,0,14,3509,4765,0,0,https://www.cruiseaway.com.au/,,cruiseaway,,https://cruiseaway.com.au/,301,text,true,true,false,false,false,true,true,,,pagefound,2024-12-13 14:47:07,2026-04-21 04:25:59,,,Article > Insights,Business > Marketing > Marketing; Internet > Web services > SEO and marketing; Science,2
income.net.in | few of top websites | page no. 363,https://www.constitute.net/domain-list-363,en,,200,0.4,0,0,0,1084,2060,0,0,https://www.cruiseaway.com.au/,,cruiseaway.com.au,,"http://cruiseaway.com.au/, https://cruiseaway.com.au/","301, 301",text,true,true,true,false,false,false,true,removedfromhtml,,pagefound,2026-02-25 05:07:21,2026-03-16 07:39:32,2026-04-17 01:05:09,,,,1
"Today: VAIKARADHOO Island (Haa Dhaalu Atoll, Maldives) Info, Jun 05, 2014",https://www.interalex.net/2014/06/vaikaradhoo-island-haa-dhaalu-atoll.html,en,,200,3.5,0,0,0,49,139,0,0,http://www.cruiseaway.com.au/cruise-port/maldives-vaikaramuraidhoo,,Maldives (Vaikaramuraidhoo) - Cruise Away,www.cruiseaway.com.au/cruise-port/maldives-vaikaramuraidhoo Cached,,,text,false,true,false,false,false,false,true,,,linkrestored,2020-11-18 09:43:37,2026-04-19 02:14:58,,,Article > News,Travel > Tourist destinations > Islands; Reference > Geographic reference > Maps; Entertainment,1
"Celebrity Cruises reveals designs for new ship Celebrity Edge, due to set sail in December 2018",https://www.brisbanetimes.com.au/traveller/inspiration/the-latest-cruise-news-with-the-cruise-director-20170331-gvardp.html,en,,200,77,0,48532,0,21,40,0,0,https://www.cruiseaway.com.au/search-results,transfers. Valid until sold out; phone 1300 306 134. See,cruiseaway.com.au,,"https://www.cruiseaway.com.au/cruise/the-swiss-alps-to-paris-581165, https://www.cruiseaway.com.au/search-results, https://cruiseaway.com.au/search-results","307, 0, 301",text,false,true,false,false,false,false,true,,,linkfound,2025-01-05 17:56:08,2026-05-04 04:26:08,,Sally Macmillan,,,2
addlinkwebsite.com | few of top websites | page no. 363,https://www.uswebdirectory.com/domain-list-363,en,,200,0.2,0,0,0,1056,2036,0,0,https://www.cruiseaway.com.au/,,cruiseaway.com.au,,"http://cruiseaway.com.au/, https://cruiseaway.com.au/","301, 301",text,true,true,true,false,false,false,true,,,pagefound,2026-01-02 05:04:45,2026-05-02 04:01:55,,,Listing collection > Business,Internet > Web services > Development,1
"TELEGRAM T.me/seo_anomaly : SEO BACKLINKS, CROSS-LINKS, TRAFFIC BOOST, LINK INDEXING - ElectricRateSelect",http://dev107.developer24x7.com/cnp1238/telegram-t-me-seo-anomaly-seo-backlinks-cross-30-2/,en,"ecommerce, wordpress",200,27,0,0,0,1445,2327,0,0,https://www.cruiseaway.com.au/cruiseline/po-cruises,,"SEO BACKLINKS, CROSS-LINKS, TRAFFIC BOOST, LINK INDEXING – TELEGRAM @SEO_ANOMALY",,,,text,true,false,true,false,false,false,true,,,pagefound,2025-02-12 02:28:05,2026-04-05 04:52:21,,,Article > Guide,Internet > Web services > SEO and marketing,2
Most Visited website list 1976 | Marketing Hub Directory,https://marketinghubdirectoy.com/most-visited-website-list-1976/,en,wordpress,200,20,0,0,0,5403,7176,0,0,https://www.cruiseaway.com.au/,,cruiseaway.com.au,,https://cruiseaway.com.au/,301,text,true,false,false,false,false,false,true,,,pagefound,2025-09-30 21:47:42,2026-05-10 11:27:58,,,Listing collection > Business,Business > Marketing > Marketing; Internet > Web services > SEO and marketing,1
🛸 Dark Side Links – Dark/White Hat Link Building Services – TRUNG TÂM ĐIỆN TỬ ĐIỆN LẠNH HẢI DƯƠNG (TIẾN TỚI),https://suadienlanhhaiduong.com/dark-side-links-dark-white-hat-link-building-995/,"en, vi",wordpress,200,6,0,11,0,3065,3497,0,0,https://www.cruiseaway.com.au/,DARK HAT AND WHITE HAT BACKLINKS,JOIN OUR TELEGRAM https://t.me/s/darksidelinks,FOR CHEAP AND GOOGLE FRIENDLY BACKLINKS,,,text,true,false,true,false,false,false,true,,,linkfound,2026-04-30 02:31:28,2026-04-30 02:31:28,,,Site page > Services,Internet > Web services > SEO and marketing; Business,1
Agents (Do Not Use) - TravelPay Later,https://travelpaylater.com.au/agents22/,en,wordpress,200,4.7,0,64,0,136,222,0,0,https://www.cruiseaway.com.au/,,https://www.cruiseaway.com.au/,,,,text,false,true,false,false,false,false,true,,,linkrestored,2025-04-14 20:52:54,2026-05-05 16:33:38,,,,,1
CruiseAway: 🐣 Pack Your Bags – Easter Cruises Are Calling | Milled,https://milled.com/cruiseaway-by-dreamlines-pty-ltd/pack-your-bags-easter-cruises-are-calling-osHeWJCu3gY5Uzmd,en,,200,74,0,24993,0,4,23,0,0,https://www.cruiseaway.com.au/cruise/australia-from-sydney-australia-with-the-carnival-splendor-16931447,,"Australia from Sydney, Australia with the Carnival Splendor",,,,text,false,true,true,false,false,false,true,,,pagefound,2026-04-17 22:46:02,2026-04-17 22:46:02,,,,,11
Set Sail: Discover the Hidden Gems of the Abrolhos Islands on a 5-Day Cruise from Perth,http://blogs.adsiduous.com/set-sail-discover-the-hidden-gems-of-the-abrolhos-islands-on-a-5-day-cruise-from-perth/,en,,200,6,0,12,0,7,14,0,0,https://www.cruiseaway.com.au/,,https://www.cruiseaway.com.au/,,,,text,true,true,false,false,false,false,true,,,pagefound,2025-12-17 16:51:10,2026-04-25 18:28:10,,Sydney Blunt,,,1
,http://papasearch.net/The_Lord_Of_The_Rings/TheLordOfTheRings19.html,en,ecommerce,0,16,0,0,0,2131,8354,0,0,https://www.cruiseaway.com.au/cruises/new-zealand,,New Zealand Cruises 2022 - 2023 | CruiseAway,https://www.cruiseaway.com.au/cruises/new-zealand,,,text,true,false,false,false,false,false,true,,tooold,pagefound,2025-01-10 16:04:03,2025-10-11 23:30:28,2026-04-28 05:25:46,,,,1
"Carnival Cruises Australia 2026: Best Deals, Ships & Itineraries - streameasttt.com",https://streameasttt.com/carnival-cruises-australia/,en,wordpress,200,3.5,0,15,0,6,8,0,0,https://www.cruiseaway.com.au/,themed deck parties where you can dance under the stars.,Carnival Cruises Australia,is famous for its high energy and friendly vibes. It’s,,,text,false,true,true,false,false,false,true,,,pagefound,2026-04-17 18:45:05,2026-05-05 11:46:33,,Henry Joseph,,,1
CruiseAway: ✨ Purr-Fect Sunday Sales | Milled,https://milled.com/cruiseaway-by-dreamlines-pty-ltd/purr-fect-sunday-sales-O0RUDwd-WmHtGbzW,en,,200,74,0,24993,0,5,22,0,0,https://www.cruiseaway.com.au/cruise/ocean-breezes-island-dreams-inclusive-18005854,,Ocean Breezes & Island Dreams Inclusive,,,,text,false,true,true,false,false,false,true,,,pagefound,2026-04-15 01:56:52,2026-04-15 01:56:52,,,,,1
CruiseAway: Cruise Close. Explore More. | Milled,https://milled.com/cruiseaway-by-dreamlines-pty-ltd/cruise-close-explore-more-jV4nCCE0_Z5y7fgX,en,,200,74,0,24993,0,4,24,0,0,https://www.cruiseaway.com.au/exclusive-tv-deals,,CruiseAway TV,,,,image,false,true,true,false,false,false,true,,,linkfound,2026-04-17 17:48:57,2026-04-17 17:48:57,,,,,4
"CruiseAway: ✨ We're going all In. Love, Virgin & Us!🌊 | Milled",https://milled.com/cruiseaway-by-dreamlines-pty-ltd/were-going-all-in-love-virgin-and-us-T6kfTMMNcVSzE_cR,en,,200,74,0,24993,0,3,3,0,0,https://www.cruiseaway.com.au/,,"South Pacific from Brisbane, Australia with the Quantum of the Seas",,,,text,false,true,true,false,false,false,true,,,linkfound,2026-04-03 19:38:38,2026-04-03 19:38:38,,,,,4
"CruiseAway: ✨Uncover the Wonders of Asia with Princess, Bullet Trains, Mt Fuji & much more🌊 | Milled",https://milled.com/cruiseaway-by-dreamlines-pty-ltd/uncover-the-wonders-of-asia-with-princess-bullet-trains-mt-fuji-and-much-more-GoyuJttRKnmcbF7T,en,"cms, message-boards, wikis",200,74,0,24993,0,5,32,0,0,https://www.cruiseaway.com.au/cruise/imperial-japan-mt-fuji-majesty-18737486,,Sunlit Icons of the Med Inclusive,,https://www.cruiseaway.com.au/cruise/imperial-japan-mt-fuji-majesty-18737486?filterParams%5BcabinKind%5D%5B0%5D=19&selectedSail=17719995,0,image,false,true,true,false,false,false,true,,,pagefound,2026-04-17 03:34:14,2026-04-17 03:34:14,,,,,2
Cruise Special | Somersoft,https://www.somersoft.com/threads/cruise-special.12891/,en,,200,17,0,1602,0,5,10,0,0,https://www.cruiseaway.com.au/,I booked with,www.cruiseaway.com.au,,http://www.cruiseaway.com.au/,301,text,false,false,true,true,false,false,true,,,pagefound,2023-10-09 08:41:20,2026-03-13 13:03:27,,,,,2
Cruiseaway.com.au - National Directory,https://nationaldirectory.com.au/business/travel-agents-wholesalers/qld/varsity-lakes/4227/cruiseaway-com-au,en,,200,45,0,2223,0,2,3,0,0,https://www.cruiseaway.com.au/,,www.cruiseaway.com.au/,,http://www.cruiseaway.com.au/,301,text,false,true,false,false,false,false,true,,,linkfound,2026-05-08 00:43:52,2026-05-08 00:43:52,,,,,2
Directory website list 1977 | Semrush Directory,https://semrushdirectory.com/directory-website-list-1977/,en,wordpress,200,20,0,0,0,5402,7151,0,0,https://www.cruiseaway.com.au/,,dreamlines.com.au,,https://dreamlines.com.au/,301,text,true,false,false,false,false,false,true,,,pagefound,2025-09-26 07:24:24,2026-05-09 15:11:21,,,Listing collection > Business,Business > Business services > Consulting; Reference > Listings > Business; Internet,1
CruiseAway: EGG-CELLENT ONE DAY SALE – Hop in for this one | Milled,https://milled.com/cruiseaway-by-dreamlines-pty-ltd/egg-cellent-one-day-sale-hop-in-for-this-one-UYvLk6b9pw5pjoI_,en,,200,74,0,24993,0,5,19,0,0,https://www.cruiseaway.com.au/cruise/celtic-crescendo-ireland-scotland-eclipse-18584624,,Celtic Crescendo - Ireland & Scotland Eclipse,,,,text,false,true,true,false,false,false,true,,,linkfound,2026-04-17 10:07:43,2026-04-17 10:07:43,,,,,1
newdirectory.org | few of top websites | page no. 363,https://www.newdirectory.org/domain-list-363,en,,200,41,0,0,1,1089,2128,0,0,https://www.cruiseaway.com.au/,,cruiseaway.com.au,,"http://cruiseaway.com.au/, https://cruiseaway.com.au/","301, 301",text,true,true,true,false,false,true,true,,,linkrestored,2025-09-11 08:23:37,2026-04-29 03:44:11,,,Listing collection > Business,Internet > Web services > Analytics; Reference > Listings > Business,2
SEO Metrics Reflect Incredible Growth Months Later with Rank-Your.Site 📊 ★★★★★,https://grow-fast.website/rank-your-site-seo-metrics-reflect-incredible-growth-months-later/,en,wordpress,200,62,0,0,0,5253,5758,0,0,https://www.cruiseaway.com.au/,,"Using Rank-Your.Site strategies, cruise-away.com.au's click rates improved by an impressive 80% 💯",,https://cruise-away.com.au/,301,text,true,true,true,false,false,false,true,,,pagefound,2026-03-29 02:58:55,2026-04-29 15:01:00,,,Article > Review,Internet > Web services > SEO and marketing; Business > Marketing > Marketing,1
"CruiseAway: Royal Caribbean Exclusive - Royal Beach Club Lelepa, Vanuatu | Milled",https://milled.com/cruiseaway-by-dreamlines-pty-ltd/royal-caribbean-exclusive-royal-beach-club-lelepa-vanuatu-LwS8HuVOOzR3BUoD,en,,200,74,0,24993,0,4,23,0,0,https://www.cruiseaway.com.au/cruise/south-pacific-from-brisbane-australia-with-the-voyager-of-the-seas-18797436?allInclusive=false&filterParams%5BcabinKind%5D%5B0%5D=19&selectedSail=18797437,,Christmas in Paradise,,,,text,false,true,true,false,false,false,true,,,pagefound,2026-04-15 06:00:58,2026-04-15 06:00:58,,,,,1
How Data Science and AI Are the Transforming Marketing Research | Pre Post Link,https://prepostlink.com/how-data-science-and-ai-are-the-transforming-marketing-research/,en,wordpress,200,20,0,0,28,3510,4764,0,0,https://www.cruiseaway.com.au/,,cruiseaway,,https://cruiseaway.com.au/,301,text,true,true,false,false,false,true,true,,,pagefound,2024-12-13 14:47:06,2026-04-22 01:09:33,,,Article > Insights,Business > Marketing > Marketing; Internet > Web services > SEO and marketing; Science,1
Buy High Quality Dofollow Seo Backlinks to Rank on 1st Page — Seo Backlinks For Rank on 1st page,https://buybacklinks.agency/15q2-get-ranking-on-1st-page-with-us/,en,,200,79,0,0,59,4995,5574,0,0,https://www.cruiseaway.com.au/,,Google first rank for cruise-away.com.au: premium backlinks + guest posts; DR/DA/TF climb — any market. | Visit buybacklinks.agency for any Query,,https://cruise-away.com.au/,301,text,true,false,true,false,false,false,true,,,linkfound,2026-04-12 07:20:23,2026-05-07 08:09:03,,,Listing > Product,Internet > Web services > SEO and marketing,1
CruiseAway: Grand Passage of Asia ✨ From $181pp Per Day | Milled,https://milled.com/cruiseaway-by-dreamlines-pty-ltd/grand-passage-of-asia-from-181pp-per-day-BDoDfYhe9zSZ7KMf,en,,200,74,0,24993,0,5,18,0,0,https://www.cruiseaway.com.au/cruise/spirit-of-japan-temples-towers-fuji-18746930,,"Spirit of Japan - Temples, Towers & Fuji",,,,text,false,true,true,false,false,false,true,,,linkfound,2026-04-15 04:19:55,2026-04-15 04:19:55,,,,,1
,http://www.secretsearchenginelabs.com/find/australia%20with%20the,en,,200,44,0,218,0,4,12,0,0,https://www.cruiseaway.com.au/cruise-deals,,Cruise Deals with up to -42% | CruiseAway,,,,text,false,true,true,false,false,false,true,,,linkfound,2025-07-27 12:34:33,2025-12-13 04:55:59,,Simon Byholm,,,4
"I Started With Less Than Ten Permanent Backlinks on My Site, But After Two Months of SEOExpress.org's Services, I Have Over Two Hundred High-Quality Links Ranking Me at the Top of Major Google Searches for Key Products. It’s affordable SEO that pays off big time! 🌟🔥 — Simply Web Shop",https://simplywebshop.shop/i-started-with-less-than-ten-permanent-backlinks-on-my-site-and-now-after-two-months-of-seoexpress-com-services-I-have-over-two-hundred-high-quality-links-ranking-me-on-top-of-major-google,en,,200,28,0,0,36,5186,8782,0,0,https://www.cruiseaway.com.au/,,I used to think SEO meant pricey consultants until I discovered SEOExpress.org while searching online for help with dreamlines.cn. Their budget-friendly packages delivered results fast: organic traffic more than tripled from under 200 visits/month after only two months! The combination of guest blogging and PBN links worked wonders—I recommend them wholeheartedly 🌟,,https://dreamlines.cn/,301,text,true,false,true,false,false,false,true,,,linkfound,2026-05-01 23:42:45,2026-05-01 23:42:45,,,Article > Story,Internet > Web services > SEO and marketing; Business > Marketing > Marketing,1
"Today: NOSY MANGABE Island (Madagascar) Info, Aug 30, 2014",https://www.interalex.net/2014/08/nosy-mangabe-island-madagascar-info-aug.html,en,,200,3.5,0,0,0,53,150,0,0,http://www.cruiseaway.com.au/cruise-port/nosy-mangabe-madagascar,,"Nosy Mangabe, Madagascar - Cruise Away - Cruises | Best Cheap ...",www.cruiseaway.com.au/cruise-port/nosy-mangabe-madagascar Cached,,,text,false,true,false,false,false,false,true,,,linkrestored,2020-09-15 00:35:34,2026-04-23 22:27:23,,,Article > Story,Travel > Tourist destinations > Islands; Entertainment,1
CruiseAway: 🚢 Set Sail with Carnival – Exclusive Offers + Massive Savings Inside! | Milled,https://milled.com/cruiseaway-by-dreamlines-pty-ltd/set-sail-with-carnival-exclusive-offers-massive-savings-inside-IdkjXtBfU8i8Kc7R,en,,200,74,0,24993,0,4,27,0,0,https://www.cruiseaway.com.au/cruise/13-day-voyage-from-dover-london-17798264,,Icelandic Fjords with London & The British Isles,,,,image,false,true,true,false,false,false,true,,,pagefound,2026-05-10 03:07:10,2026-05-10 03:07:10,,,,,2
CruiseAway: 📣*REDUCED PRICES * EXCLUSIVES * LAST MINUTE DEALS * & MORE | Milled,https://milled.com/cruiseaway-by-dreamlines-pty-ltd/reduced-prices-exclusives-last-minute-deals-and-more-JWHm4I5_cl610VsN,en,,200,74,0,24993,0,6,24,0,0,https://www.cruiseaway.com.au/cruise/sailing-from-sydney-via-mystery-island-brilliance-of-the-seas-16858121,,Fiji & South Pacific for a Brilliant Christmas Fiji & South Pacific for a Brilliant Christmas,,,,image,false,true,true,false,false,false,true,,,linkfound,2026-03-30 19:15:45,2026-03-30 19:15:45,,,,,1
Directory website list 1977 | Us Directory List,https://usdirectorylist.com/directory-website-list-1977/,en,wordpress,200,24,0,0,0,5398,7135,0,0,https://www.cruiseaway.com.au/,,dreamlines.com.au,,https://dreamlines.com.au/,301,text,true,false,false,false,false,false,true,,,pagefound,2025-09-30 12:47:30,2026-04-25 02:41:08,,,Listing collection > Business,Business > Business services > Consulting; Reference > Listings > Business; Internet,1
Important Tips for Cruising on Special Occasions | The Wordy Explorers,https://nid.arewethere-yet.com/wordyexplorers/blog/pages/view/viewcurated2.dhtml?linkId=SpecialOccasionCruising&curatedId=1611628436484,en,,200,1.9,0,35,0,6,7,0,0,http://www.cruiseaway.com.au/blog/service-tips/1289/,,Important Tips for Cruising on Special Occasions,,,,image,false,true,false,false,false,false,true,,,pagefound,2025-04-29 23:50:47,2026-04-29 18:32:50,,,,,12
Directory website list 1977 | Seo Directory Pro,https://seodirectorypro.com/directory-website-list-1977/,en,wordpress,200,8,0,0,0,5401,7146,0,0,https://www.cruiseaway.com.au/,,dreamlines.com.au,,https://dreamlines.com.au/,301,text,true,false,false,false,false,false,true,,,pagefound,2026-02-01 09:06:49,2026-05-05 21:41:42,,,Listing collection > Business,Business > Business services > Consulting; Internet > Search engines,1
"CruiseAway: Boutique Voyages, Extraordinary Worlds | Milled",https://milled.com/cruiseaway-by-dreamlines-pty-ltd/boutique-voyages-extraordinary-worlds-vwtlLVXjuO10nZwI,en,,200,74,0,24993,0,4,29,0,0,https://www.cruiseaway.com.au/search-results?filterParams%5BdateMax%5D=1767139200&filterParams%5BdateMin%5D=1735689600&filterParams%5BinclFlight%5D=true&filterParams%5BpriceMin%5D=0&sortString=aov,,2025 PACKAGES 2025 PACKAGES,,,,image,false,true,true,false,false,false,true,,,pagefound,2026-05-09 02:16:35,2026-05-09 02:16:35,,,,,9
CruiseAway: Bundle & Save: Get Up to $500 Onboard Credit for 2026 Cruises! | Milled,https://milled.com/cruiseaway-by-dreamlines-pty-ltd/bundle-and-save-get-up-to-500-onboard-credit-for-2026-cruises-h2ITMNEbIVmVX016,en,,200,74,0,24993,0,4,27,0,0,https://www.cruiseaway.com.au/cruise/11-day-trip-from-sydney-18151532?allInclusive=false&selectedSail=18151543,,Vanuatu & New Caledonia,,,,image,false,true,true,false,false,false,true,,,pagefound,2026-04-09 12:17:03,2026-04-09 12:17:03,,,,,5
Most Visited website list 1977 | Website Zone Directory,https://webzonedirectory.com/most-visited-website-list-1977/,en,wordpress,200,18,0,0,0,5396,7130,0,0,https://www.cruiseaway.com.au/,,dreamlines.com.au,,https://dreamlines.com.au/,301,text,true,false,false,false,false,false,true,,,pagefound,2025-09-29 19:13:57,2026-04-27 18:32:56,,,Listing collection > Business,Internet > Web services > Development; Business > Business services > Consulting,1
Directory website list 1976 | Supreme Directory,https://supremedirectory.com/directory-website-list-1976/,en,wordpress,404,16,0,0,0,5187,6053,0,0,https://www.cruiseaway.com.au/,,cruiseaway.com.au,,https://cruiseaway.com.au/,301,text,true,false,false,false,false,false,true,notfound,,pagefound,2025-09-13 05:47:37,2025-11-09 03:33:57,2026-04-18 00:25:21,,,,1
www.Cruiseaway.com.au - Home - Cruiseaway,http://urlmetrica.com.mx/www.cruiseaway.com.au,es,,200,8,0,46,0,1,2,0,0,http://www.cruiseaway.com.au/,,cruiseaway.com.au,Cruises | Best Cheap Cruises - Cruise Away,http://urlmetrica.com.mx/g/u/c/245062,302,text,false,true,true,false,false,false,true,,,linkrestored,2024-10-09 08:16:16,2026-05-10 20:39:40,,,,,4
CruiseAway - Book Best Price Guarantee Cruises 2026 - 2027 - Information - #1875334,http://www.secretsearchenginelabs.com/information/1875334-Dreamlines-Cruises---Fantastic-cruises-at-top,en,,200,44,0,218,0,3,5,0,0,https://www.cruiseaway.com.au/,Visit,CruiseAway - Book Best Price Guarantee Cruises 2026 - 2027,(https://www.cruiseaway.com.au/),,,text,false,true,false,false,false,false,true,,,pagefound,2024-01-07 01:23:14,2026-04-04 04:34:58,,Simon Byholm,,,1
"CruiseAway: Royal Caribbean Exclusive - Royal Beach Club Lelepa, Vanuatu | Milled",https://milled.com/cruiseaway-by-dreamlines-pty-ltd/royal-caribbean-exclusive-royal-beach-club-lelepa-vanuatu-LwS8HuVOOzR3BUoD,en,,200,74,0,24993,0,4,23,0,0,https://www.cruiseaway.com.au/cruise/south-pacific-from-brisbane-australia-with-the-voyager-of-the-seas-18797397?allInclusive=false&filterParams%5BcabinKind%5D%5B0%5D=19&selectedSail=18797407,,"From $1,538 pp »",,,,text,false,true,true,false,false,false,true,,,pagefound,2026-04-15 06:00:58,2026-04-15 06:00:58,,,,,1
"Today: UA HUKA, Marquesas (French Polynesia) Info, Jan 08, 2011",https://www.interalex.net/2011/01/ua-huka-marquesas-french-polynesia-info.html,en,,200,3.5,0,0,0,100,300,0,0,http://www.cruiseaway.com.au/cruise-port/ua_huka_marquesa_islands_french_polynesia,,"Ua Huka, Marquesa Islands, French Polynesia - Cruise Away",,,,text,false,false,false,false,false,false,true,,,linkrestored,2020-10-08 15:38:17,2026-04-22 20:49:49,,,Article > News,News > Local news; Reference > Geographic reference; Entertainment; Travel,1
"Today: USTICA ISLAND (Italy) Info, Dec 14, 2012",https://www.interalex.net/2012/12/ustica-island-italy-info-dec-14-2012.html,en,,200,3.5,0,0,0,95,161,0,0,http://www.cruiseaway.com.au/cruise-port/ustica_italy,,"Ustica, Italy - Cruises | Best Cheap Cruises - Cruise Away",,,,text,false,true,false,false,false,false,true,,,linkrestored,2020-10-23 17:49:20,2026-04-19 20:19:54,,,Article > News,Reference > Geographic reference; Travel > Tourist destinations > Islands; Entertainment > Music,1
工薪族也需要放松心情--平民价的八万吨游轮cruise之旅（全坑填满） - 行万里路 - 新足迹 - Powered by Discuz!,https://li511-8.members.linode.com/bbs/forum.php?mod=viewthread&tid=633925,zh-cn,message-boards,200,85,0,115810,0,3,5,0,0,http://www.cruiseaway.com.au/cruiselines/starrating,,http://www.cruiseaway.com.au/cruiselines/starrating,,,,text,false,false,false,false,false,false,true,,,pagefound,2021-12-21 17:11:03,2025-12-19 04:43:47,,,,,2
"I Started With Less Than Ten Permanent Backlinks on My Site, But After Two Months of SEOExpress.org's Services, I Have Over Two Hundred High-Quality Links Ranking Me at the Top of Major Google Searches for Key Products. It’s affordable SEO that pays off big time! 🌟🔥 — SEO High Ranking",https://seo-high-ranking.shop/i-started-with-less-than-ten-permanent-backlinks-on-my-site-and-now-after-two-months-of-seoexpress-com-services-I-have-over-two-hundred-high-quality-links-ranking-me-on-top-of-major-google,en,,200,29,0,0,36,5187,8741,0,0,https://www.cruiseaway.com.au/,,I used to think SEO meant pricey consultants until I discovered SEOExpress.org while searching online for help with dreamlines.cn. Their budget-friendly packages delivered results fast: organic traffic more than tripled from under 200 visits/month after only two months! The combination of guest blogging and PBN links worked wonders—I recommend them wholeheartedly 🌟,,https://dreamlines.cn/,301,text,true,false,true,false,false,false,true,,,linkfound,2026-04-19 03:42:39,2026-05-07 03:31:40,,,Article > Story,Internet > Web services > SEO and marketing; Business > Marketing > Marketing,1
"Save on travel adventures at Click Frenzy's big event for 2025 | The Observer | Coleambally, NSW",https://www.colypointobserver.com.au/story/9043916/save-on-travel-adventures-at-click-frenzys-big-event-for-2025/,en,,200,13,0,5,0,31,46,0,0,https://www.cruiseaway.com.au/cruise-deals,,Cruiseaway,- $400 onboard credit and reduced deposits on cruises,,,text,false,true,false,false,false,false,true,,,pagefound,2025-08-28 10:21:36,2026-05-10 21:42:48,,,,,1
CruiseAway - Read Reviews About cruiseaway.com.au,https://44rev.com/businesses/cruiseaway.com.au,en,,200,25,0,0,0,5,6,0,0,https://www.cruiseaway.com.au/,,Visit Website,,https://cruiseaway.com.au/,301,text,true,false,true,false,false,false,true,,,linkfound,2026-04-28 22:41:05,2026-04-28 22:41:05,,,,,2
"Today: ST PETER PORT (Guernsey) Info (year 2011), Jan 25, 2012",https://www.interalex.net/2012/01/st-peter-port-guernsey-info-year-2011.html,en,,200,3.5,0,0,0,94,155,0,0,http://www.cruiseaway.com.au/cruise-port/st_peter_port_guernsey?offset=6,,"St. Peter Port, Guernsey - Cruise Away",,,,text,false,true,false,false,false,false,true,,,linkrestored,2020-12-18 01:40:55,2026-04-23 01:33:52,,,Article > News,Travel > Tourist destinations > Islands; Entertainment > Events; Reference > Geographic reference,1
"New Zealand is open for travel and luckily, it’s still affordable | The Rural | Wagga Wagga, NSW",https://www.therural.com.au/story/7910925/new-zealand-is-open-for-travel-and-luckily-its-still-affordable/,en,,200,38,0,4366,0,25,32,0,0,https://www.cruiseaway.com.au/cruise/journey-from-melbourne-with-the-queen-elizabeth-queen-elizabeth-15235953,,Get the deal here,,,,text,false,false,false,false,false,false,true,,,linkfound,2026-05-06 15:14:35,2026-05-06 15:14:35,,,,,2
"Today: MANGAREVA, Gambier Islands (French Polynesia) Info, Jan 08, 2011",https://www.interalex.net/2011/01/mangareva-gambler-islands-french.html,en,,200,3.5,0,0,0,105,311,0,0,http://www.cruiseaway.com.au/cruise-port/mangareva_gambier_islands_french_polynesia,,"Mangareva, Gambier Islands, French Polynesia - Cruise Away",,,,text,false,true,false,false,false,false,true,,,linkrestored,2020-10-07 18:24:28,2026-04-22 20:40:51,,,Article > News,Reference > Geographic reference > Maps; Travel > Tourist destinations > Islands; Entertainment,2
Directory website list 1976 | Data boost directory,https://databoostdirectory.com/directory-website-list-1976/,en,wordpress,200,25,0,0,0,5394,7156,0,0,https://www.cruiseaway.com.au/,,cruiseaway.com.au,,https://cruiseaway.com.au/,301,text,true,false,false,false,false,false,true,,,pagefound,2025-10-10 06:47:15,2026-04-24 10:47:15,,,Listing collection > Business,Business > Business services > Consulting; Reference > Listings > Business; Internet > Search engines,1
"Flow Link Building Result 114: How Real Authority Links Delivered Page One Rankings in Any Niche — Premium SEO Backlink Service — Increase Domain Rating, Domain Authority and Trust Flow — Guest Posts and PBN Links — All Languages — Worldwide",https://seorankflow.shop/vtlmyo6-consistent-flow-link-building-result-056-page-one-any-niche-worldwide/,en,,200,47,0,0,0,8302,9749,0,0,https://www.cruiseaway.com.au/,,Get cruiseaway.com.au flow trust flow improvement from Majestic-trusted authority sources,,https://cruiseaway.com.au/,301,text,false,false,true,false,false,false,true,,,linkfound,2026-05-05 08:32:37,2026-05-05 08:32:37,,,Article > Guide,Internet > Web services > SEO and marketing,1
"Running My Small Business, I've Always Known How Critical SEO Is but Customizing Keywords Made Me Feel Intimidated Until Researching SEOExpress.org. This Exceptional Team Helped Negotiate Top Keywords for My Niche Resulting in Visible Traffic Growth of Two Hundred Fifty Percent Plus Real Conversions Started Happening—It's Truly Remarkable! ★★★★★ 🌟 — Kawaii Shop",https://kawaiishop.shop/running-my-small-business-have-always-known-how-critical-seo-is-but-customizing-keywords-made-me-feel-intimidated-until-researching-seoexpress-an-exceptional-team-helped-negotiate-top,en,,200,29,0,0,36,5233,8704,0,0,https://www.cruiseaway.com.au/,,There was a time when cruiseaway.com.au didn't attract any attention at all—it was disheartening! Then came along SEOExpress.org's outstanding guest posting services: overnight it seemed my authority grew tremendously as well as my visitor count shot through the roof by an astonishing +280%! That kind of result is hard not to love; go check out what they offer 🌟,,https://cruiseaway.com.au/,301,text,true,false,true,false,false,false,true,,,linkfound,2026-05-09 23:19:41,2026-05-09 23:19:41,,,Article > Story,Internet > Web services > SEO and marketing; Business > Small business > Business formation,1
Most Visited website list 1928 | Top Domain Directory,https://topdomaindirectory.com/most-visited-website-list-1928/,en,wordpress,200,55,0,0,0,5400,6260,0,0,https://www.cruiseaway.com.au/,,cruiseaway,,https://cruiseaway.com.au/,301,text,true,false,false,false,false,false,true,,,pagefound,2026-01-28 01:15:33,2026-05-11 09:27:07,,,Listing collection > Business,Internet > Web services > Development; Business > Business services; Reference,2
july.co.in | few of top websites | page no. 363,https://www.july.co.in/domain-list-363,en,,200,6,0,0,0,1084,2093,0,0,https://www.cruiseaway.com.au/,,cruiseaway.com.au,,"http://cruiseaway.com.au/, https://cruiseaway.com.au/","301, 301",text,true,true,true,false,false,false,true,,,linkrestored,2022-12-17 07:36:07,2026-05-05 20:30:27,,,Listing collection > Business,Internet > Web services > Analytics; Reference,1
"Cruiseaway.com.au - анализ сайта, seo характеристики сайта - круисеаваы точка ком точка ау",https://prlog.ru/analysis/cruiseaway.com.au,,,200,51,0,91,0,44,251,0,0,https://www.cruiseaway.com.au/river-cruises?priceMin=499,,cruiseaway.com.au/river-cruises?priceMin=499,,https://cruiseaway.com.au/river-cruises?priceMin=499,301,text,false,true,true,false,false,false,true,,,linkrestored,2019-07-22 20:05:01,2026-05-07 18:56:13,,,,,1
CruiseAway: On Sale Now - Hurry! Princess 2027/28 Just Released — Save Big + Extra Onboard Credit! | Milled,https://milled.com/cruiseaway-by-dreamlines-pty-ltd/on-sale-now-hurry-princess-2027-28-just-released-save-big-extra-onboard-credit-U42XkVTsPB91jICP,en,,200,74,0,24993,0,4,32,0,0,https://www.cruiseaway.com.au/cruise/37-day-cruise-from-sydney-18588176,,"New Zealand, Tasmania & Fiji",,,,image,false,true,true,false,false,false,true,,,linkfound,2026-04-09 12:16:50,2026-04-09 12:16:50,,,,,1
"Today: SANTO STEFANO ISLAND (Pontine Islands, Italy) Info, Dec 10, 2012",https://www.interalex.net/2012/12/santo-stefano-island-pontine-islands.html,en,,200,3.5,0,0,0,93,167,0,0,http://www.cruiseaway.com.au/cruise-port/ventotene_italy,,"Ventotene, Italy - Cruise Away",,,,text,false,true,false,false,false,false,true,,,linkrestored,2020-10-06 21:57:41,2026-04-19 11:27:10,,,Article > News,Travel > Tourist destinations > Islands; Entertainment,1
"Save on travel adventures at Click Frenzy's big event for 2025 | The Maitland Mercury | Maitland, NSW",https://www.maitlandmercury.com.au/story/9043916/save-on-travel-adventures-at-click-frenzys-big-event-for-2025/,en,,200,54,0,3388,0,32,47,0,0,https://www.cruiseaway.com.au/cruise-deals,,Cruiseaway,- $400 onboard credit and reduced deposits on cruises,,,text,false,true,false,false,false,false,true,,,pagefound,2025-08-28 02:40:57,2026-05-10 04:37:38,,,,,1
Why More Australians Are Choosing Cruises That Depart From Home | Seniors Discount Club,https://seniorsdiscountclub.com.au/threads/why-more-australians-are-choosing-cruises-that-depart-from-home.89368/,en,,200,29,0,440,0,16,30,0,0,https://www.cruiseaway.com.au/cruises/australia/sydney,With major departure ports in,Sydney*,"and Brisbane* , you can begin your journey close to",,,text,false,true,false,false,false,false,true,,,linkfound,2026-04-03 13:55:13,2026-04-03 13:55:13,,,,,1
Most Visited website list 1977 | Most Ranking Directory,https://marketinghubdirectory.com/most-visited-website-list-1977/,en,wordpress,200,16,0,0,0,5398,7131,0,0,https://www.cruiseaway.com.au/,,dreamlines.com.au,,https://dreamlines.com.au/,301,text,true,false,false,false,false,false,true,,,pagefound,2025-09-04 21:48:38,2026-04-27 23:37:40,,,Listing collection > Business,Internet > Search engines; Business > Business services > Consulting; Reference,1
Unlock Amazing Savings: Your Ultimate Guide to Last-Minute Cruise Deals in Australia,http://blogs.adsiduous.com/unlock-amazing-savings-your-ultimate-guide-to-last-minute-cruise-deals-in-australia/,en,,200,6,0,12,0,5,11,0,0,https://www.cruiseaway.com.au/,"For more resources, consider visiting sites like: Cruise Critic and",CruiseAway,.,,,text,true,true,false,false,false,false,true,,,pagefound,2025-12-16 10:46:18,2026-04-27 20:41:23,,Sydney Blunt,,,1
CruiseAway: ✨ Bucket-List Voyages & Close-to-Home Escapes — Book Now | Milled,https://milled.com/cruiseaway-by-dreamlines-pty-ltd/bucket-list-voyages-and-close-to-home-escapes-book-now-JgInZpgnsL_yFpX3,en,,200,74,0,24993,0,4,28,0,0,https://www.cruiseaway.com.au/cruise/australia-from-sydney-australia-with-the-noordam-17951536?allInclusive=false&selectedSail=17951537,,South Australia Discovery,,,,image,false,true,true,false,false,false,true,,,linkfound,2026-05-08 02:14:14,2026-05-08 02:14:14,,,,,4
Five best cruise lines for hungry holiday-makers - Travel Weekly,https://travelweekly.com.au/five-best-cruise-lines-for-hungry-holiday-makers/,en,wordpress,200,68,0,9148,1,9,22,0,0,http://www.cruiseaway.com.au/ships/holland-america-line-cruises/,"about cruising onboard one of these fine ships, go to:",www.cruiseaway.com.au,.,,,text,false,true,false,false,false,false,true,,,linkfound,2025-03-08 21:54:56,2026-05-09 19:37:19,,,Article > Roundup,Travel > Specialty travel > Luxury travel; Food > Restaurants > Fine dining,2
"CruiseAway: Ready, Set, Sail! (Whenever You Want) | Milled",https://milled.com/cruiseaway-by-dreamlines-pty-ltd/ready-set-sail-whenever-you-want-AsbZC2RDMIxu478f,en,,200,74,0,24993,0,4,37,0,0,https://www.cruiseaway.com.au/april-cruises,,April Cruises,,,,text,false,false,true,false,false,false,true,,,pagefound,2026-04-17 16:19:40,2026-04-17 16:19:40,,,,,2
"Today: Monday, January 09, 2012",https://www.interalex.net/2012_01_09_archive.html,en,,200,3.5,0,0,0,91,205,0,0,http://www.cruiseaway.com.au/show-cruises?id=46381&type=ports&date=26%20Feb%202011&clineid=1&key=346&name=Holland%20America%20Line&nameid=&unitid=18&name2=Noordam&ship=547,,"Cruises for ""Willemstad, Curacao"" port, ""Noordam"" ship for ...",,,,text,false,false,false,false,false,false,true,,,linkfound,2023-03-31 02:03:37,2026-03-08 23:00:31,,,Article > Roundup,Entertainment > Music; Travel > Tourist destinations; Reference; Society; News,2
"Running My Small Business, I've Always Known How Critical SEO Is but Customizing Keywords Made Me Feel Intimidated Until Researching SEOExpress.org. This Exceptional Team Helped Negotiate Top Keywords for My Niche Resulting in Visible Traffic Growth of Two Hundred Fifty Percent Plus Real Conversions Started Happening—It's Truly Remarkable! ★★★★★ 🌟 — SEO Express Store",https://seoexpress.store/running-my-small-business-have-always-known-how-critical-seo-is-but-customizing-keywords-made-me-feel-intimidated-until-researching-seoexpress-an-exceptional-team-helped-negotiate-top,en,,200,28,0,0,36,5234,8698,0,0,https://www.cruiseaway.com.au/,,There was a time when cruiseaway.com.au didn't attract any attention at all—it was disheartening! Then came along SEOExpress.org's outstanding guest posting services: overnight it seemed my authority grew tremendously as well as my visitor count shot through the roof by an astonishing +280%! That kind of result is hard not to love; go check out what they offer 🌟,,https://cruiseaway.com.au/,301,text,true,false,true,false,false,false,true,,,linkfound,2026-05-11 08:58:19,2026-05-11 08:58:19,,,Article > Story,Internet > Web services > SEO and marketing; Business > Small business > Business formation,1
"Today: SALES, COUPONS, DISCOUNTS, Feb 02, 2013",https://www.interalex.net/2013/02/saales-coupons-discounts-feb-02-2013.html,en,,200,3.5,0,0,0,103,211,0,0,http://www.cruiseaway.com.au/cruise-specials,,Cruise Specials | Discount Cruises & Deals - Cruise Away,,,,text,false,true,false,false,false,false,true,,,linkrestored,2021-12-26 21:35:58,2026-05-06 10:25:59,,,Listing collection > Product,Shopping > Shopping portals; Books > Book retailers,1
Directory website list 94 | Usa Seo Directory,https://usaseodirectory.com/directory-website-list-94/,en,wordpress,200,11,0,0,0,5396,7254,0,0,https://www.cruiseaway.com.au/,,cruiseaway,,https://cruiseaway.com.au/,301,text,true,false,false,false,false,false,true,,,pagefound,2025-10-03 05:08:30,2026-05-10 13:41:21,,,Listing collection > Business,Reference > Listings > Business; Business > Business services > Consulting; Internet,2
Marvelous Info About How To Become A Captain Of Ship - Mountainpackage,https://mountainpackage.tynanmarketing.com/how-to-become-a-captain-of-a-ship.html,en,,200,14,0,0,0,17,21,0,0,https://www.cruiseaway.com.au/wp-blog/uploads/2017/03/22180631/shutterstock_33848395-680x1024.jpg,,What It Really Takes To Become A Cruise Ship Captain,,,,image,false,false,false,false,false,false,true,,,pagefound,2023-08-08 20:57:55,2026-04-11 13:46:28,,,,,2
"CruiseAway: Boutique Voyages, Extraordinary Worlds | Milled",https://milled.com/cruiseaway-by-dreamlines-pty-ltd/boutique-voyages-extraordinary-worlds-vwtlLVXjuO10nZwI,en,,200,74,0,24993,0,4,29,0,0,https://www.cruiseaway.com.au/cruise/mystique-of-morocco-the-med-18470185,,Mystique of Morocco & The Med,,,,text,false,true,true,false,false,false,true,,,pagefound,2026-05-09 02:16:35,2026-05-09 02:16:35,,,,,1
harmony of the seas vitality spa menu,https://herramientasrh.com/tuck-leadership/harmony-of-the-seas-vitality-spa-menu,en,,200,1.9,0,0,0,22,38,0,0,https://www.cruiseaway.com.au/ship/harmony-of-the-seas,"the exception, not the rule. Luxurious Adults-Only Resorts in Jamaica.",Harmony of the Seas Cruises 2023 - 2024 | Save with CruiseAway,You can pick from interior or ocean view studios. Copyright,,,text,false,true,false,false,false,false,true,,,pagefound,2024-06-20 00:55:12,2026-02-09 08:30:03,,,,,1
CruiseAway: On Sale Now - Hurry! Princess 2027/28 Just Released — Save Big + Extra Onboard Credit! | Milled,https://milled.com/cruiseaway-by-dreamlines-pty-ltd/on-sale-now-hurry-princess-2027-28-just-released-save-big-extra-onboard-credit-U42XkVTsPB91jICP,en,,200,74,0,24993,0,4,32,0,0,https://www.cruiseaway.com.au/cruise/ultimate-autumn-in-japan-18297062,,Ultimate Autumn in Japan,,,,text,false,true,true,false,false,false,true,,,linkfound,2026-04-09 12:16:50,2026-04-09 12:16:50,,,,,4
List Bookmarks - Weblore,https://weblore.net/?page=100,en,,200,23,0,2,0,16,19,0,0,https://www.cruiseaway.com.au/,,https://www.cruiseaway.com.au/,,https://weblore.net/goto/83d5327c6dff8e2ae920a1b44761c0,302,text,false,false,false,false,false,false,true,,,linkrestored,2024-09-02 11:57:07,2026-04-24 13:34:11,,,,,11
Top 3 dining experiences at sea - LATTE Australia,https://latteluxurynews.com/2015/10/14/cruiseaway-presents-their-top-3-dining-at-sea-experiences/,en,wordpress,200,49,0,2522,0,8,17,0,0,https://www.cruiseaway.com.au/,,CruiseAway,presents the top three dining experiences at sea:,http://www.cruiseaway.com.au/,301,text,false,true,false,false,false,false,true,,,linkrestored,2018-04-25 13:02:30,2026-04-23 21:30:18,,,,,4
"Today: EDINBURGH OF THE SEVEN SEAS (Tristan da Cunha) Info, Jan 13, 2012",https://www.interalex.net/2012/01/edinburgh-of-seven-seas-tristan-da.html,en,,200,3.5,0,0,0,86,172,0,0,http://www.cruiseaway.com.au/cruise-port/tristan_da_cunha_uk,,"Tristan da Cunha, United Kingdom - Cruise Away",,,,text,false,false,false,false,false,false,true,,,linkrestored,2020-12-17 08:10:37,2026-04-21 09:21:25,,,Article > Story,Entertainment > Music > Classical music; Society; Travel; Reference,2
CruiseAway: On Sale Now - Hurry! Princess 2027/28 Just Released — Save Big + Extra Onboard Credit! | Milled,https://milled.com/cruiseaway-by-dreamlines-pty-ltd/on-sale-now-hurry-princess-2027-28-just-released-save-big-extra-onboard-credit-U42XkVTsPB91jICP,en,,200,74,0,24993,0,4,32,0,0,https://www.cruiseaway.com.au/search-results,,"Australia from Sydney, Australia with the Grand Princess",,"https://www.cruiseaway.com.au/cruise/australia-from-sydney-australia-with-the-grand-princess-18588226, https://www.cruiseaway.com.au/search-results, https://cruiseaway.com.au/search-results","307, 0, 301",text,false,true,true,false,false,false,true,,,linkfound,2026-04-09 12:16:50,2026-04-09 12:16:50,,,,,2
Directory website list 1977 | high authority directory,https://highauthoritydirectory.com/directory-website-list-1977/,en,wordpress,200,17,0,0,0,5403,7162,0,0,https://www.cruiseaway.com.au/,,dreamlines.com.au,,https://dreamlines.com.au/,301,text,true,false,false,false,false,false,true,,,pagefound,2025-09-15 13:40:13,2026-05-10 06:12:50,,,Listing collection > Business,Business > Business services > Consulting; Reference > Listings > Business; Internet,1
CruiseAway: ✨ Purr-Fect Sunday Sales | Milled,https://milled.com/cruiseaway-by-dreamlines-pty-ltd/purr-fect-sunday-sales-O0RUDwd-WmHtGbzW,en,,200,74,0,24993,0,5,22,0,0,https://www.cruiseaway.com.au/cruise/golden-isles-sunlit-classics-18720371,,Golden Isles & Sunlit Classics,,,,text,false,true,true,false,false,false,true,,,pagefound,2026-04-15 01:56:52,2026-04-15 01:56:52,,,,,1
How to Use IoT for Smarter E-Commerce Customer Experiences – SEO HUB DIRECTORY,https://seohubdirectory.com/how-to-use-iot-for-smarter-e-commerce-customer-experiences/,en,wordpress,200,9,0,0,96,3381,5082,0,0,https://www.cruiseaway.com.au/,,cruiseaway,,https://cruiseaway.com.au/,301,text,true,true,false,false,false,false,true,,,pagefound,2025-09-26 19:04:03,2026-05-11 11:55:40,,,Article > How-to,Business > Retail trade > Technology; Internet > Web services > Development; Shopping > Shopping portals; Computers and electronics > Consumer electronics,2
Gratuity — Wikipedia Republished // WIKI 2,https://wiki2.org/en/Gratuity,en,,200,64,0,0,0,40,61,0,0,https://www.cruiseaway.com.au/blog/service-tips/gratuities/,,"""Overview: Cruise line tipping (infographic)""",. Cruiseaway.com.au Blog. 2016-09-14,,,text,false,false,true,false,false,false,true,,,pagefound,2017-04-07 23:18:11,2025-12-11 17:45:10,,,Article > Wiki,Society > Advocacy > Labor issues; Reference > General reference > Encyclopedias; Food > Restaurants > Other,1
Directory website list 1928 – Marketing Pro 95 | Top Site Rank Directory,https://topsiterankdirectory.com/directory-website-list-1928-marketing-pro-95/,en,wordpress,200,13,0,0,0,5394,6256,0,0,https://www.cruiseaway.com.au/,,cruiseaway,,https://cruiseaway.com.au/,301,text,true,false,false,false,false,false,true,,,pagefound,2025-11-14 10:18:16,2026-04-28 07:17:54,,,Listing collection > Business,Business > Marketing > Marketing; Internet > Web services > SEO and marketing,2
The Globe - The world's most visited web pages,http://the-globe.com/the_worlds_most_visited_web_pages_272/,pt,,200,7,0,0,0,1116,1733,0,0,https://www.cruiseaway.com.au/,,272137. cruiseaway.com.au,,http://www.cruiseaway.com.au/,301,text,true,true,false,false,false,false,true,,,linkrestored,2021-12-20 05:44:13,2026-04-28 01:11:00,,,Listing collection > Business,Internet > Web services > Analytics,6
"CruiseAway: 🌊 Sail More, Spend Less | Limited-Time Cruise Deals 🛳️✨ | Milled",https://milled.com/cruiseaway-by-dreamlines-pty-ltd/sail-more-spend-less-limited-time-cruise-deals-QI7HMP3v4dBvM8nX,en,,200,74,0,24993,0,5,22,0,0,https://www.cruiseaway.com.au/cruise-lines-specials/princess-easter-sale,,Easter Mini Boost Offer,,,,text,false,true,true,false,false,false,true,,,linkfound,2026-04-18 03:50:28,2026-04-18 03:50:28,,,,,1
"New Zealand is open for travel and luckily, it’s still affordable | Illawarra Mercury | Wollongong, NSW",https://www.illawarramercury.com.au/story/7910925/new-zealand-is-open-for-travel-and-luckily-its-still-affordable/,en,,200,71,0,34818,0,21,30,0,0,https://www.cruiseaway.com.au/search-results,,Get the deal here,,"https://www.cruiseaway.com.au/cruise/journey-from-melbourne-with-the-queen-elizabeth-queen-elizabeth-15235953, https://www.cruiseaway.com.au/search-results, https://cruiseaway.com.au/search-results","307, 0, 301",text,false,false,false,false,false,false,true,,,linkfound,2026-04-21 15:37:45,2026-05-08 22:54:01,,,,,2
75 Sites like Cruiseaway.com.au & Alternative - Similar Sites,https://technofizi.net/sitelike/cruiseaway.com.au,en,,200,36,0,37,0,1,3,0,0,https://www.cruiseaway.com.au/,,cruiseaway.com.au,,"http://cruiseaway.com.au/, https://cruiseaway.com.au/","301, 301",text,false,false,true,false,false,false,true,,,linkrestored,2021-09-04 10:16:55,2026-04-01 15:54:23,,,,,1
Reserve su viaje - Visit Azores,https://www.visitazores.com/es/reserva-tu-viaje?country=united-kingdom,"en, es",,200,71,0,45870,0,29,36,0,0,https://www.cruiseaway.com.au/cruise/islands-of-the-azores-574907,,Saber mas,,,,text,false,false,false,false,false,false,true,,,pagefound,2025-01-18 10:53:29,2026-04-13 01:06:28,,,,,4
harmony of the seas vitality spa menu,http://ifrskonyveloleszek.hu/sites/default/files/color/rak024s/viewtopic.php?page=harmony-of-the-seas-vitality-spa-menu,,,200,1.7,0,0,0,20,28,0,0,https://www.cruiseaway.com.au/ship/harmony-of-the-seas,2 DIY scrubs and couples bath. HEADER - Log 2.,Harmony of the Seas Cruises 2023 - 2024 | Save with CruiseAway,Harmony of the Seas Vitality Spa and Fitness Center -,,,text,false,true,false,false,false,false,true,,,linkfound,2024-06-20 08:24:19,2025-12-07 02:41:42,,,Article > Review,Travel > Specialty travel > Luxury travel; Health > Natural medicine,1
Cruiseaway.com.au Reviews - Read Reviews About cruiseaway.com.au | Ratelivo,https://ratelivo.com/businesses/cruiseaway.com.au,en,,200,0,0,1,0,2,10,0,0,https://www.cruiseaway.com.au/,,https://cruiseaway.com.au,,https://cruiseaway.com.au/,301,text,false,false,false,false,false,false,true,,,linkfound,2026-05-09 08:25:32,2026-05-09 08:25:32,,,,,1
"New Zealand is open for travel and luckily, it’s still affordable | Western Advocate | Bathurst, NSW",https://www.westernadvocate.com.au/story/7910925/new-zealand-is-open-for-travel-and-luckily-its-still-affordable/,en,,200,56,0,9343,0,26,34,0,0,https://www.cruiseaway.com.au/search-results,,Get the deal here,,"https://www.cruiseaway.com.au/cruise/journey-from-melbourne-with-the-queen-elizabeth-queen-elizabeth-15235953, https://www.cruiseaway.com.au/search-results, https://cruiseaway.com.au/search-results","307, 0, 301",text,false,false,false,false,false,false,true,,,linkfound,2026-04-21 04:00:33,2026-05-05 03:58:18,,,,,2
phinin.com | few of top websites | page no. 350,http://www.phinin.com/domain-list-350,en,,200,5,0,0,0,1087,2118,0,0,https://www.cruiseaway.com.au/,,cruiseaway.com.au,,"http://cruiseaway.com.au/, https://cruiseaway.com.au/","301, 301",text,true,true,true,false,false,false,true,,,linkrestored,2025-06-03 04:09:12,2026-04-30 05:33:04,,,Site page > About,Internet > Web services > Analytics,2
CruiseAway: Explore the World with Exclusive Cruise packages - Limited time savings! | Milled,https://milled.com/cruiseaway-by-dreamlines-pty-ltd/explore-the-world-with-exclusive-cruise-packages-limited-time-savings-UoGjhRoh_dLM903Z,en,,200,74,0,24993,0,4,26,0,0,https://www.cruiseaway.com.au/cruise/mediterranean-atlantic-treasures-with-lisbon-18312035?selectedSail=18159032,,Mediterranean & Atlantic Treasures With Lisbon,,,,text,false,true,true,false,false,false,true,,,pagefound,2026-01-26 05:49:52,2026-01-26 05:49:52,,,,,1
SEO Tips for Small Businesses – Apply These and Your Online Business Will Soar! – YLUTAG,https://ylutag.com/seo-tips-for-small-businesses-apply-these-and-your-online-business-will-soar/,en,wordpress,200,29,0,0,3,5384,7231,0,0,https://www.cruiseaway.com.au/,,cruiseaway,,https://cruiseaway.com.au/,301,text,true,false,false,false,false,false,true,,,pagefound,2024-10-22 19:12:26,2026-05-09 10:06:50,,,Article > How-to,Internet > Web services > SEO and marketing; Business > Small business > Business formation,1
Why More Australians Are Choosing Cruises That Depart From Home | Seniors Discount Club,https://seniorsdiscountclub.com.au/threads/why-more-australians-are-choosing-cruises-that-depart-from-home.89368/,en,,200,29,0,440,0,16,30,0,0,https://www.cruiseaway.com.au/cruises/australia,,"If you’ve been thinking about a holiday that feels comfortable, simple, and full of new experiences, cruising from Australia could be a wonderful option*",". CruiseAway* can help travellers explore itineraries, compare destinations, and",,,text,false,true,false,false,false,false,true,,,linkfound,2026-04-03 13:55:13,2026-04-03 13:55:13,,,,,1
SEO – Let’s Make Some New Trends – VEWNET,https://vewnet.com/seo-lets-make-some-new-trends/,en,wordpress,0,28,0,0,0,5342,7094,0,0,https://www.cruiseaway.com.au/,,cruiseaway.com.au,,https://cruiseaway.com.au/,301,text,true,false,false,false,false,false,true,,tooold,pagefound,2024-12-13 15:48:44,2025-08-04 03:56:58,2026-04-16 08:43:56,,,,1
Australian Marketing Trends to the Watch in 2024 AdNews – GLOBAL SEO DIRECTORY,https://globalseodirectory.com/australian-marketing-trends-to-the-watch-in-2024-adnews/,en,wordpress,0,32,0,0,0,2288,3815,0,0,https://www.cruiseaway.com.au/,,cruiseaway,,https://cruiseaway.com.au/,301,text,true,false,false,false,false,false,true,,tooold,linkfound,2025-08-10 14:38:54,2025-08-10 14:38:54,2026-04-16 18:54:47,,,,1
"Today: BELFAST (Northern Ireland) Info, Jan 11, 2012",https://www.interalex.net/2012/01/belfast-northern-ireland-info-jan-11.html,en,,200,3.5,0,0,0,90,162,0,0,http://www.cruiseaway.com.au/cruise-port/belfast_ireland,,"Belfast, Ireland - Cruise Away - Cruises | Best Cheap Cruises ...",,,,text,false,false,false,false,false,false,true,,,linkrestored,2020-12-17 07:48:04,2026-04-22 17:06:47,,,Article > News,Entertainment > Events; News > Local news; Reference; Travel > Tourist destinations; Society,1
"TELEGRAM t.me/seo_anomaly : SEO BACKLINKS, CROSS-LINKS, TRAFFIC BOOST, LINK INDEXING | Wydawnictwo Zbliżenia - Pismo Zbliżenia - Małżeńska gra",https://pismozblizenia.pl/telegram-t-me-seo-anomaly-seo-backlinks-cross-30-2/,"en, pl","ecommerce, wordpress",200,20,0,83,0,1441,2328,0,0,https://www.cruiseaway.com.au/cruiseline/po-cruises,,"SEO BACKLINKS, CROSS-LINKS, TRAFFIC BOOST, LINK INDEXING – TELEGRAM @SEO_ANOMALY",,,,text,true,false,true,false,false,false,true,,,pagefound,2025-08-26 10:58:50,2026-05-06 13:36:54,,Agnieszka i Jakub Kołodziejowie,Article > Guide,Internet > Web services > SEO and marketing; Business > Marketing > Marketing,2
Directory website list 1976 | Seo Pro Directory,https://seoprodirectory.com/directory-website-list-1976/,en,wordpress,200,15,0,0,0,5393,7158,0,0,https://www.cruiseaway.com.au/,,cruiseaway.com.au,,https://cruiseaway.com.au/,301,text,true,false,false,false,false,false,true,,,pagefound,2026-01-04 01:31:21,2026-05-05 17:28:14,,,Listing collection > Business,Business > Business services > Consulting; Internet > Search engines; Reference,1
Blockchain Trends – The Future of Digital Innovation – dltech.forum,https://dltech.forum/blockchain-trends-the-future-of-digital-innovation-4/,en,wordpress,200,43,0,0,0,2716,3590,0,0,https://www.cruiseaway.com.au/,dreamlandmagazine.com.au dreamlimousines.com.au,dreamlines.com.au,dreamnannies.com.au dreampiece.com.au,https://dreamlines.com.au/,301,text,true,true,true,false,false,false,true,,,pagefound,2026-04-30 07:57:35,2026-04-30 07:57:35,,,,,2
"Before Discovering SEOExpress.org, I Spent Years on Expensive Agencies That Didn't Deliver the Results Promised. Eventually, I Tried Their White-Hat Backlinks Service and In Just Eight Weeks, My Domain Authority Ramped Up from DA 15 to DA 48 and Leads Poured In at a Rate of Over One Hundred Per Month! Best Investment in SEO ★★★★★ 💎 — Guest Post",https://theguestpost.shop/before-discovering-seoexpress-i-spent-years-on-expensive-agencies-that-didnt-deliver-the-results-promised-eventually-i-tried-their-white-hat-backlinks-service-and-in-only-eight-weeks-my,en,,200,29,0,0,36,5041,8463,0,0,https://www.cruiseaway.com.au/,,"I remember when cruise-away.com.au was buried on page 7, struggling to attract any visitors. After discovering SEOExpress.org and their affordable SEO packages, everything changed. Within just two months, my site jumped to page 1 and traffic skyrocketed from 150 to over 5,000 monthly visits! Investing in them felt like the best decision I ever made for my business 🌟",,https://cruise-away.com.au/,301,text,true,false,true,false,false,false,true,,,linkfound,2026-05-11 03:14:41,2026-05-11 03:14:41,,,Article > Story,Internet > Web services > SEO and marketing; Business > Marketing > Marketing,1
Most Visited website list 1976 | World Site Directory,https://worldsitedirectory.com/most-visited-website-list-1976/,en,wordpress,200,18,0,0,0,5396,7162,0,0,https://www.cruiseaway.com.au/,,cruiseaway.com.au,,https://cruiseaway.com.au/,301,text,true,false,false,false,false,false,true,,,pagefound,2025-12-25 16:11:25,2026-05-11 00:40:56,,,Listing collection > Business,Internet > Web services > Development; Business > Business services > Consulting; Reference > Listings > Business,1
CruiseAway: Asia is Calling 🌏✨ New for 2027/28 ✨ Singapore Season Just Released | Milled,https://milled.com/cruiseaway-by-dreamlines-pty-ltd/asia-is-calling-new-for-2027-28-singapore-season-just-released-cyh3tcStUaVQH7gi,en,,200,74,0,24993,0,5,25,0,0,https://www.cruiseaway.com.au/cruise/bali-bliss-golden-kingdoms-18814609?filterParams%5BcabinKind%5D%5B0%5D=19&selectedSail=18796787,,Bali Bliss & Golden Kingdoms,,,,text,false,true,true,false,false,false,true,,,linkfound,2026-04-18 04:11:43,2026-04-18 04:11:43,,,,,1
Christmas Cruise Deals 2026 | Best Christmas Cruises from Australia | - Information - #7803252,http://www.secretsearchenginelabs.com/information/7803252-Christmas-Cruises-2023-Save-up-to--50--on,en,,200,44,0,218,0,3,5,0,0,https://www.cruiseaway.com.au/christmas-cruises,Visit,Christmas Cruise Deals 2026 | Best Christmas Cruises from Australia |,(https://www.cruiseaway.com.au/christmas-cruises),,,text,false,true,true,false,false,false,true,,,pagefound,2024-05-28 05:26:05,2026-03-19 20:33:04,,Simon Byholm,,,1
"Celebrity Cruises reveals designs for new ship Celebrity Edge, due to set sail in December 2018",https://www.watoday.com.au/traveller/inspiration/the-latest-cruise-news-with-the-cruise-director-20170331-gvardp.html,en,,200,75,0,98842,0,21,40,0,0,https://www.cruiseaway.com.au/search-results,transfers. Valid until sold out; phone 1300 306 134. See,cruiseaway.com.au,,"https://www.cruiseaway.com.au/cruise/the-swiss-alps-to-paris-581165, https://www.cruiseaway.com.au/search-results, https://cruiseaway.com.au/search-results","307, 0, 301",text,false,true,false,false,false,false,true,,,pagefound,2025-12-22 06:13:54,2026-05-07 01:00:05,,Sally Macmillan,,,2
Most Visited website list 1928 | Most Ranking Directory,https://mostrankingdirectory.com/most-visited-website-list-1928/,en,wordpress,200,55,0,0,0,5400,6260,0,0,https://www.cruiseaway.com.au/,,cruiseaway,,https://cruiseaway.com.au/,301,text,true,false,false,false,false,false,true,,,pagefound,2025-12-16 22:36:48,2026-05-10 06:34:01,,,Listing collection > Business,Internet > Web services > Analytics; Business > Business services > Consulting; Reference > Listings,2
CruiseAway: 🏦Cruise Deals That Won't Break The Bank🏦 | Milled,https://milled.com/cruiseaway-by-dreamlines-pty-ltd/cruise-deals-that-wont-break-the-bank-KArcFzneqfr4s8B5,en,,200,74,0,24993,0,6,21,0,0,https://www.cruiseaway.com.au/cruise/transpacific-edge-16828517,,Transpacific Edge Transpacific Edge,,,,image,false,true,true,false,false,false,true,,,pagefound,2025-01-22 11:35:55,2026-05-09 03:39:39,,,,,1
,http://www.secretsearchenginelabs.com/find/luxury%20ocean,en,,200,44,0,218,0,9,16,0,0,https://www.cruiseaway.com.au/,,CruiseAway - Book Best Price Guarantee Cruises 2025 - 2026,,,,text,false,true,false,false,false,false,true,,,linkrestored,2025-05-07 07:14:49,2026-01-06 16:15:54,,Simon Byholm,,,3
Cruiseaway.com.au - Customer Reviews,https://www.webwiki.com/cruiseaway.com.au,en,,200,74,0,149,0,3,5,0,0,http://www.cruiseaway.com.au/,,Goto Cruiseaway.com.au,,,,text,false,true,true,false,false,false,true,,,pagefound,2024-10-15 01:44:29,2026-01-25 20:58:51,,,,,2
"Professional Link Building Agency Result 154: How Expert Links Delivered Page One for Any Client Niche — Professional Link Building Service — Increase Domain Rating, Domain Authority and Trust Flow — Real Guest Posts and PBN Links — All Niches — Worldwide",https://linkrankpro.shop/ei54bgj-agency-expert-links-enterprise-clients-larger-budgets/,en,,200,47,0,0,0,7937,8793,0,0,https://www.cruiseaway.com.au/,,Expert agency DR improvement for cruise-away.com.au delivering Ahrefs rating growth that sticks,,https://cruise-away.com.au/,301,text,true,false,true,false,false,false,true,,,pagefound,2026-05-07 01:26:52,2026-05-07 01:26:52,,,Article > Review,Internet > Web services > SEO and marketing; Business > Marketing > Marketing,1
"Today: SAN PIETRO ISLAND (Italy) Info, Aug 24, 2012",https://www.interalex.net/2012/08/san-pietro-island-italy-info-aug-24-2012.html,en,,200,3.5,0,0,0,94,159,0,0,http://www.cruiseaway.com.au/cruise-port/san_pietro_island_sardinia,,"San Pietro Island, Sardinia - Cruise Away",,,,text,false,true,false,false,false,false,true,,,linkrestored,2020-12-17 07:59:33,2026-04-12 18:19:09,,,Article > News,Travel > Tourist destinations > Islands; Entertainment > Music; Reference > Geographic reference,2
CruiseAway: ✨ Suitcase In Hand | Milled,https://milled.com/cruiseaway-by-dreamlines-pty-ltd/suitcase-in-hand-salKHCo5TalSsQgH,en,,200,74,0,24993,0,5,21,0,0,https://www.cruiseaway.com.au/cruise-lines-specials/holland-america-start-your-journey-sale,,Start Your Journey Sale,,,,text,false,true,true,false,false,false,true,,,linkfound,2026-04-14 23:49:32,2026-04-14 23:49:32,,,,,2
CruiseAway: 🐰 Hop Into Holiday Mode | Egg-cellent Cruise Deals Await | Milled,https://milled.com/cruiseaway-by-dreamlines-pty-ltd/hop-into-holiday-mode-egg-cellent-cruise-deals-await-4ClPPiW_XTFUTbmk,en,,200,74,0,24993,0,5,21,0,0,https://www.cruiseaway.com.au/cruise/transpacific-from-sydney-australia-with-the-carnival-luminosa-18314324,,"Transpacific from Sydney, Australia with the Carnival Luminosa",,,,text,false,true,true,false,false,false,true,,,pagefound,2026-04-18 11:44:19,2026-04-18 11:44:19,,,,,2
Most Visited website list 94 | Media Zone Directory,https://mediazonedirectory.com/most-visited-website-list-94/,en,wordpress,200,19,0,0,0,5387,7218,0,0,https://www.cruiseaway.com.au/,,cruiseaway,,https://cruiseaway.com.au/,301,text,true,false,false,false,false,false,true,,,pagefound,2025-11-29 01:15:50,2026-05-06 20:25:27,,,Listing collection > Business,Internet > Web services > Development; News; Entertainment > Online media > Other; Business > Business services; Reference > Listings > Business; Society,2
"CruiseAway: Ready, Set, Sail! (Whenever You Want) | Milled",https://milled.com/cruiseaway-by-dreamlines-pty-ltd/ready-set-sail-whenever-you-want-AsbZC2RDMIxu478f,en,,200,74,0,24993,0,4,37,0,0,https://www.cruiseaway.com.au/short-cruises,,Repositioning Cruises,,,,image,false,false,true,false,false,false,true,,,pagefound,2026-04-17 16:19:40,2026-04-17 16:19:40,,,,,3
"Cruiseaway.com.au - анализ сайта, seo характеристики сайта - круисеаваы точка ком точка ау",https://prlog.ru/analysis/cruiseaway.com.au,,,200,51,0,91,0,44,251,0,0,https://www.cruiseaway.com.au/cruises/caribbean,,cruiseaway.com.au/cruises/caribbean,,https://cruiseaway.com.au/cruises/caribbean,301,text,false,true,true,false,false,false,true,,,pagefound,2019-07-22 20:05:01,2026-05-07 18:56:13,,,,,1
"New Zealand is open for travel and luckily, it’s still affordable | Lithgow Mercury | Lithgow, NSW",https://www.lithgowmercury.com.au/story/7910925/new-zealand-is-open-for-travel-and-luckily-its-still-affordable/,en,,200,39,0,1565,0,25,32,0,0,https://www.cruiseaway.com.au/search-results,,Get the deal here,,"https://www.cruiseaway.com.au/cruise/journey-from-melbourne-with-the-queen-elizabeth-queen-elizabeth-15235953, https://www.cruiseaway.com.au/search-results, https://cruiseaway.com.au/search-results","307, 0, 301",text,false,false,false,false,false,false,true,,,pagefound,2026-04-20 04:39:01,2026-05-11 03:19:32,,,,,2
"Before Discovering SEOExpress.org, I Spent Years on Expensive Agencies That Didn't Deliver the Results Promised. Eventually, I Tried Their White-Hat Backlinks Service and In Just Eight Weeks, My Domain Authority Ramped Up from DA 15 to DA 48 and Leads Poured In at a Rate of Over One Hundred Per Month! Best Investment in SEO ★★★★★ 💎 — Rent A Shop",https://rent-a-shop.shop/before-discovering-seoexpress-i-spent-years-on-expensive-agencies-that-didnt-deliver-the-results-promised-eventually-i-tried-their-white-hat-backlinks-service-and-in-only-eight-weeks-my,en,,200,28,0,0,36,5037,8450,0,0,https://www.cruiseaway.com.au/,,"I remember when cruise-away.com.au was buried on page 7, struggling to attract any visitors. After discovering SEOExpress.org and their affordable SEO packages, everything changed. Within just two months, my site jumped to page 1 and traffic skyrocketed from 150 to over 5,000 monthly visits! Investing in them felt like the best decision I ever made for my business 🌟",,https://cruise-away.com.au/,301,text,true,false,true,false,false,false,true,,,linkfound,2026-05-05 21:46:27,2026-05-05 21:46:27,,,Article > Story,Internet > Web services > SEO and marketing; Business > Marketing > Marketing,1
"Cruiseaway.com.au - анализ сайта, seo характеристики сайта - круисеаваы точка ком точка ау",https://prlog.ru/analysis/cruiseaway.com.au,,,200,51,0,91,0,44,251,0,0,http://www.cruiseaway.com.au/,,cruiseaway.com.au/,,,,text,false,false,true,false,false,false,true,,,pagefound,2019-07-22 20:05:01,2026-05-07 18:56:13,,,,,2
Directory website list 1928 | All Listing Drectory,https://allistingdirectory.com/directory-website-list-1928/,en,wordpress,200,8,0,0,0,5395,6253,0,0,https://www.cruiseaway.com.au/,,cruiseaway,,https://cruiseaway.com.au/,301,text,true,false,false,false,false,false,true,,,pagefound,2025-10-11 04:23:19,2026-04-26 00:47:27,,,Listing collection > Business,Business > Business services > Consulting; Reference > Listings > Business,2
Directory website list 1976 | All Listing Drectory,https://allistingdirectory.com/directory-website-list-1976/,en,wordpress,200,8,0,0,0,5395,7161,0,0,https://www.cruiseaway.com.au/,,cruiseaway.com.au,,https://cruiseaway.com.au/,301,text,true,false,false,false,false,false,true,,,pagefound,2025-10-11 02:23:24,2026-04-25 14:45:46,,,Listing collection > Business,Business > Business services > Consulting,1
"CruiseAway: Seasons of the Orient & Southeast Asia - Tours, Transfers, Drinks Included! | Milled",https://milled.com/cruiseaway-by-dreamlines-pty-ltd/seasons-of-the-orient-and-southeast-asia-tours-transfers-drinks-included--EL0QC32QfLT4UtM,en,,200,74,0,24993,0,4,27,0,0,https://www.cruiseaway.com.au/terms-and-conditions,apply. *Savings based on current promotional fares. Please always check,terms and conditions,on the CruiseAway website before making the booking.,,,text,false,true,true,false,false,false,true,,,pagefound,2026-05-09 08:24:11,2026-05-09 08:24:11,,,,,2
Most Visited website list 1976 | Media Directory,https://mediedirectory.com/most-visited-website-list-1976/,en,wordpress,200,18,0,0,0,5393,7156,0,0,https://www.cruiseaway.com.au/,,cruiseaway.com.au,,https://cruiseaway.com.au/,301,text,true,false,false,false,false,false,true,,,pagefound,2025-08-23 19:08:25,2026-04-29 14:27:53,,,Listing collection > Business,Business > Business services > Consulting; Internet > Web services > Analytics; News > Business news,1
Most Visited website list 1976 | Link Pitcher Directory,https://linkpitcherdirectory.com/most-visited-website-list-1976/,en,wordpress,200,58,0,0,0,5398,7169,0,0,https://www.cruiseaway.com.au/,,cruiseaway.com.au,,https://cruiseaway.com.au/,301,text,true,false,false,false,false,false,true,,,pagefound,2025-10-01 13:30:12,2026-05-05 23:10:50,,,Listing collection > Business,Internet > Web services > Development; Business > Business services > Consulting,1
"Before Discovering SEOExpress.org, I Spent Years on Expensive Agencies That Didn't Deliver the Results Promised. Eventually, I Tried Their White-Hat Backlinks Service and In Just Eight Weeks, My Domain Authority Ramped Up from DA 15 to DA 48 and Leads Poured In at a Rate of Over One Hundred Per Month! Best Investment in SEO ★★★★★ 💎 — Top Ranking SEO",https://thetoprankingseo.shop/before-discovering-seoexpress-i-spent-years-on-expensive-agencies-that-didnt-deliver-the-results-promised-eventually-i-tried-their-white-hat-backlinks-service-and-in-only-eight-weeks-my,en,,200,29,0,0,36,5038,8463,0,0,https://www.cruiseaway.com.au/,,"I remember when cruise-away.com.au was buried on page 7, struggling to attract any visitors. After discovering SEOExpress.org and their affordable SEO packages, everything changed. Within just two months, my site jumped to page 1 and traffic skyrocketed from 150 to over 5,000 monthly visits! Investing in them felt like the best decision I ever made for my business 🌟",,https://cruise-away.com.au/,301,text,true,false,true,false,false,false,true,,,pagefound,2026-05-11 06:55:55,2026-05-11 06:55:55,,,Article > Story,Internet > Web services > SEO and marketing; Business > Marketing > Marketing,1
"CruiseAway: Seasons of the Orient & Southeast Asia - Tours, Transfers, Drinks Included! | Milled",https://milled.com/cruiseaway-by-dreamlines-pty-ltd/seasons-of-the-orient-and-southeast-asia-tours-transfers-drinks-included--EL0QC32QfLT4UtM,en,,200,74,0,24993,0,4,27,0,0,https://www.cruiseaway.com.au/cruise/a-serenade-of-sakura-18468807?selectedSail=17913434,,Colosseum to the Coast,,,,image,false,true,true,false,false,false,true,,,pagefound,2026-05-09 08:24:11,2026-05-09 08:24:11,,,,,1
Directory website list 1977 | Pro listing Directory,https://prolistingdirectory.com/directory-website-list-1977/,en,wordpress,404,13,0,0,0,5377,7162,0,0,https://www.cruiseaway.com.au/,,dreamlines.com.au,,https://dreamlines.com.au/,301,text,true,false,false,false,false,false,true,notfound,,pagefound,2025-09-27 03:55:17,2025-10-29 18:03:56,2026-04-17 02:25:18,,,,1
harmony of the seas vitality spa menu,https://smarthomes.kz/diicxm9/harmony-of-the-seas-vitality-spa-menu,,,0,0.7,0,0,0,11,18,0,0,https://www.cruiseaway.com.au/ship/harmony-of-the-seas,some can cost as much as a few hundred dollars.,Harmony of the Seas Cruises 2023 - 2024 | Save with CruiseAway,Traditional Asian cuisine is artfully prepared and presented at Izumi.,,,text,false,true,false,false,false,false,true,,tooold,linkfound,2025-02-26 06:23:23,2025-09-23 09:53:18,2026-04-20 01:53:35,,,,1
Directory website list 1976 | Link Directory Zone,https://linkdirectoryzone.com/directory-website-list-1976/,en,wordpress,200,21,0,0,0,5393,7160,0,0,https://www.cruiseaway.com.au/,,cruiseaway.com.au,,https://cruiseaway.com.au/,301,text,true,false,false,false,false,false,true,,,pagefound,2025-09-29 10:24:29,2026-05-07 06:34:59,,,Listing collection > Business,Business > Business services > Consulting; Reference > Listings > Business; Internet,1
"Today: GRYTVIKEN (South Georgia and the South Sandwich Islands) Info, Jan 13, 2012",https://www.interalex.net/2012/01/grytviken-south-georgia-and-south.html,en,,200,3.5,0,0,0,94,173,0,0,http://www.cruiseaway.com.au/antarctica_cruise?offset=6,,"Antarctica Cruises 2012 & 2013 | Deals, Offers & Specials ...",,,,text,false,false,false,false,false,false,true,,,linkrestored,2020-12-17 08:11:21,2026-04-21 09:18:32,,,Article > News,Reference > Geographic reference > Maps; News > Local news; Entertainment; Society; Travel > Tourist destinations,2
CruiseAway: ✨ Suitcase In Hand | Milled,https://milled.com/cruiseaway-by-dreamlines-pty-ltd/suitcase-in-hand-salKHCo5TalSsQgH,en,,200,74,0,24993,0,5,21,0,0,https://www.cruiseaway.com.au/cruise/australia-from-sydney-australia-with-the-sapphire-princess-18603702,,"Australia from Sydney, Australia with the Sapphire Princess",,,,text,false,true,true,false,false,false,true,,,linkfound,2026-04-14 23:49:32,2026-04-14 23:49:32,,,,,2
Réserver votre voyage - Visit Azores,https://www.visitazores.com/fr/reservez-votre-voyage?country=united-kingdom&page=0,"en, fr",,200,71,0,45870,0,28,34,0,0,https://www.cruiseaway.com.au/cruise/islands-of-the-azores-574907,,En savoir plus,,,,text,false,false,false,false,false,false,true,,,pagefound,2022-05-22 14:09:36,2026-04-14 17:48:00,,,,,4
"Australia For Everyone: Townsville, Qld",https://www.australiaforeveryone.com.au/files/places_townsville.html,en,,403,57,0,22,0,26,42,0,0,http://www.cruiseaway.com.au/cruise-port/palm-island-queensland-australia,"(201km north west), Hinchinbrook Island (155km north west)",Palm Island,and Mission Beach (224km north west) and Dunk Island (off,,,text,false,true,false,false,false,false,true,pageerror,,pagefound,2025-05-05 04:08:34,2026-01-26 13:58:14,2026-05-09 02:18:25,,,,3
"Save on travel adventures at Click Frenzy's big event for 2025 | The Advocate - Hepburn | Hepburn, VIC",https://www.hepburnadvocate.com.au/story/9043916/save-on-travel-adventures-at-click-frenzys-big-event-for-2025/,en,,200,38,0,952,0,24,39,0,0,https://www.cruiseaway.com.au/cruise-deals,,Cruiseaway,- $400 onboard credit and reduced deposits on cruises,,,text,false,true,false,false,false,false,true,,,pagefound,2025-08-28 10:25:47,2026-05-09 11:55:27,,,,,1
Nusa-tenggara startpagina met links op personalpages.nl,http://nusa-tenggara.personalpages.nl/,,,0,50,0,0,0,98,206,0,0,http://www.cruiseaway.com.au/cruise-port/savu-island-east-nusa-tenggara-indonesia,,Cruiseaway,,,,text,false,false,false,false,false,false,true,,disallowed,linkrestored,2017-03-14 05:33:07,2025-10-11 04:40:31,2026-04-21 01:22:32,,,,2
"Today: PORT VILA (Vanuatu) Info (year 2011), Jan 19, 2012",https://www.interalex.net/2012/01/port-vila-vanuatu-info-year-2011-jan-19.html,en,,200,3.5,0,0,0,96,170,0,0,http://www.cruiseaway.com.au/cruise-port/port_vila_vanuatu,,Port Vila Vanuatu - Cruise Away - Cruises | Best Cheap ...,,,,text,false,false,false,false,false,false,true,,,linkrestored,2020-11-04 04:01:08,2026-04-25 17:57:35,,,Article > News,Reference > Geographic reference > Maps; Travel > Tourist destinations,1
Google Buzz and SEO – YEXHUB,https://yexhub.com/google-buzz-and-seo/,en,wordpress,0,28,0,0,19,5290,6045,0,0,https://www.cruiseaway.com.au/,,cruiseaway,,https://cruiseaway.com.au/,301,text,true,false,false,false,false,false,true,,tooold,pagefound,2024-10-14 23:33:11,2025-08-08 21:23:06,2026-04-14 03:40:47,,,,1
Google Ranking Booster: Manual Work: Ahrefs DR + MOZ DA+Pbn Backlinks Visit SeoBoost.agency – rankongoogle.agency,https://rankongoogle.agency/p1lexhe-google-ranking-lift-traffic-with-contextual-seo-backlinks/,en,wordpress,200,13,0,0,0,7978,8868,0,0,https://www.cruiseaway.com.au/,,whitehat traffic cruise-away.com.au manual outreach Google ranking upto 5x | Seoboost.agency World no 1 Seo Agency,,https://cruise-away.com.au/,301,text,true,false,true,false,false,false,true,,,pagefound,2026-01-19 23:49:22,2026-04-26 10:59:39,,,Article > Guide,Internet > Web services > SEO and marketing,1
"Today: COMOROS ISLANDS Info, Jan 04, 2012",https://www.interalex.net/2012/01/comoros-islands-info-jan-04-2012.html,en,,200,3.5,0,0,0,95,200,0,0,http://www.cruiseaway.com.au/cruise-port/dzaoudzi_comoros_islands,,"Dzaoudzi, Comoros Islands - Cruise Away",,,,text,false,false,false,false,false,false,true,,,linkrestored,2020-12-17 05:07:19,2026-05-07 18:42:57,,,Article > News,News > Local news; Entertainment > Music > World music; Reference > Geographic reference,1
Most Visited website list 1928 | Best Busniess Directory,https://bestbusniessdirectory.com/most-visited-website-list-1928/,en,wordpress,200,27,0,0,0,5394,6256,0,0,https://www.cruiseaway.com.au/,,cruiseaway,,https://cruiseaway.com.au/,301,text,true,false,false,false,false,false,true,,,pagefound,2025-10-09 01:23:02,2026-04-28 11:01:42,,,Listing collection > Business,Internet > Web services > Development; Business > Business services; Reference > Listings > Business; Society,2
Quali Sono I Capoluoghi Di Provincia Della Puglia: Guida Completa » LaGazzetta.eu,https://www.lagazzetta.eu/informazioni-geografiche/quali-sono-i-capoluoghi-di-provincia-della-puglia-guida-completa/,it,,200,3.7,0,0,0,8,9,0,0,https://www.cruiseaway.com.au/cruises/new-zealand,"una regione intrisa di un patrimonio culturale ricco e variegato,",dove ogni capoluogo di provincia racconta una storia unica attraverso le sue tradizioni,", festeggiamenti e usanze locali. Questa regione, conosciuta anche come",,,text,false,true,false,false,false,false,true,,,pagefound,2025-09-29 23:29:57,2026-04-25 04:42:16,,,Article > Guide,Travel > Tourist destinations > Buildings,1
Most Visited website list 1976 | Rank Zone Directory,https://rankzonedirectory.com/most-visited-website-list-1976/,en,wordpress,200,18,0,0,0,5403,7177,0,0,https://www.cruiseaway.com.au/,,cruiseaway.com.au,,https://cruiseaway.com.au/,301,text,true,false,false,false,false,false,true,,,pagefound,2025-10-08 12:06:19,2026-05-07 15:17:06,,,Listing collection > Business,Business > Business services > Consulting; Internet > Web services > Analytics,1
How to Use IoT for Smarter E-Commerce Customer Experiences | Multi Ranks,https://multiranks.com/how-to-use-iot-for-smarter-e-commerce-customer-experiences/,en,wordpress,200,21,0,0,42,3371,5076,0,0,https://www.cruiseaway.com.au/,,cruiseaway,,https://cruiseaway.com.au/,301,text,true,true,false,false,false,false,true,,,pagefound,2024-12-14 12:18:26,2026-04-27 23:40:05,,,Article > How-to,Business > Retail trade > Technology; Computers and electronics > Consumer electronics; Shopping > Shopping portals; Internet > Web services > Development,1
"New Zealand is open for travel and luckily, it’s still affordable | The Northern Daily Leader | Tamworth, NSW",https://www.northerndailyleader.com.au/story/7910925/new-zealand-is-open-for-travel-and-luckily-its-still-affordable/,en,,200,61,0,7370,0,26,39,0,0,https://www.cruiseaway.com.au/search-results,,Get the deal here,,"https://www.cruiseaway.com.au/cruise/journey-from-melbourne-with-the-queen-elizabeth-queen-elizabeth-15235953, https://www.cruiseaway.com.au/search-results, https://cruiseaway.com.au/search-results","307, 0, 301",text,false,false,false,false,false,false,true,,,linkfound,2026-04-21 00:22:16,2026-05-06 13:02:42,,,,,2
Most Visited website list 1976 | Best Top Directory,https://besttopdirectory.com/most-visited-website-list-1976/,en,wordpress,200,55,0,0,0,5395,7161,0,0,https://www.cruiseaway.com.au/,,cruiseaway.com.au,,https://cruiseaway.com.au/,301,text,true,false,false,false,false,false,true,,,pagefound,2025-10-02 05:23:47,2026-05-07 01:45:35,,,Listing collection > Business,Internet > Web services > SEO and marketing; Business > Business services > Consulting; Reference > Listings > Business,1
"I Started With Less Than Ten Permanent Backlinks on My Site, But After Two Months of SEOExpress.org's Services, I Have Over Two Hundred High-Quality Links Ranking Me at the Top of Major Google Searches for Key Products. It’s affordable SEO that pays off big time! 🌟🔥 — Ekenko Shop",https://ekenkoshop.shop/i-started-with-less-than-ten-permanent-backlinks-on-my-site-and-now-after-two-months-of-seoexpress-com-services-I-have-over-two-hundred-high-quality-links-ranking-me-on-top-of-major-google,en,,200,29,0,0,36,5186,8740,0,0,https://www.cruiseaway.com.au/,,I used to think SEO meant pricey consultants until I discovered SEOExpress.org while searching online for help with dreamlines.cn. Their budget-friendly packages delivered results fast: organic traffic more than tripled from under 200 visits/month after only two months! The combination of guest blogging and PBN links worked wonders—I recommend them wholeheartedly 🌟,,https://dreamlines.cn/,301,text,true,false,true,false,false,false,true,,,pagefound,2026-05-04 23:47:09,2026-05-04 23:47:09,,,Article > Guide,Internet > Web services > SEO and marketing; Business > Marketing > Marketing,1
CruiseAway: On Sale Now - Hurry! Princess 2027/28 Just Released — Save Big + Extra Onboard Credit! | Milled,https://milled.com/cruiseaway-by-dreamlines-pty-ltd/on-sale-now-hurry-princess-2027-28-just-released-save-big-extra-onboard-credit-U42XkVTsPB91jICP,en,,200,74,0,24993,0,4,32,0,0,https://www.cruiseaway.com.au/cruise/australia-from-sydney-australia-with-the-grand-princess-17860458,,Circle Pacific Liner Tokyo to Sydney,,https://www.cruiseaway.com.au/cruise/australia-from-sydney-australia-with-the-grand-princess-17860458?allInclusive=false&selectedSail=17860455,0,image,false,true,true,false,false,false,true,,,linkfound,2026-04-09 12:16:50,2026-04-09 12:16:50,,,,,3
"New Zealand is open for travel and luckily, it’s still affordable | Bendigo Advertiser | Bendigo, VIC",https://www.bendigoadvertiser.com.au/story/7910925/new-zealand-is-open-for-travel-and-luckily-its-still-affordable/,en,,200,65,0,17066,0,21,30,0,0,https://www.cruiseaway.com.au/search-results,,Get the deal here,,"https://www.cruiseaway.com.au/cruise/journey-from-melbourne-with-the-queen-elizabeth-queen-elizabeth-15235953, https://www.cruiseaway.com.au/search-results, https://cruiseaway.com.au/search-results","307, 0, 301",text,false,false,false,false,false,false,true,,,linkfound,2026-04-22 17:09:27,2026-05-09 01:46:59,,,,,2
CruiseAway: 🐣 Pack Your Bags – Easter Cruises Are Calling | Milled,https://milled.com/cruiseaway-by-dreamlines-pty-ltd/pack-your-bags-easter-cruises-are-calling-osHeWJCu3gY5Uzmd,en,,200,74,0,24993,0,4,23,0,0,https://www.cruiseaway.com.au/cruise/south-pacific-from-brisbane-australia-with-the-quantum-of-the-seas-18177213?allInclusive=false&filterParams%5BcabinKind%5D%5B0%5D=19&selectedSail=18177214,,Tropical Vanuatu Getaway,,,,text,false,true,true,false,false,false,true,,,pagefound,2026-04-17 22:46:02,2026-04-17 22:46:02,,,,,1
"CruiseAway Affiliate Program — EPC, Commission & Data | AvidAffiliate",https://avidaffiliate.com/programs/cruiseaway-com-au/,en,,200,0.1,0,0,0,2,2,0,0,https://www.cruiseaway.com.au/,,cruiseaway.com.au ↗,✈️ Travel & Accommodation,,,text,true,false,false,false,false,false,true,,,linkfound,2026-04-08 23:19:12,2026-04-30 00:13:37,,,,,1
Most Visited website list 1977 | Business Directory,https://businesswebsitesdirectory.com/most-visited-website-list-1977/,en,wordpress,200,19,0,0,0,5402,7145,0,0,https://www.cruiseaway.com.au/,,dreamlines.com.au,,https://dreamlines.com.au/,301,text,true,false,false,false,false,false,true,,,pagefound,2025-10-13 13:31:58,2026-05-09 14:07:35,,,Listing collection > Business,Business > Business services > Consulting; Internet,1
"Today: HO CHI MINH, SAIGON (Vietnam) Info, Jan 14, 2012",https://www.interalex.net/2012/01/ho-chi-minh-saigon-vietnam-info-jan-14.html,en,,200,3.5,0,0,0,97,178,0,0,http://www.cruiseaway.com.au/cruise/rv-tonle-magnificent-mekong-ex-ho-chi-minh-hanoi?sd=08/03/2012,,"RV Tonle, Magnificent Mekong ex Ho Chi Minh to Hanoi - Cruise ...",,,,text,false,false,false,false,false,false,true,,,linkrestored,2020-12-17 13:54:05,2026-04-14 15:34:51,,,Article > News,Travel > Tourist destinations > Other; Entertainment; News,1
"TELEGRAM t.me/seo_anomaly : SEO BACKLINKS, CROSS-LINKS, TRAFFIC BOOST, LINK INDEXING – 孕學林產後護理之家",https://babyoops.com.tw/telegram-t-me-seo-anomaly-seo-backlinks-cross-30/,"ja, zh-tw","ecommerce, wordpress",200,7,0,0,0,1440,2314,0,0,https://www.cruiseaway.com.au/cruiseline/po-cruises,,"SEO BACKLINKS, CROSS-LINKS, TRAFFIC BOOST, LINK INDEXING – TELEGRAM @SEO_ANOMALY",,,,text,true,true,true,false,false,false,true,,,pagefound,2025-03-03 12:03:37,2026-04-27 02:41:24,,,Article > Guide,Internet > Web services > SEO and marketing; Health > Reproductive health > OBGYN,2
Blogroll Link Indexing Issues — Why Some Links Do Not Get Indexed and How to Force Google to Count Every Tech Link You Paid For — LinkRankSEO — We Build Links. Google Builds Your Rankings.,http://linkrankseo.shop/fdc7riv-20-blogroll-links-trusted-sites-legal-result-documented-screenshots/,en,,200,0,0,0,0,8223,9508,0,0,https://www.cruiseaway.com.au/,,Order High-Authority Guest Posting + Dofollow Backlinks for dreamlines.cn — Grow Ahrefs Domain Rating DR • Moz Domain Authority DA • Majestic Trust Flow TF — Google Top Rankings Guaranteed — 100+ Countries • All Niches • All Languages,,https://dreamlines.cn/,301,text,false,false,true,false,false,false,true,,,pagefound,2026-05-01 15:34:46,2026-05-01 15:34:46,,,Article > Guide,Internet > Web services > SEO and marketing,1
Directory website list 94 | Top Saas Directory,https://topsaasdirectory.com/directory-website-list-94/,en,wordpress,404,13,0,0,0,5275,7040,0,0,https://www.cruiseaway.com.au/,,cruiseaway,,https://cruiseaway.com.au/,301,text,true,false,false,false,false,false,true,notfound,,pagefound,2025-09-29 02:56:46,2025-10-29 08:49:33,2026-04-12 05:11:53,,,,2
,http://www.secretsearchenginelabs.com/find/to%20your%20favourites,en,,200,44,0,218,0,6,15,0,0,https://www.cruiseaway.com.au/favourites,,Favourite Cruises - All your saved voyages on CruiseAway,,,,text,false,true,true,false,false,false,true,,,pagefound,2024-05-15 07:53:29,2026-03-24 10:52:41,,Simon Byholm,,,14
Eurekster,https://p.eurekster.com/?id=&apdiv=Submit&search=NCL%20Epic,en,,200,51,0,0,0,100,118,0,0,https://www.cruiseaway.com.au/ship/norwegian-epic,,Norwegian Epic Cruises 2020 - 2021 | Best Deals on ...,,,,text,false,false,false,false,false,false,true,,,pagefound,2022-12-27 06:21:25,2026-02-17 02:07:33,,,,,5
Most Visited website list 94 | Sure Profits Coach,https://sureprofitscoach.com/most-visited-website-list-94/,en,wordpress,200,50,0,0,0,5389,7220,0,0,https://www.cruiseaway.com.au/,,cruiseaway,,https://cruiseaway.com.au/,301,text,true,false,false,false,false,false,true,,,linkrestored,2025-09-29 02:12:20,2026-05-10 15:18:36,,,Listing collection > Business,Business > Business services > Consulting; Internet > Web services; Reference; Society,2
"New Zealand is open for travel and luckily, it’s still affordable | Gloucester Advocate | Gloucester, NSW",https://www.gloucesteradvocate.com.au/story/7910925/new-zealand-is-open-for-travel-and-luckily-its-still-affordable/,en,,200,31,0,368,0,23,29,0,0,https://www.cruiseaway.com.au/cruise/journey-from-melbourne-with-the-queen-elizabeth-queen-elizabeth-15235953,,Get the deal here,,,,text,false,false,false,false,false,false,true,,,linkfound,2026-04-13 03:23:23,2026-04-13 03:23:23,,,,,1
"Today: PHILIPSBURG (Sint Maarten) Info (year 2011), Jan 19, 2012",https://www.interalex.net/2012/01/philipsburg-sint-maarten-info-year-2011.html,en,,200,3.5,0,0,0,94,175,0,0,http://www.cruiseaway.com.au/cruise-port/philipsburg_st_marten,,"Philipsburg, St Marten - Cruise Away - Cruises | Best Cheap ...",,,,text,false,false,false,false,false,false,true,,,linkrestored,2020-11-04 03:57:48,2026-04-25 18:04:03,,,Article > News,Reference > Geographic reference; Entertainment; Society; Travel > Tourist destinations; News,1
"I Started With Less Than Ten Permanent Backlinks on My Site, But After Two Months of SEOExpress.org's Services, I Have Over Two Hundred High-Quality Links Ranking Me at the Top of Major Google Searches for Key Products. It’s affordable SEO that pays off big time! 🌟🔥 — Shop Betreiber Blog",https://shopbetreiber-blog.shop/i-started-with-less-than-ten-permanent-backlinks-on-my-site-and-now-after-two-months-of-seoexpress-com-services-I-have-over-two-hundred-high-quality-links-ranking-me-on-top-of-major-google,en,,200,28,0,0,36,5186,8743,0,0,https://www.cruiseaway.com.au/,,I used to think SEO meant pricey consultants until I discovered SEOExpress.org while searching online for help with dreamlines.cn. Their budget-friendly packages delivered results fast: organic traffic more than tripled from under 200 visits/month after only two months! The combination of guest blogging and PBN links worked wonders—I recommend them wholeheartedly 🌟,,https://dreamlines.cn/,301,text,true,false,true,false,false,false,true,,,linkfound,2026-04-23 18:07:06,2026-05-10 01:01:21,,,Article > Story,Internet > Web services > SEO and marketing,1
"New Zealand is open for travel and luckily, it’s still affordable | The Observer | Coleambally, NSW",https://www.colypointobserver.com.au/story/7910925/new-zealand-is-open-for-travel-and-luckily-its-still-affordable/,en,,200,13,0,5,0,25,32,0,0,https://www.cruiseaway.com.au/cruise/journey-from-melbourne-with-the-queen-elizabeth-queen-elizabeth-15235953,,Get the deal here,,,,text,false,false,false,false,false,false,true,,,pagefound,2026-04-13 00:44:45,2026-05-11 00:36:25,,,,,2
"New Zealand is open for travel and luckily, it’s still affordable | South Coast Register | Nowra, NSW",https://www.southcoastregister.com.au/story/7910925/new-zealand-is-open-for-travel-and-luckily-its-still-affordable/,en,,200,55,0,3727,0,20,29,0,0,https://www.cruiseaway.com.au/cruise/journey-from-melbourne-with-the-queen-elizabeth-queen-elizabeth-15235953,,Get the deal here,,,,text,false,false,false,false,false,false,true,,,linkfound,2026-04-18 19:50:28,2026-04-18 19:50:28,,,,,2
CruiseAway: 🚢 Set Sail with Carnival – Exclusive Offers + Massive Savings Inside! | Milled,https://milled.com/cruiseaway-by-dreamlines-pty-ltd/set-sail-with-carnival-exclusive-offers-massive-savings-inside-IdkjXtBfU8i8Kc7R,en,,200,74,0,24993,0,4,27,0,0,https://www.cruiseaway.com.au/cruise/alaska-inside-passage-glaciers-17795107,,Alaska Inside Passage & Glaciers,,,,image,false,true,true,false,false,false,true,,,pagefound,2026-05-10 03:07:10,2026-05-10 03:07:10,,,,,2
Why More Australians Are Choosing Cruises That Depart From Home | Seniors Discount Club,https://seniorsdiscountclub.com.au/threads/why-more-australians-are-choosing-cruises-that-depart-from-home.89368/,en,,200,29,0,440,0,16,30,0,0,https://www.cruiseaway.com.au/cruises/asia,,"For travellers looking to venture further, longer cruises can take you into Southeast Asia, with stops in destinations such as, but not limited to, Singapore, Thailand, and Vietnam*",". These itineraries blend fascinating cultures, bold flavours, and bustling",,,text,false,true,false,false,false,false,true,,,linkfound,2026-04-03 13:55:13,2026-04-03 13:55:13,,,,,1
CruiseAway: ✨ Suitcase In Hand | Milled,https://milled.com/cruiseaway-by-dreamlines-pty-ltd/suitcase-in-hand-salKHCo5TalSsQgH,en,,200,74,0,24993,0,5,21,0,0,https://www.cruiseaway.com.au/cruise-lines-specials/carnival-welcome-to-the-fun-sale,,Summer Fun-Shine Sale,,,,image,false,true,true,false,false,false,true,,,linkfound,2026-04-14 23:49:32,2026-04-14 23:49:32,,,,,4
"The Au Pair | TELEGRAM t.me/seo_anomaly : SEO BACKLINKS, CROSS-LINKS, TRAFFIC BOOST, LINK INDEXING",https://www.the-aupair.co.za/telegram-t-me-seo-anomaly-seo-backlinks-cross-30/,en,wordpress,200,11,0,0,0,1441,2296,0,0,https://www.cruiseaway.com.au/cruiseline/po-cruises,,"SEO BACKLINKS, CROSS-LINKS, TRAFFIC BOOST, LINK INDEXING – TELEGRAM @SEO_ANOMALY",,,,text,false,false,true,false,false,false,true,,,pagefound,2025-02-12 23:32:56,2026-02-08 22:33:07,,,Article > Guide,Internet > Web services > SEO and marketing,2
"CruiseAway: Boutique Voyages, Extraordinary Worlds | Milled",https://milled.com/cruiseaway-by-dreamlines-pty-ltd/boutique-voyages-extraordinary-worlds-vwtlLVXjuO10nZwI,en,,200,74,0,24993,0,4,29,0,0,https://www.cruiseaway.com.au/cruise/safari-sunsets-winelands-whispers-18274849?selectedSail=17988628,,Safari Sunsets & Winelands Whispers,,,,text,false,true,true,false,false,false,true,,,pagefound,2026-05-09 02:16:35,2026-05-09 02:16:35,,,,,1
Buchen Sie Ihre Reise - Visit Azores,https://www.visitazores.com/de/buchen-sie-ihre-reise?country=united-kingdom&page=0,"en, de",,200,71,0,45870,0,28,34,0,0,https://www.cruiseaway.com.au/cruise/islands-of-the-azores-574907,,Mehr erfahren,,,,text,false,false,false,false,false,false,true,,,pagefound,2022-05-22 14:04:53,2026-04-14 20:34:24,,,,,4
"Save on travel adventures at Click Frenzy's big event for 2025 | Mudgee Guardian | Mudgee, NSW",https://www.mudgeeguardian.com.au/story/9043916/save-on-travel-adventures-at-click-frenzys-big-event-for-2025/,en,,200,46,0,887,0,31,46,0,0,https://www.cruiseaway.com.au/cruise-deals,,Cruiseaway,- $400 onboard credit and reduced deposits on cruises,,,text,false,true,false,false,false,false,true,,,pagefound,2025-08-28 10:23:23,2026-04-28 18:36:55,,,,,1
Directory website list 1976 | Seo Logix Directory,https://seologixdirectory.com/directory-website-list-1976/,,wordpress,404,13,0,0,0,5190,6045,0,0,https://www.cruiseaway.com.au/,,cruiseaway.com.au,,https://cruiseaway.com.au/,301,text,true,false,false,false,false,false,true,notfound,,pagefound,2025-09-18 10:39:26,2025-12-03 03:22:58,2026-04-26 05:33:51,,,,1
"New Zealand is open for travel and luckily, it’s still affordable | Redland City Bulletin | Cleveland, QLD",https://www.redlandcitybulletin.com.au/story/7910925/new-zealand-is-open-for-travel-and-luckily-its-still-affordable/,en,,200,49,0,204,0,18,30,0,0,https://www.cruiseaway.com.au/cruise/journey-from-melbourne-with-the-queen-elizabeth-queen-elizabeth-15235953,,Get the deal here,,,,text,false,false,false,false,false,false,true,,,pagefound,2026-04-13 01:32:05,2026-05-11 01:15:45,,,,,2
"CruiseAway: Ready, Set, Sail! (Whenever You Want) | Milled",https://milled.com/cruiseaway-by-dreamlines-pty-ltd/ready-set-sail-whenever-you-want-AsbZC2RDMIxu478f,en,,200,74,0,24993,0,4,37,0,0,https://www.cruiseaway.com.au/22-49-night-cruises,,Cruise & Tours,,,,image,false,false,true,false,false,false,true,,,pagefound,2026-04-17 16:19:40,2026-04-17 16:19:40,,,,,3
QuarterLinks- Dofollow Article Links just for 25 cents. – SIS GROUP,https://sisgroup.lk/quarterlinks-dofollow-article-links-just-for-25-3240/,en,"ecommerce, wordpress",307,8,0,15,0,516,582,0,0,https://www.cruiseaway.com.au/,"DOFOLLOW ARTICLE LINKS ONLY FOR $0,25",OUR TELEGRAM CHANEL https://t.me/s/quarterlinks25,"WE DON’T TAKE PREPAYMENTS, LINKS ARE 100% SAFE",,,text,true,true,true,false,false,false,true,pageredirected,,pagefound,2025-10-03 04:04:56,2026-03-29 02:24:23,2026-04-28 19:45:49,,,,1
CruiseAway: ✨ Suitcase In Hand | Milled,https://milled.com/cruiseaway-by-dreamlines-pty-ltd/suitcase-in-hand-salKHCo5TalSsQgH,en,,200,74,0,24993,0,5,21,0,0,https://www.cruiseaway.com.au/cruise/south-east-asia-from-singapore-singapore-with-the-sapphire-princess-18603726,,"South East Asia from Singapore, Singapore with the Sapphire Princess",,,,text,false,true,true,false,false,false,true,,,linkfound,2026-04-14 23:49:32,2026-04-14 23:49:32,,,,,1
Directory website list 94 | Verified Directory,https://verifieddirectory.com/directory-website-list-94/,en,wordpress,404,14,0,0,0,4999,5928,0,0,https://www.cruiseaway.com.au/,,cruiseaway,,https://cruiseaway.com.au/,301,text,true,false,false,false,false,false,true,notfound,,pagefound,2025-08-26 13:30:19,2025-12-02 07:29:39,2026-04-13 00:15:55,,,,2
,http://www.secretsearchenginelabs.com/find/contact%20agent,en,,200,44,0,218,0,10,14,0,0,https://www.cruiseaway.com.au/contact,,Cruise Advisors | Our Cruise Experts For You | CruiseAway,,,,text,false,true,true,false,false,false,true,,,pagefound,2024-05-11 13:37:04,2026-02-16 14:27:47,,Simon Byholm,,,18
CruiseAway: Cruise Close. Explore More. | Milled,https://milled.com/cruiseaway-by-dreamlines-pty-ltd/cruise-close-explore-more-jV4nCCE0_Z5y7fgX,en,,200,74,0,24993,0,4,24,0,0,https://www.cruiseaway.com.au/cruise/new-zealand-from-sydney-australia-with-the-grand-princess-18603825?allInclusive=false&filterParams%5BcabinKind%5D%5B0%5D=19&selectedSail=18603826,,New Zealand Grand Voyage,,,,text,false,true,true,false,false,false,true,,,linkfound,2026-04-17 17:48:57,2026-04-17 17:48:57,,,,,1
"Today: PAGO PAGO (American Samoa) Info (year 2011), Jan 19, 2012",https://www.interalex.net/2012/01/pago-pago-american-samoa-info-year-2011.html,en,,200,3.5,0,0,0,96,163,0,0,http://www.cruiseaway.com.au/cruise-port/pago_pago_american_samoa?offset=6,,Pago Pago American Samoa - Cruise Away,,,,text,false,true,false,false,false,false,true,,,linkrestored,2020-11-04 03:55:20,2026-04-25 11:57:09,,,Article > News,Reference > Geographic reference > Maps; News > Local news; Travel > Tourist destinations; Society,2
"I Started With Less Than Ten Permanent Backlinks on My Site, But After Two Months of SEOExpress.org's Services, I Have Over Two Hundred High-Quality Links Ranking Me at the Top of Major Google Searches for Key Products. It’s affordable SEO that pays off big time! 🌟🔥 — Ranking SEO High",https://rankingseohigh.shop/i-started-with-less-than-ten-permanent-backlinks-on-my-site-and-now-after-two-months-of-seoexpress-com-services-I-have-over-two-hundred-high-quality-links-ranking-me-on-top-of-major-google,en,,200,29,0,0,36,5192,8765,0,0,https://www.cruiseaway.com.au/,,I used to think SEO meant pricey consultants until I discovered SEOExpress.org while searching online for help with dreamlines.cn. Their budget-friendly packages delivered results fast: organic traffic more than tripled from under 200 visits/month after only two months! The combination of guest blogging and PBN links worked wonders—I recommend them wholeheartedly 🌟,,https://dreamlines.cn/,301,text,true,false,true,false,false,false,true,,,pagefound,2026-04-24 13:11:14,2026-05-11 09:04:38,,,Article > Story,Internet > Web services > SEO and marketing; Business,1
My Viking Ocean Cruise Login - Loginally,https://sandik.atw.ac.id/12-my-viking-ocean-cruise-login/,en,,200,1.1,0,0,0,9,12,0,0,https://www.cruiseaway.com.au/contact,,CruiseAway Contact Us - Call Our Cruise Guru On 1300 887 590,,,,text,true,false,true,false,false,false,true,,,pagefound,2026-02-19 04:44:48,2026-04-19 14:40:53,,,,,1
CruiseAway: Local Cruise Deals | Milled,https://milled.com/cruiseaway-by-dreamlines-pty-ltd/local-cruise-deals-uSHJok9clA9ZSKAd,en,,200,74,0,24993,0,4,30,0,0,https://www.cruiseaway.com.au/cruise/expedition-with-celebrity-cruises-from-sydney-to-singapore-17348585,,Expedition with Celebrity Cruises from Sydney to Singapore,,,,text,false,true,true,false,false,false,true,,,linkfound,2026-03-30 17:34:52,2026-03-30 17:34:52,,,,,2
How Data Science and AI Are the Transforming Marketing Research | Top Link Sites,https://toplinksites.com/how-data-science-and-ai-are-the-transforming-marketing-research/,en,wordpress,200,20,0,0,28,3496,4750,0,0,https://www.cruiseaway.com.au/,,cruiseaway,,https://cruiseaway.com.au/,301,text,true,true,false,false,false,true,true,,,pagefound,2024-12-13 10:42:02,2026-04-02 13:24:09,,,,,1
Most Visited website list 1977 - Website Link Directory,https://websiteslinkdirectory.com/most-visited-website-list-1977/,en,wordpress,200,18,0,0,0,5403,7156,0,0,https://www.cruiseaway.com.au/,,dreamlines.com.au,,https://dreamlines.com.au/,301,text,true,false,false,false,false,false,true,,,pagefound,2025-10-03 12:50:26,2026-05-09 12:08:43,,,Listing collection > Business,Internet > Web services > Analytics; Business > Business services; Reference,1
CruiseAway: ✨ Discover Princess Grand Voyages ✨ Mediterranean Magic to Northern Lights🌊 | Milled,https://milled.com/cruiseaway-by-dreamlines-pty-ltd/discover-princess-grand-voyages-mediterranean-magic-to-northern-lights-Fs8t7Zkem8-rPu5_,en,,200,74,0,24993,0,3,3,0,0,https://www.cruiseaway.com.au/,,Enchanted Odyssey - The Grand Mediterranean Circle,,,,image,false,true,true,false,false,false,true,,,pagefound,2026-04-09 12:17:01,2026-04-09 12:17:01,,,,,1
Most Visited website list 1977 | Website World Directory,https://websiteworlddirectory.com/most-visited-website-list-1977/,en,wordpress,200,55,0,0,0,5398,7136,0,0,https://www.cruiseaway.com.au/,,dreamlines.com.au,,https://dreamlines.com.au/,301,text,true,false,false,false,false,false,true,,,pagefound,2025-12-11 04:29:46,2026-04-29 18:30:29,,,Listing collection > Business,Internet > Web services > Development; Business > Business services,1
CruiseAway: 🚢 Set Sail with Carnival – Exclusive Offers + Massive Savings Inside! | Milled,https://milled.com/cruiseaway-by-dreamlines-pty-ltd/set-sail-with-carnival-exclusive-offers-massive-savings-inside-IdkjXtBfU8i8Kc7R,en,,200,74,0,24993,0,4,27,0,0,https://www.cruiseaway.com.au/search-results,,"Australia from Sydney, Australia with the Anthem of the Seas",,"https://www.cruiseaway.com.au/cruise/australia-from-sydney-australia-with-the-anthem-of-the-seas-17856726, https://www.cruiseaway.com.au/search-results, https://cruiseaway.com.au/search-results","307, 0, 301",text,false,true,true,false,false,false,true,,,pagefound,2026-05-10 03:07:10,2026-05-10 03:07:10,,,,,7
Dreamlines GmbH - Company Profile & Jobs | Clera,https://www.getclera.com/companies/dreamlines-gmbh,en,,200,26,0,729,0,9,11,0,0,https://www.cruiseaway.com.au/,,https://www.cruiseaway.com.au/,,,,text,false,false,false,false,false,false,true,,,linkfound,2026-05-01 02:32:17,2026-05-01 02:32:17,,,,,2
"New Zealand is open for travel and luckily, it’s still affordable | The Area News | Griffith, NSW",https://www.areanews.com.au/story/7910925/new-zealand-is-open-for-travel-and-luckily-its-still-affordable/,en,,200,45,0,2109,0,25,33,0,0,https://www.cruiseaway.com.au/search-results,,Get the deal here,,"https://www.cruiseaway.com.au/cruise/journey-from-melbourne-with-the-queen-elizabeth-queen-elizabeth-15235953, https://www.cruiseaway.com.au/search-results, https://cruiseaway.com.au/search-results","307, 0, 301",text,false,false,false,false,false,false,true,,,linkfound,2026-04-23 00:47:37,2026-05-06 11:58:47,,,,,2
CruiseAway: 📣*REDUCED PRICES * EXCLUSIVES * LAST MINUTE DEALS * & MORE | Milled,https://milled.com/cruiseaway-by-dreamlines-pty-ltd/reduced-prices-exclusives-last-minute-deals-and-more-JWHm4I5_cl610VsN,en,,200,74,0,24993,0,6,24,0,0,https://www.cruiseaway.com.au/disney-cruise-lines-australian-2024-2025-season,,DISNEY 2024/25 ON SALE NOW,,,,image,false,true,true,false,false,false,true,,,linkfound,2026-03-30 19:15:45,2026-03-30 19:15:45,,,,,2
"Cruiseaway.com.au - анализ сайта, seo характеристики сайта - круисеаваы точка ком точка ау",https://prlog.ru/analysis/cruiseaway.com.au,,,200,51,0,91,0,44,251,0,0,http://www.cruiseaway.com.au/ships/princess-cruises/dawn-princess/,,cruiseaway.com.au/ships/prince...,,,,text,false,false,true,false,false,false,true,,,pagefound,2019-07-22 20:05:01,2026-05-07 18:56:13,,,,,2
5 Yoga Teachers in Port Louis - Available Right Now,https://intently.co/suppliers/Mauritius/Port+Louis/Yoga+Class,en,,200,57,0,8,0,2,4,0,0,https://www.cruiseaway.com.au/cruise/india-and-indian-ocean-from-port-louis-mauritius-with-the-azamara-journey-18008704,,"16 nights India and Indian Ocean cruise from Port Louis, Mauritius | CruiseAway",,,,text,true,false,false,false,false,false,true,,,linkrestored,2025-08-22 06:57:03,2026-04-02 10:20:23,,,,,4
Australian Marketing Trends to the Watch in 2024 AdNews – A2Z SEO ARTICLES,https://a2zseoarticles.com/australian-marketing-trends-to-the-watch-in-2024-adnews/,en,wordpress,200,30,0,0,96,2330,3907,0,0,https://www.cruiseaway.com.au/,,cruiseaway,,https://cruiseaway.com.au/,301,text,true,true,false,false,false,false,true,,,pagefound,2025-09-19 17:50:02,2026-05-11 12:00:13,,,Article > Insights,Business > Marketing > Marketing,2
CruiseAway: 📣*REDUCED PRICES * EXCLUSIVES * LAST MINUTE DEALS * & MORE | Milled,https://milled.com/cruiseaway-by-dreamlines-pty-ltd/reduced-prices-exclusives-last-minute-deals-and-more-JWHm4I5_cl610VsN,en,,200,74,0,24993,0,6,24,0,0,https://www.cruiseaway.com.au/cruise/voyage-with-celebrity-cruises-from-sydney-celebrity-edge-16429964,,Great Barrier Reef with Edge Great Barrier Reef with Edge,,,,image,false,true,true,false,false,false,true,,,linkfound,2026-03-30 19:15:45,2026-03-30 19:15:45,,,,,1
"Dreamlines Cruises, North Sydney 2060, Travel Agents",https://www.misterwhat-au.com/dreamlines-cruises-UHslRGzmptw,,,200,35,0,0,0,3,4,0,0,https://www.cruiseaway.com.au/,,www.dreamlines.com.au,,http://www.dreamlines.com.au/,301,text,false,false,true,false,false,false,true,,,pagefound,2024-01-27 09:26:21,2025-12-15 18:48:59,,,,,1
"I Started With Less Than Ten Permanent Backlinks on My Site, But After Two Months of SEOExpress.org's Services, I Have Over Two Hundred High-Quality Links Ranking Me at the Top of Major Google Searches for Key Products. It’s affordable SEO that pays off big time! 🌟🔥 — Rent A Shop",https://rent-a-shop.shop/i-started-with-less-than-ten-permanent-backlinks-on-my-site-and-now-after-two-months-of-seoexpress-com-services-I-have-over-two-hundred-high-quality-links-ranking-me-on-top-of-major-google,en,,200,28,0,0,36,5186,8751,0,0,https://www.cruiseaway.com.au/,,I used to think SEO meant pricey consultants until I discovered SEOExpress.org while searching online for help with dreamlines.cn. Their budget-friendly packages delivered results fast: organic traffic more than tripled from under 200 visits/month after only two months! The combination of guest blogging and PBN links worked wonders—I recommend them wholeheartedly 🌟,,https://dreamlines.cn/,301,text,true,false,true,false,false,false,true,,,linkfound,2026-05-05 04:38:31,2026-05-05 04:38:31,,,Article > Story,Internet > Web services > SEO and marketing; Business > Marketing > Marketing,1
CruiseAway: ✨ Bucket-List Voyages & Close-to-Home Escapes — Book Now | Milled,https://milled.com/cruiseaway-by-dreamlines-pty-ltd/bucket-list-voyages-and-close-to-home-escapes-book-now-JgInZpgnsL_yFpX3,en,,200,74,0,24993,0,4,28,0,0,https://www.cruiseaway.com.au/cruise/australia-from-sydney-australia-with-the-noordam-18360960?allInclusive=false&selectedSail=18360961,,Legendary Circumnavigation,,,,image,false,true,true,false,false,false,true,,,linkfound,2026-05-08 02:14:14,2026-05-08 02:14:14,,,,,2
"Cruiseaway.com.au - анализ сайта, seo характеристики сайта - круисеаваы точка ком точка ау",https://prlog.ru/analysis/cruiseaway.com.au,,,200,51,0,91,0,44,251,0,0,https://www.cruiseaway.com.au/themecruises,,cruiseaway.com.au/themecruises...,,"http://www.cruiseaway.com.au/themecruises/, https://www.cruiseaway.com.au/themecruises/","301, 0",text,false,false,true,false,false,false,true,,,linkrestored,2019-07-22 20:05:01,2026-05-07 18:56:13,,,,,3
Most Visited website list 1928 | Business Directory,https://businesswebsitesdirectory.com/most-visited-website-list-1928/,en,wordpress,200,19,0,0,0,5401,6267,0,0,https://www.cruiseaway.com.au/,,cruiseaway,,https://cruiseaway.com.au/,301,text,true,false,false,false,false,false,true,,,pagefound,2025-10-11 10:25:57,2026-05-08 10:39:21,,,Listing collection > Business,Business > Business services > Consulting,2
Today,https://www.interalex.net/search?updated-max=2012-01-26T12:09:00-08:00&max-results=100&reverse-paginate=true,en,,200,3.5,0,0,0,96,171,0,0,http://www.cruiseaway.com.au/cruise-port/cotonou_benin,,"Cotonou, Benin - Cruise Away",,,,text,false,true,false,false,false,false,true,,,linkrestored,2024-07-06 10:20:25,2026-03-03 14:27:06,,,,,2
Cruise Away by Dreamlines – World Football,https://www.worldfootball.social/cruise-away-by-dreamlines/,en,wordpress,200,0.8,0,0,0,31,62,0,0,https://www.cruiseaway.com.au/,,https://www.cruiseaway.com.au,,,,text,false,false,false,false,false,false,true,,,pagefound,2024-02-21 08:14:20,2026-04-29 16:46:13,,,,,3
"Today: CONAKRY (Guinea) Info, Jan 13, 2012",https://www.interalex.net/2012/01/conakry-guinea-info-jan-13-2012.html,en,,200,3.5,0,0,0,95,169,0,0,http://www.cruiseaway.com.au/cruise-port/conakry-guinea,,"Conakry, Guinea - Cruise Away",,,,text,false,false,false,false,false,false,true,,,linkrestored,2020-12-17 08:09:57,2026-04-21 09:22:08,,,Article > News,Reference > Geographic reference; News > Local news; Entertainment; Travel,1
Eurekster,https://p.eurekster.com/?id=&apdiv=Submit&search=Cruises%20Singles,en,,200,51,0,0,0,104,134,0,0,https://www.cruiseaway.com.au/singles-cruises,,Singles Cruises 2020 - 2021 | Fantastic Deals on CruiseAway,,,,text,false,false,false,false,false,false,true,,,pagefound,2022-12-24 06:06:31,2026-03-10 07:22:50,,,,,11
Plan your dream cruise vacation,https://44rev.com/categories/travel-leisure/cruises,en,,200,25,0,0,0,31,51,0,0,https://www.cruiseaway.com.au/,,,,https://cruiseaway.com.au/,301,text,true,false,false,false,false,false,true,removedfromhtml,,linkfound,2026-02-01 13:59:33,2026-02-01 13:59:33,2026-04-11 11:09:05,,,,1
Most Visited website list 1928 | Guest Post Directory,https://webguestpostsdirectory.com/most-visited-website-list-1928/,en,wordpress,200,56,0,0,0,5397,6261,0,0,https://www.cruiseaway.com.au/,,cruiseaway,,https://cruiseaway.com.au/,301,text,true,false,false,false,false,false,true,,,pagefound,2025-08-23 06:02:25,2026-04-29 02:51:11,,,Listing collection > Business,Internet > Web services > Development; Business > Business services; Reference > Listings > Business; Society; News,2
👲 Domain Report 👲,https://atomizelink.icu/report/97970,en,,200,40,0,0,0,3676,4103,0,0,https://www.cruiseaway.com.au/,check this site out,cruiseaway.com.au,&nbsp,https://cruiseaway.com.au/,301,text,true,true,true,false,false,false,true,,,linkfound,2026-04-15 05:15:15,2026-04-15 05:15:15,,,Site page > Services,Internet > Web services > Development; Business,1
CruiseAway: Bundle & Save: Get Up to $500 Onboard Credit for 2026 Cruises! | Milled,https://milled.com/cruiseaway-by-dreamlines-pty-ltd/bundle-and-save-get-up-to-500-onboard-credit-for-2026-cruises-h2ITMNEbIVmVX016,en,,200,74,0,24993,0,4,27,0,0,https://www.cruiseaway.com.au/cruise/south-pacific-from-sydney-australia-with-the-royal-princess-18588209,,"South Pacific from Sydney, Australia with the Royal Princess",,,,text,false,true,true,false,false,false,true,,,pagefound,2026-04-09 12:17:03,2026-04-09 12:17:03,,,,,2
CruiseAway: 📣*REDUCED PRICES * EXCLUSIVES * LAST MINUTE DEALS * & MORE | Milled,https://milled.com/cruiseaway-by-dreamlines-pty-ltd/reduced-prices-exclusives-last-minute-deals-and-more-JWHm4I5_cl610VsN,en,,200,74,0,24993,0,6,24,0,0,https://www.cruiseaway.com.au/cruise-lines-specials,,Cruise line specials,,,,image,false,true,true,false,false,false,true,,,linkfound,2026-03-30 19:15:45,2026-03-30 19:15:45,,,,,3
"CruiseAway: ✨Uncover the Wonders of Asia with Princess, Bullet Trains, Mt Fuji & much more🌊 | Milled",https://milled.com/cruiseaway-by-dreamlines-pty-ltd/uncover-the-wonders-of-asia-with-princess-bullet-trains-mt-fuji-and-much-more-GoyuJttRKnmcbF7T,en,"cms, message-boards, wikis",200,74,0,24993,0,5,32,0,0,https://www.cruiseaway.com.au/cruise/japan-halong-bay-18181669,,Crown to Crown Sydney to London Inclusive,,https://www.cruiseaway.com.au/cruise/japan-halong-bay-18181669?selectedSail=18181680,0,image,false,true,true,false,false,false,true,,,pagefound,2026-04-17 03:34:14,2026-04-17 03:34:14,,,,,6
SEO Tips for Small Businesses – Apply These and Your Online Business Will Soar! – GIGBIC,https://gigbic.com/seo-tips-for-small-businesses-apply-these-and-your-online-business-will-soar/,en,wordpress,200,30,0,0,1,5381,7224,0,0,https://www.cruiseaway.com.au/,,cruiseaway,,https://cruiseaway.com.au/,301,text,true,false,false,false,false,false,true,,,pagefound,2024-10-18 21:45:23,2026-04-29 16:54:41,,,Article > How-to,Internet > Web services > SEO and marketing; Business > Small business > Business formation,1
How Fiverr Niche Edits Helped Me Rank Top 5 for Several Keywords 📊 ★★★★★,https://fiverr-cost-effective-seo.site/how-fiverr-niche-edits-helped-me-rank-top-5-for-several-keywords/,en,wordpress,200,72,0,0,0,5242,5739,0,0,https://www.cruiseaway.com.au/,,Fiverr helped dreamlines.cn reach position #2 on the first page for targeted terms 🎯,,https://dreamlines.cn/,301,text,true,true,true,false,false,false,true,,,pagefound,2026-04-17 16:36:38,2026-05-07 23:45:18,,,Article > Guide,Internet > Web services > SEO and marketing; Business > Marketing > Marketing,1
"Ranking Fast on Google and All Search Engines in 3 Weeks — Monthly SEO, High DA/DR/TF, PBN Support, Guest Posts — All Niches Allowed (Gambling Included) 24/7 Support — Visit SkylinkSEO.com – Manual Premium Links, Fast Results",https://backlinker.shop/ijeppar-contact-to-us-and-get-offer-details-for-seo-ranking-fast/,en,wordpress,200,58,0,0,0,8218,9514,0,0,https://www.cruiseaway.com.au/,,Google climb for dreamlines.cn: curated backlinks + GP; DR/DA/TF stronger — any niche/language. | Visit Skylinkseo.com for any Query,,https://dreamlines.cn/,301,text,true,false,true,false,false,false,true,,,pagefound,2025-10-05 19:21:16,2026-04-14 23:00:58,,,Site page > Services,Internet > Search engines,1
+61 1300 887 590 - Cruiseaway Pty Ltd Customer service,https://www.au-customerservices.com/cruiseaway-pty-ltd-customer-service,en,,200,2.5,0,0,0,1,2,0,0,https://www.cruiseaway.com.au/,,Website,,http://www.cruiseaway.com.au/,301,text,true,true,false,false,false,false,true,,,pagefound,2024-09-10 09:46:46,2026-05-07 10:19:56,,,,,4
"Save on travel adventures at Click Frenzy's big event for 2025 | Great Lakes Advocate | Forster, NSW",https://www.greatlakesadvocate.com.au/story/9043916/save-on-travel-adventures-at-click-frenzys-big-event-for-2025/,en,,200,42,0,965,0,29,44,0,0,https://www.cruiseaway.com.au/cruise-deals,,Cruiseaway,- $400 onboard credit and reduced deposits on cruises,,,text,false,true,false,false,false,false,true,,,pagefound,2025-08-28 03:26:11,2026-04-21 11:26:36,,,,,1
"CruiseAway: Boutique Voyages, Extraordinary Worlds | Milled",https://milled.com/cruiseaway-by-dreamlines-pty-ltd/boutique-voyages-extraordinary-worlds-vwtlLVXjuO10nZwI,en,,200,74,0,24993,0,4,29,0,0,https://www.cruiseaway.com.au/cruise/big-ben-to-sydney-harbour-17821713,,"Ancient Wonders, Sunlit Seas & Timeless Civilisations",,https://www.cruiseaway.com.au/cruise/big-ben-to-sydney-harbour-17821713?selectedSail=17818633,0,image,false,true,true,false,false,false,true,,,pagefound,2026-05-09 02:16:35,2026-05-09 02:16:35,,,,,2
Directory website list 1976 | SEO Elite Directory,https://seoelitedirectory.com/directory-website-list-1976/,en,wordpress,404,14,0,0,0,5190,6045,0,0,https://www.cruiseaway.com.au/,,cruiseaway.com.au,,https://cruiseaway.com.au/,301,text,true,false,false,false,false,false,true,notfound,,pagefound,2025-09-30 12:49:01,2025-12-03 18:39:54,2026-04-19 15:55:46,,,,1
"CruiseAway: ✨Uncover the Wonders of Asia with Princess, Bullet Trains, Mt Fuji & much more🌊 | Milled",https://milled.com/cruiseaway-by-dreamlines-pty-ltd/uncover-the-wonders-of-asia-with-princess-bullet-trains-mt-fuji-and-much-more-GoyuJttRKnmcbF7T,en,"cms, message-boards, wikis",200,74,0,24993,0,5,32,0,0,https://www.cruiseaway.com.au/search-results?filterParams%5Bcompany%5D%5B0%5D=131163,,Princess packages,,,,image,false,true,true,false,false,false,true,,,pagefound,2026-04-17 03:34:14,2026-04-17 03:34:14,,,,,1
QuarterLinks- Dofollow Article Links just for 25 cents.,https://gaister.com/quarterlinks-dofollow-article-links-just-for-25-3240/,en,wordpress,200,9,0,1,0,515,579,0,0,https://www.cruiseaway.com.au/,"DOFOLLOW ARTICLE LINKS ONLY FOR $0,25",OUR TELEGRAM CHANEL https://t.me/s/quarterlinks25,"WE DON’T TAKE PREPAYMENTS, LINKS ARE 100% SAFE",,,text,false,true,true,false,false,false,true,,,pagefound,2025-09-27 19:27:36,2026-04-28 18:24:46,,,Site page > Services,Internet > Web services > SEO and marketing; Business > Marketing > Marketing,1
"Today: KINBIDHOO Island (Thaa Atoll, Maldives) Info, Jun 17, 2014",https://www.interalex.net/2014/06/kinbidhoo-island-thaa-atoll-maldives.html,en,,200,3.5,0,0,0,44,142,0,0,http://www.cruiseaway.com.au/cruise-port/thaa-atoll-maldives,,Thaa Atoll (Maldives) - Cruise Away - Cruises | Best Cheap ...,www.cruiseaway.com.au/cruise-port/thaa-atoll-maldives Cached,,,text,false,true,false,false,false,false,true,,,linkrestored,2020-12-18 03:46:14,2026-04-22 02:32:20,,,Article > News,Travel > Tourist destinations > Islands; Reference > Geographic reference > Maps; Entertainment,2
"CruiseAway: Sail Smarter, Relax Better 🛳️✨ — Exclusive Cruise Collection | Milled",https://milled.com/cruiseaway-by-dreamlines-pty-ltd/sail-smarter-relax-better-exclusive-cruise-collection-vgfVB6mlvVQ4m06T,en,,200,74,0,24993,0,4,23,0,0,https://www.cruiseaway.com.au/cruise/new-zealand-from-sydney-australia-with-the-westerdam-18603078?allInclusive=false&filterParams%5BcabinKind%5D%5B0%5D=19&selectedSail=18603079,,Whispers of the South,,,,text,false,true,true,false,false,false,true,,,pagefound,2026-04-15 04:19:41,2026-04-15 04:19:41,,,,,1
"I Started With Less Than Ten Permanent Backlinks on My Site, But After Two Months of SEOExpress.org's Services, I Have Over Two Hundred High-Quality Links Ranking Me at the Top of Major Google Searches for Key Products. It’s affordable SEO that pays off big time! 🌟🔥 — High SEO Ranking",https://highseoranking.shop/i-started-with-less-than-ten-permanent-backlinks-on-my-site-and-now-after-two-months-of-seoexpress-com-services-I-have-over-two-hundred-high-quality-links-ranking-me-on-top-of-major-google,en,,200,29,0,0,35,5194,8807,0,0,https://www.cruiseaway.com.au/,,I used to think SEO meant pricey consultants until I discovered SEOExpress.org while searching online for help with dreamlines.cn. Their budget-friendly packages delivered results fast: organic traffic more than tripled from under 200 visits/month after only two months! The combination of guest blogging and PBN links worked wonders—I recommend them wholeheartedly 🌟,,https://dreamlines.cn/,301,text,true,false,true,false,false,false,true,,,pagefound,2026-04-29 05:35:04,2026-04-29 05:35:04,,,Article > Story,Internet > Web services > SEO and marketing; Business > Marketing > Marketing,1
"Today: WILLIS ISLAND (Australia) Info, Jan 23, 2011",https://www.interalex.net/2011/01/willis-island-australia-info.html,en,,200,3.5,0,0,0,100,381,0,0,http://www.cruiseaway.com.au/cruise-port/willis-island-coral-sea,,"Willis Island, Coral Sea - Cruise Away",,,,text,false,true,false,false,false,false,true,,,linkrestored,2020-09-15 12:32:28,2026-05-01 00:54:11,,,Article > News,Travel > Tourist destinations > Islands; Entertainment; Reference > Geographic reference,1
"New Zealand is open for travel and luckily, it’s still affordable | The Macleay Argus | Kempsey, NSW",https://www.macleayargus.com.au/story/7910925/new-zealand-is-open-for-travel-and-luckily-its-still-affordable/,en,,200,52,0,633,0,23,30,0,0,https://www.cruiseaway.com.au/search-results,,Get the deal here,,"https://www.cruiseaway.com.au/cruise/journey-from-melbourne-with-the-queen-elizabeth-queen-elizabeth-15235953, https://www.cruiseaway.com.au/search-results, https://cruiseaway.com.au/search-results","307, 0, 301",text,false,false,false,false,false,false,true,,,linkfound,2026-04-15 11:48:14,2026-04-27 21:48:16,,,,,2
Most Visited website list 94 | World Site Directory,https://worldsitedirectory.com/most-visited-website-list-94/,en,wordpress,200,18,0,0,0,5389,7227,0,0,https://www.cruiseaway.com.au/,,cruiseaway,,https://cruiseaway.com.au/,301,text,true,false,false,false,false,false,true,,,pagefound,2025-12-13 06:59:04,2026-05-08 16:03:23,,,Listing collection > Location,Internet > Web services > Development; Reference > Listings > Business; Business > Business services; Society; Travel,2
CruiseAway: SAVE and SAIL | Milled,https://milled.com/cruiseaway-by-dreamlines-pty-ltd/save-and-sail-Y1kQpGDpm35gOX81,en,,200,74,0,24993,0,4,24,0,0,https://www.cruiseaway.com.au/cruise/australia-from-brisbane-australia-with-the-quantum-of-the-seas-18177245?allInclusive=false&filterParams%5BcabinKind%5D%5B0%5D=19&selectedSail=18177246,,South Pacific,,,,image,false,true,true,false,false,false,true,,,linkfound,2026-04-14 23:49:40,2026-04-14 23:49:40,,,,,1
How to Use IoT for Smarter E-Commerce Customer Experiences | World Wide Ranks,https://worldwideranks.com/how-to-use-iot-for-smarter-e-commerce-customer-experiences/,en,wordpress,200,16,0,0,43,3373,5073,0,0,https://www.cruiseaway.com.au/,,cruiseaway,,https://cruiseaway.com.au/,301,text,true,true,false,false,false,true,true,,,pagefound,2024-12-14 13:20:29,2026-04-21 09:42:24,,,Article > How-to,Business > Retail trade > Technology; Computers and electronics > Consumer electronics; Shopping > Shopping portals; Internet > Web services > Development,1
CruiseAway: Magnificent Cruise/Tour Packages | Milled,https://milled.com/cruiseaway-by-dreamlines-pty-ltd/magnificent-cruise-tour-packages-T79AaZXPnvXxTvKW,en,,200,74,0,24993,0,3,4,0,0,https://www.cruiseaway.com.au/,,3 day cruise with the Queen Elizabeth to Melbourne,,,,text,false,true,true,false,false,false,true,,,linkfound,2026-03-30 19:15:45,2026-03-30 19:15:45,,,,,1
Most Visited website list 1976 | Top Domain Directory,https://topdomaindirectory.com/most-visited-website-list-1976/,en,wordpress,200,55,0,0,0,5392,7154,0,0,https://www.cruiseaway.com.au/,,cruiseaway.com.au,,https://cruiseaway.com.au/,301,text,true,false,false,false,false,false,true,,,pagefound,2026-01-27 02:32:26,2026-04-27 22:43:30,,,Listing collection > Business,Internet > Web services > SEO and marketing; Business > Business services,1
,https://partnerkin.com/de/c/p/cruiseaway/referal?source=site,,,0,69,0,39985,0,1,1,0,0,http://www.cruiseaway.com.au/affiliate-program,,,,,,redirect,false,false,false,false,false,false,true,,disallowed,pagefound,2025-10-30 15:29:36,2025-10-30 15:29:36,2026-05-03 22:07:15,,,,1
,http://www.secretsearchenginelabs.com/find/queen%20mary%202,en,,200,44,0,218,0,10,15,0,0,https://www.cruiseaway.com.au/,,CruiseAway - Book Best Price Guarantee Cruises 2026 - 2027,,,,text,false,true,false,false,false,false,true,,,linkfound,2025-08-21 07:27:43,2026-04-06 04:48:18,,Simon Byholm,,,28
Most Visited website list 1928 | Top Viral Directory,https://topviraldirectory.com/most-visited-website-list-1928/,en,wordpress,200,55,0,0,0,5394,6252,0,0,https://www.cruiseaway.com.au/,,cruiseaway,,https://cruiseaway.com.au/,301,text,true,false,false,false,false,false,true,,,pagefound,2025-10-03 17:44:19,2026-04-28 11:44:44,,,Listing collection > Business,Business > Business services > Consulting; Internet > Web services > SEO and marketing,2
"Today: KO PANYI, Ko Panyee (Thailand) News, Dec 23, 2010",https://www.interalex.net/2010/12/ko-panyi-thailand-news.html,en,,200,3.5,0,0,0,58,148,0,0,http://www.cruiseaway.com.au/cruise-port/koh-ping-kan-thailand,,"Koh Ping Kan, Thailand - Cruise Away",,,,text,false,true,false,false,false,false,true,,,linkrestored,2020-12-18 06:16:10,2026-04-26 00:20:39,,,Article > News,Travel > Tourist destinations > Islands; News > Local news,1
Where to buy 🚀 aged domains and backlinks 🔥 | 3271-4258,https://www.getwebsiteworth.com/32a7d14f2580ffb5e057129292e30d11-l/,en,wordpress,200,18,0,0,0,9165,9757,0,0,https://www.cruiseaway.com.au/,dreamlinerussia.ru dreamlinery.pl,dreamlines.cn,dreamlines.co dreamlines.com.br,https://dreamlines.cn/,301,text,true,false,false,false,false,false,true,,,pagefound,2025-12-15 00:32:08,2026-04-12 19:43:33,,,Listing > Product,Internet > Web services > SEO and marketing,2
"CruiseAway: Sunshine, Sea & Christmas Magic Await in 2026 | Milled",https://milled.com/cruiseaway-by-dreamlines-pty-ltd/sunshine-sea-and-christmas-magic-await-in-2026-S73geW42qne-AlRT,en,,200,74,0,24993,0,3,3,0,0,https://www.cruiseaway.com.au/,,"Alaska & West Canada from Seattle, Washington, USA with the Royal Princess",,,,text,false,true,true,false,false,false,true,,,linkfound,2026-04-09 12:16:45,2026-04-09 12:16:45,,,,,1
RankZly.com – Unbeatable Google Rankings & SEO Backlinks — Visit Rankzly.com to Get Discounted Offers,https://rankyour.website/2t2suzm-boost-google-rankings-with-premium-contextual-seo-backlinks/,en,wordpress,200,74,0,0,0,7278,8197,0,0,https://www.cruiseaway.com.au/,,Complete organic SEO solution with outreach backlinks for cruiseaway.com.au | RankZly.com – Your Unbeatable SEO Partner for Fast Google Rankings,,https://cruiseaway.com.au/,301,text,true,false,true,false,false,false,true,,,linkfound,2026-05-10 12:52:39,2026-05-10 12:52:39,,,Site page > Services,Internet > Web services > SEO and marketing; Business > Marketing > Marketing,1
backlinks.cyou | few of top websites | page no. 350,https://www.backlinks.cyou/domain-list-350,en,,200,8,0,0,0,1074,2100,0,0,https://www.cruiseaway.com.au/,,cruiseaway.com.au,,"http://cruiseaway.com.au/, https://cruiseaway.com.au/","301, 301",text,true,true,true,false,false,false,true,,,linkrestored,2025-09-30 03:34:44,2026-01-26 16:28:37,,,Listing collection > Business,Internet > Web services > SEO and marketing,1
"New Zealand is open for travel and luckily, it’s still affordable | Magnet | Eden, NSW",https://www.edenmagnet.com.au/story/7910925/new-zealand-is-open-for-travel-and-luckily-its-still-affordable/,en,,200,41,0,212,0,22,34,0,0,https://www.cruiseaway.com.au/cruise/journey-from-melbourne-with-the-queen-elizabeth-queen-elizabeth-15235953,,Get the deal here,,,,text,false,false,false,false,false,false,true,,,pagefound,2026-04-13 01:42:53,2026-05-05 04:59:07,,,,,2
"Today: KUNASHIR ISLAND, Kunashiri Island (Kuril Islands, Chishima Islands, Japan/Russia) Info, Dec 05, 2013",https://www.interalex.net/2013/12/kunashir-island-kunashiri-island-kuril.html,en,,200,3.5,0,0,0,54,105,0,0,http://www.cruiseaway.com.au/cruise-port/kunashir-island-kuril-islands,,"Kunashir Island, Kuril Islands - Cruise Away",www.cruiseaway.com.au/cruise-port/kunashir-island-kuril... Cached,,,text,false,true,false,false,false,false,true,,,linkrestored,2020-10-25 05:32:56,2026-04-30 11:13:50,,,Article > Story,Travel > Tourist destinations > Islands,1
CruiseAway: 🏦Cruise Deals That Won't Break The Bank🏦 | Milled,https://milled.com/cruiseaway-by-dreamlines-pty-ltd/cruise-deals-that-wont-break-the-bank-KArcFzneqfr4s8B5,en,,200,74,0,24993,0,6,21,0,0,https://www.cruiseaway.com.au/terms-and-conditions,"cruise packages. Additional terms, conditions and fees may apply. Please always check",terms and conditions,on the CruiseAway website before making the booking.,,,text,false,true,true,false,false,false,true,,,pagefound,2025-01-22 11:35:55,2026-05-09 03:39:39,,,,,16
How to Use IoT for Smarter E-Commerce Customer Experiences – POST ON SEO,https://postonseo.com/how-to-use-iot-for-smarter-e-commerce-customer-experiences/,en,wordpress,0,34,0,0,0,3332,4996,0,0,https://www.cruiseaway.com.au/,,cruiseaway,,https://cruiseaway.com.au/,301,text,true,true,false,false,false,false,true,,tooold,linkfound,2025-08-08 22:38:09,2025-08-08 22:38:09,2026-04-13 20:49:32,,,,1
lifesblog.com | few of top websites | page no. 350,https://www.lifesblog.com/domain-list-350,en,,200,4.2,0,0,0,1078,2114,0,0,https://www.cruiseaway.com.au/,,cruiseaway.com.au,,"http://cruiseaway.com.au/, https://cruiseaway.com.au/","301, 301",text,true,true,true,false,false,false,true,,,linkfound,2026-01-01 20:49:20,2026-04-11 08:41:42,,,Site page > About,Internet > Web services > Analytics,2
"""Low Islands"" related terms, short phrases and links",http://keywen.com/en/LOW_ISLANDS,en,,200,25,0,0,0,13,18,0,0,http://www.cruiseaway.com.au/cruise-port/tuamotu_atolls_french_polynesia,are green rings of coral reef surrounding a turquoise lagoon.,(Web site),,,,text,true,true,false,false,false,false,true,,,pagefound,2020-04-08 13:54:32,2026-01-06 06:43:56,,,,,2
Australian Marketing Trends to the Watch in 2024 AdNews – PRO SEO LINKS DIRECTORY,https://proseolinksdirectory.com/australian-marketing-trends-to-the-watch-in-2024-adnews/,en,wordpress,200,33,0,0,0,2335,3912,0,0,https://www.cruiseaway.com.au/,,cruiseaway,,https://cruiseaway.com.au/,301,text,true,true,false,false,false,false,true,,,pagefound,2025-09-27 00:06:11,2026-05-10 14:47:24,,,,,2
"CruiseAway: Friday Fare Frenzy ⚡ Save up to $2,800pp | Milled",https://milled.com/cruiseaway-by-dreamlines-pty-ltd/friday-fare-frenzy-save-up-to-2-800pp-KqpTGkMgVpjMoMQw,en,,200,74,0,24993,0,5,20,0,0,https://www.cruiseaway.com.au/cruise/quantum-leap-from-hollywood-to-the-river-city-18193305?filterParams%5BcabinKind%5D%5B0%5D=19&selectedSail=18177294,,"24 September 2026 - 28 nights - From $4,999pp »",,,,text,false,true,true,false,false,false,true,,,pagefound,2026-04-18 05:50:35,2026-04-18 05:50:35,,,,,1
CruiseAway: The Luck of the Irish is With You 🍀 | Milled,https://milled.com/cruiseaway-by-dreamlines-pty-ltd/the-luck-of-the-irish-is-with-you-B3A8mvcsdIRrl--f,en,,200,74,0,24993,0,5,25,0,0,https://www.cruiseaway.com.au/cruiseline/dreamaway-package,,Mixed packages,,,,image,false,true,true,false,false,false,true,,,pagefound,2026-04-15 04:19:40,2026-04-15 04:19:40,,,,,5
Prenotate il viaggio - Visit Azores,https://www.visitazores.com/it/prenota-il-tuo-viaggio?country=australia,it,,200,71,0,45870,0,6,6,0,0,https://www.cruiseaway.com.au/cruise/azorean-island-discovery-383988,,Per saperne di più,,,,text,false,true,false,false,false,false,true,,,pagefound,2025-03-03 07:53:28,2026-04-15 01:22:00,,,,,4
See this Great List of Best Cruise Locations | The Wordy Explorers,https://vega.arewethere-yet.com/wordyexplorers/blog/pages/view/viewcurated2.dhtml?linkId=BestCruiseLocations3&curatedId=1581639355039,en,,200,1.9,0,35,0,6,8,0,0,https://www.cruiseaway.com.au/blog/destinations/20-best-cruise-destinations-around-the-world/,,See this Great List of Best Cruise Locations,,http://www.cruiseaway.com.au/blog/destinations/20-best-cruise-destinations-around-the-world/,301,image,false,true,false,false,false,false,true,,,linkrestored,2025-04-18 04:51:29,2026-04-27 15:56:51,,,,,24
Directory website list 1928 – Marketing Pro 95 | Ahrefs links,https://ahrefs-links.com/directory-website-list-1928-marketing-pro-95/,en,wordpress,200,14,0,0,0,5400,6260,0,0,https://www.cruiseaway.com.au/,,cruiseaway,,https://cruiseaway.com.au/,301,text,true,false,false,false,false,false,true,,,pagefound,2025-09-29 15:07:05,2026-05-11 02:15:47,,,Listing collection > Business,Business > Marketing > Marketing; Internet > Web services > SEO and marketing,2
"Cruiseaway.com.au - анализ сайта, seo характеристики сайта - круисеаваы точка ком точка ау",https://prlog.ru/analysis/cruiseaway.com.au,,,200,51,0,91,0,44,251,0,0,http://www.cruiseaway.com.au/cruise-destinations/world-cruises-sectors/,,cruiseaway.com.au/cruise-desti...,,,,text,false,false,true,false,false,false,true,,,pagefound,2019-07-22 20:05:01,2026-05-07 18:56:13,,,,,2
"CruiseAway: ✨Monday Madness ⚡ Low Deposits, Huge Savings & Much more | Milled",https://milled.com/cruiseaway-by-dreamlines-pty-ltd/monday-madness-low-deposits-huge-savings-and-much-more-BqoON0QqliQhWzVA,en,,200,74,0,24993,0,5,27,0,0,https://www.cruiseaway.com.au/cruise/norway-and-the-spectacular-northern-lights-18524972,,Norway and the Spectacular Northern Lights,,,,text,false,true,true,false,false,false,true,,,linkfound,2026-04-15 04:19:53,2026-04-15 04:19:53,,,,,1
fly cruise sydney to singapore,https://reussitepartagee.com/pretty-bongs/fly-cruise-sydney-to-singapore,en,,200,21,0,0,0,14,25,0,0,https://www.cruiseaway.com.au/search-results,at Maison At C Boutique Hotel & Spa Seminyak. |,,"We are delighted to extend our cruises to Australians, and","https://www.cruiseaway.com.au/cruise/sydney-to-singapore-splendor-16934272, https://www.cruiseaway.com.au/search-results, https://cruiseaway.com.au/search-results","307, 0, 301",text,true,true,false,false,false,false,true,,,linkfound,2025-12-28 11:32:12,2026-04-18 11:53:56,,,Listing collection > Product,Travel > Specialty travel > Luxury travel,2
Directory website list 1976 | Top Backlinks Directory,https://topbacklinksdirectory.com/directory-website-list-1976/,,wordpress,404,13,0,0,0,5373,7163,0,0,https://www.cruiseaway.com.au/,,cruiseaway.com.au,,https://cruiseaway.com.au/,301,text,true,false,false,false,false,false,true,notfound,,pagefound,2025-10-03 09:50:51,2025-10-24 02:34:03,2026-04-18 03:02:04,,,,1
Most Visited website list 94 | Fast Ranking Directory,https://fastrankingdirectory.com/most-visited-website-list-94/,en,wordpress,200,55,0,0,0,5381,7211,0,0,https://www.cruiseaway.com.au/,,cruiseaway,,https://cruiseaway.com.au/,301,text,true,false,false,false,false,false,true,,,pagefound,2026-03-28 02:03:06,2026-04-30 11:25:49,,,Listing collection > Business,Internet > Web services > Analytics; Business > Business services > Consulting; Reference > Listings > Business,1
Directory website list 1976 | Link FLow Directory,https://linkflowdirectory.com/directory-website-list-1976/,en,wordpress,404,13,0,0,0,5190,6043,0,0,https://www.cruiseaway.com.au/,,cruiseaway.com.au,,https://cruiseaway.com.au/,301,text,true,false,false,false,false,false,true,notfound,,pagefound,2025-10-03 13:15:12,2025-12-03 11:07:06,2026-04-19 00:33:06,,,,1
Directory website list 1976 | Saas Web Directory,https://saaswebdirectory.com/directory-website-list-1976/,en,wordpress,404,14,0,0,0,5188,6048,0,0,https://www.cruiseaway.com.au/,,cruiseaway.com.au,,https://cruiseaway.com.au/,301,text,true,false,false,false,false,false,true,notfound,,pagefound,2025-09-11 02:11:39,2025-11-11 23:47:06,2026-04-17 17:03:49,,,,1
Most Visited website list 1928 | Guest Post Directory,https://guestpostsdirectory.com/most-visited-website-list-1928/,en,wordpress,200,18,0,0,0,5394,6252,0,0,https://www.cruiseaway.com.au/,,cruiseaway,,https://cruiseaway.com.au/,301,text,true,false,false,false,false,false,true,,,pagefound,2025-08-27 16:19:15,2026-04-28 08:14:30,,,Listing collection > Business,Business > Business services > Consulting; Internet > Web services > Development; Society; Reference > Listings; News,2
"Today: ENSENADA (Mexico) Christmas, Dec 29, 2011",https://www.interalex.net/2011/12/ensenada-mexico-christmas-dec-29-2011.html,,,200,3.5,0,0,0,91,181,0,0,http://www.cruiseaway.com.au/cruise-port/ensenada_mexico,,"Ensenada, Mexico - Cruise Away - Cruises | Best Cheap Cruises ...",,,,text,false,false,false,false,false,false,true,,,linkrestored,2020-12-17 18:29:15,2026-04-27 10:00:49,,,Article > Story,Travel > Tourist destinations > Other; Entertainment > Events > Other,1
Planning Your Next Cruise After a Long Wait | The Wordy Explorers,https://ww.arewethere-yet.com/wordyexplorers/blog/pages/view/viewcurated2.dhtml?linkId=PlanningCruiseAfterWait&curatedId=1614103987662,en,,200,1.9,0,35,0,6,8,0,0,http://www.cruiseaway.com.au/blog/cruise-news/most-frequently-asked-cruise-questions/,,Planning Your Next Cruise After a Long Wait,,,,image,false,true,false,false,false,false,true,,,pagefound,2025-08-16 23:49:30,2026-04-29 18:03:39,,,,,24
"Cruiseguru.com.au - анализ сайта, seo характеристики сайта - круисегуру точка ком точка ау",https://prlog.ru/analysis/cruiseguru.com.au,ru,,200,51,0,91,0,45,343,0,0,https://www.cruiseaway.com.au/,,,cruiseaway.com.au,"http://cruiseaway.com.au/, https://cruiseaway.com.au/","301, 301",image,false,false,true,false,false,false,true,,,pagefound,2019-07-03 11:29:41,2026-05-05 00:30:10,,,,,4
hansika.co.in | few of top websites | page no. 363,https://www.hansika.co.in/domain-list-363,en,,200,5,0,0,0,1057,2033,0,0,https://www.cruiseaway.com.au/,,cruiseaway.com.au,,"http://cruiseaway.com.au/, https://cruiseaway.com.au/","301, 301",text,true,true,true,false,false,false,true,,,linkrestored,2022-12-28 02:57:54,2026-03-31 16:19:53,,,Site page > About,Internet > Web services > Analytics,1
Most Visited website list 1928 | Website Directory,https://websitedirectoy.com/most-visited-website-list-1928/,en,wordpress,200,18,0,0,0,5392,6258,0,0,https://www.cruiseaway.com.au/,,cruiseaway,,https://cruiseaway.com.au/,301,text,true,false,false,false,false,false,true,,,pagefound,2025-10-02 17:20:46,2026-03-11 05:31:01,,,Listing collection > Business,Business > Business services > Consulting; Internet > Web services > Development; Reference > Listings > Business,2
Directory website list 1977 | Web Us Directory,https://webusdirectory.com/directory-website-list-1977/,en,wordpress,404,14,0,0,0,5182,6050,0,0,https://www.cruiseaway.com.au/,,dreamlines.com.au,,https://dreamlines.com.au/,301,text,true,false,false,false,false,false,true,notfound,,pagefound,2025-09-26 20:12:26,2025-11-12 11:46:31,2026-04-20 02:42:58,,,,1
"Cruiseaway.com.au - анализ сайта, seo характеристики сайта - круисеаваы точка ком точка ау",https://prlog.ru/analysis/cruiseaway.com.au,,,200,51,0,91,0,44,251,0,0,https://www.cruiseaway.com.au/cruiseline/norwegian-cruise-line,,cruiseaway.com.au/cruiseline/norwegian-cruise-line,,https://cruiseaway.com.au/cruiseline/norwegian-cruise-line,301,text,false,true,true,false,false,false,true,,,linkrestored,2019-07-22 20:05:01,2026-05-07 18:56:13,,,,,1
Directory website list 1976 | World Seo Directory,https://worldseodirectory.com/directory-website-list-1976/,en,wordpress,200,18,0,0,0,5399,7171,0,0,https://www.cruiseaway.com.au/,,cruiseaway.com.au,,https://cruiseaway.com.au/,301,text,true,false,false,false,false,false,true,,,pagefound,2025-09-04 09:04:26,2026-05-06 20:15:25,,,Listing collection > Business,Business > Business services > Consulting; Internet > Search engines; Reference > Listings > Business,1
CruiseAway: Asia is Calling 🌏✨ New for 2027/28 ✨ Singapore Season Just Released | Milled,https://milled.com/cruiseaway-by-dreamlines-pty-ltd/asia-is-calling-new-for-2027-28-singapore-season-just-released-cyh3tcStUaVQH7gi,en,,200,74,0,24993,0,5,25,0,0,https://www.cruiseaway.com.au/search-results?filterParams%5BdateMax%5D=1861833600&filterParams%5BdateMin%5D=1830297600&sortString=ab_test_1,,2028 PACKAGES 2028 PACKAGES,,,,image,false,true,true,false,false,false,true,,,linkfound,2026-04-18 04:11:43,2026-04-18 04:11:43,,,,,20
Directory website list 1928 | Social Rank Directory,https://socialrankdirectory.com/directory-website-list-1928/,en,wordpress,404,14,0,0,0,5320,6114,0,0,https://www.cruiseaway.com.au/,,cruiseaway,,https://cruiseaway.com.au/,301,text,true,false,false,false,false,false,true,notfound,,pagefound,2025-10-08 01:21:28,2025-10-22 22:22:19,2026-04-17 01:19:55,,,,2
Australian Marketing Trends to the Watch in 2024 – AdNews | 99 Best Site,https://99bestsite.com/australian-marketing-trends-to-the-watch-in-2024-adnews/,en,wordpress,200,26,0,0,14,2329,3902,0,0,https://www.cruiseaway.com.au/,,cruiseaway,,https://cruiseaway.com.au/,301,text,true,true,false,false,false,false,true,,,pagefound,2024-11-27 01:31:53,2026-04-21 20:25:29,,,Article > Insights,Business > Marketing > Marketing,2
Niche Edits for Real Estate Websites in 2025 — Do Curated Link Insertions Still Work Better Than Fresh Guest Posts? — SEOLinkPro — The Link Building Experts Behind Top-Ranking Sites.,https://seolinkpro.shop/hbs2otv-guest-post-anchor-text-strategy-saas-2025-exact-branded-generic-ratio/,en,,200,0,0,0,0,8303,9354,0,0,https://www.cruiseaway.com.au/,,Secure Page 1 Google Position for cruiseaway.com.au via Real-Site Guest Posts + Permanent Dofollow Backlinks — Elevate Ahrefs Domain Rating DR | Moz Domain Authority DA | Majestic Trust Flow TF — B2B & B2C • All Industries • Worldwide,,https://cruiseaway.com.au/,301,text,false,false,true,false,false,false,true,,,linkfound,2026-05-04 05:05:07,2026-05-04 05:05:07,,,Article > Opinion,Real estate > Real estate services > Real estate agencies; Internet > Web services > SEO and marketing,1
futami harbor chichi jima japan,http://qejaqezy.xlx.pl/futami-harbor-chichi-jima-japan.php,en,,200,27,0,441,0,15,26,0,0,http://www.cruiseaway.com.au/cruise-port/chi-chi-jima-japan,,"Chi Chi Jima, Japan - Cruise Away",,,,text,true,true,false,false,false,false,true,,,pagefound,2025-09-30 21:39:40,2026-03-05 11:15:34,,,,,2
"CruiseAway: Seasons of the Orient & Southeast Asia - Tours, Transfers, Drinks Included! | Milled",https://milled.com/cruiseaway-by-dreamlines-pty-ltd/seasons-of-the-orient-and-southeast-asia-tours-transfers-drinks-included--EL0QC32QfLT4UtM,en,,200,74,0,24993,0,4,27,0,0,https://www.cruiseaway.com.au/cruise/coastal-cities-exotic-isles-18117967?selectedSail=18117978,,Coastal Cities & Exotic Isles with Bali Stay,,,,text,false,true,true,false,false,false,true,,,pagefound,2026-05-09 08:24:11,2026-05-09 08:24:11,,,,,1
Directory website list 94 | Seo Pro Directory,https://seoprodirectory.com/directory-website-list-94/,en,wordpress,200,15,0,0,0,5381,7222,0,0,https://www.cruiseaway.com.au/,,cruiseaway,,https://cruiseaway.com.au/,301,text,true,false,false,false,false,false,true,,,pagefound,2025-10-02 08:43:09,2026-04-28 02:15:18,,,Listing collection > Business,Business > Business services > Consulting; Internet > Search engines; Reference > Listings > Business,2
Most Visited website list 94 | Top World Directory,https://topworlddirectory.com/most-visited-website-list-94/,en,wordpress,200,55,0,0,0,5395,7252,0,0,https://www.cruiseaway.com.au/,,cruiseaway,,https://cruiseaway.com.au/,301,text,true,false,false,false,false,false,true,,,pagefound,2025-09-15 16:27:19,2026-05-08 04:40:54,,,Listing collection > Business,Reference > Listings > Business; Internet > Web services; Business > Business services; Travel > Tourist destinations; Society,2
CruiseAway: Sail Princess from just $49pp Deposit - Exclusive to us! | Milled,https://milled.com/cruiseaway-by-dreamlines-pty-ltd/sail-princess-from-just-49pp-deposit-exclusive-to-us-2VYWszpP3x2i_sJ6,en,,200,74,0,24993,0,4,32,0,0,https://www.cruiseaway.com.au/cruise/seville-sunsets-riviera-romance-18439257,,Seville Sunsets & Riviera Romance,,,,text,false,true,true,false,false,false,true,,,linkfound,2026-05-10 07:24:10,2026-05-10 07:24:10,,,,,1
Directory website list 1976 | Search Stack Directory,https://searchstackdirectory.com/directory-website-list-1976/,en,wordpress,200,21,0,0,0,5403,7182,0,0,https://www.cruiseaway.com.au/,,cruiseaway.com.au,,https://cruiseaway.com.au/,301,text,true,false,false,false,false,false,true,,,pagefound,2026-01-26 11:25:16,2026-05-11 00:54:51,,,Listing collection > Business,Business > Business services > Consulting; Reference > Listings > Business; Internet,1
CruiseAway: Explore the World with Exclusive Cruise packages - Limited time savings! | Milled,https://milled.com/cruiseaway-by-dreamlines-pty-ltd/explore-the-world-with-exclusive-cruise-packages-limited-time-savings-UoGjhRoh_dLM903Z,en,,200,74,0,24993,0,4,26,0,0,https://www.cruiseaway.com.au/cruise/christmas-in-southeast-asia-18193086,,Whisper of the Orient,,https://www.cruiseaway.com.au/cruise/whisper-of-the-orient-18193086,0,text,false,true,true,false,false,false,true,,,pagefound,2026-01-26 05:49:52,2026-01-26 05:49:52,,,,,2
"Today: NIUATOPUTAPU (Keppel's Island, Tonga) Info, Dec 25, 2011",https://www.interalex.net/2011/12/niuatoputapu-keppels-island-tonga-info.html,en,,200,3.5,0,0,0,83,154,0,0,http://www.cruiseaway.com.au/cruise-port/niuatoputapu_kingdom_tonga,,"Niuatoputapu, Kingdom of Tonga - Cruise Away",,,,text,false,true,false,false,false,false,true,,,linkrestored,2020-12-18 09:36:50,2026-04-23 14:06:24,,,Article > News,Travel > Tourist destinations > Islands; Reference > Geographic reference > Maps; Entertainment,1
"Today: LAMPEDUSA ISLAND (Italy) Info, Dec 06, 2012",https://www.interalex.net/2012/12/lapmedusa-island-italy-info-dec-06-2012.html,en,,200,3.5,0,0,0,99,177,0,0,http://www.cruiseaway.com.au/cruise-port/lampedusa_italy?offset=6,,"Lampedusa, Italy - Cruise Away - Cruises | Best Cheap Cruises ...",,,,text,false,true,false,false,false,false,true,,,linkrestored,2020-09-27 13:25:11,2026-04-19 19:10:23,,,Article > News,Reference > Geographic reference > Maps; Entertainment; Travel > Tourist destinations > Islands; News,1
Directory website list 1977 | Link FLow Directory,https://linkflowdirectory.com/directory-website-list-1977/,en,wordpress,404,13,0,0,0,5182,6057,0,0,https://www.cruiseaway.com.au/,,dreamlines.com.au,,https://dreamlines.com.au/,301,text,true,false,false,false,false,false,true,notfound,,pagefound,2025-10-03 13:11:31,2025-12-03 09:52:13,2026-04-18 23:56:35,,,,1
"Deliziosa a Palermo? | Crocieristi.it, la più grande community italiana sulle crociere",https://forum.crocieristi.it/threads/deliziosa-a-palermo.17198/,it,,200,15,0,6170,0,10,11,0,0,http://www.cruiseaway.com.au/cruise/deliziosa-dry-dock,Fonte da:,http://www.cruiseaway.com.au/cruise/deliziosa-dry-dock,,,,text,false,false,true,true,false,false,true,,,pagefound,2021-09-17 18:59:57,2026-04-17 20:20:37,,,,,1
Directory website list 94 | SEO Directory Zone,https://seodirectoryzone.com/directory-website-list-94/,en,wordpress,404,13,0,0,0,5275,7041,0,0,https://www.cruiseaway.com.au/,,cruiseaway,,https://cruiseaway.com.au/,301,text,true,false,false,false,false,false,true,notfound,,pagefound,2025-08-24 03:07:48,2025-10-29 08:35:21,2026-04-12 06:14:53,,,,2
"Running My Small Business, I've Always Known How Critical SEO Is but Customizing Keywords Made Me Feel Intimidated Until Researching SEOExpress.org. This Exceptional Team Helped Negotiate Top Keywords for My Niche Resulting in Visible Traffic Growth of Two Hundred Fifty Percent Plus Real Conversions Started Happening—It's Truly Remarkable! ★★★★★ 🌟 — High SEO",https://highseo.shop/running-my-small-business-have-always-known-how-critical-seo-is-but-customizing-keywords-made-me-feel-intimidated-until-researching-seoexpress-an-exceptional-team-helped-negotiate-top,en,,200,28,0,0,36,5234,8731,0,0,https://www.cruiseaway.com.au/,,There was a time when cruiseaway.com.au didn't attract any attention at all—it was disheartening! Then came along SEOExpress.org's outstanding guest posting services: overnight it seemed my authority grew tremendously as well as my visitor count shot through the roof by an astonishing +280%! That kind of result is hard not to love; go check out what they offer 🌟,,https://cruiseaway.com.au/,301,text,false,false,true,false,false,false,true,,,pagefound,2026-04-29 03:21:29,2026-04-29 03:21:29,,,Article > Story,Internet > Web services > SEO and marketing; Business > Small business > Business formation,1
CruiseAway: Drinks Included with MSC - YouTube,https://www.youtube.com/watch?v=-a2wW5jbwf0,en,,200,99,0,2299630336,0,7,13,0,0,https://www.cruiseaway.com.au/,,http://www.cruiseaway.com.au,,http://www.cruiseaway.com.au/,301,text,false,false,true,false,false,true,false,,,linkfound,2026-02-02 20:08:05,2026-02-02 20:08:05,,,,,10
CruiseAway: SAVE and SAIL | Milled,https://milled.com/cruiseaway-by-dreamlines-pty-ltd/save-and-sail-Y1kQpGDpm35gOX81,en,,200,74,0,24993,0,4,24,0,0,https://www.cruiseaway.com.au/cruise/south-pacific-from-brisbane-australia-with-the-carnival-encounter-18151246?allInclusive=false&filterParams%5BcabinKind%5D%5B0%5D=19&selectedSail=18151306,,South Pacific from Brisbane,,,,text,false,true,true,false,false,false,true,,,linkfound,2026-04-14 23:49:40,2026-04-14 23:49:40,,,,,1
"I Started With Less Than Ten Permanent Backlinks on My Site, But After Two Months of SEOExpress.org's Services, I Have Over Two Hundred High-Quality Links Ranking Me at the Top of Major Google Searches for Key Products. It’s affordable SEO that pays off big time! 🌟🔥 — KMO Shops",https://kmoshops.shop/i-started-with-less-than-ten-permanent-backlinks-on-my-site-and-now-after-two-months-of-seoexpress-com-services-I-have-over-two-hundred-high-quality-links-ranking-me-on-top-of-major-google,en,,200,28,0,0,26,5188,8791,0,0,https://www.cruiseaway.com.au/,,I used to think SEO meant pricey consultants until I discovered SEOExpress.org while searching online for help with dreamlines.cn. Their budget-friendly packages delivered results fast: organic traffic more than tripled from under 200 visits/month after only two months! The combination of guest blogging and PBN links worked wonders—I recommend them wholeheartedly 🌟,,https://dreamlines.cn/,301,text,true,false,true,false,false,false,true,,,linkfound,2026-04-21 16:46:31,2026-04-21 16:46:31,,,Article > Story,Internet > Web services > SEO and marketing; Business > Marketing > Marketing,1
Discover the Perfect Weekend Escape with 2 Night Cruise Packages from Brisbane,http://blogs.adsiduous.com/discover-the-perfect-weekend-escape-with-2-night-cruise-packages-from-brisbane/,en,,200,6,0,12,0,7,15,0,0,https://www.cruiseaway.com.au/cruise/australia-from-brisbane-australia-with-the-voyager-of-the-seas--18797464,,https://www.cruiseaway.com.au/cruise/australia-from-brisbane-australia-with-the-voyager-of-the-seas--18797464,,,,text,true,true,false,false,false,false,true,,,pagefound,2026-04-16 12:02:13,2026-04-26 10:01:41,,Sydney Blunt,,,1
"Cruiseaway.com.au - анализ сайта, seo характеристики сайта - круисеаваы точка ком точка ау",https://prlog.ru/analysis/cruiseaway.com.au,,,200,51,0,91,0,44,251,0,0,https://www.cruiseaway.com.au/cruiseline/celebrity-cruises,,cruiseaway.com.au/cruiseline/celebrity-cruises,,https://cruiseaway.com.au/cruiseline/celebrity-cruises,301,text,false,true,true,false,false,false,true,,,linkrestored,2019-07-22 20:05:01,2026-05-07 18:56:13,,,,,1
Eurekster,https://p.eurekster.com/?id=&apdiv=Submit&search=Mariner%20Tickets%20Sale,en,,200,51,0,0,0,100,118,0,0,https://www.cruiseaway.com.au/ship/mariner-of-the-seas,,Mariner of the Seas Cruise 2020-2021 | Great Offers on ...,,,,text,false,false,false,false,false,false,true,removedfromhtml,,linkrestored,2022-12-09 20:15:05,2026-01-19 12:16:18,2026-05-03 11:14:06,,,,5
CruiseAway: Local Cruise Deals | Milled,https://milled.com/cruiseaway-by-dreamlines-pty-ltd/local-cruise-deals-uSHJok9clA9ZSKAd,en,,200,74,0,24993,0,4,30,0,0,https://www.cruiseaway.com.au/cruise/10-day-cruise-with-the-celebrity-edge-to-sydney-16805339,,"Hobart, Kangaroo Island, Adelaide & Melbourne",,,,image,false,true,true,false,false,false,true,,,linkfound,2026-03-30 17:34:52,2026-03-30 17:34:52,,,,,2
The Real Cost of PBN Backlinks vs the Real Revenue They Generate for Blog — An ROI Breakdown No One Else Will Show You — PBNSEOLinks — Private Link Power for Publicly Dominant Rankings.,https://pbnseolinks.shop/fdc7riv-complete-blogroll-link-campaign-portfolio-ordered-placed-anchor-text-changed/,en,,200,0,0,0,0,8225,9515,0,0,https://www.cruiseaway.com.au/,,Customized Expert Guest Posting + Dofollow Backlink Packages for dreamlines.com.au — Ahrefs Domain Rating DR | Moz Domain Authority DA | Majestic Trust Flow TF Boost — Dominate Google Search Results — Any Niche • Any Language • Worldwide,,https://dreamlines.com.au/,301,text,false,false,true,false,false,false,true,,,linkfound,2026-05-08 22:58:14,2026-05-08 22:58:14,,,Article > Comparison,Internet > Web services > SEO and marketing; Business > Marketing > Marketing,1
Directory website list 1976 | SEO Directory Zone,https://seodirectoryzone.com/directory-website-list-1976/,en,wordpress,404,13,0,0,0,5189,6045,0,0,https://www.cruiseaway.com.au/,,cruiseaway.com.au,,https://cruiseaway.com.au/,301,text,true,false,false,false,false,false,true,notfound,,pagefound,2025-09-03 17:25:07,2025-12-03 20:36:43,2026-04-19 12:57:18,,,,1
Eurekster,https://p.eurekster.com/?id=&apdiv=Submit&search=Disney%20Cruise%20Ship,,,200,51,0,0,0,104,131,0,0,https://www.cruiseaway.com.au/cruises/mediterranean,,Mediterranean Cruises - save up to -50% | CruiseAway,,,,text,false,false,false,false,false,false,true,,,linkfound,2025-12-26 05:21:08,2025-12-26 05:21:08,,,,,17
"Before Discovering SEOExpress.org, I Spent Years on Expensive Agencies That Didn't Deliver the Results Promised. Eventually, I Tried Their White-Hat Backlinks Service and In Just Eight Weeks, My Domain Authority Ramped Up from DA 15 to DA 48 and Leads Poured In at a Rate of Over One Hundred Per Month! Best Investment in SEO ★★★★★ 💎 — Shop Betreiber Blog",https://shopbetreiber-blog.shop/before-discovering-seoexpress-i-spent-years-on-expensive-agencies-that-didnt-deliver-the-results-promised-eventually-i-tried-their-white-hat-backlinks-service-and-in-only-eight-weeks-my,en,,200,28,0,0,36,5038,8449,0,0,https://www.cruiseaway.com.au/,,"I remember when cruise-away.com.au was buried on page 7, struggling to attract any visitors. After discovering SEOExpress.org and their affordable SEO packages, everything changed. Within just two months, my site jumped to page 1 and traffic skyrocketed from 150 to over 5,000 monthly visits! Investing in them felt like the best decision I ever made for my business 🌟",,https://cruise-away.com.au/,301,text,true,false,true,false,false,false,true,,,linkfound,2026-05-04 22:11:42,2026-05-04 22:11:42,,,Article > Story,Internet > Web services > SEO and marketing; Business > Marketing > Marketing,1
Directory website list 1977 | World Seo Directory,https://worldseodirectory.com/directory-website-list-1977/,en,wordpress,200,18,0,0,0,5402,7146,0,0,https://www.cruiseaway.com.au/,,dreamlines.com.au,,https://dreamlines.com.au/,301,text,true,false,false,false,false,false,true,,,pagefound,2025-09-04 09:02:44,2026-05-09 16:36:41,,,Listing collection > Business,Business > Business services > Consulting; Internet > Search engines; Reference > Listings > Business,1
CruiseAway: Local Cruise Deals | Milled,https://milled.com/cruiseaway-by-dreamlines-pty-ltd/local-cruise-deals-uSHJok9clA9ZSKAd,en,,200,74,0,24993,0,4,30,0,0,https://www.cruiseaway.com.au/exclusive-tv-deals,,CATV,,,,image,false,true,true,false,false,false,true,,,linkfound,2026-03-30 17:34:52,2026-03-30 17:34:52,,,,,26
"New Zealand is open for travel and luckily, it’s still affordable | Wellington Times | Wellington, NSW",https://www.wellingtontimes.com.au/story/7910925/new-zealand-is-open-for-travel-and-luckily-its-still-affordable/,en,,200,34,0,414,0,25,32,0,0,https://www.cruiseaway.com.au/search-results,,Get the deal here,,"https://www.cruiseaway.com.au/cruise/journey-from-melbourne-with-the-queen-elizabeth-queen-elizabeth-15235953, https://www.cruiseaway.com.au/search-results, https://cruiseaway.com.au/search-results","307, 0, 301",text,false,false,false,false,false,false,true,,,linkfound,2026-05-06 17:11:50,2026-05-06 17:11:50,,,,,2
summary.co.in | few of top websites | page no. 363,https://www.summary.co.in/domain-list-363,en,,200,13,0,0,1,1079,2090,0,0,https://www.cruiseaway.com.au/,,cruiseaway.com.au,,"http://cruiseaway.com.au/, https://cruiseaway.com.au/","301, 301",text,true,true,true,false,false,false,true,,,linkrestored,2025-01-05 16:57:37,2026-04-15 16:34:40,,,Site page > About,Internet > Web services > Analytics; Reference,1
Five best cruise lines for hungry holiday-makers - Travel Weekly,https://travelweekly.com.au/five-best-cruise-lines-for-hungry-holiday-makers/,en,wordpress,200,68,0,9148,1,9,22,0,0,https://www.cruiseaway.com.au/cruise-lines,"For information on Crystal cruises, go to",www.cruiseaway.com.au,.,http://www.cruiseaway.com.au/ships/crystal-cruises/,301,text,false,true,false,false,false,false,true,,,linkrestored,2025-03-08 21:54:56,2026-05-09 19:37:19,,,Article > Roundup,Travel > Specialty travel > Luxury travel; Food > Restaurants > Fine dining,2
"Today: FREETOWN (Sierra Leone) Info, Jan 13, 2012",https://www.interalex.net/2012/01/freetown-sierra-leone-info-jan-13-2012.html,en,,200,3.5,0,0,0,86,170,0,0,http://www.cruiseaway.com.au/cruise-port/freetown_sierra_leone,,"Freetown, Sierra Leone - Cruise Away - Cruises | Best Cheap ...",,,,text,false,false,false,false,false,false,true,,,linkrestored,2021-11-11 18:18:57,2026-04-21 09:18:51,,,Article > News,Travel > Tourist destinations > Islands; Entertainment > Music; Society; Reference > Geographic reference,1
"Today: HANDA Island, Eilean Shannda (Highland, Scotland, UK) Info, Nov 06, 2014",https://www.interalex.net/2014/11/handa-island-eilean-shannda-highland.html,en,,200,3.5,0,0,0,54,146,0,0,http://www.cruiseaway.com.au/cruise-port/handa_island_scotland?offset=6,,"Handa Island, Scotland - Cruise Away",www.cruiseaway.com.au/cruise-port/handa_island_scotland?...,,,text,false,true,false,false,false,false,true,,,linkrestored,2020-08-30 14:16:12,2026-05-11 02:08:46,,,Article > Roundup,Travel > Tourist destinations > Islands,1
The Real Deal With Opt-In Email Marketing Techniques-00100n | Way Ranks,https://wayranks.com/the-real-deal-with-opt-in-email-marketing-techniques-00100n/,en,wordpress,200,58,0,4,1,419,511,0,0,https://www.cruiseaway.com.au/,,cruiseaway,,,,text,true,true,false,false,false,true,true,,,pagefound,2022-05-29 19:48:49,2026-05-06 08:39:57,,,Article > Guide,Business > Marketing > Marketing; Internet > Email > Email,2
CruiseAway: SAVE and SAIL | Milled,https://milled.com/cruiseaway-by-dreamlines-pty-ltd/save-and-sail-Y1kQpGDpm35gOX81,en,,200,74,0,24993,0,4,24,0,0,https://www.cruiseaway.com.au/cruise-lines-specials,,CRUISE LINE SPECIALS,,,,image,false,true,true,false,false,false,true,,,linkfound,2026-04-14 23:49:40,2026-04-14 23:49:40,,,,,3
CruiseAway: 🏦Cruise Deals That Won't Break The Bank🏦 | Milled,https://milled.com/cruiseaway-by-dreamlines-pty-ltd/cruise-deals-that-wont-break-the-bank-KArcFzneqfr4s8B5,en,,200,74,0,24993,0,6,21,0,0,https://www.cruiseaway.com.au/cruise/sailing-from-melbourne-with-the-grand-princess-16490168,,Sailing from Melbourne with the Grand Princess,,,,text,false,true,true,false,false,false,true,,,pagefound,2025-01-22 11:35:55,2026-05-09 03:39:39,,,,,1
Directory website list 1976 | Backlinks Directory hub,https://backlinksdirectoryhub.com/directory-website-list-1976/,en,wordpress,404,14,0,0,0,5357,7159,0,0,https://www.cruiseaway.com.au/,,cruiseaway.com.au,,https://cruiseaway.com.au/,301,text,true,false,false,false,false,false,true,notfound,,pagefound,2025-09-26 14:09:56,2025-09-26 14:09:56,2026-04-21 21:40:04,,,,1
"30 Best Local Travel Agents in Carrara, QLD 4211 | Yellow Pages",https://www.yellowpages.com.au/carrara-qld-4211/travel-agents,en,,200,83,0,398544,0,21,37,0,0,https://www.cruiseaway.com.au/,,Visit Website,,,,text,false,false,true,false,false,false,true,,,linkfound,2026-04-29 13:10:45,2026-04-29 14:36:32,,,,,8
CruiseAway: 📣*REDUCED PRICES * EXCLUSIVES * LAST MINUTE DEALS * & MORE | Milled,https://milled.com/cruiseaway-by-dreamlines-pty-ltd/reduced-prices-exclusives-last-minute-deals-and-more-yTSjMmtrnbqpaBvq,en,,200,74,0,24993,0,6,23,0,0,https://www.cruiseaway.com.au/cruises,,6 day expedition on board the Pacific Explorer from Adelaide,,https://www.cruiseaway.com.au/cruise/6-day-expedition-on-board-the-pacific-explorer-from-adelaide-15712660,302,text,false,true,true,false,false,false,true,,,pagefound,2025-01-22 19:58:08,2026-03-30 19:15:38,,,,,2
"Today: RAZZOLI Island (Italy) Info, Aug 28, 2012",https://www.interalex.net/2012/08/razzoli-island-italy-info-aug-28-2012.html,en,,200,3.5,0,0,0,92,161,0,0,http://www.cruiseaway.com.au/cruise-port/maddalena_islands_sardinia,,"Maddalena Islands, Sardinia - Cruise Away",,,,text,false,true,false,false,false,false,true,,,linkrestored,2020-10-24 06:20:33,2026-04-18 12:47:51,,,Article > News,Travel > Tourist destinations > Islands; Entertainment > Music; Reference,3
Directory website list 1928 | Traffic Hub Directory,https://traffichubdirectory.com/directory-website-list-1928/,en,wordpress,200,16,0,0,0,5413,6283,0,0,https://www.cruiseaway.com.au/,,cruiseaway,,https://cruiseaway.com.au/,301,text,true,false,false,false,false,false,true,,,pagefound,2025-09-29 17:26:24,2026-05-09 05:12:46,,,Listing collection > Business,Business > Business services > Other; Reference > Listings > Business; Internet > Web services,2
"Today: AUSTRAL Islands (French Polynesia) Christmas, Dec 21, 2011",https://www.interalex.net/2011/12/austral-islands-french-polynesia.html,en,,200,3.5,0,0,0,85,165,0,0,http://www.cruiseaway.com.au/cruise-destination/south-pacific-nz-cruises,,"South Pacific Cruises 2012 & 2013 | Deals, Offers & Specials ...",,,,text,false,false,false,false,false,false,true,,,linkrestored,2020-12-18 01:32:52,2026-04-20 21:19:07,,,Article > Story,Travel > Tourist destinations > Islands; Entertainment > Music,4
CruiseAway: THE VOYAGE EDIT - The remarkable is closer than you think | Milled,https://milled.com/cruiseaway-by-dreamlines-pty-ltd/the-voyage-edit-the-remarkable-is-closer-than-you-think-Ai1XwbDfXfKSYQ0w,en,,200,74,0,24993,0,3,3,0,0,https://www.cruiseaway.com.au/,,"South East Asia from Singapore, Singapore with the Navigator of the Seas",,,,text,false,true,true,false,false,false,true,,,pagefound,2026-04-15 04:19:39,2026-04-15 04:19:39,,,,,3
Explore the Beauty of the Seas: Affordable 2 Night Cruise Packages from Melbourne,http://blogs.adsiduous.com/explore-the-beauty-of-the-seas-affordable-2-night-cruise-packages-from-melbourne/,en,,200,6,0,12,0,7,13,0,0,https://www.cruiseaway.com.au/cruises/australia/melbourne,,Cruises From Melbourne Guide (CruiseAway AU),,,,text,true,true,false,false,false,false,true,,,pagefound,2026-04-16 12:02:00,2026-04-26 08:24:38,,Sydney Blunt,,,1
"Extreme Link Building Result 226: How Real Authority Links Delivered Page One Rankings in Any Niche — Extreme High-Authority Backlinks — Increase Domain Rating, Domain Authority and Trust Flow — Guest Posts and PBN Links — Gambling Accepted — Worldwide",https://rankxlinks.shop/vtlmyo6-extreme-link-building-ecommerce-organic-revenue-tripled/,en,,200,47,0,0,0,8302,9752,0,0,https://www.cruiseaway.com.au/,,Extreme DR improvement packages for cruiseaway.com.au with real measurable results any niche,,https://cruiseaway.com.au/,301,text,true,false,true,false,false,false,true,,,linkfound,2026-05-07 14:51:20,2026-05-07 14:51:20,,,Article > Guide,Internet > Web services > SEO and marketing,1
Eurekster,https://p.eurekster.com/?id=&apdiv=Submit&search=Celebrity%20Cruises%20Mediterranean,en,,200,51,0,0,0,98,128,0,0,https://www.cruiseaway.com.au/short-cruises,,https://www.cruiseaway.com.au/short-cruises,,,,text,false,false,false,false,false,false,true,removedfromhtml,,linkfound,2026-02-10 21:27:58,2026-02-10 21:27:58,2026-05-11 00:27:19,,,,5
,http://www.secretsearchenginelabs.com/find/ocean%20cruises,en,,200,44,0,218,0,11,15,0,0,https://www.cruiseaway.com.au/last-minute-cruises,,Last Minute Cruises Cruise Deals | CruiseAway Australia,,,,text,false,true,true,false,false,false,true,,,linkrestored,2025-02-04 06:20:07,2026-04-08 03:12:24,,Simon Byholm,,,53
"Today: COPINSAY Island (Scotland, UK) info, Oct 22, 2014",https://www.interalex.net/2014/10/copinsay-island-scotland-uk-info-oct-22.html,en,,200,3.5,0,0,0,54,158,0,0,http://www.cruiseaway.com.au/cruise-port/copinsay_scotland,,"Copinsay, Scotland - Cruise Away - Cruises | Best Cheap ...",www.cruiseaway.com.au/cruise-port/copinsay_scotland Cached,,,text,false,true,false,false,false,false,true,,,linkrestored,2020-09-10 12:20:02,2026-04-26 15:10:24,,,Article > News,Travel > Tourist destinations > Islands; Entertainment; Reference > Geographic reference,1
CruiseAway: SAVE and SAIL | Milled,https://milled.com/cruiseaway-by-dreamlines-pty-ltd/save-and-sail-Y1kQpGDpm35gOX81,en,,200,74,0,24993,0,4,24,0,0,https://www.cruiseaway.com.au/cruise/south-pacific-from-sydney-australia-with-the-carnival-adventure-18152462?allInclusive=false&filterParams%5BcabinKind%5D%5B0%5D=19&selectedSail=18152534,,South Pacific from Sydney,,,,text,false,true,true,false,false,false,true,,,linkfound,2026-04-14 23:49:40,2026-04-14 23:49:40,,,,,2
$1999—16-nt cruise home from Singapore inc flight & stay | Travelzoo,https://www.travelzoo.com/au/cruises/-1999-16-nt-cruise-home-from-Singapore-inc-flight-stay-3247613/,en,,200,73,0,194488,0,3,6,0,0,https://www.cruiseaway.com.au/cruise/island-rhythms-to-the-coral-coast-18777213?allInclusive=false&selectedSail=18372918&filterParams%5BcabinKind%5D%5B0%5D=19,see,our,,,,text,false,true,false,false,false,false,true,,,linkfound,2026-04-13 22:10:33,2026-04-13 22:10:33,,,,,1
Directory website list 94 | World Seo Directory,https://worldseodirectory.com/directory-website-list-94/,en,wordpress,200,18,0,0,0,5384,7223,0,0,https://www.cruiseaway.com.au/,,cruiseaway,,https://cruiseaway.com.au/,301,text,true,false,false,false,false,false,true,,,pagefound,2025-08-25 10:28:34,2026-05-07 11:48:26,,,Listing collection > Business,Reference > Listings > Business; Business > Business services > Consulting; Internet > Search engines,2
Most Visited website list 1928 | Guest Post Directory,https://guestpostwebdirectory.com/most-visited-website-list-1928/,en,wordpress,200,17,0,0,0,5400,6259,0,0,https://www.cruiseaway.com.au/,,cruiseaway,,https://cruiseaway.com.au/,301,text,true,false,false,false,false,false,true,,,pagefound,2025-12-14 18:10:02,2026-05-11 12:45:25,,,Listing collection > Business,Internet > Web services > Development; Reference > Listings > Business; Society > Other; Business > Business services; News,2
Directory website list 94 | Prime SEO Directory,https://primeseodirectory.com/directory-website-list-94/,en,wordpress,404,15,0,0,0,5273,7039,0,0,https://www.cruiseaway.com.au/,,cruiseaway,,https://cruiseaway.com.au/,301,text,true,false,false,false,false,false,true,notfound,,pagefound,2025-09-27 07:18:07,2025-10-28 13:58:53,2026-04-12 02:17:12,,,,2
Most Visited website list 94 | Link Point Directory,https://linkpointdirectory.com/most-visited-website-list-94/,en,wordpress,200,57,0,0,0,5382,7218,0,0,https://www.cruiseaway.com.au/,,cruiseaway,,https://cruiseaway.com.au/,301,text,true,false,false,false,false,false,true,,,pagefound,2025-10-05 02:13:43,2026-04-29 18:36:31,,,Listing collection > Business,Internet > Web services > Development; Business > Business services; Reference > Listings > Business; Society,2
list1008 | ICECCT Conference,https://icecct.com/list1008/,en,wordpress,200,8,0,0,5,5366,7237,0,0,https://www.cruiseaway.com.au/,,cruiseaway,,https://cruiseaway.com.au/,301,text,true,false,false,false,false,false,true,,,linkrestored,2024-09-26 22:09:41,2026-03-29 06:11:56,,,Listing collection > Event,Society > Social sciences; Entertainment > Events > Conventions; Science; Reference,1
CruiseAway: Bundle & Save: Get Up to $500 Onboard Credit for 2026 Cruises! | Milled,https://milled.com/cruiseaway-by-dreamlines-pty-ltd/bundle-and-save-get-up-to-500-onboard-credit-for-2026-cruises-h2ITMNEbIVmVX016,en,,200,74,0,24993,0,4,27,0,0,https://www.cruiseaway.com.au/cruise/australia-from-white-bay-sydney-australia-with-the-carnival-adventure-18152573?allInclusive=false&selectedSail=18152574,,Tasmania from Sydney,,,,image,false,true,true,false,false,false,true,,,pagefound,2026-04-09 12:17:03,2026-04-09 12:17:03,,,,,1
Page 1 Rankings for Agency Clients Using Only Purchased SEO Services — Is This Possible in 2025? My Real-World Experiment Says Yes — PremiumSEOLinks — Elite Links for Sites That Demand the Very Best.,https://premiumseolinks.shop/4obtmh5-silo-based-seo-services-result-network-of-sites-month-by-month-progress/,en,,200,0,0,0,0,8230,9899,0,0,https://www.cruiseaway.com.au/,,High-ROI Multilingual Guest Posts + High-Quality Dofollow Backlinks for dreamlines.cn — Majestic Trust Flow TF • Ahrefs Domain Rating DR • Moz Domain Authority DA Boost — Dominate Google Search Results — Global SEO • Any Market • Any Industry,,https://dreamlines.cn/,301,text,false,false,true,false,false,false,true,,,pagefound,2026-05-10 18:19:27,2026-05-10 18:19:27,,,Article > Opinion,Internet > Web services > SEO and marketing; Business > Marketing > Marketing,1
Australian Marketing Trends to the Watch in 2024 – AdNews | Development Mi,https://developmentmi.com/australian-marketing-trends-to-the-watch-in-2024-adnews/,en,wordpress,200,45,0,0,14,2327,3898,0,0,https://www.cruiseaway.com.au/,,cruiseaway,,https://cruiseaway.com.au/,301,text,true,true,false,false,false,true,true,,,pagefound,2024-10-26 22:14:16,2026-04-21 15:27:07,,,Article > Insights,Business > Marketing > Marketing,2
,http://www.secretsearchenginelabs.com/find/gratuities,en,,200,44,0,218,0,10,16,0,0,https://www.cruiseaway.com.au/all-inclusive,,All-Inclusive Cruises 2026 - 2027 | Best Offers on CruiseAway,,,,text,false,true,true,false,false,false,true,,,pagefound,2024-06-25 12:00:48,2026-03-24 20:55:49,,Simon Byholm,,,26
"CruiseAway: Sail Smarter, Relax Better 🛳️✨ — Exclusive Cruise Collection | Milled",https://milled.com/cruiseaway-by-dreamlines-pty-ltd/sail-smarter-relax-better-exclusive-cruise-collection-vgfVB6mlvVQ4m06T,en,,200,74,0,24993,0,4,23,0,0,https://www.cruiseaway.com.au/cruises/australia,,Cruises from Australia,,,,image,false,true,true,false,false,false,true,,,pagefound,2026-04-15 04:19:41,2026-04-15 04:19:41,,,,,9
CruiseAway: The Luck of the Irish is With You 🍀 | Milled,https://milled.com/cruiseaway-by-dreamlines-pty-ltd/the-luck-of-the-irish-is-with-you-B3A8mvcsdIRrl--f,en,,200,74,0,24993,0,5,25,0,0,https://www.cruiseaway.com.au/cruise/hawaii-from-sydney-australia-with-the-crown-princess-18537755,,"Hawaii from Sydney, Australia with the Crown Princess",,,,text,false,true,true,false,false,false,true,,,pagefound,2026-04-15 04:19:40,2026-04-15 04:19:40,,,,,2
"Running My Small Business, I've Always Known How Critical SEO Is but Customizing Keywords Made Me Feel Intimidated Until Researching SEOExpress.org. This Exceptional Team Helped Negotiate Top Keywords for My Niche Resulting in Visible Traffic Growth of Two Hundred Fifty Percent Plus Real Conversions Started Happening—It's Truly Remarkable! ★★★★★ 🌟 — SEO High Ranking",https://seo-high-ranking.shop/running-my-small-business-have-always-known-how-critical-seo-is-but-customizing-keywords-made-me-feel-intimidated-until-researching-seoexpress-an-exceptional-team-helped-negotiate-top,en,,200,29,0,0,36,5233,8694,0,0,https://www.cruiseaway.com.au/,,There was a time when cruiseaway.com.au didn't attract any attention at all—it was disheartening! Then came along SEOExpress.org's outstanding guest posting services: overnight it seemed my authority grew tremendously as well as my visitor count shot through the roof by an astonishing +280%! That kind of result is hard not to love; go check out what they offer 🌟,,https://cruiseaway.com.au/,301,text,true,false,true,false,false,false,true,,,linkfound,2026-04-19 02:26:21,2026-05-07 02:26:53,,,Article > Story,Internet > Web services > SEO and marketing; Business > Small business > Business formation,2
CruiseAway: Your Once-in-a-Lifetime Golden Triangle & Glittering Emirates Luxury Journey - Party with Derek our TV presenter ✨ | Milled,https://milled.com/cruiseaway-by-dreamlines-pty-ltd/your-once-in-a-lifetime-golden-triangle-and-glittering-emirates-luxury-journey-06vRKKsLGlqElvHH,en,,200,74,0,24993,0,3,3,0,0,https://www.cruiseaway.com.au/,,"French Polynesia from Sydney, Australia with the Anthem of the Seas",,,,text,false,false,true,false,false,false,true,,,linkfound,2026-04-15 04:19:35,2026-04-15 04:19:35,,,,,4
Directory website list 1977 | Weebly Directory,https://weeblydirectory.com/directory-website-list-1977/,en,wordpress,404,15,0,0,0,5372,7161,0,0,https://www.cruiseaway.com.au/,,dreamlines.com.au,,https://dreamlines.com.au/,301,text,true,false,false,false,false,false,true,notfound,,pagefound,2025-08-31 11:14:35,2025-10-21 10:17:50,2026-04-20 16:43:38,,,,1
Cruise Away by Dreamlines – World Tourism Directory,https://www.worldtourism.directory/cruise-away-by-dreamlines/,en,wordpress,200,0,0,0,0,33,65,0,0,https://www.cruiseaway.com.au/,,https://www.cruiseaway.com.au,,,,text,false,false,false,false,false,false,true,,,linkfound,2026-05-11 04:46:13,2026-05-11 04:46:13,,,,,1
Sherrard Island - Island - geo.wikisort.org,https://geo.wikisort.org/island/en/Island/Sherrard_Island,,,200,13,0,2,0,5,5,0,0,http://www.cruiseaway.com.au/cruise-port/sherrard-island-queensland,,"""Sherrard Island, Queensland""",. CruiseAway (cruiseaway.com.au). 2011,,,text,false,true,false,false,false,false,true,,,pagefound,2026-05-04 13:17:56,2026-05-04 13:17:56,,,,,1
"CruiseAway: Boutique Voyages, Extraordinary Worlds | Milled",https://milled.com/cruiseaway-by-dreamlines-pty-ltd/boutique-voyages-extraordinary-worlds-vwtlLVXjuO10nZwI,en,,200,74,0,24993,0,4,29,0,0,https://www.cruiseaway.com.au/cruise/scenic-switzerland-by-train-romantic-rhine-river-cruise-18187454?selectedSail=18187477,,Scenic Switzerland by train & Romantic Rhine river cruise,,,,text,false,true,true,false,false,false,true,,,pagefound,2026-05-09 02:16:35,2026-05-09 02:16:35,,,,,1
"New Zealand is open for travel and luckily, it’s still affordable | Dungog Chronicle | Dungog, NSW",https://www.dungogchronicle.com.au/story/7910925/new-zealand-is-open-for-travel-and-luckily-its-still-affordable/,en,,200,36,0,151,0,24,31,0,0,https://www.cruiseaway.com.au/cruise/journey-from-melbourne-with-the-queen-elizabeth-queen-elizabeth-15235953,,Get the deal here,,,,text,false,false,false,false,false,false,true,,,linkfound,2026-05-09 03:12:52,2026-05-09 03:12:52,,,,,2
▷ Esperanza (polární stanice) - Česká Wikipedie,https://www.czech.wiki/wiki/Esperanza_(pol%C3%A1rn%C3%AD_stanice),cs,,0,16,0,0,0,10,14,0,0,http://www.cruiseaway.com.au/cruise-port/esperanza_station,Archivovaná kopie.www.cruiseaway.com.au[online]. [cit. 2014-06-08]. Dostupné v archivu pořízeném z,originálu,dne 2014-07-06.,,,text,false,false,true,false,false,false,true,,tooold,pagefound,2024-09-18 23:40:40,2025-08-20 09:33:02,2026-04-15 21:54:15,,,,1
"Running My Small Business, I've Always Known How Critical SEO Is but Customizing Keywords Made Me Feel Intimidated Until Researching SEOExpress.org. This Exceptional Team Helped Negotiate Top Keywords for My Niche Resulting in Visible Traffic Growth of Two Hundred Fifty Percent Plus Real Conversions Started Happening—It's Truly Remarkable! ★★★★★ 🌟 — High SEO Ranking",https://highseoranking.shop/running-my-small-business-have-always-known-how-critical-seo-is-but-customizing-keywords-made-me-feel-intimidated-until-researching-seoexpress-an-exceptional-team-helped-negotiate-top,en,,200,29,0,0,36,5233,8695,0,0,https://www.cruiseaway.com.au/,,There was a time when cruiseaway.com.au didn't attract any attention at all—it was disheartening! Then came along SEOExpress.org's outstanding guest posting services: overnight it seemed my authority grew tremendously as well as my visitor count shot through the roof by an astonishing +280%! That kind of result is hard not to love; go check out what they offer 🌟,,https://cruiseaway.com.au/,301,text,true,false,true,false,false,false,true,,,linkfound,2026-05-07 06:38:22,2026-05-07 06:38:22,,,Article > Story,Internet > Web services > SEO and marketing; Business > Small business > Business formation,1
"التاريخ الإماراتي - TELEGRAM t.me/seo_anomaly : SEO BACKLINKS, CROSS-LINKS, TRAFFIC BOOST, LINK INDEXING",https://uaehistory.com/telegram-t-me-seo-anomaly-seo-backlinks-cross-30/,"en, ar",wordpress,0,25,0,0,0,1425,2266,0,0,https://www.cruiseaway.com.au/cruise-lines,,"SEO BACKLINKS, CROSS-LINKS, TRAFFIC BOOST, LINK INDEXING - TELEGRAM @SEO_ANOMALY",,https://www.cruiseaway.com.au/cruiseline/po-cruises,301,text,true,false,true,false,false,false,true,,tooold,pagefound,2025-06-03 20:27:19,2025-09-04 19:34:38,2026-04-21 04:10:06,,,,14
,https://www.123cashbacks.com/au/redirect/shop/64050,,,302,2.5,0,930,0,1,1,0,0,http://www.cruiseaway.com.au/,,,,,,redirect,false,false,false,false,false,false,true,,,pagefound,2025-12-18 07:10:38,2026-04-05 21:46:29,,,,,1
Directory website list 1928 | Ai Article Directory,https://aiarticledirectory.com/directory-website-list-1928/,en,wordpress,404,13,0,0,0,5148,5515,0,0,https://www.cruiseaway.com.au/,,cruiseaway,,https://cruiseaway.com.au/,301,text,true,false,false,false,false,false,true,notfound,,pagefound,2025-09-05 08:18:29,2025-12-03 06:06:25,2026-04-29 05:13:41,,,,2
Most Visited website list 1928 | Seo Websites Directory.com,https://seowebsitesdirectory.com/most-visited-website-list-1928/,en,wordpress,200,16,0,0,0,5413,6282,0,0,https://www.cruiseaway.com.au/,,cruiseaway,,https://cruiseaway.com.au/,301,text,true,false,false,false,false,false,true,,,pagefound,2025-10-03 11:46:02,2026-05-07 17:00:49,,,Listing collection > Business,Internet > Web services > SEO and marketing; Business > Business services > Consulting,2
CruiseAway: 🚢 Set Sail with Carnival – Exclusive Offers + Massive Savings Inside! | Milled,https://milled.com/cruiseaway-by-dreamlines-pty-ltd/set-sail-with-carnival-exclusive-offers-massive-savings-inside-IdkjXtBfU8i8Kc7R,en,,200,74,0,24993,0,4,27,0,0,https://www.cruiseaway.com.au/cruise/coastal-cities-exotic-isles-18117967?selectedSail=18117978,,Coastal Cities & Exotic Isles,,,,image,false,true,true,false,false,false,true,,,pagefound,2026-05-10 03:07:10,2026-05-10 03:07:10,,,,,1
Cruises – AUS Explore My Store,https://www.exploremystore.com/aisle/cruises/?dist_type=delivered&ws_filter=all&payment_filter=all&aisle_filter=all,en,"ecommerce, wordpress",200,0.4,0,0,0,50,164,0,0,https://www.cruiseaway.com.au/,,Explore This Store,,,,text,true,true,false,false,false,false,true,,,pagefound,2024-06-14 14:39:08,2026-02-08 13:12:51,,,,,10
CruiseAway: ✨ Spotlight on Spain & The Canary Islands: December Deals inside!🌊 | Milled,https://milled.com/cruiseaway-by-dreamlines-pty-ltd/spotlight-on-spain-and-the-canary-islands-december-deals-inside-VOPokCbQFoKcb0LY,en,,200,74,0,24993,0,3,3,0,0,https://www.cruiseaway.com.au/,,"Australia from Brisbane, Australia with the Carnival Luminosa",,,,text,false,true,true,false,false,false,true,,,linkfound,2026-04-09 12:16:46,2026-04-09 12:16:46,,,,,4
"CruiseAway: Ready, Set, Sail! (Whenever You Want) | Milled",https://milled.com/cruiseaway-by-dreamlines-pty-ltd/ready-set-sail-whenever-you-want-AsbZC2RDMIxu478f,en,,200,74,0,24993,0,4,37,0,0,https://www.cruiseaway.com.au/cruises/hawaii,,Hawaii Cruises,,,,image,false,false,true,false,false,false,true,,,pagefound,2026-04-17 16:19:40,2026-04-17 16:19:40,,,,,1
,http://papasearch.net/ClaudeMonet21.html,en,,200,16,0,0,0,1723,5290,0,0,https://www.cruiseaway.com.au/ship/sea-princess?pager%5Bcurrent%5D=4,Sea Princess - CruiseAway,https://www.cruiseaway.com.au/ship/sea-princess?pager[current]=4,... a shuffleboard and a sports court where you can,,,text,true,true,false,false,false,false,true,,,linkrestored,2020-01-23 21:44:59,2026-04-29 03:00:06,,,Listing collection > Event,Society > Social sciences > Other; Entertainment > Other; Reference > Humanities; Books,1
Most Visited website list 1977 | Media Post Directory,https://mediapostdirectory.com/most-visited-website-list-1977/,en,wordpress,200,56,0,0,0,5399,7129,0,0,https://www.cruiseaway.com.au/,,dreamlines.com.au,,https://dreamlines.com.au/,301,text,true,false,false,false,false,false,true,,,pagefound,2025-10-01 21:14:47,2026-05-06 00:48:44,,,Listing collection > Business,Internet > Web services > Analytics; News > Business news; Business > Business services; Reference > Listings > Business; Entertainment,1
👲 Domain Report 👲,https://bye.fyi/report/93364,en,,200,48,0,0,0,3649,4108,0,0,https://www.cruiseaway.com.au/,visit the site,dreamlines.com.au,&nbsp,https://dreamlines.com.au/,301,text,true,true,true,false,false,false,true,,,pagefound,2026-01-12 06:16:24,2026-01-12 06:16:24,,,Site page > Home,Internet > Web services > Development,1
Directory website list 1976 | Smart Directory hub,https://smartdirectoryhub.com/directory-website-list-1976/,en,wordpress,200,19,0,0,0,5403,7181,0,0,https://www.cruiseaway.com.au/,,cruiseaway.com.au,,https://cruiseaway.com.au/,301,text,true,false,false,false,false,false,true,,,pagefound,2025-10-01 13:50:20,2026-05-09 14:12:09,,,Listing collection > Business,Business > Business services > Consulting; Internet > Web services; Reference > Listings > Business,1
"New Zealand is open for travel and luckily, it’s still affordable | Bay Post-Moruya Examiner | Batemans Bay, NSW",https://www.batemansbaypost.com.au/story/7910925/new-zealand-is-open-for-travel-and-luckily-its-still-affordable/,en,,200,43,0,2267,0,21,30,0,0,https://www.cruiseaway.com.au/cruise/journey-from-melbourne-with-the-queen-elizabeth-queen-elizabeth-15235953,,Get the deal here,,,,text,false,false,false,false,false,false,true,,,linkfound,2026-05-07 11:22:02,2026-05-07 11:22:02,,,,,2
,http://www.secretsearchenginelabs.com/find/ocean%20cruise,en,,200,44,0,218,0,6,15,0,0,https://www.cruiseaway.com.au/cruise-deals,,Cruise Deals with up to -35% | CruiseAway,,,,text,false,true,true,false,false,false,true,,,pagefound,2025-08-24 21:50:17,2026-02-01 15:49:16,,Simon Byholm,,,21
"CruiseAway: Royal Caribbean Exclusive - Royal Beach Club Lelepa, Vanuatu | Milled",https://milled.com/cruiseaway-by-dreamlines-pty-ltd/royal-caribbean-exclusive-royal-beach-club-lelepa-vanuatu-LwS8HuVOOzR3BUoD,en,,200,74,0,24993,0,4,23,0,0,https://www.cruiseaway.com.au/cruise/south-pacific-from-sydney-australia-with-the-carnival-adventure-18151532,,"South Pacific from Sydney, Australia with the Carnival Adventure",,,,text,false,true,true,false,false,false,true,,,pagefound,2026-04-15 06:00:58,2026-04-15 06:00:58,,,,,3
CruiseAway: ✨Perfect Princess Inclusive Packages – 2026 departures🌊 | Milled,https://milled.com/cruiseaway-by-dreamlines-pty-ltd/perfect-princess-inclusive-packages-2026-departures-63aj4pO9fvVGbIYB,en,,200,74,0,24993,0,3,3,0,0,https://www.cruiseaway.com.au/,,"Australia from Perth (Fremantle), Australia with the Sapphire Princess",,,,text,false,true,true,false,false,false,true,,,linkfound,2026-04-03 19:38:52,2026-04-03 19:38:52,,,,,11
"Today: URK (Island) (Netherlands) Info, Nov 01, 2013",https://www.interalex.net/2013/11/urk-island-netherlands-info-nov-01-2013.html,en,,200,3.5,0,0,0,56,103,0,0,http://www.cruiseaway.com.au/cruise-port/urk-netherlands,,"Urk, Netherlands - Cruise Away - Cruises | Best Cheap Cruises ...",www.cruiseaway.com.au/cruise-port/urk-netherlands Cached,,,text,false,true,false,false,false,false,true,,,linkrestored,2020-09-23 17:16:38,2026-04-29 07:37:06,,,Article > News,Reference > Geographic reference; Entertainment; News > Local news; Society,1
,http://www.secretsearchenginelabs.com/find/carnival%20cruise%20lines,en,,200,44,0,218,0,7,12,0,0,https://www.cruiseaway.com.au/christmas-cruises,,Christmas Cruises 2025 Save up to -47% on CruiseAway,,,,text,false,true,true,false,false,false,true,,,pagefound,2024-05-28 07:29:48,2025-12-04 22:40:04,,Simon Byholm,,,6
CruiseAway: Hop Into Egg-stra Special Getaways 🐣🚢 | Milled,https://milled.com/cruiseaway-by-dreamlines-pty-ltd/hop-into-egg-stra-special-getaways-2TC7NWIa36FDnW7e,en,,200,74,0,24993,0,4,25,0,0,https://www.cruiseaway.com.au/cruise/new-zealand-from-sydney-australia-with-the-celebrity-edge-17287754?allInclusive=false&filterParams%5BcabinKind%5D%5B0%5D=19&selectedSail=17803626,,Edge to New Zealand,,,,text,false,true,true,false,false,false,true,,,pagefound,2026-04-17 11:24:21,2026-04-17 11:24:21,,,,,1
Directory website list 1928 | Link Boost Directory,https://linkboostdirectory.com/directory-website-list-1928/,en,wordpress,200,18,0,0,0,5399,6259,0,0,https://www.cruiseaway.com.au/,,cruiseaway,,https://cruiseaway.com.au/,301,text,true,false,false,false,false,false,true,,,pagefound,2025-08-27 21:22:40,2026-05-08 10:37:32,,,Listing collection > Business,Business > Business services > Consulting; Reference > Listings > Business; Internet > Web services,2
CruiseAway: ✨ Two Unforgettable Journeys Through Southeast Asia - Huge savings & incredible inclusions | Milled,https://milled.com/cruiseaway-by-dreamlines-pty-ltd/two-unforgettable-journeys-through-southeast-asia-huge-savings-and-incredible-n9k4DgWHJtRFKDza,en,,200,74,0,24993,0,5,20,0,0,https://www.cruiseaway.com.au/,,View this e-mail in your browser.,,,,text,false,true,true,false,false,false,true,,,linkfound,2026-04-16 19:47:46,2026-04-16 19:47:46,,,,,38
"Search Companies in Varsity-lakes, Australia | Selling.com",https://selling.com/company-search/location--australia--queensland--varsity-lakes?page=1,en,,200,28,0,714,0,25,52,0,0,https://www.cruiseaway.com.au/,,Visit Website,,"http://cruiseaway.com.au/, https://cruiseaway.com.au/","301, 301",text,true,false,false,false,false,false,true,,,pagefound,2026-04-20 09:55:52,2026-04-20 09:55:52,,,,,5
Blockchain Trends – The Future of Digital Innovation – My Blog,https://marketingexperts.click/?p=336927,en,wordpress,200,18,0,0,0,2713,3595,0,0,https://www.cruiseaway.com.au/,dreamlandmagazine.com.au dreamlimousines.com.au,dreamlines.com.au,dreamnannies.com.au dreampiece.com.au,https://dreamlines.com.au/,301,text,true,true,true,false,false,false,true,,,pagefound,2026-02-25 11:28:51,2026-04-07 00:50:22,,,,,2
Directory website list 94 | Seo Traffic Directory,https://seotrafficdirectory.com/directory-website-list-94/,en,wordpress,200,18,0,0,0,5388,7227,0,0,https://www.cruiseaway.com.au/,,cruiseaway,,https://cruiseaway.com.au/,301,text,true,false,false,false,false,false,true,,,pagefound,2025-09-28 06:49:00,2026-05-10 00:12:58,,,Listing collection > Business,Business > Business services > Consulting; Reference > Listings > Business; Internet > Search engines,2
www.Cruiseaway.com.au - Cruises | Best Cheap Cruises,http://au.urlm.com/www.cruiseaway.com.au,en,,200,25,0,1529,0,4,5,0,0,http://www.cruiseaway.com.au/,,Go to website,,,,text,false,false,true,false,false,false,true,,,pagefound,2024-09-05 15:38:03,2026-04-07 06:36:07,,,,,3
"Today: LOUISIADE Archipelago (Papua New Guinea) Info, Dec 24, 2011",https://www.interalex.net/2011/12/louisiade-archipelago-papua-new-guinea.html,en,,200,3.5,0,0,0,91,169,0,0,http://www.cruiseaway.com.au/cruise-port/louisiade_archipelago,,Louisiade Archipelago - Cruise Away - Cruises | Best Cheap ...,,,,text,false,false,false,false,false,false,true,,,linkrestored,2020-12-18 09:49:46,2026-04-20 19:11:39,,,Article > News,Reference > Geographic reference > Maps; News > World news; Travel > Tourist destinations > Islands,1
"Today: RANGIROA, Tuamotus (French Polynesia) Info, Mar 08, 2011",https://www.interalex.net/2011/03/rangiroa-tuamotus-french-polynesia-info.html,en,,200,3.5,0,0,0,94,292,0,0,http://www.cruiseaway.com.au/cruise-port/rangiroa_french_polynesia,,"Rangiroa, French Polynesia - Cruise Away",,,,text,false,true,false,false,false,false,true,,,linkrestored,2020-12-18 09:30:55,2026-04-26 11:56:29,,,Article > News,Travel > Tourist destinations > Islands; Entertainment,3
"CruiseAway: Seasons of the Orient & Southeast Asia - Tours, Transfers, Drinks Included! | Milled",https://milled.com/cruiseaway-by-dreamlines-pty-ltd/seasons-of-the-orient-and-southeast-asia-tours-transfers-drinks-included--EL0QC32QfLT4UtM,en,,200,74,0,24993,0,4,27,0,0,https://www.cruiseaway.com.au/cruise/sparkling-autumn-jewels-of-asia-18514993,,Sparkling Autumn Jewels of Asia,,,,text,false,true,true,false,false,false,true,,,pagefound,2026-05-09 08:24:11,2026-05-09 08:24:11,,,,,1
bestweddingdirectory.com | few of top websites | page no. 350,https://www.bestweddingdirectory.com/domain-list-350,en,,200,4.6,0,0,0,1077,2109,0,0,https://www.cruiseaway.com.au/,,cruiseaway.com.au,,"http://cruiseaway.com.au/, https://cruiseaway.com.au/","301, 301",text,true,true,true,false,false,false,true,,,linkrestored,2025-08-13 05:36:25,2026-01-30 15:40:27,,,Listing collection > Business,Society > Relationships > Marriage; Business,2
Most Visited website list 1977 | Seo Websites Directory.com,https://seowebsitesdirectory.com/most-visited-website-list-1977/,en,wordpress,200,16,0,0,0,5403,7154,0,0,https://www.cruiseaway.com.au/,,dreamlines.com.au,,https://dreamlines.com.au/,301,text,true,false,false,false,false,false,true,,,pagefound,2025-10-03 16:19:36,2026-05-08 13:30:03,,,Listing collection > Business,Internet > Web services > SEO and marketing; Business > Business services,1
How Data Science and AI Are the Transforming Marketing Research | Directory Of Link,https://directoryoflink.com/how-data-science-and-ai-are-the-transforming-marketing-research/,en,wordpress,200,22,0,0,44,3510,4764,0,0,https://www.cruiseaway.com.au/,,cruiseaway,,https://cruiseaway.com.au/,301,text,true,true,false,false,false,false,true,,,pagefound,2024-12-13 15:00:52,2026-04-21 08:31:31,,,Article > Insights,Business > Marketing > Marketing; Science > Computer science; Internet > Web services,1
How Data Science and AI Are the Transforming Marketing Research | Website Hubs,https://websitehubs.com/how-data-science-and-ai-are-the-transforming-marketing-research/,en,wordpress,200,25,0,0,14,3510,4766,0,0,https://www.cruiseaway.com.au/,,cruiseaway,,https://cruiseaway.com.au/,301,text,true,true,false,false,false,true,true,,,pagefound,2024-12-13 10:05:26,2026-04-21 04:44:32,,,Article > Insights,Business > Marketing > Marketing; Internet > Web services > SEO and marketing; Science,2
Directory website list 1928 | Web directory zone,https://webdirectoryzone.com/directory-website-list-1928/,en,wordpress,0,24,0,0,0,5291,6056,0,0,https://www.cruiseaway.com.au/,,cruiseaway,,https://cruiseaway.com.au/,301,text,true,false,false,false,false,false,true,,tooold,linkfound,2025-08-07 22:55:56,2025-08-07 22:55:56,2026-04-11 06:35:39,,,,1
Mamie Till: The Mother Who Sparked a Movement – My Blog,https://marketingexperts.click/?p=327971,en,wordpress,200,18,0,0,0,2793,3669,0,0,https://www.cruiseaway.com.au/,dreamlineconstructioninc.com dreamlines.com,dreamlines.com.au,dreamlines.de dreamlivingrealty.com,https://dreamlines.com.au/,301,text,true,true,true,false,false,false,true,,,pagefound,2026-02-10 05:30:45,2026-04-09 16:25:56,,,,,1
✅ Website Stats 📊,https://optimizeflow.top/stats/66850,en,,200,38,0,0,0,3697,4141,0,0,https://www.cruiseaway.com.au/,try this website,cruise-away.com.au,&nbsp,https://cruise-away.com.au/,301,text,true,true,true,false,false,false,true,,,pagefound,2026-02-01 23:58:52,2026-04-07 17:44:42,,,Listing collection > Business,Internet > Web services > Analytics; Reference,1
campingtours.in | few of top websites | page no. 350,http://www.campingtours.in/domain-list-350,en,,200,4.3,0,0,0,1077,2116,0,0,https://www.cruiseaway.com.au/,,cruiseaway.com.au,,"http://cruiseaway.com.au/, https://cruiseaway.com.au/","301, 301",text,true,true,true,false,false,false,true,,,linkrestored,2025-06-10 18:18:11,2026-02-12 02:07:36,,,Site page > Services,Travel > Specialty travel > Adventure travel; Internet,1
CruiseAway: Sail Princess from just $49pp Deposit - Exclusive to us! | Milled,https://milled.com/cruiseaway-by-dreamlines-pty-ltd/sail-princess-from-just-49pp-deposit-exclusive-to-us-2VYWszpP3x2i_sJ6,en,,200,74,0,24993,0,4,32,0,0,https://www.cruiseaway.com.au/cruise/australia-from-sydney-australia-with-the-royal-princess-16934476?allInclusive=false&selectedSail=17857486,,Great Barrier Reef from Sydney,,,,text,false,true,true,false,false,false,true,,,linkfound,2026-05-10 07:24:10,2026-05-10 07:24:10,,,,,4
"Today: UTÖ ISLAND (Finland) Info, May 21, 2013",https://www.interalex.net/2013/05/uto-island-finland-info-may-21-2013.html,en,,200,3.5,0,0,0,81,154,0,0,http://www.cruiseaway.com.au/cruise-port/jurmo_island_finland?offset=6,,"Jurmo Island, Finland - Cruise Away - Cruises | Best Cheap ...",,,,text,false,true,false,false,false,false,true,,,linkrestored,2020-12-17 17:14:32,2026-04-25 23:44:43,,,Article > Wiki,Reference > Geographic reference > Maps; Entertainment > Music; Travel > Tourist destinations > Islands,7
"Expert SEO Backlinks and Authority Guest Posting Services for Gambling,igaming,Casino,Crypto,vapes and Other Highly Competitive Markets – Improve Google Rankings, Build Powerful Backlinks and Increase Organic Traffic with High DR and DA Websites – Experts SEO Backlinks and Authority Guest Posting Services for Gambling,igaming,Casino,Crypto,vapes and Other Highly Competitive Markets – Improve Google Rankings, Build Powerful Backlinks and Increase Organic Traffic with High DR and DA Websites",https://seogeko.shop/premium-seo-backlinks-to-boost-website-google-rankings-5050-8/,en,wordpress,200,16,0,0,0,3627,4161,0,0,https://www.cruiseaway.com.au/,,"Premium SEO Backlinks dreamlines.com.au Provides High-Quality Authority Backlinks, Professional Guest Posting, and Advanced Link Building Services to Boost Google Rankings, Drive Targeted Organic Traffic, and Strengthen Website Authority in Gambling, Casino, Crypto, and Competitive Markets",,https://dreamlines.com.au/,301,text,true,false,true,false,false,false,true,,,linkfound,2026-05-07 11:22:48,2026-05-07 11:22:48,,,Site page > Services,Internet > Web services > SEO and marketing; Games > Gambling > Other; Business > Marketing > Marketing,2
Most Visited website list 1928 | Website Post Directory,https://webpostdirectory.com/most-visited-website-list-1928/,en,wordpress,200,21,0,0,0,5397,6260,0,0,https://www.cruiseaway.com.au/,,cruiseaway,,https://cruiseaway.com.au/,301,text,true,false,false,false,false,false,true,,,pagefound,2025-09-29 20:04:31,2026-04-28 01:34:32,,,Listing collection > Business,Internet > Web services > Development; Business > Business services; Reference > Listings > Business; News,2
"Running My Small Business, I've Always Known How Critical SEO Is but Customizing Keywords Made Me Feel Intimidated Until Researching SEOExpress.org. This Exceptional Team Helped Negotiate Top Keywords for My Niche Resulting in Visible Traffic Growth of Two Hundred Fifty Percent Plus Real Conversions Started Happening—It's Truly Remarkable! ★★★★★ 🌟 — SEO Express Shop",https://seoexpress.shop/running-my-small-business-have-always-known-how-critical-seo-is-but-customizing-keywords-made-me-feel-intimidated-until-researching-seoexpress-an-exceptional-team-helped-negotiate-top,en,,200,28,0,0,36,5233,8702,0,0,https://www.cruiseaway.com.au/,,There was a time when cruiseaway.com.au didn't attract any attention at all—it was disheartening! Then came along SEOExpress.org's outstanding guest posting services: overnight it seemed my authority grew tremendously as well as my visitor count shot through the roof by an astonishing +280%! That kind of result is hard not to love; go check out what they offer 🌟,,https://cruiseaway.com.au/,301,text,true,false,true,false,false,false,true,,,pagefound,2026-04-25 15:40:04,2026-05-09 15:34:50,,,Article > Story,Internet > Web services > SEO and marketing; Business > Small business > Business formation,1
"Save on travel adventures at Click Frenzy's big event for 2025 | Inner East Review | Melbourne, Victoria",https://www.innereastreview.com.au/story/9043916/save-on-travel-adventures-at-click-frenzys-big-event-for-2025/,en,,200,38,0,1259,0,25,43,0,0,https://www.cruiseaway.com.au/cruise-deals,,Cruiseaway,- $400 onboard credit and reduced deposits on cruises,,,text,false,true,false,false,false,false,true,,,pagefound,2025-08-28 05:45:44,2026-05-11 07:43:08,,,,,1
"Today: WEST FALKLAND (Falkland Islands) Info, Dec 28, 2011",https://www.interalex.net/2011/12/west-falkland-falkland-islands-info-dec.html,en,,200,3.5,0,0,0,96,186,0,0,http://www.cruiseaway.com.au/cruise-port/jason_islands_falklands,,"Jason Islands, Falklands - Cruise Away - Cruises | Best Cheap ...",,,,text,false,false,false,false,false,false,true,,,linkrestored,2020-12-18 02:55:32,2026-04-27 23:52:40,,,Article > Roundup,Travel > Tourist destinations > Islands,1
Most Visited website list 1977 | Guest Post Directory,https://guestpostsdirectory.com/most-visited-website-list-1977/,en,wordpress,200,18,0,0,0,5398,7131,0,0,https://www.cruiseaway.com.au/,,dreamlines.com.au,,https://dreamlines.com.au/,301,text,true,false,false,false,false,false,true,,,pagefound,2025-08-27 19:37:50,2026-04-28 00:18:00,,,Listing collection > Business,Internet > Web services > Development; Business > Business services > Consulting; Reference > Listings,1
Today,https://www.interalex.net/search?updated-max=2012-01-22T15:05:00-08:00&max-results=100&reverse-paginate=true,en,,200,3.5,0,0,0,95,159,0,0,http://www.cruiseaway.com.au/cruise-port/pago_pago_american_samoa,,Pago Pago American Samoa - Cruise Away - Cruises | Best Cheap ...,,,,text,false,false,false,false,false,false,true,,,linkfound,2025-09-29 14:21:40,2026-01-27 07:45:35,,,Article > Story,Entertainment > Music; Society; Reference; News > Local news; Travel,2
Directory website list 1977 | Saas Directory Zone,https://saasdirectoryzone.com/directory-website-list-1977/,en,wordpress,404,13,0,0,0,5180,6052,0,0,https://www.cruiseaway.com.au/,,dreamlines.com.au,,https://dreamlines.com.au/,301,text,true,false,false,false,false,false,true,notfound,,pagefound,2025-09-06 17:56:23,2025-11-10 06:54:58,2026-04-24 08:33:00,,,,1
Most Visited website list 1976 - Website Link Directory,https://websiteslinkdirectory.com/most-visited-website-list-1976/,en,wordpress,200,18,0,0,0,5403,7175,0,0,https://www.cruiseaway.com.au/,,cruiseaway.com.au,,https://cruiseaway.com.au/,301,text,true,false,false,false,false,false,true,,,pagefound,2025-10-03 12:52:12,2026-05-09 12:33:50,,,Listing collection > Business,Internet > Web services > Development; Business > Business services > Consulting,1
"CruiseAway: Seasons of the Orient & Southeast Asia - Tours, Transfers, Drinks Included! | Milled",https://milled.com/cruiseaway-by-dreamlines-pty-ltd/seasons-of-the-orient-and-southeast-asia-tours-transfers-drinks-included--EL0QC32QfLT4UtM,en,,200,74,0,24993,0,4,27,0,0,https://www.cruiseaway.com.au/search-results?filterParams%5BdateMax%5D=1798675200&filterParams%5BdateMin%5D=1767225600&filterParams%5BinclFlight%5D=true&filterParams%5BpriceMin%5D=0&sortString=aov,,2026 PACKAGES 2026 PACKAGES,,,,image,false,true,true,false,false,false,true,,,pagefound,2026-05-09 08:24:11,2026-05-09 08:24:11,,,,,29
celebrity cruises japan 2024,http://8bitmonkey.com/4r5rrvn/celebrity-cruises-japan-2024,en,,200,0.1,0,0,0,33,58,0,0,https://www.cruiseaway.com.au/cruises,Best of Southern Japan Yokohama / Yokohama Interior $1199 April.,Best Cruises 2022 / 2023 / 2024 with up to -50% | CruiseAway,"Located several hundred miles off the coast of Ecuador, this",,,text,true,true,false,false,false,false,true,,,pagefound,2022-12-31 15:06:20,2026-04-23 22:45:54,,,Listing collection > Event,Travel > Specialty travel > Luxury travel,1
Most Visited website list 1976 | Website World Directory,https://websiteworlddirectory.com/most-visited-website-list-1976/,en,wordpress,200,55,0,0,0,5393,7156,0,0,https://www.cruiseaway.com.au/,,cruiseaway.com.au,,https://cruiseaway.com.au/,301,text,true,false,false,false,false,false,true,,,pagefound,2025-12-11 06:21:53,2026-04-29 20:00:37,,,Listing collection > Business,Internet > Web services > Development; Business > Business services > Consulting,1
CruiseAway: 📣*REDUCED PRICES * EXCLUSIVES * LAST MINUTE DEALS * & MORE | Milled,https://milled.com/cruiseaway-by-dreamlines-pty-ltd/reduced-prices-exclusives-last-minute-deals-and-more-yTSjMmtrnbqpaBvq,en,,200,74,0,24993,0,6,23,0,0,https://www.cruiseaway.com.au/cruise/opera-house-to-hawaiian-luaus-17381976,,"Opera House to Hawaiian Luau’s from $4,499pp Opera House to Hawaiian Luau’s from $4,499pp",,,,image,false,true,true,false,false,false,true,,,pagefound,2025-01-22 19:58:08,2026-03-30 19:15:38,,,,,2
CruiseAway: The Luck of the Irish is With You 🍀 | Milled,https://milled.com/cruiseaway-by-dreamlines-pty-ltd/the-luck-of-the-irish-is-with-you-B3A8mvcsdIRrl--f,en,,200,74,0,24993,0,5,25,0,0,https://www.cruiseaway.com.au/cruise/austral-elegance-australia-to-new-zealand-18759432?filterParams%5BcabinKind%5D%5B0%5D=19&selectedSail=17988568,,Voyage to the Emerald City,,,,image,false,true,true,false,false,false,true,,,pagefound,2026-04-15 04:19:40,2026-04-15 04:19:40,,,,,17
The 7 Myths of Marketing a Service Business-9 | Way Ranks,https://wayranks.com/the-7-myths-of-marketing-a-service-business-9/,en,wordpress,200,58,0,4,0,5399,7143,0,0,https://www.cruiseaway.com.au/,,dreamlines.com.au,,https://dreamlines.com.au/,301,text,true,true,false,false,false,false,true,,,pagefound,2024-07-30 02:30:40,2026-05-06 01:34:56,,,Article > Opinion,Business > Marketing > Marketing,1
"Cruiseaway.com.au - анализ сайта, seo характеристики сайта - круисеаваы точка ком точка ау",https://prlog.ru/analysis/cruiseaway.com.au,,,200,51,0,91,0,44,251,0,0,https://www.cruiseaway.com.au/cruises/australia/darwin,,cruiseaway.com.au/cruises/australia/darwin,,https://cruiseaway.com.au/cruises/australia/darwin,301,text,false,true,true,false,false,false,true,,,linkrestored,2019-07-22 20:05:01,2026-05-07 18:56:13,,,,,1
CruiseAway: 🏦Cruise Deals That Won't Break The Bank🏦 | Milled,https://milled.com/cruiseaway-by-dreamlines-pty-ltd/cruise-deals-that-wont-break-the-bank-KArcFzneqfr4s8B5,en,,200,74,0,24993,0,6,21,0,0,https://www.cruiseaway.com.au/cruise/sydney-to-sake--sakura-17021555,,"Sydney, Sake & Sakura Sydney, Sake & Sakura",,,,image,false,true,true,false,false,false,true,,,pagefound,2025-01-22 11:35:55,2026-05-09 03:39:39,,,,,1
Directory website list 1976 | Saas Directory Zone,https://saasdirectoryzone.com/directory-website-list-1976/,en,wordpress,404,13,0,0,0,5187,6050,0,0,https://www.cruiseaway.com.au/,,cruiseaway.com.au,,https://cruiseaway.com.au/,301,text,true,false,false,false,false,false,true,notfound,,pagefound,2025-09-06 17:57:38,2025-11-10 12:14:00,2026-04-24 08:39:10,,,,1
"30 Best Local Travel Agents in Nerang, QLD 4211 | True Local",https://www.truelocal.com.au/nerang-qld-4211/travel-agents,en,,200,79,0,12515,0,19,33,0,0,https://www.cruiseaway.com.au/,,Visit Website,,,,text,false,false,true,false,false,false,true,,,pagefound,2026-05-07 07:49:46,2026-05-07 07:49:46,,,,,14
"I Remember When My Site Was on Page 10 of Google and I Thought It Would Never Rank. A Friend Recommended ITXoft.com for Affordable SEO Services. Within Two Months, I Saw My Ranking Jump to Page 1 for Eight Keywords and Organic Traffic Increased by 300 Percent. Best Decision Ever Made! ★★★★★ 🔥",https://itxoft-seo-for-modern-business.site/i-remember-when-my-site-was-on-page-10-of-google-and-i-thought-it-would-never-rank-a-friend-recommended-itxoft-for-affordable-seo-services-within-two-months-i-saw-my-ranking-jump-to-page-1-for-eight-k/,en,wordpress,200,75,0,0,0,5289,5785,0,0,https://www.cruiseaway.com.au/,,"When I launched dreamlines.com.au, I couldn't believe how hard it was getting noticed on Google search results until someone recommended ITXoft.com for keyword research and content marketing. Now? We're ranking for over fifty keywords with organic visits climbing +400%! Their approach is personalized yet affordable; it's truly the best investment I've made 🎉",,https://dreamlines.com.au/,301,text,true,true,true,false,false,false,true,,,pagefound,2026-03-22 18:19:35,2026-05-09 06:04:11,,,Article > Review,Internet > Web services > SEO and marketing; Business > Marketing > Marketing,1
"New Zealand is open for travel and luckily, it’s still affordable | Moree Champion | Moree, NSW",https://www.moreechampion.com.au/story/7910925/new-zealand-is-open-for-travel-and-luckily-its-still-affordable/,en,,200,42,0,636,0,22,29,0,0,https://www.cruiseaway.com.au/cruise/journey-from-melbourne-with-the-queen-elizabeth-queen-elizabeth-15235953,,Get the deal here,,,,text,false,false,false,false,false,false,true,,,pagefound,2026-04-13 02:40:35,2026-05-11 02:14:35,,,,,2
CruiseAway: ✨ Suitcase In Hand | Milled,https://milled.com/cruiseaway-by-dreamlines-pty-ltd/suitcase-in-hand-salKHCo5TalSsQgH,en,,200,74,0,24993,0,5,21,0,0,https://www.cruiseaway.com.au/privacy-policy,"to the respective provider. For more information, please check our",Privacy Policy,.,,,text,false,true,true,false,false,false,true,,,linkfound,2026-04-14 23:49:32,2026-04-14 23:49:32,,,,,39
fly cruise sydney to singapore,https://www.omniservices.com/toolso/u5w60i5/viewtopic.php?page=fly-cruise-sydney-to-singapore,en,,200,12,0,445,0,15,24,0,0,https://www.cruiseaway.com.au/cruise/sydney-to-singapore-splendor-16934272,do on the sea days. Haugesund | Cruises to Singapore,,will vary in different regions. | 2 nights accommodation in,,,text,false,true,false,false,false,false,true,,,linkrestored,2025-01-21 12:25:33,2026-04-04 02:02:05,,,Listing collection > Location,Travel > Travel agencies > Vacation,2
CruiseAway: ✨ Bucket-List Voyages & Close-to-Home Escapes — Book Now | Milled,https://milled.com/cruiseaway-by-dreamlines-pty-ltd/bucket-list-voyages-and-close-to-home-escapes-book-now-JgInZpgnsL_yFpX3,en,,200,74,0,24993,0,4,28,0,0,https://www.cruiseaway.com.au/search-results?filterParams%5Bcompany%5D%5B0%5D=118304&filterParams%5Bzone%5D%5B0%5D=99250&sortString=ab_test_1,,View the Deals »,,,,text,false,true,true,false,false,false,true,,,linkfound,2026-05-08 02:14:14,2026-05-08 02:14:14,,,,,11
"CruiseAway: Sail Smarter, Relax Better 🛳️✨ — Exclusive Cruise Collection | Milled",https://milled.com/cruiseaway-by-dreamlines-pty-ltd/sail-smarter-relax-better-exclusive-cruise-collection-vgfVB6mlvVQ4m06T,en,,200,74,0,24993,0,4,23,0,0,https://www.cruiseaway.com.au/cruise/australia-from-singapore-singapore-with-the-carnival-luminosa-18372917,,"Australia from Singapore, Singapore with the Carnival Luminosa",,,,text,false,true,true,false,false,false,true,,,pagefound,2026-04-15 04:19:41,2026-04-15 04:19:41,,,,,3
$1999—16-nt cruise home from Singapore inc flight & stay | Travelzoo,https://www.travelzoo.com/au/cruises/-1999-16-nt-cruise-home-from-Singapore-inc-flight-stay-3247613/,en,,200,73,0,194488,0,3,6,0,0,https://www.cruiseaway.com.au/cruise/southern-passage-spirit-travelzoo-members-18070943?filterParams%5BcabinKind%5D%5B0%5D=20&selectedSail=18463673&hlnp=1,NCL Singapore to Sydney sailing in 2028,.,That's plenty of time to plan ahead. This route traces,,,text,false,true,false,false,false,false,true,,,linkfound,2026-04-13 22:10:33,2026-04-13 22:10:33,,,,,1
Cruises – AUS Explore My Store,https://dev.exploremystore.com/aisle/cruises/?payment_filter=all&ws_filter=no&dist_type=all&aisle_filter=all,en,"ecommerce, wordpress",200,0.4,0,0,0,59,100,0,0,https://www.cruiseaway.com.au/,,,,,,image,true,false,false,false,false,false,true,,,pagefound,2025-07-30 20:28:46,2026-01-10 14:40:24,,,,,46
CruiseAway: Hop Into Egg-stra Special Getaways 🐣🚢 | Milled,https://milled.com/cruiseaway-by-dreamlines-pty-ltd/hop-into-egg-stra-special-getaways-2TC7NWIa36FDnW7e,en,,200,74,0,24993,0,4,25,0,0,https://www.cruiseaway.com.au/cruise/south-pacific-from-brisbane-australia-with-the-carnival-encounter-18151270,,"South Pacific from Brisbane, Australia with the Carnival Encounter",,,,text,false,true,true,false,false,false,true,,,pagefound,2026-04-17 11:24:21,2026-04-17 11:24:21,,,,,7
Cruiseaway.com.au - Customer Reviews,https://www.webwiki.com/cruiseaway.com.au,en,,200,74,0,149,0,3,5,0,0,https://www.cruiseaway.com.au/blog/,The blog of Cruiseaway.com.au can be found at: https://www.cruiseaway.com.au/blog/. -,Visit the blog page,,,,text,false,true,true,false,false,false,true,,,pagefound,2024-10-15 01:44:29,2026-01-25 20:58:51,,,,,1
✅ Website Stats 📊,https://analyticshaven.top/stats/66850,en,,200,40,0,0,0,3698,4135,0,0,https://www.cruiseaway.com.au/,try this website,cruise-away.com.au,&nbsp,https://cruise-away.com.au/,301,text,true,true,true,false,false,false,true,,,linkfound,2026-04-21 23:47:08,2026-04-21 23:47:08,,,Listing collection > Business,Internet > Web services > Analytics; Reference,1
CruiseAway: ✨Incredible Ship – Incredible journey’s ✨ | Milled,https://milled.com/cruiseaway-by-dreamlines-pty-ltd/incredible-ship-incredible-journeys-taaOobV88LP2mPPZ,en,,200,74,0,24993,0,5,28,0,0,https://www.cruiseaway.com.au/cruise/new-zealand-from-sydney-australia-with-the-norwegian-spirit--18808334,,Spirit of the South Pacific & Fiji,,https://www.cruiseaway.com.au/cruise/new-zealand-from-sydney-australia-with-the-norwegian-spirit-18808334?allInclusive=false&selectedSail=18808335,0,image,false,true,true,false,false,false,true,,,pagefound,2026-04-18 08:56:24,2026-04-18 08:56:24,,,,,4
CruiseAway - Travel Sites,https://travelsites4u.com/blog/cruiseaway/,en,wordpress,200,0,0,0,0,5,6,0,0,https://www.cruiseaway.com.au/,,Click here to visit CruiseAway,,,,text,false,false,false,false,false,false,true,,,linkrestored,2022-11-29 23:27:25,2026-04-30 01:29:07,,Shalini Chandel,,,2
"Today: UTÖ ISLAND (Finland) Info, May 21, 2013",https://www.interalex.net/2013/05/uto-island-finland-info-may-21-2013.html,en,,200,3.5,0,0,0,81,154,0,0,http://www.cruiseaway.com.au/cruise-port/uto_island_finland,,"Uto Island, Finland - Cruise Away - Cruises | Best Cheap ...",,,,text,false,true,false,false,false,false,true,,,linkrestored,2020-12-17 17:14:32,2026-04-25 23:44:43,,,Article > Wiki,Reference > Geographic reference > Maps; Entertainment > Music; Travel > Tourist destinations > Islands,1
The Ultimate Guide to Royal Caribbean Cruises for Senior Travellers – Seniors Travel Club,https://seniorstravelclub.com.au/cruise-lines/royal-caribbean/,en,wordpress,200,6,0,1,0,41,76,0,0,https://www.cruiseaway.com.au/cruises/australia,,https://www.cruiseaway.com.au/cruises/australia,,,,text,false,false,false,false,false,false,true,,,pagefound,2026-03-05 10:12:50,2026-05-07 10:22:17,,,Article > Guide,Travel > Specialty travel > Luxury travel,1
Explore the Seas: A Realistic Guide to 3-Day Cruises from Fremantle,https://easy-web-reads.ghost.io/explore-the-seas-a-realistic-guide-to-3-day-cruises-from-fremantle/,en,,200,85,0,26000,0,9,14,0,0,https://www.cruiseaway.com.au/cruises/fremantle,,www.cruiseaway.com.au/cruises/fremantle?,,,,text,false,true,false,false,false,false,true,,,linkfound,2026-04-06 14:34:20,2026-05-08 10:48:38,,Joe Davis,,,1
Cruising made easy: Smart tips for a relaxed and rewarding journey | Seniors Discount Club,https://seniorsdiscountclub.com.au/threads/cruising-made-easy-smart-tips-for-a-relaxed-and-rewarding-journey.87783/,en,,200,29,0,440,0,15,19,0,0,https://www.cruiseaway.com.au/early-bird-cruise-specials,,"Booking early often gives you the best spread of cabin locations, dining preferences, and flight options (if you’re adding travel)*",. It also gives you time to choose shore experiences,,,text,false,true,false,false,false,false,true,,,pagefound,2026-02-04 14:22:58,2026-04-05 16:46:35,,,,,1
Buy Powerful High-Quality Dofollow SEO Backlinks to Rank on Google’s 1st Page – Rank Top – Boost Your Website Ranking,https://rank-top.click/m4xb-take-your-website-to-the-top-with-expert-seo/,en,wordpress,200,74,0,0,28,6242,7048,0,0,https://www.cruiseaway.com.au/,,Propel cruiseaway.com.au presence: guest posts + high-DR backlinks; DR/DA/TF boost — worldwide niches. | Visit buyseolink.com for any Query,,https://cruiseaway.com.au/,301,text,true,false,true,false,false,false,true,,,pagefound,2026-04-08 10:09:49,2026-05-05 19:29:55,,,Site page > Services,Internet > Web services > SEO and marketing,1
"Today: KING ISLAND (Tasmania, Australia) Info, Dec 31, 2011",https://www.interalex.net/2011/12/king-island-tasmania-australia-info-dec.html,en,,200,3.5,0,0,0,90,172,0,0,http://www.cruiseaway.com.au/cruise-port/king-island-tasmania-australia,,"King Island, Tasmania, Australia - Cruise Away",,,,text,false,true,false,false,false,false,true,,,linkrestored,2020-12-17 03:39:41,2026-04-20 15:08:58,,,Article > News,Travel > Tourist destinations > Islands; Entertainment; Reference,1
CruiseAway: Your Once-in-a-Lifetime Europe Journey Starts Here ✨ | Milled,https://milled.com/cruiseaway-by-dreamlines-pty-ltd/your-once-in-a-lifetime-europe-journey-starts-here-2Z-MRz9PktCgqA__,en,,200,74,0,24993,0,3,3,0,0,https://www.cruiseaway.com.au/,,"New Zealand from Sydney, Australia with the Carnival Splendor",,,,text,false,true,true,false,false,false,true,,,linkfound,2026-04-15 04:19:36,2026-04-15 04:19:36,,,,,4
Cruise Away Company Profile | Management and Employees List,https://www.datanyze.com/companies/cruise-away/31755597,en,,200,77,0,19839,0,5,13,0,0,https://www.cruiseaway.com.au/,,www.cruiseaway.com.au,,,,image,false,false,true,false,false,false,true,,,pagefound,2026-03-31 15:31:03,2026-03-31 15:31:03,,,,,1
"Running My Small Business, I've Always Known How Critical SEO Is but Customizing Keywords Made Me Feel Intimidated Until Researching SEOExpress.org. This Exceptional Team Helped Negotiate Top Keywords for My Niche Resulting in Visible Traffic Growth of Two Hundred Fifty Percent Plus Real Conversions Started Happening—It's Truly Remarkable! ★★★★★ 🌟 — Shop In Frame",https://shop-inframe.shop/running-my-small-business-have-always-known-how-critical-seo-is-but-customizing-keywords-made-me-feel-intimidated-until-researching-seoexpress-an-exceptional-team-helped-negotiate-top,en,,200,28,0,0,36,5234,8710,0,0,https://www.cruiseaway.com.au/,,There was a time when cruiseaway.com.au didn't attract any attention at all—it was disheartening! Then came along SEOExpress.org's outstanding guest posting services: overnight it seemed my authority grew tremendously as well as my visitor count shot through the roof by an astonishing +280%! That kind of result is hard not to love; go check out what they offer 🌟,,https://cruiseaway.com.au/,301,text,true,false,true,false,false,false,true,,,pagefound,2026-05-09 10:09:56,2026-05-09 10:09:56,,,Article > Story,Internet > Web services > SEO and marketing; Business > Small business > Business formation,1
tennis ball cricket tournament in nagpur 2021,http://www.fernandapires.com/gdm/10997802a7c72bbdadfc66f67,en,wordpress,200,0,0,0,0,33,70,0,0,https://www.cruiseaway.com.au/cruises/alaska-cruise,81 Reviews. Easter Island Archives - Holland America Blog Departs.,Alaska Cruises | Best Deals & Packages | CruiseAway,Find cheap Holland America cruises to Catalina Island on Tripadvisor.,,,text,false,true,false,false,false,false,true,,,pagefound,2025-08-05 23:25:29,2026-01-22 23:47:47,,,,,2
Directory website list 1976 | Seo Traffic Directory,https://seotrafficdirectory.com/directory-website-list-1976/,en,wordpress,200,18,0,0,0,5403,7177,0,0,https://www.cruiseaway.com.au/,,cruiseaway.com.au,,https://cruiseaway.com.au/,301,text,true,false,false,false,false,false,true,,,pagefound,2025-10-02 17:35:17,2026-05-11 01:37:06,,,Listing collection > Business,Business > Business services > Consulting; Internet > Search engines,1
"CruiseAway: Seasons of the Orient & Southeast Asia - Tours, Transfers, Drinks Included! | Milled",https://milled.com/cruiseaway-by-dreamlines-pty-ltd/seasons-of-the-orient-and-southeast-asia-tours-transfers-drinks-included--EL0QC32QfLT4UtM,en,,200,74,0,24993,0,4,27,0,0,https://www.cruiseaway.com.au/cruise-lines-specials,,Cruise Line Specials,,,,image,false,true,true,false,false,false,true,,,pagefound,2026-05-09 08:24:11,2026-05-09 08:24:11,,,,,9
,http://www.secretsearchenginelabs.com/find/carnival%20cruise%20lines,en,,200,44,0,218,0,7,12,0,0,https://www.cruiseaway.com.au/cruises-2025,,Cruises 2025 | Latest Itineraries on all Cruise Lines | CruiseAway,,,,text,false,true,true,false,false,false,true,,,linkfound,2025-12-04 22:40:04,2025-12-04 22:40:04,,Simon Byholm,,,45
,https://dealsbysearch.com/your-ultimate-guide-to-a-3-day-cruise-from-perth-australia,en,,200,0.4,0,0,0,9,10,0,0,https://www.cruiseaway.com.au/short-cruises,,https://www.cruiseaway.com.au/short-cruises,,,,text,false,true,false,false,false,false,true,,,pagefound,2025-11-17 08:20:20,2026-01-02 22:39:39,,,,,3
"I Started With Less Than Ten Permanent Backlinks on My Site, But After Two Months of SEOExpress.org's Services, I Have Over Two Hundred High-Quality Links Ranking Me at the Top of Major Google Searches for Key Products. It’s affordable SEO that pays off big time! 🌟🔥 — SEO High Ranking",https://theseohighranking.shop/i-started-with-less-than-ten-permanent-backlinks-on-my-site-and-now-after-two-months-of-seoexpress-com-services-I-have-over-two-hundred-high-quality-links-ranking-me-on-top-of-major-google,en,,200,29,0,0,36,5186,8782,0,0,https://www.cruiseaway.com.au/,,I used to think SEO meant pricey consultants until I discovered SEOExpress.org while searching online for help with dreamlines.cn. Their budget-friendly packages delivered results fast: organic traffic more than tripled from under 200 visits/month after only two months! The combination of guest blogging and PBN links worked wonders—I recommend them wholeheartedly 🌟,,https://dreamlines.cn/,301,text,true,false,true,false,false,false,true,,,linkfound,2026-05-03 05:16:05,2026-05-03 05:16:05,,,Article > Story,Internet > Web services > SEO and marketing; Business > Marketing > Marketing,1
Directory website list 1977 | Link Directory Zone,https://linkdirectoryzone.com/directory-website-list-1977/,en,wordpress,200,21,0,0,0,5399,7137,0,0,https://www.cruiseaway.com.au/,,dreamlines.com.au,,https://dreamlines.com.au/,301,text,true,false,false,false,false,false,true,,,pagefound,2025-09-29 10:24:27,2026-05-07 05:59:41,,,Listing collection > Business,Business > Business services > Consulting; Reference > Listings > Business; Internet > Search engines,1
"CruiseAway: Exclusive, all-inclusive journey's with extraordinary added indulgences✨ – AZ-AZAMAZING EXCLUSIVES | Milled",https://milled.com/cruiseaway-by-dreamlines-pty-ltd/exclusive-all-inclusive-journeys-with-extraordinary-added-indulgences-az-peSN67W6Fo2qg3RF,en,,200,74,0,24993,0,5,21,0,0,https://www.cruiseaway.com.au/search-results?filterParams%5BdateMax%5D=1830211200&filterParams%5BdateMin%5D=1798761600&sortString=ab_test_1,,2027 PACKAGES 2027 PACKAGES,,,,image,false,true,true,false,false,false,true,,,linkfound,2026-04-15 06:01:05,2026-04-15 06:01:05,,,,,28
Most Visited website list 94 | World Zone Directory,https://worldzonedirectory.com/most-visited-website-list-94/,en,wordpress,200,55,0,0,0,5389,7220,0,0,https://www.cruiseaway.com.au/,,cruiseaway,,https://cruiseaway.com.au/,301,text,true,false,false,false,false,false,true,,,pagefound,2025-09-26 12:56:37,2026-05-10 19:33:54,,,Listing collection > Location,Reference > Listings > Business; Internet > Web services; Society; Business > Business services; Travel,2
CruiseAway: This Week’s Top Luxury Cruise Offers – Set Sail in Style | Milled,https://milled.com/cruiseaway-by-dreamlines-pty-ltd/this-weeks-top-luxury-cruise-offers-set-sail-in-style-gzUiYgLWzZQVNrQM,en,,200,74,0,24993,0,4,21,0,0,https://www.cruiseaway.com.au/cruiseline/dreamaway-package,,POPULAR PACKAGES,,,,image,false,true,true,false,false,false,true,,,pagefound,2025-09-08 15:44:34,2026-04-22 20:48:15,,,,,1
"Today: ISLE OF PINES (New Caledonia) Christmas, Dec 24, 2011",https://www.interalex.net/2011/12/isle-of-pines-new-caledonia-christmas.html,en,,200,3.5,0,0,0,86,180,0,0,http://www.cruiseaway.com.au/cruise-port/isle_pines_new_caledonia,,"Isle of Pines, New Caledonia - Cruise Away",,,,text,false,false,false,false,false,false,true,,,linkrestored,2020-12-18 09:49:42,2026-04-20 19:02:48,,,Article > Story,Travel > Tourist destinations > Islands; Entertainment > Events > Music festivals,2
Most Visited website list 94 | Rank Hub Directory,https://rankhubdirectory.com/most-visited-website-list-94/,en,wordpress,200,56,0,0,0,5386,7217,0,0,https://www.cruiseaway.com.au/,,cruiseaway,,https://cruiseaway.com.au/,301,text,true,false,false,false,false,false,true,,,pagefound,2026-01-02 23:55:05,2026-05-05 19:39:00,,,Listing collection > Business,Business > Business services > Consulting; Internet > Web services > Development; Reference > Listings > Business,1
"Expert SEO Backlinks and Authority Guest Posting Services for Gambling,igaming,Casino,Crypto,vapes and Other Highly Competitive Markets – Improve Google Rankings, Build Powerful Backlinks and Increase Organic Traffic with High DR and DA Websites – Experts SEO Backlinks and Authority Guest Posting Services for Gambling,igaming,Casino,Crypto,vapes and Other Highly Competitive Markets – Improve Google Rankings, Build Powerful Backlinks and Increase Organic Traffic with High DR and DA Websites",https://seogeko.shop/premium-seo-backlinks-to-boost-website-google-rankings-672-10/,en,wordpress,200,16,0,0,0,3631,4091,0,0,https://www.cruiseaway.com.au/,,"Premium SEO Backlinks cruiseaway.com.au Provides High-Quality Authority Backlinks, Professional Guest Posting, and Advanced Link Building Services to Boost Google Rankings, Drive Targeted Organic Traffic, and Strengthen Website Authority in Gambling, Casino, Crypto, and Competitive Markets",,https://cruiseaway.com.au/,301,text,true,false,true,false,false,false,true,,,pagefound,2026-05-04 22:36:48,2026-05-04 22:36:48,,,Site page > Services,Internet > Web services > SEO and marketing; Games > Gambling > Other; Business > Marketing > Marketing,2
CruiseAway: ✨ Bucket-List Voyages & Close-to-Home Escapes — Book Now | Milled,https://milled.com/cruiseaway-by-dreamlines-pty-ltd/bucket-list-voyages-and-close-to-home-escapes-book-now-JgInZpgnsL_yFpX3,en,,200,74,0,24993,0,4,28,0,0,https://www.cruiseaway.com.au/cruise/australia-from-brisbane-australia-with-the-carnival-encounter-18151200,,"Australia from Brisbane, Australia with the Carnival Encounter",,,,text,false,true,true,false,false,false,true,,,linkfound,2026-05-08 02:14:14,2026-05-08 02:14:14,,,,,10
CruiseAway: The Luck of the Irish is With You 🍀 | Milled,https://milled.com/cruiseaway-by-dreamlines-pty-ltd/the-luck-of-the-irish-is-with-you-B3A8mvcsdIRrl--f,en,,200,74,0,24993,0,5,25,0,0,https://www.cruiseaway.com.au/terms-and-conditions,"Additional terms, conditions and fees may apply. Please always check",terms and conditions,on the CruiseAway website before making the booking.,,,text,false,true,true,false,false,false,true,,,pagefound,2026-04-15 04:19:40,2026-04-15 04:19:40,,,,,15
north beach park port townsend,https://jenejey.com/e5dtf1ms/10512584a06049473c4450,en,,200,0,0,0,0,29,58,0,0,https://www.cruiseaway.com.au/cruises/alaska-cruise,plan your next Holland America cruise vacation to Catalina Island.,Alaska Cruises | Best Deals & Packages | CruiseAway,Princess Cruises introduces World Cruise 2023 on Island ... -,,,text,false,true,false,false,false,false,true,,,pagefound,2025-09-20 17:08:31,2026-04-20 16:04:40,,,,,5
Book your trip - Visit Azores,https://www.visitazores.com/en/book-your-trip?country=australia,en,,200,71,0,45870,0,6,6,0,0,https://www.cruiseaway.com.au/cruise/azorean-island-discovery-383988,,Know more,,,,text,false,true,false,false,false,false,true,,,pagefound,2025-03-03 09:22:23,2026-04-15 02:45:18,,,,,4
Directory website list 1928 | high authority directory,https://highauthoritydirectory.com/directory-website-list-1928/,en,wordpress,200,17,0,0,0,5401,6273,0,0,https://www.cruiseaway.com.au/,,cruiseaway,,https://cruiseaway.com.au/,301,text,true,false,false,false,false,false,true,,,pagefound,2025-09-15 19:21:46,2026-05-10 00:25:20,,,Listing collection > Business,Business > Business services > Consulting; Reference > Listings > Business,2
CruiseAway: ✨ Missed the Cruise News This Week? We’ve Got You.🌊 | Milled,https://milled.com/cruiseaway-by-dreamlines-pty-ltd/missed-the-cruise-news-this-week-weve-got-you-_XmQeZoVq_et4LD7,en,,200,74,0,24993,0,3,3,0,0,https://www.cruiseaway.com.au/,,"Australia from White Bay (Sydney), Australia with the Carnival Adventure",,,,text,false,true,true,false,false,false,true,,,linkfound,2026-04-09 12:16:51,2026-04-09 12:16:51,,,,,2
,http://www.secretsearchenginelabs.com/find/carnival%20cruises,en,,200,44,0,218,0,5,15,0,0,https://www.cruiseaway.com.au/new-years-eve-cruises,,New Year's Eve Cruises | Best Deals Packages | CruiseAway,,,,text,false,true,true,false,false,false,true,,,linkfound,2025-06-26 19:44:19,2026-02-02 06:27:25,,Simon Byholm,,,22
CruiseAway: ✨ Missed the Cruise News This Week? We’ve Got You.🌊 | Milled,https://milled.com/cruiseaway-by-dreamlines-pty-ltd/missed-the-cruise-news-this-week-weve-got-you-REMx8--ai6SjMBvQ,en,,200,74,0,24993,0,3,3,0,0,https://www.cruiseaway.com.au/,,Harbour City to Waikiki Balcony Sale - Seniors Travel Club Members,,,,text,false,true,true,false,false,false,true,,,linkfound,2026-04-09 12:16:53,2026-04-09 12:16:53,,,,,2
directorylinkup.com | few of top websites | page no. 360,http://www.directorylinkup.com/domain-list-360,en,,0,4.3,0,0,0,1062,2019,0,0,https://www.cruiseaway.com.au/,,cruiseaway.com.au,,"http://cruiseaway.com.au/, https://cruiseaway.com.au/","301, 301",text,true,false,true,false,false,false,true,,tooold,linkfound,2025-05-03 16:48:52,2025-08-02 04:46:42,2026-04-13 01:22:55,,,,1
,http://papasearch.net/ClaudeMonet16.html,en,,200,16,0,0,0,1371,4155,0,0,https://www.cruiseaway.com.au/ship/allure-of-the-seas,the Seas Australia Cruises up to -51% - Best Deals,https://www.cruiseaway.com.au/ship/allure-of-the-seas,"Allure of the Seas. Since its maiden voyage in 2010,",,,text,true,true,false,false,false,false,true,,,linkrestored,2020-01-26 03:18:04,2026-04-29 02:52:05,,,Listing collection > Event,Entertainment > Design > Painting,1
CruiseAway: ✨ Purr-Fect Sunday Sales | Milled,https://milled.com/cruiseaway-by-dreamlines-pty-ltd/purr-fect-sunday-sales-O0RUDwd-WmHtGbzW,en,,200,74,0,24993,0,5,22,0,0,https://www.cruiseaway.com.au/cruise-lines-specials/msc-sail-away-savings,,50th Anniversary Sale,,,,image,false,true,true,false,false,false,true,,,pagefound,2026-04-15 01:56:52,2026-04-15 01:56:52,,,,,5
Most Visited website list 1976 | World Zone Directory,https://worldzonedirectory.com/most-visited-website-list-1976/,en,wordpress,200,55,0,0,0,5393,7157,0,0,https://www.cruiseaway.com.au/,,cruiseaway.com.au,,https://cruiseaway.com.au/,301,text,true,false,false,false,false,false,true,,,pagefound,2025-09-30 04:47:57,2026-05-11 14:17:07,,,Listing collection > Business,Business > Business services > Consulting; Internet > Web services > Development; Reference > Listings > Business,1
Gratuity,https://ipfs.desmos.network/ipfs/QmXoypizjW3WknFiJnKLwHCnL72vedxjQkDDP1mXWo6uco/wiki/Gratuity.html,en,,200,49,0,1,0,94,202,0,0,https://www.cruiseaway.com.au/blog/service-tips/gratuities/,,"""Overview: Cruise line tipping (infographic) - Cruiseaway.com.au Blog""",. 2016-09-14,https://blog.cruiseaway.com.au/service-tips/gratuities/,301,text,false,true,false,false,false,false,true,,,linkfound,2026-05-10 21:40:09,2026-05-10 21:40:09,,,Article > Wiki,Food > Restaurants > Other; Society > Advocacy > Labor issues; Reference,1
,https://rjl.neocities.org/,,,200,88,0,550176,0,48,84,0,0,http://www.cruiseaway.com.au/,,CruiseAway,,,,text,false,true,false,false,false,false,true,,,pagefound,2026-04-24 01:49:47,2026-04-24 01:49:47,,,,,2
