Referring page title,Referring page URL,Language,Platform,Referring page HTTP code,Domain rating,UR,Domain traffic,Referring domains,Linked domains,External links,Page traffic,Keywords,Target URL,Left context,Anchor,Right context,Redirect Chain URLs,Redirect Chain status codes,Type,Is spam,Content,Nofollow,UGC,Sponsored,Rendered,Raw,Lost status,Drop reason,Discovered status,First seen,Last seen,Lost,Author,Page type,Page category,Links in group
Dreamlines: Kreuzfahrten & Schiffsreisen buchen beim Experten,https://www.dreamlines.de/,de,,403,51,35,145718,1102,8,10,9359,149,https://www.cruise1st.com.au/,,cruise1st.com.au,,,,text,false,false,false,false,false,false,true,pageerror,,linkfound,2023-11-02 18:16:32,2026-05-09 16:34:28,2026-05-09 22:51:08,,,,30361
Find your Perfect Cruise at the Lowest Price | Cruise1st UK,https://www.cruise1st.co.uk/,en,wordpress,403,35,35,43014,406,12,13,6101,255,https://www.cruise1st.com.au/,,cruise1st.com.au,,,,text,false,false,false,false,false,false,true,pageerror,,linkfound,2024-05-08 14:58:23,2026-05-09 13:02:31,2026-05-10 02:26:40,,,,20634
CruiseAway - Book Best Price Guarantee Cruises 2026 - 2027,https://www.cruiseaway.com.au/,en,wordpress,403,26,37,39805,361,9,10,4095,141,https://www.cruise1st.com.au/,,cruise1st.com.au,,,,text,false,false,false,false,false,false,true,pageerror,,linkfound,2023-11-02 14:59:20,2026-05-10 11:04:14,2026-05-10 17:18:41,,,,21047
Minicruise vanuit Nederland | Dreamlines NL,https://www.dreamlines.nl/minicruise-vanuit-nederland,nl,wordpress,200,30,16,14721,1,9,10,621,62,https://www.cruise1st.com.au/,,cruise1st.com.au,,,,text,false,false,false,false,false,false,true,,,pagefound,2025-08-17 08:44:34,2026-04-29 19:28:44,,,Landing > Service,Travel > Specialty travel > Luxury travel,23307
How to make Banh Xeo (Crispy Vietnamese Pancakes) - boyeatsworld,https://boyeatsworld.com.au/recipe-banh-xeo-crispy-vietnamese-pancakes/,en,wordpress,200,25,7,6521,1,14,25,46,14,https://www.cruise1st.com.au/,Written in Collaboration with,Cruise1st Australia,,http://www.cruise1st.com.au/,301,text,false,true,true,false,false,true,true,,,linkrestored,2018-03-06 08:34:18,2026-05-05 15:40:19,,Aleney de Winter,Article > Recipe,Food > Recipes > Cuisines,2
Getting Here Discover Burnie,https://www.burnie.tas.gov.au/tourism/Plan/Getting-Here,en,,200,44,7,5187,0,24,34,27,16,https://www.cruise1st.com.au/destinations/tasmania,Visiting Burnie as part of a,Cruise to Tasmania,is also a popular option — perfect for spending a,,,text,false,true,false,false,false,false,true,,,linkfound,2025-04-30 19:09:07,2026-04-28 03:07:07,,,,,1
Cruise Ships Burnie City Council,https://www.burnie.tas.gov.au/Business/Cruise-Ships,en,,200,44,7,5187,0,28,37,6,4,https://www.cruise1st.com.au/destinations/tasmania,,Cruise 1st - Tasmania Cruise Offers,,,,text,false,false,false,false,false,false,true,,,linkfound,2025-04-29 04:57:20,2026-04-26 07:55:54,,,,,2
Her er verdens 10 lækreste krydstogtskibe,https://politiken.dk/rejser/nyheder/art5027280/Her-er-verdens-10-l%C3%A6kreste-krydstogtskibe,da,,200,83,0,396013,0,3,6,5,2,http://www.cruise1st.com.au/,Det er det australske rejsebureau,Cruise1st,", der har krydstogter som speciale, der netop har kåret",,,text,false,true,false,false,false,false,true,,,linkrestored,2018-01-14 11:46:53,2026-04-24 14:17:56,,,,,2
"Cruise1st | Travel agent in New South Wales, Australia",https://www.newzealand.com/ca/plan/business/cruise1st-1/,en,,200,81,4.5,655881,0,6,9,1,1,https://www.cruise1st.com.au/destinations/new-zealand,,Book now,Visit website,,,text,false,false,false,false,false,false,true,,,pagefound,2025-01-23 20:07:05,2026-04-20 22:12:48,,,,,8
"Cruise1st | Travel agent in New South Wales, Australia",https://www.newzealand.com/ca/plan/business/cruise1st-1/,en,,200,81,4.5,655881,0,6,9,1,1,https://www.cruise1st.com.au/,Book now,Visit website,,,,text,false,false,false,false,false,false,true,,,pagefound,2025-01-23 20:07:05,2026-04-20 22:12:48,,,,,8
About Us - Cruise Hive,https://www.cruisehive.com/about-us,en,wordpress,200,62,24,75422,5,28,62,0,1,https://www.cruise1st.com.au/blog/cruise-tips/food-drink/cruise-experts-favourite-dining-experiences/,,Cruise Enthusiasts Share Their Favourite Onboard Dining Experiences,–Cruise 1st Australia,,,text,false,false,true,false,false,true,true,,,pagefound,2022-01-27 10:25:28,2026-04-08 11:06:41,,,Site page > About,Travel > Specialty travel > Luxury travel,1
About Wandercooks | Wandercooks,https://www.wandercooks.com/about/,en,wordpress,200,51,13,64451,5,40,58,0,0,https://www.cruise1st.com.au/blog/cruise-tips/food-drink/heres-cook-delicious-dishes-last-asia-cruise/,Cruise 1st:,Here’s How to Cook Delicious Dishes from Your Last Asia Cruise,,,,text,false,false,false,false,false,true,true,,,linkfound,2022-01-16 20:19:25,2026-05-11 06:50:51,,,Article > Recipe,Food > Recipes > Cuisines,1
Find Me Elsewhere - Where Is Tara?,https://whereistara.com/find-me-elsewhere/,en,wordpress,200,24,9,3140,0,28,42,0,0,https://www.cruise1st.com.au/blog/cruise-tips/how-to-take-stunning-photos-on-cruise/,,Cruise1st.au,,,,text,false,false,false,false,false,false,true,,,pagefound,2019-03-25 08:18:47,2026-04-29 21:03:15,,,,,1
"35 BEST local Travel Agents in North Sydney, NSW | Yellow Pages®",https://www.yellowpages.com.au/find/travel-agents/north-sydney-nsw-2060,en,,200,83,6,398544,0,25,68,0,0,https://www.cruise1st.com.au/,,View Website,,,,text,false,false,true,false,false,false,true,,,pagefound,2024-06-06 07:20:59,2025-12-08 22:04:22,,,,,6
Thai Chicken Patties & Veggie Noodle Bowl with Peanut Sauce,https://www.notenoughcinnamon.com/thai-chicken-patties-and-spiralized-veggies-bowl-with-peanut-sauce/,en,wordpress,200,42,6,17684,0,7,14,0,0,https://www.cruise1st.com.au/blog/cruise-tips/food-drink/heres-cook-delicious-dishes-last-asia-cruise/,"For more delicious Asian recipes, check out",Cruise1st Australia's blog post here,!,,,text,false,true,true,false,false,false,true,,,pagefound,2022-06-13 20:57:52,2026-05-10 12:27:38,,,,,1
"Cruises to Asia from Australia - Australia Work & Travel Magazine - What's On Aus, Cheap Tours & Accommodation",https://bbmlive.com/cruises-to-asia-from-australia/,en,,200,44,5,798,0,14,18,0,0,https://www.cruise1st.com.au/destinations/asia,Australian cruise specialists like Cruise Guru and,Cruise1st Australia,"offer comprehensive booking services with competitive pricing, onboard credits, and",,,text,false,true,false,false,false,false,true,,,pagefound,2026-01-16 11:23:28,2026-05-08 19:10:26,,,,,1
Partners — BlueStar Coachlines,https://www.bluestarcoachlines.com/partners,en,,301,4.3,5,13,0,36,53,0,0,https://www.cruise1st.com.au/,,Cruise 1st Cruise 1st,,,,image,false,false,false,false,false,false,true,pageredirected,,pagefound,2026-01-17 22:45:56,2026-04-11 00:16:42,2026-04-25 00:08:26,,,,1
The Moo's News » Blog Archive » 3500 FREE Farm Fresh Icons,http://fatcow.com/blog/?p=1127,en,wordpress,200,83,4.7,1840,3,6008,9933,0,0,https://www.cruise1st.com.au/,,last minute cruises,Says:,http://www.cruise1st.com.au/,301,text,false,false,true,true,false,true,true,,,linkfound,2026-02-05 18:57:53,2026-02-05 18:57:53,,,Article > Roundup,Computers and electronics > Software > Shareware; Internet > Web services > Development; Entertainment > Design > Design; Home > Garden > Gardening,19
Home | Tascit: Sales Management Software,http://tascit.com/home/,en,wordpress,200,0.3,4.7,0,0,911,1454,0,1,http://www.cruise1st.com.au/cruises/cruises-from-brisbane,,last minute cruises from Brisbane,,,,text,true,false,true,false,false,false,true,,,pagefound,2024-09-21 04:03:00,2026-04-28 10:39:04,,,Site page > Home,Business > Business services > Consulting; Computers and electronics > Software > Business; Internet > Web services,1
Article collaborations and commissions | Let's go Mum,https://letsgomum.com.au/about-us/lets-go-mum-collaborations/,en,wordpress,200,18,4.7,1107,0,46,65,0,0,https://www.cruise1st.com.au/blog/cruising/travel-bloggers-talk-favourite-shore-excursions/,,Go to the feature here,,,,text,false,true,false,false,false,false,true,,,linkrestored,2019-04-07 00:50:27,2026-05-10 01:10:22,,,,,1
Read honest reviews of cruise1st.com.au,https://servicerate.com/reviews/1635980,en,,200,26,4.7,6,0,1,2,0,0,https://www.cruise1st.com.au/,,cruise1st.com.auVisit this website,,https://cruise1st.com.au/,301,text,true,false,false,false,false,false,true,,,pagefound,2024-03-12 05:33:48,2026-01-04 18:09:01,,,,,9
Worldwide Patron | Red Tail Reunions,https://www.redtailreunions.com/worldwide-patron,en,cms,200,0.4,4.6,1,0,4,5,0,1,https://www.cruise1st.com.au/,,John Fysh letter.png,,,,image,false,false,false,false,false,false,true,,,linkfound,2026-05-02 05:03:15,2026-05-02 05:03:15,,,,,1
"35 BEST local Travel Agents in Neutral Bay, NSW | True Local",https://www.truelocal.com.au/find/travel-agents/neutral-bay-nsw-2089,en,,200,79,4.6,12515,0,28,73,0,0,https://www.cruise1st.com.au/,,VIEW WEBSITE,,,,text,false,false,true,false,false,false,true,,,pagefound,2025-04-04 10:51:05,2026-02-17 11:44:14,,,,,7
When is the best time to book a cruise? - 9Travel,https://travel.nine.com.au/cruising/when-is-the-best-time-to-book-a-cruise/19572ce7-f1af-42a4-b5cc-f96d3dafff98,en,,200,81,4.6,1299091,1,16,53,0,0,https://www.cruise1st.com.au/,,Cruise1st,,,,text,false,true,false,false,false,true,true,,,linkfound,2025-09-05 01:00:50,2026-05-02 08:40:37,,Kristine Tarbert,Article > How-to,Travel > Specialty travel > Luxury travel,1
Travel Archives - RGC Media & Marketing,https://www.rgcmm.com.au/tag/travel/,en,wordpress,200,16,4.6,9,0,14,23,0,0,https://www.cruise1st.com.au/,For more information call 1300 596 345 or visit,www.cruise1st.com.au,.,http://www.cruise1st.com.au/,301,text,false,true,false,false,false,false,true,,,linkrestored,2019-06-15 17:57:26,2026-04-22 23:53:59,,Brenton Gibbs,Article > News,Travel > Travel agencies > Other,18
Working at Cruise1st | Glassdoor,"https://www.glassdoor.com.au/Overview/Working-at-Cruise1st-EI_IE1870037.11,20.htm",en,,200,71,4.6,169817,0,11,24,0,0,https://www.cruise1st.com.au/,,View site,,http://www.cruise1st.com.au/,301,text,false,false,true,false,false,false,true,,,linkrestored,2020-08-25 04:48:53,2026-03-04 05:37:03,,,,,2
Top 7 Cruise Tips and Tricks For First Timers - Where Is Tara?,https://whereistara.com/cruise-tips-and-tricks/,en,wordpress,200,24,4.6,3140,1,16,23,0,0,https://www.cruise1st.com.au/blog/cruise-tips/how-to-take-stunning-photos-on-cruise/,,Cruise1st blog,,,,text,false,true,false,false,false,false,true,,,pagefound,2019-04-02 06:34:42,2026-04-28 18:03:37,,,Article > How-to,Travel > Specialty travel > Family travel,1
"Welcome to Aotea (Great Barrier Island), New Zealand",http://www.xroadslodge.com/,en,,200,2.4,4.6,0,5,1,1,0,0,http://www.cruise1st.com.au/cruiseline/po-australia,it comes to holidays. There are people who go for,P&O cruises,to enjoy a relaxing cruise in the Indian and Pacific,,,text,false,true,false,false,false,false,true,,,pagefound,2022-06-05 16:54:27,2026-05-11 12:06:45,,Paul Langford,Site page > Services,Travel > Accommodations > Short-term stays,2
Red Tail Gift Shop | Red Tail Reunions,https://www.redtailreunions.com/red-tail-gift-shop,en,cms,200,0.4,4.6,1,0,9,10,0,0,https://www.cruise1st.com.au/,,cruise1st.png,,,,image,false,true,false,false,false,false,true,,,linkrestored,2022-08-09 09:34:36,2026-05-05 21:44:05,,,,,1
,https://rocketreach.co/cruise1stcomau-profile_b5f00664f42d34c5,en,,200,75,4.6,658809,0,6,8,0,0,http://www.cruise1st.com.au/,,http://www.cruise1st.com.au,,,,text,false,false,true,false,false,false,true,,,pagefound,2024-05-02 08:46:20,2026-04-05 14:53:41,,,,,2
holiday Archives - RGC Media & Marketing,https://www.rgcmm.com.au/tag/holiday/,en,wordpress,200,16,4.6,9,0,11,22,0,0,http://www.cruise1st.com.au/,cruise. For more information call 1300 596 345 or visit,www.cruise1st.com.au,. *Subject to availability. Restrictions may apply. Prices are per,,,text,false,true,false,false,false,false,true,,,pagefound,2019-03-17 23:17:31,2026-04-23 12:44:31,,Brenton Gibbs,,,12
Sailing Solo: What to Expect from a Solo Cruise Holiday - TalesBlogTalesBlog | Tales from Around the World,https://www.talesblog.com/travel-tips/sailing-solo-what-to-expect-from-a-solo-cruise-holiday/,en,wordpress,200,15,4.6,0,0,10,15,0,0,http://www.cruise1st.com.au/,,Cruise1st,,,,text,false,true,false,false,false,false,true,,,linkrestored,2020-06-11 09:53:20,2026-05-07 08:03:52,,,,,2
Cruise1st Australia Company Profile | Management and Employees List,https://www.datanyze.com/companies/cruise1st-australia/346520302,en,,200,77,4.5,19839,1,5,31,0,0,https://www.cruise1st.com.au/,,www.cruise1st.com.au,,,,image,false,false,true,false,false,true,true,,,linkrestored,2021-09-18 00:35:44,2026-03-31 04:13:40,,,Site page > About,Travel > Travel agencies > Other,1
Archives des salesoven-montenegro - SCP Bérengère BOUFFORT,https://www.cdj-bouffort.com/index.php/category/salesoven-montenegro/,"en, fr",wordpress,200,6,4.5,0,0,6337,9972,0,0,https://www.cruise1st.com.au/blog/cruise-tips/which-cruise-ships-have-the-best-casinos-2/,,🍪 TELEGRAM @SALESOVEN | ACCESS TO HACKED SITES FOR SEO | HTTPS://T.ME/SALESOVEN 🔥,,,,text,true,false,true,false,false,false,true,,,pagefound,2026-01-14 19:38:09,2026-04-01 19:45:28,,,Listing collection > Service,Internet > Web services > SEO and marketing; Business,2
How to choose a cruise: a guide for first-time cruisers,https://www.australiantraveller.com/cruising/the-best-itineraries-for-first-time-cruisers/,en,,200,69,4.5,30219,1,27,53,0,0,https://www.cruise1st.com.au/,"Carl Frier, managing director Australasia,",Cruise 1st,", says long before you try to work out what",,,text,false,true,false,false,false,false,true,,,pagefound,2019-05-20 04:40:51,2026-04-24 15:20:44,,Dilvin Yasa,Article > How-to,Travel > Specialty travel > Luxury travel; Food,1
"Cruise1st | Travel agent in New South Wales, Australia",https://www.newzealand.com/de/plan/business/cruise1st-1/,"en, de",,200,81,4.5,655881,0,6,9,0,0,https://www.cruise1st.com.au/,Jetzt buchen,Besuchen Sie unsere Website,,,,text,false,false,false,false,false,false,true,,,pagefound,2025-01-23 22:12:08,2026-04-21 11:17:34,,,,,1
Awin | Cruise1st AU Affiliate Programme,https://ui.awin.com/merchant-profile-terms/107456,en,,200,90,4.5,144794,0,1,1,0,0,https://www.cruise1st.com.au/,,Cruise1st AU,,,,image,false,false,false,false,false,false,true,,,pagefound,2024-11-30 04:14:14,2026-05-03 17:33:45,,,,,84
Cruise Miss Explores Cozumel | Cruise1st Blog,https://www.cruise1st.co.uk/blog/cruise-miss-explores-cozumel/,en,wordpress,200,35,4.5,43014,0,9,13,0,0,http://www.cruise1st.com.au/cruises/rail-and-sail.phtml,,Caribbean Cruise Deals,,,,text,false,true,false,false,false,false,true,,,pagefound,2025-07-14 01:45:16,2026-05-07 09:45:23,,Claire Wilde,,,1
Comprehensive Guide to Last Minute All Inclusive Cruises and Elderly-Friendly Cruise Deals in 2025 – Bullide,https://bullide.com/ww/comprehensive-guide-to-last-minute-all-inclusive-cruises-and-elderly-friendly-cruise-deals-in-2025/,en,wordpress,200,2.3,4.5,5,0,5,9,0,0,https://www.cruise1st.com.au/destinations/brazil,,Cruise1st – Brazil Cruises,,,,text,false,true,false,false,false,false,true,,,pagefound,2025-07-22 15:56:23,2026-02-20 01:52:06,,,,,1
A Comprehensive Guide to Rio De Janeiro for the Savvy Senior Traveller – Seniors Travel Club,https://seniorstravelclub.com.au/city-guides/rio-de-janeiro/,en,wordpress,200,6,4.5,1,0,85,103,0,0,https://www.cruise1st.com.au/destinations/south-america/rio-de-janeiro,,https://www.cruise1st.com.au/destinations/south-america/rio-de-janeiro,,,,text,false,true,false,false,false,false,true,,,pagefound,2025-12-05 03:57:59,2026-05-06 01:23:52,,,Article > Guide,Travel > Guides,1
"Cruise1st Australia Pty Ltd - Travel Agents Level 2 157-159 Walker St, North Sydney NSW 2060 | Yellow Pages®",https://www.yellowpages.com.au/nsw/north-sydney/cruise1st-australia-pty-ltd-1000002139832-listing.html,en,,301,83,4.5,398544,0,11,22,0,0,https://www.cruise1st.com.au/,,Website,,,,text,false,true,false,false,false,false,true,pageredirected,,pagefound,2024-06-15 02:31:44,2026-01-08 14:10:25,2026-04-14 06:36:01,,,,1
A Comprehensive Guide to Ho Chi Minh City for the Savvy Senior Traveller – Seniors Travel Club,https://seniorstravelclub.com.au/city-guides/ho-chi-minh-city/,en,wordpress,200,6,4.5,1,0,107,141,0,0,https://www.cruise1st.com.au/cruises/cruises-from-ho-chi-minh-city,,https://www.cruise1st.com.au/cruises/cruises-from-ho-chi-minh-city,,,,text,false,false,false,false,false,false,true,,,pagefound,2025-12-18 07:09:20,2026-05-05 16:07:43,,,Article > Guide,Travel > Guides,1
Introducing Norwegian’s 2017 Summer Itineraries | Cruise1st Blog,https://www.cruise1st.co.uk/blog/introducing-norwegians-2017-summer-itineraries/,en,wordpress,200,35,4.5,43014,0,6,8,0,0,http://www.cruise1st.com.au/cruise-lines/ncl,place on one of Norwegian Cruise Line’s stellar 2017 itineraries?,Cruise 1st UK has a huge selection of voyages,to suit every budget. Give us a call to today,,,text,false,true,false,false,false,false,true,,,linkrestored,2025-07-12 07:05:27,2026-05-06 04:46:40,,Claire Wilde,,,1
Cruises – It's On Sale,https://www.itsonsale.com.au/aisle/cruises/,en,"ecommerce, wordpress",200,6,4.5,0,0,51,166,0,0,https://www.cruise1st.com.au/,,Explore This Store,,http://www.cruise1st.com.au/,301,text,true,true,false,false,false,false,true,,,pagefound,2025-07-14 11:47:30,2026-02-15 20:57:50,,,,,18
"Revealed: 1,000 Most Popular Australian Blogs – Linksforce",https://www.linksforce.com.au/1000-popular-australian-blogs/,en,wordpress,200,39,4.5,0,0,991,1364,0,0,https://www.cruise1st.com.au/blog/,486.,https://www.cruise1st.com.au/blog/,,,,text,false,true,false,false,false,false,true,,,pagefound,2025-05-06 11:00:13,2026-05-08 18:56:56,,,Article > Roundup,Internet > Web services > SEO and marketing; News; Reference,1
Fun Facts About Asia's Major Cities | Cruise1st Blog,https://www.cruise1st.co.uk/blog/fun-facts-about-asias-major-cities/,en,wordpress,200,35,4.5,43014,0,6,8,0,0,https://www.cruise1st.com.au/destinations/asia,,Asia,is pretty diverse with so many interesting facts and sights,,,text,false,true,false,false,false,false,true,,,pagefound,2025-07-16 03:37:31,2026-05-04 11:53:42,,Vivian Nmoye,,,1
"Cruise1st | Travel agent in New South Wales, Australia",https://www.newzealand.com/de/plan/business/cruise1st-1/,"en, de",,200,81,4.5,655881,0,6,9,0,0,https://www.cruise1st.com.au/destinations/new-zealand,,Jetzt buchen,Besuchen Sie unsere Website,,,text,false,false,false,false,false,false,true,,,pagefound,2025-01-23 22:12:08,2026-04-21 11:17:34,,,,,1
About Us - Cruise Hive,http://www.carnavalmix.org/about-us.html,en,wordpress,200,0,4.5,0,0,30,60,0,0,https://www.cruise1st.com.au/blog/cruise-tips/food-drink/cruise-experts-favourite-dining-experiences/,,Cruise Enthusiasts Share Their Favourite Onboard Dining Experiences,–Cruise 1st Australia,,,text,false,false,true,false,false,false,true,,,pagefound,2025-09-29 14:14:22,2025-11-15 10:12:45,,,,,1
Why You Need a Financial Planner and an Investment Advisor for Retirement - McBeath Financial,https://mcbeathfinancialgroup.com/blog/why-a-financial-planner-and-an-investment-advisor-for-retirement/,en,wordpress,200,27,4.5,327,1,20,26,0,0,https://www.cruise1st.com.au/blog/cruise-ships/how-do-cruise-ships-navigate/,they plot the course. This is the responsibility of the,Ship’s Navigator,that utilizes a very high-tech computerized navigation system called an,,,text,false,true,false,false,false,true,true,,,linkrestored,2021-10-24 23:16:13,2026-04-25 23:46:00,,Krista McBeath,Article > Opinion,Finance > Management > Pension,1
Top 10 Horror Sequels - Next Projection,https://nextprojection.com/2014/07/18/top-10-horror-sequels/,en,wordpress,200,33,4.5,283,0,4035,9896,0,0,http://www.cruise1st.com.au/cruises/cruise-deals,Pingback:,cruises from Sydney,(),,,text,false,false,true,false,false,false,true,,,linkfound,2022-06-29 23:08:11,2026-04-21 07:26:39,,Craig Stewart,Article > Roundup,Entertainment > Movies > Horror films,2
"March, 2014 | Revolution Mother",https://www.revolutionmother.com/2014/03/,en,wordpress,200,3.7,4.5,0,0,33,56,0,0,https://www.cruise1st.com.au/,,here,,http://www.cruise1st.com.au/,301,text,false,true,false,false,false,false,true,,,linkrestored,2018-04-21 02:24:52,2026-04-25 02:44:08,,Oscar Dyer,Article > How-to,Home > Domestic > Cleaning; Society > Relationships > Family > Parenting > Toddlers > Playroom,4
How to Spend 48 Hours in Singapore,https://mappingmegan.com/how-to-spend-48-hours-in-singapore-two-day-itinerary/,en,wordpress,200,49,4.5,314,2,14,31,0,0,https://www.cruise1st.com.au/,In Collaboration with,Cruise1st.com.au,,"http://cruise1st.com.au/, https://cruise1st.com.au/","301, 301",text,false,true,false,false,false,false,true,,,pagefound,2025-07-06 10:52:58,2026-04-25 02:35:06,,Meg Jerrard,Article > How-to,Travel > Tourist destinations > Other,1
Travel Themes South Pacific Travel,https://www.travelwithachallenge.com/?page_id=6763,en,wordpress,200,27,4.5,157,1,3,5,0,0,https://www.cruise1st.com.au/hawaii_cruises.phtml,Going for,Hawaii cruises,and the like will guarantee you and your loved ones,http://www.cruise1st.com.au/hawaii_cruises.phtml,301,text,false,true,false,false,false,true,true,,,linkrestored,2017-10-30 13:06:17,2026-04-27 10:51:38,,,Article > Roundup,Travel > Tourist destinations > Gardens,2
You must know these new attractions | Cruise1st Blog,https://www.cruise1st.co.uk/blog/new-attractions/,en,wordpress,200,35,4.5,43014,0,6,9,0,0,https://www.cruise1st.com.au/cruise-lines/carnival-international,"great view, but also features many institutions and facilities from",Carnival Cruise Line’s,Vista class ships. Like its sister ships Carnival Vista and,,,text,false,true,false,false,false,false,true,,,pagefound,2025-07-12 02:34:12,2026-05-05 23:20:50,,,,,2
Your Ultimate Guide to Greece: A Seniors Travel Club Special – Seniors Travel Club,https://seniorstravelclub.com.au/country-guides/greece/,en,wordpress,200,6,4.5,1,0,92,117,0,0,https://www.cruise1st.com.au/destinations/greece,,https://www.cruise1st.com.au/destinations/greece,,,,text,false,false,false,false,false,false,true,,,pagefound,2025-12-05 06:04:08,2026-05-05 21:31:56,,,Article > Guide,Travel > Guides,1
High Tea with Holland America Line | Cruise1st Blog,https://www.cruise1st.co.uk/blog/high-tea-with-holland-america-line/,en,wordpress,200,35,4.5,43014,0,6,8,0,0,http://www.cruise1st.com.au/cruisedeals/holland-america-cruises.phtml,,Enjoy High Tea on the High Seas Today,,,,text,false,true,false,false,false,false,true,,,pagefound,2025-07-14 01:47:11,2026-05-06 20:46:47,,Claire Wilde,,,1
12 Australian Travel Experiences You Haven’t Even Thought Of,https://bbmlive.com/12-australian-travel-experiences-you-havent-even-thought-of/,en,,200,44,4.5,798,0,19,26,0,0,https://www.cruise1st.com.au/,"two night sailings departing from Sydney, Melbourne and Brisbane. As",Cruise1st Australia,"explain, “cruise holidays aren’t just for old people – there",,,text,false,true,false,false,false,false,true,,,linkrestored,2020-10-25 07:08:09,2026-04-27 22:23:58,,,,,2
VIDEOS | Jevoblog,https://elrenorenardo.com/jevo/?page_id=21,en,"ecommerce, wordpress",200,18,4.5,375,0,2987,5851,0,0,http://www.cruise1st.com.au/cruises/last-minute-cruises,,cruises from Sydney,,,,text,false,false,true,true,false,false,true,,,pagefound,2023-02-10 15:11:13,2026-04-27 13:43:30,,,Video > Vlog,Entertainment > Music > Rock music; Society; Sports; Games > Video games; Communities,4
טיפים לשיפוץ הבית - עידן הנדסה,https://idan-eng.com/%D7%98%D7%99%D7%A4%D7%99%D7%9D-%D7%9C%D7%A9%D7%99%D7%A4%D7%95%D7%A5-%D7%94%D7%91%D7%99%D7%AA/,he,wordpress,200,0.5,4.5,0,0,5678,8868,0,0,http://www.cruise1st.com.au/,,last minute cruises,,,,text,true,false,true,true,false,false,true,,,pagefound,2024-07-04 15:52:01,2026-04-28 00:20:36,,,Article > How-to,Home > Home improvement > Power,2
Your Ultimate Guide to Vietnam: A Seniors Travel Club Special – Seniors Travel Club,https://seniorstravelclub.com.au/country-guides/vietnam/,en,wordpress,200,6,4.5,1,0,98,127,0,0,https://www.cruise1st.com.au/destinations/vietnam,,https://www.cruise1st.com.au/destinations/vietnam,,,,text,false,false,false,false,false,false,true,,,linkfound,2026-01-01 07:09:59,2026-05-05 19:26:28,,,Article > Guide,Travel > Guides,1
Showdown: Hawaii or Alaska? – Aussie on the Road,https://www.aussieontheroad.com/showdown-hawaii-or-alaska/,en,wordpress,200,31,4.5,311,1,10,19,0,0,https://www.cruise1st.com.au/,"cruise. Deals can be booked to both destinations, courtesy of",my friends at Cruise 1st,". Obviously you can’t drive to Hawaii, while a drive",http://www.cruise1st.com.au/,301,text,false,true,false,false,false,true,true,,,linkrestored,2018-04-20 11:40:54,2026-04-28 03:16:50,,,Article > Comparison,Travel > Tourist destinations > Islands,4
Why Everyone Should at Least Consider a Cruise Holiday Once in Their Lifetime | Uncharted101.com,https://www.uncharted101.com/why-everyone-should-at-least-consider-a-cruise-holiday-once-in-their-lifetime/,en,wordpress,200,4.7,4.5,21,0,12,20,0,0,https://www.cruise1st.com.au/,for those 3 days. You can find plenty of choices,on this website,,http://www.cruise1st.com.au/,301,text,false,true,true,false,false,false,true,,,linkrestored,2021-08-29 19:02:30,2026-04-28 13:25:15,,,,,2
Essential Packing Tips for Your First Cruise - Rachel's Lookbook,https://rachelslookbook.com/essential-packing-tips-for-your-first-cruise/,en,wordpress,200,20,4.5,29,0,19,25,0,0,http://www.cruise1st.com.au/,be travelling with and pack accordingly. Take a look at,cruise1st.com/au,to read up on them.,,,text,false,true,true,false,false,false,true,,,linkrestored,2023-12-28 19:09:49,2026-05-11 02:07:29,,,,,2
"Fantastic Fest: The Babadook, The Duke of Burgundy, In Order of Disappearance, Shrew's Nest, and Spring Reviews - Next Projection",https://nextprojection.com/2014/09/30/fantastic-fest-babadook-duke-burgundy-order-disappearance-shrews-nest-spring-reviews/,en,wordpress,200,33,4.5,283,457,3797,9897,0,0,http://www.cruise1st.com.au/cruises/cruise-deals,Pingback:,last minute cruises from Sydney,(),,,text,false,false,true,false,false,true,true,,,linkfound,2022-07-05 08:27:51,2026-04-28 04:13:09,,Daniel Tucker,Article > Roundup,Entertainment > Events > Film festivals,4
How to Spend 48 Hours in Singapore,https://mappingmegan.com/how-to-spend-48-hours-in-singapore-two-day-itinerary/,en,wordpress,200,49,4.5,314,2,14,31,0,0,https://www.cruise1st.com.au/blog/cruising/destinations/12-hours-in-singapore/,But take our advice: even,if Singapore has landed on your itinerary as a layover,", stop and spend a couple of days exploring the",,,text,false,true,false,false,false,false,true,,,pagefound,2025-07-06 10:52:58,2026-04-25 02:35:06,,Meg Jerrard,Article > How-to,Travel > Tourist destinations > Other,1
Your Ultimate Seniors’ Guide to Carnival Cruise Line in Australia – Seniors Travel Club,https://seniorstravelclub.com.au/cruise-lines/carnival-cruise-line/,en,wordpress,200,6,4.5,1,0,30,92,0,0,https://www.cruise1st.com.au/cruise-ship/carnival-splendor,,https://www.cruise1st.com.au/cruise-ship/carnival-splendor,,,,text,false,true,false,false,false,false,true,,,pagefound,2025-12-05 05:38:05,2026-05-05 21:46:25,,,Article > Guide,Travel > Specialty travel > Luxury travel,1
Awin | Cruise1st AU Affiliate Programme,https://ui.awin.com/merchant-profile/107456?setLocale=en_US,en,,200,90,4.5,144794,0,1,1,0,0,https://www.cruise1st.com.au/,,https://www.cruise1st.com.au/,,,,text,false,true,false,false,false,false,true,,,pagefound,2024-11-30 04:14:16,2026-05-11 02:20:39,,,,,12
Merchandise button website 2014 | Kinderband - De leukste band voor kinderen,https://www.kinderband.nl/merchandise-button-website-2014-3/,nl,wordpress,200,12,4.4,0,54,7332,9974,0,0,http://www.cruise1st.com.au/cruises/cruises-from-brisbane,,cruises from Brisbane,,,,text,true,false,true,true,false,true,true,,,pagefound,2022-07-10 15:58:04,2026-05-05 13:11:27,,,Article > Story,Shopping > Toys; Society > Teens > Children's interests; Entertainment; Internet > Web services; Communities; Leisure; Jobs and education > Education,2
8 Travel Experiences You Should Have At Least Once,https://bbmlive.com/8-travel-experiences-you-should-have-at-least-once-in-your-life/,en,,200,44,4.4,798,0,12,16,0,0,https://www.cruise1st.com.au/,"ships regularly sailing to the region. Fancy it? Cruise experts,",Cruise1st Australia,", advise that: “Antarctica is the final frontier when it",,,text,false,true,false,false,false,false,true,,,linkrestored,2022-01-11 20:03:02,2026-05-09 09:24:30,,,,,1
Travels and Wandering: March 2014,https://www.meetourclan.com/2014/03/,en,,200,21,4.4,0,0,18,77,0,0,https://www.cruise1st.com.au/,This month is the month when cruise companies like,www.cruise1st.com.au,offer some of the most competitive deals. Look for the,http://www.cruise1st.com.au/,301,text,false,true,false,false,false,false,true,,,linkrestored,2018-05-31 12:24:14,2026-04-27 17:58:33,,,,,4
Cruise Tours Australia | Tours Australia | Australian Tours Sydney | Brisbane | Melbourne | Perth |,https://tours-australia.au/cruise-tours-australia/,en,"ecommerce, wordpress",200,12,4.4,0,0,11,42,0,0,http://www.cruise1st.com.au/,,Cruise1st.com.au: Cruise 1st | Cheap cruise deals from …,,,,text,true,true,false,false,false,false,true,,,pagefound,2024-04-13 20:47:42,2026-05-07 10:03:33,,,,,2
Best 26 Adult-Only Cruise Line Companies Worldwide,https://www.inven.ai/company-lists/top-26-adult-only-cruise-line-companies,en,,200,48,4.4,5505,0,32,81,0,0,http://www.cruise1st.com.au/,Website:,cruise1st.com.au,,,,text,true,true,false,false,false,false,true,,,pagefound,2025-01-18 19:31:34,2026-04-26 14:37:16,,,,,2
بایگانی‌های links_dealer_monten - شرکت مهندسی سالار خودروی شمال,https://salarkhodroyeshomal.ir/category/links-dealer-monten/,fa,"ecommerce, wordpress",200,1,4.4,0,0,6198,9950,0,0,https://www.cruise1st.com.au/blog/activities-entertainment/which-cruise-ships-have-the-best-casinos/,,TG @LINKS_DEALER | EFFECTIVE SEO LINKS FOR WWW.CRUISE1ST.COM.AU,,,,text,true,false,true,false,false,false,true,,,pagefound,2025-09-10 04:09:22,2026-02-24 03:24:27,,,Site page > Services,Autos > Vehicle services > Accessories,3
3 reasons your next holiday should be on a cruise,https://www.itravelnet.com/travel-blog/3-reasons-your-next-holiday-should-be-on-a-cruise/,en,wordpress,200,51,4.4,0,0,6,6,0,0,http://www.cruise1st.com.au/cruiseline/po-australia,Learn more about these two holidays and find other,deals for P&O Cruises here,.,,,text,false,true,false,false,false,false,true,,,linkrestored,2023-06-28 21:16:23,2026-04-26 13:37:03,,,,,1
The Globe - The world's most visited web pages,http://theglobe.org/the_worlds_most_visited_web_pages_466.html,,,200,3.6,4.4,0,1,1004,1261,0,0,https://www.cruise1st.com.au/,,466760. cruise1st.com.au,,http://www.cruise1st.com.au/,301,text,true,true,false,false,false,false,true,,,linkrestored,2017-07-29 11:25:16,2025-12-26 22:18:06,,,Listing collection > Business,Internet > Web services > Analytics; News; Communities,6
Pre-Register For Princess Cruises' 2021 World Cruise Now​,https://cruisepassenger.com.au/sponsored/princess-cruises-2021-world-cruise-is-out-now-jump-the-queue-and-pre-register-with-cruise1st/,en,wordpress,200,48,4.4,13172,0,10,12,0,0,https://www.cruise1st.com.au/cruise-lines/princess-cruises-2021,"*Terms and conditions apply, for more information visit",Cruise1st’s,website.,,,text,false,true,false,false,false,false,true,,,linkrestored,2021-11-27 20:56:19,2026-04-27 23:33:05,,Bernadette Chua,,,1
School holiday travel ideas: Family trip and travel ideas for the school holidays for parents who've left it to the last minute - 9Travel,https://travel.nine.com.au/latest/school-holiday-family-travel-trip-ideas-last-minute/11b23f58-11ed-425d-a64b-7d32b07ee710,en,,200,81,4.4,1299091,1,24,66,0,0,https://www.cruise1st.com.au/fusion/displaycruises3.pl?sessionkey=48DD51C5-D67Al4E89-A665-7FD249ED7E4C&resultkey=default&sortby=saildate,,Cruise 1st,,,,text,false,true,false,false,false,true,true,,,pagefound,2022-09-25 13:55:07,2026-04-21 07:17:31,,Dilvin Yasa,Article > Roundup,Travel > Travel agencies > Vacation,4
The Globe - The world's most visited web pages,http://theglobe.net/the_worlds_most_visited_web_pages_466/,pt,,200,40,4.4,0,1,1071,1657,0,0,http://www.cruise1st.com.au/,,466760. cruise1st.com.au,,,,text,true,true,false,false,false,false,true,,,linkrestored,2013-08-10 06:54:23,2026-04-29 07:29:30,,,Listing collection > Business,Internet > Web services > Analytics,10
allwebsites.net | few of top websites | page no. 960,https://www.allwebsites.net/domain-list-960,en,,0,14,4.4,0,0,1036,1963,0,0,https://www.cruise1st.com.au/,,cruise1st.com.au,,"http://cruise1st.com.au/, https://cruise1st.com.au/","301, 301",text,true,false,true,false,false,false,true,,tooold,pagefound,2023-05-28 17:54:51,2025-07-03 03:38:06,2026-04-16 07:59:15,,,,1
June 2017,https://www.traveltroll.info/2017/06/,en,,200,11,4.4,0,0,20,51,0,0,http://www.cruise1st.com.au/,For more information call 1300 596 345 or visit,www.cruise1st.com.au,.,,,text,false,true,false,false,false,false,true,,,pagefound,2023-02-08 10:47:39,2026-04-24 10:06:22,,,,,12
December 2018,https://www.traveltroll.info/2018/12/,en,,200,11,4.4,0,0,22,58,0,0,https://www.cruise1st.com.au/,,www.cruise1st.com.au,,http://www.cruise1st.com.au/,301,text,false,true,false,false,false,false,true,,,pagefound,2023-02-08 10:54:46,2026-04-24 01:09:31,,,,,6
Hallo Welt! – pham-partner.de,http://pham-partner.de/hallo-welt/,de,wordpress,200,4.7,4.4,0,21,6363,9986,0,0,http://www.cruise1st.com.au/cruises/last-minute-cruises,,cruises from Sydney,,,,text,true,false,true,true,false,true,true,,,linkrestored,2022-09-25 11:42:38,2026-04-29 11:35:36,,,Article > Opinion,Health > Pharmacy > Medications,2
topdirectory.co.in | few of top websites | page no. 960,https://www.topdirectory.co.in/domain-list-960,"en, pt",,200,6,4.4,0,0,1056,2080,0,0,https://www.cruise1st.com.au/,,cruise1st.com.au,,"http://cruise1st.com.au/, https://cruise1st.com.au/","301, 301",text,true,true,true,false,false,false,true,,,linkrestored,2024-12-01 22:35:20,2026-04-13 09:16:01,,,Listing collection > Business,Internet > Web services > Analytics; Reference > Listings > Business,1
Cruise Travel,https://www.itravelnet.com/travel-directory/cruise-travel/,en,wordpress,200,51,4.4,0,1,12,19,0,0,https://www.cruise1st.com.au/,,Cruise Deals,,http://www.cruise1st.com.au/,301,text,false,true,false,false,false,false,true,,,linkrestored,2020-01-25 11:05:35,2026-04-28 03:15:40,,,Listing collection > Location,Travel > Specialty travel > Luxury travel,2
Les cours d’escalade | Prise sur prise Pro,https://pro.prisesurprise.fr/les-cours-descalade/,fr,wordpress,200,7,4.4,1,0,5866,9983,0,0,http://www.cruise1st.com.au/cruises/cruises-from-brisbane,,last minute cruises from Brisbane,,,,text,false,false,true,false,false,false,true,,,linkrestored,2022-07-16 02:13:33,2026-04-11 20:48:23,,,Site page > Services,Sports > Extreme sports > Mountaineering; Leisure > Outdoors > Other,2
Norwegian Pioneers World’s First At-Sea Racetrack | Cruise1st Blog,https://www.cruise1st.co.uk/blog/norwegian-pioneers-worlds-first-sea-racetrack/,en,wordpress,200,35,4.4,43014,0,6,9,0,0,http://www.cruise1st.com.au/cruise-lines/ncl,to chat about upcoming,Norwegian Cruise Line sailings,. We look forward to hearing from you,,,text,false,true,false,false,false,false,true,,,pagefound,2025-07-11 16:57:59,2026-05-07 04:48:11,,Claire Wilde,,,2
Cruise 1st Coupons and Promo Codes | ThinkUp,https://www.thinkup.com/coupons/cruise1st.com.au,en,,200,60,4.4,18043,0,5,6,0,0,http://www.cruise1st.com.au/info/contact,,Contact,,,,text,false,false,true,false,false,false,true,,,pagefound,2021-01-09 06:22:06,2026-04-25 11:01:10,,,,,2
Sea-ing is Believing - Women Talking Online Magazine,https://www.womentalking.co.uk/sea-ing-is-believing/,en,wordpress,429,33,4.4,165,0,8,15,0,0,http://www.cruise1st.com.au/,For more information on Royal Caribbean and other cruises check out,cruise 1st,,,,text,false,true,false,false,false,false,true,pageerror,,linkfound,2020-12-30 22:53:28,2026-04-22 16:37:02,2026-04-27 11:05:36,,,,2
Royal Caribbean Gets Slippery with New Water Slides | Cruise1st Blog,https://www.cruise1st.co.uk/blog/royal-caribbean-gets-slippery-with-new-water-slides/,en,wordpress,200,35,4.4,43014,0,7,10,0,0,https://www.cruise1st.com.au/,,Discover Your Perfect Cruise Today,,http://www.cruise1st.com.au/,301,text,false,true,false,false,false,false,true,,,pagefound,2025-07-14 00:28:45,2026-05-04 09:28:23,,Claire Wilde,,,8
קבלן בניין מוכר - עידן הנדסה,https://idan-eng.com/%D7%A7%D7%91%D7%9C%D7%9F-%D7%91%D7%A0%D7%99%D7%99%D7%9F-%D7%9E%D7%95%D7%9B%D7%A8/,he,wordpress,200,0.5,4.4,0,0,5105,9971,0,0,http://www.cruise1st.com.au/cruises/last-minute-cruises,,cruises from Sydney,,,,text,true,false,true,true,false,false,true,,,pagefound,2024-07-04 17:00:44,2026-05-11 10:56:18,,,Article > How-to,Home > Home improvement > Power; Business > Maintenance,2
Pre-Register For Princess Cruises' 2021 World Cruise Now​,https://cruisepassenger.com.au/sponsored/princess-cruises-2021-world-cruise-is-out-now-jump-the-queue-and-pre-register-with-cruise1st/,en,wordpress,200,48,4.4,13172,0,10,12,0,0,https://www.cruise1st.com.au/cruise-lines/princess-cruises,We also have an array of exclusive packages with,Princess Cruises,visit Cruise1st or call our knowledgeable Cruise Specialists on 1300 080,,,text,false,true,false,false,false,false,true,,,linkrestored,2021-11-27 20:56:19,2026-04-27 23:33:05,,Bernadette Chua,,,1
Australian Cruise Magazine,https://www.australiancruisemagazine.com/search/label/Cunard,en,,200,0,4.4,0,0,11,21,0,0,https://www.cruise1st.com.au/,For more information call 1300 596 345 or visit,www.cruise1st.com.au,.,http://www.cruise1st.com.au/,301,text,false,false,false,false,false,false,true,,,pagefound,2025-12-06 06:32:39,2026-05-05 19:44:23,,,,,438
Passport & Visa Requirements for Cruises | Cruise1st,https://cruise1stau.site.traveltek.net/faq/passportandvisas,en,,200,44,0,680,0,4,132,0,0,https://www.cruise1st.com.au/cruise-ship/pacific-explorer,,Pacific Explorer,,,,text,false,false,false,false,false,false,true,,,pagefound,2025-08-06 05:55:24,2026-03-14 18:25:09,,,,,1
Sitemap | Cruise1st Blog,https://www.cruise1st.co.uk/blog/sitemap/,en,wordpress,200,35,0,43014,0,5,271,0,0,https://www.cruise1st.com.au/blog/cruising/luxury-cruises-8-reasons-to-upgrade/,,Luxury Cruises: 8 Reasons to Upgrade,,,,text,false,true,false,false,false,false,true,removedfromhtml,,linkrestored,2025-07-11 20:50:17,2026-04-15 13:10:01,2026-05-06 12:59:55,,Listing collection > Location,Travel > Specialty travel > Luxury travel,1
"Before Discovering SEOExpress.org, I Spent Years on Expensive Agencies That Didn't Deliver the Results Promised. Eventually, I Tried Their White-Hat Backlinks Service and In Just Eight Weeks, My Domain Authority Ramped Up from DA 15 to DA 48 and Leads Poured In at a Rate of Over One Hundred Per Month! Best Investment in SEO ★★★★★ 💎 — My Sky Shop",https://mysky-shop.shop/before-discovering-seoexpress-i-spent-years-on-expensive-agencies-that-didnt-deliver-the-results-promised-eventually-i-tried-their-white-hat-backlinks-service-and-in-only-eight-weeks-my,en,,200,29,0,0,36,5038,8455,0,0,https://www.cruise1st.com.au/,,There was a time when cruise1st.com.au wasn’t visible at all in Google searches until a friend recommended trying out SEOExpress.org’s local SEO strategies. Within weeks we moved up significantly: our visibility doubled and lead generation jumped by almost +120 per month—totally worth every penny spent! A small investment here goes such a long way 🎯,,https://cruise1st.com.au/,301,text,true,false,true,false,false,false,true,,,linkfound,2026-04-18 04:16:55,2026-05-08 09:36:09,,,Article > Story,Internet > Web services > SEO and marketing; Business > Marketing > Marketing,1
"10 surprising river cruises around the world | The Standard | Warrnambool, VIC",https://www.standard.net.au/story/8524019/10-surprising-river-cruises-around-the-world/,en,,200,64,0,37591,0,24,27,0,0,https://www.cruise1st.com.au/,river and rail; check out deals from Cruise Express and,Cruise1st,. Independent travellers can also plan Eurostar or Eurail holidays,,,text,false,true,false,false,false,false,true,,,pagefound,2026-04-13 00:12:49,2026-05-06 13:56:01,,Louise Goldsbury,,,1
"@SEO_CARTEL IN TELEGRAM – SEO BACKLINKS, BULK LINK POSTING, BOOST SEO RANKING – HTTPS://T.ME/SEO_CARTEL – The Late Round Quarterback",https://www.lateroundqb.com/seo-cartel-in-telegram-seo-backlinks-bulk-link-19/,en,wordpress,200,25,0,3,0,2993,4432,0,0,https://www.cruise1st.com.au/blog/activities-entertainment/which-cruise-ships-have-the-best-casinos/,,"@SEO_CARTEL IN TELEGRAM – SEO BACKLINKS, BULK LINK POSTING, BOOST SEO RANKING",,,,text,false,false,true,false,false,false,true,,,pagefound,2026-02-01 02:38:03,2026-05-09 06:34:03,,,Site page > Services,Internet > Web services > SEO and marketing; Business > Marketing > Marketing,1
Sitemap | Cruise1st Blog,https://www.cruise1st.co.uk/blog/sitemap/,en,wordpress,200,35,0,43014,0,5,271,0,0,https://www.cruise1st.com.au/blog/category/cruising/australian-cruises/,,Australian Cruises,,,,text,false,true,false,false,false,false,true,removedfromhtml,,linkrestored,2025-07-11 20:50:17,2026-04-15 13:10:01,2026-05-06 12:59:55,,Listing collection > Location,Travel > Specialty travel > Luxury travel,1
Data-Driven Social Media Campaigns for Targeted E-Commerce Growth | Top Links DIrectory,https://toplinksdirectory.com/data-driven-social-media-campaigns-for-targeted-e-commerce-growth/,en,wordpress,200,22,0,0,43,3207,4637,0,0,https://www.cruise1st.com.au/,,cruise1st,,https://cruise1st.com.au/,301,text,true,true,false,false,false,false,true,,,linkrestored,2024-12-14 19:25:53,2026-04-22 06:57:13,,,Article > Guide,Business > Retail trade > Technology; Internet > Web services > SEO and marketing,1
Sitemap | Cruise1st Blog,https://www.cruise1st.co.uk/blog/sitemap/,en,wordpress,200,35,0,43014,0,5,271,0,0,https://www.cruise1st.com.au/blog/cruise-tips/what-is-a-sampler-cruise/,,What is a Sampler Cruise?,,,,text,false,true,false,false,false,false,true,removedfromhtml,,linkrestored,2025-07-11 20:50:17,2026-04-15 13:10:01,2026-05-06 12:59:55,,Listing collection > Location,Travel > Specialty travel > Luxury travel,1
Passport & Visa Requirements for Cruises | Cruise1st,https://cruise1stau.site.traveltek.net/faq/passportandvisas,en,,200,44,0,680,0,4,132,0,0,https://www.cruise1st.com.au/cruises/expedition-cruises,,Expedition Cruises,,,,text,false,false,false,false,false,false,true,,,pagefound,2025-08-06 05:55:24,2026-03-14 18:25:09,,,,,1
"“The Yearbook,” a novel by Daniel Smith-Rowsey (9/10)",https://maptothefuture.com/the-yearbook-a-novel-by-daniel-smith-rowsey-910/,en,wordpress,200,0.7,0,0,0,2469,4162,0,0,http://www.cruise1st.com.au/cruises/cruises-from-brisbane,Comment by,cruises from Brisbane,"on June 6, 2016 at 2:08 pm",,,text,false,false,true,true,false,false,true,,,linkrestored,2021-10-13 00:11:16,2026-05-11 10:59:55,,,Article > Review,Books > Literary classics; Entertainment > Other,1
Sitemap | Cruise1st Blog,https://www.cruise1st.co.uk/blog/sitemap/,en,wordpress,200,35,0,43014,0,5,271,0,0,https://www.cruise1st.com.au/blog/cruise-tips/what-do-you-pay-extra-for-on-a-cruise/,,What Do You Pay Extra For on a Cruise?,,,,text,false,true,false,false,false,false,true,removedfromhtml,,linkrestored,2025-07-11 20:50:17,2026-04-15 13:10:01,2026-05-06 12:59:55,,Listing collection > Location,Travel > Specialty travel > Luxury travel,1
Most Visited website list 1976 | Click To Buy Directory,https://clicktobuydirectory.com/most-visited-website-list-1976/,en,wordpress,200,20,0,0,0,5403,7175,0,0,https://www.cruise1st.com.au/,,cruise1st.com.au,,https://cruise1st.com.au/,301,text,true,false,false,false,false,false,true,,,linkrestored,2025-09-26 11:03:08,2026-05-09 00:47:42,,,Listing collection > Business,Business > Business services > E-commerce; Internet > Web services > SEO and marketing; Shopping,1
Passport & Visa Requirements for Cruises | Cruise1st,https://cruise1stau.site.traveltek.net/faq/passportandvisas,en,,200,44,0,680,0,4,132,0,0,https://www.cruise1st.com.au/cruise-ship/celebrity-edge,,Celebrity Edge,,,,text,false,false,false,false,false,false,true,,,pagefound,2025-08-06 05:55:24,2026-03-14 18:25:09,,,,,1
Caribbean,https://www.semanticjuice.com/caribbean/,en,,200,29,0,0,0,33,69,0,0,https://www.cruise1st.com.au/destinations/south-pacific,,https://www.cruise1st.com.au/destinations/south-pacific,,,,image,true,true,false,false,false,false,true,,,pagefound,2024-08-13 14:23:59,2026-04-28 07:27:46,,,,,1
Sitemap | Cruise1st Blog,https://www.cruise1st.co.uk/blog/sitemap/,en,wordpress,200,35,0,43014,0,5,271,0,0,https://www.cruise1st.com.au/blog/cruise-lines/our-most-popular-ships-costa-cruises-edition/,,Our Most Popular Ships: Costa Cruises Edition,,,,text,false,true,false,false,false,false,true,removedfromhtml,,linkrestored,2025-07-11 20:50:17,2026-04-15 13:10:01,2026-05-06 12:59:55,,Listing collection > Location,Travel > Specialty travel > Luxury travel,1
Sitemap | Cruise1st Blog,https://www.cruise1st.co.uk/blog/sitemap/,en,wordpress,200,35,0,43014,0,5,271,0,0,https://www.cruise1st.com.au/blog/cruising/destinations/mediterranean-cruises-cruising/what-is-the-largest-cruise-ship-in-service/,,What is the Largest Cruise Ship in Service?,,,,text,false,true,false,false,false,false,true,removedfromhtml,,linkrestored,2025-07-11 20:50:17,2026-04-15 13:10:01,2026-05-06 12:59:55,,Listing collection > Location,Travel > Specialty travel > Luxury travel,1
"10 surprising river cruises around the world | Illawarra Mercury | Wollongong, NSW",https://www.illawarramercury.com.au/story/8524019/10-surprising-river-cruises-around-the-world/,en,,200,71,0,34818,0,24,27,0,0,https://www.cruise1st.com.au/,river and rail; check out deals from Cruise Express and,Cruise1st,. Independent travellers can also plan Eurostar or Eurail holidays,,,text,false,true,false,false,false,false,true,,,linkfound,2026-04-21 14:41:40,2026-05-08 22:36:06,,Louise Goldsbury,,,1
Embark on an Unforgettable 15-Day Cruise from Sydney to New Zealand,http://blogs.adsiduous.com/embark-on-an-unforgettable-15-day-cruise-from-sydney-to-new-zealand/,en,,200,6,0,12,0,9,15,0,0,https://www.cruise1st.com.au/cruise/new-zealand-from-sydney-australia-with-the-grand-princess-17989296,,15 Nights New Zealand Cruise from Sydney (Cruise1st AU),,,,text,true,true,false,false,false,false,true,,,linkfound,2026-04-15 19:09:58,2026-04-26 10:55:34,,Sydney Blunt,,,1
"Cruise1St.com.au - анализ сайта, seo характеристики сайта - круисе1ст точка ком точка ау",https://prlog.ru/analysis/cruise1st.com.au,ru,,200,51,0,91,0,36,302,0,0,https://www.cruise1st.com.au/cruises/march-cruises,,cruise1st.com.au/cruises/march-cruises,,https://cruise1st.com.au/cruises/march-cruises,301,text,false,true,true,false,false,false,true,,,linkrestored,2020-02-04 15:30:12,2026-04-25 11:20:27,,,,,1
Sitemap | Cruise1st Blog,https://www.cruise1st.co.uk/blog/sitemap/,en,wordpress,200,35,0,43014,0,5,271,0,0,https://www.cruise1st.com.au/blog/cruising/destinations/12-hours-hobart/,,12 Hours in Hobart,,,,text,false,true,false,false,false,false,true,removedfromhtml,,linkrestored,2025-07-11 20:50:17,2026-04-15 13:10:01,2026-05-06 12:59:55,,Listing collection > Location,Travel > Specialty travel > Luxury travel,1
Sitemap | Cruise1st Blog,https://www.cruise1st.co.uk/blog/sitemap/,en,wordpress,200,35,0,43014,0,5,271,0,0,https://www.cruise1st.com.au/blog/cruise-tips/8-things-every-solo-cruiser-needs-know/,,8 Things Every Solo Cruiser Needs to Know,,,,text,false,true,false,false,false,false,true,removedfromhtml,,linkrestored,2025-07-11 20:50:17,2026-04-15 13:10:01,2026-05-06 12:59:55,,Listing collection > Location,Travel > Specialty travel > Luxury travel,1
"Australian cruise season grows as coronavirus pushes ships out of hot zones | Launceston, TAS",https://www.examiner.com.au/story/6653951/huge-cruise-deals-emerge-as-coronavirus-pushes-ships-south/,en,,200,70,0,45238,0,22,29,0,0,https://www.cruise1st.com.au/,,Cruise1st,is offering a 19-night roundtrip from Sydney to Hawaii. The,"http://cruise1st.com.au/, https://cruise1st.com.au/","301, 301",text,false,true,false,false,false,false,true,,,linkrestored,2020-03-15 00:11:29,2026-04-22 22:31:37,,Bernadette Chua,,,1
"@SEO_CARTEL IN TELEGRAM - SEO BACKLINKS, BULK LINK POSTING, BOOST SEO RANKING - HTTPS://T.ME/SEO_CARTEL - castello vinci",https://www.castellovinci.it/seo-cartel-in-telegram-seo-backlinks-bulk-link-19/,"en, it","ecommerce, wordpress",404,15,0,0,0,3053,4396,0,0,https://www.cruise1st.com.au/blog/activities-entertainment/which-cruise-ships-have-the-best-casinos/,,"@SEO_CARTEL IN TELEGRAM – SEO BACKLINKS, BULK LINK POSTING, BOOST SEO RANKING",,,,text,true,false,true,false,false,false,true,notfound,,pagefound,2026-01-22 04:54:46,2026-03-23 18:47:21,2026-05-05 02:46:51,,,,1
Most Visited website list 1976 | Media Post Directory,https://mediapostdirectory.com/most-visited-website-list-1976/,en,wordpress,200,56,0,0,0,5396,7160,0,0,https://www.cruise1st.com.au/,,cruise1st.com.au,,https://cruise1st.com.au/,301,text,true,false,false,false,false,false,true,,,linkrestored,2025-10-01 21:14:58,2026-05-06 00:41:40,,,Listing collection > Business,Business > Business services; Internet > Web services; News > Business news; Reference > Listings,1
Passport & Visa Requirements for Cruises | Cruise1st,https://cruise1stau.site.traveltek.net/faq/passportandvisas,en,,200,44,0,680,0,4,132,0,0,https://www.cruise1st.com.au/cruises/february-cruises,,February,,,,text,false,false,false,false,false,false,true,,,pagefound,2025-08-06 05:55:24,2026-03-14 18:25:09,,,,,1
Sitemap | Cruise1st Blog,https://www.cruise1st.co.uk/blog/sitemap/,en,wordpress,200,35,0,43014,0,5,271,0,0,https://www.cruise1st.com.au/blog/news/new-cruise-ships-2019/,,New Cruise Ships Making Waves in 2019,,,,text,false,true,false,false,false,false,true,removedfromhtml,,linkrestored,2025-07-11 20:50:17,2026-04-15 13:10:01,2026-05-06 12:59:55,,Listing collection > Location,Travel > Specialty travel > Luxury travel,1
"@SEO_CARTEL IN TELEGRAM – SEO BACKLINKS, BULK LINK POSTING, BOOST SEO RANKING – HTTPS://T.ME/SEO_CARTEL – Chabo Clube do Brasil",https://chaboclubedobrasil.com.br/seo-cartel-in-telegram-seo-backlinks-bulk-link-19/,"en, pt",wordpress,404,43,0,0,0,3052,4409,0,0,https://www.cruise1st.com.au/blog/activities-entertainment/which-cruise-ships-have-the-best-casinos/,,"@SEO_CARTEL IN TELEGRAM – SEO BACKLINKS, BULK LINK POSTING, BOOST SEO RANKING",,,,text,true,false,true,false,false,false,true,notfound,,pagefound,2026-01-12 22:31:47,2026-03-31 20:42:01,2026-04-30 17:23:43,,,,1
"10 surprising river cruises around the world | The Armidale Express | Armidale, NSW",https://www.armidaleexpress.com.au/story/8524019/10-surprising-river-cruises-around-the-world/,en,,200,49,0,2296,0,25,27,0,0,https://www.cruise1st.com.au/,river and rail; check out deals from Cruise Express and,Cruise1st,. Independent travellers can also plan Eurostar or Eurail holidays,,,text,false,true,false,false,false,false,true,,,pagefound,2026-04-12 22:40:20,2026-05-05 02:00:03,,Louise Goldsbury,,,1
Discover the Perfect Weekend Escape with 2 Night Cruise Packages from Brisbane,http://blogs.adsiduous.com/discover-the-perfect-weekend-escape-with-2-night-cruise-packages-from-brisbane/,en,,200,6,0,12,0,7,15,0,0,https://www.cruise1st.com.au/cruise/australia-from-brisbane-australia-with-the-royal-princess-17857593,,https://www.cruise1st.com.au/cruise/australia-from-brisbane-australia-with-the-royal-princess-17857593,,,,text,true,true,false,false,false,false,true,,,pagefound,2026-04-16 12:02:13,2026-04-26 10:01:41,,Sydney Blunt,,,1
🛸 Dark Side Links - Dark/White Hat Link Building Services - Prothor,https://prothor-ing.com/bez-rubriki/dark-side-links-dark-white-hat-link-building-995/,"en, es",wordpress,404,0.9,0,0,0,3064,3504,0,0,https://www.cruise1st.com.au/,DARK HAT AND WHITE HAT BACKLINKS,JOIN OUR TELEGRAM https://t.me/s/darksidelinks,FOR CHEAP AND GOOGLE FRIENDLY BACKLINKS,,,text,true,false,true,false,false,false,true,notfound,,pagefound,2026-03-08 22:37:39,2026-04-14 00:32:03,2026-04-23 16:17:50,,,,1
Sitemap | Cruise1st Blog,https://www.cruise1st.co.uk/blog/sitemap/,en,wordpress,200,35,0,43014,0,5,271,0,0,https://www.cruise1st.com.au/blog/category/cruise-lines/,,Cruise Lines,,,,text,false,true,false,false,false,false,true,removedfromhtml,,linkrestored,2025-07-11 20:50:17,2026-04-15 13:10:01,2026-05-06 12:59:55,,Listing collection > Location,Travel > Specialty travel > Luxury travel,1
Market Segmentation Revealed | Webs Country,https://webscountry.com/market-segmentation-revealed/,en,wordpress,200,57,0,0,0,2926,3521,0,0,https://www.cruise1st.com.au/,,cruise1st,,https://cruise1st.com.au/,301,text,true,true,false,false,false,false,true,,,linkrestored,2024-06-08 17:26:21,2026-05-09 15:28:43,,,,,1
cricketinfo.co.in | few of top websites | page no. 960,https://www.cricketinfo.co.in/domain-list-960,"en, pt",,200,4.9,0,0,0,1050,2072,0,0,https://www.cruise1st.com.au/,,cruise1st.com.au,,"http://cruise1st.com.au/, https://cruise1st.com.au/","301, 301",text,true,true,true,false,false,false,true,,,linkrestored,2025-01-10 18:00:44,2026-03-25 04:48:29,,,Listing collection > Business,Sports > Team sports > Cricket,1
hawaii to sydney cruise 2024,http://dhorikoshi.com/q1je7qi/white/263220128082b1f617f,en,,200,11,0,0,0,47,70,0,0,https://www.cruise1st.com.au/destinations/repositioning,outlaws accident 2022 fox news starbucks; bypass apple signing ipsw,Repositioning Cruise Deals | Cruise1st | Cruise1st.com.au,"Pacific. Sydney cruise port schedule 2021-2022-2023, map, address, ship terminals,",,,text,true,true,false,false,false,false,true,,,linkfound,2026-04-23 06:52:57,2026-04-23 06:52:57,,,,,1
"Australian cruise season grows as coronavirus pushes ships out of hot zones | Wellington, NSW",https://www.wellingtontimes.com.au/story/6653951/huge-cruise-deals-emerge-as-coronavirus-pushes-ships-south/,en,,200,34,0,414,0,27,32,0,0,https://www.cruise1st.com.au/,,Cruise1st,is offering a 19-night roundtrip from Sydney to Hawaii. The,"http://cruise1st.com.au/, https://cruise1st.com.au/","301, 301",text,false,true,false,false,false,false,true,,,linkrestored,2025-05-24 23:09:43,2026-05-06 09:23:12,,Bernadette Chua,,,1
Passport & Visa Requirements for Cruises | Cruise1st,https://cruise1stau.site.traveltek.net/faq/passportandvisas,en,,200,44,0,680,0,4,132,0,0,https://www.cruise1st.com.au/destinations/dubai-emirates,,Dubai,,,,text,false,false,false,false,false,false,true,,,pagefound,2025-08-06 05:55:24,2026-03-14 18:25:09,,,,,1
last minute cruise deals singapore,http://thefeedball.com/mexican-straw/last-minute-cruise-deals-singapore,en,,200,4.2,0,0,0,11,23,0,0,https://www.cruise1st.com.au/cruises/last-minute-cruises,"most well-known islands for its breathtaking beaches, temples, and mountains.",Last Minute Cruises from Australia 2023 - Cruise1st.com.au,Search for great cruise deals and compare prices to help,,,text,false,true,false,false,false,false,true,,,pagefound,2025-07-11 12:02:21,2025-12-27 12:02:32,,,,,1
Hidden Cruise Deals Under $500: What Travel Agents Won't Tell You - Travel Hotels Deals,https://travelhotelsdeals.com/hidden-cruise-deals-under-500-what-travel-agents-wont-tell-you/,en,wordpress,200,0.9,0,0,0,27,34,0,0,https://www.cruise1st.com.au/cruises/short-cruises,[2] –,https://www.cruise1st.com.au/cruises/short-cruises,,,,text,true,true,false,false,false,false,true,,,pagefound,2025-09-30 12:51:32,2026-04-27 17:03:45,,,,,1
Most Visited website list 1976 | Most Ranking Directory,https://worldmarketingdirectoy.com/most-visited-website-list-1976/,en,wordpress,200,18,0,0,0,5398,7169,0,0,https://www.cruise1st.com.au/,,cruise1st.com.au,,https://cruise1st.com.au/,301,text,true,false,false,false,false,false,true,,,linkrestored,2025-10-04 00:29:17,2026-05-06 00:07:23,,,Listing collection > Business,Business > Business services > Consulting; Internet > Web services > SEO and marketing,1
Sitemap | Cruise1st Blog,https://www.cruise1st.co.uk/blog/sitemap/,en,wordpress,200,35,0,43014,0,5,271,0,0,https://www.cruise1st.com.au/blog/cruise-tips/five-reasons-to-cruise-to-hawaii/,,Five Reasons to Cruise to Hawaii,,,,text,false,true,false,false,false,false,true,removedfromhtml,,linkrestored,2025-07-11 20:50:17,2026-04-15 13:10:01,2026-05-06 12:59:55,,Listing collection > Location,Travel > Specialty travel > Luxury travel,1
Passport & Visa Requirements for Cruises | Cruise1st,https://cruise1stau.site.traveltek.net/faq/passportandvisas,en,,200,44,0,680,0,4,132,0,0,https://www.cruise1st.com.au/faq/transfers,,Cruise1st TRANSFERS,,,,image,false,false,false,false,false,false,true,,,pagefound,2025-08-06 05:55:24,2026-03-14 18:25:09,,,,,1
Cruise1st Gift Voucher Gift Card Balance Check,https://gcb.today/au/gift-card-balance/cruise1st-gift-voucher,en,,200,21,0,875,0,10,47,0,0,https://www.cruise1st.com.au/info/terms-and-conditions,the right to change credit card surcharges should our card ...,https://www.cruise1st.com.au/info/terms-and-conditions,,,,text,false,true,true,false,false,false,true,,,pagefound,2025-12-15 15:45:16,2026-05-06 15:17:40,,Gift Card Balance Today,,,1
Sitemap | Cruise1st Blog,https://www.cruise1st.co.uk/blog/sitemap/,en,wordpress,200,35,0,43014,0,5,271,0,0,https://www.cruise1st.com.au/blog/cruise-tips/how-do-cruise-ships-make-fresh-water-in-a-sea-of-salt/,,How do Cruise Ships Make Fresh Water in a Sea of Salt?,,,,text,false,true,false,false,false,false,true,removedfromhtml,,linkrestored,2025-07-11 20:50:17,2026-04-15 13:10:01,2026-05-06 12:59:55,,Listing collection > Location,Travel > Specialty travel > Luxury travel,1
"Australian cruise season grows as coronavirus pushes ships out of hot zones | Canberra, ACT",https://www.canberratimes.com.au/story/6653951/huge-cruise-deals-emerge-as-coronavirus-pushes-ships-south/,en,,200,80,0,99251,0,26,32,0,0,https://www.cruise1st.com.au/,,Cruise1st,is offering a 19-night roundtrip from Sydney to Hawaii. The,"http://cruise1st.com.au/, https://cruise1st.com.au/","301, 301",text,false,true,false,false,false,false,true,,,linkrestored,2023-09-16 11:52:28,2026-05-05 15:48:35,,Bernadette Chua,,,1
Cruise1st Gift Voucher Gift Card Balance Check,https://gcb.today/au/gift-card-balance/cruise1st-gift-voucher,en,,200,21,0,875,0,10,47,0,0,https://www.cruise1st.com.au/,,Cruise1st Gift Voucher shopping https://www.cruise1st.com.au/,,,,image,false,true,true,false,false,false,true,,,pagefound,2025-12-15 15:45:16,2026-05-06 15:17:40,,Gift Card Balance Today,,,1
Sitemap | Cruise1st Blog,https://www.cruise1st.co.uk/blog/sitemap/,en,wordpress,200,35,0,43014,0,5,271,0,0,https://www.cruise1st.com.au/blog/cruising/luxury-cruises-cruising/luxury-cruise-guide/,,A Comprehensive Guide to Luxury Cruises,,,,text,false,true,false,false,false,false,true,removedfromhtml,,linkrestored,2025-07-11 20:50:17,2026-04-15 13:10:01,2026-05-06 12:59:55,,Listing collection > Location,Travel > Specialty travel > Luxury travel,1
Directory website list 1976 – Business Growth 953 | Top Site Rank Directory,https://topsiterankdirectory.com/directory-website-list-1976-business-growth-953/,en,wordpress,200,13,0,0,0,5393,7157,0,0,https://www.cruise1st.com.au/,,cruise1st.com.au,,https://cruise1st.com.au/,301,text,true,false,false,false,false,false,true,,,linkfound,2025-12-30 14:53:58,2026-05-11 04:36:24,,,Listing collection > Business,Business > Business services > Consulting,1
Cruise1st Gift Voucher Gift Card Balance Check,https://gcb.today/au/gift-card-balance/cruise1st-gift-voucher,en,,200,21,0,875,0,10,47,0,0,https://www.cruise1st.com.au/blog/cruise-tips/need-know-currency-cruise-holidays/,on all ships except the Pride of America. Carnival Cruises,https://www.cruise1st.com.au/blog/cruise-tips/need-know-currency-cruise-holidays/,,,,text,false,true,true,false,false,false,true,,,pagefound,2025-12-15 15:45:16,2026-05-06 15:17:40,,Gift Card Balance Today,,,1
"Cruise1St.com.au - анализ сайта, seo характеристики сайта - круисе1ст точка ком точка ау",https://prlog.ru/analysis/cruise1st.com.au,ru,,200,51,0,91,0,36,302,0,0,https://www.cruise1st.com.au/cruise-ship/norwegian-jewel,,cruise1st.com.au/cruise-ship/norwegian-jewel,,https://cruise1st.com.au/cruise-ship/norwegian-jewel,301,text,false,true,true,false,false,false,true,,,linkrestored,2020-02-04 15:30:12,2026-04-25 11:20:27,,,,,1
"10 surprising river cruises around the world | Great Lakes Advocate | Forster, NSW",https://www.greatlakesadvocate.com.au/story/8524019/10-surprising-river-cruises-around-the-world/,en,,200,42,0,965,0,25,27,0,0,https://www.cruise1st.com.au/,river and rail; check out deals from Cruise Express and,Cruise1st,. Independent travellers can also plan Eurostar or Eurail holidays,,,text,false,true,false,false,false,false,true,,,linkfound,2026-04-12 22:37:30,2026-04-21 02:24:40,,Louise Goldsbury,,,1
bestmillion.net | few of top websites | page no. 960,https://www.entiredomains.space/domain-list-960,"en, pt",,200,0,0,0,0,1049,2078,0,0,https://www.cruise1st.com.au/,,cruise1st.com.au,,"http://cruise1st.com.au/, https://cruise1st.com.au/","301, 301",text,true,true,true,false,false,false,true,,,linkrestored,2025-10-23 07:30:22,2026-04-07 06:09:21,,,Listing collection > Business,Internet > Web services > Analytics; Finance,1
Sitemap | Cruise1st Blog,https://www.cruise1st.co.uk/blog/sitemap/,en,wordpress,200,35,0,43014,0,5,271,0,0,https://www.cruise1st.com.au/blog/news/gift-ideas-for-a-cruise-fan/,,Gift Ideas for a Cruise Fan,,,,text,false,true,false,false,false,false,true,removedfromhtml,,linkrestored,2025-07-11 20:50:17,2026-04-15 13:10:01,2026-05-06 12:59:55,,Listing collection > Location,Travel > Specialty travel > Luxury travel,1
Sitemap | Cruise1st Blog,https://www.cruise1st.co.uk/blog/sitemap/,en,wordpress,200,35,0,43014,0,5,271,0,0,https://www.cruise1st.com.au/blog/cruise-ships/cruise-ship-guides/celebrity-edge-a-step-above-the-rest/,,Celebrity Edge: A Step Above the Rest,,,,text,false,true,false,false,false,false,true,removedfromhtml,,linkrestored,2025-07-11 20:50:17,2026-04-15 13:10:01,2026-05-06 12:59:55,,Listing collection > Location,Travel > Specialty travel > Luxury travel,1
Passport & Visa Requirements for Cruises | Cruise1st,https://cruise1stau.site.traveltek.net/faq/passportandvisas,en,,200,44,0,680,0,4,132,0,0,https://www.cruise1st.com.au/cruises/cruises-under-999,,Cruises under $999,,,,text,false,false,false,false,false,false,true,,,pagefound,2025-08-06 05:55:24,2026-03-14 18:25:09,,,,,1
website list 690 | AI Directory Zone,https://aidirectoryzone.com/website-list-690/,en,wordpress,0,21,0,0,0,5131,6679,0,0,https://www.cruise1st.com.au/,,cruise1st,,https://cruise1st.com.au/,301,text,true,false,false,false,false,false,true,,tooold,pagefound,2025-06-10 16:20:58,2025-08-02 20:02:06,2026-04-13 05:23:44,,,,1
addurl.pro | few of top websites | page no. 960,https://www.domains.foundation/domain-list-960,en,,200,0.1,0,0,0,1052,2033,0,0,https://www.cruise1st.com.au/,,cruise1st.com.au,,"http://cruise1st.com.au/, https://cruise1st.com.au/","301, 301",text,true,true,true,false,false,false,true,,,pagefound,2026-01-01 06:51:16,2026-05-05 10:07:58,,,Listing collection > Business,Internet > Web services > Development,1
🍪 TELEGRAM @SALESOVEN | ACCESS TO HACKED SITES FOR SEO | HTTPS://T.ME/SALESOVEN 🔥 - Zero Waste Maldives,https://zerowastemaldives.com/telegram-salesoven-access-to-hacked-sites-for-seo-24-2/,en,"ecommerce, wordpress",200,33,0,2,0,2317,3346,0,0,https://www.cruise1st.com.au/blog/cruise-tips/which-cruise-ships-have-the-best-casinos-2/,,🍪 TELEGRAM @SALESOVEN | ACCESS TO HACKED SITES FOR SEO | HTTPS://T.ME/SALESOVEN 🔥,,,,text,true,false,true,false,false,false,true,,,pagefound,2026-01-28 06:24:34,2026-04-23 19:55:09,,Afrah Ismail,Site page > Services,Internet > Web services > SEO and marketing; Games > Gambling,1
Sitemap | Cruise1st Blog,https://www.cruise1st.co.uk/blog/sitemap/,en,wordpress,200,35,0,43014,0,5,271,0,0,https://www.cruise1st.com.au/blog/cruise-tips/onboard-facilities/board-credit-get/,,On-Board Credit: What Is It and How to Get It,,,,text,false,true,false,false,false,false,true,removedfromhtml,,linkrestored,2025-07-11 20:50:17,2026-04-15 13:10:01,2026-05-06 12:59:55,,Listing collection > Location,Travel > Specialty travel > Luxury travel,1
Sitemap | Cruise1st Blog,https://www.cruise1st.co.uk/blog/sitemap/,en,wordpress,200,35,0,43014,0,5,271,0,0,https://www.cruise1st.com.au/blog/cruise-tips/are-drink-packages-worth-the-money/,,Are Drink Packages Worth the Money?,,,,text,false,true,false,false,false,false,true,removedfromhtml,,linkrestored,2025-07-11 20:50:17,2026-04-15 13:10:01,2026-05-06 12:59:55,,Listing collection > Location,Travel > Specialty travel > Luxury travel,1
Passport & Visa Requirements for Cruises | Cruise1st,https://cruise1stau.site.traveltek.net/faq/passportandvisas,en,,200,44,0,680,0,4,132,0,0,https://www.cruise1st.com.au/cruises/cruises-from-sydney,,Sydney,,,,text,false,false,false,false,false,false,true,,,pagefound,2025-08-06 05:55:24,2026-03-14 18:25:09,,,,,1
Australian Marketers’ Guide to SEO Best Practices – Search Engine Journal | Ranks Directory,https://ranksdirectory.com/australian-marketers-guide-to-seo-best-practices-search-engine-journal/,en,wordpress,200,24,0,0,13,2219,3627,0,0,https://www.cruise1st.com.au/,,cruise1st,,https://cruise1st.com.au/,301,text,true,true,false,false,false,true,true,,,linkrestored,2024-10-27 05:06:14,2026-04-21 04:37:54,,,Article > Guide,Internet > Web services > SEO and marketing; Business > Marketing > Marketing,1
Directory website list 1976 | Link Boost Directory,https://linkboostdirectory.com/directory-website-list-1976/,en,wordpress,200,18,0,0,0,5393,7158,0,0,https://www.cruise1st.com.au/,,cruise1st.com.au,,https://cruise1st.com.au/,301,text,true,false,false,false,false,false,true,,,linkrestored,2025-08-27 21:13:31,2026-05-10 12:35:29,,,Listing collection > Business,Business > Business services > Consulting; Internet > Web services; Reference > Listings > Business,1
Sitemap | Cruise1st Blog,https://www.cruise1st.co.uk/blog/sitemap/,en,wordpress,200,35,0,43014,0,5,271,0,0,https://www.cruise1st.com.au/blog/cruise-tips/12-hours-in-sydney/,,Sydney City Guide [Updated 2018],,,,text,false,true,false,false,false,false,true,removedfromhtml,,linkrestored,2025-07-11 20:50:17,2026-04-15 13:10:01,2026-05-06 12:59:55,,Listing collection > Location,Travel > Specialty travel > Luxury travel,1
"@SEO_CARTEL IN TELEGRAM – SEO BACKLINKS, BULK LINK POSTING, BOOST SEO RANKING – HTTPS://T.ME/SEO_CARTEL",https://drparvincarter.com/seo-cartel-in-telegram-seo-backlinks-bulk-link-19/,en,wordpress,200,51,0,23,0,3059,4443,0,0,https://www.cruise1st.com.au/blog/activities-entertainment/which-cruise-ships-have-the-best-casinos/,,"@SEO_CARTEL IN TELEGRAM – SEO BACKLINKS, BULK LINK POSTING, BOOST SEO RANKING",,,,text,true,false,true,false,false,false,true,,,pagefound,2025-12-16 08:40:45,2026-05-01 10:33:38,,,Article > Guide,Internet > Web services > SEO and marketing; Business > Marketing > Marketing,1
Sitemap | Cruise1st Blog,https://www.cruise1st.co.uk/blog/sitemap/,en,wordpress,200,35,0,43014,0,5,271,0,0,https://www.cruise1st.com.au/blog/cruise-tips/food-drink/7-ways-get-free-drinks-cruise-ships/,,7 Easy Ways to Score Free Drinks on Your Next Cruise,,,,text,false,true,false,false,false,false,true,removedfromhtml,,linkrestored,2025-07-11 20:50:17,2026-04-15 13:10:01,2026-05-06 12:59:55,,Listing collection > Location,Travel > Specialty travel > Luxury travel,1
"Cruise1St.com.au - анализ сайта, seo характеристики сайта - круисе1ст точка ком точка ау",https://prlog.ru/analysis/cruise1st.com.au,ru,,200,51,0,91,0,36,302,0,0,https://www.cruise1st.com.au/cruise-ship/voyager-of-the-seas,,cruise1st.com.au/cruise-ship/voyager-of-the-seas,,https://cruise1st.com.au/cruise-ship/voyager-of-the-seas,301,text,false,true,true,false,false,false,true,,,linkrestored,2020-02-04 15:30:12,2026-04-25 11:20:27,,,,,1
Sitemap | Cruise1st Blog,https://www.cruise1st.co.uk/blog/sitemap/,en,wordpress,200,35,0,43014,0,5,271,0,0,https://www.cruise1st.com.au/blog/cruise-ships/8-best-themed-bars-youll-find-board-cruise-ship/,,8 of the Best Themed Bars You’ll Find on Board a Cruise Ship,,,,text,false,true,false,false,false,false,true,removedfromhtml,,linkrestored,2025-07-11 20:50:17,2026-04-15 13:10:01,2026-05-06 12:59:55,,Listing collection > Location,Travel > Specialty travel > Luxury travel,1
🔥 BHS Links – Hardcore Black Hat SEO – TG @bhs_links - bhs-links-push.online,https://bhs-links-push.online/egypt-17-07-2025/bhs-links-egypt-1/,"en, uk",,0,2.1,0,0,5,2322,3096,0,0,https://www.cruise1st.com.au/blog/activities-entertainment/which-cruise-ships-have-the-best-casinos/,,TG @BHS_LINKS - BEST SEO LINKS - https://t.me/bhs_links,,,,text,true,false,true,false,false,false,true,,tooold,pagefound,2025-07-27 19:44:33,2025-08-05 03:48:51,2026-04-14 10:26:41,,,,1
Sitemap | Cruise1st Blog,https://www.cruise1st.co.uk/blog/sitemap/,en,wordpress,200,35,0,43014,0,5,271,0,0,https://www.cruise1st.com.au/blog/cruise-tips/top-packing-tips-southeast-asia/,,Top Packing Tips for Southeast Asia,,,,text,false,true,false,false,false,false,true,removedfromhtml,,linkrestored,2025-07-11 20:50:17,2026-04-15 13:10:01,2026-05-06 12:59:55,,Listing collection > Location,Travel > Specialty travel > Luxury travel,1
Sitemap | Cruise1st Blog,https://www.cruise1st.co.uk/blog/sitemap/,en,wordpress,200,35,0,43014,0,5,271,0,0,https://www.cruise1st.com.au/blog/cruise-tips/what-is-the-best-deck-to-choose-on-a-cruise-ship/,,What is the Best Deck to Choose on a Cruise Ship?,,,,text,false,true,false,false,false,false,true,removedfromhtml,,linkrestored,2025-07-11 20:50:17,2026-04-15 13:10:01,2026-05-06 12:59:55,,Listing collection > Location,Travel > Specialty travel > Luxury travel,1
KT Leong | Red Tail Reunions,https://www.redtailreunions.com/kt-leong,en,cms,200,0.4,0,1,0,4,5,0,0,https://www.cruise1st.com.au/,,KTLeong.jpg,,,,image,false,false,false,false,false,false,true,,,pagefound,2022-05-01 18:17:35,2026-05-05 19:40:12,,,,,1
Passport & Visa Requirements for Cruises | Cruise1st,https://cruise1stau.site.traveltek.net/faq/passportandvisas,en,,200,44,0,680,0,4,132,0,0,https://www.cruise1st.com.au/destinations/new-zealand,,New Zealand,,,,text,false,false,false,false,false,false,true,,,pagefound,2025-08-06 05:55:24,2026-03-14 18:25:09,,,,,1
Passport & Visa Requirements for Cruises | Cruise1st,https://cruise1stau.site.traveltek.net/faq/passportandvisas,en,,200,44,0,680,0,4,132,0,0,https://www.cruise1st.com.au/cruise-ship/noordam,,ms Noordam,,,,text,false,false,false,false,false,false,true,,,pagefound,2025-08-06 05:55:24,2026-03-14 18:25:09,,,,,1
👲 Domain Report 👲,https://screenshots.wiki/report/71716,en,,200,39,0,0,0,3686,4082,0,0,https://www.cruise1st.com.au/,visit homepage,cruise1st.com.au,&nbsp,https://cruise1st.com.au/,301,text,true,true,true,false,false,false,true,,,linkfound,2026-03-17 07:44:09,2026-03-17 07:44:09,,,Site page > Services,Internet > Web services > Development,1
Most Visited website list 1976 | Sure Profits Coach,https://sureprofitscoach.com/most-visited-website-list-1976/,en,wordpress,200,50,0,0,0,5393,7157,0,0,https://www.cruise1st.com.au/,,cruise1st.com.au,,https://cruise1st.com.au/,301,text,true,false,false,false,false,false,true,,,linkrestored,2025-10-03 18:47:18,2026-05-10 00:29:51,,,Listing collection > Business,Business > Business services > Consulting; Internet > Web services > Analytics,1
"Tasmania – an island of wildlife, nature and beauty | Trip Outlook Travel Buddy",https://tripoutlook.com/tasmania-an-island-of-wildlife-nature-and-beauty/,en,wordpress,200,3.9,0,0,0,9,24,0,0,http://www.cruise1st.com.au/,,Cruise1st,Australasia Tours,,,text,false,true,true,false,false,false,true,,,linkrestored,2018-04-27 18:25:13,2026-05-06 05:10:35,,,,,2
Sitemap | Cruise1st Blog,https://www.cruise1st.co.uk/blog/sitemap/,en,wordpress,200,35,0,43014,0,5,271,0,0,https://www.cruise1st.com.au/blog/activities-entertainment/surfs-best-shore-excursions-surf-nuts/,,Surf’s Up! The Best Shore Excursions For Surf Nuts,,,,text,false,true,false,false,false,false,true,removedfromhtml,,linkrestored,2025-07-11 20:50:17,2026-04-15 13:10:01,2026-05-06 12:59:55,,Listing collection > Location,Travel > Specialty travel > Luxury travel,1
Discover the South Pacific: Top Cruise Destinations from Sydney,https://best-options.ghost.io/discover-the-south-pacific-top-cruise-destinations-from-sydney/,en,,200,85,0,26000,0,3,4,0,0,https://www.cruise1st.com.au/south-pacific-cruises-from-sydney?ref=best-options.ghost.io,,https://www.cruise1st.com.au/south-pacific-cruises-from-sydney,,,,text,false,true,false,false,false,false,true,,,linkfound,2026-03-20 15:19:13,2026-04-12 08:47:36,,Andy Mann,,,1
"10 surprising river cruises around the world | The Courier | Ballarat, VIC",https://www.thecourier.com.au/story/8524019/10-surprising-river-cruises-around-the-world/,en,,200,70,0,38187,0,23,25,0,0,https://www.cruise1st.com.au/,river and rail; check out deals from Cruise Express and,Cruise1st,. Independent travellers can also plan Eurostar or Eurail holidays,,,text,false,true,false,false,false,false,true,,,pagefound,2026-04-12 22:55:58,2026-05-08 14:24:51,,Louise Goldsbury,,,1
Passport & Visa Requirements for Cruises | Cruise1st,https://cruise1stau.site.traveltek.net/faq/passportandvisas,en,,200,44,0,680,0,4,132,0,0,https://www.cruise1st.com.au/cruise-lines/seabourn-cruises,,Seabourn,,,,text,false,false,false,false,false,false,true,,,pagefound,2025-08-06 05:55:24,2026-03-14 18:25:09,,,,,1
Cruise1st Gift Voucher Gift Card Balance Check,https://gcb.today/au/gift-card-balance/cruise1st-gift-voucher,en,,200,21,0,875,0,10,47,0,0,https://www.cruise1st.com.au/cruise-lines/dream-cruises,all calm and balance modern day elegance with total tranquility.,https://www.cruise1st.com.au/cruise-lines/dream-cruises,,,,text,false,true,true,false,false,false,true,,,pagefound,2025-12-15 15:45:16,2026-05-06 15:17:40,,Gift Card Balance Today,,,2
Sitemap | Cruise1st Blog,https://www.cruise1st.co.uk/blog/sitemap/,en,wordpress,200,35,0,43014,0,5,271,0,0,https://www.cruise1st.com.au/blog/cruising/destinations/asia-cruise/ultimate-japan-souvenir-guide/,,The Ultimate Japan Souvenir Guide,,,,text,false,true,false,false,false,false,true,removedfromhtml,,linkrestored,2025-07-11 20:50:17,2026-04-15 13:10:01,2026-05-06 12:59:55,,Listing collection > Location,Travel > Specialty travel > Luxury travel,1
Most Visited website list 1976 | Click To Rank Directory,https://clicktorankdirectoy.com/most-visited-website-list-1976/,en,wordpress,200,18,0,0,0,5395,7161,0,0,https://www.cruise1st.com.au/,,cruise1st.com.au,,https://cruise1st.com.au/,301,text,true,false,false,false,false,false,true,,,linkrestored,2025-09-11 17:13:54,2026-05-08 23:42:12,,,Listing collection > Business,Internet > Web services > Analytics; Business > Business services > Consulting,1
✅ Website Stats 📊,https://metamagic.top/stats/71717,en,,200,39,0,0,0,3688,4089,0,0,https://www.cruise1st.com.au/,visit homepage,cruise1st.com.au,&nbsp,https://cruise1st.com.au/,301,text,true,true,true,false,false,false,true,,,linkfound,2026-04-16 18:49:52,2026-04-16 18:49:52,,,Listing collection > Business,Internet > Web services > Analytics,1
Data-Driven Social Media Campaigns for Targeted E-Commerce Growth | World Wide Ranks,https://worldwideranks.com/data-driven-social-media-campaigns-for-targeted-e-commerce-growth/,en,wordpress,200,16,0,0,43,3206,4640,0,0,https://www.cruise1st.com.au/,,cruise1st,,https://cruise1st.com.au/,301,text,true,true,false,false,false,true,true,,,linkrestored,2024-12-14 12:48:36,2026-04-21 11:56:12,,,Article > Guide,Business > Retail trade > Technology; Internet > Web services > SEO and marketing,1
Passport & Visa Requirements for Cruises | Cruise1st,https://cruise1stau.site.traveltek.net/faq/passportandvisas,en,,200,44,0,680,0,4,132,0,0,https://www.cruise1st.com.au/faq/insurance,,Cruise1st TRAVEL INSURANCE,,,,image,false,false,false,false,false,false,true,,,pagefound,2025-08-06 05:55:24,2026-03-14 18:25:09,,,,,1
Most Visited website list 1976 | Social News Directory,https://socialnewsdirectory.com/most-visited-website-list-1976/,en,wordpress,200,55,0,0,0,5393,7157,0,0,https://www.cruise1st.com.au/,,cruise1st.com.au,,https://cruise1st.com.au/,301,text,true,false,false,false,false,false,true,,,linkrestored,2025-09-28 21:47:35,2026-05-09 06:28:49,,,Listing collection > Business,Internet > Web services > Analytics; News > Business news > Company news; Business > Business services; Society; Reference,1
Cruise1st Gift Voucher Gift Card Balance Check,https://gcb.today/au/gift-card-balance/cruise1st-gift-voucher,en,,200,21,0,875,0,10,47,0,0,https://www.cruise1st.com.au/faq/passportandvisas,can be used for passengers under the age of 18.,https://www.cruise1st.com.au/faq/passportandvisas,,,,text,false,true,true,false,false,false,true,,,pagefound,2025-12-15 15:45:16,2026-05-06 15:17:40,,Gift Card Balance Today,,,1
Sitemap | Cruise1st Blog,https://www.cruise1st.co.uk/blog/sitemap/,en,wordpress,200,35,0,43014,0,5,271,0,0,https://www.cruise1st.com.au/blog/cruising/destinations/72-hours-las-vegas/,,72 Hours in Las Vegas,,,,text,false,true,false,false,false,false,true,removedfromhtml,,linkrestored,2025-07-11 20:50:17,2026-04-15 13:10:01,2026-05-06 12:59:55,,Listing collection > Location,Travel > Specialty travel > Luxury travel,1
Passport & Visa Requirements for Cruises | Cruise1st,https://cruise1stau.site.traveltek.net/faq/passportandvisas,en,,200,44,0,680,0,4,132,0,0,https://www.cruise1st.com.au/cruises/cruises-from-australia,,Cruises fr Australia,,,,text,false,false,false,false,false,false,true,,,pagefound,2025-08-06 05:55:24,2026-03-14 18:25:09,,,,,1
👲 Domain Report 👲,https://quero.party/report/71717,en,,200,48,0,0,0,3689,4089,0,0,https://www.cruise1st.com.au/,visit homepage,cruise1st.com.au,&nbsp,https://cruise1st.com.au/,301,text,true,true,true,false,false,false,true,,,pagefound,2026-02-12 22:21:52,2026-04-20 03:22:28,,,Site page > Services,Internet > Web services > Development,1
Sitemap | Cruise1st Blog,https://www.cruise1st.co.uk/blog/sitemap/,en,wordpress,200,35,0,43014,0,5,271,0,0,https://www.cruise1st.com.au/blog/cruise-tips/what-are-the-best-ships-for-adults-only-cruises/,,What are the Best Ships for Adults Only Cruises?,,,,text,false,true,false,false,false,false,true,removedfromhtml,,linkrestored,2025-07-11 20:50:17,2026-04-15 13:10:01,2026-05-06 12:59:55,,Listing collection > Location,Travel > Specialty travel > Luxury travel,1
,http://papasearch.net/Tokyo/Tokyo60.html,en,,200,16,0,0,0,1425,3397,0,0,https://www.cruise1st.com.au/cruise-ship/ovation-of-the-seas,,Ovation of the Seas Cruise Deals & Holiday Packages,,,,text,true,true,false,false,false,false,true,,,pagefound,2026-01-05 13:42:02,2026-04-09 13:08:58,,,Listing collection > Event,Jobs and education > Education > Universities; Science; News,1
Cruise1st Gift Voucher Gift Card Balance Check,https://gcb.today/au/gift-card-balance/cruise1st-gift-voucher,en,,200,21,0,875,0,10,47,0,0,https://www.cruise1st.com.au/cruises/cruises-from-melbourne,"Cruises , Celebrity Cruises , Carnival , P&O Australia …",https://www.cruise1st.com.au/cruises/cruises-from-melbourne,,,,text,false,true,true,false,false,false,true,,,pagefound,2025-12-15 15:45:16,2026-05-06 15:17:40,,Gift Card Balance Today,,,1
Passport & Visa Requirements for Cruises | Cruise1st,https://cruise1stau.site.traveltek.net/faq/passportandvisas,en,,200,44,0,680,0,4,132,0,0,https://www.cruise1st.com.au/destinations/caribbean,,Caribbean,,,,text,false,false,false,false,false,false,true,,,pagefound,2025-08-06 05:55:24,2026-03-14 18:25:09,,,,,1
Sitemap | Cruise1st Blog,https://www.cruise1st.co.uk/blog/sitemap/,en,wordpress,200,35,0,43014,0,5,271,0,0,https://www.cruise1st.com.au/blog/cruise-tips/cruise-dining-hacks-to-save-time-money/,,"9 Cruise Dining Hacks That Will Save You Time, Effort and Money",,,,text,false,true,false,false,false,false,true,removedfromhtml,,linkrestored,2025-07-11 20:50:17,2026-04-15 13:10:01,2026-05-06 12:59:55,,Listing collection > Location,Travel > Specialty travel > Luxury travel,1
Passport & Visa Requirements for Cruises | Cruise1st,https://cruise1stau.site.traveltek.net/faq/passportandvisas,en,,200,44,0,680,0,4,132,0,0,https://www.cruise1st.com.au/destinations/japan,,Japan,,,,text,false,false,false,false,false,false,true,,,pagefound,2025-08-06 05:55:24,2026-03-14 18:25:09,,,,,1
bestadultdirectory.com | few of top websites | page no. 899,http://www.bestadultdirectory.com/domain-list-899,en,,200,7,0,0,0,1102,2105,0,0,https://www.cruise1st.com.au/,,cruise1st.com.au,,"http://cruise1st.com.au/, https://cruise1st.com.au/","301, 301",text,true,true,true,false,false,false,true,,,linkrestored,2025-05-02 01:46:47,2026-04-22 02:36:33,,,Listing collection > Business,Adult,1
Most Visited website list 1976 | Business Directory,https://businesswebsitesdirectory.com/most-visited-website-list-1976/,en,wordpress,200,19,0,0,0,5395,7161,0,0,https://www.cruise1st.com.au/,,cruise1st.com.au,,https://cruise1st.com.au/,301,text,true,false,false,false,false,false,true,,,linkrestored,2025-10-13 13:33:25,2026-05-10 05:09:20,,,Listing collection > Business,Business > Business services > Consulting; Internet,1
🔥 BHS Links – Hardcore Black Hat SEO – TG @bhs_links - bhs-links-boostup.online,https://bhs-links-boostup.online/egypt-17-07-2025/bhs-links-egypt-1/,"en, uk",,0,2.1,0,0,5,2324,3127,0,0,https://www.cruise1st.com.au/blog/activities-entertainment/which-cruise-ships-have-the-best-casinos/,,TG @BHS_LINKS - BEST SEO LINKS - https://t.me/bhs_links,,,,text,true,false,true,false,false,false,true,,tooold,pagefound,2025-07-18 07:03:56,2025-08-07 21:59:20,2026-04-11 22:44:48,,,,1
Sitemap | Cruise1st Blog,https://www.cruise1st.co.uk/blog/sitemap/,en,wordpress,200,35,0,43014,0,5,271,0,0,https://www.cruise1st.com.au/blog/cruising/destinations/mediterranean-cruises-cruising/athens-city-guide-step-back-time-ancient-greece/,,Athens City Guide: Step Back in Time to Ancient Greece,,,,text,false,true,false,false,false,false,true,removedfromhtml,,linkrestored,2025-07-11 20:50:17,2026-04-15 13:10:01,2026-05-06 12:59:55,,Listing collection > Location,Travel > Specialty travel > Luxury travel,1
Passport & Visa Requirements for Cruises | Cruise1st,https://cruise1stau.site.traveltek.net/faq/passportandvisas,en,,200,44,0,680,0,4,132,0,0,https://www.cruise1st.com.au/holiday-enhancements,,Added Extras,,,,text,false,false,false,false,false,false,true,,,pagefound,2025-08-06 05:55:24,2026-03-14 18:25:09,,,,,1
Directory website list 1976 | Seo Traffic Directory,https://seotrafficdirectory.com/directory-website-list-1976/,en,wordpress,200,18,0,0,0,5403,7177,0,0,https://www.cruise1st.com.au/,,cruise1st.com.au,,https://cruise1st.com.au/,301,text,true,false,false,false,false,false,true,,,pagefound,2025-10-02 17:35:17,2026-05-11 01:37:06,,,Listing collection > Business,Business > Business services > Consulting; Internet > Search engines,1
TG @LINKS_DEALER | BLACK HAT SEO SERVICES | MASS LINKS | HTTPS://T.ME/LINKS_DEALER – Humaidan AlMimouni,http://haslaws.com/en/tg-links-dealer-black-hat-seo-services-mass-links-12-2/,en,"ecommerce, wordpress",200,13,0,0,0,2778,4368,0,0,https://www.cruise1st.com.au/cruise-ship/carnival-encounter,,TG @LINKS_DEALER | EFFECTIVE SEO LINKS FOR WWW.CRUISE1ST.COM.AU,,,,text,true,false,true,false,false,false,true,removedfromhtml,,pagefound,2026-02-26 02:14:45,2026-02-26 02:14:45,2026-04-30 01:57:50,,,,1
Directory website list 1976 – Business Growth 953 | Usa Seo Directory,https://usaseodirectory.com/directory-website-list-1976-business-growth-953/,en,wordpress,200,11,0,0,0,5392,7154,0,0,https://www.cruise1st.com.au/,,cruise1st.com.au,,https://cruise1st.com.au/,301,text,true,false,false,false,false,false,true,,,linkrestored,2025-10-03 03:15:27,2026-04-28 00:41:56,,,Listing collection > Business,Business > Business services > Consulting; Internet,1
Sitemap | Cruise1st Blog,https://www.cruise1st.co.uk/blog/sitemap/,en,wordpress,200,35,0,43014,0,5,271,0,0,https://www.cruise1st.com.au/blog/activities-entertainment/cruise-ships-bowling-alleys/,,Which Cruise Ships Have Bowling Alleys?,,,,text,false,true,false,false,false,false,true,removedfromhtml,,linkrestored,2025-07-11 20:50:17,2026-04-15 13:10:01,2026-05-06 12:59:55,,Listing collection > Location,Travel > Specialty travel > Luxury travel,1
Sitemap | Cruise1st Blog,https://www.cruise1st.co.uk/blog/sitemap/,en,wordpress,200,35,0,43014,0,5,271,0,0,https://www.cruise1st.com.au/blog/category/cruising/families/,,Families,,,,text,false,true,false,false,false,false,true,removedfromhtml,,linkrestored,2025-07-11 20:50:17,2026-04-15 13:10:01,2026-05-06 12:59:55,,Listing collection > Location,Travel > Specialty travel > Luxury travel,1
Most Visited website list 690 | Social Zone Directory,https://socialzonedirectory.com/most-visited-website-list-690/,en,wordpress,200,56,0,0,0,5208,6919,0,0,https://www.cruise1st.com.au/,,cruise1st,,https://cruise1st.com.au/,301,text,true,false,false,false,false,false,true,,,linkrestored,2025-09-20 01:06:00,2026-04-27 15:11:59,,,Listing collection > Business,Internet > Web services > Development; Business > Business services > Consulting; Society,2
why can't i book entertainment on royal caribbean,https://dual-link-int.com/jxys9oou/why-can%27t-i-book-entertainment-on-royal-caribbean,en,,200,0.1,0,5,0,14,31,0,0,https://www.cruise1st.com.au/cruise-lines/royal-caribbean,"times as entertainment-industry) avg rating 4.50 577,518 ratings published 2022.",Royal Caribbean Cruises | International Deals - Cruise1st.com.au,"The point is, I don't understand why reading for entertainment",,,text,false,true,false,false,false,false,true,,,linkfound,2026-05-07 17:54:37,2026-05-07 17:54:37,,,,,1
"Australian cruise season grows as coronavirus pushes ships out of hot zones | Port Macquarie, NSW",https://www.portnews.com.au/story/6653951/huge-cruise-deals-emerge-as-coronavirus-pushes-ships-south/,en,,200,58,0,6862,0,24,29,0,0,https://www.cruise1st.com.au/,,Cruise1st,is offering a 19-night roundtrip from Sydney to Hawaii. The,"http://cruise1st.com.au/, https://cruise1st.com.au/","301, 301",text,false,true,false,false,false,false,true,,,linkrestored,2025-03-17 12:53:54,2026-05-08 17:44:44,,Bernadette Chua,,,1
Most Visited website list 1976 | Website Brand Directory,https://webbranddirectory.com/most-visited-website-list-1976/,en,wordpress,200,24,0,0,0,5403,7177,0,0,https://www.cruise1st.com.au/,,cruise1st.com.au,,https://cruise1st.com.au/,301,text,true,false,false,false,false,false,true,,,linkfound,2026-04-24 06:45:46,2026-05-08 06:50:20,,,Listing collection > Business,Internet > Web services > SEO and marketing; Business > Business services > Consulting,1
Do Blogroll Backlinks Still Work in 2025 for Pharmaceutical Websites? I Tested 10 Placements and Tracked Every Ranking Change — AuthorityBacklinks — Where Domain Authority Is Built Not Promised.,https://authoritybacklinks.shop/pqgmysm-pbn-links-strategically-hit-targets-legal-portfolio-page1-traffic/,en,,200,0,0,0,0,7933,8793,0,0,https://www.cruise1st.com.au/,,cruise1st.com.au Page 1 Guaranteed: High-DR Guest Posts + Contextual Dofollow Backlinks + Improve Ahrefs Domain Rating DR | Moz Domain Authority DA | Majestic Trust Flow TF + Google Top Rankings Guaranteed,,https://cruise1st.com.au/,301,text,false,false,true,false,false,false,true,,,linkfound,2026-05-08 09:28:17,2026-05-08 09:28:17,,,Article > Opinion,Internet > Web services > SEO and marketing; Health > Pharmacy > Medications; Business,1
Passport & Visa Requirements for Cruises | Cruise1st,https://cruise1stau.site.traveltek.net/faq/passportandvisas,en,,200,44,0,680,0,4,132,0,0,https://www.cruise1st.com.au/cruise-ship/celebrity-solstice,,Celebrity Solstice,,,,text,false,false,false,false,false,false,true,,,pagefound,2025-08-06 05:55:24,2026-03-14 18:25:09,,,,,1
"Australian cruise season grows as coronavirus pushes ships out of hot zones | Mt Isa, QLD",https://www.northweststar.com.au/story/6653951/huge-cruise-deals-emerge-as-coronavirus-pushes-ships-south/,en,,200,57,0,8193,0,18,23,0,0,https://www.cruise1st.com.au/,,Cruise1st,is offering a 19-night roundtrip from Sydney to Hawaii. The,"http://cruise1st.com.au/, https://cruise1st.com.au/","301, 301",text,false,true,false,false,false,false,true,,,linkrestored,2025-01-19 14:43:29,2026-05-10 03:07:46,,Bernadette Chua,,,1
❤️ URL Shared ❤️,https://sites.jake.eu/share/71716,en,,200,38,0,0,0,3687,4086,0,0,https://www.cruise1st.com.au/,visit homepage,cruise1st.com.au,&nbsp,https://cruise1st.com.au/,301,text,true,true,true,false,false,false,true,,,linkfound,2026-03-12 05:32:07,2026-04-23 22:05:00,,,Listing collection > Business,Internet > Web services > Development; Reference; Communities; Business,1
Most Visited website list 690 | Marketing Directory,https://marketingdirectoy.com/most-visited-website-list-690/,en,wordpress,200,18,0,0,1,5208,6917,0,0,https://www.cruise1st.com.au/,,cruise1st,,https://cruise1st.com.au/,301,text,true,false,false,false,false,true,true,,,linkrestored,2025-08-29 06:25:34,2026-05-06 19:19:50,,,Listing collection > Business,Business > Marketing > Marketing; Internet > Web services > SEO and marketing,2
Sitemap | Cruise1st Blog,https://www.cruise1st.co.uk/blog/sitemap/,en,wordpress,200,35,0,43014,0,5,271,0,0,https://www.cruise1st.com.au/blog/cruising/destinations/which-destinations-surprised-travel-bloggers-the-most/,,Which Destinations Surprised Travel Bloggers the Most?,,,,text,false,true,false,false,false,false,true,removedfromhtml,,linkrestored,2025-07-11 20:50:17,2026-04-15 13:10:01,2026-05-06 12:59:55,,Listing collection > Location,Travel > Specialty travel > Luxury travel,1
Is Regent's Seven Seas Explorer the world's most luxurious cruise ship?,https://www.smh.com.au/traveller/inspiration/the-cruise-director-20160823-gqza7f.html,en,,200,90,0,1029566,0,24,42,0,0,https://www.cruise1st.com.au/,"six-day tour tour. From $4099; phone 1300 596 345, see",cruise1st.com.au,.,"http://cruise1st.com.au/, https://cruise1st.com.au/","301, 301",text,false,true,false,false,false,false,true,,,pagefound,2023-10-06 12:45:51,2026-04-22 22:41:18,,Sally Macmillan,,,1
Sitemap | Cruise1st Blog,https://www.cruise1st.co.uk/blog/sitemap/,en,wordpress,200,35,0,43014,0,5,271,0,0,https://www.cruise1st.com.au/blog/cruising/australian-cruises/world-cruises-2019-2020-global-cruises-departing-australia/,,World Cruises 2019 & 2020: Global Cruises Departing Australia,,,,text,false,true,false,false,false,false,true,removedfromhtml,,linkrestored,2025-07-11 20:50:17,2026-04-15 13:10:01,2026-05-06 12:59:55,,Listing collection > Location,Travel > Specialty travel > Luxury travel,1
List Domains - BIMI Explorer,https://bimi-explorer.svg.zone/bimi/list.html?page=2,en,,200,34,0,0,0,2650,4227,0,0,https://www.cruise1st.com.au/,,cruise1st.com.au,,https://cruise1st.com.au/,301,text,false,false,false,false,false,false,true,,,linkrestored,2025-03-11 04:01:35,2026-04-17 15:55:52,,,Listing collection > Business,Internet > Web services > Development; Finance; Business,1
"Cruise1St.com.au - анализ сайта, seo характеристики сайта - круисе1ст точка ком точка ау",https://prlog.ru/analysis/cruise1st.com.au,ru,,200,51,0,91,0,36,302,0,0,https://www.cruise1st.com.au/cruise-lines,,cruise1st.com.au/cruise-lines/aurora-expeditions,,https://cruise1st.com.au/cruise-lines/aurora-expeditions,301,text,false,true,true,false,false,false,true,,,linkrestored,2019-07-14 20:21:19,2026-04-25 11:20:27,,,,,1
hansika.co.in | few of top websites | page no. 960,https://www.hansika.co.in/domain-list-960,"en, pt",,200,5,0,0,0,1051,2086,0,0,https://www.cruise1st.com.au/,,cruise1st.com.au,,"http://cruise1st.com.au/, https://cruise1st.com.au/","301, 301",text,true,true,true,false,false,false,true,,,linkrestored,2022-12-12 09:38:50,2026-04-01 03:00:34,,,Listing collection > Business,Internet > Web services > Analytics; Reference,1
TG @LINKS_DEALER | BLACK HAT SEO SERVICES | MASS LINKS | HTTPS://T.ME/LINKS_DEALER - CineBuzz Times,https://cinebuzztimes.com/tg-links-dealer-black-hat-seo-services-mass-links-55/,en,wordpress,200,10,0,0,0,2386,3228,0,0,https://www.cruise1st.com.au/blog/activities-entertainment/which-cruise-ships-have-the-best-casinos/,,TG @LINKS_DEALER | EFFECTIVE SEO LINKS FOR WWW.CRUISE1ST.COM.AU,,,,text,true,false,true,false,false,false,true,,,linkfound,2026-02-03 16:13:46,2026-02-03 16:13:46,,,Site page > Services,Business > Marketing > Marketing; Internet > Web services > SEO and marketing,1
"@SEO_CARTEL IN TELEGRAM – SEO BACKLINKS, BULK LINK POSTING, BOOST SEO RANKING – HTTPS://T.ME/SEO_CARTEL | Linea Ceramica Srl",https://www.lineaceramicasrl.com/seo-cartel-in-telegram-seo-backlinks-bulk-link-19/,"en, it",wordpress,200,8,0,0,0,3051,4419,0,0,https://www.cruise1st.com.au/blog/activities-entertainment/which-cruise-ships-have-the-best-casinos/,,"@SEO_CARTEL IN TELEGRAM – SEO BACKLINKS, BULK LINK POSTING, BOOST SEO RANKING",,,,text,true,false,true,false,false,false,true,,,pagefound,2025-12-21 13:20:44,2026-04-28 21:17:43,,Linea Ceramica,Site page > Services,Internet > Web services > SEO and marketing; Business > Marketing > Marketing,1
Directory website list 1948 | Traffic Hub Directory,https://traffichubdirectory.com/directory-website-list-1948/,en,wordpress,200,16,0,0,0,5479,6552,0,0,https://www.cruise1st.com.au/,,cruise1st,,https://cruise1st.com.au/,301,text,true,false,false,false,false,false,true,,,linkrestored,2025-09-29 12:37:02,2026-05-09 13:11:25,,,Listing collection > Business,Reference > Listings > Business; Business > Business services > Other; Internet,2
Sitemap | Cruise1st Blog,https://www.cruise1st.co.uk/blog/sitemap/,en,wordpress,200,35,0,43014,0,5,271,0,0,https://www.cruise1st.com.au/blog/cruise-tips/parent-travel-essentials/,,“We Can’t Leave Without Them”: Parents Share Their Suitcase Essentials,,,,text,false,true,false,false,false,false,true,removedfromhtml,,linkrestored,2025-07-11 20:50:17,2026-04-15 13:10:01,2026-05-06 12:59:55,,Listing collection > Location,Travel > Specialty travel > Luxury travel,1
Sitemap | Cruise1st Blog,https://www.cruise1st.co.uk/blog/sitemap/,en,wordpress,200,35,0,43014,0,5,271,0,0,https://www.cruise1st.com.au/blog/cruising/destinations/uncovering-history-australian-gold-rush/,,Uncovering the History of the Australian Gold Rush,,,,text,false,true,false,false,false,false,true,removedfromhtml,,linkrestored,2025-07-11 20:50:17,2026-04-15 13:10:01,2026-05-06 12:59:55,,Listing collection > Location,Travel > Specialty travel > Luxury travel,1
Passport & Visa Requirements for Cruises | Cruise1st,https://cruise1stau.site.traveltek.net/faq/passportandvisas,en,,200,44,0,680,0,4,132,0,0,https://www.cruise1st.com.au/destinations/world-cruises,,World Voyages,,,,text,false,false,false,false,false,false,true,,,pagefound,2025-08-06 05:55:24,2026-03-14 18:25:09,,,,,1
Passport & Visa Requirements for Cruises | Cruise1st,https://cruise1stau.site.traveltek.net/faq/passportandvisas,en,,200,44,0,680,0,4,132,0,0,https://www.cruise1st.com.au/cruise-ship/ovation-of-the-seas,,Ovation of the Seas,,,,text,false,false,false,false,false,false,true,,,pagefound,2025-08-06 05:55:24,2026-03-14 18:25:09,,,,,1
"Before Discovering SEOExpress.org, I Spent Years on Expensive Agencies That Didn't Deliver the Results Promised. Eventually, I Tried Their White-Hat Backlinks Service and In Just Eight Weeks, My Domain Authority Ramped Up from DA 15 to DA 48 and Leads Poured In at a Rate of Over One Hundred Per Month! Best Investment in SEO ★★★★★ 💎 — Ranking SEO High",https://therankingseohigh.shop/before-discovering-seoexpress-i-spent-years-on-expensive-agencies-that-didnt-deliver-the-results-promised-eventually-i-tried-their-white-hat-backlinks-service-and-in-only-eight-weeks-my,en,,200,28,0,0,36,5038,8450,0,0,https://www.cruise1st.com.au/,,There was a time when cruise1st.com.au wasn’t visible at all in Google searches until a friend recommended trying out SEOExpress.org’s local SEO strategies. Within weeks we moved up significantly: our visibility doubled and lead generation jumped by almost +120 per month—totally worth every penny spent! A small investment here goes such a long way 🎯,,https://cruise1st.com.au/,301,text,true,false,true,false,false,false,true,,,pagefound,2026-05-10 00:57:08,2026-05-10 00:57:08,,,Article > Story,Internet > Web services > SEO and marketing; Business > Marketing > Marketing,1
"10 surprising river cruises around the world | Bendigo Advertiser | Bendigo, VIC",https://www.bendigoadvertiser.com.au/story/8524019/10-surprising-river-cruises-around-the-world/,en,,200,65,0,17066,0,24,27,0,0,https://www.cruise1st.com.au/,river and rail; check out deals from Cruise Express and,Cruise1st,. Independent travellers can also plan Eurostar or Eurail holidays,,,text,false,true,false,false,false,false,true,,,pagefound,2026-04-13 01:46:21,2026-05-08 11:34:13,,Louise Goldsbury,,,1
Most Visited website list 1976 | Guest Post Directory,https://guestpostsdirectory.com/most-visited-website-list-1976/,en,wordpress,200,18,0,0,0,5394,7156,0,0,https://www.cruise1st.com.au/,,cruise1st.com.au,,https://cruise1st.com.au/,301,text,true,false,false,false,false,false,true,,,linkrestored,2025-08-27 19:39:09,2026-04-27 23:14:44,,,Listing collection > Business,Business > Business services > Consulting; Travel > Accommodations; Internet > Web services,1
Most Visited website list 1948 | Best Top Directory,https://besttopdirectory.com/most-visited-website-list-1948/,en,wordpress,200,55,0,0,0,5474,6544,0,0,https://www.cruise1st.com.au/,,cruise1st,,https://cruise1st.com.au/,301,text,true,false,false,false,false,false,true,,,linkrestored,2025-10-02 06:48:15,2026-05-04 12:27:04,,,Listing collection > Business,Business > Business services > Consulting; Internet > Web services; Reference > Listings > Business,2
Sitemap | Cruise1st Blog,https://www.cruise1st.co.uk/blog/sitemap/,en,wordpress,200,35,0,43014,0,5,271,0,0,https://www.cruise1st.com.au/blog/news/5-best-cruises-to-see-the-glorious-northern-lights/,,5 Best Cruises to See the Glorious Northern Lights,,,,text,false,true,false,false,false,false,true,removedfromhtml,,linkrestored,2025-07-11 20:50:17,2026-04-15 13:10:01,2026-05-06 12:59:55,,Listing collection > Location,Travel > Specialty travel > Luxury travel,1
"Cruise1St.com.au - анализ сайта, seo характеристики сайта - круисе1ст точка ком точка ау",https://prlog.ru/analysis/cruise1st.com.au,ru,,200,51,0,91,0,36,302,0,0,https://www.cruise1st.com.au/faq,,cruise1st.com.au/faq/passportandvisas,,https://cruise1st.com.au/faq/passportandvisas,301,text,false,true,true,false,false,false,true,,,linkrestored,2019-07-14 20:21:19,2026-04-25 11:20:27,,,,,1
"Cruise1St.com.au - анализ сайта, seo характеристики сайта - круисе1ст точка ком точка ау",https://prlog.ru/analysis/cruise1st.com.au,ru,,200,51,0,91,0,36,302,0,0,https://www.cruise1st.com.au/faq/onboard-the-ship,,cruise1st.com.au/faq/onboard-the-ship,,https://cruise1st.com.au/faq/onboard-the-ship,301,text,false,true,true,false,false,false,true,,,linkrestored,2020-02-04 15:30:12,2026-04-25 11:20:27,,,,,1
Sitemap | Cruise1st Blog,https://www.cruise1st.co.uk/blog/sitemap/,en,wordpress,200,35,0,43014,0,5,271,0,0,https://www.cruise1st.com.au/blog/news/australian-tv-channel-debuts-aboard-princess-cruise-ships/,,Australian TV Channel Debuts Aboard Princess Cruise Ships,,,,text,false,true,false,false,false,false,true,removedfromhtml,,linkrestored,2025-07-11 20:50:17,2026-04-15 13:10:01,2026-05-06 12:59:55,,Listing collection > Location,Travel > Specialty travel > Luxury travel,1
"@SEO_CARTEL IN TELEGRAM – SEO BACKLINKS, BULK LINK POSTING, BOOST SEO RANKING – HTTPS://T.ME/SEO_CARTEL",http://hotrocovid19.net/seo-cartel-in-telegram-seo-backlinks-bulk-link-19/,"en, vi",wordpress,200,10,0,0,0,2981,3991,0,0,https://www.cruise1st.com.au/blog/activities-entertainment/which-cruise-ships-have-the-best-casinos/,,"@SEO_CARTEL IN TELEGRAM – SEO BACKLINKS, BULK LINK POSTING, BOOST SEO RANKING",,,,text,true,false,true,false,false,false,true,,,linkfound,2026-01-24 13:44:01,2026-03-28 04:20:18,,,Site page > Services,Internet > Web services > SEO and marketing; Business > Marketing > Marketing,1
Sitemap | Cruise1st Blog,https://www.cruise1st.co.uk/blog/sitemap/,en,wordpress,200,35,0,43014,0,5,271,0,0,https://www.cruise1st.com.au/blog/cruise-tips/can-i-rent-a-tuxedo-on-a-cruise-ship/,,Can I Rent a Tuxedo on a Cruise Ship?,,,,text,false,true,false,false,false,false,true,removedfromhtml,,linkrestored,2025-07-11 20:50:17,2026-04-15 13:10:01,2026-05-06 12:59:55,,Listing collection > Location,Travel > Specialty travel > Luxury travel,1
Sitemap | Cruise1st Blog,https://www.cruise1st.co.uk/blog/sitemap/,en,wordpress,200,35,0,43014,0,5,271,0,0,https://www.cruise1st.com.au/blog/category/news/industry-news/,,Industry News,,,,text,false,true,false,false,false,false,true,removedfromhtml,,linkrestored,2025-07-11 20:50:17,2026-04-15 13:10:01,2026-05-06 12:59:55,,Listing collection > Location,Travel > Specialty travel > Luxury travel,1
TG @LINKS_DEALER | BLACK HAT SEO SERVICES | MASS LINKS | HTTPS://T.ME/LINKS_DEALER – epako,http://epako.ao/tg-links-dealer-black-hat-seo-services-mass-links-2-6/,pt,"ecommerce, wordpress",200,14,0,2,0,2291,3278,0,0,https://www.cruise1st.com.au/blog/cruise-tips/which-cruise-ships-have-the-best-casinos-2/,,TG @LINKS_DEALER | EFFECTIVE SEO LINKS FOR WWW.CRUISE1ST.COM.AU,,,,text,true,false,true,false,false,false,true,,,linkfound,2026-03-20 15:58:47,2026-03-20 15:58:47,,,Site page > Services,Internet > Web services > SEO and marketing; Shopping > Shopping portals; Autos > Vehicle services > Accessories; Business,1
Cruise1st Gift Voucher Gift Card Balance Check,https://gcb.today/au/gift-card-balance/cruise1st-gift-voucher,en,,200,21,0,875,0,10,47,0,0,https://www.cruise1st.com.au/cruise-ship/ovation-of-the-seas,incredible facilities and attractions for all the family to enjoy.,https://www.cruise1st.com.au/cruise-ship/ovation-of-the-seas,,,,text,false,true,true,false,false,false,true,,,pagefound,2025-12-15 15:45:16,2026-05-06 15:17:40,,Gift Card Balance Today,,,1
Sitemap | Cruise1st Blog,https://www.cruise1st.co.uk/blog/sitemap/,en,wordpress,200,35,0,43014,0,5,271,0,0,https://www.cruise1st.com.au/blog/cruising/australian-cruises/best-places-aboriginal-art-culture/,,The Best Places to Connect with Aboriginal Art and Culture,,,,text,false,true,false,false,false,false,true,removedfromhtml,,linkrestored,2025-07-11 20:50:17,2026-04-15 13:10:01,2026-05-06 12:59:55,,Listing collection > Location,Travel > Specialty travel > Luxury travel,1
👲 Domain Report 👲,https://atomizelink.icu/report/71716,en,,200,40,0,0,0,3687,4086,0,0,https://www.cruise1st.com.au/,visit homepage,cruise1st.com.au,&nbsp,https://cruise1st.com.au/,301,text,true,true,true,false,false,false,true,,,linkfound,2026-03-20 11:47:20,2026-04-23 19:57:40,,,Site page > Services,Internet > Web services > Development,1
Most Visited website list 1976 | Super Hub Directory,https://superbhubdirectory.com/most-visited-website-list-1976/,en,wordpress,200,56,0,0,0,5398,7169,0,0,https://www.cruise1st.com.au/,,cruise1st.com.au,,https://cruise1st.com.au/,301,text,true,false,false,false,false,false,true,,,linkfound,2025-12-17 23:22:13,2026-05-05 20:13:08,,,Listing collection > Business,Internet > Web services > Development; Business > Business services > Consulting; Reference,1
Directory website list 1976 | Prime SEO Directory,https://primeseodirectory.com/directory-website-list-1976/,en,wordpress,404,15,0,0,0,5367,7167,0,0,https://www.cruise1st.com.au/,,cruise1st.com.au,,https://cruise1st.com.au/,301,text,true,false,false,false,false,false,true,notfound,,pagefound,2025-09-30 21:23:56,2025-10-08 03:18:26,2026-04-21 02:00:14,,,,1
Passport & Visa Requirements for Cruises | Cruise1st,https://cruise1stau.site.traveltek.net/faq/passportandvisas,en,,200,44,0,680,0,4,132,0,0,https://www.cruise1st.com.au/cruises/december-cruises,,December,,,,text,false,false,false,false,false,false,true,,,pagefound,2025-08-06 05:55:24,2026-03-14 18:25:09,,,,,1
Most Visited website list 1976 | Marketing Directory,https://marketingdirectoy.com/most-visited-website-list-1976/,en,wordpress,200,18,0,0,0,5395,7161,0,0,https://www.cruise1st.com.au/,,cruise1st.com.au,,https://cruise1st.com.au/,301,text,true,false,false,false,false,false,true,,,linkrestored,2025-08-30 19:21:00,2026-05-09 22:39:32,,,Listing collection > Business,Business > Marketing > Marketing; Internet > Web services > SEO and marketing,1
nuforc.org – topmarketingweb.site,https://topmarketingweb.site/nuforc-org/,en,wordpress,403,17,0,0,0,2438,3054,0,0,https://www.cruise1st.com.au/,,cruise1st.com.au,,https://cruise1st.com.au/,301,text,true,false,false,false,false,false,true,pageerror,,pagefound,2025-10-17 14:17:42,2025-10-17 14:17:42,2026-04-28 09:54:45,,,,1
"Why Flow Link Building Creates Complete Google Authority That Lasts Through Updates — Premium SEO Backlink Service — Increase Domain Rating, Domain Authority and Trust Flow — Guest Posts and PBN Links — All Languages — Worldwide",https://seorankflow.shop/ei54bgj-flow-link-building-best-roi-any-seo-activity/,en,,200,47,0,0,0,7938,8811,0,0,https://www.cruise1st.com.au/,,Get cruise1st.com.au flow high-DR link building making every page rank better,,https://cruise1st.com.au/,301,text,false,false,true,false,false,false,true,,,pagefound,2026-05-08 07:03:35,2026-05-08 07:03:35,,,Article > Guide,Internet > Web services > SEO and marketing,1
list467 | ICASSCT CONFERENCE,https://icassct.com/list467/,en,wordpress,200,1.9,0,0,0,5176,6950,0,0,https://www.cruise1st.com.au/,,cruise1st,,https://cruise1st.com.au/,301,text,true,false,false,false,false,false,true,,,linkrestored,2024-11-21 04:05:53,2026-05-09 19:35:05,,,Listing collection > Event,Society > Social sciences; Business > Business services > Corporate events; Science; Internet; Entertainment; Communities,1
most visited site 188 – worldbusinesspromote,https://worldbusinesspromote.com/most-visited-site-188/,en,wordpress,200,24,0,0,0,2684,3461,0,0,https://www.cruise1st.com.au/,,cruise1st.com.au,,https://cruise1st.com.au/,301,text,true,false,true,false,false,false,true,,,pagefound,2026-03-24 21:54:46,2026-04-22 23:57:38,,,,,1
Sitemap | Cruise1st Blog,https://www.cruise1st.co.uk/blog/sitemap/,en,wordpress,200,35,0,43014,0,5,271,0,0,https://www.cruise1st.com.au/blog/cruising/guide-to-island-hopping-in-hawaii/,,Guide to Island Hopping in Hawaii,,,,text,false,true,false,false,false,false,true,removedfromhtml,,linkrestored,2025-07-11 20:50:17,2026-04-15 13:10:01,2026-05-06 12:59:55,,Listing collection > Location,Travel > Specialty travel > Luxury travel,1
Sitemap | Cruise1st Blog,https://www.cruise1st.co.uk/blog/sitemap/,en,wordpress,200,35,0,43014,0,5,271,0,0,https://www.cruise1st.com.au/blog/cruise-tips/7-things-simply-shouldnt-worry-cruise/,,7 Cruise Fears You Can Leave at Home,,,,text,false,true,false,false,false,false,true,removedfromhtml,,linkrestored,2025-07-11 20:50:17,2026-04-15 13:10:01,2026-05-06 12:59:55,,Listing collection > Location,Travel > Specialty travel > Luxury travel,1
addlinkwebsite.com | few of top websites | page no. 960,https://www.uswebdirectory.com/domain-list-960,"en, pt",,200,0.2,0,0,0,1049,2080,0,0,https://www.cruise1st.com.au/,,cruise1st.com.au,,"http://cruise1st.com.au/, https://cruise1st.com.au/","301, 301",text,true,true,true,false,false,false,true,,,pagefound,2026-01-02 02:10:59,2026-04-02 00:42:09,,,Listing collection > Business,Internet > Web services > Development,1
Most Visited website list 690 | Website Zone Directory,https://webzonedirectory.com/most-visited-website-list-690/,en,wordpress,200,18,0,0,0,5211,6919,0,0,https://www.cruise1st.com.au/,,cruise1st,,https://cruise1st.com.au/,301,text,true,false,false,false,false,false,true,,,linkrestored,2025-09-28 01:30:01,2026-05-10 07:46:32,,,Listing collection > Business,Internet > Web services > Development; Business > Business services,2
"10 surprising river cruises around the world | The Advocate | Burnie, TAS",https://www.theadvocate.com.au/story/8524019/10-surprising-river-cruises-around-the-world/,en,,200,64,0,42114,0,20,22,0,0,https://www.cruise1st.com.au/,river and rail; check out deals from Cruise Express and,Cruise1st,. Independent travellers can also plan Eurostar or Eurail holidays,,,text,false,true,false,false,false,false,true,,,pagefound,2026-04-29 23:14:03,2026-05-09 18:24:10,,Louise Goldsbury,,,1
Passport & Visa Requirements for Cruises | Cruise1st,https://cruise1stau.site.traveltek.net/faq/passportandvisas,en,,200,44,0,680,0,4,132,0,0,https://www.cruise1st.com.au/faq/onboard-the-ship,,Guide to cruising,,,,text,false,false,false,false,false,false,true,,,pagefound,2025-08-06 05:55:24,2026-03-14 18:25:09,,,,,1
Passport & Visa Requirements for Cruises | Cruise1st,https://cruise1stau.site.traveltek.net/faq/passportandvisas,en,,200,44,0,680,0,4,132,0,0,https://www.cruise1st.com.au/cruises/april-cruises,,April,,,,text,false,false,false,false,false,false,true,,,pagefound,2025-08-06 05:55:24,2026-03-14 18:25:09,,,,,1
Passport & Visa Requirements for Cruises | Cruise1st,https://cruise1stau.site.traveltek.net/faq/passportandvisas,en,,200,44,0,680,0,4,132,0,0,https://www.cruise1st.com.au/cruise-lines/msc-cruises,,MSC Cruises,,,,text,false,false,false,false,false,false,true,,,pagefound,2025-08-06 05:55:24,2026-03-14 18:25:09,,,,,1
"Cruise1St.com.au - анализ сайта, seo характеристики сайта - круисе1ст точка ком точка ау",https://prlog.ru/analysis/cruise1st.com.au,ru,,200,51,0,91,0,36,302,0,0,https://www.cruise1st.com.au/cruises/december-cruises,,cruise1st.com.au/cruises/december-cruises,,https://cruise1st.com.au/cruises/december-cruises,301,text,false,true,true,false,false,false,true,,,linkrestored,2020-02-04 15:30:12,2026-04-25 11:20:27,,,,,1
Passport & Visa Requirements for Cruises | Cruise1st,https://cruise1stau.site.traveltek.net/faq/passportandvisas,en,,200,44,0,680,0,4,132,0,0,https://www.cruise1st.com.au/faq/online-check-in,,Cruise1st ONLINE CHECK-IN,,,,image,false,false,false,false,false,false,true,,,pagefound,2025-08-06 05:55:24,2026-03-14 18:25:09,,,,,1
Sitemap | Cruise1st Blog,https://www.cruise1st.co.uk/blog/sitemap/,en,wordpress,200,35,0,43014,0,5,271,0,0,https://www.cruise1st.com.au/blog/category/cruise-ships/cruise-ship-guides/,,Cruise Ship Guides,,,,text,false,true,false,false,false,false,true,removedfromhtml,,linkrestored,2025-07-11 20:50:17,2026-04-15 13:10:01,2026-05-06 12:59:55,,Listing collection > Location,Travel > Specialty travel > Luxury travel,1
Sitemap | Cruise1st Blog,https://www.cruise1st.co.uk/blog/sitemap/,en,wordpress,200,35,0,43014,0,5,271,0,0,https://www.cruise1st.com.au/blog/cruise-tips/overcoming-travel-problems-bloggers-share-their-best-stories/,,Overcoming Travel Problems: Bloggers Share Their Best Stories,,,,text,false,true,false,false,false,false,true,removedfromhtml,,linkrestored,2025-07-11 20:50:17,2026-04-15 13:10:01,2026-05-06 12:59:55,,Listing collection > Location,Travel > Specialty travel > Luxury travel,1
🔥 BHS Links – Hardcore Black Hat SEO – TG @bhs_links - bhs-links-gain.online,https://bhs-links-gain.online/egypt-17-07-2025/bhs-links-egypt-1/,"en, uk",,0,2.6,0,0,9,2325,3130,0,0,https://www.cruise1st.com.au/blog/activities-entertainment/which-cruise-ships-have-the-best-casinos/,,TG @BHS_LINKS - BEST SEO LINKS - https://t.me/bhs_links,,,,text,true,false,true,false,false,false,true,,tooold,pagefound,2025-07-24 08:01:48,2025-08-10 16:59:27,2026-04-11 19:12:13,,,,1
"10 surprising river cruises around the world | The Canberra Times | Canberra, ACT",https://www.canberratimes.com.au/story/8524019/10-surprising-river-cruises-around-the-world/,en,,200,80,0,99251,48,25,28,0,0,https://www.cruise1st.com.au/,river and rail; check out deals from Cruise Express and,Cruise1st,. Independent travellers can also plan Eurostar or Eurail holidays,,,text,false,true,false,false,false,false,true,,,pagefound,2025-04-14 18:56:16,2026-04-28 01:22:42,,Louise Goldsbury,Article > Roundup,Travel > Specialty travel > Adventure travel,1
"Cruise1St.com.au - анализ сайта, seo характеристики сайта - круисе1ст точка ком точка ау",https://prlog.ru/analysis/cruise1st.com.au,ru,,200,51,0,91,0,36,302,0,0,https://www.cruise1st.com.au/cruises/november-cruises,,cruise1st.com.au/cruises/november-cruises,,https://cruise1st.com.au/cruises/november-cruises,301,text,false,true,true,false,false,false,true,,,linkrestored,2020-02-04 15:30:12,2026-04-25 11:20:27,,,,,1
generalknowledge.net.in | few of top websites | page no. 899,https://www.generalknowledge.net.in/domain-list-899,en,,200,0,0,0,0,1096,2111,0,0,https://www.cruise1st.com.au/,,cruise1st.com.au,,"http://cruise1st.com.au/, https://cruise1st.com.au/","301, 301",text,true,true,true,false,false,false,true,,,linkfound,2026-03-11 19:13:43,2026-04-07 10:47:57,,,Site page > Services,Internet > Web services > Analytics; Reference > Listings > Business,1
Most Visited website list 1976 | Best Top Directory,https://besttopdirectory.com/most-visited-website-list-1976/,en,wordpress,200,55,0,0,0,5395,7161,0,0,https://www.cruise1st.com.au/,,cruise1st.com.au,,https://cruise1st.com.au/,301,text,true,false,false,false,false,false,true,,,linkrestored,2025-10-02 05:23:47,2026-05-07 01:45:35,,,Listing collection > Business,Internet > Web services > SEO and marketing; Business > Business services > Consulting; Reference > Listings > Business,1
Most Visited website list 1976 | Seo Websites Directory.com,https://seowebsitesdirectory.com/most-visited-website-list-1976/,en,wordpress,200,16,0,0,0,5395,7161,0,0,https://www.cruise1st.com.au/,,cruise1st.com.au,,https://cruise1st.com.au/,301,text,true,false,false,false,false,false,true,,,linkrestored,2025-10-03 16:21:26,2026-05-08 14:27:13,,,Listing collection > Business,Internet > Web services > SEO and marketing; Business > Business services > Consulting,1
Sitemap | Cruise1st Blog,https://www.cruise1st.co.uk/blog/sitemap/,en,wordpress,200,35,0,43014,0,5,271,0,0,https://www.cruise1st.com.au/blog/activities-entertainment/what-is-there-to-do-on-a-cruise-ship/,,What is There to Do on a Cruise Ship?,,,,text,false,true,false,false,false,false,true,removedfromhtml,,linkrestored,2025-07-11 20:50:17,2026-04-15 13:10:01,2026-05-06 12:59:55,,Listing collection > Location,Travel > Specialty travel > Luxury travel,1
Singapore City,https://frye-mary-tze2918.firebaseapp.com/singapore-city.html,en,,200,87,0,553808,0,75,97,0,0,https://www.cruise1st.com.au/blog/wp-content/uploads/2015/09/iStock-6938370081-1.jpg,,12 Hours In Singapore What To See And Do Cruise1st Blog,,,,image,false,true,false,false,false,false,true,,,pagefound,2025-12-31 20:07:36,2026-04-30 02:31:26,,,,,1
Passport & Visa Requirements for Cruises | Cruise1st,https://cruise1stau.site.traveltek.net/faq/passportandvisas,en,,200,44,0,680,0,4,132,0,0,http://www.cruise1st.com.au/cruise-lines/celestyal-cruises,,Celestyal Cruises,,,,text,false,false,false,false,false,false,true,,,pagefound,2025-08-06 05:55:24,2026-03-14 18:25:09,,,,,1
Passport & Visa Requirements for Cruises | Cruise1st,https://cruise1stau.site.traveltek.net/faq/passportandvisas,en,,200,44,0,680,0,4,132,0,0,https://www.cruise1st.com.au/cruise-lines/holland-america-line,,Holland America Line,,,,text,false,false,false,false,false,false,true,,,pagefound,2025-08-06 05:55:24,2026-03-14 18:25:09,,,,,1
buntya.com | few of top websites | page no. 960,https://www.findhere.in/domain-list-960,"en, pt",,200,0,0,0,0,1048,2071,0,0,https://www.cruise1st.com.au/,,cruise1st.com.au,,"http://cruise1st.com.au/, https://cruise1st.com.au/","301, 301",text,true,true,true,false,false,false,true,,,linkfound,2026-03-25 11:55:32,2026-03-25 11:55:32,,,Listing collection > Business,Internet > Web services > Development; Reference > Listings > Business,1
Passport & Visa Requirements for Cruises | Cruise1st,https://cruise1stau.site.traveltek.net/faq/passportandvisas,en,,200,44,0,680,0,4,132,0,0,https://www.cruise1st.com.au/cruises/june-cruises,,June,,,,text,false,false,false,false,false,false,true,,,pagefound,2025-08-06 05:55:24,2026-03-14 18:25:09,,,,,1
Sitemap | Cruise1st Blog,https://www.cruise1st.co.uk/blog/sitemap/,en,wordpress,200,35,0,43014,0,5,271,0,0,https://www.cruise1st.com.au/blog/activities-entertainment/msc-bellissima-top-10/,,Top 10 Things to Do Aboard the MSC Bellissima,,,,text,false,true,false,false,false,false,true,removedfromhtml,,linkrestored,2025-07-11 20:50:17,2026-04-15 13:10:01,2026-05-06 12:59:55,,Listing collection > Location,Travel > Specialty travel > Luxury travel,1
Sitemap | Cruise1st Blog,https://www.cruise1st.co.uk/blog/sitemap/,en,wordpress,200,35,0,43014,0,5,271,0,0,https://www.cruise1st.com.au/blog/cruise-tips/wedding-on-the-waves-a-guide-to-getting-married-on-a-cruise-ship/,,Wedding on the Waves: A Guide to Getting Married on a Cruise Ship,,,,text,false,true,false,false,false,false,true,removedfromhtml,,linkrestored,2025-07-11 20:50:17,2026-04-15 13:10:01,2026-05-06 12:59:55,,Listing collection > Location,Travel > Specialty travel > Luxury travel,1
Sitemap | Cruise1st Blog,https://www.cruise1st.co.uk/blog/sitemap/,en,wordpress,200,35,0,43014,0,5,271,0,0,https://www.cruise1st.com.au/blog/cruising/destinations/12-hours-in-dunedin/,,12 Hours in Dunedin: Scottish Charm in New Zealand's South Island,,,,text,false,true,false,false,false,false,true,removedfromhtml,,linkrestored,2025-07-11 20:50:17,2026-04-15 13:10:01,2026-05-06 12:59:55,,Listing collection > Location,Travel > Specialty travel > Luxury travel,1
Sitemap | Cruise1st Blog,https://www.cruise1st.co.uk/blog/sitemap/,en,wordpress,200,35,0,43014,0,5,271,0,0,https://www.cruise1st.com.au/blog/cruise-tips/what-to-keep-in-mind-when-planning-for-a-christmas-cruise/,,What to Keep in Mind When Planning for a Christmas Cruise,,,,text,false,true,false,false,false,false,true,removedfromhtml,,linkrestored,2025-07-11 20:50:17,2026-04-15 13:10:01,2026-05-06 12:59:55,,Listing collection > Location,Travel > Specialty travel > Luxury travel,1
20 Appliance Repair Engineers in Reykjavik,https://intently.co/suppliers/Iceland/Reykjavik/Appliance+Repair+Services,en,,200,57,0,8,0,30,30,0,0,https://www.cruise1st.com.au/cruises/last-minute-cruises,,Last-Minute Cruise Specials for 2025 - Book & Save! | Cruise1st Australia,,,,text,true,true,false,false,false,false,true,,,pagefound,2026-03-04 22:59:31,2026-04-11 13:21:27,,,,,1
Passport & Visa Requirements for Cruises | Cruise1st,https://cruise1stau.site.traveltek.net/faq/passportandvisas,en,,200,44,0,680,0,4,132,0,0,https://www.cruise1st.com.au/cruise-lines/po-cruises-australia,,P&O Australia,,https://www.cruise1st.com.au/cruise-lines/po-australia,301,text,false,false,false,false,false,false,true,,,linkrestored,2025-08-06 05:55:24,2026-03-14 18:25:09,,,,,2
Passport & Visa Requirements for Cruises | Cruise1st,https://cruise1stau.site.traveltek.net/faq/passportandvisas,en,,200,44,0,680,0,4,132,0,0,https://www.cruise1st.com.au/destinations/antarctica,,Antarctica,,,,text,false,false,false,false,false,false,true,,,pagefound,2025-08-06 05:55:24,2026-03-14 18:25:09,,,,,1
Most Visited website list 1976 | Top World Directory,https://topworlddirectory.com/most-visited-website-list-1976/,en,wordpress,200,55,0,0,0,5393,7157,0,0,https://www.cruise1st.com.au/,,cruise1st.com.au,,https://cruise1st.com.au/,301,text,true,false,false,false,false,false,true,,,linkrestored,2025-10-14 16:23:37,2026-05-11 04:17:28,,,Listing collection > Business,Business > Business services > Consulting; Internet > Search engines; Reference > Listings > Business,1
links-dealer-egypt – Colegio Bilingüe de La Academia,https://academia.edu.gt/category/links-dealer-egypt/,es,wordpress,200,9,0,3,0,6220,9976,0,0,https://www.cruise1st.com.au/blog/cruise-tips/which-cruise-ships-have-the-best-casinos-2/,,TG @LINKS_DEALER | EFFECTIVE SEO LINKS FOR WWW.CRUISE1ST.COM.AU,,,,text,true,false,true,false,false,false,true,,,pagefound,2026-01-12 10:45:58,2026-03-04 14:44:20,,,Article > News,Jobs and education > Education > Secondary schooling; Business,2
"“The Yearbook,” a novel by Daniel Smith-Rowsey (7/10)",https://maptothefuture.com/the-yearbook-a-novel-by-daniel-smith-rowsey-710/,en,wordpress,200,0.7,0,0,0,1803,2811,0,0,http://www.cruise1st.com.au/cruises/cruises-from-brisbane,Comment by,cruises from Brisbane,"on June 5, 2016 at 2:45 pm",,,text,false,false,true,true,false,false,true,,,linkrestored,2022-08-10 03:14:37,2026-05-06 10:28:40,,,Article > Review,Books > Literary classics; Entertainment > Other,1
,https://dealsbysearch.com/set-sail-for-adventure-discover-10-night-cruises-from-sydney-to-the-idyllic-pacific-islands,en,,200,0.4,0,0,0,3,4,0,0,https://www.cruise1st.com.au/cruise/south-pacific-from-sydney-australia-with-the-carnival-adventure-18151959?selectedSail=18151970,,https://www.cruise1st.com.au/cruise,,,,text,false,false,false,false,false,false,true,,,pagefound,2025-12-11 22:56:24,2026-01-06 13:37:32,,,,,1
Sitemap | Cruise1st Blog,https://www.cruise1st.co.uk/blog/sitemap/,en,wordpress,200,35,0,43014,0,5,271,0,0,https://www.cruise1st.com.au/blog/cruising/destinations/alaska-destination-guide/,,Destination Guide: Alaska,,,,text,false,true,false,false,false,false,true,removedfromhtml,,linkrestored,2025-07-11 20:50:17,2026-04-15 13:10:01,2026-05-06 12:59:55,,Listing collection > Location,Travel > Specialty travel > Luxury travel,1
Directory website list 1976 | Data boost directory,https://databoostdirectory.com/directory-website-list-1976/,en,wordpress,200,25,0,0,0,5394,7156,0,0,https://www.cruise1st.com.au/,,cruise1st.com.au,,https://cruise1st.com.au/,301,text,true,false,false,false,false,false,true,,,pagefound,2025-10-10 06:47:15,2026-04-24 10:47:15,,,Listing collection > Business,Business > Business services > Consulting; Reference > Listings > Business; Internet > Search engines,1
"10 surprising river cruises around the world | The Daily Advertiser | Wagga Wagga, NSW",https://www.dailyadvertiser.com.au/story/8524019/10-surprising-river-cruises-around-the-world/,en,,200,57,0,17651,0,30,33,0,0,https://www.cruise1st.com.au/,river and rail; check out deals from Cruise Express and,Cruise1st,. Independent travellers can also plan Eurostar or Eurail holidays,,,text,false,true,false,false,false,false,true,,,pagefound,2026-04-13 00:34:45,2026-04-13 00:34:45,,Louise Goldsbury,,,1
"@SEO_CARTEL IN TELEGRAM - SEO BACKLINKS, BULK LINK POSTING, BOOST SEO RANKING - HTTPS://T.ME/SEO_CARTEL - Delaveine Paris",https://www.delaveine.com/seo-cartel-in-telegram-seo-backlinks-bulk-link-19,"en, fr","ecommerce, wordpress",200,9,0,630,0,3049,4369,0,0,https://www.cruise1st.com.au/blog/activities-entertainment/which-cruise-ships-have-the-best-casinos/,,"@SEO_CARTEL IN TELEGRAM – SEO BACKLINKS, BULK LINK POSTING, BOOST SEO RANKING",,,,text,true,false,true,false,false,false,true,,,linkrestored,2025-09-28 02:01:49,2026-03-04 08:42:08,,,,,1
Passport & Visa Requirements for Cruises | Cruise1st,https://cruise1stau.site.traveltek.net/faq/passportandvisas,en,,200,44,0,680,0,4,132,0,0,https://www.cruise1st.com.au/destinations/repositioning,,Repositioning Cruises,,,,text,false,false,false,false,false,false,true,,,pagefound,2025-08-06 05:55:24,2026-03-14 18:25:09,,,,,1
Cruise1st Gift Voucher Gift Card Balance Check,https://gcb.today/au/gift-card-balance/cruise1st-gift-voucher,en,,200,21,0,875,0,10,47,0,0,https://www.cruise1st.com.au/cruises/september-cruises,We are specialists in cheap cruise deals around the world.,https://www.cruise1st.com.au/cruises/september-cruises,,,,text,false,true,true,false,false,false,true,,,pagefound,2025-12-15 15:45:16,2026-05-06 15:17:40,,Gift Card Balance Today,,,1
Cruise1st sold for undisclosed sum - Travel Weekly,https://travelweekly.com.au/cruise1st-sold-for-undisclosed-sum/,en,wordpress,200,68,0,9148,0,10,14,0,0,https://www.cruise1st.com.au/,Royal Caribbean Cruises wholly owned agency,Cruise1st,"has been sold after five months of negotiations, with the",http://www.cruise1st.com.au/,301,text,false,true,false,false,false,false,true,,,pagefound,2025-03-06 13:49:14,2026-05-05 21:09:01,,Daisy Melwani,,,2
"10 surprising river cruises around the world | Camden Haven Courier | Laurieton, NSW",https://www.camdencourier.com.au/story/8524019/10-surprising-river-cruises-around-the-world/,en,,200,39,0,295,0,26,27,0,0,https://www.cruise1st.com.au/,river and rail; check out deals from Cruise Express and,Cruise1st,. Independent travellers can also plan Eurostar or Eurail holidays,,,text,false,true,false,false,false,false,true,,,linkfound,2026-05-06 19:50:33,2026-05-06 19:50:33,,Louise Goldsbury,,,1
Cruise1st Gift Voucher Gift Card Balance Check,https://gcb.today/au/gift-card-balance/cruise1st-gift-voucher,en,,200,21,0,875,0,10,47,0,0,https://www.cruise1st.com.au/faq/insurance,· Health Advice · Gift Vouchers · Frequently Asked Questions ...,https://www.cruise1st.com.au/faq/insurance,,,,text,false,true,true,false,false,false,true,,,pagefound,2025-12-15 15:45:16,2026-05-06 15:17:40,,Gift Card Balance Today,,,1
"Before Discovering SEOExpress.org, I Spent Years on Expensive Agencies That Didn't Deliver the Results Promised. Eventually, I Tried Their White-Hat Backlinks Service and In Just Eight Weeks, My Domain Authority Ramped Up from DA 15 to DA 48 and Leads Poured In at a Rate of Over One Hundred Per Month! Best Investment in SEO ★★★★★ 💎 — SEO Master High",https://theseomasterhigh.shop/before-discovering-seoexpress-i-spent-years-on-expensive-agencies-that-didnt-deliver-the-results-promised-eventually-i-tried-their-white-hat-backlinks-service-and-in-only-eight-weeks-my,en,,200,29,0,0,31,5039,8483,0,0,https://www.cruise1st.com.au/,,There was a time when cruise1st.com.au wasn’t visible at all in Google searches until a friend recommended trying out SEOExpress.org’s local SEO strategies. Within weeks we moved up significantly: our visibility doubled and lead generation jumped by almost +120 per month—totally worth every penny spent! A small investment here goes such a long way 🎯,,https://cruise1st.com.au/,301,text,true,false,true,false,false,false,true,,,pagefound,2026-04-25 09:59:29,2026-04-25 09:59:29,,,Article > Story,Internet > Web services > SEO and marketing; Business > Marketing > Marketing,1
Most Visited website list 1976 | Website World Directory,https://websiteworlddirectory.com/most-visited-website-list-1976/,en,wordpress,200,55,0,0,0,5393,7156,0,0,https://www.cruise1st.com.au/,,cruise1st.com.au,,https://cruise1st.com.au/,301,text,true,false,false,false,false,false,true,,,linkfound,2026-01-01 08:28:24,2026-04-29 20:00:37,,,Listing collection > Business,Internet > Web services > Development; Business > Business services > Consulting,1
TG @LINKS_DEALER | BLACK HAT SEO SERVICES | MASS LINKS | HTTPS://T.ME/LINKS_DEALER - bigtrakisback.com,https://bigtrakisback.com/links-dealer-egypt/tg-links-dealer-black-hat-seo-services-mass-links-2-6/,"en, no",wordpress,200,13,0,0,0,2295,3299,0,0,https://www.cruise1st.com.au/blog/cruise-tips/which-cruise-ships-have-the-best-casinos-2/,,TG @LINKS_DEALER | EFFECTIVE SEO LINKS FOR WWW.CRUISE1ST.COM.AU,,,,text,true,false,true,false,false,false,true,removedfromhtml,,pagefound,2026-02-22 18:34:49,2026-04-06 12:51:13,2026-05-06 00:38:52,,,,1
,http://papasearch.net/Mumbai/Mumbai13.html,en,,200,16,0,0,2,2600,8356,0,0,https://www.cruise1st.com.au/cruise-lines/azamara-club-cruises,,Azamara - Deals & Packages | Cruise1st.com.au,"https://www.cruise1st.com.au/cruise-lines/azamara-club-cruisesIt offers cruisers decadent dining options, revitalising spa and wellness",,,text,true,true,false,false,false,true,true,,,linkrestored,2024-05-15 00:44:14,2026-04-29 10:11:07,,,Listing collection > Job,Jobs and education > Jobs > Job,1
Chloroplast — The Powerhouse of Photosynthesis – pick4d.live,https://pick4d.live/2025/10/28/chloroplast-the-powerhouse-of-photosynthesis/,en,wordpress,200,37,0,0,0,2706,3521,0,0,https://www.cruise1st.com.au/,lescyranos gsmol,cruise1st,turbulencepod podcastlaunchpad,https://cruise1st.com.au/,301,text,true,true,true,false,false,false,true,,,pagefound,2026-02-04 10:50:09,2026-04-23 09:08:41,,,,,1
Directory website list 690 | Web Us Directory,https://webusdirectory.com/directory-website-list-690/,en,wordpress,404,14,0,0,0,5139,6752,0,0,https://www.cruise1st.com.au/,,cruise1st,,https://cruise1st.com.au/,301,text,true,false,false,false,false,false,true,notfound,,pagefound,2025-09-03 22:38:36,2025-10-24 18:17:53,2026-04-18 00:16:42,,,,2
Cruise1st Gift Voucher Gift Card Balance Check,https://gcb.today/au/gift-card-balance/cruise1st-gift-voucher,en,,200,21,0,875,0,10,47,0,0,https://www.cruise1st.com.au/destinations/china,"East Asia, China is teeming with unique sights and ...",https://www.cruise1st.com.au/destinations/china,,,,text,false,true,true,false,false,false,true,,,pagefound,2025-12-15 15:45:16,2026-05-06 15:17:40,,Gift Card Balance Today,,,1
🍪 TELEGRAM @SALESOVEN | ACCESS TO HACKED SITES FOR SEO | HTTPS://T.ME/SALESOVEN 🔥 - bigtrakisback.com,https://bigtrakisback.com/salesoven-montenegro/telegram-salesoven-access-to-hacked-sites-for-seo-24-7/,en,wordpress,200,13,0,0,0,2312,3308,0,0,https://www.cruise1st.com.au/blog/cruise-tips/which-cruise-ships-have-the-best-casinos-2/,,🍪 TELEGRAM @SALESOVEN | ACCESS TO HACKED SITES FOR SEO | HTTPS://T.ME/SALESOVEN 🔥,,,,text,true,false,true,false,false,false,true,removedfromhtml,,pagefound,2026-02-20 16:27:25,2026-03-30 04:46:46,2026-05-03 01:26:33,,,,1
Most Visited website list 1948 | Business Directory,https://businesswebsitesdirectory.com/most-visited-website-list-1948/,en,wordpress,200,19,0,0,0,5474,6543,0,0,https://www.cruise1st.com.au/,,cruise1st,,https://cruise1st.com.au/,301,text,true,false,false,false,false,false,true,,,linkrestored,2025-10-13 09:51:18,2026-04-29 16:58:57,,,Listing collection > Business,Business > Business services > Consulting,2
virgo star cruise singapore packages,http://thefeedball.com/mexican-straw/virgo-star-cruise-singapore-packages,en,,200,4.2,0,0,0,10,11,0,0,https://www.cruise1st.com.au/cruise-ship/superstar-virgo,been different. You can enjoy complete comfort in your cabin.,Superstar Virgo Cruise Ship Deals | Cruise1st,"In the evening, proceed for the night safari tour with",,,text,false,true,false,false,false,false,true,,,linkfound,2025-10-20 12:53:36,2026-02-17 01:50:31,,,,,2
Most Visited website list 1976 | Rank Zone Directory,https://rankzonedirectory.com/most-visited-website-list-1976/,en,wordpress,200,18,0,0,0,5403,7177,0,0,https://www.cruise1st.com.au/,,cruise1st.com.au,,https://cruise1st.com.au/,301,text,true,false,false,false,false,false,true,,,linkrestored,2025-10-08 12:06:19,2026-05-07 15:17:06,,,Listing collection > Business,Business > Business services > Consulting; Internet > Web services > Analytics,1
Sitemap | Cruise1st Blog,https://www.cruise1st.co.uk/blog/sitemap/,en,wordpress,200,35,0,43014,0,5,271,0,0,https://www.cruise1st.com.au/blog/activities-entertainment/best-shopping-singapore-offer-budget/,,The Best Shopping Singapore Has to Offer – For Any Budget,,,,text,false,true,false,false,false,false,true,removedfromhtml,,linkrestored,2025-07-11 20:50:17,2026-04-15 13:10:01,2026-05-06 12:59:55,,Listing collection > Location,Travel > Specialty travel > Luxury travel,1
How to Test Your Website’s SEO on Google – Can Patients Find You? – ZIPZYX,https://zipzyx.com/how-to-test-your-websites-seo-on-google-can-patients-find-you/,en,wordpress,0,28,0,0,19,5341,6334,0,0,https://www.cruise1st.com.au/,,cruise1st,,https://cruise1st.com.au/,301,text,true,false,false,false,false,false,true,,tooold,pagefound,2024-10-15 06:04:24,2025-08-11 03:23:23,2026-04-20 01:48:38,,,,1
Sitemap | Cruise1st Blog,https://www.cruise1st.co.uk/blog/sitemap/,en,wordpress,200,35,0,43014,0,5,271,0,0,https://www.cruise1st.com.au/blog/cruising/12-hours-tauranga-sea-sun-city-bay-plenty/,,"12 Hours in Tauranga: Sea, Sun, and City in the Bay of Plenty",,,,text,false,true,false,false,false,false,true,removedfromhtml,,linkrestored,2025-07-11 20:50:17,2026-04-15 13:10:01,2026-05-06 12:59:55,,Listing collection > Location,Travel > Specialty travel > Luxury travel,1
Most Visited website list 1976 | Website Zone Directory,https://webzonedirectory.com/most-visited-website-list-1976/,en,wordpress,200,18,0,0,0,5392,7146,0,0,https://www.cruise1st.com.au/,,cruise1st.com.au,,https://cruise1st.com.au/,301,text,true,false,false,false,false,false,true,,,linkrestored,2025-09-29 19:15:27,2026-04-28 05:42:31,,,Listing collection > Business,Internet > Web services > Development; Business > Business services > Consulting,1
Sitemap | Cruise1st Blog,https://www.cruise1st.co.uk/blog/sitemap/,en,wordpress,200,35,0,43014,0,5,271,0,0,https://www.cruise1st.com.au/blog/cruise-tips/cruise-drinks-packages-worth-money/,,Are Cruise Drinks Packages Worth the Money?,,,,text,false,true,false,false,false,false,true,removedfromhtml,,linkrestored,2025-07-11 20:50:17,2026-04-15 13:10:01,2026-05-06 12:59:55,,Listing collection > Location,Travel > Specialty travel > Luxury travel,1
Sitemap | Cruise1st Blog,https://www.cruise1st.co.uk/blog/sitemap/,en,wordpress,200,35,0,43014,0,5,271,0,0,https://www.cruise1st.com.au/blog/cruise-tips/which-cruise-ships-allow-smoking/,,Which cruise ships allow smoking?,,,,text,false,true,false,false,false,false,true,removedfromhtml,,linkrestored,2025-07-11 20:50:17,2026-04-15 13:10:01,2026-05-06 12:59:55,,Listing collection > Location,Travel > Specialty travel > Luxury travel,1
Sitemap | Cruise1st Blog,https://www.cruise1st.co.uk/blog/sitemap/,en,wordpress,200,35,0,43014,0,5,271,0,0,https://www.cruise1st.com.au/blog/cruise-tips/essential-steps-good-health-international-cruise/,,Essential Steps to Good Health During an International Cruise,,,,text,false,true,false,false,false,false,true,removedfromhtml,,linkrestored,2025-07-11 20:50:17,2026-04-15 13:10:01,2026-05-06 12:59:55,,Listing collection > Location,Travel > Specialty travel > Luxury travel,1
🔥 BHS Links – Hardcore Black Hat SEO – TG @bhs_links - bhs-links-path.online,https://bhs-links-path.online/egypt-17-07-2025/bhs-links-egypt-1/,"en, uk",,200,2.1,0,0,31,2368,3275,0,0,https://www.cruise1st.com.au/blog/activities-entertainment/which-cruise-ships-have-the-best-casinos/,,TG @BHS_LINKS - BEST SEO LINKS - https://t.me/bhs_links,,,,text,true,false,true,false,false,false,true,,,pagefound,2025-07-17 21:42:40,2026-02-10 00:02:01,,,Site page > Services,Internet > Web services > SEO and marketing,1
Most Visited website list 1976 | World Zone Directory,https://worldzonedirectory.com/most-visited-website-list-1976/,en,wordpress,200,55,0,0,0,5393,7157,0,0,https://www.cruise1st.com.au/,,cruise1st.com.au,,https://cruise1st.com.au/,301,text,true,false,false,false,false,false,true,,,linkrestored,2025-09-30 04:47:57,2026-05-11 14:17:07,,,Listing collection > Business,Business > Business services > Consulting; Internet > Web services > Development; Reference > Listings > Business,1
"10 surprising river cruises around the world | Muswellbrook Chronicle | Muswellbrook, NSW",https://www.muswellbrookchronicle.com.au/story/8524019/10-surprising-river-cruises-around-the-world/,en,,200,37,0,445,0,27,29,0,0,https://www.cruise1st.com.au/,river and rail; check out deals from Cruise Express and,Cruise1st,. Independent travellers can also plan Eurostar or Eurail holidays,,,text,false,true,false,false,false,false,true,,,pagefound,2026-04-12 23:25:07,2026-05-08 15:12:46,,Louise Goldsbury,,,1
"Cruise1St.com.au - анализ сайта, seo характеристики сайта - круисе1ст точка ком точка ау",https://prlog.ru/analysis/cruise1st.com.au,ru,,200,51,0,91,0,36,302,0,0,https://www.cruise1st.com.au/destinations/vietnam,,cruise1st.com.au/destinations/vietnam,,https://cruise1st.com.au/destinations/vietnam,301,text,false,true,true,false,false,false,true,,,linkrestored,2020-02-04 15:30:12,2026-04-25 11:20:27,,,,,1
"10 surprising river cruises around the world | The Irrigator | Leeton, NSW",https://www.irrigator.com.au/story/8524019/10-surprising-river-cruises-around-the-world/,en,,200,35,0,782,0,27,28,0,0,https://www.cruise1st.com.au/,river and rail; check out deals from Cruise Express and,Cruise1st,. Independent travellers can also plan Eurostar or Eurail holidays,,,text,false,true,false,false,false,false,true,,,linkfound,2026-04-20 07:48:30,2026-05-08 22:38:26,,Louise Goldsbury,,,1
Sitemap | Cruise1st Blog,https://www.cruise1st.co.uk/blog/sitemap/,en,wordpress,200,35,0,43014,0,5,271,0,0,https://www.cruise1st.com.au/blog/activities-entertainment/12-hours-in-auckland/,,12 Hours in Auckland: Urban and Natural Wonders in a Diverse City,,,,text,false,true,false,false,false,false,true,removedfromhtml,,linkrestored,2025-07-11 20:50:17,2026-04-15 13:10:01,2026-05-06 12:59:55,,Listing collection > Location,Travel > Specialty travel > Luxury travel,1
Sitemap | Cruise1st Blog,https://www.cruise1st.co.uk/blog/sitemap/,en,wordpress,200,35,0,43014,0,5,271,0,0,https://www.cruise1st.com.au/blog/cruise-tips/everything-need-know-about-using-phone-on-cruise/,,Everything You Need to Know about Using Your Phone on a Cruise,,,,text,false,true,false,false,false,false,true,removedfromhtml,,linkrestored,2025-07-11 20:50:17,2026-04-15 13:10:01,2026-05-06 12:59:55,,Listing collection > Location,Travel > Specialty travel > Luxury travel,1
Sitemap | Cruise1st Blog,https://www.cruise1st.co.uk/blog/sitemap/,en,wordpress,200,35,0,43014,0,5,271,0,0,https://www.cruise1st.com.au/blog/cruise-tips/which-cruise-ships-have-the-best-casinos-2/,,Which Cruise Ships Have the Best Casinos?,,,,text,false,true,false,false,false,false,true,removedfromhtml,,linkrestored,2025-07-11 20:50:17,2026-04-15 13:10:01,2026-05-06 12:59:55,,Listing collection > Location,Travel > Specialty travel > Luxury travel,2
Data-Driven Social Media Campaigns for Targeted E-Commerce Growth – 99 RANKS,https://99ranks.com/data-driven-social-media-campaigns-for-targeted-e-commerce-growth/,en,wordpress,0,30,0,0,0,3168,4591,0,0,https://www.cruise1st.com.au/,,cruise1st,,https://cruise1st.com.au/,301,text,true,true,false,false,false,false,true,,tooold,linkfound,2025-07-30 11:45:57,2025-08-09 08:08:00,2026-04-12 10:47:20,,,,1
websitesreports.com | few of top websites | page no. 960,https://www.websitesreports.com/domain-list-960,"en, pt",,200,4.3,0,0,0,1049,2074,0,0,https://www.cruise1st.com.au/,,cruise1st.com.au,,"http://cruise1st.com.au/, https://cruise1st.com.au/","301, 301",text,true,true,true,false,false,false,true,,,linkrestored,2025-05-13 21:11:35,2026-03-09 13:57:53,,,Listing collection > Business,Internet > Web services > Analytics,1
Stress Management Ideas – Finding Calm in a Busy World – skylinkseo.site,https://skylinkseo.site/stress-management-ideas-finding-calm-in-a-busy-world/,en,wordpress,200,28,0,0,0,2691,3580,0,0,https://www.cruise1st.com.au/,cruise-croatia.com.au cruise-russia.com.au,cruise1st.com.au,cruiseabout.com.au cruiseautomotive.com.au,https://cruise1st.com.au/,301,text,true,false,true,false,false,false,true,,,linkfound,2025-12-21 19:57:26,2026-05-05 15:23:21,,,,,1
Sitemap | Cruise1st Blog,https://www.cruise1st.co.uk/blog/sitemap/,en,wordpress,200,35,0,43014,0,5,271,0,0,https://www.cruise1st.com.au/blog/cruising/destinations/asia-cruise/12-hours-yokohama-top-things-see/,,12 Hours in Yokohama: Top Things to See and Do,,,,text,false,true,false,false,false,false,true,removedfromhtml,,linkrestored,2025-07-11 20:50:17,2026-04-15 13:10:01,2026-05-06 12:59:55,,Listing collection > Location,Travel > Specialty travel > Luxury travel,1
"Cruise1St.com.au - анализ сайта, seo характеристики сайта - круисе1ст точка ком точка ау",https://prlog.ru/analysis/cruise1st.com.au,ru,,200,51,0,91,0,36,302,0,0,https://www.cruise1st.com.au/cruise-ship/carnival-spirit,,cruise1st.com.au/cruise-ship/carnival-spirit,,https://cruise1st.com.au/cruise-ship/carnival-spirit,301,text,false,true,true,false,false,false,true,,,linkrestored,2020-02-04 15:30:12,2026-04-25 11:20:27,,,,,1
Passport & Visa Requirements for Cruises | Cruise1st,https://cruise1stau.site.traveltek.net/faq/passportandvisas,en,,200,44,0,680,0,4,132,0,0,https://www.cruise1st.com.au/blog/,| Site Map | Advice |,Blog,| About Us,,,text,false,false,false,false,false,false,true,,,pagefound,2025-08-06 05:55:24,2026-03-14 18:25:09,,,,,1
Most Visited website list 1948 - Website Link Directory,https://websiteslinkdirectory.com/most-visited-website-list-1948/,en,wordpress,200,18,0,0,0,5479,6540,0,0,https://www.cruise1st.com.au/,,cruise1st,,https://cruise1st.com.au/,301,text,true,false,false,false,false,false,true,,,linkrestored,2025-10-03 13:06:12,2026-05-09 13:48:10,,,Listing collection > Business,Internet > Web services > Development; Reference > Listings > Business; Business > Business services,2
Passport & Visa Requirements for Cruises | Cruise1st,https://cruise1stau.site.traveltek.net/faq/passportandvisas,en,,200,44,0,680,0,4,132,0,0,https://www.cruise1st.com.au/cruise-ship/azamara-pursuit,,Azamara Pursuit,,,,text,false,false,false,false,false,false,true,,,pagefound,2025-08-06 05:55:24,2026-03-14 18:25:09,,,,,1
Champion Power Equipment 42431 Review - Generator Gator | Generator Gator,https://www.generatorgator.com/champion-power-equipment-42431-review/,en,"ecommerce, wordpress",200,0.6,0,2,0,4597,9947,0,0,http://www.cruise1st.com.au/cruises/cruise-deals,,cruises from Sydney,,,,text,true,false,true,true,false,false,true,,,pagefound,2023-07-05 09:24:27,2026-05-09 17:10:41,,,Article > Review,Home > Home appliances > Other; Shopping; Leisure > Outdoors > Camping,1
what are the aims and objectives of community development,http://www.haguefund.com/vcrkihl/what-are-the-aims-and-objectives-of-community-development,en,wordpress,200,0,0,0,0,4,9,0,0,https://www.cruise1st.com.au/,"the Caribbean with top cruise lines; Celebrity, Royal Caribbean, Norwegian.",Cruise1st - The leading Cruise Retail Brand in Australia ...,"wij zorgen voor alles en doen unieke voorstellen, maar jij",,,text,true,true,false,false,false,false,true,,,pagefound,2025-04-05 13:38:31,2026-03-13 22:33:51,,,Article,Society > Advocacy > Philanthropy; Travel > Specialty travel,2
🔥 BHS Links – Hardcore Black Hat SEO – TG @bhs_links - bhs-links-grow.online,https://bhs-links-grow.online/egypt-17-07-2025/bhs-links-egypt-1/,"en, uk",,0,3.7,0,0,5,2325,3130,0,0,https://www.cruise1st.com.au/blog/activities-entertainment/which-cruise-ships-have-the-best-casinos/,,TG @BHS_LINKS - BEST SEO LINKS - https://t.me/bhs_links,,,,text,true,false,true,false,false,false,true,,tooold,pagefound,2025-07-18 09:20:09,2025-08-09 20:42:10,2026-04-21 06:26:33,,,,1
Sitemap | Cruise1st Blog,https://www.cruise1st.co.uk/blog/sitemap/,en,wordpress,200,35,0,43014,0,5,271,0,0,https://www.cruise1st.com.au/blog/news/new-ships-news/celebrity-cruises-launches-celebrity-flora/,,Celebrity Cruises Launches Celebrity Flora,,,,text,false,true,false,false,false,false,true,removedfromhtml,,linkrestored,2025-07-11 20:50:17,2026-04-15 13:10:01,2026-05-06 12:59:55,,Listing collection > Location,Travel > Specialty travel > Luxury travel,1
TG @LINKS_DEALER | BLACK HAT SEO SERVICES | MASS LINKS | HTTPS://T.ME/LINKS_DEALER – Targon Capital,https://targoncapital.ie/tg-links-dealer-black-hat-seo-services-mass-links-55/,en,wordpress,200,1.2,0,5,0,2402,3314,0,0,https://www.cruise1st.com.au/blog/activities-entertainment/which-cruise-ships-have-the-best-casinos/,,TG @LINKS_DEALER | EFFECTIVE SEO LINKS FOR WWW.CRUISE1ST.COM.AU,,,,text,true,true,true,false,false,false,true,,,pagefound,2025-09-14 07:11:27,2026-05-08 05:21:25,,,Site page > Services,Internet > Web services > SEO and marketing; Business > Marketing > Marketing,1
Sitemap | Cruise1st Blog,https://www.cruise1st.co.uk/blog/sitemap/,en,wordpress,200,35,0,43014,0,5,271,0,0,https://www.cruise1st.com.au/blog/cruising/destinations/guide-south-americas-remarkable-landmarks/,,A Guide to South America's Remarkable Landmarks,,,,text,false,true,false,false,false,false,true,removedfromhtml,,linkrestored,2025-07-11 20:50:17,2026-04-15 13:10:01,2026-05-06 12:59:55,,Listing collection > Location,Travel > Specialty travel > Luxury travel,1
Australian Marketers’ Guide to SEO Best Practices – Search Engine Journal | Pirdu,https://pirdu.com/australian-marketers-guide-to-seo-best-practices-search-engine-journal/,en,wordpress,200,28,0,0,15,2219,3631,0,0,https://www.cruise1st.com.au/,,cruise1st,,https://cruise1st.com.au/,301,text,true,true,false,false,false,true,true,,,linkrestored,2024-11-27 12:47:02,2026-04-21 02:11:19,,,Article > Guide,Internet > Search engines > Other; Business > Marketing > Marketing,1
Buy Powerful High-Quality Dofollow SEO Backlinks to Rank on Google’s 1st Page – Rank Top – Boost Your Website Ranking,https://rank-top.click/6myp-take-your-website-to-the-top-with-expert-seo/,en,wordpress,200,74,0,0,28,6017,6747,0,0,https://www.cruise1st.com.au/,,Unlock cruise1st.com.au success: targeted guest posts + backlinks; DR/DA/TF climb — global markets. | Visit buyseolink.com for any Query,,https://cruise1st.com.au/,301,text,true,false,true,false,false,false,true,,,linkfound,2026-04-08 06:02:50,2026-05-05 18:25:23,,,Site page > Services,Internet > Web services > SEO and marketing,1
viking river cruise april 2023,http://www.planetamagic.com/uwt/viking-river-cruise-april-2023,en,,200,2.9,0,111,0,37,69,0,0,https://www.cruise1st.com.au/cruises,"river cruise on Cruise Critic. (per person) Mar 8, 2023.",Cruise,Book online with iCruise.com or call 1-800-427-8473. Sample the food,,,text,false,true,false,false,false,false,true,,,pagefound,2025-03-14 02:22:22,2026-05-06 08:02:47,,,,,1
best10k.com | few of top websites | page no. 217,https://www.best10k.com/domain-list-217,en,,200,0,0,0,0,1079,1807,0,0,https://www.cruise1st.com.au/,,cruise1st.com.au,,"http://cruise1st.com.au/, https://cruise1st.com.au/","301, 301",text,false,true,true,false,false,false,true,,,pagefound,2025-12-22 22:09:00,2026-04-29 08:47:12,,,Listing collection > Business,Travel > Travel agencies > Other,1
cruise from hawaii to australia 2022,http://roy.perkel.com/blog/gio/roller/madewell/14903432e333e0703228966146f385,en,,200,50,0,0,0,30,49,0,0,https://www.cruise1st.com.au/destinations/hawaii,"course), and visit Hawaii because this place is simply spectacular!",Hawaii Cruise | Best Deals & Packages - Cruise1st.com.au,,,,text,true,true,false,false,false,false,true,,,pagefound,2025-07-25 04:39:18,2026-03-16 01:34:17,,,,,1
cruise from hawaii to australia 2022,https://matsubarahajime.com/mlv/chao/91349658b3e614abe4d01f796,en,wordpress,200,1.8,0,0,0,48,97,0,0,https://www.cruise1st.com.au/destinations/hawaii,"lengths, cruise names, starting point/end points and prices. Price .",Hawaii Cruise | Best Deals & Packages - Cruise1st.com.au,"Cruises to Australia, 2022, 2023 and 2024 New Zealand Cruises",,,text,true,true,false,false,false,false,true,,,pagefound,2025-02-22 14:48:55,2026-04-23 07:45:31,,,,,1
Sitemap | Cruise1st Blog,https://www.cruise1st.co.uk/blog/sitemap/,en,wordpress,200,35,0,43014,0,5,271,0,0,https://www.cruise1st.com.au/blog/news/brand-new-royal-caribbean-ship-coming-to-australia/,,Brand New Royal Caribbean Ship Coming to Australia,,,,text,false,true,false,false,false,false,true,removedfromhtml,,linkrestored,2025-07-11 20:50:17,2026-04-15 13:10:01,2026-05-06 12:59:55,,Listing collection > Location,Travel > Specialty travel > Luxury travel,1
Sitemap | Cruise1st Blog,https://www.cruise1st.co.uk/blog/sitemap/,en,wordpress,200,35,0,43014,0,5,271,0,0,https://www.cruise1st.com.au/blog/cruising/destinations/asia-cruise/ultimate-cruise-travel-guide-japan/,,The Ultimate Cruise Traveller’s Guide to Japan,,,,text,false,true,false,false,false,false,true,removedfromhtml,,linkrestored,2025-07-11 20:50:17,2026-04-15 13:10:01,2026-05-06 12:59:55,,Listing collection > Location,Travel > Specialty travel > Luxury travel,1
Australian Marketers’ Guide to SEO Best Practices – Search Engine Journal | SEO Article Time,https://seoarticletime.com/australian-marketers-guide-to-seo-best-practices-search-engine-journal/,en,wordpress,200,22,0,0,15,2219,3627,0,0,https://www.cruise1st.com.au/,,cruise1st,,https://cruise1st.com.au/,301,text,true,true,false,false,false,true,true,,,linkrestored,2024-11-27 01:29:42,2026-04-21 10:00:31,,,Article > Guide,Internet > Web services > SEO and marketing; Business > Marketing > Marketing,1
Passport & Visa Requirements for Cruises | Cruise1st,https://cruise1stau.site.traveltek.net/faq/passportandvisas,en,,200,44,0,680,0,4,132,0,0,https://www.cruise1st.com.au/faq/passportandvisas,,Passport and Visa information,,,,text,false,false,false,false,false,false,true,,,pagefound,2025-08-06 05:55:24,2026-03-14 18:25:09,,,,,2
Sitemap | Cruise1st Blog,https://www.cruise1st.co.uk/blog/sitemap/,en,wordpress,200,35,0,43014,0,5,271,0,0,https://www.cruise1st.com.au/blog/cruising/travel-bloggers-talk-favourite-shore-excursions/,,Travel Bloggers Talk About Their Favourite Shore Excursions,,,,text,false,true,false,false,false,false,true,removedfromhtml,,linkrestored,2025-07-11 20:50:17,2026-04-15 13:10:01,2026-05-06 12:59:55,,Listing collection > Location,Travel > Specialty travel > Luxury travel,1
Passport & Visa Requirements for Cruises | Cruise1st,https://cruise1stau.site.traveltek.net/faq/passportandvisas,en,,200,44,0,680,0,4,132,0,0,https://www.cruise1st.com.au/cruises/cruises-from-adelaide,,Adelaide,,,,text,false,false,false,false,false,false,true,,,pagefound,2025-08-06 05:55:24,2026-03-14 18:25:09,,,,,1
cruises singapore to sydney 2023,https://reussitepartagee.com/pretty-bongs/cruises-singapore-to-sydney-2023,en,,200,21,0,0,0,17,24,0,0,https://www.cruise1st.com.au/destinations/singapore,More Cruise Highlights Ship Seven Seas Navigator Departs Dec 22,Singapore Cruises | Best Deals & Packages - Cruise1st.com.au,We are headquartered in the United States but have global,,,text,true,true,false,false,false,false,true,,,pagefound,2025-09-12 03:06:02,2026-04-14 11:38:26,,,Listing > Product,Travel > Specialty travel > Luxury travel,1
🔥 BHS Links – Hardcore Black Hat SEO – TG @bhs_links - bhs-links-jump.online,https://bhs-links-jump.online/egypt-17-07-2025/bhs-links-egypt-1/,"en, uk",,0,2.2,0,0,13,2324,3129,0,0,https://www.cruise1st.com.au/blog/activities-entertainment/which-cruise-ships-have-the-best-casinos/,,TG @BHS_LINKS - BEST SEO LINKS - https://t.me/bhs_links,,,,text,true,false,true,false,false,false,true,,tooold,pagefound,2025-07-24 09:24:51,2025-08-10 14:02:55,2026-04-20 12:58:27,,,,1
"10 surprising river cruises around the world | Blayney Chronicle | Blayney, NSW",https://www.blayneychronicle.com.au/story/8524019/10-surprising-river-cruises-around-the-world/,en,,200,35,0,287,0,28,30,0,0,https://www.cruise1st.com.au/,river and rail; check out deals from Cruise Express and,Cruise1st,. Independent travellers can also plan Eurostar or Eurail holidays,,,text,false,true,false,false,false,false,true,,,pagefound,2026-04-12 23:05:28,2026-05-11 02:32:26,,Louise Goldsbury,,,1
"@SEO_CARTEL IN TELEGRAM - SEO BACKLINKS, BULK LINK POSTING, BOOST SEO RANKING - HTTPS://T.ME/SEO_CARTEL - Ultimas Noticias Venezuela",https://ultimasnoticiasvenezuela.com/seo-cartel-in-telegram-seo-backlinks-bulk-link-19/,"en, es",wordpress,200,11,0,0,0,3058,4435,0,0,https://www.cruise1st.com.au/blog/activities-entertainment/which-cruise-ships-have-the-best-casinos/,,"@SEO_CARTEL IN TELEGRAM – SEO BACKLINKS, BULK LINK POSTING, BOOST SEO RANKING",,,,text,true,false,true,false,false,false,true,,,pagefound,2026-01-20 02:10:13,2026-04-29 01:09:02,,,Article > Guide,Internet > Web services > SEO and marketing; Business > Marketing > Marketing,1
Data-Driven Social Media Campaigns for Targeted E-Commerce Growth | World Link Sites,https://worldlinksites.com/data-driven-social-media-campaigns-for-targeted-e-commerce-growth/,en,wordpress,200,17,0,0,40,3207,4645,0,0,https://www.cruise1st.com.au/,,cruise1st,,https://cruise1st.com.au/,301,text,true,true,false,false,false,true,true,,,linkrestored,2024-12-14 12:37:51,2026-05-05 20:52:34,,,Article > Guide,Business > Retail trade > Technology; Internet > Web services > SEO and marketing; Shopping,1
Sitemap | Cruise1st Blog,https://www.cruise1st.co.uk/blog/sitemap/,en,wordpress,200,35,0,43014,0,5,271,0,0,https://www.cruise1st.com.au/blog/cruising/destinations/vegas-mt-rushmore-yellowstone-national-park-canadian-rockies-alaska-cruise/,,"Vegas, Mount Rushmore, Yellowstone National Park, Canadian Rockies, and Alaska Cruise",,,,text,false,true,false,false,false,false,true,removedfromhtml,,linkrestored,2025-07-11 20:50:17,2026-04-15 13:10:01,2026-05-06 12:59:55,,Listing collection > Location,Travel > Specialty travel > Luxury travel,1
Sitemap | Cruise1st Blog,https://www.cruise1st.co.uk/blog/sitemap/,en,wordpress,200,35,0,43014,0,5,271,0,0,https://www.cruise1st.com.au/blog/news/all-inclusive-cruises-whats-included-and-what-is-not/,,All-Inclusive Cruises: What’s Included and What's Not,,,,text,false,true,false,false,false,false,true,removedfromhtml,,linkrestored,2025-07-11 20:50:17,2026-04-15 13:10:01,2026-05-06 12:59:55,,Listing collection > Location,Travel > Specialty travel > Luxury travel,1
"Before Discovering SEOExpress.org, I Spent Years on Expensive Agencies That Didn't Deliver the Results Promised. Eventually, I Tried Their White-Hat Backlinks Service and In Just Eight Weeks, My Domain Authority Ramped Up from DA 15 to DA 48 and Leads Poured In at a Rate of Over One Hundred Per Month! Best Investment in SEO ★★★★★ 💎 — Ekenko Shop",https://ekenkoshop.shop/before-discovering-seoexpress-i-spent-years-on-expensive-agencies-that-didnt-deliver-the-results-promised-eventually-i-tried-their-white-hat-backlinks-service-and-in-only-eight-weeks-my,en,,200,29,0,0,36,5038,8452,0,0,https://www.cruise1st.com.au/,,There was a time when cruise1st.com.au wasn’t visible at all in Google searches until a friend recommended trying out SEOExpress.org’s local SEO strategies. Within weeks we moved up significantly: our visibility doubled and lead generation jumped by almost +120 per month—totally worth every penny spent! A small investment here goes such a long way 🎯,,https://cruise1st.com.au/,301,text,true,false,true,false,false,false,true,,,pagefound,2026-05-09 08:31:08,2026-05-09 08:31:08,,,Article > Story,Internet > Web services > SEO and marketing; Business > Marketing > Marketing,1
Most Visited website list 1976 | World Top Directory,https://worldtopwebsite.com/most-visited-website-list-1976/,en,wordpress,200,20,0,0,0,5393,7153,0,0,https://www.cruise1st.com.au/,,cruise1st.com.au,,https://cruise1st.com.au/,301,text,true,false,false,false,false,false,true,,,linkrestored,2025-09-27 03:05:39,2026-05-07 15:42:07,,,Listing collection > Business,Business > Business services > Consulting; Internet > Search engines; Reference > Listings > Business,1
OS4_4481-2 – - Noël à Bellême -,http://bellemenoel.fr/?attachment_id=504,fr,wordpress,200,0.1,0,0,8,6410,9992,0,0,http://www.cruise1st.com.au/cruises/cruises-from-brisbane,,cruises from Brisbane,,,,text,true,false,true,false,false,false,true,,,pagefound,2026-01-24 07:05:03,2026-03-11 11:08:40,,,Article > Story,Society > Relationships; Adult,1
Sitemap | Cruise1st Blog,https://www.cruise1st.co.uk/blog/sitemap/,en,wordpress,200,35,0,43014,0,5,271,0,0,https://www.cruise1st.com.au/blog/cruising/cruise-holiday-travel-guide-santorini/,,Cruise Holiday Travel Guide: Santorini,,,,text,false,true,false,false,false,false,true,removedfromhtml,,linkrestored,2025-07-11 20:50:17,2026-04-15 13:10:01,2026-05-06 12:59:55,,Listing collection > Location,Travel > Specialty travel > Luxury travel,1
"10 surprising river cruises around the world | Wellington Times | Wellington, NSW",https://www.wellingtontimes.com.au/story/8524019/10-surprising-river-cruises-around-the-world/,en,,200,34,0,414,0,27,29,0,0,https://www.cruise1st.com.au/,river and rail; check out deals from Cruise Express and,Cruise1st,. Independent travellers can also plan Eurostar or Eurail holidays,,,text,false,true,false,false,false,false,true,,,linkfound,2026-05-06 17:43:03,2026-05-06 17:43:03,,Louise Goldsbury,,,1
Sitemap | Cruise1st Blog,https://www.cruise1st.co.uk/blog/sitemap/,en,wordpress,200,35,0,43014,0,5,271,0,0,https://www.cruise1st.com.au/blog/cruise-tips/12-hours-in-shanghai/,,12 Hours in Shanghai,,,,text,false,true,false,false,false,false,true,removedfromhtml,,linkrestored,2025-07-11 20:50:17,2026-04-15 13:10:01,2026-05-06 12:59:55,,Listing collection > Location,Travel > Specialty travel > Luxury travel,1
melbourne abitanti - EAS,https://hotavn.com/eas/search?q=melbourne+abitanti&FORM=QSRE5,it,,200,14,0,0,0,21,36,0,0,https://www.cruise1st.com.au/blog/cruise-tips/12-hours-in-melbourne/,,cruise1st.com.au,,,,text,false,false,false,false,false,false,true,,,pagefound,2026-05-03 00:54:49,2026-05-03 00:54:49,,,,,1
"Before Discovering SEOExpress.org, I Spent Years on Expensive Agencies That Didn't Deliver the Results Promised. Eventually, I Tried Their White-Hat Backlinks Service and In Just Eight Weeks, My Domain Authority Ramped Up from DA 15 to DA 48 and Leads Poured In at a Rate of Over One Hundred Per Month! Best Investment in SEO ★★★★★ 💎 — KMO Shops",https://kmoshops.shop/before-discovering-seoexpress-i-spent-years-on-expensive-agencies-that-didnt-deliver-the-results-promised-eventually-i-tried-their-white-hat-backlinks-service-and-in-only-eight-weeks-my,en,,200,28,0,0,36,5037,8496,0,0,https://www.cruise1st.com.au/,,There was a time when cruise1st.com.au wasn’t visible at all in Google searches until a friend recommended trying out SEOExpress.org’s local SEO strategies. Within weeks we moved up significantly: our visibility doubled and lead generation jumped by almost +120 per month—totally worth every penny spent! A small investment here goes such a long way 🎯,,https://cruise1st.com.au/,301,text,true,false,true,false,false,false,true,,,linkfound,2026-05-03 10:18:00,2026-05-03 10:18:00,,,Article > Story,Internet > Web services > SEO and marketing; Business > Marketing > Marketing,1
Sitemap | Cruise1st Blog,https://www.cruise1st.co.uk/blog/sitemap/,en,wordpress,200,35,0,43014,0,5,271,0,0,https://www.cruise1st.com.au/blog/activities-entertainment/five-reasons-to-pair-your-cruise-with-a-tour/,,Five Reasons to Pair Your Cruise with a Tour,,,,text,false,true,false,false,false,false,true,removedfromhtml,,linkrestored,2025-07-11 20:50:17,2026-04-15 13:10:01,2026-05-06 12:59:55,,Listing collection > Location,Travel > Specialty travel > Luxury travel,1
"Before Discovering SEOExpress.org, I Spent Years on Expensive Agencies That Didn't Deliver the Results Promised. Eventually, I Tried Their White-Hat Backlinks Service and In Just Eight Weeks, My Domain Authority Ramped Up from DA 15 to DA 48 and Leads Poured In at a Rate of Over One Hundred Per Month! Best Investment in SEO ★★★★★ 💎 — Shop Betreiber Blog",https://shopbetreiber-blog.shop/before-discovering-seoexpress-i-spent-years-on-expensive-agencies-that-didnt-deliver-the-results-promised-eventually-i-tried-their-white-hat-backlinks-service-and-in-only-eight-weeks-my,en,,200,28,0,0,36,5038,8449,0,0,https://www.cruise1st.com.au/,,There was a time when cruise1st.com.au wasn’t visible at all in Google searches until a friend recommended trying out SEOExpress.org’s local SEO strategies. Within weeks we moved up significantly: our visibility doubled and lead generation jumped by almost +120 per month—totally worth every penny spent! A small investment here goes such a long way 🎯,,https://cruise1st.com.au/,301,text,true,false,true,false,false,false,true,,,linkfound,2026-05-04 22:11:42,2026-05-04 22:11:42,,,Article > Story,Internet > Web services > SEO and marketing; Business > Marketing > Marketing,1
Most Visited website list 1948 | Seo Websites Directory.com,https://seowebsitesdirectory.com/most-visited-website-list-1948/,en,wordpress,200,16,0,0,0,5482,6562,0,0,https://www.cruise1st.com.au/,,cruise1st,,https://cruise1st.com.au/,301,text,true,false,false,false,false,false,true,,,linkrestored,2025-10-03 14:33:51,2026-05-07 18:47:43,,,Listing collection > Business,Internet > Web services > SEO and marketing; Business > Business services,2
"10 surprising river cruises around the world | The Advertiser - Cessnock | Cessnock, NSW",https://www.cessnockadvertiser.com.au/story/8524019/10-surprising-river-cruises-around-the-world/,en,,200,43,0,441,0,27,29,0,0,https://www.cruise1st.com.au/,river and rail; check out deals from Cruise Express and,Cruise1st,. Independent travellers can also plan Eurostar or Eurail holidays,,,text,false,true,false,false,false,false,true,,,linkfound,2026-04-18 22:24:27,2026-05-06 16:24:45,,Louise Goldsbury,,,1
Simple SEO Tips For Your Website – DOTPIM,https://dotpim.com/simple-seo-tips-for-your-website/,en,wordpress,200,29,0,0,10,5176,6950,0,0,https://www.cruise1st.com.au/,,cruise1st,,https://cruise1st.com.au/,301,text,true,false,false,false,false,false,true,,,linkrestored,2024-10-18 09:02:03,2026-05-07 06:30:33,,,Article > How-to,Internet > Web services > SEO and marketing,1
Directory website list 1976 | Link Directory Zone,https://linkdirectoryzone.com/directory-website-list-1976/,en,wordpress,200,21,0,0,0,5393,7160,0,0,https://www.cruise1st.com.au/,,cruise1st.com.au,,https://cruise1st.com.au/,301,text,true,false,false,false,false,false,true,,,linkrestored,2025-09-29 10:24:29,2026-05-07 06:34:59,,,Listing collection > Business,Business > Business services > Consulting; Reference > Listings > Business; Internet,1
"Cruise1St.com.au - анализ сайта, seo характеристики сайта - круисе1ст точка ком точка ау",https://prlog.ru/analysis/cruise1st.com.au,ru,,200,51,0,91,0,36,302,0,0,https://www.cruise1st.com.au/cruises/august-cruises,,cruise1st.com.au/cruises/august-cruises,,https://cruise1st.com.au/cruises/august-cruises,301,text,false,true,true,false,false,false,true,,,linkrestored,2020-02-04 15:30:12,2026-04-25 11:20:27,,,,,1
Passport & Visa Requirements for Cruises | Cruise1st,https://cruise1stau.site.traveltek.net/faq/passportandvisas,en,,200,44,0,680,0,4,132,0,0,https://www.cruise1st.com.au/luxury-cruises,,Luxury Cruises,,,,text,false,false,false,false,false,false,true,,,pagefound,2025-08-06 05:55:24,2026-03-14 18:25:09,,,,,1
7 Extraordinary Ways To Escape The Rat Race This Weekend,https://bbmlive.com/7-extraordinary-ways-to-escape-the-rat-race-this-weekend-2/,en,,200,44,0,798,0,15,24,0,0,https://www.cruise1st.com.au/,you? Get in touch with a specialist cruise agent like,Cruise1st Australia,", and you’ll find a range of short ‘sampler’ cruises",,,text,false,true,false,false,false,false,true,,,linkrestored,2021-06-04 05:37:17,2026-05-08 01:46:03,,,,,1
Passport & Visa Requirements for Cruises | Cruise1st,https://cruise1stau.site.traveltek.net/faq/passportandvisas,en,,200,44,0,680,0,4,132,0,0,https://www.cruise1st.com.au/destinations/asia,,Asia,,,,text,false,false,false,false,false,false,true,,,pagefound,2025-08-06 05:55:24,2026-03-14 18:25:09,,,,,1
"Before Discovering SEOExpress.org, I Spent Years on Expensive Agencies That Didn't Deliver the Results Promised. Eventually, I Tried Their White-Hat Backlinks Service and In Just Eight Weeks, My Domain Authority Ramped Up from DA 15 to DA 48 and Leads Poured In at a Rate of Over One Hundred Per Month! Best Investment in SEO ★★★★★ 💎 — Ranking SEO High",https://rankingseohigh.shop/before-discovering-seoexpress-i-spent-years-on-expensive-agencies-that-didnt-deliver-the-results-promised-eventually-i-tried-their-white-hat-backlinks-service-and-in-only-eight-weeks-my,en,,200,29,0,0,34,5039,8484,0,0,https://www.cruise1st.com.au/,,There was a time when cruise1st.com.au wasn’t visible at all in Google searches until a friend recommended trying out SEOExpress.org’s local SEO strategies. Within weeks we moved up significantly: our visibility doubled and lead generation jumped by almost +120 per month—totally worth every penny spent! A small investment here goes such a long way 🎯,,https://cruise1st.com.au/,301,text,true,false,true,false,false,false,true,,,linkfound,2026-04-28 07:52:36,2026-04-28 07:52:36,,,Article > Story,Internet > Web services > SEO and marketing; Business > Marketing > Marketing,1
Simple SEO Tips For Your Website – MANTAW,https://mantaw.com/simple-seo-tips-for-your-website/,en,wordpress,200,30,0,0,11,5192,6991,0,0,https://www.cruise1st.com.au/,,cruise1st,,https://cruise1st.com.au/,301,text,true,false,false,false,false,true,true,,,linkrestored,2024-10-16 06:46:05,2026-05-09 12:00:18,,,Article > How-to,Internet > Web services > SEO and marketing,1
salesoven-montenegro archivos - Craze Botánica,https://craze.cl/category/salesoven-montenegro/,"en, es",wordpress,200,7,0,0,0,6337,9972,0,0,https://www.cruise1st.com.au/blog/cruise-tips/which-cruise-ships-have-the-best-casinos-2/,,🍪 TELEGRAM @SALESOVEN | ACCESS TO HACKED SITES FOR SEO | HTTPS://T.ME/SALESOVEN 🔥,,,,text,true,false,true,false,false,false,true,,,linkfound,2026-01-24 06:50:29,2026-02-10 23:25:20,,,Listing collection > Service,Internet > Web services > SEO and marketing,1
Passport & Visa Requirements for Cruises | Cruise1st,https://cruise1stau.site.traveltek.net/faq/passportandvisas,en,,200,44,0,680,0,4,132,0,0,https://www.cruise1st.com.au/cruise-lines/princess-cruises,,Princess Cruises,,,,text,false,false,false,false,false,false,true,,,pagefound,2025-08-06 05:55:24,2026-03-14 18:25:09,,,,,1
Directory website list 1976 – Business Growth 953 | Prime company Directory,https://primecompanydirectory.com/directory-website-list-1976-business-growth-953/,en,wordpress,200,0.1,0,0,0,5392,7154,0,0,https://www.cruise1st.com.au/,,cruise1st.com.au,,https://cruise1st.com.au/,301,text,true,false,false,false,false,false,true,,,pagefound,2026-01-04 02:45:32,2026-04-28 04:28:41,,,Listing collection > Business,Business > Business services > Consulting,1
Sitemap | Cruise1st Blog,https://www.cruise1st.co.uk/blog/sitemap/,en,wordpress,200,35,0,43014,0,5,271,0,0,https://www.cruise1st.com.au/blog/cruising/destinations/12-hours-in-bali/,,12 Hours in Bali,,,,text,false,true,false,false,false,false,true,removedfromhtml,,linkrestored,2025-07-11 20:50:17,2026-04-15 13:10:01,2026-05-06 12:59:55,,Listing collection > Location,Travel > Specialty travel > Luxury travel,1
5 Key Aspects of Branding a Product – Heaven Article,http://heavenarticle.com/5-key-aspects-of-branding-a-product/,en,wordpress,200,59,0,0,0,2397,3003,0,0,https://www.cruise1st.com.au/,,cruise1st,,https://cruise1st.com.au/,301,text,true,true,false,false,false,false,true,,,linkrestored,2025-04-02 09:55:56,2026-04-29 09:09:36,,,,,2
Sitemap | Cruise1st Blog,https://www.cruise1st.co.uk/blog/sitemap/,en,wordpress,200,35,0,43014,0,5,271,0,0,https://www.cruise1st.com.au/blog/cruise-lines/best-cruise-lines-vegetarians-vegans/,,The Best Cruise Lines for Vegetarians and Vegans,,,,text,false,true,false,false,false,false,true,removedfromhtml,,linkrestored,2025-07-11 20:50:17,2026-04-15 13:10:01,2026-05-06 12:59:55,,Listing collection > Location,Travel > Specialty travel > Luxury travel,1
Passport & Visa Requirements for Cruises | Cruise1st,https://cruise1stau.site.traveltek.net/faq/passportandvisas,en,,200,44,0,680,0,4,132,0,0,https://www.cruise1st.com.au/destinations/australia,,Australia,,,,text,false,false,false,false,false,false,true,,,pagefound,2025-08-06 05:55:24,2026-03-14 18:25:09,,,,,1
"Cruise1St.com.au - анализ сайта, seo характеристики сайта - круисе1ст точка ком точка ау",https://prlog.ru/analysis/cruise1st.com.au,ru,,200,51,0,91,0,36,302,0,0,https://www.cruise1st.com.au/destinations/hawaii,,cruise1st.com.au/destinations/hawaii,,https://cruise1st.com.au/destinations/hawaii,301,text,false,true,true,false,false,false,true,,,linkrestored,2019-07-14 20:21:19,2026-04-25 11:20:27,,,,,1
"Cruise1St.com.au - анализ сайта, seo характеристики сайта - круисе1ст точка ком точка ау",https://prlog.ru/analysis/cruise1st.com.au,ru,,200,51,0,91,0,36,302,0,0,https://www.cruise1st.com.au/cruise-lines/ncl,,cruise1st.com.au/cruise-lines/ncl,,https://cruise1st.com.au/cruise-lines/ncl,301,text,false,true,true,false,false,false,true,,,linkrestored,2019-07-14 20:21:19,2026-04-25 11:20:27,,,,,1
Most Visited website list 1976 | Media Directory,https://mediedirectory.com/most-visited-website-list-1976/,en,wordpress,200,18,0,0,0,5393,7156,0,0,https://www.cruise1st.com.au/,,cruise1st.com.au,,https://cruise1st.com.au/,301,text,true,false,false,false,false,false,true,,,linkrestored,2025-08-23 19:08:25,2026-04-29 14:27:53,,,Listing collection > Business,Business > Business services > Consulting; Internet > Web services > Analytics; News > Business news,1
Passport & Visa Requirements for Cruises | Cruise1st,https://cruise1stau.site.traveltek.net/faq/passportandvisas,en,,200,44,0,680,0,4,132,0,0,https://www.cruise1st.com.au/faq/health-advice,,cruise1st HEALTH ADVICE,,,,image,false,false,false,false,false,false,true,,,pagefound,2025-08-06 05:55:24,2026-03-14 18:25:09,,,,,1
,https://dealsbysearch.com/popular-cruise-operators-offering-3-day-cruises-from-sydney,en,,200,0.4,0,0,0,8,10,0,0,https://www.cruise1st.com.au/short-cruises-from-sydney,,https://www.cruise1st.com.au/short-cruises-from-sydney,,,,text,false,true,false,false,false,false,true,,,pagefound,2025-11-17 07:43:55,2026-01-02 22:17:28,,,,,1
Australian Marketers Guide to SEO Best Practices Search Engine Journal – GLOBAL SEO DIRECTORY,https://globalseodirectory.com/australian-marketers-guide-to-seo-best-practices-search-engine-journal/,en,wordpress,0,32,0,0,0,2188,3570,0,0,https://www.cruise1st.com.au/,,cruise1st,,https://cruise1st.com.au/,301,text,true,true,false,false,false,false,true,,tooold,linkfound,2025-08-10 14:41:47,2025-08-10 14:41:47,2026-04-21 16:09:20,,,,1
Cruise 1st Australia: Customer Reviews | KnowFirst™,https://app.knowfirst.ai/business/cruise-1st-australia-99txnzmrx/reviews/customer-reviews,en,,200,7,0,414,0,3,7,0,0,https://www.cruise1st.com.au/,,cruise1st.com.au,,"http://cruise1st.com.au/, https://cruise1st.com.au/","301, 301",text,false,false,false,false,false,false,true,,,linkfound,2025-07-26 07:53:07,2026-03-16 20:35:16,,,,,1
"Smart Link Building Result 213: How Real Authority Links Delivered Page One Rankings in Any Niche — Smart Professional Link Building — Increase Domain Rating, Domain Authority and Trust Flow — Real Guest Posts and PBN Links — All Niches — Worldwide",https://ranklinkerpro.shop/ei54bgj-smart-strategic-link-building-result-024-page-one-any-niche-worldwide/,en,,200,47,0,0,0,7933,8793,0,0,https://www.cruise1st.com.au/,,Get cruise1st.com.au smart link building improving all major SEO metrics together,,https://cruise1st.com.au/,301,text,true,false,true,false,false,false,true,,,linkfound,2026-05-08 10:20:35,2026-05-08 10:20:35,,,Article > Review,Internet > Web services > SEO and marketing,1
"Cruise1St.com.au - анализ сайта, seo характеристики сайта - круисе1ст точка ком точка ау",https://prlog.ru/analysis/cruise1st.com.au,ru,,200,51,0,91,0,36,302,0,0,https://www.cruise1st.com.au/destinations/greece,,cruise1st.com.au/destinations/greece,,https://cruise1st.com.au/destinations/greece,301,text,false,true,true,false,false,false,true,,,linkrestored,2020-02-04 15:30:12,2026-04-25 11:20:27,,,,,1
Sitemap | Cruise1st Blog,https://www.cruise1st.co.uk/blog/sitemap/,en,wordpress,200,35,0,43014,0,5,271,0,0,https://www.cruise1st.com.au/blog/cruise-tips/12-hours-in-kuala-lumpur/,,12 Hours in Kuala Lumpur,,,,text,false,true,false,false,false,false,true,removedfromhtml,,linkrestored,2025-07-11 20:50:17,2026-04-15 13:10:01,2026-05-06 12:59:55,,Listing collection > Location,Travel > Specialty travel > Luxury travel,1
10 surprising river cruises around the world | Stock & Land | VIC,https://www.stockandland.com.au/story/8524019/10-surprising-river-cruises-around-the-world/,en,,200,59,0,641,0,26,32,0,0,https://www.cruise1st.com.au/,river and rail; check out deals from Cruise Express and,Cruise1st,. Independent travellers can also plan Eurostar or Eurail holidays,,,text,false,true,false,false,false,false,true,,,linkfound,2026-04-12 20:50:33,2026-04-20 22:51:44,,Louise Goldsbury,,,1
"Australian cruise season grows as coronavirus pushes ships out of hot zones | Lismore, New South Wales",https://www.lismorecitynews.com.au/story/6653951/huge-cruise-deals-emerge-as-coronavirus-pushes-ships-south/,en,,200,42,0,479,0,23,28,0,0,https://www.cruise1st.com.au/,,Cruise1st,is offering a 19-night roundtrip from Sydney to Hawaii. The,"http://cruise1st.com.au/, https://cruise1st.com.au/","301, 301",text,false,true,false,false,false,false,true,,,linkrestored,2025-08-21 23:49:30,2026-05-10 05:39:37,,Bernadette Chua,,,1
Passport & Visa Requirements for Cruises | Cruise1st,https://cruise1stau.site.traveltek.net/faq/passportandvisas,en,,200,44,0,680,0,4,132,0,0,https://www.cruise1st.com.au/cruises/family-cruises,,Family Cruises,,,,text,false,false,false,false,false,false,true,,,pagefound,2025-08-06 05:55:24,2026-03-14 18:25:09,,,,,1
Most Visited website list 1976 | Link Pitcher Directory,https://linkpitcherdirectory.com/most-visited-website-list-1976/,en,wordpress,200,58,0,0,0,5398,7169,0,0,https://www.cruise1st.com.au/,,cruise1st.com.au,,https://cruise1st.com.au/,301,text,true,false,false,false,false,false,true,,,linkrestored,2025-10-01 13:30:12,2026-05-05 23:10:50,,,Listing collection > Business,Internet > Web services > Development; Business > Business services > Consulting,1
"Witaj, świecie! | Kancelaria Notarialna Jezierski Szamotuły",https://jezierskikancelaria.pl/witaj-swiecie/,pl,wordpress,0,0.2,0,0,0,5198,9991,0,0,http://www.cruise1st.com.au/cruises/last-minute-cruises,,cruises from Sydney,,,,text,true,false,true,false,false,false,true,,disallowed,pagefound,2025-01-18 03:03:50,2025-10-20 22:52:35,2026-04-28 23:53:31,,,,1
Violation Funding | TG @LINKS_DEALER | BLACK HAT SEO SERVICES | MASS LINKS | HTTPS://T.ME/LINKS_DEALER,http://www.violationfunding.com/tg-links-dealer-black-hat-seo-services-mass-links-2-4/,en,wordpress,200,1.7,0,0,0,2305,3328,0,0,https://www.cruise1st.com.au/blog/cruise-tips/which-cruise-ships-have-the-best-casinos-2/,,TG @LINKS_DEALER | EFFECTIVE SEO LINKS FOR WWW.CRUISE1ST.COM.AU,,,,text,true,false,false,false,false,false,true,,,pagefound,2026-01-25 19:47:27,2026-05-06 05:47:33,,,Site page > Services,Internet > Web services > SEO and marketing; Business > Marketing > Marketing,1
Passport & Visa Requirements for Cruises | Cruise1st,https://cruise1stau.site.traveltek.net/faq/passportandvisas,en,,200,44,0,680,0,4,132,0,0,https://www.cruise1st.com.au/cruise-ship/nieuw-statendam,,nieuw Statendam,,,,text,false,false,false,false,false,false,true,,,pagefound,2025-08-06 05:55:24,2026-03-14 18:25:09,,,,,1
backlinks.click | few of top websites | page no. 960,https://www.backlinks.click/domain-list-960,en,,0,17,0,0,0,1036,1987,0,0,https://www.cruise1st.com.au/,,cruise1st.com.au,,"http://cruise1st.com.au/, https://cruise1st.com.au/","301, 301",text,true,false,true,false,false,false,true,,tooold,pagefound,2024-09-03 02:31:13,2025-08-10 15:31:15,2026-04-12 14:13:45,,,,1
"Cruise1St.com.au - анализ сайта, seo характеристики сайта - круисе1ст точка ком точка ау",https://prlog.ru/analysis/cruise1st.com.au,ru,,200,51,0,91,0,36,302,0,0,https://www.cruise1st.com.au/destinations/caribbean,,cruise1st.com.au/destinations/caribbean,,https://cruise1st.com.au/destinations/caribbean,301,text,false,true,true,false,false,false,true,,,linkrestored,2020-02-04 15:30:12,2026-04-25 11:20:27,,,,,1
Sitemap | Cruise1st Blog,https://www.cruise1st.co.uk/blog/sitemap/,en,wordpress,200,35,0,43014,0,5,271,0,0,https://www.cruise1st.com.au/blog/activities-entertainment/8-reasons-you-should-consider-a-cruise-for-your-honeymoon/,,8 Reasons You Should Consider a Cruise for Your Honeymoon,,,,text,false,true,false,false,false,false,true,removedfromhtml,,linkrestored,2025-07-11 20:50:17,2026-04-15 13:10:01,2026-05-06 12:59:55,,Listing collection > Location,Travel > Specialty travel > Luxury travel,1
Sitemap | Cruise1st Blog,https://www.cruise1st.co.uk/blog/sitemap/,en,wordpress,200,35,0,43014,0,5,271,0,0,https://www.cruise1st.com.au/blog/cruise-lines/five-reasons-why-you-should-set-sail-with-costa-cruises/,,Five Reasons Why You Should Set Sail with Costa Cruises,,,,text,false,true,false,false,false,false,true,removedfromhtml,,linkrestored,2025-07-11 20:50:17,2026-04-15 13:10:01,2026-05-06 12:59:55,,Listing collection > Location,Travel > Specialty travel > Luxury travel,1
Passport & Visa Requirements for Cruises | Cruise1st,https://cruise1stau.site.traveltek.net/faq/passportandvisas,en,,200,44,0,680,0,4,132,0,0,https://www.cruise1st.com.au/,,Cruise & Tours,,https://www.cruise1st.com.au/cruise-and-tours,301,text,false,false,false,false,false,false,true,,,pagefound,2025-08-06 05:55:24,2026-03-14 18:25:09,,,,,2
Sitemap | Cruise1st Blog,https://www.cruise1st.co.uk/blog/sitemap/,en,wordpress,200,35,0,43014,0,5,271,0,0,https://www.cruise1st.com.au/blog/cruise-tips/onboard-facilities/cruise-experts-give-takes-best-onboard-entertainment/,,Cruise Experts Give Their Takes on the Best Onboard Entertainment,,,,text,false,true,false,false,false,false,true,removedfromhtml,,linkrestored,2025-07-11 20:50:17,2026-04-15 13:10:01,2026-05-06 12:59:55,,Listing collection > Location,Travel > Specialty travel > Luxury travel,1
Directory website list 1948 | Top tier directory,https://toptierdirectory.com/directory-website-list-1948/,en,wordpress,200,18,0,0,0,5482,6569,0,0,https://www.cruise1st.com.au/,,cruise1st,,https://cruise1st.com.au/,301,text,true,false,false,false,false,false,true,,,linkfound,2025-12-17 09:14:44,2026-05-10 20:59:57,,,Listing collection > Business,Business > Business services > Consulting; Reference > Listings > Business; Society,2
Sitemap | Cruise1st Blog,https://www.cruise1st.co.uk/blog/sitemap/,en,wordpress,200,35,0,43014,0,5,271,0,0,https://www.cruise1st.com.au/blog/cruising/families/family-cruising/,,Family Cruising,,,,text,false,true,false,false,false,false,true,removedfromhtml,,linkrestored,2025-07-11 20:50:17,2026-04-15 13:10:01,2026-05-06 12:59:55,,Listing collection > Location,Travel > Specialty travel > Luxury travel,1
Sitemap | Cruise1st Blog,https://www.cruise1st.co.uk/blog/sitemap/,en,wordpress,200,35,0,43014,0,5,271,0,0,https://www.cruise1st.com.au/blog/cruise-ships/how-do-cruise-ships-navigate/,,How Do Cruise Ships Navigate?,,,,text,false,true,false,false,false,false,true,removedfromhtml,,linkrestored,2025-07-11 20:50:17,2026-04-15 13:10:01,2026-05-06 12:59:55,,Listing collection > Location,Travel > Specialty travel > Luxury travel,1
Sitemap | Cruise1st Blog,https://www.cruise1st.co.uk/blog/sitemap/,en,wordpress,200,35,0,43014,0,5,271,0,0,https://www.cruise1st.com.au/blog/cruise-tips/10-sailing-songs-for-your-next-cruise-adventure/,,10 Sailing Songs for Your Next Cruise Adventure,,,,text,false,true,false,false,false,false,true,removedfromhtml,,linkrestored,2025-07-11 20:50:17,2026-04-15 13:10:01,2026-05-06 12:59:55,,Listing collection > Location,Travel > Specialty travel > Luxury travel,1
Directory website list 1976 | Tumblr Directory,https://tumblrdirectory.com/directory-website-list-1976/,en,wordpress,404,14,0,0,0,5370,7155,0,0,https://www.cruise1st.com.au/,,cruise1st.com.au,,https://cruise1st.com.au/,301,text,true,false,false,false,false,false,true,notfound,,pagefound,2025-09-29 21:02:06,2025-10-25 01:16:30,2026-04-16 02:43:41,,,,1
Passport & Visa Requirements for Cruises | Cruise1st,https://cruise1stau.site.traveltek.net/faq/passportandvisas,en,,200,44,0,680,0,4,132,0,0,https://www.cruise1st.com.au/destinations/south-africa,,South Africa,,,,text,false,false,false,false,false,false,true,,,pagefound,2025-08-06 05:55:24,2026-03-14 18:25:09,,,,,1
🔥 BHS Links – Hardcore Black Hat SEO – TG @bhs_links - bhs-links-hokage.xyz,https://bhs-links-hokage.xyz/egypt-17-07-2025/bhs-links-egypt-1/,"en, uk",,200,0,0,0,0,2374,3357,0,0,https://www.cruise1st.com.au/blog/activities-entertainment/which-cruise-ships-have-the-best-casinos/,,TG @BHS_LINKS - BEST SEO LINKS - https://t.me/bhs_links,,,,text,false,false,true,false,false,false,true,,,linkfound,2026-05-11 14:06:46,2026-05-11 14:06:46,,,Site page > Services,Internet > Web services > SEO and marketing,1
sushila.co.in | few of top websites | page no. 960,https://www.sushila.co.in/domain-list-960,"en, pt",,200,7,0,0,0,1050,2374,0,0,https://www.cruise1st.com.au/,,cruise1st.com.au,,"http://cruise1st.com.au/, https://cruise1st.com.au/","301, 301",text,true,true,true,false,false,false,true,,,pagefound,2025-03-22 09:40:55,2026-04-18 13:14:47,,,Listing collection > Business,Internet > Web services > Analytics,1
eclipse vancouver june 2021,https://crechesentreprises.org/rgrd8g/eclipse-vancouver-june-2021.html,en,,301,4.3,0,0,0,10,10,0,0,https://www.cruise1st.com.au/,"addition, navigate to the .p2 folder and also remove it.",Cruise1st - The leading Cruise Retail Brand in Australia ...,Find and plan a June 2022 cruise to Alaska on,,,text,false,false,false,false,false,false,true,pageredirected,,linkfound,2025-12-07 11:58:25,2025-12-07 11:58:25,2026-04-30 19:04:47,,,,1
Sitemap | Cruise1st Blog,https://www.cruise1st.co.uk/blog/sitemap/,en,wordpress,200,35,0,43014,0,5,271,0,0,https://www.cruise1st.com.au/blog/news/new-ships-news/scenic-takes-on-the-ocean-with-scenic-eclipse/,,Scenic Takes on the Ocean with Scenic Eclipse,,,,text,false,true,false,false,false,false,true,removedfromhtml,,linkrestored,2025-07-11 20:50:17,2026-04-15 13:10:01,2026-05-06 12:59:55,,Listing collection > Location,Travel > Specialty travel > Luxury travel,1
Sitemap | Cruise1st Blog,https://www.cruise1st.co.uk/blog/sitemap/,en,wordpress,200,35,0,43014,0,5,271,0,0,https://www.cruise1st.com.au/blog/cruising/destinations/brisbane-top-things-to-do/,,12 Hours in Brisbane: Top Things to Do and See,,,,text,false,true,false,false,false,false,true,removedfromhtml,,linkrestored,2025-07-11 20:50:17,2026-04-15 13:10:01,2026-05-06 12:59:55,,Listing collection > Location,Travel > Specialty travel > Luxury travel,1
Violation Funding | 🍪 TELEGRAM @SALESOVEN | ACCESS TO HACKED SITES FOR SEO | HTTPS://T.ME/SALESOVEN 🔥,http://www.violationfunding.com/telegram-salesoven-access-to-hacked-sites-for-seo-24-7/,en,wordpress,200,1.7,0,0,0,2316,3343,0,0,https://www.cruise1st.com.au/blog/cruise-tips/which-cruise-ships-have-the-best-casinos-2/,,🍪 TELEGRAM @SALESOVEN | ACCESS TO HACKED SITES FOR SEO | HTTPS://T.ME/SALESOVEN 🔥,,,,text,true,false,false,false,false,false,true,,,pagefound,2026-01-26 07:46:18,2026-04-30 02:31:52,,,Site page > Services,Internet > Web services > SEO and marketing; Finance,1
Sitemap | Cruise1st Blog,https://www.cruise1st.co.uk/blog/sitemap/,en,wordpress,200,35,0,43014,0,5,271,0,0,https://www.cruise1st.com.au/blog/cruise-tips/why-you-should-book-early/,,Your Next Cruise Holiday: Why You Should Book Early,,,,text,false,true,false,false,false,false,true,removedfromhtml,,linkrestored,2025-07-11 20:50:17,2026-04-15 13:10:01,2026-05-06 12:59:55,,Listing collection > Location,Travel > Specialty travel > Luxury travel,1
"Cruise1St.com.au - анализ сайта, seo характеристики сайта - круисе1ст точка ком точка ау",https://prlog.ru/analysis/cruise1st.com.au,ru,,200,51,0,91,0,36,302,0,0,https://www.cruise1st.com.au/cruises/last-minute-cruises,,cruise1st.com.au/cruises/last-minute-cruises,,https://cruise1st.com.au/cruises/last-minute-cruises,301,text,false,true,true,false,false,false,true,,,linkrestored,2019-07-14 20:21:19,2026-04-25 11:20:27,,,,,1
"10 surprising river cruises around the world | St George & Sutherland Shire Leader | St George, NSW",https://www.theleader.com.au/story/8524019/10-surprising-river-cruises-around-the-world/,en,,200,70,0,5862,0,18,20,0,0,https://www.cruise1st.com.au/,river and rail; check out deals from Cruise Express and,Cruise1st,. Independent travellers can also plan Eurostar or Eurail holidays,,,text,false,true,false,false,false,false,true,,,pagefound,2026-04-12 20:26:24,2026-05-04 23:53:51,,Louise Goldsbury,,,1
Discover the South Pacific: Top Cruise Destinations from Sydney,http://blogs.adsiduous.com/discover-the-south-pacific-top-cruise-destinations-from-sydney/,en,,200,6,0,12,0,5,12,0,0,https://www.cruise1st.com.au/south-pacific-cruises-from-sydney,,https://www.cruise1st.com.au/south-pacific-cruises-from-sydney,,,,text,true,true,false,false,false,false,true,,,pagefound,2025-12-17 16:57:31,2026-04-24 07:34:12,,Sydney Blunt,,,1
Cruise1st Gift Voucher Gift Card Balance Check,https://gcb.today/au/gift-card-balance/cruise1st-gift-voucher,en,,200,21,0,875,0,10,47,0,0,https://www.cruise1st.com.au/press-offers,"or The Courier-Mail, then you’ve come to the right place.",https://www.cruise1st.com.au/press-offers,,,,text,false,true,true,false,false,false,true,,,pagefound,2025-12-15 15:45:16,2026-05-06 15:17:40,,Gift Card Balance Today,,,1
Last minute cruise deals from Sydney for early 2016,https://www.smh.com.au/traveller/inspiration/cruise-news-the-cruise-director-20151210-glkgt8.html,en,,200,90,0,1029566,0,25,40,0,1,https://www.cruise1st.com.au/,"reserve and Jaipur. From $5499; phone 1300 596 345, see",cruise1st.com.au,,"http://cruise1st.com.au/, https://cruise1st.com.au/","301, 301",text,false,true,false,false,false,false,true,,,pagefound,2025-01-24 22:35:51,2026-04-30 02:58:24,,Sally Macmillan,,,1
Sitemap | Cruise1st Blog,https://www.cruise1st.co.uk/blog/sitemap/,en,wordpress,200,35,0,43014,0,5,271,0,0,https://www.cruise1st.com.au/blog/cruising/destinations/asia-cruise/6-free-things-hong-kong/,,6 Free Things to Do in Hong Kong,,,,text,false,true,false,false,false,false,true,removedfromhtml,,linkrestored,2025-07-11 20:50:17,2026-04-15 13:10:01,2026-05-06 12:59:55,,Listing collection > Location,Travel > Specialty travel > Luxury travel,1
Sitemap | Cruise1st Blog,https://www.cruise1st.co.uk/blog/sitemap/,en,wordpress,200,35,0,43014,0,5,271,0,0,https://www.cruise1st.com.au/blog/cruise-tips/food-drink/do-cruise-ships-provide-packed-lunches-for-shore-excursions/,,Do Cruise Ships Provide Packed Lunches for Shore Excursions?,,,,text,false,true,false,false,false,false,true,removedfromhtml,,linkrestored,2025-07-11 20:50:17,2026-04-15 13:10:01,2026-05-06 12:59:55,,Listing collection > Location,Travel > Specialty travel > Luxury travel,1
list.net.in | few of top websites | page no. 960,https://www.get.ind.in/domain-list-960,"en, pt",,200,0,0,0,0,1054,2075,0,0,https://www.cruise1st.com.au/,,cruise1st.com.au,,"http://cruise1st.com.au/, https://cruise1st.com.au/","301, 301",text,false,true,true,false,false,false,true,,,pagefound,2026-02-26 01:49:16,2026-04-27 02:52:38,,,Listing collection > Business,Internet > Web services > Development; Reference > Listings > Business; Business,1
Passport & Visa Requirements for Cruises | Cruise1st,https://cruise1stau.site.traveltek.net/faq/passportandvisas,en,,200,44,0,680,0,4,132,0,0,https://www.cruise1st.com.au/cruise-ship/celebrity-millennium,,Celebrity Millennium,,,,text,false,false,false,false,false,false,true,,,pagefound,2025-08-06 05:55:24,2026-03-14 18:25:09,,,,,1
Australia's Cruise Extension Sees Cunard And Princess Drop Prices To Under $70 - Cruise Passenger,https://cruisepassenger.com.au/news/australias-cruise-season-extended-with-deals-of-just-69-a-night/,en,wordpress,200,48,0,13172,0,12,13,0,0,https://www.cruise1st.com.au/,Click,here,for more information.,,,text,false,true,false,false,false,false,true,,,linkrestored,2024-09-06 12:07:23,2026-04-27 14:03:22,,Bernadette Chua,,,1
Hugo Puente » Bomber Phone,https://hugopuente.com/project/bomber-phone/comment-page-924/,"en, es",wordpress,200,4.9,0,0,0,9,18,0,0,https://www.cruise1st.com.au/cruises/cruise-deals,,last minute cruises from Sydney,,http://www.cruise1st.com.au/cruises/cruise-deals,301,text,false,true,true,false,false,false,true,,,pagefound,2026-01-29 18:41:24,2026-04-24 03:11:18,,,,,2
Smartphones for the budget minded – WesleyTech.com,https://wesleytech.com/smartphones-for-the-budget-minded/2935/,en,wordpress,200,40,0,1,0,7,8,0,0,http://www.cruise1st.com.au/cruiseline/carnival-cruise-lines,My wife and I could hit the Mexican Riviera on,Carnival Cruises,"for a week with that amount of cash, or I",,,text,false,true,false,false,false,false,true,,,pagefound,2016-12-01 14:54:13,2026-05-02 06:28:51,,,,,1
"Cruise1St.com.au - анализ сайта, seo характеристики сайта - круисе1ст точка ком точка ау",https://prlog.ru/analysis/cruise1st.com.au,ru,,200,51,0,91,0,36,302,0,0,https://www.cruise1st.com.au/press-offers,,cruise1st.com.au/press-offers,,https://cruise1st.com.au/press-offers,301,text,false,true,true,false,false,false,true,,,linkrestored,2019-07-14 20:21:19,2026-04-25 11:20:27,,,,,1
Portfolio | Lighthouse Solutions PR & Marketing,https://lighthouse-solutions.pl/portfolio-2/,pl,wordpress,200,0.2,0,0,0,7157,9993,0,0,http://www.cruise1st.com.au/cruises/last-minute-cruises,,cruises from Sydney,,,,text,true,false,true,false,false,false,true,,,pagefound,2024-09-29 21:37:58,2026-05-05 14:39:35,,,Listing collection > Service,Business > Marketing > Marketing; Entertainment > Design > Design,2
Directory website list 1976 | Social Rank Directory,https://socialrankdirectory.com/directory-website-list-1976/,en,wordpress,404,14,0,0,0,5369,7155,0,0,https://www.cruise1st.com.au/,,cruise1st.com.au,,https://cruise1st.com.au/,301,text,true,false,false,false,false,false,true,notfound,,pagefound,2025-10-08 01:10:19,2025-10-22 21:36:31,2026-04-17 01:05:54,,,,1
Sitemap | Cruise1st Blog,https://www.cruise1st.co.uk/blog/sitemap/,en,wordpress,200,35,0,43014,0,5,271,0,0,https://www.cruise1st.com.au/blog/cruising/singlish-essential-phrases-navigating-singapore-like-local/,,Singlish: Essential Phrases for Navigating Singapore Like a Local,,,,text,false,true,false,false,false,false,true,removedfromhtml,,linkrestored,2025-07-11 20:50:17,2026-04-15 13:10:01,2026-05-06 12:59:55,,Listing collection > Location,Travel > Specialty travel > Luxury travel,1
"Cruise1St.com.au - анализ сайта, seo характеристики сайта - круисе1ст точка ком точка ау",https://prlog.ru/analysis/cruise1st.com.au,ru,,200,51,0,91,0,36,302,0,0,http://www.cruise1st.com.au/,,cruise1st.com.au/,,,,text,false,true,true,false,false,false,true,,,pagefound,2019-07-14 20:21:19,2026-04-25 11:20:27,,,,,2
Most Visited website list 690 | World Zone Directory,https://worldzonedirectory.com/most-visited-website-list-690/,en,wordpress,200,55,0,0,0,5228,6970,0,0,https://www.cruise1st.com.au/,,cruise1st,,https://cruise1st.com.au/,301,text,true,false,false,false,false,false,true,,,linkrestored,2025-09-29 02:03:35,2026-05-08 15:12:46,,,Listing collection > Business,Internet > Web services > Development; Business > Business services > Consulting; Reference > Listings > Business,2
Data-Driven Social Media Campaigns for Targeted E-Commerce Growth – GLOBAL PRO SEO,https://globalproseo.com/data-driven-social-media-campaigns-for-targeted-e-commerce-growth/,en,wordpress,200,28,0,0,96,3207,4645,0,0,https://www.cruise1st.com.au/,,cruise1st,,https://cruise1st.com.au/,301,text,true,true,false,false,false,false,true,,,linkrestored,2025-09-23 16:41:54,2026-05-11 13:20:39,,,Article > Guide,Business > Marketing > Marketing; Internet > Web services > SEO and marketing,2
Sitemap | Cruise1st Blog,https://www.cruise1st.co.uk/blog/sitemap/,en,wordpress,200,35,0,43014,0,5,271,0,0,https://www.cruise1st.com.au/blog/cruising/25-things-you-have-to-do-on-a-new-zealand-cruise/,,25 Things You Have to Do on a New Zealand Cruise,,,,text,false,true,false,false,false,false,true,removedfromhtml,,linkrestored,2025-07-11 20:50:17,2026-04-15 13:10:01,2026-05-06 12:59:55,,Listing collection > Location,Travel > Specialty travel > Luxury travel,1
How to Test Your Website’s SEO on Google – Can Patients Find You? – NEXIOE,https://nexioe.com/how-to-test-your-websites-seo-on-google-can-patients-find-you/,en,wordpress,200,28,0,0,10,5473,6535,0,0,https://www.cruise1st.com.au/,,cruise1st,,https://cruise1st.com.au/,301,text,true,false,false,false,false,false,true,,,linkrestored,2024-10-16 11:22:21,2026-04-29 16:01:26,,,Article > How-to,Internet > Web services > SEO and marketing; Business > Marketing > Marketing; Health,1
Sitemap | Cruise1st Blog,https://www.cruise1st.co.uk/blog/sitemap/,en,wordpress,200,35,0,43014,0,5,271,0,0,https://www.cruise1st.com.au/blog/cruise-tips/food-drink/cruise-experts-favourite-dining-experiences/,,Cruise Enthusiasts Share Their Favourite Onboard Dining Experiences,,,,text,false,true,false,false,false,false,true,removedfromhtml,,linkrestored,2025-07-11 20:50:17,2026-04-15 13:10:01,2026-05-06 12:59:55,,Listing collection > Location,Travel > Specialty travel > Luxury travel,1
Directory website list 690 – Marketing Pro 719 | Elite Rank Directory,https://eliterankdirectory.com/directory-website-list-690-marketing-pro-719/,en,wordpress,200,0,0,0,0,5207,6927,0,0,https://www.cruise1st.com.au/,,cruise1st,,https://cruise1st.com.au/,301,text,true,false,false,false,false,false,true,,,pagefound,2026-01-22 08:35:42,2026-05-01 09:07:13,,,Listing collection > Business,Business > Marketing > Marketing; Internet > Web services,2
Sitemap | Cruise1st Blog,https://www.cruise1st.co.uk/blog/sitemap/,en,wordpress,200,35,0,43014,0,5,271,0,0,https://www.cruise1st.com.au/blog/cruise-tips/onboard-facilities/the-first-time-cruisers-guide-to-onboard-etiquette/,,The First-Time Cruiser’s Guide to Onboard Etiquette,,,,text,false,true,false,false,false,false,true,removedfromhtml,,linkrestored,2025-07-11 20:50:17,2026-04-15 13:10:01,2026-05-06 12:59:55,,Listing collection > Location,Travel > Specialty travel > Luxury travel,1
Directory website list 1976 – Business Growth 953 | Power link Directory,https://powerlinkdirectory.com/directory-website-list-1976-business-growth-953/,en,wordpress,200,13,0,0,0,5393,7158,0,0,https://www.cruise1st.com.au/,,cruise1st.com.au,,https://cruise1st.com.au/,301,text,true,false,false,false,false,false,true,,,linkrestored,2025-10-06 14:55:36,2026-05-09 00:25:53,,,Listing collection > Business,Business > Business services > Consulting; Internet,1
"10 surprising river cruises around the world | Glen Innes Examiner | Glen Innes, NSW",https://www.gleninnesexaminer.com.au/story/8524019/10-surprising-river-cruises-around-the-world/,en,,200,32,0,407,0,24,26,0,0,https://www.cruise1st.com.au/,river and rail; check out deals from Cruise Express and,Cruise1st,. Independent travellers can also plan Eurostar or Eurail holidays,,,text,false,true,false,false,false,false,true,,,pagefound,2026-04-12 23:07:38,2026-05-06 03:22:52,,Louise Goldsbury,,,1
Passport & Visa Requirements for Cruises | Cruise1st,https://cruise1stau.site.traveltek.net/faq/passportandvisas,en,,200,44,0,680,0,4,132,0,0,https://www.cruise1st.com.au/cruise-lines/cunard,,Cunard,,,,text,false,false,false,false,false,false,true,,,pagefound,2025-08-06 05:55:24,2026-03-14 18:25:09,,,,,1
What Is Inside a High-Quality Burst Authority Link Package for Insurtech? I Opened 5 Different Packages and Graded Every Link — RankLinkX — Precision Backlinks for Brands That Play to Win.,https://ranklinkx.shop/pqgmysm-6-month-blogroll-link-experiment-proptech-final-verdict-worth-buying-competitive/,en,,200,0,0,0,0,7939,8811,0,0,https://www.cruise1st.com.au/,,No-Risk Strategic Guest Posts + High-TF Dofollow Backlinks for cruise1st.com.au — Majestic Trust Flow TF • Ahrefs Domain Rating DR • Moz Domain Authority DA Guaranteed — Permanent Top Google Rankings — Local & Global • Any Niche • Any Language,,https://cruise1st.com.au/,301,text,false,false,true,false,false,false,true,,,linkfound,2026-05-08 21:28:18,2026-05-08 21:28:18,,,Article > Guide,Internet > Web services > SEO and marketing; Business > Marketing > Marketing,1
Data-Driven Social Media Campaigns for Targeted E-Commerce Growth | Web Hub Sites,https://webhubsites.com/data-driven-social-media-campaigns-for-targeted-e-commerce-growth/,en,wordpress,200,21,0,0,43,3205,4633,0,0,https://www.cruise1st.com.au/,,cruise1st,,https://cruise1st.com.au/,301,text,true,true,false,false,false,true,true,,,linkrestored,2024-12-14 14:06:10,2026-04-21 15:20:25,,,Article > Guide,Business > Retail trade > Technology; Internet > Web services > SEO and marketing; Shopping,1
Sitemap | Cruise1st Blog,https://www.cruise1st.co.uk/blog/sitemap/,en,wordpress,200,35,0,43014,0,5,271,0,0,https://www.cruise1st.com.au/blog/cruising/best-travel-quotes-from-historys-greatest-authors/,,The Best Travel Quotes from History’s Greatest Authors,,,,text,false,true,false,false,false,false,true,removedfromhtml,,linkrestored,2025-07-11 20:50:17,2026-04-15 13:10:01,2026-05-06 12:59:55,,Listing collection > Location,Travel > Specialty travel > Luxury travel,1
Sitemap | Cruise1st Blog,https://www.cruise1st.co.uk/blog/sitemap/,en,wordpress,200,35,0,43014,0,5,271,0,0,https://www.cruise1st.com.au/blog/cruise-tips/cruise-line-alcohol-policies-know-the-rules-before-you-cruise/,,Cruise Line Alcohol Policies: Know the Rules Before You Cruise,,,,text,false,true,false,false,false,false,true,removedfromhtml,,linkrestored,2025-07-11 20:50:17,2026-04-15 13:10:01,2026-05-06 12:59:55,,Listing collection > Location,Travel > Specialty travel > Luxury travel,1
bestweddingdirectory.com | few of top websites | page no. 899,https://www.bestweddingdirectory.com/domain-list-899,en,,200,4.6,0,0,0,1103,2118,0,0,https://www.cruise1st.com.au/,,cruise1st.com.au,,"http://cruise1st.com.au/, https://cruise1st.com.au/","301, 301",text,true,true,true,false,false,false,true,,,linkrestored,2025-08-09 14:24:55,2026-04-03 10:29:50,,,Listing collection > Business,Society > Relationships > Marriage; Reference,2
Passport & Visa Requirements for Cruises | Cruise1st,https://cruise1stau.site.traveltek.net/faq/passportandvisas,en,,200,44,0,680,0,4,132,0,0,https://www.cruise1st.com.au/cruise-ship/diamond-princess,,Diamond Princess,,,,text,false,false,false,false,false,false,true,,,pagefound,2025-08-06 05:55:24,2026-03-14 18:25:09,,,,,1
Sitemap | Cruise1st Blog,https://www.cruise1st.co.uk/blog/sitemap/,en,wordpress,200,35,0,43014,0,5,271,0,0,https://www.cruise1st.com.au/blog/cruise-tips/5-cruise-myths/,,Top Five Cruising Myths,,,,text,false,true,false,false,false,false,true,removedfromhtml,,linkrestored,2025-07-11 20:50:17,2026-04-15 13:10:01,2026-05-06 12:59:55,,Listing collection > Location,Travel > Specialty travel > Luxury travel,1
Passport & Visa Requirements for Cruises | Cruise1st,https://cruise1stau.site.traveltek.net/faq/passportandvisas,en,,200,44,0,680,0,4,132,0,0,https://www.cruise1st.com.au/themecruises,,Themed Cruises,,https://www.cruise1st.com.au/cruises/themed-cruises,301,text,false,false,false,false,false,false,true,,,pagefound,2025-08-06 05:55:24,2026-03-14 18:25:09,,,,,2
Sitemap | Cruise1st Blog,https://www.cruise1st.co.uk/blog/sitemap/,en,wordpress,200,35,0,43014,0,5,271,0,0,https://www.cruise1st.com.au/blog/cruise-tips/food-drink/around-the-world-cocktails-origins-drinks/,,Around the World in 8 Cocktails: The Origins of Famous Mixed Drinks,,,,text,false,true,false,false,false,false,true,removedfromhtml,,linkrestored,2025-07-11 20:50:17,2026-04-15 13:10:01,2026-05-06 12:59:55,,Listing collection > Location,Travel > Specialty travel > Luxury travel,1
Sitemap | Cruise1st Blog,https://www.cruise1st.co.uk/blog/sitemap/,en,wordpress,200,35,0,43014,0,5,271,0,0,https://www.cruise1st.com.au/blog/cruising/families/5-tips-for-taking-your-young-kids-on-their-first-cruise-holiday/,,5 Tips For Taking Your Young Kids On Their First Cruise Holiday,,,,text,false,true,false,false,false,false,true,removedfromhtml,,linkrestored,2025-07-11 20:50:17,2026-04-15 13:10:01,2026-05-06 12:59:55,,Listing collection > Location,Travel > Specialty travel > Luxury travel,1
🔥 BHS Links – Hardcore Black Hat SEO – TG @bhs_links - bhs-links-growth.online,https://bhs-links-growth.online/egypt-17-07-2025/bhs-links-egypt-1/,"en, uk",,0,2.3,0,0,7,2325,3130,0,0,https://www.cruise1st.com.au/blog/activities-entertainment/which-cruise-ships-have-the-best-casinos/,,TG @BHS_LINKS - BEST SEO LINKS - https://t.me/bhs_links,,,,text,true,false,true,false,false,false,true,,tooold,pagefound,2025-07-17 20:41:17,2025-08-09 21:16:46,2026-04-20 07:07:06,,,,1
"Australian cruise season grows as coronavirus pushes ships out of hot zones | Katoomba, NSW",https://www.bluemountainsgazette.com.au/story/6653951/huge-cruise-deals-emerge-as-coronavirus-pushes-ships-south/,en,,200,61,0,2570,0,16,21,0,0,https://www.cruise1st.com.au/,,Cruise1st,is offering a 19-night roundtrip from Sydney to Hawaii. The,"http://cruise1st.com.au/, https://cruise1st.com.au/","301, 301",text,false,true,false,false,false,false,true,,,linkrestored,2025-03-01 21:25:24,2026-05-08 15:21:40,,Bernadette Chua,,,1
Sitemap | Cruise1st Blog,https://www.cruise1st.co.uk/blog/sitemap/,en,wordpress,200,35,0,43014,0,5,271,0,0,https://www.cruise1st.com.au/blog/news/everything-need-know-new-zealand-cruise/,,Everything You Need to Know for Your New Zealand Cruise,,,,text,false,true,false,false,false,false,true,removedfromhtml,,linkrestored,2025-07-11 20:50:17,2026-04-15 13:10:01,2026-05-06 12:59:55,,Listing collection > Location,Travel > Specialty travel > Luxury travel,1
Sitemap | Cruise1st Blog,https://www.cruise1st.co.uk/blog/sitemap/,en,wordpress,200,35,0,43014,0,5,271,0,0,https://www.cruise1st.com.au/blog/cruise-tips/how-to-get-the-most-out-of-a-shore-excursion/,,How to Get the Most Out of a Shore Excursion,,,,text,false,true,false,false,false,false,true,removedfromhtml,,linkrestored,2025-07-11 20:50:17,2026-04-15 13:10:01,2026-05-06 12:59:55,,Listing collection > Location,Travel > Specialty travel > Luxury travel,1
Passport & Visa Requirements for Cruises | Cruise1st,https://cruise1stau.site.traveltek.net/faq/passportandvisas,en,,200,44,0,680,0,4,132,0,0,https://www.cruise1st.com.au/cruises/long-cruises,,Long Cruises,,,,text,false,false,false,false,false,false,true,,,pagefound,2025-08-06 05:55:24,2026-03-14 18:25:09,,,,,1
Most Visited website list 1976 | Best Busniess Directory,https://bestbusniessdirectory.com/most-visited-website-list-1976/,en,wordpress,200,27,0,0,0,5400,7226,0,0,https://www.cruise1st.com.au/,,cruise1st.com.au,,https://cruise1st.com.au/,301,text,true,false,false,false,false,false,true,,,linkrestored,2025-10-09 01:09:55,2026-04-28 10:22:08,,,Listing collection > Business,Business > Business services > Consulting; Internet > Web services > Development; Reference > Listings > Business,1
"TELEGRAM @SEO_ANOMALY - SEO BACKLINKS, BLACK-LINKS, TRAFFIC BOOST, LINK INDEXING - seo-anomaly-fusion.online",https://seo-anomaly-fusion.online/australia/seo-anomaly-au-1/,en,ecommerce,0,11,0,0,32,3444,5389,0,0,https://www.cruise1st.com.au/cruise-ship,,"TELEGRAM @SEO_ANOMALY - SEO BACKLINKS, BLACK-LINKS, TRAFFIC BOOST, LINK INDEXING",,https://www.cruise1st.com.au/cruise-ship/pacific-adventure,301,text,true,false,true,false,false,false,true,,tooold,pagefound,2025-05-19 09:13:59,2025-07-28 04:23:55,2026-04-11 00:33:06,,,,2
Stress Management Ideas – Finding Calm in a Busy World – dltech.forum,https://dltech.forum/stress-management-ideas-finding-calm-in-a-busy-world-2/,en,wordpress,200,43,0,0,0,2695,3583,0,0,https://www.cruise1st.com.au/,cruise-croatia.com.au cruise-russia.com.au,cruise1st.com.au,cruiseabout.com.au cruiseautomotive.com.au,https://cruise1st.com.au/,301,text,true,true,true,false,false,false,true,,,pagefound,2026-04-30 17:26:08,2026-04-30 17:26:08,,,,,2
"Before Discovering SEOExpress.org, I Spent Years on Expensive Agencies That Didn't Deliver the Results Promised. Eventually, I Tried Their White-Hat Backlinks Service and In Just Eight Weeks, My Domain Authority Ramped Up from DA 15 to DA 48 and Leads Poured In at a Rate of Over One Hundred Per Month! Best Investment in SEO ★★★★★ 💎 — Shop In Frame",https://shop-inframe.shop/before-discovering-seoexpress-i-spent-years-on-expensive-agencies-that-didnt-deliver-the-results-promised-eventually-i-tried-their-white-hat-backlinks-service-and-in-only-eight-weeks-my,en,,200,28,0,0,36,5039,8497,0,0,https://www.cruise1st.com.au/,,There was a time when cruise1st.com.au wasn’t visible at all in Google searches until a friend recommended trying out SEOExpress.org’s local SEO strategies. Within weeks we moved up significantly: our visibility doubled and lead generation jumped by almost +120 per month—totally worth every penny spent! A small investment here goes such a long way 🎯,,https://cruise1st.com.au/,301,text,true,false,true,false,false,false,true,,,pagefound,2026-04-29 07:46:44,2026-04-29 07:46:44,,,Article > Story,Internet > Web services > SEO and marketing; Business > Marketing > Marketing,1
Passport & Visa Requirements for Cruises | Cruise1st,https://cruise1stau.site.traveltek.net/faq/passportandvisas,en,,200,44,0,680,0,4,132,0,0,https://www.cruise1st.com.au/cruises/rail-and-sail,,Rail and Sail,,,,text,false,false,false,false,false,false,true,,,pagefound,2025-08-06 05:55:24,2026-03-14 18:25:09,,,,,1
Data-Driven Social Media Campaigns for Targeted E-Commerce Growth | Soft Ranks,https://softranks.com/data-driven-social-media-campaigns-for-targeted-e-commerce-growth/,en,wordpress,200,20,0,0,28,3207,4637,0,0,https://www.cruise1st.com.au/,,cruise1st,,https://cruise1st.com.au/,301,text,true,true,false,false,false,true,true,,,linkrestored,2024-12-14 11:54:03,2026-04-21 04:53:06,,,Article > Guide,Business > Retail trade > Technology; Internet > Web services > SEO and marketing; Shopping,1
"Today: CHRISTMAS in the World, Dec 25, 2020",https://www.interalex.net/2020/12/christmas-in-world-dec-25-2020.html,en,,200,3.5,0,0,0,69,176,0,0,https://www.cruise1st.com.au/cruises/christmas-new-year-cruises,,Christmas Cruises 2020 - Exclusive Holiday Dealswww.cruise1st.com.au › cruises › christmas-new-year-c...,,,,text,false,false,false,false,false,false,true,,,pagefound,2020-12-26 04:01:34,2026-04-23 18:01:05,,,Article > Roundup,Entertainment > Events > Other; Society > Relationships; Travel > Tourist destinations,1
Simple SEO Tips For Your Website – ZLUTAG,https://zlutag.com/simple-seo-tips-for-your-website/,en,wordpress,200,30,0,0,0,5180,6951,0,0,https://www.cruise1st.com.au/,,cruise1st,,https://cruise1st.com.au/,301,text,true,false,false,false,false,false,true,,,linkrestored,2024-10-17 23:43:34,2026-04-28 09:56:10,,,Article > How-to,Internet > Web services > SEO and marketing,1
TestRU | Laguna Hotel,http://www.laguna.prodevia.lt/ru/testru/,ru,wordpress,200,23,0,0,0,4356,9993,0,0,http://www.cruise1st.com.au/,,last minute cruises,,,,text,false,false,true,false,false,false,true,,,linkfound,2026-04-01 15:06:38,2026-04-25 10:37:32,,,Article > News,Health > Medical services > Treatment centers; Travel > Accommodations > Other; News,1
"Cruise1St.com.au - анализ сайта, seo характеристики сайта - круисе1ст точка ком точка ау",https://prlog.ru/analysis/cruise1st.com.au,ru,,200,51,0,91,0,36,302,0,0,https://www.cruise1st.com.au/cruise-ship,,cruise1st.com.au/cruise-ship,,https://cruise1st.com.au/cruise-ship,301,text,false,true,true,false,false,false,true,,,linkrestored,2019-09-19 08:38:13,2026-04-25 11:20:27,,,,,1
6-Month Blogroll Link Experiment for Insurance — Final Verdict on Whether These Links Are Worth Buying in a Competitive Market — SEOLinkPro — The Link Building Experts Behind Top-Ranking Sites.,https://seolinkpro.shop/pqgmysm-guest-post-services-review-saas-tested-12-services-12-months-ranked-roi/,en,,200,0,0,0,0,7938,8811,0,0,https://www.cruise1st.com.au/,,No-Risk Premium Guest Posts + High-Quality Dofollow Backlinks for cruise1st.com.au — Ahrefs Domain Rating DR • Moz Domain Authority DA • Majestic Trust Flow TF Guaranteed — Dominate Google Search Results — Fast-Growing & Established Niches • Worldwide,,https://cruise1st.com.au/,301,text,false,false,true,false,false,false,true,,,pagefound,2026-05-07 12:30:44,2026-05-07 12:30:44,,,Article > Review,Internet > Web services > SEO and marketing; Business > Marketing > Marketing,1
Sitemap | Cruise1st Blog,https://www.cruise1st.co.uk/blog/sitemap/,en,wordpress,200,35,0,43014,0,5,271,0,0,https://www.cruise1st.com.au/blog/news/new-ships-news/msc-cruises-christens-msc-grandiosa/,,MSC Cruises Christens MSC Grandiosa,,,,text,false,true,false,false,false,false,true,removedfromhtml,,linkrestored,2025-07-11 20:50:17,2026-04-15 13:10:01,2026-05-06 12:59:55,,Listing collection > Location,Travel > Specialty travel > Luxury travel,1
Passport & Visa Requirements for Cruises | Cruise1st,https://cruise1stau.site.traveltek.net/faq/passportandvisas,en,,200,44,0,680,0,4,132,0,0,https://www.cruise1st.com.au/cruises/september-cruises,,September,,,,text,false,false,false,false,false,false,true,,,pagefound,2025-08-06 05:55:24,2026-03-14 18:25:09,,,,,1
Jim Eames - Author | Red Tail Reunions,https://www.redtailreunions.com/jim-eames-author,en,cms,200,0.4,0,1,0,5,6,0,0,https://www.cruise1st.com.au/,,je-courageintheskies.jpg,,,,image,false,true,false,false,false,false,true,,,pagefound,2022-05-01 18:58:52,2026-05-05 20:13:51,,,,,1
"TELEGRAM @SEO_ANOMALY - SEO BACKLINKS, BLACK-LINKS, TRAFFIC BOOST, LINK INDEXING - anomaly-seo-ashford.space",https://anomaly-seo-ashford.space/australia/seo-anomaly-au-1/,en,ecommerce,200,0,0,0,0,3502,5763,0,0,https://www.cruise1st.com.au/cruise-ship,,"TELEGRAM @SEO_ANOMALY - SEO BACKLINKS, BLACK-LINKS, TRAFFIC BOOST, LINK INDEXING",,https://www.cruise1st.com.au/cruise-ship/pacific-adventure,301,text,false,false,true,false,false,false,true,,,linkrestored,2026-02-16 06:26:33,2026-04-25 14:03:19,,,Site page > Services,Internet > Web services > SEO and marketing; Business > Marketing > Marketing,4
Sitemap | Cruise1st Blog,https://www.cruise1st.co.uk/blog/sitemap/,en,wordpress,200,35,0,43014,0,5,271,0,0,https://www.cruise1st.com.au/blog/cruise-ships/cruise-ship-guides/a-closer-look-at-disability-friendly-cruises/,,A Closer Look At Disability Friendly Cruises,,,,text,false,true,false,false,false,false,true,removedfromhtml,,linkrestored,2025-07-11 20:50:17,2026-04-15 13:10:01,2026-05-06 12:59:55,,Listing collection > Location,Travel > Specialty travel > Luxury travel,1
"Ranking Fast on Google and All Search Engines in 3 Weeks — Monthly SEO, High DA/DR/TF, PBN Support, Guest Posts — All Niches Allowed (Gambling Included) 24/7 Support — Visit SkylinkSEO.com – Manual Premium Links, Fast Results",https://backlinker.shop/49ohgcv-contact-to-us-and-get-offer-details-for-seo-ranking-fast/,en,wordpress,200,58,0,0,0,7932,8786,0,0,https://www.cruise1st.com.au/,,"Page-one plan for cruise1st.com.au: backlinks, guest posts; DR/DA/TF lift — all niches/languages. | Visit Skylinkseo.com for any Query",,https://cruise1st.com.au/,301,text,true,false,true,false,false,false,true,,,pagefound,2025-09-24 09:33:50,2026-04-16 21:22:44,,,Site page > Services,Internet > Search engines,1
Sitemap | Cruise1st Blog,https://www.cruise1st.co.uk/blog/sitemap/,en,wordpress,200,35,0,43014,0,5,271,0,0,https://www.cruise1st.com.au/blog/cruise-tips/onboard-facilities/6-hilarious-cruise-ship-complaints/,,6 Hilarious Cruise Ship Complaints,,,,text,false,true,false,false,false,false,true,removedfromhtml,,linkrestored,2025-07-11 20:50:17,2026-04-15 13:10:01,2026-05-06 12:59:55,,Listing collection > Location,Travel > Specialty travel > Luxury travel,1
Set Sail for Adventure: Discover 10-Night Cruises from Sydney to the Idyllic Pacific Islands,http://blogs.adsiduous.com/set-sail-for-adventure-discover-10-night-cruises-from-sydney-to-the-idyllic-pacific-islands/,en,,200,6,0,12,0,5,14,0,0,https://www.cruise1st.com.au/cruise/south-pacific-from-sydney-australia-with-the-carnival-adventure-18151959?selectedSail=18151970,,https://www.cruise1st.com.au/cruise,,,,text,true,false,false,false,false,false,true,,,pagefound,2025-10-06 08:37:22,2026-04-24 07:53:22,,Sydney Blunt,,,1
Passport & Visa Requirements for Cruises | Cruise1st,https://cruise1stau.site.traveltek.net/faq/passportandvisas,en,,200,44,0,680,0,4,132,0,0,https://www.cruise1st.com.au/cruise-ship/carnival-legend,,Carnival Legend,,,,text,false,false,false,false,false,false,true,,,pagefound,2025-08-06 05:55:24,2026-03-14 18:25:09,,,,,1
,https://rjl.neocities.org/,,,200,88,0,550176,0,48,84,0,0,https://www.cruise1st.com.au/,,Cruise 1st,,http://www.cruise1st.com.au/,301,text,false,true,false,false,false,false,true,,,pagefound,2026-04-24 01:49:47,2026-04-24 01:49:47,,,,,2
Passport & Visa Requirements for Cruises | Cruise1st,https://cruise1stau.site.traveltek.net/faq/passportandvisas,en,,200,44,0,680,0,4,132,0,0,https://www.cruise1st.com.au/cruises/may-cruises,,May,,,,text,false,false,false,false,false,false,true,,,pagefound,2025-08-06 05:55:24,2026-03-14 18:25:09,,,,,1
Sitemap | Cruise1st Blog,https://www.cruise1st.co.uk/blog/sitemap/,en,wordpress,200,35,0,43014,0,5,271,0,0,https://www.cruise1st.com.au/blog/cruise-tips/can-take-pet-cruise-holiday/,,Can You Take Your Pet on a Cruise Holiday?,,,,text,false,true,false,false,false,false,true,removedfromhtml,,linkrestored,2025-07-11 20:50:17,2026-04-15 13:10:01,2026-05-06 12:59:55,,Listing collection > Location,Travel > Specialty travel > Luxury travel,1
Directory website list 690 | Backlinks Directory hub,https://backlinksdirectoryhub.com/directory-website-list-690/,,wordpress,404,14,0,0,0,5147,6749,0,0,https://www.cruise1st.com.au/,,cruise1st,,https://cruise1st.com.au/,301,text,true,false,false,false,false,false,true,notfound,,pagefound,2025-09-20 13:21:43,2025-10-10 23:55:37,2026-04-29 02:25:47,,,,2
🔥 BHS Links – Hardcore Black Hat SEO – TG @bhs_links - bhs-links-boost.online,https://bhs-links-boost.online/egypt-17-07-2025/bhs-links-egypt-1/,"en, uk",,0,2,0,0,7,2322,3100,0,0,https://www.cruise1st.com.au/blog/activities-entertainment/which-cruise-ships-have-the-best-casinos/,,TG @BHS_LINKS - BEST SEO LINKS - https://t.me/bhs_links,,,,text,true,false,true,false,false,false,true,,tooold,pagefound,2025-07-17 19:24:49,2025-08-05 15:27:39,2026-04-15 07:36:20,,,,1
🔥 BHS Links – Hardcore Black Hat SEO – TG @bhs_links - bhs-links-finder.online,https://bhs-links-finder.online/egypt-17-07-2025/bhs-links-egypt-1/,"en, uk",,0,2.2,0,0,9,2325,3131,0,0,https://www.cruise1st.com.au/blog/activities-entertainment/which-cruise-ships-have-the-best-casinos/,,TG @BHS_LINKS - BEST SEO LINKS - https://t.me/bhs_links,,,,text,true,false,true,false,false,false,true,,tooold,pagefound,2025-07-22 18:58:40,2025-08-09 00:11:43,2026-04-16 15:46:06,,,,1
Most Visited website list 1976 | Marketing Hub Directory,https://marketinghubdirectoy.com/most-visited-website-list-1976/,en,wordpress,200,20,0,0,0,5403,7176,0,0,https://www.cruise1st.com.au/,,cruise1st.com.au,,https://cruise1st.com.au/,301,text,true,false,false,false,false,false,true,,,pagefound,2025-09-30 21:47:42,2026-05-10 11:27:58,,,Listing collection > Business,Business > Marketing > Marketing; Internet > Web services > SEO and marketing,1
Sitemap | Cruise1st Blog,https://www.cruise1st.co.uk/blog/sitemap/,en,wordpress,200,35,0,43014,0,5,271,0,0,https://www.cruise1st.com.au/blog/cruising/must-see-religious-sites-in-the-mediterranean/,,7 Must-See Religious Sites in the Mediterranean,,,,text,false,true,false,false,false,false,true,removedfromhtml,,linkrestored,2025-07-11 20:50:17,2026-04-15 13:10:01,2026-05-06 12:59:55,,Listing collection > Location,Travel > Specialty travel > Luxury travel,1
Directory website list 1976 | World Seo Directory,https://worldseodirectory.com/directory-website-list-1976/,en,wordpress,200,18,0,0,0,5399,7171,0,0,https://www.cruise1st.com.au/,,cruise1st.com.au,,https://cruise1st.com.au/,301,text,true,false,false,false,false,false,true,,,pagefound,2025-09-04 09:04:26,2026-05-06 20:15:25,,,Listing collection > Business,Business > Business services > Consulting; Internet > Search engines; Reference > Listings > Business,1
love.net.in | few of top websites | page no. 960,https://www.anganwadi.in/domain-list-960,"en, pt",,200,3.4,0,0,0,1054,2082,0,0,https://www.cruise1st.com.au/,,cruise1st.com.au,,"http://cruise1st.com.au/, https://cruise1st.com.au/","301, 301",text,true,true,true,false,false,false,true,,,pagefound,2026-03-23 19:58:44,2026-04-28 13:56:33,,,Listing collection > Business,Adult; Society > Relationships > Romance; Internet > Web services; Communities > Personals > Personals,1
mandakini.co.in | few of top websites | page no. 960,https://www.mandakini.co.in/domain-list-960,"en, pt",,200,5,0,0,1,1049,2075,0,0,https://www.cruise1st.com.au/,,cruise1st.com.au,,"http://cruise1st.com.au/, https://cruise1st.com.au/","301, 301",text,true,true,true,false,false,true,true,,,pagefound,2024-11-30 10:16:39,2026-03-13 23:31:32,,,Listing collection > Business,Internet > Web services > Analytics; Reference,1
Directory website list 690 | Seo Traffic Directory,https://seotrafficdirectory.com/directory-website-list-690/,en,wordpress,200,18,0,0,0,5214,6934,0,0,https://www.cruise1st.com.au/,,cruise1st,,https://cruise1st.com.au/,301,text,true,false,false,false,false,false,true,,,linkrestored,2025-09-30 07:02:20,2026-05-08 07:19:23,,,Listing collection > Business,Business > Business services > Consulting; Internet > Search engines; Reference > Listings > Business,2
Explore the Wonders of New Zealand on a 14-Day Cruise from Melbourne,http://blogs.adsiduous.com/explore-the-wonders-of-new-zealand-on-a-14-day-cruise-from-melbourne/,en,,200,6,0,12,0,7,13,0,0,https://www.cruise1st.com.au/cruises-from-melbourne-to-new-zealand,,Melbourne to New Zealand Cruise Deals & Options (Cruise1st),,,,text,true,true,false,false,false,false,true,,,pagefound,2026-04-13 17:14:04,2026-04-24 03:30:11,,Sydney Blunt,,,1
"@SEO_CARTEL IN TELEGRAM – SEO BACKLINKS, BULK LINK POSTING, BOOST SEO RANKING – HTTPS://T.ME/SEO_CARTEL – HG Tactical Firearms Training",https://hgtactical.net/seo-cartel-in-telegram-seo-backlinks-bulk-link-19/,en,wordpress,200,17,0,0,0,3060,4422,0,0,https://www.cruise1st.com.au/blog/activities-entertainment/which-cruise-ships-have-the-best-casinos/,,"@SEO_CARTEL IN TELEGRAM – SEO BACKLINKS, BULK LINK POSTING, BOOST SEO RANKING",,,,text,true,false,true,false,false,false,true,,,pagefound,2025-09-06 03:07:14,2026-03-30 11:31:40,,,Site page > Services,Internet > Web services > SEO and marketing; Business > Marketing > Marketing,1
10 surprising river cruises around the world | The Senior | Senior,https://www.thesenior.com.au/story/8524019/10-surprising-river-cruises-around-the-world/,en,,200,60,0,17199,0,17,19,0,0,https://www.cruise1st.com.au/,river and rail; check out deals from Cruise Express and,Cruise1st,. Independent travellers can also plan Eurostar or Eurail holidays,,,text,false,true,false,false,false,false,true,,,pagefound,2026-04-20 04:21:54,2026-04-20 04:21:54,,Louise Goldsbury,,,1
Visiting Las Islas Cies In Galicia,https://www.fourjandals.com/europe/las-islas-cies-galicia/,en,wordpress,200,12,0,1608,2,14,23,0,0,http://www.cruise1st.com.au/,,Spending the day sailing,past the mussel farms and old light houses standing sentry,,,text,false,true,false,false,false,false,true,,,pagefound,2022-11-01 12:29:05,2026-05-05 15:43:57,,,Article > Story,Travel > Tourist destinations > Islands,2
"10 surprising river cruises around the world | Central Western Daily | Orange, NSW",https://www.centralwesterndaily.com.au/story/8524019/10-surprising-river-cruises-around-the-world/,en,,200,55,0,16848,0,30,33,0,0,https://www.cruise1st.com.au/,river and rail; check out deals from Cruise Express and,Cruise1st,. Independent travellers can also plan Eurostar or Eurail holidays,,,text,false,true,false,false,false,false,true,,,pagefound,2026-04-12 20:16:53,2026-05-11 14:28:06,,Louise Goldsbury,,,1
"Before Discovering SEOExpress.org, I Spent Years on Expensive Agencies That Didn't Deliver the Results Promised. Eventually, I Tried Their White-Hat Backlinks Service and In Just Eight Weeks, My Domain Authority Ramped Up from DA 15 to DA 48 and Leads Poured In at a Rate of Over One Hundred Per Month! Best Investment in SEO ★★★★★ 💎 — Simply Web Shop",https://simplywebshop.shop/before-discovering-seoexpress-i-spent-years-on-expensive-agencies-that-didnt-deliver-the-results-promised-eventually-i-tried-their-white-hat-backlinks-service-and-in-only-eight-weeks-my,en,,200,28,0,0,30,5039,8490,0,0,https://www.cruise1st.com.au/,,There was a time when cruise1st.com.au wasn’t visible at all in Google searches until a friend recommended trying out SEOExpress.org’s local SEO strategies. Within weeks we moved up significantly: our visibility doubled and lead generation jumped by almost +120 per month—totally worth every penny spent! A small investment here goes such a long way 🎯,,https://cruise1st.com.au/,301,text,true,false,true,false,false,false,true,,,linkfound,2026-04-23 04:13:45,2026-04-23 04:13:45,,,Article > Story,Internet > Web services > SEO and marketing; Business > Marketing > Marketing,1
Sitemap | Cruise1st Blog,https://www.cruise1st.co.uk/blog/sitemap/,en,wordpress,200,35,0,43014,0,5,271,0,0,https://www.cruise1st.com.au/blog/cruise-tips/10-money-saving-tips-for-your-next-cruise-holiday/,,10 Money-Saving Tips for Your Next Cruise Holiday,,,,text,false,true,false,false,false,false,true,removedfromhtml,,linkrestored,2025-07-11 20:50:17,2026-04-15 13:10:01,2026-05-06 12:59:55,,Listing collection > Location,Travel > Specialty travel > Luxury travel,1
Sitemap | Cruise1st Blog,https://www.cruise1st.co.uk/blog/sitemap/,en,wordpress,200,35,0,43014,0,5,271,0,0,https://www.cruise1st.com.au/blog/cruise-tips/cruising-with-babies-and-small-children/,,Cruising with Babies and Small Children,,,,text,false,true,false,false,false,false,true,removedfromhtml,,linkrestored,2025-07-11 20:50:17,2026-04-15 13:10:01,2026-05-06 12:59:55,,Listing collection > Location,Travel > Specialty travel > Luxury travel,1
Most Visited website list 1948 | Website Brand Directory,https://webbranddirectory.com/most-visited-website-list-1948/,en,wordpress,200,24,0,0,0,5478,6538,0,0,https://www.cruise1st.com.au/,,cruise1st,,https://cruise1st.com.au/,301,text,true,false,false,false,false,false,true,,,linkfound,2026-04-24 07:16:21,2026-05-08 07:30:35,,,Listing collection > Business,Internet > Web services > Development; Business > Business services; Reference > Listings > Business,2
How I smuggled Diana out of Australia | Red Tail Reunions,https://www.redtailreunions.com/how-i-smuggled-diana,en,cms,200,0.4,0,1,0,5,6,0,0,https://www.cruise1st.com.au/,,How I smuggled Diana out of Australia_Page_1.jpg,,,,image,false,false,false,false,false,false,true,,,linkrestored,2022-05-01 18:09:44,2026-05-05 17:16:59,,,,,1
Directory website list 1948 | Pro listing Directory,https://prolistingdirectory.com/directory-website-list-1948/,en,wordpress,404,13,0,0,0,5372,6402,0,0,https://www.cruise1st.com.au/,,cruise1st,,https://cruise1st.com.au/,301,text,true,false,false,false,false,false,true,notfound,,pagefound,2025-09-27 04:34:37,2025-10-29 18:45:15,2026-04-17 03:06:29,,,,1
Sitemap | Cruise1st Blog,https://www.cruise1st.co.uk/blog/sitemap/,en,wordpress,200,35,0,43014,0,5,271,0,0,https://www.cruise1st.com.au/blog/activities-entertainment/11-of-the-best-water-slides-at-sea/,,11 of the Best Water Slides at Sea,,,,text,false,true,false,false,false,false,true,removedfromhtml,,linkrestored,2025-07-11 20:50:17,2026-04-15 13:10:01,2026-05-06 12:59:55,,Listing collection > Location,Travel > Specialty travel > Luxury travel,1
TG @LINKS_DEALER | BLACK HAT SEO SERVICES | MASS LINKS | HTTPS://T.ME/LINKS_DEALER | Ministère de la santé publique,http://www.sante.gov.mg/ministere-sante-publique/2026/01/05/tg-links-dealer-black-hat-seo-services-mass-links-2-6/,fr,wordpress,200,50,0,77,0,2306,3327,0,0,https://www.cruise1st.com.au/blog/cruise-tips/which-cruise-ships-have-the-best-casinos-2/,,TG @LINKS_DEALER | EFFECTIVE SEO LINKS FOR WWW.CRUISE1ST.COM.AU,,,,text,false,false,true,false,false,false,true,,,pagefound,2026-01-07 22:45:46,2026-05-10 06:27:28,,Andrisoa Lantoharivony,Site page > Services,Government > Government > Government contracting; Internet > Web services > Development,1
Most Visited website list 1976 | Link Point Directory,https://linkpointdirectory.com/most-visited-website-list-1976/,en,wordpress,200,57,0,0,0,5395,7161,0,0,https://www.cruise1st.com.au/,,cruise1st.com.au,,https://cruise1st.com.au/,301,text,true,false,false,false,false,false,true,,,linkrestored,2025-10-08 17:33:48,2026-05-09 18:35:16,,,Listing collection > Business,Internet > Web services > Development; Business > Business services > Consulting,1
"@SEO_CARTEL IN TELEGRAM – SEO BACKLINKS, BULK LINK POSTING, BOOST SEO RANKING – HTTPS://T.ME/SEO_CARTEL",https://datapointpos.com/blog/2025/09/02/seo-cartel-in-telegram-seo-backlinks-bulk-link-19/,en,wordpress,200,2.2,0,0,0,3050,4390,0,0,https://www.cruise1st.com.au/blog/activities-entertainment/which-cruise-ships-have-the-best-casinos/,,"@SEO_CARTEL IN TELEGRAM – SEO BACKLINKS, BULK LINK POSTING, BOOST SEO RANKING",,,,text,true,false,true,false,false,false,true,,,pagefound,2025-09-10 11:14:38,2026-03-14 03:01:48,,David De Coursy,Site page > Services,Internet > Web services > SEO and marketing; Business > Marketing > Marketing,1
Sitemap | Cruise1st Blog,https://www.cruise1st.co.uk/blog/sitemap/,en,wordpress,200,35,0,43014,0,5,271,0,0,https://www.cruise1st.com.au/blog/news/oceania-cruises-for-explorers-and-connoisseurs/,,Fascinating cruises for explorers and connoisseurs with Oceania Cruises,,,,text,false,true,false,false,false,false,true,removedfromhtml,,linkrestored,2025-07-11 20:50:17,2026-04-15 13:10:01,2026-05-06 12:59:55,,Listing collection > Location,Travel > Specialty travel > Luxury travel,1
"10 surprising river cruises around the world | Southern Cross | Junee, NSW",https://www.juneesoutherncross.com.au/story/8524019/10-surprising-river-cruises-around-the-world/,en,,200,31,0,3519,0,27,29,0,0,https://www.cruise1st.com.au/,river and rail; check out deals from Cruise Express and,Cruise1st,. Independent travellers can also plan Eurostar or Eurail holidays,,,text,false,true,false,false,false,false,true,,,pagefound,2026-04-12 23:17:44,2026-05-08 10:39:27,,Louise Goldsbury,,,1
Sitemap | Cruise1st Blog,https://www.cruise1st.co.uk/blog/sitemap/,en,wordpress,200,35,0,43014,0,5,271,0,0,https://www.cruise1st.com.au/blog/cruising/destinations/finding-the-perfect-beach/,,Your Guide to the Best Sands of Southeast Asia and Beyond,,,,text,false,true,false,false,false,false,true,removedfromhtml,,linkrestored,2025-07-11 20:50:17,2026-04-15 13:10:01,2026-05-06 12:59:55,,Listing collection > Location,Travel > Specialty travel > Luxury travel,1
Sitemap | Cruise1st Blog,https://www.cruise1st.co.uk/blog/sitemap/,en,wordpress,200,35,0,43014,0,5,271,0,0,https://www.cruise1st.com.au/blog/cruise-tips/the-best-adults-only-sun-decks-at-sea/,,The Best Adult's Only Sun Decks At Sea,,,,text,false,true,false,false,false,false,true,removedfromhtml,,linkrestored,2025-07-11 20:50:17,2026-04-15 13:10:01,2026-05-06 12:59:55,,Listing collection > Location,Travel > Specialty travel > Luxury travel,1
Sitemap | Cruise1st Blog,https://www.cruise1st.co.uk/blog/sitemap/,en,wordpress,200,35,0,43014,0,5,271,0,0,https://www.cruise1st.com.au/blog/category/cruising/,,Cruise Holidays,,,,text,false,true,false,false,false,false,true,removedfromhtml,,linkrestored,2025-07-11 20:50:17,2026-04-15 13:10:01,2026-05-06 12:59:55,,Listing collection > Location,Travel > Specialty travel > Luxury travel,1
"Cruise1St.com.au - анализ сайта, seo характеристики сайта - круисе1ст точка ком точка ау",https://prlog.ru/analysis/cruise1st.com.au,ru,,200,51,0,91,0,36,302,0,0,https://www.cruise1st.com.au/info/privacy,,//cruise1st.com.au/info/privacy,,"http://cruise1st.com.au/info/privacy, https://cruise1st.com.au/info/privacy","301, 301",text,false,true,true,false,false,false,true,,,linkrestored,2019-07-14 20:21:19,2026-04-25 11:20:27,,,,,1
Data-Driven Social Media Campaigns for Targeted E-Commerce Growth | Directory Cell,https://directorycell.com/data-driven-social-media-campaigns-for-targeted-e-commerce-growth/,en,wordpress,200,17,0,0,44,3202,4646,0,0,https://www.cruise1st.com.au/,,cruise1st,,https://cruise1st.com.au/,301,text,true,true,false,false,false,false,true,,,linkrestored,2024-12-14 19:18:33,2026-04-01 04:32:22,,,Article > Guide,Business > Retail trade > Technology; Internet > Web services > SEO and marketing,1
10 surprising river cruises around the world | Queensland Country Life | QLD,https://www.queenslandcountrylife.com.au/story/8524019/10-surprising-river-cruises-around-the-world/,en,,200,65,0,2856,0,26,35,0,0,https://www.cruise1st.com.au/,river and rail; check out deals from Cruise Express and,Cruise1st,. Independent travellers can also plan Eurostar or Eurail holidays,,,text,false,true,false,false,false,false,true,,,linkfound,2026-04-17 13:20:50,2026-04-25 17:15:54,,Louise Goldsbury,,,1
summary.co.in | few of top websites | page no. 960,https://www.summary.co.in/domain-list-960,"en, pt",,200,13,0,0,1,1053,2090,0,0,https://www.cruise1st.com.au/,,cruise1st.com.au,,"http://cruise1st.com.au/, https://cruise1st.com.au/","301, 301",text,true,true,true,false,false,true,true,,,linkrestored,2025-02-01 08:04:45,2026-04-13 08:29:10,,,Listing collection > Business,Internet > Web services > Analytics; Reference,1
"Cruise1St.com.au - анализ сайта, seo характеристики сайта - круисе1ст точка ком точка ау",https://prlog.ru/analysis/cruise1st.com.au,ru,,200,51,0,91,0,36,302,0,0,https://www.cruise1st.com.au/cruises/cruises-from-melbourne,,cruise1st.com.au/cruises/cruises-from-melbourne,,https://cruise1st.com.au/cruises/cruises-from-melbourne,301,text,false,true,true,false,false,false,true,,,linkrestored,2020-02-04 15:30:12,2026-04-25 11:20:27,,,,,1
"10 surprising river cruises around the world | The Observer | Coleambally, NSW",https://www.colypointobserver.com.au/story/8524019/10-surprising-river-cruises-around-the-world/,en,,200,13,0,5,0,27,29,0,0,https://www.cruise1st.com.au/,river and rail; check out deals from Cruise Express and,Cruise1st,. Independent travellers can also plan Eurostar or Eurail holidays,,,text,false,true,false,false,false,false,true,,,pagefound,2026-04-13 01:55:13,2026-05-11 01:36:29,,Louise Goldsbury,,,1
Passport & Visa Requirements for Cruises | Cruise1st,https://cruise1stau.site.traveltek.net/faq/passportandvisas,en,,200,44,0,680,0,4,132,0,0,https://www.cruise1st.com.au/cruise-ship/majestic-princess,,Majestic Princess,,,,text,false,false,false,false,false,false,true,,,pagefound,2025-08-06 05:55:24,2026-03-14 18:25:09,,,,,1
Sitemap | Cruise1st Blog,https://www.cruise1st.co.uk/blog/sitemap/,en,wordpress,200,35,0,43014,0,5,271,0,0,https://www.cruise1st.com.au/blog/cruise-tips/the-complete-guide-to-cruise-tipping/,,The Complete Guide to Cruise Tipping,,,,text,false,true,false,false,false,false,true,removedfromhtml,,linkrestored,2025-07-11 20:50:17,2026-04-15 13:10:01,2026-05-06 12:59:55,,Listing collection > Location,Travel > Specialty travel > Luxury travel,1
Royal Caribbean Cabins,https://deberry-betty9115.firebaseapp.com/royal-caribbean-cabins.html,,,200,87,0,553808,0,6,6,0,0,https://www.cruise1st.com.au/blog/wp-content/uploads/2015/04/royalcaribbean1948086-2-702x336.jpg,,Tips On Choosing The Perfect Cruise Ship Cabin Updated 2018,,,,image,false,false,false,false,false,false,true,,,pagefound,2023-03-24 00:12:03,2026-04-30 09:38:07,,,,,1
Sitemap | Cruise1st Blog,https://www.cruise1st.co.uk/blog/sitemap/,en,wordpress,200,35,0,43014,0,5,271,0,0,https://www.cruise1st.com.au/blog/activities-entertainment/dolphins-to-spot-on-a-cruise/,,Dolphins to Spot on a Cruise!,,,,text,false,true,false,false,false,false,true,removedfromhtml,,linkrestored,2025-07-11 20:50:17,2026-04-15 13:10:01,2026-05-06 12:59:55,,Listing collection > Location,Travel > Specialty travel > Luxury travel,1
Sitemap | Cruise1st Blog,https://www.cruise1st.co.uk/blog/sitemap/,en,wordpress,200,35,0,43014,0,5,271,0,0,https://www.cruise1st.com.au/blog/cruising/destinations/why-has-china-become-such-a-popular-cruise-destination/,,Why China Has Become a Popular Cruise Destination,,,,text,false,true,false,false,false,false,true,removedfromhtml,,linkrestored,2025-07-11 20:50:17,2026-04-15 13:10:01,2026-05-06 12:59:55,,Listing collection > Location,Travel > Specialty travel > Luxury travel,1
,http://papasearch.net/Michelin_Guide/MichelinGuide6.html,en,,200,16,0,0,0,2843,7625,0,0,https://www.cruise1st.com.au/blog/activities-entertainment/msc-bellissima-top-10/,,Top 10 Things to Do Aboard the MSC Bellissima - Cruise1st Blog,,,,text,true,true,false,false,false,false,true,,,linkrestored,2022-09-22 10:54:23,2026-04-29 04:18:22,,,Listing collection > Business,Food > Restaurants > Fine dining,1
"Cruise1st Australia - Cruise Agents | Find Itinerary, Deals, Jobs, News & More",https://www.cruisewhale.com/queensland/varsity-lakes/cruise-ship-partners/cruise1st-australia,en,,200,14,0,0,0,3,3,0,0,https://www.cruise1st.com.au/,,https://www.cruise1st.com.au/,,,,text,false,false,true,false,false,false,true,,,pagefound,2024-06-07 16:57:52,2026-02-15 20:28:11,,,,,1
"Barros: A Name Rooted in History, Culture, and Heritage – My Blog",https://marketingexperts.click/barros-a-name-rooted-in-history-culture-and-heritage/,en,wordpress,200,18,0,0,0,2797,3752,0,0,https://www.cruise1st.com.au/,cruise.com cruise1st.co.uk,cruise1st.com.au,cruise4two.com cruise800.com,https://cruise1st.com.au/,301,text,true,true,true,false,false,false,true,,,linkfound,2026-05-11 07:10:20,2026-05-11 07:10:20,,,,,2
Sitemap | Cruise1st Blog,https://www.cruise1st.co.uk/blog/sitemap/,en,wordpress,200,35,0,43014,0,5,271,0,0,https://www.cruise1st.com.au/blog/cruising/5-things-you-didnt-know-about-cruise-ship-cabins/,,5 Things You Didn't Know About Cruise Ship Cabins,,,,text,false,true,false,false,false,false,true,removedfromhtml,,linkrestored,2025-07-11 20:50:17,2026-04-15 13:10:01,2026-05-06 12:59:55,,Listing collection > Location,Travel > Specialty travel > Luxury travel,1
Passport & Visa Requirements for Cruises | Cruise1st,https://cruise1stau.site.traveltek.net/faq/passportandvisas,en,,200,44,0,680,0,4,132,0,0,https://www.cruise1st.com.au/info/site-map,| Terms & Conditions | Privacy |,Site Map,| Advice | Blog |,,,text,false,false,false,false,false,false,true,,,pagefound,2025-08-06 05:55:24,2026-03-14 18:25:09,,,,,1
Discover the Magic: A 10-Day Cruise Adventure from Sydney to Auckland,http://blogs.adsiduous.com/discover-the-magic-a-10-day-cruise-adventure-from-sydney-to-auckland/,en,,200,6,0,12,0,9,17,0,0,https://www.cruise1st.com.au/sydney-to-auckland-cruises,,Sydney to Auckland Cruise Listings (Multiple 10-Night Options,,,,text,true,true,false,false,false,false,true,,,pagefound,2026-04-13 17:15:28,2026-04-24 03:02:23,,Sydney Blunt,,,1
"10 surprising river cruises around the world | The Rural | Wagga Wagga, NSW",https://www.therural.com.au/story/8524019/10-surprising-river-cruises-around-the-world/,en,,200,38,0,4366,0,28,29,0,0,https://www.cruise1st.com.au/,river and rail; check out deals from Cruise Express and,Cruise1st,. Independent travellers can also plan Eurostar or Eurail holidays,,,text,false,true,false,false,false,false,true,,,linkfound,2026-05-06 14:27:21,2026-05-06 14:27:21,,Louise Goldsbury,,,1
Sitemap | Cruise1st Blog,https://www.cruise1st.co.uk/blog/sitemap/,en,wordpress,200,35,0,43014,0,5,271,0,0,https://www.cruise1st.com.au/blog/cruise-tips/need-to-know-disembarkation-day-cruises/,,What You Need to Know About Disembarkation Day on Cruises,,,,text,false,true,false,false,false,false,true,removedfromhtml,,linkrestored,2025-07-11 20:50:17,2026-04-15 13:10:01,2026-05-06 12:59:55,,Listing collection > Location,Travel > Specialty travel > Luxury travel,1
list467 | ICMSMT Conference,https://icmsmt.com/list467/,en,wordpress,200,24,0,0,0,5169,6931,0,0,https://www.cruise1st.com.au/,,cruise1st,,https://cruise1st.com.au/,301,text,true,false,false,false,false,false,true,,,linkrestored,2024-10-17 16:52:32,2026-05-10 21:48:45,,,Listing collection > Event,Society > Advocacy; Business > Business services > Corporate events; Internet; Jobs and education; Entertainment; Computers and electronics,1
Most Visited website list 1976 | Website Directory,https://websitedirectoy.com/most-visited-website-list-1976/,en,wordpress,200,18,0,0,0,5399,7251,0,0,https://www.cruise1st.com.au/,,cruise1st.com.au,,https://cruise1st.com.au/,301,text,true,false,false,false,false,false,true,,,linkrestored,2025-10-02 18:00:14,2026-03-11 06:41:35,,,Listing collection > Business,Business > Business services > Consulting; Internet > Web services > Development,1
Sitemap | Cruise1st Blog,https://www.cruise1st.co.uk/blog/sitemap/,en,wordpress,200,35,0,43014,0,5,271,0,0,https://www.cruise1st.com.au/blog/news/new-attractions/,,You must know these new attractions,,,,text,false,true,false,false,false,false,true,removedfromhtml,,linkrestored,2025-07-11 20:50:17,2026-04-15 13:10:01,2026-05-06 12:59:55,,Listing collection > Location,Travel > Specialty travel > Luxury travel,1
Australian cruise season grows as coronavirus pushes ships out of hot zones | Senior,https://www.thesenior.com.au/story/6653951/huge-cruise-deals-emerge-as-coronavirus-pushes-ships-south/,en,,200,60,0,17199,0,16,21,0,0,https://www.cruise1st.com.au/,,Cruise1st,is offering a 19-night roundtrip from Sydney to Hawaii. The,"http://cruise1st.com.au/, https://cruise1st.com.au/","301, 301",text,false,true,false,false,false,false,true,,,linkrestored,2024-08-30 11:35:44,2026-04-16 09:24:42,,Bernadette Chua,,,1
TG @LINKS_DEALER | BLACK HAT SEO SERVICES | MASS LINKS | HTTPS://T.ME/LINKS_DEALER – PARIWISATA KOTA KUPANG,https://disparkotkup.kupangkota.go.id/2025/09/08/tg-links-dealer-black-hat-seo-services-mass-links-12-3/,en,"ecommerce, wordpress",200,42,0,3899,0,2786,4480,0,0,https://www.cruise1st.com.au/cruise-ship/carnival-encounter,,TG @LINKS_DEALER | EFFECTIVE SEO LINKS FOR WWW.CRUISE1ST.COM.AU,,,,text,true,false,true,false,false,false,true,,,pagefound,2025-09-20 17:05:32,2026-05-09 12:18:28,,,Site page > Services,Travel > Tourist destinations > Gardens; Internet > Web services > Development; Business,2
Most Visited website list 690 | Most Ranking Directory,https://worldmarketingdirectoy.com/most-visited-website-list-690/,en,wordpress,200,18,0,0,0,5215,6934,0,0,https://www.cruise1st.com.au/,,cruise1st,,https://cruise1st.com.au/,301,text,true,false,false,false,false,false,true,,,linkrestored,2025-10-02 07:59:31,2026-05-05 18:44:20,,,Listing collection > Business,Internet > Web services > Analytics; Business > Business services > Consulting,2
🔥 BHS Links – Hardcore Black Hat SEO – TG @bhs_links - bhs-links-zone.online,https://bhs-links-zone.online/egypt-17-07-2025/bhs-links-egypt-1/,"en, uk",,0,2.2,0,0,8,2324,3129,0,0,https://www.cruise1st.com.au/blog/activities-entertainment/which-cruise-ships-have-the-best-casinos/,,TG @BHS_LINKS - BEST SEO LINKS - https://t.me/bhs_links,,,,text,true,false,true,false,false,false,true,,tooold,pagefound,2025-07-28 00:30:35,2025-08-10 10:53:54,2026-04-16 00:36:16,,,,1
Sitemap | Cruise1st Blog,https://www.cruise1st.co.uk/blog/sitemap/,en,wordpress,200,35,0,43014,0,5,271,0,0,https://www.cruise1st.com.au/blog/cruise-tips/which-cruise-ships-provide-dialysis/,,Which Cruise Ships Provide Dialysis?,,,,text,false,true,false,false,false,false,true,removedfromhtml,,linkrestored,2025-07-11 20:50:17,2026-04-15 13:10:01,2026-05-06 12:59:55,,Listing collection > Location,Travel > Specialty travel > Luxury travel,1
"10 surprising river cruises around the world | The Area News | Griffith, NSW",https://www.areanews.com.au/story/8524019/10-surprising-river-cruises-around-the-world/,en,,200,45,0,2109,0,28,30,0,0,https://www.cruise1st.com.au/,river and rail; check out deals from Cruise Express and,Cruise1st,. Independent travellers can also plan Eurostar or Eurail holidays,,,text,false,true,false,false,false,false,true,,,pagefound,2026-04-13 00:18:47,2026-05-06 11:16:20,,Louise Goldsbury,,,1
Sitemap | Cruise1st Blog,https://www.cruise1st.co.uk/blog/sitemap/,en,wordpress,200,35,0,43014,0,5,271,0,0,https://www.cruise1st.com.au/blog/cruise-tips/couples-guide-cruising-romance-adventure-sea/,,The Couples' Guide to Cruising: Romance and Adventure at Sea,,,,text,false,true,false,false,false,false,true,removedfromhtml,,linkrestored,2025-07-11 20:50:17,2026-04-15 13:10:01,2026-05-06 12:59:55,,Listing collection > Location,Travel > Specialty travel > Luxury travel,1
Directory website list 1976 | Link building directory,https://linkbuildingdirectory.com/directory-website-list-1976/,en,wordpress,404,14,0,0,0,5368,7159,0,0,https://www.cruise1st.com.au/,,cruise1st.com.au,,https://cruise1st.com.au/,301,text,true,false,false,false,false,false,true,notfound,,pagefound,2025-09-30 18:08:17,2025-10-17 06:29:55,2026-04-17 03:20:42,,,,1
How to Test Your Website’s SEO on Google – Can Patients Find You? – WEBGOZ,https://webgoz.com/how-to-test-your-websites-seo-on-google-can-patients-find-you/,en,wordpress,0,28,0,0,0,5337,6328,0,0,https://www.cruise1st.com.au/,,cruise1st,,https://cruise1st.com.au/,301,text,true,false,false,false,false,false,true,,tooold,pagefound,2024-12-15 15:28:40,2025-08-07 13:58:21,2026-04-12 04:37:15,,,,1
TG @LINKS_DEALER | BLACK HAT SEO SERVICES | MASS LINKS | HTTPS://T.ME/LINKS_DEALER - LetsFixIt,https://letsfixit.co.uk/diy/tg-links-dealer-black-hat-seo-services-mass-links-12-4/,en,"ecommerce, wordpress",200,22,0,0,0,2787,4429,0,0,https://www.cruise1st.com.au/cruise-ship/carnival-encounter,,TG @LINKS_DEALER | EFFECTIVE SEO LINKS FOR WWW.CRUISE1ST.COM.AU,,,,text,true,false,true,false,false,false,true,,,pagefound,2025-09-20 03:30:19,2026-05-08 10:24:21,,Cleo Brown,Listing > Service,Internet > Web services > SEO and marketing; Business > Marketing > Marketing,2
Sitemap | Cruise1st Blog,https://www.cruise1st.co.uk/blog/sitemap/,en,wordpress,200,35,0,43014,0,5,271,0,0,https://www.cruise1st.com.au/blog/cruise-tips/50-unmissable-sights-in-southeast-asia/,,50 Unmissable Sights in Southeast Asia,,,,text,false,true,false,false,false,false,true,removedfromhtml,,linkrestored,2025-07-11 20:50:17,2026-04-15 13:10:01,2026-05-06 12:59:55,,Listing collection > Location,Travel > Specialty travel > Luxury travel,1
Passport & Visa Requirements for Cruises | Cruise1st,https://cruise1stau.site.traveltek.net/faq/passportandvisas,en,,200,44,0,680,0,4,132,0,0,https://www.cruise1st.com.au/cruise-lines/virgin-voyages,,Virgin Voyages,,,,text,false,false,false,false,false,false,true,,,pagefound,2025-08-06 05:55:24,2026-03-14 18:25:09,,,,,1
Sitemap | Cruise1st Blog,https://www.cruise1st.co.uk/blog/sitemap/,en,wordpress,200,35,0,43014,0,5,271,0,0,https://www.cruise1st.com.au/blog/activities-entertainment/five-reasons-to-book-a-norwegian-cruise/,,Five Reasons to Book a Norwegian Cruise,,,,text,false,true,false,false,false,false,true,removedfromhtml,,linkrestored,2025-07-11 20:50:17,2026-04-15 13:10:01,2026-05-06 12:59:55,,Listing collection > Location,Travel > Specialty travel > Luxury travel,1
Passport & Visa Requirements for Cruises | Cruise1st,https://cruise1stau.site.traveltek.net/faq/passportandvisas,en,,200,44,0,680,0,4,132,0,0,https://www.cruise1st.com.au/cruises/july-cruises,,July,,,,text,false,false,false,false,false,false,true,,,pagefound,2025-08-06 05:55:24,2026-03-14 18:25:09,,,,,1
Sitemap | Cruise1st Blog,https://www.cruise1st.co.uk/blog/sitemap/,en,wordpress,200,35,0,43014,0,5,271,0,0,https://www.cruise1st.com.au/blog/activities-entertainment/3-places-ride-camel-next-cruise-holiday/,,3 Places to Ride a Camel On Your Next Cruise Holiday,,,,text,false,true,false,false,false,false,true,removedfromhtml,,linkrestored,2025-07-11 20:50:17,2026-04-15 13:10:01,2026-05-06 12:59:55,,Listing collection > Location,Travel > Specialty travel > Luxury travel,1
🔥 BHS Links – Hardcore Black Hat SEO – TG @bhs_links - bhs-links-tools.online,https://bhs-links-tools.online/egypt-17-07-2025/bhs-links-egypt-1/,"en, uk",,0,2,0,0,5,2325,3125,0,0,https://www.cruise1st.com.au/blog/activities-entertainment/which-cruise-ships-have-the-best-casinos/,,TG @BHS_LINKS - BEST SEO LINKS - https://t.me/bhs_links,,,,text,true,false,true,false,false,false,true,,tooold,pagefound,2025-08-01 00:19:49,2025-08-11 04:11:34,2026-04-18 06:26:32,,,,1
Passport & Visa Requirements for Cruises | Cruise1st,https://cruise1stau.site.traveltek.net/faq/passportandvisas,en,,200,44,0,680,0,4,132,0,0,https://www.cruise1st.com.au/destinations/bali,,Bali,,,,text,false,false,false,false,false,false,true,,,pagefound,2025-08-06 05:55:24,2026-03-14 18:25:09,,,,,1
"Cruise1St.com.au - анализ сайта, seo характеристики сайта - круисе1ст точка ком точка ау",https://prlog.ru/analysis/cruise1st.com.au,ru,,200,51,0,91,0,36,302,0,0,http://www.cruise1st.com.au/cruises/hawaii.phtml,,cruise1st.com.au/cruises/hawai...,,,,text,false,true,true,false,false,false,true,,,pagefound,2019-07-14 20:21:19,2026-04-25 11:20:27,,,,,1
Chloroplast — The Powerhouse of Photosynthesis – worldbusinesspromote,https://worldbusinesspromote.com/chloroplast-the-powerhouse-of-photosynthesis/,en,wordpress,200,24,0,0,0,2707,3533,0,0,https://www.cruise1st.com.au/,lescyranos gsmol,cruise1st,turbulencepod podcastlaunchpad,https://cruise1st.com.au/,301,text,true,true,true,false,false,false,true,,,pagefound,2026-04-04 04:32:45,2026-04-24 13:59:19,,,,,1
"10 surprising river cruises around the world | Katherine Times | Katherine, NT",https://www.katherinetimes.com.au/story/8524019/10-surprising-river-cruises-around-the-world/,en,,200,46,0,2091,0,18,20,0,0,https://www.cruise1st.com.au/,river and rail; check out deals from Cruise Express and,Cruise1st,. Independent travellers can also plan Eurostar or Eurail holidays,,,text,false,true,false,false,false,false,true,,,pagefound,2026-04-12 22:48:24,2026-05-08 08:53:57,,Louise Goldsbury,,,1
Trames. Michelle Knoblauch,http://www.linadavidov.com/publications/article.php3?id_article=42,fr,,200,4,0,0,0,1203,2515,0,0,https://www.cruise1st.com.au/,,last minute cruises,,http://www.cruise1st.com.au/,301,text,true,false,false,false,false,false,true,,,linkrestored,2021-12-16 00:06:44,2026-04-08 14:30:47,,,User content > Forum,Entertainment > Design; Books > Literary classics; Society,2
🔥 BHS Links – Hardcore Black Hat SEO – TG @bhs_links - bhs-links-trail.online,https://bhs-links-trail.online/egypt-17-07-2025/bhs-links-egypt-1/,"en, uk",,0,2.1,0,0,5,2325,3130,0,0,https://www.cruise1st.com.au/blog/activities-entertainment/which-cruise-ships-have-the-best-casinos/,,TG @BHS_LINKS - BEST SEO LINKS - https://t.me/bhs_links,,,,text,true,false,true,false,false,false,true,,tooold,pagefound,2025-07-29 22:06:08,2025-08-10 16:33:07,2026-04-16 20:29:46,,,,1
"Cruise1St.com.au - анализ сайта, seo характеристики сайта - круисе1ст точка ком точка ау",https://prlog.ru/analysis/cruise1st.com.au,ru,,200,51,0,91,0,36,302,0,0,http://www.cruise1st.com.au/cruiseships/diamond-princess.phtml,,cruise1st.com.au/cruiseships/d...,,,,text,false,true,true,false,false,false,true,,,pagefound,2019-07-14 20:21:19,2026-04-25 11:20:27,,,,,2
TG @LINKS_DEALER | BLACK HAT SEO SERVICES | MASS LINKS | HTTPS://T.ME/LINKS_DEALER – 911 Auto,https://www.911auto.it/web/tg-links-dealer-black-hat-seo-services-mass-links-12/,it,"ecommerce, wordpress",200,5,0,45,0,2789,4475,0,0,https://www.cruise1st.com.au/cruise-ship/carnival-encounter,,TG @LINKS_DEALER | EFFECTIVE SEO LINKS FOR WWW.CRUISE1ST.COM.AU,,,,text,true,false,true,false,false,false,true,,,pagefound,2026-02-16 03:29:14,2026-05-04 12:57:25,,,Site page > Services,Autos > Vehicle shopping > Retailers,3
"Before Discovering SEOExpress.org, I Spent Years on Expensive Agencies That Didn't Deliver the Results Promised. Eventually, I Tried Their White-Hat Backlinks Service and In Just Eight Weeks, My Domain Authority Ramped Up from DA 15 to DA 48 and Leads Poured In at a Rate of Over One Hundred Per Month! Best Investment in SEO ★★★★★ 💎 — SEO Express Space",https://seoexpress.space/before-discovering-seoexpress-i-spent-years-on-expensive-agencies-that-didnt-deliver-the-results-promised-eventually-i-tried-their-white-hat-backlinks-service-and-in-only-eight-weeks-my,en,,200,29,0,0,36,5041,8452,0,0,https://www.cruise1st.com.au/,,There was a time when cruise1st.com.au wasn’t visible at all in Google searches until a friend recommended trying out SEOExpress.org’s local SEO strategies. Within weeks we moved up significantly: our visibility doubled and lead generation jumped by almost +120 per month—totally worth every penny spent! A small investment here goes such a long way 🎯,,https://cruise1st.com.au/,301,text,true,false,true,false,false,false,true,,,linkfound,2026-04-22 16:38:14,2026-05-11 07:14:59,,,Article > Review,Internet > Web services > SEO and marketing; Business > Marketing > Marketing,1
Directory website list 1976 | Backlinks Directory hub,https://backlinksdirectoryhub.com/directory-website-list-1976/,en,wordpress,404,14,0,0,0,5357,7159,0,0,https://www.cruise1st.com.au/,,cruise1st.com.au,,https://cruise1st.com.au/,301,text,true,false,false,false,false,false,true,notfound,,pagefound,2025-09-26 14:09:56,2025-09-26 14:09:56,2026-04-21 21:40:04,,,,1
Relaxing Activities To Enjoy On Your Next Cruise - Life Begins At...,https://www.lifebeginsat.com.au/relaxing-activities-to-enjoy-on-your-next-cruise/,en,wordpress,404,23,0,0,0,10,14,0,0,http://www.cruise1st.com.au/,Cruise experts,Cruise1st Australia,recommend staying in a balcony stateroom for the ultimate in relaxing,,,text,false,true,false,false,false,false,true,notfound,,linkrestored,2018-09-26 04:43:10,2025-12-25 02:30:15,2026-04-28 22:37:39,,,,2
Sitemap | Cruise1st Blog,https://www.cruise1st.co.uk/blog/sitemap/,en,wordpress,200,35,0,43014,0,5,271,0,0,https://www.cruise1st.com.au/blog/cruising/celebrity-solstice-cruise-ship-guide/,,Celebrity Solstice cruise ship guide,,,,text,false,true,false,false,false,false,true,removedfromhtml,,linkrestored,2025-07-11 20:50:17,2026-04-15 13:10:01,2026-05-06 12:59:55,,Listing collection > Location,Travel > Specialty travel > Luxury travel,1
"Australian cruise season grows as coronavirus pushes ships out of hot zones | Mudgee, NSW",https://www.mudgeeguardian.com.au/story/6653951/huge-cruise-deals-emerge-as-coronavirus-pushes-ships-south/,en,,200,46,0,887,0,26,31,0,0,https://www.cruise1st.com.au/,,Cruise1st,is offering a 19-night roundtrip from Sydney to Hawaii. The,"http://cruise1st.com.au/, https://cruise1st.com.au/","301, 301",text,false,true,false,false,false,false,true,,,pagefound,2026-05-07 19:14:39,2026-05-07 19:14:39,,Bernadette Chua,,,1
Directory website list 1948 | high authority directory,https://highauthoritydirectory.com/directory-website-list-1948/,en,wordpress,200,17,0,0,0,5478,6544,0,0,https://www.cruise1st.com.au/,,cruise1st,,https://cruise1st.com.au/,301,text,true,false,false,false,false,false,true,,,linkrestored,2025-09-15 17:52:08,2026-05-07 18:04:44,,,Listing collection > Business,Business > Business services > Consulting; Reference > Listings > Business,2
TG @LINKS_DEALER | BLACK HAT SEO SERVICES | MASS LINKS | HTTPS://T.ME/LINKS_DEALER — Worldwide Studies,https://worldwide-studies.com/tg-links-dealer-black-hat-seo-services-mass-links-55/,fr,wordpress,200,19,0,66,0,2385,3227,0,0,https://www.cruise1st.com.au/blog/activities-entertainment/which-cruise-ships-have-the-best-casinos/,,TG @LINKS_DEALER | EFFECTIVE SEO LINKS FOR WWW.CRUISE1ST.COM.AU,,,,text,false,false,true,false,false,false,true,,,linkfound,2026-01-16 12:03:15,2026-01-16 12:03:15,,,Article > Guide,Jobs and education > Education > Study abroad; Business; Internet > Web services,2
silver spirit cruise cost,https://seifig.com/93dhxa/silver-spirit-cruise-cost,en,"ecommerce, wordpress",200,0,0,0,3,32,49,0,0,https://www.cruise1st.com.au/destinations/repositioning,minute cruise discounts on all cruise lines and cruise ships.,Repositioning Cruise Deals | Cruise1st | Cruise1st,Carnival Sunshine (formerly Carnival Destiny) is a cruise ship operated,,,text,true,true,false,false,false,true,true,,,pagefound,2022-12-02 23:15:23,2026-05-06 11:55:12,,,Article,Travel > Travel agencies > Vacation,1
Sitemap | Cruise1st Blog,https://www.cruise1st.co.uk/blog/sitemap/,en,wordpress,200,35,0,43014,0,5,271,0,0,https://www.cruise1st.com.au/blog/cruising/destinations/12-hours-hanoi/,,12 Hours in Hanoi,,,,text,false,true,false,false,false,false,true,removedfromhtml,,linkrestored,2025-07-11 20:50:17,2026-04-15 13:10:01,2026-05-06 12:59:55,,Listing collection > Location,Travel > Specialty travel > Luxury travel,1
"Cruise1st ▷ North Sydney opening hours 157-159 Walker Street, North Sydney, NSW, 2060 | FindOpen Australia",https://find-open.biz/north-sydney/cruise1st-397063,en,,200,21,0,0,0,4,5,0,0,https://www.cruise1st.com.au/,,Website icon Website,,,,image,false,false,false,false,false,false,true,,,pagefound,2026-02-08 16:40:15,2026-05-10 04:06:56,,,,,1
"@SEO_CARTEL IN TELEGRAM – SEO BACKLINKS, BULK LINK POSTING, BOOST SEO RANKING – HTTPS://T.ME/SEO_CARTEL – Systeck",http://systeckllc.com/2025/09/02/seo-cartel-in-telegram-seo-backlinks-bulk-link-19/,en,"ecommerce, wordpress",200,7,0,0,0,3054,4408,0,0,https://www.cruise1st.com.au/blog/activities-entertainment/which-cruise-ships-have-the-best-casinos/,,"@SEO_CARTEL IN TELEGRAM – SEO BACKLINKS, BULK LINK POSTING, BOOST SEO RANKING",,,,text,true,false,true,false,false,false,true,,,pagefound,2025-10-22 00:28:14,2026-04-12 13:56:18,,,Site page > Services,Internet > Web services > SEO and marketing; Business > Marketing > Marketing,1
Sitemap | Cruise1st Blog,https://www.cruise1st.co.uk/blog/sitemap/,en,wordpress,200,35,0,43014,0,5,271,0,0,https://www.cruise1st.com.au/blog/cruising/destinations/golden-triangle-the-best-of-india/,,Golden Triangle: The Best of India,,,,text,false,true,false,false,false,false,true,removedfromhtml,,linkrestored,2025-07-11 20:50:17,2026-04-15 13:10:01,2026-05-06 12:59:55,,Listing collection > Location,Travel > Specialty travel > Luxury travel,1
"Australian cruise season grows as coronavirus pushes ships out of hot zones | Orange, NSW",https://www.centralwesterndaily.com.au/story/6653951/huge-cruise-deals-emerge-as-coronavirus-pushes-ships-south/,en,,200,55,0,16848,0,28,34,0,0,https://www.cruise1st.com.au/,,Cruise1st,is offering a 19-night roundtrip from Sydney to Hawaii. The,"http://cruise1st.com.au/, https://cruise1st.com.au/","301, 301",text,false,true,false,false,false,false,true,,,linkrestored,2024-02-24 01:35:49,2026-05-10 17:58:26,,Bernadette Chua,,,1
Sitemap | Cruise1st Blog,https://www.cruise1st.co.uk/blog/sitemap/,en,wordpress,200,35,0,43014,0,5,271,0,0,https://www.cruise1st.com.au/blog/cruising/12-hours-in-fiji/,,12 Hours in Fiji,,,,text,false,true,false,false,false,false,true,removedfromhtml,,linkrestored,2025-07-11 20:50:17,2026-04-15 13:10:01,2026-05-06 12:59:55,,Listing collection > Location,Travel > Specialty travel > Luxury travel,1
Sitemap | Cruise1st Blog,https://www.cruise1st.co.uk/blog/sitemap/,en,wordpress,200,35,0,43014,0,5,271,0,0,https://www.cruise1st.com.au/blog/activities-entertainment/8-perfect-ways-to-spend-a-sea-day/,,8 Perfect Ways to Spend a Sea Day,,,,text,false,true,false,false,false,false,true,removedfromhtml,,linkrestored,2025-07-11 20:50:17,2026-04-15 13:10:01,2026-05-06 12:59:55,,Listing collection > Location,Travel > Specialty travel > Luxury travel,1
Why You Must Go on Your First Cruise This Year - Fancy Expeditions,https://www.fancyexpeditions.com/2014/03/21/must-go-first-cruise-year/,en,wordpress,200,0.9,0,0,0,13,19,0,0,http://www.cruise1st.com.au/,the full without running out of money! Take a look,here,for some great value for money deals.,,,text,false,true,false,false,false,false,true,,,pagefound,2019-09-13 00:32:18,2026-04-11 08:26:56,,,,,2
How to Test Your Website’s SEO on Google – Can Patients Find You? – DOTIQO,https://dotiqo.com/how-to-test-your-websites-seo-on-google-can-patients-find-you/,en,wordpress,0,28,0,0,0,5341,6334,0,0,https://www.cruise1st.com.au/,,cruise1st,,https://cruise1st.com.au/,301,text,true,false,false,false,false,false,true,,tooold,pagefound,2024-10-14 18:59:15,2025-08-11 03:24:09,2026-04-23 06:38:20,,,,1
Directory website list 690 – Marketing Pro 719 | Enter Prise Directory Hub,https://enterprisedirectoryhub.com/directory-website-list-690-marketing-pro-719/,en,wordpress,200,0.1,0,0,0,5217,6943,0,0,https://www.cruise1st.com.au/,,cruise1st,,https://cruise1st.com.au/,301,text,true,false,false,false,false,false,true,,,linkfound,2025-12-20 16:54:03,2026-05-03 19:32:59,,,Listing collection > Business,Business > Marketing > Marketing; Internet,2
"10 surprising river cruises around the world | Magnet | Eden, NSW",https://www.edenmagnet.com.au/story/8524019/10-surprising-river-cruises-around-the-world/,en,,200,41,0,212,0,25,31,0,0,https://www.cruise1st.com.au/,river and rail; check out deals from Cruise Express and,Cruise1st,. Independent travellers can also plan Eurostar or Eurail holidays,,,text,false,true,false,false,false,false,true,,,pagefound,2026-04-13 00:48:02,2026-05-05 04:25:14,,Louise Goldsbury,,,1
Directory website list 1948 | Semrush Directory,https://semrushdirectory.com/directory-website-list-1948/,en,wordpress,200,20,0,0,0,5479,6546,0,0,https://www.cruise1st.com.au/,,cruise1st,,https://cruise1st.com.au/,301,text,true,false,false,false,false,false,true,,,linkrestored,2025-09-26 11:14:58,2026-05-09 15:56:53,,,Listing collection > Business,Business > Business services > Consulting; Reference > Listings > Business; Society,2
Popular Cruise Operators Offering 3-Day Cruises from Sydney,http://blogs.adsiduous.com/popular-cruise-operators-offering-3-day-cruises-from-sydney/,en,,200,6,0,12,0,10,19,0,0,https://www.cruise1st.com.au/short-cruises-from-sydney,,https://www.cruise1st.com.au/short-cruises-from-sydney,,,,text,true,true,false,false,false,false,true,,,pagefound,2025-10-06 08:55:36,2026-04-28 06:58:03,,Sydney Blunt,,,1
Most Visited website list 690 | Sure Profits Coach,https://sureprofitscoach.com/most-visited-website-list-690/,en,wordpress,200,50,0,0,0,5211,6919,0,0,https://www.cruise1st.com.au/,,cruise1st,,https://cruise1st.com.au/,301,text,true,false,false,false,false,false,true,,,linkrestored,2025-12-22 05:43:41,2026-05-10 05:42:58,,,Listing collection > Business,Business > Business services > Consulting; Internet > Web services > Analytics,2
"TELEGRAM @SEO_ANOMALY | SEO BACKLINKS, PBN, TRAFFIC BOOST, LINK INDEXING | Montenegro | 11-02-2026 | anomaly-camaro.space",https://anomaly-camaro.space/montenegro-11-02-2026/seo-anomaly-montenegro-1/,en,,200,0,0,0,0,2392,3325,0,0,https://www.cruise1st.com.au/blog/cruise-tips/which-cruise-ships-have-the-best-casinos-2/,,"TELEGRAM @SEO_ANOMALY - SEO BACKLINKS, PBN, TRAFFIC BOOST, LINK INDEXING",,,,text,false,false,true,false,false,false,true,,,pagefound,2026-02-27 07:38:00,2026-04-21 04:24:46,,,Site page > Services,Internet > Web services > SEO and marketing; Business > Marketing > Marketing,2
Sitemap | Cruise1st Blog,https://www.cruise1st.co.uk/blog/sitemap/,en,wordpress,200,35,0,43014,0,5,271,0,0,https://www.cruise1st.com.au/blog/cruising/destinations/a-visual-guide-to-the-most-beautiful-ports-in-the-world/,,A Visual Guide to the Most Beautiful Ports in the World,,,,text,false,true,false,false,false,false,true,removedfromhtml,,linkrestored,2025-07-11 20:50:17,2026-04-15 13:10:01,2026-05-06 12:59:55,,Listing collection > Location,Travel > Specialty travel > Luxury travel,1
Agents (Do Not Use) - TravelPay Later,https://travelpaylater.com.au/agents22/,en,wordpress,200,4.7,0,64,0,136,222,0,0,https://www.cruise1st.com.au/,,https://www.cruise1st.com.au/,,,,text,false,true,false,false,false,false,true,,,linkrestored,2025-04-14 20:52:54,2026-05-05 16:33:38,,,,,1
Sitemap | Cruise1st Blog,https://www.cruise1st.co.uk/blog/sitemap/,en,wordpress,200,35,0,43014,0,5,271,0,0,https://www.cruise1st.com.au/blog/news/are-singles-cruises-the-next-internet-dating/,,Are Singles Cruises the Next Internet Dating?,,,,text,false,true,false,false,false,false,true,removedfromhtml,,linkrestored,2025-07-11 20:50:17,2026-04-15 13:10:01,2026-05-06 12:59:55,,Listing collection > Location,Travel > Specialty travel > Luxury travel,1
"Cruise1St.com.au - анализ сайта, seo характеристики сайта - круисе1ст точка ком точка ау",https://prlog.ru/analysis/cruise1st.com.au,ru,,200,51,0,91,0,36,302,0,0,https://www.cruise1st.com.au/cruise-lines/msc-cruises,,cruise1st.com.au/cruise-lines/msc-cruises,,https://cruise1st.com.au/cruise-lines/msc-cruises,301,text,false,true,true,false,false,false,true,,,linkrestored,2019-07-14 20:21:19,2026-04-25 11:20:27,,,,,1
Sitemap | Cruise1st Blog,https://www.cruise1st.co.uk/blog/sitemap/,en,wordpress,200,35,0,43014,0,5,271,0,0,https://www.cruise1st.com.au/blog/cruise-tips/ocean-or-river-cruise/,,Ocean vs. River Cruise: Which is Right for You?,,,,text,false,true,false,false,false,false,true,removedfromhtml,,linkrestored,2025-07-11 20:50:17,2026-04-15 13:10:01,2026-05-06 12:59:55,,Listing collection > Location,Travel > Specialty travel > Luxury travel,1
Sitemap | Cruise1st Blog,https://www.cruise1st.co.uk/blog/sitemap/,en,wordpress,200,35,0,43014,0,5,271,0,0,https://www.cruise1st.com.au/blog/activities-entertainment/enrichment-lectures-cruise-ships/,,What Are Enrichment Lectures on Cruise Ships?,,,,text,false,true,false,false,false,false,true,removedfromhtml,,linkrestored,2025-07-11 20:50:17,2026-04-15 13:10:01,2026-05-06 12:59:55,,Listing collection > Location,Travel > Specialty travel > Luxury travel,1
"Before Discovering SEOExpress.org, I Spent Years on Expensive Agencies That Didn't Deliver the Results Promised. Eventually, I Tried Their White-Hat Backlinks Service and In Just Eight Weeks, My Domain Authority Ramped Up from DA 15 to DA 48 and Leads Poured In at a Rate of Over One Hundred Per Month! Best Investment in SEO ★★★★★ 💎 — SEO High Ranking",https://theseohighranking.shop/before-discovering-seoexpress-i-spent-years-on-expensive-agencies-that-didnt-deliver-the-results-promised-eventually-i-tried-their-white-hat-backlinks-service-and-in-only-eight-weeks-my,en,,200,29,0,0,36,5041,8475,0,0,https://www.cruise1st.com.au/,,There was a time when cruise1st.com.au wasn’t visible at all in Google searches until a friend recommended trying out SEOExpress.org’s local SEO strategies. Within weeks we moved up significantly: our visibility doubled and lead generation jumped by almost +120 per month—totally worth every penny spent! A small investment here goes such a long way 🎯,,https://cruise1st.com.au/,301,text,true,false,true,false,false,false,true,,,linkfound,2026-05-10 00:33:33,2026-05-10 00:33:33,,,Article > Story,Internet > Web services > SEO and marketing; Business > Marketing > Marketing,1
"Before Discovering SEOExpress.org, I Spent Years on Expensive Agencies That Didn't Deliver the Results Promised. Eventually, I Tried Their White-Hat Backlinks Service and In Just Eight Weeks, My Domain Authority Ramped Up from DA 15 to DA 48 and Leads Poured In at a Rate of Over One Hundred Per Month! Best Investment in SEO ★★★★★ 💎 — Backlink",https://thebacklink.shop/before-discovering-seoexpress-i-spent-years-on-expensive-agencies-that-didnt-deliver-the-results-promised-eventually-i-tried-their-white-hat-backlinks-service-and-in-only-eight-weeks-my,en,,200,29,0,0,36,5041,8480,0,0,https://www.cruise1st.com.au/,,There was a time when cruise1st.com.au wasn’t visible at all in Google searches until a friend recommended trying out SEOExpress.org’s local SEO strategies. Within weeks we moved up significantly: our visibility doubled and lead generation jumped by almost +120 per month—totally worth every penny spent! A small investment here goes such a long way 🎯,,https://cruise1st.com.au/,301,text,true,false,true,false,false,false,true,,,linkfound,2026-05-09 21:58:01,2026-05-09 21:58:01,,,Article > Story,Internet > Web services > SEO and marketing; Business > Marketing > Marketing,1
Past Projects | A Critical Engagement,https://acriticalengagement.com/past-projects/,en,"ecommerce, wordpress",200,2.8,0,0,0,4042,9958,0,0,https://www.cruise1st.com.au/cruises/cruise-deals,Pingback:,last minute cruises from Sydney,,,,text,false,false,true,true,false,false,true,,,linkrestored,2025-08-01 07:13:02,2026-05-05 15:35:54,,,Article > Story,Health > Public health > Health policy; Society > Advocacy > Philanthropy,1
Sitemap | Cruise1st Blog,https://www.cruise1st.co.uk/blog/sitemap/,en,wordpress,200,35,0,43014,0,5,271,0,0,https://www.cruise1st.com.au/blog/activities-entertainment/wildlife-watching-what-will-you-see-on-the-high-seas/,,Wildlife Watching: What Will You See On the High Seas?,,,,text,false,true,false,false,false,false,true,removedfromhtml,,linkrestored,2025-07-11 20:50:17,2026-04-15 13:10:01,2026-05-06 12:59:55,,Listing collection > Location,Travel > Specialty travel > Luxury travel,1
10 surprising river cruises around the world | The Land | NSW,https://www.theland.com.au/story/8524019/10-surprising-river-cruises-around-the-world/,en,,200,70,0,3174,0,26,31,0,0,https://www.cruise1st.com.au/,river and rail; check out deals from Cruise Express and,Cruise1st,. Independent travellers can also plan Eurostar or Eurail holidays,,,text,false,true,false,false,false,false,true,,,linkfound,2026-04-12 22:57:27,2026-04-12 22:57:27,,Louise Goldsbury,,,1
🔥 BHS Links – Hardcore Black Hat SEO – TG @bhs_links - bhs-links-organic.online,https://bhs-links-organic.online/egypt-17-07-2025/bhs-links-egypt-1/,"en, uk",,0,2.1,0,0,9,2324,3127,0,0,https://www.cruise1st.com.au/blog/activities-entertainment/which-cruise-ships-have-the-best-casinos/,,TG @BHS_LINKS - BEST SEO LINKS - https://t.me/bhs_links,,,,text,true,false,true,false,false,false,true,,tooold,pagefound,2025-07-29 03:41:14,2025-08-07 19:11:50,2026-04-13 02:45:53,,,,1
Cruise1st Gift Voucher Gift Card Balance Check,https://gcb.today/au/gift-card-balance/cruise1st-gift-voucher,en,,200,21,0,875,0,10,47,0,0,https://www.cruise1st.com.au/faq/health-advice,... Insurance Information · Gift Vouchers · Frequently Asked Questions.,https://www.cruise1st.com.au/faq/health-advice,,,,text,false,true,true,false,false,false,true,,,pagefound,2025-12-15 15:45:16,2026-05-06 15:17:40,,Gift Card Balance Today,,,1
"Australian cruise season grows as coronavirus pushes ships out of hot zones | Wollongong, NSW",https://www.illawarramercury.com.au/story/6653951/huge-cruise-deals-emerge-as-coronavirus-pushes-ships-south/,en,,200,71,0,34818,0,22,28,0,0,https://www.cruise1st.com.au/,,Cruise1st,is offering a 19-night roundtrip from Sydney to Hawaii. The,"http://cruise1st.com.au/, https://cruise1st.com.au/","301, 301",text,false,true,false,false,false,false,true,,,linkrestored,2025-01-20 06:31:04,2026-05-08 19:24:49,,Bernadette Chua,,,1
fly cruise sydney to singapore,https://www.omniservices.com/toolso/u5w60i5/viewtopic.php?page=fly-cruise-sydney-to-singapore,en,,200,12,0,445,0,15,24,0,0,https://www.cruise1st.com.au/destinations/asia,& more! | The staff and crew were very friendly.,Asia Cruise Deals & Tour Packages - Cruise1st.com.au,The prices quoted on this website are usually for London,,,text,false,true,false,false,false,false,true,,,linkrestored,2025-01-21 12:25:33,2026-04-04 02:02:05,,,Listing collection > Location,Travel > Travel agencies > Vacation,1
Contact Us | Lowcard Mag,https://www.lowcardmag.com/contact-us/comment-page-76/,en,wordpress,200,28,0,94,0,43,60,0,0,http://www.cruise1st.com.au/cruises/cruises-from-brisbane,,cruises from Brisbane,,,,text,false,false,true,true,false,false,true,,,linkrestored,2018-02-22 07:02:03,2026-04-28 04:06:07,,,,,1
Most Visited website list 690 | Media Zone Directory,https://mediazonedirectory.com/most-visited-website-list-690/,en,wordpress,200,20,0,0,0,5218,6929,0,0,https://www.cruise1st.com.au/,,cruise1st,,https://cruise1st.com.au/,301,text,true,false,false,false,false,false,true,,,pagefound,2025-12-23 22:54:07,2026-04-27 18:00:21,,,Listing collection > Business,Internet > Web services > Development; Business > Business services; Entertainment; News,2
"10 surprising river cruises around the world | The Inverell Times | Inverell, NSW",https://www.inverelltimes.com.au/story/8524019/10-surprising-river-cruises-around-the-world/,en,,200,37,0,684,0,24,26,0,0,https://www.cruise1st.com.au/,river and rail; check out deals from Cruise Express and,Cruise1st,. Independent travellers can also plan Eurostar or Eurail holidays,,,text,false,true,false,false,false,false,true,,,pagefound,2026-04-30 08:50:24,2026-05-10 17:00:23,,Louise Goldsbury,,,1
Passport & Visa Requirements for Cruises | Cruise1st,https://cruise1stau.site.traveltek.net/faq/passportandvisas,en,,200,44,0,680,0,4,132,0,0,https://www.cruise1st.com.au/cruise-ship/msc-bellissima,,MSC Bellissima,,,,text,false,false,false,false,false,false,true,,,pagefound,2025-08-06 05:55:24,2026-03-14 18:25:09,,,,,1
TG @LINKS_DEALER | BLACK HAT SEO SERVICES | MASS LINKS | HTTPS://T.ME/LINKS_DEALER – .nxt Jadeer,https://jadeer.dotnxt.om/tg-links-dealer-black-hat-seo-services-mass-links-55/,en,wordpress,200,10,0,1,0,2378,3206,0,0,https://www.cruise1st.com.au/blog/activities-entertainment/which-cruise-ships-have-the-best-casinos/,,TG @LINKS_DEALER | EFFECTIVE SEO LINKS FOR WWW.CRUISE1ST.COM.AU,,,,text,true,false,true,false,false,false,true,,,pagefound,2025-11-11 20:03:19,2026-01-14 17:32:26,,,Site page > Services,Internet > Web services > SEO and marketing; Games > Gambling > Sports betting,2
"Cruise1st Australia, Sydney 2060, Local business",http://www.place123.net/place/cruise1st-australia-sydney-192571484108787,en,,200,74,0,624,0,2,6,0,0,https://www.cruise1st.com.au/,Website:,www.cruise1st.com.au,,http://www.cruise1st.com.au/,301,text,false,true,true,false,false,false,true,,,pagefound,2022-06-30 13:07:09,2026-04-25 12:42:28,,,,,2
Directory website list 1948 | Prime Solo directory,https://primesolodirectory.com/directory-website-list-1948/,en,wordpress,200,18,0,0,0,5482,6568,0,0,https://www.cruise1st.com.au/,,cruise1st,,https://cruise1st.com.au/,301,text,true,false,false,false,false,false,true,,,linkrestored,2025-10-02 03:29:31,2026-05-11 05:07:29,,,Listing collection > Business,Business > Business services > Consulting; Reference > Listings > Business; Society,2
,https://dealsbysearch.com/experience-the-best-of-the-high-seas-a-three-day-cruise-adventure-from-melbourne,en,,200,0.4,0,0,0,8,10,0,0,https://www.cruise1st.com.au/3-day-cruises-from-melbourne,,https://www.cruise1st.com.au/3-day-cruises-from-melbourne,,,,text,false,true,false,false,false,false,true,,,pagefound,2025-11-17 08:16:30,2026-01-02 22:24:01,,,,,1
Sitemap | Cruise1st Blog,https://www.cruise1st.co.uk/blog/sitemap/,en,wordpress,200,35,0,43014,0,5,271,0,0,https://www.cruise1st.com.au/blog/cruise-lines/a-brief-history-of-australias-most-popular-cruise-line/,,A Brief History of Australia's Most Popular Cruise Line,,,,text,false,true,false,false,false,false,true,removedfromhtml,,linkrestored,2025-07-11 20:50:17,2026-04-15 13:10:01,2026-05-06 12:59:55,,Listing collection > Location,Travel > Specialty travel > Luxury travel,1
5 Travel Experiences You Haven’t Considered Yet — But Should!,https://bbmlive.com/5-travel-experiences-you-havent-considered-yet/,en,,200,44,0,798,0,13,17,0,0,https://www.cruise1st.com.au/,"cruising has shifted in recent years — as cruise specialists,",Crusie1st Australia,", explain:",,,text,false,true,false,false,false,false,true,,,linkrestored,2021-08-01 03:03:19,2026-04-27 18:20:47,,,,,1
Cruise1st Gift Voucher Gift Card Balance Check,https://gcb.today/au/gift-card-balance/cruise1st-gift-voucher,en,,200,21,0,875,0,10,47,0,0,https://www.cruise1st.com.au/cruises/christmas-new-year-cruises,To book a festive cruise call ☎ 1300 569 063,https://www.cruise1st.com.au/cruises/christmas-new-year-cruises,,,,text,false,true,true,false,false,false,true,,,pagefound,2025-12-15 15:45:16,2026-05-06 15:17:40,,Gift Card Balance Today,,,1
,https://www.google.com.au/goto?url=CAESawE7q4ylTJ0efb624-frexz-S0e06YGRGvejDi-xZYC9gRIk-KvHNFGnday3qsFyjkQ6aaAveCijLh1iW03Bw7Q1eJVsm3D9z_37E8EQlsvtKJAwb57-L7IN7ySseOmPn_DRbkVV8dnR_rqv,,,302,91,0,284727,0,1,1,0,0,https://www.cruise1st.com.au/cruises-from-fremantle,,,,,,redirect,false,false,false,false,false,false,true,,,linkfound,2026-04-16 04:08:49,2026-04-16 04:08:49,,,,,1
How to Behave on a Cruise with Kids,https://makingofamom.com/how-to-behave-on-a-cruise-with-kids/,en,wordpress,200,33,0,232,0,11,21,0,0,https://www.cruise1st.com.au/,"puts on. A lot of cruises, like those offered by",Cruise1st,", put on formal dinner events. Dressing the whole family",http://www.cruise1st.com.au/,301,text,false,true,true,false,false,false,true,,,pagefound,2024-11-19 04:22:18,2025-12-31 14:08:52,,,,,2
Most Visited website list 1948 | Click To Buy Directory,https://clicktobuydirectory.com/most-visited-website-list-1948/,en,wordpress,200,20,0,0,0,5482,6562,0,0,https://www.cruise1st.com.au/,,cruise1st,,https://cruise1st.com.au/,301,text,true,false,false,false,false,false,true,,,linkrestored,2025-09-26 11:26:22,2026-05-09 07:16:05,,,Listing collection > Business,Business > Business services; Internet > Web services; Reference > Listings > Business; Shopping > Shopping portals,2
Passport & Visa Requirements for Cruises | Cruise1st,https://cruise1stau.site.traveltek.net/faq/passportandvisas,en,,200,44,0,680,0,4,132,0,0,https://www.cruise1st.com.au/destinations,,View all destinations,,,,text,false,false,false,false,false,false,true,,,pagefound,2025-08-06 05:55:24,2026-03-14 18:25:09,,,,,1
Caribbean,https://www.semanticjuice.com/caribbean/,en,,200,29,0,0,0,33,69,0,0,https://www.cruise1st.com.au/destinations/mediterranean,,https://www.cruise1st.com.au/destinations/mediterranean,,,,image,true,true,false,false,false,false,true,,,pagefound,2024-08-13 14:23:59,2026-04-28 07:27:46,,,,,1
Top Cruises Departing Sydney in January 2027 | CruiseAway,https://www.cruiseaway.com.au/cruises-from-sydney-january-2027,en,wordpress,200,26,0,39805,0,9,11,0,0,https://www.cruise1st.com.au/short-cruises-from-sydney,,Short Cruises from Sydney,– Two to four nights for a cheeky long weekend,,,text,false,true,false,false,false,false,true,,,pagefound,2025-12-03 18:28:28,2026-04-23 11:42:48,,,,,1
Sitemap | Cruise1st Blog,https://www.cruise1st.co.uk/blog/sitemap/,en,wordpress,200,35,0,43014,0,5,271,0,0,https://www.cruise1st.com.au/blog/cruising/osaka-things-to-see-do/,,12 Hours in Osaka: What to See and Do,,,,text,false,true,false,false,false,false,true,removedfromhtml,,linkrestored,2025-07-11 20:50:17,2026-04-15 13:10:01,2026-05-06 12:59:55,,Listing collection > Location,Travel > Specialty travel > Luxury travel,1
"10 surprising river cruises around the world | Bay Post-Moruya Examiner | Batemans Bay, NSW",https://www.batemansbaypost.com.au/story/8524019/10-surprising-river-cruises-around-the-world/,en,,200,43,0,2267,0,24,27,0,0,https://www.cruise1st.com.au/,river and rail; check out deals from Cruise Express and,Cruise1st,. Independent travellers can also plan Eurostar or Eurail holidays,,,text,false,true,false,false,false,false,true,,,pagefound,2026-05-07 08:09:06,2026-05-07 08:09:06,,Louise Goldsbury,,,1
"Before Discovering SEOExpress.org, I Spent Years on Expensive Agencies That Didn't Deliver the Results Promised. Eventually, I Tried Their White-Hat Backlinks Service and In Just Eight Weeks, My Domain Authority Ramped Up from DA 15 to DA 48 and Leads Poured In at a Rate of Over One Hundred Per Month! Best Investment in SEO ★★★★★ 💎 — High SEO",https://highseo.shop/before-discovering-seoexpress-i-spent-years-on-expensive-agencies-that-didnt-deliver-the-results-promised-eventually-i-tried-their-white-hat-backlinks-service-and-in-only-eight-weeks-my,en,,200,28,0,0,35,5038,8497,0,0,https://www.cruise1st.com.au/,,There was a time when cruise1st.com.au wasn’t visible at all in Google searches until a friend recommended trying out SEOExpress.org’s local SEO strategies. Within weeks we moved up significantly: our visibility doubled and lead generation jumped by almost +120 per month—totally worth every penny spent! A small investment here goes such a long way 🎯,,https://cruise1st.com.au/,301,text,false,false,true,false,false,false,true,,,pagefound,2026-04-28 09:20:34,2026-04-28 09:56:16,,,Article > Story,Internet > Web services > SEO and marketing; Business > Marketing > Marketing,1
What Does Cruising Look Like in 2022? - Travel Monitor,https://www.travelmonitor.com.au/what-does-cruising-look-like-in-2022/,en,wordpress,200,38,0,731,0,10,13,0,0,https://www.cruise1st.com.au/,"UK for Dreamlines, which packages cruise holidays as CruiseAway and",Cruise1st,says that a number of cruise lines are now very,,,text,false,true,false,false,false,false,true,,,pagefound,2025-05-26 20:08:15,2026-05-07 16:51:14,,,,,1
Passport & Visa Requirements for Cruises | Cruise1st,https://cruise1stau.site.traveltek.net/faq/passportandvisas,en,,200,44,0,680,0,4,132,0,0,https://www.cruise1st.com.au/cruises/short-cruises,,Short Cruises,,,,text,false,false,false,false,false,false,true,,,pagefound,2025-08-06 05:55:24,2026-03-14 18:25:09,,,,,1
Simple SEO Tips For Your Website – YLUTAG,https://ylutag.com/simple-seo-tips-for-your-website/,en,wordpress,200,29,0,0,0,5184,6972,0,0,https://www.cruise1st.com.au/,,cruise1st,,https://cruise1st.com.au/,301,text,true,false,false,false,false,false,true,,,linkrestored,2024-10-18 03:29:01,2026-05-07 03:16:15,,,Article > How-to,Internet > Web services > SEO and marketing,1
Passport & Visa Requirements for Cruises | Cruise1st,https://cruise1stau.site.traveltek.net/faq/passportandvisas,en,,200,44,0,680,0,4,132,0,0,https://www.cruise1st.com.au/destinations/mediterranean,,Mediterranean,,,,text,false,false,false,false,false,false,true,,,pagefound,2025-08-06 05:55:24,2026-03-14 18:25:09,,,,,1
Directory website list 690 | Us Directory List,https://usdirectorylist.com/directory-website-list-690/,en,wordpress,200,24,0,0,0,5204,6914,0,0,https://www.cruise1st.com.au/,,cruise1st,,https://cruise1st.com.au/,301,text,true,false,false,false,false,false,true,,,linkrestored,2025-09-29 05:00:12,2026-04-29 22:06:35,,,Listing collection > Business,Business > Business services > Consulting; Reference > Listings > Business,2
Sitemap | Cruise1st Blog,https://www.cruise1st.co.uk/blog/sitemap/,en,wordpress,200,35,0,43014,0,5,271,0,0,https://www.cruise1st.com.au/blog/category/cruise-ships/,,Cruise Ships,,,,text,false,true,false,false,false,false,true,removedfromhtml,,linkrestored,2025-07-11 20:50:17,2026-04-15 13:10:01,2026-05-06 12:59:55,,Listing collection > Location,Travel > Specialty travel > Luxury travel,1
Explore the Beauty of New Zealand: 8-Day Cruise Adventure from Auckland to Wellington,http://blogs.adsiduous.com/explore-the-beauty-of-new-zealand-8-day-cruise-adventure-from-auckland-to-wellington/,en,,200,6,0,12,0,8,14,0,0,https://www.cruise1st.com.au/destinations/new-zealand,👉,New Zealand Cruise Packages (AU),,,,text,true,false,false,false,false,false,true,,,pagefound,2026-04-15 19:09:51,2026-04-26 11:05:28,,Sydney Blunt,,,1
Sitemap | Cruise1st Blog,https://www.cruise1st.co.uk/blog/sitemap/,en,wordpress,200,35,0,43014,0,5,271,0,0,https://www.cruise1st.com.au/blog/news/the-ultimate-guide-to-cruising-for-first-time-cruise-passengers/,,The Ultimate Guide to Cruising For First-Time Cruise Passengers (Updated 2018),,,,text,false,true,false,false,false,false,true,removedfromhtml,,linkrestored,2025-07-11 20:50:17,2026-04-15 13:10:01,2026-05-06 12:59:55,,Listing collection > Location,Travel > Specialty travel > Luxury travel,1
Sitemap | Cruise1st Blog,https://www.cruise1st.co.uk/blog/sitemap/,en,wordpress,200,35,0,43014,0,5,271,0,0,https://www.cruise1st.com.au/blog/cruising/families/can-i-cruise-while-im-pregnant/,,Can I Cruise While I’m Pregnant?,,,,text,false,true,false,false,false,false,true,removedfromhtml,,linkrestored,2025-07-11 20:50:17,2026-04-15 13:10:01,2026-05-06 12:59:55,,Listing collection > Location,Travel > Specialty travel > Luxury travel,1
Discover the Perfect Weekend Escape with 2 Night Cruise Packages from Brisbane,http://blogs.adsiduous.com/discover-the-perfect-weekend-escape-with-2-night-cruise-packages-from-brisbane/,en,,200,6,0,12,0,7,15,0,0,https://www.cruise1st.com.au/cruise/australia-from-brisbane-australia-with-the-crown-princess-17208457,,https://www.cruise1st.com.au/cruise/australia-from-brisbane-australia-with-the-crown-princess-17208457,,,,text,true,true,false,false,false,false,true,,,pagefound,2026-04-16 12:02:13,2026-04-26 10:01:41,,Sydney Blunt,,,1
Vale Ray Jeppesen | Red Tail Reunions,https://www.redtailreunions.com/vale-ray-jeppesen,en,cms,200,0.4,0,1,0,4,5,0,0,https://www.cruise1st.com.au/,,vale-rayjeppesen.png,,,,image,false,false,false,false,false,false,true,,,linkrestored,2022-07-27 01:03:02,2026-05-05 19:18:02,,,,,1
Passport & Visa Requirements for Cruises | Cruise1st,https://cruise1stau.site.traveltek.net/faq/passportandvisas,en,,200,44,0,680,0,4,132,0,0,https://www.cruise1st.com.au/cruises/august-cruises,,August,,,,text,false,false,false,false,false,false,true,,,pagefound,2025-08-06 05:55:24,2026-03-14 18:25:09,,,,,1
"Before Discovering SEOExpress.org, I Spent Years on Expensive Agencies That Didn't Deliver the Results Promised. Eventually, I Tried Their White-Hat Backlinks Service and In Just Eight Weeks, My Domain Authority Ramped Up from DA 15 to DA 48 and Leads Poured In at a Rate of Over One Hundred Per Month! Best Investment in SEO ★★★★★ 💎 — Top Ranking SEO",https://thetoprankingseo.shop/before-discovering-seoexpress-i-spent-years-on-expensive-agencies-that-didnt-deliver-the-results-promised-eventually-i-tried-their-white-hat-backlinks-service-and-in-only-eight-weeks-my,en,,200,29,0,0,36,5038,8463,0,0,https://www.cruise1st.com.au/,,There was a time when cruise1st.com.au wasn’t visible at all in Google searches until a friend recommended trying out SEOExpress.org’s local SEO strategies. Within weeks we moved up significantly: our visibility doubled and lead generation jumped by almost +120 per month—totally worth every penny spent! A small investment here goes such a long way 🎯,,https://cruise1st.com.au/,301,text,true,false,true,false,false,false,true,,,pagefound,2026-05-11 06:55:55,2026-05-11 06:55:55,,,Article > Story,Internet > Web services > SEO and marketing; Business > Marketing > Marketing,1
Trustify360 - Default Title,https://trustify360.com/company/110272/cruise1stcomau,en,,200,43,0,0,0,1,3,0,0,https://www.cruise1st.com.au/,,http://cruise1st.com.au,,"http://cruise1st.com.au/, https://cruise1st.com.au/","301, 301",text,true,false,false,false,false,false,true,,,linkrestored,2025-09-11 08:57:50,2026-04-23 13:45:10,,,,,1
Simple SEO Tips For Your Website – HOTFRI,https://hotfri.com/simple-seo-tips-for-your-website/,en,wordpress,200,30,0,0,11,5170,6938,0,0,https://www.cruise1st.com.au/,,cruise1st,,https://cruise1st.com.au/,301,text,true,false,false,false,false,true,true,,,linkrestored,2024-10-14 10:29:26,2026-04-28 14:31:14,,,Article > How-to,Internet > Web services > SEO and marketing,1
Sitemap | Cruise1st Blog,https://www.cruise1st.co.uk/blog/sitemap/,en,wordpress,200,35,0,43014,0,5,271,0,0,https://www.cruise1st.com.au/blog/cruising/australian-cruises/why-aussies-should-cruise-their-own-backyard/,,Why Aussies Should Cruise Their Own Backyard,,,,text,false,true,false,false,false,false,true,removedfromhtml,,linkrestored,2025-07-11 20:50:17,2026-04-15 13:10:01,2026-05-06 12:59:55,,Listing collection > Location,Travel > Specialty travel > Luxury travel,1
Passport & Visa Requirements for Cruises | Cruise1st,https://cruise1stau.site.traveltek.net/faq/passportandvisas,en,,200,44,0,680,0,4,132,0,0,https://www.cruise1st.com.au/cruise-ship/pacific-encounter,,Pacific Encounter,,,,text,false,false,false,false,false,false,true,,,pagefound,2025-08-06 05:55:24,2026-03-14 18:25:09,,,,,1
Directory website list 1976 | Smart Directory hub,https://smartdirectoryhub.com/directory-website-list-1976/,en,wordpress,200,19,0,0,0,5403,7181,0,0,https://www.cruise1st.com.au/,,cruise1st.com.au,,https://cruise1st.com.au/,301,text,true,false,false,false,false,false,true,,,linkrestored,2025-10-01 13:50:20,2026-05-09 14:12:09,,,Listing collection > Business,Business > Business services > Consulting; Internet > Web services; Reference > Listings > Business,1
Directory website list 1948 | Link building directory,https://linkbuildingdirectory.com/directory-website-list-1948/,en,wordpress,404,14,0,0,0,5375,6416,0,0,https://www.cruise1st.com.au/,,cruise1st,,https://cruise1st.com.au/,301,text,true,false,false,false,false,false,true,notfound,,pagefound,2025-10-01 05:45:22,2025-10-17 06:42:26,2026-04-17 03:22:45,,,,1
Passport & Visa Requirements for Cruises | Cruise1st,https://cruise1stau.site.traveltek.net/faq/passportandvisas,en,,200,44,0,680,0,4,132,0,0,https://www.cruise1st.com.au/destinations/singapore,,Singapore,,,,text,false,false,false,false,false,false,true,,,pagefound,2025-08-06 05:55:24,2026-03-14 18:25:09,,,,,1
Sitemap | Cruise1st Blog,https://www.cruise1st.co.uk/blog/sitemap/,en,wordpress,200,35,0,43014,0,5,271,0,0,https://www.cruise1st.com.au/blog/sitemap/,,Sitemap,,,,text,false,true,false,false,false,false,true,removedfromhtml,,linkrestored,2025-07-11 20:50:17,2026-04-15 13:10:01,2026-05-06 12:59:55,,Listing collection > Location,Travel > Specialty travel > Luxury travel,1
🍪 TELEGRAM @SALESOVEN | ACCESS TO HACKED SITES FOR SEO | HTTPS://T.ME/SALESOVEN 🔥 – 한국사이버신학대학,http://한국사이버신학대학교.kr/55389/,"en, ko",wordpress,200,1.1,0,0,0,2323,3362,0,0,https://www.cruise1st.com.au/blog/cruise-tips/which-cruise-ships-have-the-best-casinos-2/,,🍪 TELEGRAM @SALESOVEN | ACCESS TO HACKED SITES FOR SEO | HTTPS://T.ME/SALESOVEN 🔥,,,,text,true,false,true,false,false,false,true,,,pagefound,2026-01-20 07:12:35,2026-05-04 15:31:02,,,Article > Guide,Internet > Web services > SEO and marketing; Government > Legal; Jobs and education > Education,1
Passport & Visa Requirements for Cruises | Cruise1st,https://cruise1stau.site.traveltek.net/faq/passportandvisas,en,,200,44,0,680,0,4,132,0,0,https://www.cruise1st.com.au/cruises/january-cruises,,January,,,,text,false,false,false,false,false,false,true,,,pagefound,2025-08-06 05:55:24,2026-03-14 18:25:09,,,,,1
TG @LINKS_DEALER | BLACK HAT SEO SERVICES | MASS LINKS | HTTPS://T.ME/LINKS_DEALER | Medicina Alternativa,https://vanudenips.com/tg-links-dealer-black-hat-seo-services-mass-links-55/,"es, en","ecommerce, wordpress",302,8,0,21,0,2394,3273,0,0,https://www.cruise1st.com.au/blog/activities-entertainment/which-cruise-ships-have-the-best-casinos/,,TG @LINKS_DEALER | EFFECTIVE SEO LINKS FOR WWW.CRUISE1ST.COM.AU,,,,text,true,false,true,false,false,false,true,pageredirected,,pagefound,2025-10-07 05:15:53,2026-04-04 08:47:15,2026-04-30 03:59:09,,,,1
Data-Driven Social Media Campaigns for Targeted E-Commerce Growth | Stars Article,https://starsarticle.com/data-driven-social-media-campaigns-for-targeted-e-commerce-growth/,en,wordpress,200,17,0,0,44,3203,4658,0,0,https://www.cruise1st.com.au/,,cruise1st,,https://cruise1st.com.au/,301,text,true,true,false,false,false,false,true,,,linkrestored,2024-12-14 10:16:34,2026-04-03 02:40:59,,,Article > Guide,Business > Retail trade > Technology; Internet > Web services > SEO and marketing,1
Passport & Visa Requirements for Cruises | Cruise1st,https://cruise1stau.site.traveltek.net/faq/passportandvisas,en,,200,44,0,680,0,4,132,0,0,https://www.cruise1st.com.au/cruise-lines/celebrity-cruises,,Celebrity Cruises,,,,text,false,false,false,false,false,false,true,,,pagefound,2025-08-06 05:55:24,2026-03-14 18:25:09,,,,,1
Sitemap | Cruise1st Blog,https://www.cruise1st.co.uk/blog/sitemap/,en,wordpress,200,35,0,43014,0,5,271,0,0,https://www.cruise1st.com.au/blog/cruising/12-hours-napier-new-zealands-capital-art-deco/,,12 Hours in Napier: New Zealand’s Capital of Art Deco,,,,text,false,true,false,false,false,false,true,removedfromhtml,,linkrestored,2025-07-11 20:50:17,2026-04-15 13:10:01,2026-05-06 12:59:55,,Listing collection > Location,Travel > Specialty travel > Luxury travel,1
Directory website list 1948 | Weebly Directory,https://weeblydirectory.com/directory-website-list-1948/,en,wordpress,404,15,0,0,0,5370,6398,0,0,https://www.cruise1st.com.au/,,cruise1st,,https://cruise1st.com.au/,301,text,true,false,false,false,false,false,true,notfound,,pagefound,2025-08-31 13:02:39,2025-10-21 09:08:03,2026-04-20 21:49:34,,,,2
seourldirectory.com | few of top websites | page no. 955,http://www.seourldirectory.com/domain-list-955,,,0,0,0,0,0,1059,1980,0,0,https://www.cruise1st.com.au/,,cruise1st.com.au,,"http://cruise1st.com.au/, https://cruise1st.com.au/","301, 301",text,true,false,true,false,false,false,true,,tooold,linkfound,2025-08-08 03:28:45,2025-08-08 03:28:45,2026-04-11 10:42:34,,,,1
Sitemap | Cruise1st Blog,https://www.cruise1st.co.uk/blog/sitemap/,en,wordpress,200,35,0,43014,0,5,271,0,0,https://www.cruise1st.com.au/blog/news/event-cruises-when-the-stars-set-out-to-sea/,,Event Cruises – When The Stars Set Out To Sea,,,,text,false,true,false,false,false,false,true,removedfromhtml,,linkrestored,2025-07-11 20:50:17,2026-04-15 13:10:01,2026-05-06 12:59:55,,Listing collection > Location,Travel > Specialty travel > Luxury travel,1
"10 surprising river cruises around the world | Crookwell Gazette | Crookwell, NSW",https://www.crookwellgazette.com.au/story/8524019/10-surprising-river-cruises-around-the-world/,en,,200,34,0,221,0,22,25,0,0,https://www.cruise1st.com.au/,river and rail; check out deals from Cruise Express and,Cruise1st,. Independent travellers can also plan Eurostar or Eurail holidays,,,text,false,true,false,false,false,false,true,,,pagefound,2026-04-15 12:32:39,2026-05-07 16:01:17,,Louise Goldsbury,,,1
Anonym.es - free dereferer service,https://anonym.es/?http://cruise1st.com.au,"en, de",,200,51,0,0,1,1,3,0,0,https://www.cruise1st.com.au/,,http://cruise1st.com.au,,"http://cruise1st.com.au/, https://cruise1st.com.au/","301, 301",text,true,true,false,false,false,false,true,,,pagefound,2026-04-23 04:57:15,2026-04-23 04:57:15,,,Site page > Services,Internet > Web services > Other; Communities; Finance; Business,1
Sitemap | Cruise1st Blog,https://www.cruise1st.co.uk/blog/sitemap/,en,wordpress,200,35,0,43014,0,5,271,0,0,https://www.cruise1st.com.au/blog/cruise-tips/7-expert-tips-avoiding-queues-cruise/,,7 Expert Tips for Avoiding Queues on Your Cruise,,,,text,false,true,false,false,false,false,true,removedfromhtml,,linkrestored,2025-07-11 20:50:17,2026-04-15 13:10:01,2026-05-06 12:59:55,,Listing collection > Location,Travel > Specialty travel > Luxury travel,1
Directory website list 1948 – Keyword Power 357 | Business Listing Portal,https://businesslistingportal.com/directory-website-list-1948-keyword-power-357/,en,wordpress,200,3.4,0,0,0,5474,6545,0,0,https://www.cruise1st.com.au/,,cruise1st,,https://cruise1st.com.au/,301,text,true,false,false,false,false,false,true,,,linkfound,2025-12-23 12:33:03,2026-05-05 03:41:48,,,Listing collection > Business,Business > Business services > Consulting; Internet > Web services,2
Rate Cruise1st.com.au | Revaliew,https://revaliew.com/businesses/cruise1st.com.au/review,en,,200,2.8,0,0,0,4,5,0,0,https://www.cruise1st.com.au/,,Visit Website,,https://cruise1st.com.au/,301,text,true,false,true,false,false,false,true,,,pagefound,2025-08-09 22:19:58,2026-01-15 12:29:55,,,,,3
"Before Discovering SEOExpress.org, I Spent Years on Expensive Agencies That Didn't Deliver the Results Promised. Eventually, I Tried Their White-Hat Backlinks Service and In Just Eight Weeks, My Domain Authority Ramped Up from DA 15 to DA 48 and Leads Poured In at a Rate of Over One Hundred Per Month! Best Investment in SEO ★★★★★ 💎 — Guest Posts",https://theguestposts.shop/before-discovering-seoexpress-i-spent-years-on-expensive-agencies-that-didnt-deliver-the-results-promised-eventually-i-tried-their-white-hat-backlinks-service-and-in-only-eight-weeks-my,en,,200,28,0,0,30,5038,8492,0,0,https://www.cruise1st.com.au/,,There was a time when cruise1st.com.au wasn’t visible at all in Google searches until a friend recommended trying out SEOExpress.org’s local SEO strategies. Within weeks we moved up significantly: our visibility doubled and lead generation jumped by almost +120 per month—totally worth every penny spent! A small investment here goes such a long way 🎯,,https://cruise1st.com.au/,301,text,true,false,true,false,false,false,true,,,linkfound,2026-04-24 02:00:20,2026-04-24 02:00:20,,,Article > Story,Internet > Web services > SEO and marketing; Business > Marketing > Marketing,1
"10 surprising river cruises around the world | Dungog Chronicle | Dungog, NSW",https://www.dungogchronicle.com.au/story/8524019/10-surprising-river-cruises-around-the-world/,en,,200,36,0,151,0,26,28,0,0,https://www.cruise1st.com.au/,river and rail; check out deals from Cruise Express and,Cruise1st,. Independent travellers can also plan Eurostar or Eurail holidays,,,text,false,true,false,false,false,false,true,,,linkfound,2026-05-08 04:45:14,2026-05-08 04:45:14,,Louise Goldsbury,,,1
viewbook.in | few of top websites | page no. 960,https://www.viewbook.in/domain-list-960,en,,200,4.2,0,0,0,1066,2137,0,0,https://www.cruise1st.com.au/,,cruise1st.com.au,,"http://cruise1st.com.au/, https://cruise1st.com.au/","301, 301",text,true,true,true,false,false,false,true,,,linkrestored,2025-04-19 10:24:24,2026-05-08 04:40:30,,,Listing collection > Business,Internet > Web services > Development; Reference > Listings > Business; Business,2
Passport & Visa Requirements for Cruises | Cruise1st,https://cruise1stau.site.traveltek.net/faq/passportandvisas,en,,200,44,0,680,0,4,132,0,0,https://www.cruise1st.com.au/cruises/october-cruises,,October,,,,text,false,false,false,false,false,false,true,,,pagefound,2025-08-06 05:55:24,2026-03-14 18:25:09,,,,,1
Sitemap | Cruise1st Blog,https://www.cruise1st.co.uk/blog/sitemap/,en,wordpress,200,35,0,43014,0,5,271,0,0,https://www.cruise1st.com.au/blog/cruising/ideal-seasons-to-explore-popular-cruise-destinations/,,Ideal Seasons To Explore Popular Cruise Destinations,,,,text,false,true,false,false,false,false,true,removedfromhtml,,linkrestored,2025-07-11 20:50:17,2026-04-15 13:10:01,2026-05-06 12:59:55,,Listing collection > Location,Travel > Specialty travel > Luxury travel,1
Cruise1st Alternatives — Travel & Vacations B… | Brandswitch,https://www.brandswitch.co/au/brands-like/cruise1st,en,,200,0,0,0,0,8,27,0,0,https://www.cruise1st.com.au/,,C Cruise1st logo,,https://cruise1st.com.au/,301,image,true,false,false,false,false,false,true,,,linkfound,2026-05-10 10:26:22,2026-05-10 10:26:22,,,,,1
Directory website list 1948 – Keyword Power 357 | Power link Directory,https://powerlinkdirectory.com/directory-website-list-1948-keyword-power-357/,en,wordpress,200,13,0,0,0,5479,6552,0,0,https://www.cruise1st.com.au/,,cruise1st,,https://cruise1st.com.au/,301,text,true,false,false,false,false,false,true,,,linkrestored,2025-10-06 12:56:05,2026-05-10 18:37:37,,,Listing collection > Business,Business > Business services > Consulting; Internet > Search engines,2
Sitemap | Cruise1st Blog,https://www.cruise1st.co.uk/blog/sitemap/,en,wordpress,200,35,0,43014,0,5,271,0,0,https://www.cruise1st.com.au/blog/activities-entertainment/luxury-rail-journeys-going-beyond-the-port/,,Luxury Rail Journeys: Going Beyond the Port,,,,text,false,true,false,false,false,false,true,removedfromhtml,,linkrestored,2025-07-11 20:50:17,2026-04-15 13:10:01,2026-05-06 12:59:55,,Listing collection > Location,Travel > Specialty travel > Luxury travel,1
Passport & Visa Requirements for Cruises | Cruise1st,https://cruise1stau.site.traveltek.net/faq/passportandvisas,en,,200,44,0,680,0,4,132,0,0,https://www.cruise1st.com.au/cruise-ship/norwegian-jewel,,Norwegian Jewel,,,,text,false,false,false,false,false,false,true,,,pagefound,2025-08-06 05:55:24,2026-03-14 18:25:09,,,,,1
Passport & Visa Requirements for Cruises | Cruise1st,https://cruise1stau.site.traveltek.net/faq/passportandvisas,en,,200,44,0,680,0,4,132,0,0,https://www.cruise1st.com.au/info/about-us,| Advice | Blog |,About Us,,,,text,false,false,false,false,false,false,true,,,pagefound,2025-08-06 05:55:24,2026-03-14 18:25:09,,,,,1
toplist.co.in | few of top websites | page no. 960,https://www.toplist.co.in/domain-list-960,en,,200,14,0,0,1,1056,2086,0,0,https://www.cruise1st.com.au/,,cruise1st.com.au,,"http://cruise1st.com.au/, https://cruise1st.com.au/","301, 301",text,true,true,true,false,false,true,true,removedfromhtml,,linkrestored,2022-12-12 07:43:48,2026-03-03 06:56:06,2026-04-17 13:26:54,,Listing collection > Business,Internet > Web services > Development; Business > Business services > Other; Reference > Listings > Business,1
CRUISE GIANT INCREASES MEGASHIP ORDER,https://www.travpr.com/pr-29598-cruise-giant-increases-megaship-order.html,en,,200,26,0,226,0,5,8,0,0,http://www.cruise1st.com.au/cheap/deals.phtml,and offers on the Cruise1st.com.au site can be found here:,http://www.cruise1st.com.au/cheap/deals.phtml,,,,text,false,true,false,false,false,false,true,,,pagefound,2021-12-12 11:30:06,2026-04-11 07:32:43,,,,,2
Data-Driven Social Media Campaigns for Targeted E-Commerce Growth – A2Z SEO ARTICLES,https://a2zseoarticles.com/data-driven-social-media-campaigns-for-targeted-e-commerce-growth/,en,wordpress,200,30,0,0,96,3208,4645,0,0,https://www.cruise1st.com.au/,,cruise1st,,https://cruise1st.com.au/,301,text,true,true,false,false,false,false,true,,,linkrestored,2025-08-23 04:48:22,2026-05-11 10:47:09,,,Article > Guide,Business > Marketing > Marketing; Internet > Web services > SEO and marketing,2
feelfree.in | few of top websites | page no. 960,https://www.feelfree.in/domain-list-960,"en, pt",,200,8,0,0,0,1051,2075,0,0,https://www.cruise1st.com.au/,,cruise1st.com.au,,"http://cruise1st.com.au/, https://cruise1st.com.au/","301, 301",text,true,true,true,false,false,false,true,,,linkrestored,2022-12-16 10:28:51,2026-03-24 01:09:37,,,Listing collection > Business,Internet > Web services > Analytics; Reference,1
Cruise1st Reviews | Read 0 Customer Ratings of cruise1st.com.au | RatingFacts,https://ratingfacts.com/reviews/cruise1st.com.au,en,,200,40,0,245,0,2,3,0,0,https://www.cruise1st.com.au/,,cruise1st.com.au,,https://cruise1st.com.au/,301,text,false,false,true,false,false,false,true,,,pagefound,2025-12-22 09:02:59,2026-04-24 15:57:12,,,,,1
🍪 TELEGRAM @SALESOVEN | ACCESS TO HACKED SITES FOR SEO | HTTPS://T.ME/SALESOVEN 🔥 - Simplygaurav,http://www.simplygaurav.com/telegram-salesoven-access-to-hacked-sites-for-seo-24-7/,en,"ecommerce, wordpress",200,9,0,0,1,2324,3362,0,0,https://www.cruise1st.com.au/blog/cruise-tips/which-cruise-ships-have-the-best-casinos-2/,,🍪 TELEGRAM @SALESOVEN | ACCESS TO HACKED SITES FOR SEO | HTTPS://T.ME/SALESOVEN 🔥,,,,text,true,false,true,false,false,false,true,,,linkfound,2026-03-02 18:08:27,2026-04-24 23:06:21,,,Article > Guide,Internet > Web services > SEO and marketing,1
🔥 BHS Links – Hardcore Black Hat SEO – TG @bhs_links - bhs-links-ass.online,https://bhs-links-ass.online/egypt-17-07-2025/bhs-links-egypt-1/,"en, uk",,0,2.3,0,0,5,2325,3128,0,0,https://www.cruise1st.com.au/blog/activities-entertainment/which-cruise-ships-have-the-best-casinos/,,TG @BHS_LINKS - BEST SEO LINKS - https://t.me/bhs_links,,,,text,true,false,true,false,false,false,true,,tooold,pagefound,2025-07-17 18:47:59,2025-08-10 18:26:39,2026-04-15 20:15:57,,,,1
"10 surprising river cruises around the world | Southern Highland News | Bowral, NSW",https://www.southernhighlandnews.com.au/story/8524019/10-surprising-river-cruises-around-the-world/,en,,200,55,0,1613,0,23,26,0,0,https://www.cruise1st.com.au/,river and rail; check out deals from Cruise Express and,Cruise1st,. Independent travellers can also plan Eurostar or Eurail holidays,,,text,false,true,false,false,false,false,true,,,linkfound,2026-04-19 04:03:47,2026-04-19 04:03:47,,Louise Goldsbury,,,1
Sitemap | Cruise1st Blog,https://www.cruise1st.co.uk/blog/sitemap/,en,wordpress,200,35,0,43014,0,5,271,0,0,https://www.cruise1st.com.au/blog/category/cruise-tips/food-drink/,,Food & Drink,,,,text,false,true,false,false,false,false,true,removedfromhtml,,linkrestored,2025-07-11 20:50:17,2026-04-15 13:10:01,2026-05-06 12:59:55,,Listing collection > Location,Travel > Specialty travel > Luxury travel,1
Most Visited website list 690 | Click To Rank Directory,https://clicktorankdirectoy.com/most-visited-website-list-690/,en,wordpress,200,18,0,0,0,5211,6919,0,0,https://www.cruise1st.com.au/,,cruise1st,,https://cruise1st.com.au/,301,text,true,false,false,false,false,false,true,,,linkrestored,2025-09-09 22:03:45,2026-05-11 10:04:52,,,Listing collection > Business,Internet > Web services > Development; Business > Business services > Consulting,2
cruise from singapore to australia 2023,https://www.omniservices.com/toolso/u5w60i5/viewtopic.php?page=cruise-from-singapore-to-australia-2023,en,,200,12,0,445,0,9,17,0,0,https://www.cruise1st.com.au/destinations/singapore,Council resolutions aimed at curbing Pyongyang's nuclear and missile programs.,Singapore Cruises | Best Deals & Packages - Cruise1st.com.au,You'll also have the freedom to explore every day and,,,text,false,true,false,false,false,false,true,,,linkrestored,2025-01-22 18:25:19,2026-02-03 06:35:56,,,,,1
"@SEO_CARTEL IN TELEGRAM – SEO BACKLINKS, BULK LINK POSTING, BOOST SEO RANKING – HTTPS://T.ME/SEO_CARTEL – United Technology Solutions",https://unitedtsglobal.com/seo-cartel-in-telegram-seo-backlinks-bulk-link-19/,en,wordpress,200,6,0,0,0,3061,4521,0,0,https://www.cruise1st.com.au/blog/activities-entertainment/which-cruise-ships-have-the-best-casinos/,,"@SEO_CARTEL IN TELEGRAM – SEO BACKLINKS, BULK LINK POSTING, BOOST SEO RANKING",,,,text,true,false,true,false,false,false,true,,,pagefound,2026-02-16 16:47:54,2026-05-08 15:53:06,,,Site page > Services,Internet > Web services > SEO and marketing; Business > Marketing > Marketing,1
Most Visited website list 1948 | Top Domain Directory,https://topdomaindirectory.com/most-visited-website-list-1948/,en,wordpress,200,55,0,0,0,5474,6542,0,0,https://www.cruise1st.com.au/,,cruise1st,,https://cruise1st.com.au/,301,text,true,false,false,false,false,false,true,,,pagefound,2026-01-27 16:27:17,2026-04-28 04:45:50,,,Listing collection > Business,Internet > Web services > Development; Business > Business services; Reference > Listings > Business,2
About Us - Cruise Hive,http://hzszycs.top/about-us.html,en,wordpress,200,0,0,0,0,30,55,0,0,https://www.cruise1st.com.au/blog/cruise-tips/food-drink/cruise-experts-favourite-dining-experiences/,,Cruise Enthusiasts Share Their Favourite Onboard Dining Experiences,–Cruise 1st Australia,,,text,false,false,true,false,false,false,true,,,pagefound,2025-09-18 20:35:54,2026-04-28 18:51:27,,,,,1
Top Backlink Agency - Buy 100% Organic Backlinks & Guest Posting Services - SEO Agency - 8 - AlgoLinkers - SEO Agency,https://algolinkers.com/buy-your-favorite-type-of-backlink-services-click-here-to-explore-8/,en,wordpress,200,3.7,0,0,0,1085,1418,0,0,https://www.cruise1st.com.au/,,cruise1st.com.au,,https://cruise1st.com.au/,301,text,true,true,true,false,false,false,true,,,linkfound,2026-01-05 11:20:35,2026-05-05 20:01:07,,,,,1
TG @LINKS_DEALER | BLACK HAT SEO SERVICES | MASS LINKS | HTTPS://T.ME/LINKS_DEALER - PractiCar,https://www.practicar.ca/tg-links-dealer-black-hat-seo-services-mass-links-12-3/,en,"ecommerce, wordpress",200,30,0,343,0,2774,4331,0,0,https://www.cruise1st.com.au/cruise-ship/carnival-encounter,,TG @LINKS_DEALER | EFFECTIVE SEO LINKS FOR WWW.CRUISE1ST.COM.AU,,,,text,true,false,true,false,false,false,true,,,pagefound,2025-09-21 04:23:46,2026-01-16 06:29:03,,,Site page > Services,Autos > Vehicle services > Maintenance; Internet > Web services > SEO and marketing; Business > Marketing > Marketing,2
Directory website list 1976 | Weebly Directory,https://weeblydirectory.com/directory-website-list-1976/,en,wordpress,404,15,0,0,0,5367,7158,0,0,https://www.cruise1st.com.au/,,cruise1st.com.au,,https://cruise1st.com.au/,301,text,true,false,false,false,false,false,true,notfound,,pagefound,2025-08-31 11:16:26,2025-10-21 10:24:05,2026-04-20 16:53:01,,,,1
Cruise1st Australia - Book Best Price Guarantee Cruises 2026 - Read Reviews About cruise1st.com.au,https://44rev.com/businesses/cruise1st.com.au,en,,200,25,0,0,0,5,6,0,0,https://www.cruise1st.com.au/,,Visit Website,,https://cruise1st.com.au/,301,text,true,false,true,false,false,false,true,,,linkfound,2026-04-30 18:14:13,2026-04-30 18:14:13,,,,,1
searchhotels.in | few of top websites | page no. 960,https://www.searchhotels.in/domain-list-960,en,,200,6,0,0,0,1052,2030,0,0,https://www.cruise1st.com.au/,,cruise1st.com.au,,"http://cruise1st.com.au/, https://cruise1st.com.au/","301, 301",text,true,true,true,false,false,false,true,,,linkrestored,2025-04-22 01:59:51,2026-04-27 07:13:24,,,Listing collection > Property,Travel > Accommodations > Other; Internet,1
Directory website list 1976 | Pro listing Directory,https://prolistingdirectory.com/directory-website-list-1976/,en,wordpress,404,13,0,0,0,5368,7150,0,0,https://www.cruise1st.com.au/,,cruise1st.com.au,,https://cruise1st.com.au/,301,text,true,false,false,false,false,false,true,notfound,,pagefound,2025-09-27 03:55:45,2025-10-29 18:04:51,2026-04-17 02:26:46,,,,1
alpana.co.in | few of top websites | page no. 960,https://www.alpana.co.in/domain-list-960,en,,200,4.9,0,0,0,1051,2033,0,0,https://www.cruise1st.com.au/,,cruise1st.com.au,,"http://cruise1st.com.au/, https://cruise1st.com.au/","301, 301",text,true,true,true,false,false,false,true,,,linkrestored,2025-06-02 20:02:51,2026-04-05 19:54:02,,,Listing collection > Business,Internet > Web services > Analytics,1
Eurekster,https://p.eurekster.com/?id=&apdiv=Submit&search=Cruise%20Wear,en,,200,51,0,0,0,99,139,0,0,https://www.cruise1st.com.au/blog/cruise-tips/can-i-rent-a-tuxedo-on-a-cruise-ship/,,https://www.cruise1st.com.au/blog/cruise-tips/can-i-rent-a-tuxedo-on-a-cruise-ship/,,,,text,false,false,false,false,false,false,true,,,linkfound,2022-12-22 17:49:36,2026-05-06 16:28:39,,,,,4
income.net.in | few of top websites | page no. 960,https://www.income.net.in/domain-list-960,en,,200,5,0,0,0,1047,2046,0,0,https://www.cruise1st.com.au/,,cruise1st.com.au,,"http://cruise1st.com.au/, https://cruise1st.com.au/","301, 301",text,true,true,true,false,false,false,true,,,linkrestored,2025-04-20 16:13:24,2026-02-08 04:43:57,,,Listing collection > Business,Finance > Other; Internet > Web services > Analytics,1
Directory website list 690 | Social Rank Directory,https://socialrankdirectory.com/directory-website-list-690/,en,wordpress,404,14,0,0,0,5139,6751,0,0,https://www.cruise1st.com.au/,,cruise1st,,https://cruise1st.com.au/,301,text,true,false,false,false,false,false,true,notfound,,pagefound,2025-10-04 15:20:08,2025-10-24 22:01:51,2026-04-17 04:25:09,,,,2
adr | Luman Promotion,http://lumanpromotion.ro/?attachment_id=24,ro,wordpress,200,0.6,0,0,1,5739,9984,0,0,http://www.cruise1st.com.au/cruises/last-minute-cruises,,cruises from Sydney,,,,text,true,false,true,false,false,true,true,,,linkfound,2026-05-02 05:03:29,2026-05-02 05:03:29,,,Article > News,Travel > Transportation > Rail; Autos > Commercial vehicles,1
Sitemap | Cruise1st Blog,https://www.cruise1st.co.uk/blog/sitemap/,en,wordpress,200,35,0,43014,0,5,271,0,0,https://www.cruise1st.com.au/blog/cruising/destinations/asia-cruise/whats-the-best-time-to-book-a-southeast-asia-cruise/,,What’s the Best Time to Book a Southeast Asia Cruise?,,,,text,false,true,false,false,false,false,true,removedfromhtml,,linkrestored,2025-07-11 20:50:17,2026-04-15 13:10:01,2026-05-06 12:59:55,,Listing collection > Location,Travel > Specialty travel > Luxury travel,1
Most Visited website list 1948 | World Site Directory,https://worldsitedirectory.com/most-visited-website-list-1948/,en,wordpress,200,18,0,0,0,5480,6552,0,0,https://www.cruise1st.com.au/,,cruise1st,,https://cruise1st.com.au/,301,text,true,false,false,false,false,false,true,,,pagefound,2025-12-25 15:48:17,2026-05-11 03:08:29,,,Listing collection > Location,Reference > General reference > Educational; Internet > Web services > Development; Society; Business,2
onemilliondomains.com | few of top websites | page no. 899,https://www.onemilliondomains.com/domain-list-899,en,,200,7,0,0,0,1102,2117,0,0,https://www.cruise1st.com.au/,,cruise1st.com.au,,"http://cruise1st.com.au/, https://cruise1st.com.au/","301, 301",text,true,true,true,false,false,false,true,,,linkrestored,2025-05-01 22:26:33,2026-04-03 16:54:40,,,Site page > Services,Internet > Web services > Development,2
"Before Discovering SEOExpress.org, I Spent Years on Expensive Agencies That Didn't Deliver the Results Promised. Eventually, I Tried Their White-Hat Backlinks Service and In Just Eight Weeks, My Domain Authority Ramped Up from DA 15 to DA 48 and Leads Poured In at a Rate of Over One Hundred Per Month! Best Investment in SEO ★★★★★ 💎 — SEO Express Shop",https://seoexpress.shop/before-discovering-seoexpress-i-spent-years-on-expensive-agencies-that-didnt-deliver-the-results-promised-eventually-i-tried-their-white-hat-backlinks-service-and-in-only-eight-weeks-my,en,,200,28,0,0,34,5038,8507,0,0,https://www.cruise1st.com.au/,,There was a time when cruise1st.com.au wasn’t visible at all in Google searches until a friend recommended trying out SEOExpress.org’s local SEO strategies. Within weeks we moved up significantly: our visibility doubled and lead generation jumped by almost +120 per month—totally worth every penny spent! A small investment here goes such a long way 🎯,,https://cruise1st.com.au/,301,text,true,false,true,false,false,false,true,,,linkfound,2026-04-29 16:01:56,2026-04-29 16:01:56,,,Article > Story,Internet > Web services > SEO and marketing; Business > Marketing > Marketing,1
Data-Driven Social Media Campaigns for Targeted E-Commerce Growth | Rank Directory Site,https://rankdirectorysite.com/data-driven-social-media-campaigns-for-targeted-e-commerce-growth/,en,wordpress,200,18,0,0,43,3207,4637,0,0,https://www.cruise1st.com.au/,,cruise1st,,https://cruise1st.com.au/,301,text,true,true,false,false,false,false,true,,,linkrestored,2024-12-14 11:42:35,2026-04-21 03:51:42,,,Article > Guide,Business > Retail trade > Technology; Internet > Web services > SEO and marketing; Shopping,1
Directory website list 1976 | The Master Directory,https://themasterdirectory.com/directory-website-list-1976/,en,wordpress,200,18,0,0,0,5393,7164,0,0,https://www.cruise1st.com.au/,,cruise1st.com.au,,https://cruise1st.com.au/,301,text,true,false,false,false,false,false,true,,,linkrestored,2025-09-30 14:39:43,2026-05-01 10:34:01,,,Listing collection > Business,Business > Business services > Consulting; Reference > Listings > Business,1
The Real Deal With Opt-In Email Marketing Techniques-00100n | Top To High,https://toptohigh.com/the-real-deal-with-opt-in-email-marketing-techniques-00100n/,en,wordpress,200,55,0,0,0,419,515,0,0,https://www.cruise1st.com.au/,,cruise1st,,,,text,true,true,false,false,false,false,true,,,pagefound,2024-07-25 01:24:11,2026-05-10 23:32:03,,,,,1
Sitemap | Cruise1st Blog,https://www.cruise1st.co.uk/blog/sitemap/,en,wordpress,200,35,0,43014,0,5,271,0,0,https://www.cruise1st.com.au/blog/cruising/australian-cruises/cruises-from-australia-2019-best-ports-of-departure/,,Best Departure Ports for Cruises from Australia,,,,text,false,true,false,false,false,false,true,removedfromhtml,,linkrestored,2025-07-11 20:50:17,2026-04-15 13:10:01,2026-05-06 12:59:55,,Listing collection > Location,Travel > Specialty travel > Luxury travel,1
,https://dealsbysearch.com/your-ultimate-guide-to-a-3-day-cruise-from-perth-australia,en,,200,0.4,0,0,0,9,10,0,0,https://www.cruise1st.com.au/cruises/short-cruises,,https://www.cruise1st.com.au/cruises/short-cruises,,,,text,false,true,false,false,false,false,true,,,pagefound,2025-11-17 08:20:20,2026-01-02 22:39:39,,,,,2
Vila Grad | TG @LINKS_DEALER | BLACK HAT SEO SERVICES | MASS LINKS | HTTPS://T.ME/LINKS_DEALER,https://vilagrad.com/tg-links-dealer-black-hat-seo-services-mass-links-2-7/,en,wordpress,401,27,0,3,0,2292,3293,0,0,https://www.cruise1st.com.au/blog/cruise-tips/which-cruise-ships-have-the-best-casinos-2/,,TG @LINKS_DEALER | EFFECTIVE SEO LINKS FOR WWW.CRUISE1ST.COM.AU,,,,text,true,false,true,false,false,false,true,pageerror,,pagefound,2026-02-16 08:34:58,2026-03-28 00:25:13,2026-05-09 21:22:21,,,,1
"Your Ultimate Guide to a 3-Day Cruise from Perth, Australia",http://blogs.adsiduous.com/your-ultimate-guide-to-a-3-day-cruise-from-perth-australia/,en,,200,6,0,12,0,11,18,0,0,https://www.cruise1st.com.au/cruises/short-cruises,,https://www.cruise1st.com.au/cruises/short-cruises,,,,text,true,true,false,false,false,false,true,,,pagefound,2025-10-06 08:48:54,2026-04-28 07:00:36,,Sydney Blunt,,,2
Passport & Visa Requirements for Cruises | Cruise1st,https://cruise1stau.site.traveltek.net/faq/passportandvisas,en,,200,44,0,680,0,4,132,0,0,https://www.cruise1st.com.au/cruise-ship/voyager-of-the-seas,,Voyager of the Seas,,,,text,false,false,false,false,false,false,true,,,pagefound,2025-08-06 05:55:24,2026-03-14 18:25:09,,,,,1
Directory website list 1976 | Traffic Hub Directory,https://traffichubdirectory.com/directory-website-list-1976/,en,wordpress,200,16,0,0,0,5395,7162,0,0,https://www.cruise1st.com.au/,,cruise1st.com.au,,https://cruise1st.com.au/,301,text,true,false,false,false,false,false,true,,,linkrestored,2025-09-29 20:48:59,2026-05-08 21:12:00,,,Listing collection > Business,Business > Business services > Consulting; Internet > Web services; Reference > Listings > Business,1
10 surprising river cruises around the world | Stock Journal | SA,https://www.stockjournal.com.au/story/8524019/10-surprising-river-cruises-around-the-world/,en,,200,58,0,721,0,26,32,0,0,https://www.cruise1st.com.au/,river and rail; check out deals from Cruise Express and,Cruise1st,. Independent travellers can also plan Eurostar or Eurail holidays,,,text,false,true,false,false,false,false,true,,,linkfound,2026-04-12 22:34:54,2026-04-21 00:30:55,,Louise Goldsbury,,,1
Cruise1st.com.au - Company Profile & Staff Directory | ContactOut,https://contactout.com/company/cruise1st-com-au-9399,en,,200,74,0,184363,0,7,10,0,0,https://www.cruise1st.com.au/,,http://www.cruise1st.com.au,,http://www.cruise1st.com.au/,301,text,false,true,true,false,false,false,true,,,pagefound,2025-08-10 19:11:28,2026-03-27 11:33:05,,,,,2
w3bdirectory.com | few of top websites | page no. 899,https://www.w3bdirectory.com/domain-list-899,en,,200,12,0,0,0,1107,2106,0,0,https://www.cruise1st.com.au/,,cruise1st.com.au,,"http://cruise1st.com.au/, https://cruise1st.com.au/","301, 301",text,true,true,true,false,false,false,true,,,linkrestored,2025-08-09 19:38:18,2026-04-29 03:56:09,,,Site page > About,Internet > Web services > Analytics,2
👲 Domain Report 👲,https://byteshort.xyz/report/71716,en,,200,39,0,0,0,3691,4093,0,0,https://www.cruise1st.com.au/,visit homepage,cruise1st.com.au,&nbsp,https://cruise1st.com.au/,301,text,true,true,true,false,false,false,true,,,pagefound,2026-02-16 16:52:25,2026-04-27 11:23:23,,,Site page > Services,Internet > Web services > Development,2
Sitemap | Cruise1st Blog,https://www.cruise1st.co.uk/blog/sitemap/,en,wordpress,200,35,0,43014,0,5,271,0,0,https://www.cruise1st.com.au/blog/cruise-tips/repositioning-cruise/,,Why You Should Spend Your Next Holiday on a Repositioning Cruise,,,,text,false,true,false,false,false,false,true,removedfromhtml,,linkrestored,2025-07-11 20:50:17,2026-04-15 13:10:01,2026-05-06 12:59:55,,Listing collection > Location,Travel > Specialty travel > Luxury travel,1
Passport & Visa Requirements for Cruises | Cruise1st,https://cruise1stau.site.traveltek.net/faq/passportandvisas,en,,200,44,0,680,0,4,132,0,0,https://www.cruise1st.com.au/cruises/march-cruises,,March,,,,text,false,false,false,false,false,false,true,,,pagefound,2025-08-06 05:55:24,2026-03-14 18:25:09,,,,,1
Sitemap | Cruise1st Blog,https://www.cruise1st.co.uk/blog/sitemap/,en,wordpress,200,35,0,43014,0,5,271,0,0,https://www.cruise1st.com.au/blog/cruising/destinations/southeast-asia-travel-guide/,,All You Need to Know About Southeast Asia,,,,text,false,true,false,false,false,false,true,removedfromhtml,,linkrestored,2025-07-11 20:50:17,2026-04-15 13:10:01,2026-05-06 12:59:55,,Listing collection > Location,Travel > Specialty travel > Luxury travel,1
Cruise1st Gift Voucher Gift Card Balance Check,https://gcb.today/au/gift-card-balance/cruise1st-gift-voucher,en,,200,21,0,875,0,10,47,0,0,https://www.cruise1st.com.au/info/about-us,,Cruise1st Gift Voucher merchant info,,,,image,false,true,true,false,false,false,true,,,pagefound,2025-12-15 15:45:16,2026-05-06 15:17:40,,Gift Card Balance Today,,,1
Sitemap | Cruise1st Blog,https://www.cruise1st.co.uk/blog/sitemap/,en,wordpress,200,35,0,43014,0,5,271,0,0,https://www.cruise1st.com.au/blog/news/three-reasons-why-you-should-cruise-with-royal-caribbean/,,Three Reasons Why You Should Cruise with Royal Caribbean,,,,text,false,true,false,false,false,false,true,removedfromhtml,,linkrestored,2025-07-11 20:50:17,2026-04-15 13:10:01,2026-05-06 12:59:55,,Listing collection > Location,Travel > Specialty travel > Luxury travel,1
"Barros: A Name Rooted in History, Culture, and Heritage – skylinkseo.site",https://skylinkseo.site/barros-a-name-rooted-in-history-culture-and-heritage/,en,wordpress,200,28,0,0,0,2794,3732,0,0,https://www.cruise1st.com.au/,cruise.com cruise1st.co.uk,cruise1st.com.au,cruise4two.com cruise800.com,https://cruise1st.com.au/,301,text,true,true,true,false,false,false,true,,,linkrestored,2025-10-20 11:00:40,2026-05-03 17:28:51,,,,,2
Passport & Visa Requirements for Cruises | Cruise1st,https://cruise1stau.site.traveltek.net/faq/passportandvisas,en,,200,44,0,680,0,4,132,0,0,https://www.cruise1st.com.au/destinations/tasmania,,Tasmania,,,,text,false,false,false,false,false,false,true,,,pagefound,2025-08-06 05:55:24,2026-03-14 18:25:09,,,,,1
Chloroplast — The Powerhouse of Photosynthesis – skylinkseo.site,https://skylinkseo.site/chloroplast-the-powerhouse-of-photosynthesis/,en,wordpress,200,28,0,0,0,2712,3541,0,0,https://www.cruise1st.com.au/,lescyranos gsmol,cruise1st,turbulencepod podcastlaunchpad,https://cruise1st.com.au/,301,text,true,false,true,false,false,false,true,,,linkrestored,2025-10-30 23:26:32,2026-05-07 13:53:48,,,,,1
"30 Best Local Travel Agents Consultants in Lane Cove, NSW 2066 | Yellow Pages - Page 2",https://www.yellowpages.com.au/lane-cove-nsw-2066/travel-agents-consultants?page=2,en,,200,83,0,398544,0,30,53,0,0,https://www.cruise1st.com.au/,,Visit Website,,,,text,false,false,true,false,false,false,true,,,linkfound,2026-05-04 17:03:50,2026-05-04 17:03:50,,,,,4
Sitemap | Cruise1st Blog,https://www.cruise1st.co.uk/blog/sitemap/,en,wordpress,200,35,0,43014,0,5,271,0,0,https://www.cruise1st.com.au/blog/news/going-green-at-sea-sustainable-trends-in-the-cruise-industry/,,Going Green at Sea: Sustainable Trends in the Cruise Industry,,,,text,false,true,false,false,false,false,true,removedfromhtml,,linkrestored,2025-07-11 20:50:17,2026-04-15 13:10:01,2026-05-06 12:59:55,,Listing collection > Location,Travel > Specialty travel > Luxury travel,1
Guest Posts for Adult Entertainment Monetization — How Ranking Higher From Guest Posting Increased My Revenue by 60% Within 90 Days — LinkSEOPro — World-Class Backlinks for Websites That Mean Business.,https://linkseopro.shop/pqgmysm-growth-link-packages-saved-affiliate-site-google-algorithm-update-60-percent-traffic/,en,,200,0,0,0,0,7938,8811,0,0,https://www.cruise1st.com.au/,,cruise1st.com.au Dominates Google: Niche Guest Posting + Dofollow Backlink Building • Skyrocket Ahrefs Domain Rating DR • Moz Domain Authority DA • Majestic Trust Flow TF Skyrocket • Rank Higher on Google Fast,,https://cruise1st.com.au/,301,text,false,false,true,false,false,false,true,,,linkfound,2026-05-08 05:00:07,2026-05-08 05:00:07,,,Article > Guide,Internet > Web services > SEO and marketing; Business > Marketing > Marketing; Adult,1
Sitemap | Cruise1st Blog,https://www.cruise1st.co.uk/blog/sitemap/,en,wordpress,200,35,0,43014,0,5,271,0,0,https://www.cruise1st.com.au/blog/cruising/destinations/12-hours-in-singapore/,,12 Hours in Singapore: What to See and Do,,,,text,false,true,false,false,false,false,true,removedfromhtml,,linkrestored,2025-07-11 20:50:17,2026-04-15 13:10:01,2026-05-06 12:59:55,,Listing collection > Location,Travel > Specialty travel > Luxury travel,1
Passport & Visa Requirements for Cruises | Cruise1st,https://cruise1stau.site.traveltek.net/faq/passportandvisas,en,,200,44,0,680,0,4,132,0,0,https://www.cruise1st.com.au/cruise-lines/po-cruises,,P&O World Cruises,,,,text,false,false,false,false,false,false,true,,,pagefound,2025-08-06 05:55:24,2026-03-14 18:25:09,,,,,2
Sitemap | Cruise1st Blog,https://www.cruise1st.co.uk/blog/sitemap/,en,wordpress,200,35,0,43014,0,5,271,0,0,https://www.cruise1st.com.au/blog/cruise-ships/cruise-ship-guides/golden-princess-cruise-ship-guide/,,Golden Princess cruise ship guide,,,,text,false,true,false,false,false,false,true,removedfromhtml,,linkrestored,2025-07-11 20:50:17,2026-04-15 13:10:01,2026-05-06 12:59:55,,Listing collection > Location,Travel > Specialty travel > Luxury travel,1
"Before Discovering SEOExpress.org, I Spent Years on Expensive Agencies That Didn't Deliver the Results Promised. Eventually, I Tried Their White-Hat Backlinks Service and In Just Eight Weeks, My Domain Authority Ramped Up from DA 15 to DA 48 and Leads Poured In at a Rate of Over One Hundred Per Month! Best Investment in SEO ★★★★★ 💎 — Rent A Shop",https://rent-a-shop.shop/before-discovering-seoexpress-i-spent-years-on-expensive-agencies-that-didnt-deliver-the-results-promised-eventually-i-tried-their-white-hat-backlinks-service-and-in-only-eight-weeks-my,en,,200,28,0,0,36,5037,8450,0,0,https://www.cruise1st.com.au/,,There was a time when cruise1st.com.au wasn’t visible at all in Google searches until a friend recommended trying out SEOExpress.org’s local SEO strategies. Within weeks we moved up significantly: our visibility doubled and lead generation jumped by almost +120 per month—totally worth every penny spent! A small investment here goes such a long way 🎯,,https://cruise1st.com.au/,301,text,true,false,true,false,false,false,true,,,linkfound,2026-05-05 21:46:27,2026-05-05 21:46:27,,,Article > Story,Internet > Web services > SEO and marketing; Business > Marketing > Marketing,1
Sitemap | Cruise1st Blog,https://www.cruise1st.co.uk/blog/sitemap/,en,wordpress,200,35,0,43014,0,5,271,0,0,https://www.cruise1st.com.au/blog/cruise-ships/5-new-cruise-ships-sailing-year/,,5 New Cruise Ships That Are Sailing This Year,,,,text,false,true,false,false,false,false,true,removedfromhtml,,linkrestored,2025-07-11 20:50:17,2026-04-15 13:10:01,2026-05-06 12:59:55,,Listing collection > Location,Travel > Specialty travel > Luxury travel,1
backlinks.cyou | few of top websites | page no. 899,https://www.backlinks.cyou/domain-list-899,en,,200,8,0,0,0,1097,2099,0,0,https://www.cruise1st.com.au/,,cruise1st.com.au,,"http://cruise1st.com.au/, https://cruise1st.com.au/","301, 301",text,true,true,true,false,false,false,true,,,linkrestored,2025-09-30 10:23:30,2026-03-04 21:44:58,,,Listing collection > Business,Internet > Web services > SEO and marketing,1
Passport & Visa Requirements for Cruises | Cruise1st,https://cruise1stau.site.traveltek.net/faq/passportandvisas,en,,200,44,0,680,0,4,132,0,0,https://www.cruise1st.com.au/faq/gift-vouchers,,Cruise1st Gift Vouchers,,,,text,false,false,false,false,false,false,true,,,pagefound,2025-08-06 05:55:24,2026-03-14 18:25:09,,,,,1
Directory website list 1976 – Business Growth 953 | Business Listing Portal,https://businesslistingportal.com/directory-website-list-1976-business-growth-953/,en,wordpress,200,3.4,0,0,0,5392,7149,0,0,https://www.cruise1st.com.au/,,cruise1st.com.au,,https://cruise1st.com.au/,301,text,true,false,false,false,false,false,true,,,linkfound,2025-12-23 10:44:13,2026-05-04 19:59:19,,,Listing collection > Business,Business > Business services > Consulting,1
Directory website list 690 – Marketing Pro 719 | Top Site Rank Directory,https://topsiterankdirectory.com/directory-website-list-690-marketing-pro-719/,en,wordpress,200,13,0,0,0,5217,6942,0,0,https://www.cruise1st.com.au/,,cruise1st,,https://cruise1st.com.au/,301,text,true,false,false,false,false,false,true,,,linkrestored,2025-10-21 03:26:17,2026-05-03 01:07:47,,,Listing collection > Business,Business > Marketing > Marketing; Internet > Web services > SEO and marketing,2
"How Extreme PBN and Guest Post Links Delivered Results My Competitors Cannot Match — Extreme High-Authority Backlinks — Increase Domain Rating, Domain Authority and Trust Flow — Guest Posts and PBN Links — Gambling Accepted — Worldwide",https://rankxlinks.shop/ei54bgj-extreme-link-building-result-trust-flow-rankx/,en,,200,47,0,0,0,7933,8794,0,0,https://www.cruise1st.com.au/,,Extreme authority link campaign for cruise1st.com.au delivering page one results in any niche,,https://cruise1st.com.au/,301,text,true,false,true,false,false,false,true,,,linkfound,2026-05-08 13:41:35,2026-05-08 13:41:35,,,Article > Guide,Internet > Web services > SEO and marketing; Business > Marketing,1
"The Truth About DR Boosting in 2025 — What Actually Works, What Is a Waste of Money, and the Only Service I Trust for Marketplace — PBNSEOLinks — Private Link Power for Publicly Dominant Rankings.",https://pbnseolinks.shop/pqgmysm-best-sidebar-link-services-news-2025-reviewed-providers-real-authority-gains/,en,,200,0,0,0,0,7938,8811,0,0,https://www.cruise1st.com.au/,,Drive cruise1st.com.au with Expert Expert Guest Posting + Dofollow Backlink Packages — Boost Ahrefs Domain Rating DR + Moz Domain Authority DA + Majestic Trust Flow TF Certified — All Industries • All Languages • Global Markets,,https://cruise1st.com.au/,301,text,false,false,true,false,false,false,true,,,linkfound,2026-05-08 05:50:01,2026-05-08 05:50:01,,,Article > Opinion,Internet > Web services > SEO and marketing; Business > Marketing > Marketing,1
Passport & Visa Requirements for Cruises | Cruise1st,https://cruise1stau.site.traveltek.net/faq/passportandvisas,en,,200,44,0,680,0,4,132,0,0,https://www.cruise1st.com.au/cruise-lines/quark-expeditions,,Quark Expeditions,,,,text,false,false,false,false,false,false,true,,,pagefound,2025-08-06 05:55:24,2026-03-14 18:25:09,,,,,1
defender.co.in | few of top websites | page no. 960,https://www.defender.co.in/domain-list-960,"en, pt",,200,0.1,0,0,0,1049,2063,0,0,https://www.cruise1st.com.au/,,cruise1st.com.au,,"http://cruise1st.com.au/, https://cruise1st.com.au/","301, 301",text,false,true,true,false,false,false,true,,,linkfound,2026-05-06 21:04:26,2026-05-06 21:04:26,,,Listing collection > Business,Internet > Web services > Analytics; Reference > Listings,1
Tips For Staying Active During Corona Virus | Linking Directory,https://linkingdirectory.com/tips-for-staying-active-during-corona-virus/,"en, pt",wordpress,200,50,0,0,1,2665,3488,0,0,https://www.cruise1st.com.au/,,cruise1st.com.au,,https://cruise1st.com.au/,301,text,true,true,false,false,false,true,true,,,linkrestored,2024-03-09 06:01:18,2026-04-24 11:26:58,,,Article > How-to,Health > Public health > Health policy; Sports > Individual sports,1
"Cruise1St.com.au - анализ сайта, seo характеристики сайта - круисе1ст точка ком точка ау",https://prlog.ru/analysis/cruise1st.com.au,ru,,200,51,0,91,0,36,302,0,0,https://www.cruise1st.com.au/destinations/alaska,,cruise1st.com.au/destinations/alaska,,https://cruise1st.com.au/destinations/alaska,301,text,false,true,true,false,false,false,true,,,linkrestored,2020-02-04 15:30:12,2026-04-25 11:20:27,,,,,1
Sitemap | Cruise1st Blog,https://www.cruise1st.co.uk/blog/sitemap/,en,wordpress,200,35,0,43014,0,5,271,0,0,https://www.cruise1st.com.au/blog/news/the-complete-guide-to-laundry-services-at-sea/,,The Complete Guide to Laundry Services at Sea,,,,text,false,true,false,false,false,false,true,removedfromhtml,,linkrestored,2025-07-11 20:50:17,2026-04-15 13:10:01,2026-05-06 12:59:55,,Listing collection > Location,Travel > Specialty travel > Luxury travel,1
✅ Website Stats 📊,https://creativeposts.top/stats/71717,en,,200,43,0,0,0,3686,4088,0,0,https://www.cruise1st.com.au/,visit homepage,cruise1st.com.au,&nbsp,https://cruise1st.com.au/,301,text,true,true,true,false,false,false,true,,,pagefound,2026-01-27 05:07:03,2026-03-30 12:20:26,,,Listing collection > Business,Internet > Web services > Analytics,2
Sitemap | Cruise1st Blog,https://www.cruise1st.co.uk/blog/sitemap/,en,wordpress,200,35,0,43014,0,5,271,0,0,https://www.cruise1st.com.au/blog/cruising/12-hours-in-wellington/,,12 Hours in Wellington: Culture and Commerce in the Capital of Cool,,,,text,false,true,false,false,false,false,true,removedfromhtml,,linkrestored,2025-07-11 20:50:17,2026-04-15 13:10:01,2026-05-06 12:59:55,,Listing collection > Location,Travel > Specialty travel > Luxury travel,1
Passport & Visa Requirements for Cruises | Cruise1st,https://cruise1stau.site.traveltek.net/faq/passportandvisas,en,,200,44,0,680,0,4,132,0,0,https://www.cruise1st.com.au/destinations/greece,,Greece,,,,text,false,false,false,false,false,false,true,,,pagefound,2025-08-06 05:55:24,2026-03-14 18:25:09,,,,,1
"Australian cruise season grows as coronavirus pushes ships out of hot zones | Newcastle, NSW",https://www.newcastleherald.com.au/story/6653951/huge-cruise-deals-emerge-as-coronavirus-pushes-ships-south/,en,,200,72,0,40187,0,28,37,0,0,https://www.cruise1st.com.au/,,Cruise1st,is offering a 19-night roundtrip from Sydney to Hawaii. The,"http://cruise1st.com.au/, https://cruise1st.com.au/","301, 301",text,false,true,false,false,false,false,true,,,linkrestored,2025-05-25 05:10:09,2026-05-06 10:22:14,,Bernadette Chua,,,1
Sitemap | Cruise1st Blog,https://www.cruise1st.co.uk/blog/sitemap/,en,wordpress,200,35,0,43014,0,5,271,0,0,https://www.cruise1st.com.au/blog/cruising/best-time-year-visit-new-zealand/,,What is the Best Time of Year to Visit New Zealand?,,,,text,false,true,false,false,false,false,true,removedfromhtml,,linkrestored,2025-07-11 20:50:17,2026-04-15 13:10:01,2026-05-06 12:59:55,,Listing collection > Location,Travel > Specialty travel > Luxury travel,1
Directory website list 1976 – Business Growth 953 | Elite Rank Directory,https://eliterankdirectory.com/directory-website-list-1976-business-growth-953/,en,wordpress,200,0,0,0,0,5395,7160,0,0,https://www.cruise1st.com.au/,,cruise1st.com.au,,https://cruise1st.com.au/,301,text,true,false,false,false,false,false,true,,,pagefound,2026-01-26 23:32:04,2026-04-28 13:08:47,,,Listing collection > Business,Business > Business services > Consulting,1
Cruise1st Gift Voucher Gift Card Balance Check,https://gcb.today/au/gift-card-balance/cruise1st-gift-voucher,en,,200,21,0,875,0,10,47,0,0,https://www.cruise1st.com.au/blog/cruise-tips/10-apps-for-your-next-cruise-ship-adventure/,this app is for you! It lets you monitor all ...,https://www.cruise1st.com.au/blog/cruise-tips/10-apps-for-your-next-cruise-ship-adventure/,,,,text,false,true,true,false,false,false,true,,,pagefound,2025-12-15 15:45:16,2026-05-06 15:17:40,,Gift Card Balance Today,,,1
Eurekster,https://p.eurekster.com/?id=&apdiv=Submit&search=Celebrity%20Millennium,en,,200,51,0,0,0,102,118,0,0,https://www.cruise1st.com.au/cruise-ship/celebrity-millennium,,https://www.cruise1st.com.au/cruise-ship/celebrity-millennium,,,,text,false,false,false,false,false,false,true,,,pagefound,2022-07-26 23:29:56,2026-03-03 02:40:29,,,,,1
Baga Beach - Films - Laxmikant Shetgaonkar | Offcial Website,https://laxmikant.net/films/2015/baga-beach/,,wordpress,200,4,0,0,0,3674,7891,0,0,http://www.cruise1st.com.au/cruises/last-minute-cruises,,cruises from Sydney,,,,text,true,false,true,false,false,false,true,,,linkrestored,2021-04-14 08:52:19,2026-04-20 08:31:21,,,Video > Story,Entertainment > Movies > Documentary films,2
"@SEO_CARTEL IN TELEGRAM – SEO BACKLINKS, BULK LINK POSTING, BOOST SEO RANKING – HTTPS://T.ME/SEO_CARTEL – Mosaic Cargo",https://mosaiccargo.com/seo-cartel-in-telegram-seo-backlinks-bulk-link-19/,en,"ecommerce, wordpress",200,2.8,0,0,0,3104,4501,0,0,https://www.cruise1st.com.au/blog/activities-entertainment/which-cruise-ships-have-the-best-casinos/,,"@SEO_CARTEL IN TELEGRAM – SEO BACKLINKS, BULK LINK POSTING, BOOST SEO RANKING",,,,text,true,false,true,false,false,false,true,,,linkfound,2026-05-03 15:07:39,2026-05-03 15:07:39,,,Site page > Services,Internet > Web services > SEO and marketing; Business > Marketing > Marketing,2
Data-Driven Social Media Campaigns for Targeted E-Commerce Growth – Link O DIRECTORY,https://linkodirectory.com/data-driven-social-media-campaigns-for-targeted-e-commerce-growth/,en,wordpress,200,32,0,0,0,3208,4644,0,0,https://www.cruise1st.com.au/,,cruise1st,,https://cruise1st.com.au/,301,text,true,true,false,false,false,false,true,,,linkrestored,2025-08-08 01:31:25,2026-04-27 22:37:46,,,,,2
Cruise1st.com.au | The Org,https://theorg.com/org/cruise1st-com-au,en,,200,75,0,92766,0,6,8,0,0,https://www.cruise1st.com.au/,,View the website,,,,text,false,false,false,false,false,false,true,,,pagefound,2024-11-09 10:23:24,2026-04-12 05:26:36,,Carl Frier,,,1
Sitemap | Cruise1st Blog,https://www.cruise1st.co.uk/blog/sitemap/,en,wordpress,200,35,0,43014,0,5,271,0,0,https://www.cruise1st.com.au/blog/cruise-tips/9-cruise-secrets-you-need-to-know/,,9 Cruise Secrets You Need to Know,,,,text,false,true,false,false,false,false,true,removedfromhtml,,linkrestored,2025-07-11 20:50:17,2026-04-15 13:10:01,2026-05-06 12:59:55,,Listing collection > Location,Travel > Specialty travel > Luxury travel,1
Sitemap | Cruise1st Blog,https://www.cruise1st.co.uk/blog/sitemap/,en,wordpress,200,35,0,43014,0,5,271,0,0,https://www.cruise1st.com.au/blog/cruise-ships/ovation-seas-know-royal-caribbeans-new-ship/,,Ovation of the Seas: What We Know About Royal Caribbean’s New Ship,,,,text,false,true,false,false,false,false,true,removedfromhtml,,linkrestored,2025-07-11 20:50:17,2026-04-15 13:10:01,2026-05-06 12:59:55,,Listing collection > Location,Travel > Specialty travel > Luxury travel,1
Sitemap | Cruise1st Blog,https://www.cruise1st.co.uk/blog/sitemap/,en,wordpress,200,35,0,43014,0,5,271,0,0,https://www.cruise1st.com.au/blog/news/a-sneak-peek-at-a-nudist-cruise/,,A Sneak Peek at a Nudist Cruise,,,,text,false,true,false,false,false,false,true,removedfromhtml,,linkrestored,2025-07-11 20:50:17,2026-04-15 13:10:01,2026-05-06 12:59:55,,Listing collection > Location,Travel > Specialty travel > Luxury travel,1
Passport & Visa Requirements for Cruises | Cruise1st,https://cruise1stau.site.traveltek.net/faq/passportandvisas,en,,200,44,0,680,0,4,132,0,0,http://www.cruise1st.com.au/cruise-lines/ambassador-cruise-lines,,Ambassador Cruise Lines,,,,text,false,false,false,false,false,false,true,,,pagefound,2025-08-06 05:55:24,2026-03-14 18:25:09,,,,,1
Sitemap | Cruise1st Blog,https://www.cruise1st.co.uk/blog/sitemap/,en,wordpress,200,35,0,43014,0,5,271,0,0,https://www.cruise1st.com.au/blog/cruise-ships/look-inside-symphony-seas-royal-caribbeans-newest-vessel/,,Sailing on Symphony of the Seas: The World’s Largest Cruise Ship,,,,text,false,true,false,false,false,false,true,removedfromhtml,,linkrestored,2025-07-11 20:50:17,2026-04-15 13:10:01,2026-05-06 12:59:55,,Listing collection > Location,Travel > Specialty travel > Luxury travel,1
"10 surprising river cruises around the world | The Macleay Argus | Kempsey, NSW",https://www.macleayargus.com.au/story/8524019/10-surprising-river-cruises-around-the-world/,en,,200,52,0,633,0,25,27,0,0,https://www.cruise1st.com.au/,river and rail; check out deals from Cruise Express and,Cruise1st,. Independent travellers can also plan Eurostar or Eurail holidays,,,text,false,true,false,false,false,false,true,,,linkfound,2026-04-15 05:31:44,2026-04-27 10:56:39,,Louise Goldsbury,,,1
Passport & Visa Requirements for Cruises | Cruise1st,https://cruise1stau.site.traveltek.net/faq/passportandvisas,en,,200,44,0,680,0,4,132,0,0,https://www.cruise1st.com.au/cruise-ship/pacific-adventure,,Pacific Adventure,,,,text,false,false,false,false,false,false,true,,,pagefound,2025-08-06 05:55:24,2026-03-14 18:25:09,,,,,1
Sitemap | Cruise1st Blog,https://www.cruise1st.co.uk/blog/sitemap/,en,wordpress,200,35,0,43014,0,5,271,0,0,https://www.cruise1st.com.au/blog/news/10-cruise-posters-you-will-love/,,10 Cruise Posters You Will Love,,,,text,false,true,false,false,false,false,true,removedfromhtml,,linkrestored,2025-07-11 20:50:17,2026-04-15 13:10:01,2026-05-06 12:59:55,,Listing collection > Location,Travel > Specialty travel > Luxury travel,1
"Before Discovering SEOExpress.org, I Spent Years on Expensive Agencies That Didn't Deliver the Results Promised. Eventually, I Tried Their White-Hat Backlinks Service and In Just Eight Weeks, My Domain Authority Ramped Up from DA 15 to DA 48 and Leads Poured In at a Rate of Over One Hundred Per Month! Best Investment in SEO ★★★★★ 💎 — SEO Express Store",https://seoexpress.store/before-discovering-seoexpress-i-spent-years-on-expensive-agencies-that-didnt-deliver-the-results-promised-eventually-i-tried-their-white-hat-backlinks-service-and-in-only-eight-weeks-my,en,,200,28,0,0,36,5038,8487,0,0,https://www.cruise1st.com.au/,,There was a time when cruise1st.com.au wasn’t visible at all in Google searches until a friend recommended trying out SEOExpress.org’s local SEO strategies. Within weeks we moved up significantly: our visibility doubled and lead generation jumped by almost +120 per month—totally worth every penny spent! A small investment here goes such a long way 🎯,,https://cruise1st.com.au/,301,text,true,false,true,false,false,false,true,,,linkfound,2026-05-03 05:04:50,2026-05-03 05:04:50,,,Article > Story,Internet > Web services > SEO and marketing; Business > Marketing > Marketing,1
Most Visited website list 690 | Website Post Directory,https://webpostdirectory.com/most-visited-website-list-690/,en,wordpress,200,21,0,0,0,5209,6929,0,0,https://www.cruise1st.com.au/,,cruise1st,,https://cruise1st.com.au/,301,text,true,false,false,false,false,false,true,,,linkrestored,2025-09-28 04:25:22,2026-05-05 10:25:31,,,Listing collection > Business,Internet > Web services > Development; Business > Business services; Reference,2
Sitemap | Cruise1st Blog,https://www.cruise1st.co.uk/blog/sitemap/,en,wordpress,200,35,0,43014,0,5,271,0,0,https://www.cruise1st.com.au/blog/cruising/australian-cruises/po-unveils-australian-open-themed-cruise-2019-sailing/,,P&O Unveils Australian Open-themed Cruise for 2019 Sailing,,,,text,false,true,false,false,false,false,true,removedfromhtml,,linkrestored,2025-07-11 20:50:17,2026-04-15 13:10:01,2026-05-06 12:59:55,,Listing collection > Location,Travel > Specialty travel > Luxury travel,1
Sitemap | Cruise1st Blog,https://www.cruise1st.co.uk/blog/sitemap/,en,wordpress,200,35,0,43014,0,5,271,0,0,https://www.cruise1st.com.au/blog/category/cruise-lines/princess-cruises-cruising/,,Princess Cruises,,,,text,false,true,false,false,false,false,true,removedfromhtml,,linkrestored,2025-07-11 20:50:17,2026-04-15 13:10:01,2026-05-06 12:59:55,,Listing collection > Location,Travel > Specialty travel > Luxury travel,1
Sitemap | Cruise1st Blog,https://www.cruise1st.co.uk/blog/sitemap/,en,wordpress,200,35,0,43014,0,5,271,0,0,https://www.cruise1st.com.au/blog/cruising/destinations/cruise-guide-australia-and-tasmania/,,A Comprehensive Cruise Guide to Australia,,,,text,false,true,false,false,false,false,true,removedfromhtml,,linkrestored,2025-07-11 20:50:17,2026-04-15 13:10:01,2026-05-06 12:59:55,,Listing collection > Location,Travel > Specialty travel > Luxury travel,1
Most Visited website list 1976 | World Site Directory,https://worldsitedirectory.com/most-visited-website-list-1976/,en,wordpress,200,18,0,0,0,5396,7162,0,0,https://www.cruise1st.com.au/,,cruise1st.com.au,,https://cruise1st.com.au/,301,text,true,false,false,false,false,false,true,,,pagefound,2025-12-25 16:11:25,2026-05-11 00:40:56,,,Listing collection > Business,Internet > Web services > Development; Business > Business services > Consulting; Reference > Listings > Business,1
Sitemap | Cruise1st Blog,https://www.cruise1st.co.uk/blog/sitemap/,en,wordpress,200,35,0,43014,0,5,271,0,0,https://www.cruise1st.com.au/blog/cruise-tips/which-cruise-lines-offer-the-best-seafood-at-sea/,,Which Cruise Lines Offer the Best Seafood at Sea?,,,,text,false,true,false,false,false,false,true,removedfromhtml,,linkrestored,2025-07-11 20:50:17,2026-04-15 13:10:01,2026-05-06 12:59:55,,Listing collection > Location,Travel > Specialty travel > Luxury travel,1
Kesintili Punk Tarihimiz | Gece Servisi,http://geceservisi.net/tr/node/339?page=99,tr,,200,0.7,0,0,0,40,64,0,0,https://www.cruise1st.com.au/cruises/last-minute-cruises,,cruises from Sydney,"(doğrulanmadı) tarafından Pzt, 06/06/2016 - 10:10 tarihinde gönderildi.",http://www.cruise1st.com.au/cruises/last-minute-cruises,301,text,true,false,false,false,false,false,true,,,linkrestored,2021-05-25 18:58:55,2026-04-04 01:06:13,,,,,8
Chloroplast — The Powerhouse of Photosynthesis – daolink.mom,https://daolink.mom/?p=332284,en,wordpress,301,19,0,0,0,2701,3519,0,0,https://www.cruise1st.com.au/,lescyranos gsmol,cruise1st,turbulencepod podcastlaunchpad,https://cruise1st.com.au/,301,text,true,true,true,false,false,false,true,pageredirected,,pagefound,2026-01-10 18:47:12,2026-04-01 11:36:39,2026-04-11 16:35:11,,,,1
Explore the Splendor of the South Pacific: Embark on an 8-Day Cruise From Brisbane,http://blogs.adsiduous.com/explore-the-splendor-of-the-south-pacific-embark-on-an-8-day-cruise-from-brisbane/,en,,200,6,0,12,0,7,15,0,0,https://www.cruise1st.com.au/cruise/south-pacific-from-brisbane-australia-with-the-carnival-luminosa-18557215,,Cruise1st AU – 8 Nights South Pacific (Carnival Luminosa),,,,text,true,true,false,false,false,false,true,,,pagefound,2026-04-14 22:38:29,2026-04-25 16:44:33,,Sydney Blunt,,,1
Vale George Howling | Red Tail Reunions,https://www.redtailreunions.com/vale-george-howling,en,cms,200,0.4,0,1,0,4,5,0,0,https://www.cruise1st.com.au/,,tribute-georgehowling.jpg,,,,image,false,false,false,false,false,false,true,,,linkrestored,2022-05-01 18:32:23,2026-05-05 20:02:13,,,,,1
Sitemap | Cruise1st Blog,https://www.cruise1st.co.uk/blog/sitemap/,en,wordpress,200,35,0,43014,0,5,271,0,0,https://www.cruise1st.com.au/blog/cruising/carnival-cruises-expands-their-all-you-can-drink-package-across-more-ships/,,Carnival Cruises Expands their 'all you can drink' package across more ships,,,,text,false,true,false,false,false,false,true,removedfromhtml,,linkrestored,2025-07-11 20:50:17,2026-04-15 13:10:01,2026-05-06 12:59:55,,Listing collection > Location,Travel > Specialty travel > Luxury travel,1
discussion.co.in | few of top websites | page no. 533,https://www.discussion.co.in/domain-list-533,"en, fr",,200,9,0,0,0,1017,2002,0,0,https://www.cruise1st.com.au/,,cruise1st.com.au,,"http://cruise1st.com.au/, https://cruise1st.com.au/","301, 301",text,true,true,true,false,false,false,true,,,linkrestored,2024-07-29 23:04:18,2026-03-28 04:21:22,,,Listing collection > Business,Internet > Web services > Analytics; Reference > Listings > Business,1
Directory website list 690 | The Master Directory,https://themasterdirectory.com/directory-website-list-690/,en,wordpress,200,18,0,0,1,5217,6945,0,0,https://www.cruise1st.com.au/,,cruise1st,,https://cruise1st.com.au/,301,text,true,false,false,false,false,false,true,,,linkrestored,2025-08-05 02:09:09,2026-04-30 14:26:18,,,Listing collection > Business,Business > Business services > Consulting; Reference > Listings > Business; Internet,2
"10 surprising river cruises around the world | The Northern Daily Leader | Tamworth, NSW",https://www.northerndailyleader.com.au/story/8524019/10-surprising-river-cruises-around-the-world/,en,,200,61,0,7370,0,29,36,0,0,https://www.cruise1st.com.au/,river and rail; check out deals from Cruise Express and,Cruise1st,. Independent travellers can also plan Eurostar or Eurail holidays,,,text,false,true,false,false,false,false,true,,,pagefound,2026-04-12 20:27:36,2026-05-06 12:26:11,,Louise Goldsbury,,,1
"Before Discovering SEOExpress.org, I Spent Years on Expensive Agencies That Didn't Deliver the Results Promised. Eventually, I Tried Their White-Hat Backlinks Service and In Just Eight Weeks, My Domain Authority Ramped Up from DA 15 to DA 48 and Leads Poured In at a Rate of Over One Hundred Per Month! Best Investment in SEO ★★★★★ 💎 — SEO Express Website",https://seoexpress.website/before-discovering-seoexpress-i-spent-years-on-expensive-agencies-that-didnt-deliver-the-results-promised-eventually-i-tried-their-white-hat-backlinks-service-and-in-only-eight-weeks-my,en,,200,29,0,0,36,5038,8448,0,0,https://www.cruise1st.com.au/,,There was a time when cruise1st.com.au wasn’t visible at all in Google searches until a friend recommended trying out SEOExpress.org’s local SEO strategies. Within weeks we moved up significantly: our visibility doubled and lead generation jumped by almost +120 per month—totally worth every penny spent! A small investment here goes such a long way 🎯,,https://cruise1st.com.au/,301,text,true,false,true,false,false,false,true,,,linkfound,2026-04-23 22:22:32,2026-05-09 13:48:14,,,Article > Story,Internet > Web services > SEO and marketing; Business > Marketing > Marketing,1
region.co.in | few of top websites | page no. 960,https://www.region.co.in/domain-list-960,"en, pt",,200,23,0,0,0,1050,2090,0,0,https://www.cruise1st.com.au/,,cruise1st.com.au,,"http://cruise1st.com.au/, https://cruise1st.com.au/","301, 301",text,true,true,true,false,false,false,true,,,linkrestored,2024-11-06 19:43:06,2026-05-09 20:44:26,,,Listing collection > Business,Internet > Web services > Analytics; Reference,1
"Cruise1St.com.au - анализ сайта, seo характеристики сайта - круисе1ст точка ком точка ау",https://prlog.ru/analysis/cruise1st.com.au,ru,,200,51,0,91,0,36,302,0,0,https://www.cruise1st.com.au/cruise-ship/majestic-princess,,cruise1st.com.au/cruise-ship/majestic-princess,,https://cruise1st.com.au/cruise-ship/majestic-princess,301,text,false,true,true,false,false,false,true,,,linkrestored,2020-02-04 15:30:12,2026-04-25 11:20:27,,,,,1
Australian Marketers Guide to SEO Best Practices Search Engine Journal – Link A News,https://linkanews.com/australian-marketers-guide-to-seo-best-practices-search-engine-journal/,en,wordpress,200,32,0,0,96,2225,3640,0,0,https://www.cruise1st.com.au/,,cruise1st,,https://cruise1st.com.au/,301,text,true,true,false,false,false,true,true,,,linkrestored,2025-08-08 05:07:06,2026-05-11 06:28:24,,,Article > Guide,Internet > Search engines > Other; Business > Marketing > Marketing,2
seo-cartel-egypt – inlinenow-com,http://www.inlinenow.com/category/seo-cartel-egypt/,en,wordpress,200,10,0,0,0,6354,9992,0,0,https://www.cruise1st.com.au/blog/activities-entertainment/which-cruise-ships-have-the-best-casinos/,,"@SEO_CARTEL IN TELEGRAM – SEO BACKLINKS, BULK LINK POSTING, BOOST SEO RANKING",,,,text,true,false,true,false,false,false,true,,,linkrestored,2025-09-13 17:51:25,2026-04-30 12:15:39,,,Site page > Services,Internet > Web services > SEO and marketing; Business > Marketing > Marketing,4
75 Sites like Cruise1st.com.au & Alternative - Similar Sites,https://technofizi.net/sitelike/cruise1st.com.au,en,,200,36,0,37,0,1,3,0,0,https://www.cruise1st.com.au/,,cruise1st.com.au,,"http://cruise1st.com.au/, https://cruise1st.com.au/","301, 301",text,false,false,true,false,false,false,true,,,linkrestored,2021-08-22 17:12:31,2026-05-02 01:29:40,,,,,1
Passport & Visa Requirements for Cruises | Cruise1st,https://cruise1stau.site.traveltek.net/faq/passportandvisas,en,,200,44,0,680,0,4,132,0,0,https://www.cruise1st.com.au/cruises/november-cruises,,November,,,,text,false,false,false,false,false,false,true,,,pagefound,2025-08-06 05:55:24,2026-03-14 18:25:09,,,,,1
Australian Marketers Guide to SEO Best Practices Search Engine Journal – SEO HUB DIRECTORY,https://seohubdirectory.com/australian-marketers-guide-to-seo-best-practices-search-engine-journal/,en,wordpress,200,9,0,0,96,2222,3636,0,0,https://www.cruise1st.com.au/,,cruise1st,,https://cruise1st.com.au/,301,text,true,true,false,false,false,true,true,,,pagefound,2025-09-26 22:12:08,2026-05-11 09:57:06,,,Article > Guide,Internet > Web services > SEO and marketing; Business > Marketing > Marketing,2
Sitemap | Cruise1st Blog,https://www.cruise1st.co.uk/blog/sitemap/,en,wordpress,200,35,0,43014,0,5,271,0,0,https://www.cruise1st.com.au/blog/cruising/12-hours-in-boracay/,,12 Hours in Boracay,,,,text,false,true,false,false,false,false,true,removedfromhtml,,linkrestored,2025-07-11 20:50:17,2026-04-15 13:10:01,2026-05-06 12:59:55,,Listing collection > Location,Travel > Specialty travel > Luxury travel,1
Passport & Visa Requirements for Cruises | Cruise1st,https://cruise1stau.site.traveltek.net/faq/passportandvisas,en,,200,44,0,680,0,4,132,0,0,https://www.cruise1st.com.au/cruises/cruises-from-melbourne,,Melbourne,,,,text,false,false,false,false,false,false,true,,,pagefound,2025-08-06 05:55:24,2026-03-14 18:25:09,,,,,1
Most Visited website list 1976 - Website Link Directory,https://websiteslinkdirectory.com/most-visited-website-list-1976/,en,wordpress,200,18,0,0,0,5403,7175,0,0,https://www.cruise1st.com.au/,,cruise1st.com.au,,https://cruise1st.com.au/,301,text,true,false,false,false,false,false,true,,,linkrestored,2025-10-03 12:52:12,2026-05-09 12:33:50,,,Listing collection > Business,Internet > Web services > Development; Business > Business services > Consulting,1
"10 surprising river cruises around the world | South Coast Register | Nowra, NSW",https://www.southcoastregister.com.au/story/8524019/10-surprising-river-cruises-around-the-world/,en,,200,55,0,3727,0,23,26,0,0,https://www.cruise1st.com.au/,river and rail; check out deals from Cruise Express and,Cruise1st,. Independent travellers can also plan Eurostar or Eurail holidays,,,text,false,true,false,false,false,false,true,,,linkfound,2026-04-18 17:22:53,2026-04-18 17:22:53,,Louise Goldsbury,,,1
"10 surprising river cruises around the world | Manning River Times | Taree, NSW",https://www.manningrivertimes.com.au/story/8524019/10-surprising-river-cruises-around-the-world/,en,,200,50,0,1764,0,26,28,0,0,https://www.cruise1st.com.au/,river and rail; check out deals from Cruise Express and,Cruise1st,. Independent travellers can also plan Eurostar or Eurail holidays,,,text,false,true,false,false,false,false,true,,,pagefound,2026-04-12 21:03:23,2026-05-06 04:40:02,,Louise Goldsbury,,,1
Sitemap | Cruise1st Blog,https://www.cruise1st.co.uk/blog/sitemap/,en,wordpress,200,35,0,43014,0,5,271,0,0,https://www.cruise1st.com.au/blog/cruising/12-hours-in-manila/,,12 hours in Manila,,,,text,false,true,false,false,false,false,true,removedfromhtml,,linkrestored,2025-07-11 20:50:17,2026-04-15 13:10:01,2026-05-06 12:59:55,,Listing collection > Location,Travel > Specialty travel > Luxury travel,1
Most Visited website list 690 | Marketing Hub Directory,https://marketinghubdirectoy.com/most-visited-website-list-690/,en,wordpress,200,20,0,0,0,5229,6972,0,0,https://www.cruise1st.com.au/,,cruise1st,,https://cruise1st.com.au/,301,text,true,false,false,false,false,false,true,,,pagefound,2025-09-29 09:27:04,2026-05-09 01:04:46,,,Listing collection > Business,Business > Business services > Consulting; Internet > Web services > SEO and marketing,2
"Cruise1St.com.au - анализ сайта, seo характеристики сайта - круисе1ст точка ком точка ау",https://prlog.ru/analysis/cruise1st.com.au,ru,,200,51,0,91,0,36,302,0,0,https://www.cruise1st.com.au/cruise-lines/celebrity-cruises,,cruise1st.com.au/cruise-lines/celebrity-cruises,,https://cruise1st.com.au/cruise-lines/celebrity-cruises,301,text,false,true,true,false,false,false,true,,,linkrestored,2019-07-14 20:21:19,2026-04-25 11:20:27,,,,,1
cruise1st.com.au competitors - Top similar sites like 20 cruise1st.com.au and alternatives,https://www.siteprice.org/competitors/cruise1st.com.au,en,,200,71,0,15135,0,26,29,0,0,https://www.cruise1st.com.au/,,,,,,text,false,false,true,false,false,false,true,,,linkfound,2026-04-17 06:20:31,2026-04-17 06:20:31,,,,,1
Most Visited website list 1976 | Rank Fast Directory,https://rankfastdirectory.com/most-visited-website-list-1976/,en,wordpress,200,55,0,0,0,5395,7159,0,0,https://www.cruise1st.com.au/,,cruise1st.com.au,,https://cruise1st.com.au/,301,text,true,false,false,false,false,false,true,,,pagefound,2025-10-22 10:33:55,2026-04-28 08:26:32,,,Listing collection > Business,Internet > Web services > Analytics; Business > Business services > Consulting,1
Cruise1st Gift Voucher Gift Card Balance Check,https://gcb.today/au/gift-card-balance/cruise1st-gift-voucher,en,,200,21,0,875,0,10,47,0,0,https://www.cruise1st.com.au/cruises/april-cruises,"drawing to a close, April is the perfect time ...",https://www.cruise1st.com.au/cruises/april-cruises,,,,text,false,true,true,false,false,false,true,,,pagefound,2025-12-15 15:45:16,2026-05-06 15:17:40,,Gift Card Balance Today,,,1
Tech Stack of cruise1st.com.au — TechnologyWebInfo,https://technologywebinfo.com/site/cruise1st.com.au,en,,200,0,0,0,0,2,3,0,0,https://www.cruise1st.com.au/,,Visit site,,https://cruise1st.com.au/,301,text,false,false,false,false,false,false,true,,,pagefound,2026-05-08 19:00:29,2026-05-08 19:00:29,,,,,1
Sitemap | Cruise1st Blog,https://www.cruise1st.co.uk/blog/sitemap/,en,wordpress,200,35,0,43014,0,5,271,0,0,https://www.cruise1st.com.au/blog/cruise-tips/food-drink/inside-carnivals-amazing-alchemy-bar/,,Inside Carnival’s Amazing Alchemy Bar,,,,text,false,true,false,false,false,false,true,removedfromhtml,,linkrestored,2025-07-11 20:50:17,2026-04-15 13:10:01,2026-05-06 12:59:55,,Listing collection > Location,Travel > Specialty travel > Luxury travel,1
Directory website list 1976 | Top Saas Directory,https://topsaasdirectory.com/directory-website-list-1976/,en,wordpress,404,13,0,0,0,5367,7153,0,0,https://www.cruise1st.com.au/,,cruise1st.com.au,,https://cruise1st.com.au/,301,text,true,false,false,false,false,false,true,notfound,,pagefound,2025-10-02 13:49:40,2025-10-20 12:16:19,2026-04-21 21:40:45,,,,1
"Cruise1St.com.au - анализ сайта, seo характеристики сайта - круисе1ст точка ком точка ау",https://prlog.ru/analysis/cruise1st.com.au,ru,,200,51,0,91,0,36,302,0,0,https://www.cruise1st.com.au/cruise-lines/po-international,,cruise1st.com.au/cruise-lines/po-cruises,,https://cruise1st.com.au/cruise-lines/po-cruises,301,text,false,true,true,false,false,false,true,,,linkrestored,2025-03-30 09:44:48,2026-04-25 11:20:27,,,,,1
"Cruise1St.com.au - анализ сайта, seo характеристики сайта - круисе1ст точка ком точка ау",https://prlog.ru/analysis/cruise1st.com.au,ru,,200,51,0,91,0,36,302,0,0,https://www.cruise1st.com.au/cruises/cruise-deals,,cruise1st.com.au/cruises/cruise-deals,,https://cruise1st.com.au/cruises/cruise-deals,301,text,false,true,true,false,false,false,true,,,linkrestored,2019-07-14 20:21:19,2026-04-25 11:20:27,,,,,1
Passport & Visa Requirements for Cruises | Cruise1st,https://cruise1stau.site.traveltek.net/faq/passportandvisas,en,,200,44,0,680,0,4,132,0,0,https://www.cruise1st.com.au/cruise-lines/oceania,,Oceania Cruises,,,,text,false,false,false,false,false,false,true,,,pagefound,2025-08-06 05:55:24,2026-03-14 18:25:09,,,,,2
Passport & Visa Requirements for Cruises | Cruise1st,https://cruise1stau.site.traveltek.net/faq/passportandvisas,en,,200,44,0,680,0,4,132,0,0,https://www.cruise1st.com.au/cruise-ship/radiance-of-the-seas,,Radiance of the Seas,,,,text,false,false,false,false,false,false,true,,,pagefound,2025-08-06 05:55:24,2026-03-14 18:25:09,,,,,1
"Barros: A Name Rooted in History, Culture, and Heritage – daolink.mom",https://daolink.mom/barros-a-name-rooted-in-history-culture-and-heritage/,en,wordpress,200,19,0,0,0,2798,3751,0,0,https://www.cruise1st.com.au/,cruise.com cruise1st.co.uk,cruise1st.com.au,cruise4two.com cruise800.com,https://cruise1st.com.au/,301,text,true,true,true,false,false,false,true,,,linkfound,2026-04-10 07:48:41,2026-05-07 02:27:50,,,,,2
Directory website list 1976 | Top Backlinks Directory,https://topbacklinksdirectory.com/directory-website-list-1976/,,wordpress,404,13,0,0,0,5373,7163,0,0,https://www.cruise1st.com.au/,,cruise1st.com.au,,https://cruise1st.com.au/,301,text,true,false,false,false,false,false,true,notfound,,pagefound,2025-10-03 09:50:51,2025-10-24 02:34:03,2026-04-18 03:02:04,,,,1
Passport & Visa Requirements for Cruises | Cruise1st,https://cruise1stau.site.traveltek.net/faq/passportandvisas,en,,200,44,0,680,0,4,132,0,0,https://www.cruise1st.com.au/cruises/cruise-deals,,Cruise Deals,,,,text,false,false,false,false,false,false,true,,,pagefound,2025-08-06 05:55:24,2026-03-14 18:25:09,,,,,1
Cruise1st customer service complaint department | TheComplaintPoint Australia,https://thecomplaintpoint-au.com/cruise1st-complaints-email-phone-number/,en,wordpress,403,0.9,0,0,0,5,6,0,0,https://www.cruise1st.com.au/,Company website:,cruise1st.com.au,,,,text,false,true,false,false,false,false,true,pageerror,,linkrestored,2023-06-01 23:29:47,2026-04-23 14:09:47,2026-05-07 17:34:59,,,,1
Sitemap | Cruise1st Blog,https://www.cruise1st.co.uk/blog/sitemap/,en,wordpress,200,35,0,43014,0,5,271,0,0,https://www.cruise1st.com.au/blog/cruise-tips/8-things-not-to-bother-packing-for-a-cruise-holiday/,,8 Things Not to Bother Packing for a Cruise Holiday,,,,text,false,true,false,false,false,false,true,removedfromhtml,,linkrestored,2025-07-11 20:50:17,2026-04-15 13:10:01,2026-05-06 12:59:55,,Listing collection > Location,Travel > Specialty travel > Luxury travel,1
Prime Beauty Saloon - your beauty place,http://primebeautylounge.com/tg-links-dealer-black-hat-seo-services-mass-links-2-6/,en,wordpress,200,10,0,6,0,2303,3321,0,0,https://www.cruise1st.com.au/blog/cruise-tips/which-cruise-ships-have-the-best-casinos-2/,,TG @LINKS_DEALER | EFFECTIVE SEO LINKS FOR WWW.CRUISE1ST.COM.AU,,,,text,true,false,true,false,false,false,true,,,linkfound,2026-03-06 16:25:17,2026-04-23 15:34:15,,,Article > Review,Beauty > Beauty services > Other,2
Australian Marketers’ Guide to SEO Best Practices – Search Engine Journal | Sbyme,https://sbyme.com/australian-marketers-guide-to-seo-best-practices-search-engine-journal/,en,wordpress,200,18,0,0,15,2217,3625,0,0,https://www.cruise1st.com.au/,,cruise1st,,https://cruise1st.com.au/,301,text,true,true,false,false,false,true,true,,,linkrestored,2024-11-27 00:54:56,2026-04-21 12:21:43,,,Article > Guide,Internet > Web services > SEO and marketing; Business > Marketing > Marketing,1
Caribbean,https://www.semanticjuice.com/caribbean/,en,,200,29,0,0,0,33,69,0,0,https://www.cruise1st.com.au/cruise-ship/azamara-journey,,https://www.cruise1st.com.au/cruise-ship/azamara-journey,,,,image,true,true,false,false,false,false,true,,,pagefound,2024-08-13 14:23:59,2026-04-28 07:27:46,,,,,1
"Cruise1St.com.au - анализ сайта, seo характеристики сайта - круисе1ст точка ком точка ау",https://prlog.ru/analysis/cruise1st.com.au,ru,,200,51,0,91,0,36,302,0,0,https://www.cruise1st.com.au/destinations/world-cruises,,cruise1st.com.au/destinations/world-cruises,,https://cruise1st.com.au/destinations/world-cruises,301,text,false,true,true,false,false,false,true,,,linkrestored,2020-02-04 15:30:12,2026-04-25 11:20:27,,,,,1
"Cruise1St.com.au - анализ сайта, seo характеристики сайта - круисе1ст точка ком точка ау",https://prlog.ru/analysis/cruise1st.com.au,ru,,200,51,0,91,0,36,302,0,0,http://www.cruise1st.com.au/press.phtml,,cruise1st.com.au/press.phtml,,,,text,false,true,true,false,false,false,true,,,pagefound,2019-07-14 20:21:19,2026-04-25 11:20:27,,,,,1
Australian Marketers’ Guide to SEO Best Practices – Search Engine Journal | Website Hubs,https://websitehubs.com/australian-marketers-guide-to-seo-best-practices-search-engine-journal/,en,wordpress,200,25,0,0,14,2219,3627,0,0,https://www.cruise1st.com.au/,,cruise1st,,https://cruise1st.com.au/,301,text,true,true,false,false,false,true,true,,,linkrestored,2024-11-27 01:47:48,2026-04-21 03:34:46,,,Article > Guide,Internet > Web services > SEO and marketing; Business > Marketing > Marketing,1
"Cruise1St.com.au - анализ сайта, seo характеристики сайта - круисе1ст точка ком точка ау",https://prlog.ru/analysis/cruise1st.com.au,ru,,200,51,0,91,0,36,302,0,0,https://www.cruise1st.com.au/destinations/panama-canal,,cruise1st.com.au/destinations/panama-canal,,https://cruise1st.com.au/destinations/panama-canal,301,text,false,true,true,false,false,false,true,,,linkrestored,2020-02-04 15:30:12,2026-04-25 11:20:27,,,,,1
Passport & Visa Requirements for Cruises | Cruise1st,https://cruise1stau.site.traveltek.net/faq/passportandvisas,en,,200,44,0,680,0,4,132,0,0,https://www.cruise1st.com.au/cruise-ship/carnival-spirit,,Carnival Spirit,,,,text,false,false,false,false,false,false,true,,,pagefound,2025-08-06 05:55:24,2026-03-14 18:25:09,,,,,1
Club Atlético PilarTG @LINKS_DEALER | BLACK HAT SEO SERVICES | MASS LINKS | HTTPS://T.ME/LINKS_DEALER - Club Atlético Pilar,http://clubatleticopilar.com/links-dealer-monten/tg-links-dealer-black-hat-seo-services-mass-links-55/,en,,200,8,0,38,0,2402,3315,0,0,https://www.cruise1st.com.au/blog/activities-entertainment/which-cruise-ships-have-the-best-casinos/,,TG @LINKS_DEALER | EFFECTIVE SEO LINKS FOR WWW.CRUISE1ST.COM.AU,,,,text,true,false,true,false,false,false,true,,,pagefound,2025-12-01 15:59:05,2026-05-03 14:25:11,,,Site page > Home,Sports > Team sports > Soccer; Internet > Web services > Development,2
Sitemap | Cruise1st Blog,https://www.cruise1st.co.uk/blog/sitemap/,en,wordpress,200,35,0,43014,0,5,271,0,0,https://www.cruise1st.com.au/blog/cruising/embarkation-day-step-step-guide-successful-departure/,,Embarkation Day: A Step-By-Step Guide for Successful Departure,,,,text,false,true,false,false,false,false,true,removedfromhtml,,linkrestored,2025-07-11 20:50:17,2026-04-15 13:10:01,2026-05-06 12:59:55,,Listing collection > Location,Travel > Specialty travel > Luxury travel,1
"10 surprising river cruises around the world | Bega District News | Bega, NSW",https://www.begadistrictnews.com.au/story/8524019/10-surprising-river-cruises-around-the-world/,en,,200,53,0,1715,0,23,26,0,0,https://www.cruise1st.com.au/,river and rail; check out deals from Cruise Express and,Cruise1st,. Independent travellers can also plan Eurostar or Eurail holidays,,,text,false,true,false,false,false,false,true,,,pagefound,2026-05-07 02:52:52,2026-05-07 02:52:52,,Louise Goldsbury,,,1
🔥 BHS Links – Hardcore Black Hat SEO – TG @bhs_links - bhs-links-flux.online,https://bhs-links-flux.online/egypt-17-07-2025/bhs-links-egypt-1/,,,0,2.2,0,0,10,2325,3131,0,0,https://www.cruise1st.com.au/blog/activities-entertainment/which-cruise-ships-have-the-best-casinos/,,TG @BHS_LINKS - BEST SEO LINKS - https://t.me/bhs_links,,,,text,true,false,true,false,false,false,true,,tooold,pagefound,2025-07-30 20:21:35,2025-08-08 15:20:08,2026-04-11 08:02:42,,,,1
Sitemap | Cruise1st Blog,https://www.cruise1st.co.uk/blog/sitemap/,en,wordpress,200,35,0,43014,0,5,271,0,0,https://www.cruise1st.com.au/blog/news/coronavirus-what-you-need-to-know/,,Coronavirus: What You Need to Know,,,,text,false,true,false,false,false,false,true,removedfromhtml,,linkrestored,2025-07-11 20:50:17,2026-04-15 13:10:01,2026-05-06 12:59:55,,Listing collection > Location,Travel > Specialty travel > Luxury travel,1
Cruise1st Gift Voucher Gift Card Balance Check,https://gcb.today/au/gift-card-balance/cruise1st-gift-voucher,en,,200,21,0,875,0,10,47,0,0,https://www.cruise1st.com.au/cruise-ship/pacific-explorer,first 20 customers who purchase a package holiday onboard Pacific ...,https://www.cruise1st.com.au/cruise-ship/pacific-explorer,,,,text,false,true,true,false,false,false,true,,,pagefound,2025-12-15 15:45:16,2026-05-06 15:17:40,,Gift Card Balance Today,,,2
Infinity Megastore Complaints - ComplaintInfo.com,https://complaintinfo.com/i-complaints/infinity-megastore-complaints.html,en,,200,3.7,0,0,0,17,26,0,0,https://www.cruise1st.com.au/,,Cheap Cruise Deals & Packages 2020 Cruise1st.com.au,,,,text,false,true,true,false,false,false,true,,,pagefound,2020-04-28 19:18:44,2026-04-30 05:40:12,,,,,1
🍪 TELEGRAM @SALESOVEN | ACCESS TO HACKED SITES FOR SEO | HTTPS://T.ME/SALESOVEN 🔥 – Driving Test Help,https://drivingtesthelp.ca/telegram-salesoven-access-to-hacked-sites-for-seo-24-2/,en,wordpress,200,7,0,0,1,2311,3308,0,0,https://www.cruise1st.com.au/blog/cruise-tips/which-cruise-ships-have-the-best-casinos-2/,,🍪 TELEGRAM @SALESOVEN | ACCESS TO HACKED SITES FOR SEO | HTTPS://T.ME/SALESOVEN 🔥,,,,text,true,false,true,false,false,false,true,,,linkfound,2026-03-16 16:29:21,2026-03-16 16:29:21,,,Site page > Services,Internet > Web services > SEO and marketing,1
Sitemap | Cruise1st Blog,https://www.cruise1st.co.uk/blog/sitemap/,en,wordpress,200,35,0,43014,0,5,271,0,0,https://www.cruise1st.com.au/blog/news/cruise-growth-continues-1-18-australians-take-seas/,,Cruise Growth Continues as 1 in 18 Australians Take to the Seas,,,,text,false,true,false,false,false,false,true,removedfromhtml,,linkrestored,2025-07-11 20:50:17,2026-04-15 13:10:01,2026-05-06 12:59:55,,Listing collection > Location,Travel > Specialty travel > Luxury travel,1
Royal Caribbean’s 49-night cruise from Sydney to London | Senior,https://www.thesenior.com.au/story/5604337/from-sydney-to-london-what-a-cruise/,en,,200,60,0,17199,0,14,20,0,0,https://www.cruise1st.com.au/,"1300-596-345,",www.cruise1st.com.au,,http://www.cruise1st.com.au/,301,text,false,false,false,false,false,false,true,,,pagefound,2025-01-18 10:20:43,2026-04-16 21:47:52,,,,,2
Sitemap | Cruise1st Blog,https://www.cruise1st.co.uk/blog/sitemap/,en,wordpress,200,35,0,43014,0,5,271,0,0,https://www.cruise1st.com.au/blog/cruising/destinations/guide-exploring-great-barrier-reef/,,A Guide to Exploring the Great Barrier Reef,,,,text,false,true,false,false,false,false,true,removedfromhtml,,linkrestored,2025-07-11 20:50:17,2026-04-15 13:10:01,2026-05-06 12:59:55,,Listing collection > Location,Travel > Specialty travel > Luxury travel,1
shubhangi.co.in | few of top websites | page no. 960,https://www.shubhangi.co.in/domain-list-960,en,,200,4.9,0,0,0,1052,2045,0,0,https://www.cruise1st.com.au/,,cruise1st.com.au,,"http://cruise1st.com.au/, https://cruise1st.com.au/","301, 301",text,true,true,true,false,false,false,true,,,linkrestored,2025-05-09 23:21:17,2026-04-08 09:53:00,,,Listing collection > Business,Internet > Web services > Development; Reference > Listings > Business,1
"10 surprising river cruises around the world | Daily Liberal | Dubbo, NSW",https://www.dailyliberal.com.au/story/8524019/10-surprising-river-cruises-around-the-world/,en,,200,57,0,9887,0,29,31,0,0,https://www.cruise1st.com.au/,river and rail; check out deals from Cruise Express and,Cruise1st,. Independent travellers can also plan Eurostar or Eurail holidays,,,text,false,true,false,false,false,false,true,,,pagefound,2026-04-12 22:04:59,2026-05-11 10:25:51,,Louise Goldsbury,,,1
Sitemap | Cruise1st Blog,https://www.cruise1st.co.uk/blog/sitemap/,en,wordpress,200,35,0,43014,0,5,271,0,0,https://www.cruise1st.com.au/blog/news/po-lowers-kids-club-entry-age/,,P&O Lowers Kids Club Entry Age,,,,text,false,true,false,false,false,false,true,removedfromhtml,,linkrestored,2025-07-11 20:50:17,2026-04-15 13:10:01,2026-05-06 12:59:55,,Listing collection > Location,Travel > Specialty travel > Luxury travel,1
Singapore to Perth cruise and Indian Pacific rail adventure | Cruise Weekly,https://cruiseweekly.co.nz/news/singapore-to-perth-cruise-and-indian-pacific-rail-adventure/45259,en,wordpress,200,0.1,0,0,0,12,15,0,0,http://www.cruise1st.com.au/,For more information call 1300 596 345 or visit,www.cruise1st.com.au,,,,text,false,true,false,false,false,false,true,,,pagefound,2025-10-01 21:03:10,2026-04-18 12:41:30,,,,,4
"@SEO_CARTEL IN TELEGRAM - SEO BACKLINKS, BULK LINK POSTING, BOOST SEO RANKING - HTTPS://T.ME/SEO_CARTEL",https://www.ju-jutsu-hot.de/seo-cartel-in-telegram-seo-backlinks-bulk-link-19/,"en, de","ecommerce, wordpress",200,3.7,0,0,0,3059,4434,0,0,https://www.cruise1st.com.au/blog/activities-entertainment/which-cruise-ships-have-the-best-casinos/,,"@SEO_CARTEL IN TELEGRAM – SEO BACKLINKS, BULK LINK POSTING, BOOST SEO RANKING",,,,text,true,false,true,false,false,false,true,,,pagefound,2025-12-17 05:22:51,2026-04-26 03:04:43,,,Site page > Services,Internet > Web services > SEO and marketing; Business > Marketing > Marketing,1
Passport & Visa Requirements for Cruises | Cruise1st,https://cruise1stau.site.traveltek.net/faq/passportandvisas,en,,200,44,0,680,0,4,132,0,0,https://www.cruise1st.com.au/info/contact,,cruise1st Australia Contact us,,,,image,false,true,false,false,false,false,true,,,pagefound,2025-08-06 05:55:24,2026-03-14 18:25:09,,,,,1
Sitemap | Cruise1st Blog,https://www.cruise1st.co.uk/blog/sitemap/,en,wordpress,200,35,0,43014,0,5,271,0,0,https://www.cruise1st.com.au/blog/activities-entertainment/20-of-the-best-books-to-read-on-this-years-cruise/,,20 of the Best Books to Read On This Year’s Cruise,,,,text,false,true,false,false,false,false,true,removedfromhtml,,linkrestored,2025-07-11 20:50:17,2026-04-15 13:10:01,2026-05-06 12:59:55,,Listing collection > Location,Travel > Specialty travel > Luxury travel,1
Most Visited website list 690 | Website Directory,https://websitedirectoy.com/most-visited-website-list-690/,en,wordpress,200,18,0,0,0,5190,6909,0,0,https://www.cruise1st.com.au/,,cruise1st,,https://cruise1st.com.au/,301,text,true,false,false,false,false,false,true,,,linkrestored,2025-09-29 19:30:03,2026-03-15 01:23:51,,,Listing collection > Business,Internet > Web services > Development; Business > Business services > Consulting; Reference > Listings,2
Market Segmentation Revealed | Article Ment,https://articlement.com/market-segmentation-revealed/,en,wordpress,200,57,0,0,1,2926,3513,0,0,https://www.cruise1st.com.au/,,cruise1st,,https://cruise1st.com.au/,301,text,true,true,false,false,false,true,true,,,linkrestored,2025-03-03 08:04:32,2026-05-06 11:20:23,,,Article > Guide,Business > Marketing > Marketing,1
"Cruise1St.com.au - анализ сайта, seo характеристики сайта - круисе1ст точка ком точка ау",https://prlog.ru/analysis/cruise1st.com.au,ru,,200,51,0,91,0,36,302,0,0,https://www.cruise1st.com.au/cruise-lines/azamara-club-cruises,,cruise1st.com.au/cruise-lines/azamara-club-cruises,,https://cruise1st.com.au/cruise-lines/azamara-club-cruises,301,text,false,true,true,false,false,false,true,,,linkrestored,2019-07-14 20:21:19,2026-04-25 11:20:27,,,,,1
Most Visited website list 1976 | Most Rank Directory,https://mostrankdirectory.com/most-visited-website-list-1976/,en,wordpress,200,18,0,0,0,5403,7178,0,0,https://www.cruise1st.com.au/,,cruise1st.com.au,,https://cruise1st.com.au/,301,text,true,false,false,false,false,false,true,,,linkfound,2025-12-21 18:41:33,2026-05-08 12:15:44,,,Listing collection > Business,Business > Business services > Consulting; Internet > Web services > Analytics,1
Most Visited website list 690 | Smart Way Directory,https://smartwaydirectory.com/most-visited-website-list-690/,en,wordpress,200,56,0,0,0,5215,6934,0,0,https://www.cruise1st.com.au/,,cruise1st,,https://cruise1st.com.au/,301,text,true,false,false,false,false,false,true,,,linkrestored,2025-10-01 01:22:57,2026-05-06 02:38:38,,,Listing collection > Business,Business > Business services > Consulting; Internet > Web services > Development,2
Passport & Visa Requirements for Cruises | Cruise1st,https://cruise1stau.site.traveltek.net/faq/passportandvisas,en,,200,44,0,680,0,4,132,0,0,https://www.cruise1st.com.au/press-offers,,Press Offers,,,,text,false,false,false,false,false,false,true,,,pagefound,2025-08-06 05:55:24,2026-03-14 18:25:09,,,,,1
Sitemap | Cruise1st Blog,https://www.cruise1st.co.uk/blog/sitemap/,en,wordpress,200,35,0,43014,0,5,271,0,0,https://www.cruise1st.com.au/blog/cruise-lines/princess-cruises-cruising/cruising-princess-medallionclass-with-the-oceanmedallion/,,Cruising Princess MedallionClass with the OceanMedallion,,,,text,false,true,false,false,false,false,true,removedfromhtml,,linkrestored,2025-07-11 20:50:17,2026-04-15 13:10:01,2026-05-06 12:59:55,,Listing collection > Location,Travel > Specialty travel > Luxury travel,1
Cruise1st Gift Voucher Gift Card Balance Check,https://gcb.today/au/gift-card-balance/cruise1st-gift-voucher,en,,200,21,0,875,0,10,47,0,0,https://www.cruise1st.com.au/cruises/february-cruises,... We are specialists in cheap cruise deals around ...,https://www.cruise1st.com.au/cruises/february-cruises,,,,text,false,true,true,false,false,false,true,,,pagefound,2025-12-15 15:45:16,2026-05-06 15:17:40,,Gift Card Balance Today,,,1
Eurekster,https://p.eurekster.com/?id=&apdiv=Submit&search=Best%20Cruise%20Deal,en,,200,51,0,0,0,108,152,0,0,https://www.cruise1st.com.au/,,Cheap Cruise Deals & Packages 2020 | Cruise1st.com.au,,,,text,false,false,false,false,false,false,true,,,pagefound,2021-11-25 05:49:20,2026-05-07 04:00:13,,,,,3
"@SEO_CARTEL IN TELEGRAM – SEO BACKLINKS, BULK LINK POSTING, BOOST SEO RANKING – HTTPS://T.ME/SEO_CARTEL – Parafia Rzymskokatolicka św. Rodziny w Czarnej Białostockiej",http://czb.grafikmk.pl/seo-cartel-in-telegram-seo-backlinks-bulk-link-19/,"en, pl",wordpress,200,32,0,45,0,3058,4517,0,0,https://www.cruise1st.com.au/blog/activities-entertainment/which-cruise-ships-have-the-best-casinos/,,"@SEO_CARTEL IN TELEGRAM – SEO BACKLINKS, BULK LINK POSTING, BOOST SEO RANKING",,,,text,true,false,true,false,false,false,true,,,pagefound,2025-12-21 10:06:08,2026-05-10 07:16:03,,,Site page > Services,Internet > Web services > SEO and marketing; Business > Marketing > Marketing,1
Passport & Visa Requirements for Cruises | Cruise1st,https://cruise1stau.site.traveltek.net/faq/passportandvisas,en,,200,44,0,680,0,4,132,0,0,https://www.cruise1st.com.au/destinations/india,,India,,,,text,false,false,false,false,false,false,true,,,pagefound,2025-08-06 05:55:24,2026-03-14 18:25:09,,,,,1
Sitemap | Cruise1st Blog,https://www.cruise1st.co.uk/blog/sitemap/,en,wordpress,200,35,0,43014,0,5,271,0,0,https://www.cruise1st.com.au/blog/cruise-ships/unique-unusual-entertainment-options-on-cruises/,,10 of the Most Unique & Unusual Entertainment Options on Cruise Ships,,,,text,false,true,false,false,false,false,true,removedfromhtml,,linkrestored,2025-07-11 20:50:17,2026-04-15 13:10:01,2026-05-06 12:59:55,,Listing collection > Location,Travel > Specialty travel > Luxury travel,1
Most Visited website list 1976 | Media Zone Directory,https://mediazonedirectory.com/most-visited-website-list-1976/,en,wordpress,200,20,0,0,0,5403,7176,0,0,https://www.cruise1st.com.au/,,cruise1st.com.au,,https://cruise1st.com.au/,301,text,true,false,false,false,false,false,true,,,pagefound,2025-12-24 07:33:58,2026-05-11 11:12:28,,,Listing collection > Business,Internet > Web services > Development; Business > Business services; News; Reference > Listings,1
4 Classic Tips For Marketing Your Business Offline | Webs Country,https://webscountry.com/4-classic-tips-for-marketing-your-business-offline/,en,wordpress,200,57,0,0,0,2440,3228,0,0,https://www.cruise1st.com.au/,,cruise1st.com.au,,https://cruise1st.com.au/,301,text,true,true,false,false,false,false,true,,,linkrestored,2024-06-08 16:17:27,2026-05-08 23:40:37,,,,,2
Directory website list 1976 | Us Directory List,https://usdirectorylist.com/directory-website-list-1976/,en,wordpress,200,24,0,0,0,5392,7156,0,0,https://www.cruise1st.com.au/,,cruise1st.com.au,,https://cruise1st.com.au/,301,text,true,false,false,false,false,false,true,,,pagefound,2025-09-30 12:49:03,2026-04-29 12:32:56,,,Listing collection > Business,Business > Business services > Consulting; Reference > Listings > Business,1
fly cruise sydney to singapore,https://www.omniservices.com/toolso/u5w60i5/viewtopic.php?page=fly-cruise-sydney-to-singapore,en,,200,12,0,445,0,15,24,0,0,https://www.cruise1st.com.au/destinations/singapore,travel advice site for the latest travel updates. | |,Singapore Cruises | Best Deals & Packages - Cruise1st.com.au,"Split, Barcelona Mosquera Island, Galapagos | | Flight details, timings",,,text,false,true,false,false,false,false,true,,,linkrestored,2025-01-21 12:25:33,2026-04-04 02:02:05,,,Listing collection > Location,Travel > Travel agencies > Vacation,1
Eurekster,https://p.eurekster.com/?id=&apdiv=Submit&search=Norwegian%20Cruise%20Ship,en,,200,51,0,0,0,100,109,0,0,https://www.cruise1st.com.au/cruise-ship/norwegian-pearl,,https://www.cruise1st.com.au/cruise-ship/norwegian-pearl,,,,text,false,false,false,false,false,false,true,,,linkfound,2022-12-16 13:06:03,2026-05-08 03:48:43,,,,,1
"10 surprising river cruises around the world | Nyngan Observer | Nyngan, NSW",https://www.nynganobserver.com.au/story/8524019/10-surprising-river-cruises-around-the-world/,en,,200,31,0,338,0,27,29,0,0,https://www.cruise1st.com.au/,river and rail; check out deals from Cruise Express and,Cruise1st,. Independent travellers can also plan Eurostar or Eurail holidays,,,text,false,true,false,false,false,false,true,,,pagefound,2026-04-12 23:47:21,2026-05-05 03:56:40,,Louise Goldsbury,,,1
"Cruise1St.com.au - анализ сайта, seo характеристики сайта - круисе1ст точка ком точка ау",https://prlog.ru/analysis/cruise1st.com.au,ru,,200,51,0,91,0,36,302,0,0,https://www.cruise1st.com.au/blog,,cruise1st.com.au/blog,,https://cruise1st.com.au/blog,301,text,false,true,true,false,false,false,true,,,linkrestored,2022-06-15 22:06:50,2026-04-25 11:20:27,,,,,2
Sitemap | Cruise1st Blog,https://www.cruise1st.co.uk/blog/sitemap/,en,wordpress,200,35,0,43014,0,5,271,0,0,https://www.cruise1st.com.au/blog/cruise-tips/perfect-timing/,,Perfect Timing: When to Book Your Cruise,,,,text,false,true,false,false,false,false,true,removedfromhtml,,linkrestored,2025-07-11 20:50:17,2026-04-15 13:10:01,2026-05-06 12:59:55,,Listing collection > Location,Travel > Specialty travel > Luxury travel,1
Stress Management Ideas – Finding Calm in a Busy World – My Blog,https://marketingexperts.click/?p=336207,en,wordpress,200,18,0,0,0,2687,3584,0,0,https://www.cruise1st.com.au/,cruise-croatia.com.au cruise-russia.com.au,cruise1st.com.au,cruiseabout.com.au cruiseautomotive.com.au,https://cruise1st.com.au/,301,text,true,true,true,false,false,false,true,,,pagefound,2026-02-25 11:31:37,2026-04-07 01:19:42,,,,,2
Sitemap | Cruise1st Blog,https://www.cruise1st.co.uk/blog/sitemap/,en,wordpress,200,35,0,43014,0,5,271,0,0,https://www.cruise1st.com.au/blog/cruising/your-guide-to-the-baltic-sea/,,Your Guide to the Baltic Sea,,,,text,false,true,false,false,false,false,true,removedfromhtml,,linkrestored,2025-07-11 20:50:17,2026-04-15 13:10:01,2026-05-06 12:59:55,,Listing collection > Location,Travel > Specialty travel > Luxury travel,1
Most Visited website list 1948 | Guest Post Directory,https://guestpostsdirectory.com/most-visited-website-list-1948/,en,wordpress,200,18,0,0,0,5472,6547,0,0,https://www.cruise1st.com.au/,,cruise1st,,https://cruise1st.com.au/,301,text,true,false,false,false,false,false,true,,,linkrestored,2025-08-27 17:20:58,2026-04-28 02:51:24,,,Listing collection > Business,Reference > General reference; Society > Other; Internet > Web services; Business > Business services; News,2
🍪 TELEGRAM @SALESOVEN | ACCESS TO HACKED SITES FOR SEO | HTTPS://T.ME/SALESOVEN 🔥 – Sklepy Era Konopi,https://sklepy.erakonopi.pl/telegram-salesoven-access-to-hacked-sites-for-seo-24-7/,"en, pl","ecommerce, wordpress",200,25,0,484,1,2317,3333,0,0,https://www.cruise1st.com.au/blog/cruise-tips/which-cruise-ships-have-the-best-casinos-2/,,🍪 TELEGRAM @SALESOVEN | ACCESS TO HACKED SITES FOR SEO | HTTPS://T.ME/SALESOVEN 🔥,,,,text,true,false,true,false,false,false,true,,,linkfound,2026-04-20 00:38:35,2026-04-20 00:38:35,,Michał Kruk,Site page > Services,Internet > Web services > SEO and marketing,1
The Moo's News » Blog Archive » FatCow Hosts a Casino Night and Donates Moooola to Charity,http://fatcow.com/blog/?p=649,en,wordpress,200,83,0,1840,64,6259,9992,0,0,http://www.cruise1st.com.au/cruises/last-minute-cruises,,cruises from Sydney,Says:,,,text,false,false,true,true,false,true,true,,,linkfound,2026-02-05 16:33:30,2026-02-05 16:33:30,,,Article > News,Games > Gambling > Other; Society > Advocacy > Philanthropy,1
Simple SEO Tips For Your Website – YELPAD,https://yelpad.com/simple-seo-tips-for-your-website/,en,wordpress,200,30,0,0,0,5193,6991,0,0,https://www.cruise1st.com.au/,,cruise1st,,https://cruise1st.com.au/,301,text,true,false,false,false,false,false,true,,,linkrestored,2024-10-16 00:41:28,2026-05-09 21:21:54,,,Article > How-to,Internet > Web services > SEO and marketing,1
Most Visited website list 1976 | Top Viral Directory,https://topviraldirectory.com/most-visited-website-list-1976/,en,wordpress,200,55,0,0,0,5394,7156,0,0,https://www.cruise1st.com.au/,,cruise1st.com.au,,https://cruise1st.com.au/,301,text,true,false,false,false,false,false,true,,,linkrestored,2025-10-04 02:32:05,2026-04-28 03:35:56,,,Listing collection > Business,Business > Business services > Consulting; Internet > Web services > SEO and marketing,1
christmas yacht cruise,https://euroseal-group.com/wbqozkqk/import/christmas-yacht-cruise,,"ecommerce, wordpress",200,0.3,0,0,0,33,47,0,0,https://www.cruise1st.com.au/cruise-ship,L.L.C. Quick Links. Emerald Cruises - 2023 Yacht Cruise Calendar.,cruise,,,,text,false,true,false,false,false,false,true,,,pagefound,2022-11-29 13:50:10,2025-11-13 08:31:19,,,Listing collection > Event,Travel > Specialty travel > Luxury travel,2
Sitemap | Cruise1st Blog,https://www.cruise1st.co.uk/blog/sitemap/,en,wordpress,200,35,0,43014,0,5,271,0,0,https://www.cruise1st.com.au/blog/activities-entertainment/best-way-see-whales-dolphins-cruise/,,The Best Way to See Whales and Dolphins on Your Cruise,,,,text,false,true,false,false,false,false,true,removedfromhtml,,linkrestored,2025-07-11 20:50:17,2026-04-15 13:10:01,2026-05-06 12:59:55,,Listing collection > Location,Travel > Specialty travel > Luxury travel,1
Cruise1st Gift Voucher Gift Card Balance Check,https://gcb.today/au/gift-card-balance/cruise1st-gift-voucher,en,,200,21,0,875,0,10,47,0,0,https://www.cruise1st.com.au/blog/cruise-lines/royal-caribbean/spotlight-starbucks-sea/,"passenger SeaPass accounts, while freestanding kiosks also accept gift cards.",https://www.cruise1st.com.au/blog/cruise-lines/royal-caribbean/spotlight-starbucks-sea/,,,,text,false,true,true,false,false,false,true,,,pagefound,2025-12-15 15:45:16,2026-05-06 15:17:40,,Gift Card Balance Today,,,1
"10 surprising river cruises around the world | Lithgow Mercury | Lithgow, NSW",https://www.lithgowmercury.com.au/story/8524019/10-surprising-river-cruises-around-the-world/,en,,200,39,0,1565,0,27,29,0,0,https://www.cruise1st.com.au/,river and rail; check out deals from Cruise Express and,Cruise1st,. Independent travellers can also plan Eurostar or Eurail holidays,,,text,false,true,false,false,false,false,true,,,pagefound,2026-04-20 03:41:20,2026-05-11 02:53:25,,Louise Goldsbury,,,1
Cruise1st Gift Voucher Gift Card Balance Check,https://gcb.today/au/gift-card-balance/cruise1st-gift-voucher,en,,200,21,0,875,0,10,47,0,0,https://www.cruise1st.com.au/info/contact,"on hand to help, call us ? 1300 857 345.",https://www.cruise1st.com.au/info/contact,,,,text,false,true,true,false,false,false,true,,,pagefound,2025-12-15 15:45:16,2026-05-06 15:17:40,,Gift Card Balance Today,,,1
,http://papasearch.net/Artificial_Intelligence/ArtificialIntelligence54.html,en,,200,16,0,0,0,1210,3014,0,0,https://www.cruise1st.com.au/blog/,,Home,�,,,text,true,true,false,false,false,false,true,,,linkrestored,2024-07-14 18:15:33,2026-04-28 20:13:04,,,Listing collection > Event,Science > Computer science > Artificial intelligence; Computers and electronics > Software; Government; Society,1
Passport & Visa Requirements for Cruises | Cruise1st,https://cruise1stau.site.traveltek.net/faq/passportandvisas,en,,200,44,0,680,0,4,132,0,0,https://www.cruise1st.com.au/cruise-lines/costa,,Costa Cruises,,,,text,false,false,false,false,false,false,true,,,pagefound,2025-08-06 05:55:24,2026-03-14 18:25:09,,,,,1
Directory Pages Index,https://factmags.com/ctllxseo/410Updates-best-seo-service/,en,,200,73,0,0,0,8689,10000,0,0,https://www.cruise1st.com.au/,lescyranos gsmol,cruise1st,turbulencepod podcastlaunchpad,https://cruise1st.com.au/,301,text,true,true,true,false,false,false,true,,,linkfound,2026-05-09 18:48:46,2026-05-09 18:48:46,,,Listing collection > Business,Business > Business services > Other; Reference > Listings > Business; Society,1
🔥 BHS Links – Hardcore Black Hat SEO – TG @bhs_links - bhs-links-stack.online,https://bhs-links-stack.online/egypt-17-07-2025/bhs-links-egypt-1/,"en, uk",,200,2.5,0,0,19,2373,3280,0,0,https://www.cruise1st.com.au/blog/activities-entertainment/which-cruise-ships-have-the-best-casinos/,,TG @BHS_LINKS - BEST SEO LINKS - https://t.me/bhs_links,,,,text,true,false,true,false,false,false,true,,,pagefound,2025-08-19 06:37:53,2026-02-08 21:23:57,,,Site page > Services,Internet > Web services > SEO and marketing,1
Directory website list 1948 | Top Backlinks Directory,https://topbacklinksdirectory.com/directory-website-list-1948/,,wordpress,404,13,0,0,0,5370,6401,0,0,https://www.cruise1st.com.au/,,cruise1st,,https://cruise1st.com.au/,301,text,true,false,false,false,false,false,true,notfound,,pagefound,2025-10-03 12:55:20,2025-10-24 07:42:41,2026-04-18 04:11:51,,,,2
Sitemap | Cruise1st Blog,https://www.cruise1st.co.uk/blog/sitemap/,en,wordpress,200,35,0,43014,0,5,271,0,0,https://www.cruise1st.com.au/blog/cruise-ships/8-amazing-cruise-ship-swimming-pools/,,8 Amazing Cruise Ship Swimming Pools,,,,text,false,true,false,false,false,false,true,removedfromhtml,,linkrestored,2025-07-11 20:50:17,2026-04-15 13:10:01,2026-05-06 12:59:55,,Listing collection > Location,Travel > Specialty travel > Luxury travel,1
"Cruise1St.com.au - анализ сайта, seo характеристики сайта - круисе1ст точка ком точка ау",https://prlog.ru/analysis/cruise1st.com.au,ru,,200,51,0,91,0,36,302,0,0,https://www.cruise1st.com.au/cruise-ship/explorer-of-the-seas,,cruise1st.com.au/cruise-ship/explorer-of-the-seas,,https://cruise1st.com.au/cruise-ship/explorer-of-the-seas,301,text,false,true,true,false,false,false,true,,,linkrestored,2020-02-04 15:30:12,2026-04-25 11:20:27,,,,,1
TG @LINKS_DEALER | BLACK HAT SEO SERVICES | MASS LINKS | HTTPS://T.ME/LINKS_DEALER - Romance-Manga - อ่านการ์ตูนโรแมนซ์ มังงะรักโรแมนติก แปลไทย,https://romance-manga.com/tg-links-dealer-black-hat-seo-services-mass-links-12-3/,th,"ecommerce, wordpress",200,23,0,2285,0,2793,4408,0,0,https://www.cruise1st.com.au/cruise-ship/carnival-encounter,,TG @LINKS_DEALER | EFFECTIVE SEO LINKS FOR WWW.CRUISE1ST.COM.AU,,,,text,false,false,true,false,false,false,true,,,linkfound,2025-12-28 08:44:27,2026-04-11 17:53:28,,,Listing collection > Product,Entertainment > Animation > Manga,2
star virgo cruise booking,http://thefeedball.com/over-communities/star-virgo-cruise-booking,en,,200,4.2,0,0,0,5,6,0,0,https://www.cruise1st.com.au/cruise-ship/superstar-virgo,we reserve seats in restaurants like Genting Palace and Pavilion?,Superstar Virgo Cruise Ship Deals | Cruise1st,Book a private room for your own karaoke party standard,,,text,false,true,false,false,false,false,true,,,pagefound,2025-07-15 00:46:00,2026-04-14 19:13:41,,,,,1
Cruise Travel Resources – Ships. Ports. People.,https://cruisebuzz.net/cruise-travel-resources/,en,wordpress,200,4.4,0,10,1,33,72,0,0,https://www.cruise1st.com.au/blog/cruise-tips/food-drink/cruise-experts-favourite-dining-experiences/,fun roundup of eateries on the ships. Make sure to read,Cruise Enthusiasts Share Their Favourite Onboard Dining Experiences,to discover more sumptuous offerings to help plan where to,,,text,false,true,false,false,false,false,true,,,pagefound,2025-03-14 19:28:42,2026-05-08 05:03:35,,,Article > How-to,Travel > Specialty travel > Luxury travel,1
Sitemap | Cruise1st Blog,https://www.cruise1st.co.uk/blog/sitemap/,en,wordpress,200,35,0,43014,0,5,271,0,0,https://www.cruise1st.com.au/blog/cruise-tips/onboard-facilities/do-cruise-cabins-have-kettles/,,Do Cruise Cabins Have Kettles?,,,,text,false,true,false,false,false,false,true,removedfromhtml,,linkrestored,2025-07-11 20:50:17,2026-04-15 13:10:01,2026-05-06 12:59:55,,Listing collection > Location,Travel > Specialty travel > Luxury travel,1
Directory website list 1976 | Search Stack Directory,https://searchstackdirectory.com/directory-website-list-1976/,en,wordpress,200,21,0,0,0,5403,7182,0,0,https://www.cruise1st.com.au/,,cruise1st.com.au,,https://cruise1st.com.au/,301,text,true,false,false,false,false,false,true,,,pagefound,2026-01-26 11:25:16,2026-05-11 00:54:51,,,Listing collection > Business,Business > Business services > Consulting; Reference > Listings > Business; Internet,1
TG @LINKS_DEALER | BLACK HAT SEO SERVICES | MASS LINKS | HTTPS://T.ME/LINKS_DEALER - Techno - Broadcast System Integration,https://techno.bg/tg-links-dealer-black-hat-seo-services-mass-links-12-4/,en,"ecommerce, wordpress",200,27,0,8,0,2779,4349,0,0,https://www.cruise1st.com.au/cruise-ship/carnival-encounter,,TG @LINKS_DEALER | EFFECTIVE SEO LINKS FOR WWW.CRUISE1ST.COM.AU,,,,text,false,false,true,false,false,false,true,,,pagefound,2025-09-23 01:21:34,2026-01-28 00:16:04,,,Site page > Services,Internet > Web services > SEO and marketing; Business > Marketing > Marketing,1
Most Visited website list 690 | Ranking Directory,https://rankingwebdirectory.com/most-visited-website-list-690/,en,wordpress,200,55,0,0,0,5211,6919,0,0,https://www.cruise1st.com.au/,,cruise1st,,https://cruise1st.com.au/,301,text,true,false,false,false,false,false,true,,,linkrestored,2025-10-02 08:34:07,2026-05-10 03:40:35,,,Listing collection > Business,Internet > Web services > Analytics; Business > Business services > Consulting,2
"10 surprising river cruises around the world | Braidwood Times | Braidwood, NSW",https://www.braidwoodtimes.com.au/story/8524019/10-surprising-river-cruises-around-the-world/,en,,200,34,0,109,0,22,25,0,0,https://www.cruise1st.com.au/,river and rail; check out deals from Cruise Express and,Cruise1st,. Independent travellers can also plan Eurostar or Eurail holidays,,,text,false,true,false,false,false,false,true,,,linkfound,2026-05-07 09:50:10,2026-05-07 09:50:10,,Louise Goldsbury,,,1
🍪 TELEGRAM @SALESOVEN | ACCESS TO HACKED SITES FOR SEO | HTTPS://T.ME/SALESOVEN 🔥 – epako,https://epako.ao/telegram-salesoven-access-to-hacked-sites-for-seo-24-7/,"en, pt","ecommerce, wordpress",200,14,0,2,0,2322,3343,0,0,https://www.cruise1st.com.au/blog/cruise-tips/which-cruise-ships-have-the-best-casinos-2/,,🍪 TELEGRAM @SALESOVEN | ACCESS TO HACKED SITES FOR SEO | HTTPS://T.ME/SALESOVEN 🔥,,,,text,true,false,true,false,false,false,true,,,linkfound,2026-05-09 15:56:09,2026-05-09 15:56:09,,,Site page > Services,Internet > Web services > SEO and marketing; Shopping > Shopping portals,1
cruise singapore to australia 2023,https://reussitepartagee.com/tm60u/cruise-singapore-to-australia-2023,en,,200,21,0,0,0,20,49,0,0,https://www.cruise1st.com.au/destinations/singapore,Southeast Asia. Come and Seek the Royal Caribbean. Discounted Fares.,Singapore Cruises | Best Deals & Packages - Cruise1st.com.au,"*Please see all applicable Terms & Conditions for Promotions, {{",,,text,true,true,false,false,false,false,true,,,pagefound,2025-07-22 18:39:24,2026-04-15 03:20:29,,,Listing collection > Product,Travel > Specialty travel > Luxury travel,1
"Cruise1St.com.au - анализ сайта, seo характеристики сайта - круисе1ст точка ком точка ау",https://prlog.ru/analysis/cruise1st.com.au,ru,,200,51,0,91,0,36,302,0,0,https://www.cruise1st.com.au/cruise-lines/cunard,,cruise1st.com.au/cruise-lines/cunard,,https://cruise1st.com.au/cruise-lines/cunard,301,text,false,true,true,false,false,false,true,,,linkrestored,2019-09-19 08:38:13,2026-04-25 11:20:27,,,,,1
Cruise1st Gift Voucher Gift Card Balance Check,https://gcb.today/au/gift-card-balance/cruise1st-gift-voucher,en,,200,21,0,875,0,10,47,0,0,https://www.cruise1st.com.au/faq/online-check-in,credit card details to set up an onboard expense account.,https://www.cruise1st.com.au/faq/online-check-in,,,,text,false,true,true,false,false,false,true,,,pagefound,2025-12-15 15:45:16,2026-05-06 15:17:40,,Gift Card Balance Today,,,1
"10 surprising river cruises around the world | Merimbula News Weekly | Merimbula, NSW",https://www.merimbulanewsweekly.com.au/story/8524019/10-surprising-river-cruises-around-the-world/,en,,200,37,0,637,0,23,26,0,0,https://www.cruise1st.com.au/,river and rail; check out deals from Cruise Express and,Cruise1st,. Independent travellers can also plan Eurostar or Eurail holidays,,,text,false,true,false,false,false,false,true,,,pagefound,2026-04-12 21:05:06,2026-05-10 09:26:18,,Louise Goldsbury,,,1
Sitemap | Cruise1st Blog,https://www.cruise1st.co.uk/blog/sitemap/,en,wordpress,200,35,0,43014,0,5,271,0,0,https://www.cruise1st.com.au/blog/cruising/destinations/magnificent-mega-metropolises-the-must-see-attractions-of-dubai-and-abu-dhabi/,,Magnificent Mega-Metropolises: The Must-See Attractions of Dubai and Abu Dhabi,,,,text,false,true,false,false,false,false,true,removedfromhtml,,linkrestored,2025-07-11 20:50:17,2026-04-15 13:10:01,2026-05-06 12:59:55,,Listing collection > Location,Travel > Specialty travel > Luxury travel,1
Sitemap | Cruise1st Blog,https://www.cruise1st.co.uk/blog/sitemap/,en,wordpress,200,35,0,43014,0,5,271,0,0,https://www.cruise1st.com.au/blog/cruising/christmas-cruises-2019/,,Best Destinations for Christmas Cruises,,,,text,false,true,false,false,false,false,true,removedfromhtml,,linkrestored,2025-07-11 20:50:17,2026-04-15 13:10:01,2026-05-06 12:59:55,,Listing collection > Location,Travel > Specialty travel > Luxury travel,1
Sitemap | Cruise1st Blog,https://www.cruise1st.co.uk/blog/sitemap/,en,wordpress,200,35,0,43014,0,5,271,0,0,https://www.cruise1st.com.au/blog/activities-entertainment/9-strange-rules-laws-countries-around-world/,,9 Strange Rules and Laws from Countries Around the World,,,,text,false,true,false,false,false,false,true,removedfromhtml,,linkrestored,2025-07-11 20:50:17,2026-04-15 13:10:01,2026-05-06 12:59:55,,Listing collection > Location,Travel > Specialty travel > Luxury travel,1
princess cruise visa requirements,http://isoc.bh/wjfhj/princess-cruise-visa-requirements,en,wordpress,200,3.1,0,0,0,18,36,0,0,https://www.cruise1st.com.au/faq,account fees and terms for this particular offer before applying.,Passport & Visa Requirements for Cruises | Cruise1st,"No, if she has a Permanent Resident Card, she will",https://www.cruise1st.com.au/faq/passportandvisas,301,text,true,true,false,false,false,false,true,,,linkfound,2025-12-17 21:54:24,2026-04-26 23:22:02,,,Article > How-to,Travel > Travel agencies > Other,2
"10 surprising river cruises around the world | The Examiner | Launceston, TAS",https://www.examiner.com.au/story/8524019/10-surprising-river-cruises-around-the-world/,en,,200,70,0,45238,0,22,28,0,0,https://www.cruise1st.com.au/,river and rail; check out deals from Cruise Express and,Cruise1st,. Independent travellers can also plan Eurostar or Eurail holidays,,,text,false,true,false,false,false,false,true,,,linkfound,2026-04-21 15:17:31,2026-04-21 15:17:31,,Louise Goldsbury,,,1
Pontant launching four new cruise ships,https://www.smh.com.au/traveller/travel-news/the-cruise-director-20160415-go6yfb.html,en,,200,90,0,1029566,0,26,43,0,0,https://www.cruise1st.com.au/,"in Rome included; from $3999. Phone 1300 596 345, see",cruise1st.com.au,.,"http://cruise1st.com.au/, https://cruise1st.com.au/","301, 301",text,false,true,false,false,false,false,true,,,linkfound,2026-04-28 18:05:50,2026-04-28 18:05:50,,Sally Macmillan,,,1
Most Visited website list 690 | Media Post Directory,https://mediapostdirectory.com/most-visited-website-list-690/,en,wordpress,200,56,0,0,0,5220,6950,0,0,https://www.cruise1st.com.au/,,cruise1st,,https://cruise1st.com.au/,301,text,true,false,false,false,false,false,true,,,linkrestored,2025-10-02 00:40:40,2026-05-05 23:06:05,,,Listing collection > Business,Internet > Web services > Development; Business > Business services; News,2
🔥 BHS Links – Hardcore Black Hat SEO – TG @bhs_links - bhs-links-echo.online,https://bhs-links-echo.online/egypt-17-07-2025/bhs-links-egypt-1/,"en, uk",,0,2.2,0,0,6,2324,3127,0,0,https://www.cruise1st.com.au/blog/activities-entertainment/which-cruise-ships-have-the-best-casinos/,,TG @BHS_LINKS - BEST SEO LINKS - https://t.me/bhs_links,,,,text,true,false,true,false,false,false,true,,tooold,pagefound,2025-07-30 14:58:22,2025-08-10 03:07:37,2026-04-20 06:14:19,,,,1
Directory website list 1976 | Seo Pro Directory,https://seoprodirectory.com/directory-website-list-1976/,en,wordpress,200,15,0,0,0,5393,7158,0,0,https://www.cruise1st.com.au/,,cruise1st.com.au,,https://cruise1st.com.au/,301,text,true,false,false,false,false,false,true,,,pagefound,2026-01-04 01:31:21,2026-05-05 17:28:14,,,Listing collection > Business,Business > Business services > Consulting; Internet > Search engines; Reference,1
"Barros: A Name Rooted in History, Culture, and Heritage – worldbusinesspromote",https://worldbusinesspromote.com/barros-a-name-rooted-in-history-culture-and-heritage/,en,wordpress,200,24,0,0,0,2794,3743,0,0,https://www.cruise1st.com.au/,cruise.com cruise1st.co.uk,cruise1st.com.au,cruise4two.com cruise800.com,https://cruise1st.com.au/,301,text,true,true,true,false,false,false,true,,,pagefound,2026-03-25 05:48:19,2026-04-23 22:24:16,,,,,1
Sitemap | Cruise1st Blog,https://www.cruise1st.co.uk/blog/sitemap/,en,wordpress,200,35,0,43014,0,5,271,0,0,https://www.cruise1st.com.au/blog/news/,,News,,,,text,false,true,false,false,false,false,true,removedfromhtml,,linkrestored,2025-07-11 20:50:17,2026-04-15 13:10:01,2026-05-06 12:59:55,,Listing collection > Location,Travel > Specialty travel > Luxury travel,2
Sitemap | Cruise1st Blog,https://www.cruise1st.co.uk/blog/sitemap/,en,wordpress,200,35,0,43014,0,5,271,0,0,https://www.cruise1st.com.au/blog/videos/introducing-the-new-royal-caribbean-cruise-planner/,,Introducing the New Royal Caribbean Cruise Planner,,,,text,false,true,false,false,false,false,true,removedfromhtml,,linkrestored,2025-07-11 20:50:17,2026-04-15 13:10:01,2026-05-06 12:59:55,,Listing collection > Location,Travel > Specialty travel > Luxury travel,1
"10 surprising river cruises around the world | Tenterfield Star | Tenterfield, NSW",https://www.tenterfieldstar.com.au/story/8524019/10-surprising-river-cruises-around-the-world/,en,,200,37,0,177,0,24,26,0,0,https://www.cruise1st.com.au/,river and rail; check out deals from Cruise Express and,Cruise1st,. Independent travellers can also plan Eurostar or Eurail holidays,,,text,false,true,false,false,false,false,true,,,linkfound,2026-04-29 22:24:43,2026-04-29 22:24:43,,Louise Goldsbury,,,1
🍪 TELEGRAM @SALESOVEN | ACCESS TO HACKED SITES FOR SEO | HTTPS://T.ME/SALESOVEN 🔥 – TradingQuant,https://tradingquant.com.br/telegram-salesoven-access-to-hacked-sites-for-seo-24-5/,"en, pt",wordpress,200,9,0,12,1,2322,3357,0,0,https://www.cruise1st.com.au/blog/cruise-tips/which-cruise-ships-have-the-best-casinos-2/,,🍪 TELEGRAM @SALESOVEN | ACCESS TO HACKED SITES FOR SEO | HTTPS://T.ME/SALESOVEN 🔥,,,,text,true,false,true,false,false,false,true,,,pagefound,2026-01-20 03:42:09,2026-04-28 08:04:19,,,Site page > Services,Internet > Web services > SEO and marketing,1
Directory website list 1976 – Business Growth 953 | Ahrefs links,https://ahrefs-links.com/directory-website-list-1976-business-growth-953/,en,wordpress,200,14,0,0,0,5393,7157,0,0,https://www.cruise1st.com.au/,,cruise1st.com.au,,https://cruise1st.com.au/,301,text,true,false,false,false,false,false,true,,,linkrestored,2025-09-29 16:56:38,2026-05-10 12:43:25,,,Listing collection > Business,Business > Business services > Consulting,1
"10 surprising river cruises around the world | Port Stephens Examiner | Nelson Bay, NSW",https://www.portstephensexaminer.com.au/story/8524019/10-surprising-river-cruises-around-the-world/,en,,200,47,0,1090,0,27,29,0,0,https://www.cruise1st.com.au/,river and rail; check out deals from Cruise Express and,Cruise1st,. Independent travellers can also plan Eurostar or Eurail holidays,,,text,false,true,false,false,false,false,true,,,pagefound,2026-04-12 23:03:18,2026-05-06 08:49:43,,Louise Goldsbury,,,1
Sitemap | Cruise1st Blog,https://www.cruise1st.co.uk/blog/sitemap/,en,wordpress,200,35,0,43014,0,5,271,0,0,https://www.cruise1st.com.au/blog/cruising/destinations/the-insiders-guide-to-maui/,,The Insider’s Guide to Maui: How to Get the Most Out of it in One Day,,,,text,false,true,false,false,false,false,true,removedfromhtml,,linkrestored,2025-07-11 20:50:17,2026-04-15 13:10:01,2026-05-06 12:59:55,,Listing collection > Location,Travel > Specialty travel > Luxury travel,1
Stress Management Ideas – Finding Calm in a Busy World – worldbusinesspromote,https://worldbusinesspromote.com/stress-management-ideas-finding-calm-in-a-busy-world/,en,wordpress,200,24,0,0,0,2691,3577,0,0,https://www.cruise1st.com.au/,cruise-croatia.com.au cruise-russia.com.au,cruise1st.com.au,cruiseabout.com.au cruiseautomotive.com.au,https://cruise1st.com.au/,301,text,true,true,true,false,false,false,true,,,pagefound,2026-04-09 14:11:59,2026-04-22 12:16:27,,,,,1
10 surprising river cruises around the world | North Queensland Register | QLD,https://www.northqueenslandregister.com.au/story/8524019/10-surprising-river-cruises-around-the-world/,en,,200,47,0,145,0,25,31,0,0,https://www.cruise1st.com.au/,river and rail; check out deals from Cruise Express and,Cruise1st,. Independent travellers can also plan Eurostar or Eurail holidays,,,text,false,true,false,false,false,false,true,,,linkfound,2026-04-13 01:24:08,2026-04-21 04:12:47,,Louise Goldsbury,,,1
Embark on an Unforgettable 10-Day Tasmania Adventure Cruise from Brisbane,http://blogs.adsiduous.com/embark-on-an-unforgettable-10-day-tasmania-adventure-cruise-from-brisbane/,en,,200,6,0,12,0,9,15,0,0,https://www.cruise1st.com.au/tasmania-cruises-from-brisbane,,https://www.cruise1st.com.au/tasmania-cruises-from-brisbane,,,,text,true,true,false,false,false,false,true,,,linkfound,2026-04-14 23:12:35,2026-04-26 04:38:19,,Sydney Blunt,,,1
new.net.in | few of top websites | page no. 960,https://www.new.net.in/domain-list-960,"en, pt",,200,8,0,3,0,1049,2073,0,0,https://www.cruise1st.com.au/,,cruise1st.com.au,,"http://cruise1st.com.au/, https://cruise1st.com.au/","301, 301",text,true,true,true,false,false,false,true,,,pagefound,2024-08-12 12:12:17,2026-03-20 06:45:31,,,Listing collection > Business,Internet > Web services > Analytics,1
Most Visited website list 1948 | Most Ranking Directory,https://marketinghubdirectory.com/most-visited-website-list-1948/,en,wordpress,200,16,0,0,0,5479,6551,0,0,https://www.cruise1st.com.au/,,cruise1st,,https://cruise1st.com.au/,301,text,true,false,false,false,false,false,true,,,linkrestored,2025-09-04 20:09:48,2026-05-09 14:51:32,,,Listing collection > Business,Internet > Search engines; Business > Business services; Reference > Listings > Business,2
Sitemap | Cruise1st Blog,https://www.cruise1st.co.uk/blog/sitemap/,en,wordpress,200,35,0,43014,0,5,271,0,0,https://www.cruise1st.com.au/blog/cruise-ships/7-most-famous-cruise-ships-ever/,,7 Most Famous Cruise Ships Ever!,,,,text,false,true,false,false,false,false,true,removedfromhtml,,linkrestored,2025-07-11 20:50:17,2026-04-15 13:10:01,2026-05-06 12:59:55,,Listing collection > Location,Travel > Specialty travel > Luxury travel,1
Simple SEO Tips For Your Website – ALIGOW,https://aligow.com/simple-seo-tips-for-your-website/,en,wordpress,200,29,0,0,0,5194,6990,0,0,https://www.cruise1st.com.au/,,cruise1st,,https://cruise1st.com.au/,301,text,true,false,false,false,false,false,true,,,linkrestored,2024-12-07 08:01:33,2026-05-11 14:58:37,,,Article > How-to,Internet > Web services > SEO and marketing,1
"Cruise1St.com.au - анализ сайта, seo характеристики сайта - круисе1ст точка ком точка ау",https://prlog.ru/analysis/cruise1st.com.au,ru,,200,51,0,91,0,36,302,0,0,https://www.cruise1st.com.au/destinations/south-america,,cruise1st.com.au/destinations/south-america,,https://cruise1st.com.au/destinations/south-america,301,text,false,true,true,false,false,false,true,,,linkrestored,2020-02-04 15:30:12,2026-04-25 11:20:27,,,,,1
10 surprising river cruises around the world | Farm Online | ACT,https://www.farmonline.com.au/story/8524019/10-surprising-river-cruises-around-the-world/,en,,200,68,0,976,0,25,31,0,0,https://www.cruise1st.com.au/,river and rail; check out deals from Cruise Express and,Cruise1st,. Independent travellers can also plan Eurostar or Eurail holidays,,,text,false,true,false,false,false,false,true,,,linkfound,2026-04-18 22:35:47,2026-04-18 22:35:47,,Louise Goldsbury,,,1
Passport & Visa Requirements for Cruises | Cruise1st,https://cruise1stau.site.traveltek.net/faq/passportandvisas,en,,200,44,0,680,0,4,132,0,0,https://www.cruise1st.com.au/destinations/europe,,Europe,,,,text,false,false,false,false,false,false,true,,,pagefound,2025-08-06 05:55:24,2026-03-14 18:25:09,,,,,1
Sitemap | Cruise1st Blog,https://www.cruise1st.co.uk/blog/sitemap/,en,wordpress,200,35,0,43014,0,5,271,0,0,https://www.cruise1st.com.au/blog/cruise-tips/an-introduction-to-cruise-ship-terminology/,,Cruise Ship Terminology: All the Phrases You Need to Know,,,,text,false,true,false,false,false,false,true,removedfromhtml,,linkrestored,2025-07-11 20:50:17,2026-04-15 13:10:01,2026-05-06 12:59:55,,Listing collection > Location,Travel > Specialty travel > Luxury travel,1
Most Visited website list 690 | Super Hub Directory,https://superbhubdirectory.com/most-visited-website-list-690/,en,wordpress,200,56,0,0,0,5229,6972,0,0,https://www.cruise1st.com.au/,,cruise1st,,https://cruise1st.com.au/,301,text,true,false,false,false,false,false,true,,,pagefound,2026-01-05 05:38:58,2026-05-09 14:31:32,,,Listing collection > Business,Internet > Web services > Development; Business > Business services > Consulting,2
How to Test Your Website’s SEO on Google – Can Patients Find You? – YEXHUB,https://yexhub.com/how-to-test-your-websites-seo-on-google-can-patients-find-you/,en,wordpress,0,28,0,0,19,5340,6330,0,0,https://www.cruise1st.com.au/,,cruise1st,,https://cruise1st.com.au/,301,text,true,false,false,false,false,false,true,,tooold,pagefound,2024-10-14 16:56:33,2025-08-08 18:02:33,2026-04-11 10:13:06,,,,1
Complete SEO package with PBN backlinks and dofollow backlinks and guest posts — manual work — google friendly fast ranking — Gambling included — Rankva.com 24/7 Support – Gambling included— Rankva.com 24/7 Support – White-Hat SEO Links—Fast Rankings — Google-Friendly,https://rankpilot.shop/6l1ost-ready-to-rank-fast-choose-your-plan-manual-work-google-friendly/,en,wordpress,200,12,0,0,0,7925,8789,0,0,https://www.cruise1st.com.au/,,"Win ranking for cruise1st.com.au — PBN links, monthly SEO, DR80+, DR/DA/TF, full SEO — gambling accepted. | Visit Rankva.com for any Query",,https://cruise1st.com.au/,301,text,true,false,true,false,false,false,true,,,pagefound,2025-09-24 14:08:16,2026-04-12 02:02:42,,,Listing > Service,Internet > Web services > SEO and marketing,1
Sitemap | Cruise1st Blog,https://www.cruise1st.co.uk/blog/sitemap/,en,wordpress,200,35,0,43014,0,5,271,0,0,https://www.cruise1st.com.au/blog/cruising/destinations/immersive-escape-best-south-america/,,An Immersive Escape to the Best of South America,,,,text,false,true,false,false,false,false,true,removedfromhtml,,linkrestored,2025-07-11 20:50:17,2026-04-15 13:10:01,2026-05-06 12:59:55,,Listing collection > Location,Travel > Specialty travel > Luxury travel,1
nexttravel.in | few of top websites | page no. 533,https://www.nexttravel.in/domain-list-533,"en, fr",,200,0.5,0,0,0,1016,2002,0,0,https://www.cruise1st.com.au/,,cruise1st.com.au,,"http://cruise1st.com.au/, https://cruise1st.com.au/","301, 301",text,true,true,true,false,false,false,true,,,linkrestored,2025-06-02 07:09:09,2026-05-08 23:51:29,,,Listing collection > Business,Travel > Travel agencies > Other; Internet > Web services > Analytics,1
Sitemap | Cruise1st Blog,https://www.cruise1st.co.uk/blog/sitemap/,en,wordpress,200,35,0,43014,0,5,271,0,0,https://www.cruise1st.com.au/blog/cruising/cruise-ships-large-and-extravagant-vs-small-and-intimate/,,Cruise Ships: Large and Extravagant versus Small and Intimate,,,,text,false,true,false,false,false,false,true,removedfromhtml,,linkrestored,2025-07-11 20:50:17,2026-04-15 13:10:01,2026-05-06 12:59:55,,Listing collection > Location,Travel > Specialty travel > Luxury travel,1
Sitemap | Cruise1st Blog,https://www.cruise1st.co.uk/blog/sitemap/,en,wordpress,200,35,0,43014,0,5,271,0,0,https://www.cruise1st.com.au/blog/cruising/destinations/rio-iguazu-falls-south-america-package/,,"Rio, Iguazu Falls and the South America Package",,,,text,false,true,false,false,false,false,true,removedfromhtml,,linkrestored,2025-07-11 20:50:17,2026-04-15 13:10:01,2026-05-06 12:59:55,,Listing collection > Location,Travel > Specialty travel > Luxury travel,1
Directory website list 690 | Medium Directory,https://mediumdirectory.com/directory-website-list-690/,en,wordpress,404,14,0,0,0,5138,6757,0,0,https://www.cruise1st.com.au/,,cruise1st,,https://cruise1st.com.au/,301,text,true,false,false,false,false,false,true,notfound,,pagefound,2025-10-21 03:48:58,2025-10-31 14:09:42,2026-04-13 19:24:56,,,,1
RankZly.com – Unbeatable Google Rankings & SEO Backlinks — Visit Rankzly.com to Get Discounted Offers,https://rankyour.website/2ewsqtn-boost-google-rankings-with-premium-contextual-seo-backlinks/,en,wordpress,200,74,0,0,0,7028,7820,0,0,https://www.cruise1st.com.au/,,Complete growth-focused SEO campaign and SEO links for cruise1st.com.au | RankZly.com – Your Unbeatable SEO Partner for Fast Google Rankings,,https://cruise1st.com.au/,301,text,true,false,true,false,false,false,true,,,pagefound,2025-12-24 01:46:43,2026-04-29 19:34:35,,,Site page > Services,Internet > Web services > SEO and marketing; Business > Marketing > Marketing,1
"10 surprising river cruises around the world | The Advocate - Hepburn | Hepburn, VIC",https://www.hepburnadvocate.com.au/story/8524019/10-surprising-river-cruises-around-the-world/,en,,200,38,0,952,0,20,22,0,0,https://www.cruise1st.com.au/,river and rail; check out deals from Cruise Express and,Cruise1st,. Independent travellers can also plan Eurostar or Eurail holidays,,,text,false,true,false,false,false,false,true,,,linkfound,2026-05-07 06:10:07,2026-05-07 06:10:07,,Louise Goldsbury,,,1
"Before Discovering SEOExpress.org, I Spent Years on Expensive Agencies That Didn't Deliver the Results Promised. Eventually, I Tried Their White-Hat Backlinks Service and In Just Eight Weeks, My Domain Authority Ramped Up from DA 15 to DA 48 and Leads Poured In at a Rate of Over One Hundred Per Month! Best Investment in SEO ★★★★★ 💎 — High SEO Ranking",https://highseoranking.shop/before-discovering-seoexpress-i-spent-years-on-expensive-agencies-that-didnt-deliver-the-results-promised-eventually-i-tried-their-white-hat-backlinks-service-and-in-only-eight-weeks-my,en,,200,29,0,0,34,5038,8501,0,0,https://www.cruise1st.com.au/,,There was a time when cruise1st.com.au wasn’t visible at all in Google searches until a friend recommended trying out SEOExpress.org’s local SEO strategies. Within weeks we moved up significantly: our visibility doubled and lead generation jumped by almost +120 per month—totally worth every penny spent! A small investment here goes such a long way 🎯,,https://cruise1st.com.au/,301,text,true,false,true,false,false,false,true,,,linkfound,2026-04-27 21:53:50,2026-04-27 21:53:50,,,Article > Story,Internet > Web services > SEO and marketing; Business > Marketing > Marketing,1
Plan your dream cruise vacation,https://44rev.com/categories/travel-leisure/cruises,en,,200,25,0,0,0,31,51,0,0,https://www.cruise1st.com.au/,,,,https://cruise1st.com.au/,301,text,true,false,false,false,false,false,true,removedfromhtml,,linkfound,2026-02-01 13:59:33,2026-02-01 13:59:33,2026-04-11 11:09:05,,,,1
Sitemap | Cruise1st Blog,https://www.cruise1st.co.uk/blog/sitemap/,en,wordpress,200,35,0,43014,0,5,271,0,0,https://www.cruise1st.com.au/blog/cruise-tips/do-cruise-ships-have-irons-and-other-frequently-asked-questions/,,Do Cruise Ships Have Irons? (And Other Frequently Asked Questions),,,,text,false,true,false,false,false,false,true,removedfromhtml,,linkrestored,2025-07-11 20:50:17,2026-04-15 13:10:01,2026-05-06 12:59:55,,Listing collection > Location,Travel > Specialty travel > Luxury travel,1
list467 | ICECCT Conference,https://icecct.com/list467/,en,wordpress,200,8,0,0,0,5156,6916,0,0,https://www.cruise1st.com.au/,,cruise1st,,https://cruise1st.com.au/,301,text,true,false,false,false,false,false,true,,,linkrestored,2024-10-03 02:41:28,2026-03-25 22:08:38,,,Listing collection > Event,Society > Advocacy; Business > Business services > Corporate events; Internet; Entertainment > Events; Jobs and education,1
Passport & Visa Requirements for Cruises | Cruise1st,https://cruise1stau.site.traveltek.net/faq/passportandvisas,en,,200,44,0,680,0,4,132,0,0,https://www.cruise1st.com.au/destinations/south-pacific,,South Pacific,,,,text,false,false,false,false,false,false,true,,,pagefound,2025-08-06 05:55:24,2026-03-14 18:25:09,,,,,1
Sitemap | Cruise1st Blog,https://www.cruise1st.co.uk/blog/sitemap/,en,wordpress,200,35,0,43014,0,5,271,0,0,https://www.cruise1st.com.au/blog/news/the-history-of-cunard-from-uk-mail-carrier-to-luxury-international-cruise-line/,,The History of Cunard - From UK Mail Carrier to Luxury International Cruise Line,,,,text,false,true,false,false,false,false,true,removedfromhtml,,linkrestored,2025-07-11 20:50:17,2026-04-15 13:10:01,2026-05-06 12:59:55,,Listing collection > Location,Travel > Specialty travel > Luxury travel,1
"10 surprising river cruises around the world | Western Advocate | Bathurst, NSW",https://www.westernadvocate.com.au/story/8524019/10-surprising-river-cruises-around-the-world/,en,,200,56,0,9343,0,29,31,0,0,https://www.cruise1st.com.au/,river and rail; check out deals from Cruise Express and,Cruise1st,. Independent travellers can also plan Eurostar or Eurail holidays,,,text,false,true,false,false,false,false,true,,,pagefound,2026-04-13 00:07:12,2026-05-05 03:00:10,,Louise Goldsbury,,,1
Most Visited website list 690 | Post Directory,https://postsdirectory.com/most-visited-website-list-690/,en,wordpress,200,55,0,0,3,5211,6919,0,0,https://www.cruise1st.com.au/,,cruise1st,,https://cruise1st.com.au/,301,text,true,false,false,false,false,true,true,,,linkrestored,2025-09-07 18:40:04,2026-05-10 11:34:43,,,Listing collection > Business,Internet > Web services > Development; Business > Business services; Reference,2
TG @LINKS_DEALER | BLACK HAT SEO SERVICES | MASS LINKS | HTTPS://T.ME/LINKS_DEALER - PowerWorks Electric,https://powerworkselectric.com/tg-links-dealer-black-hat-seo-services-mass-links-12-3/,en,"ecommerce, wordpress",200,6,0,55,0,2794,4458,0,0,https://www.cruise1st.com.au/cruise-ship/carnival-encounter,,TG @LINKS_DEALER | EFFECTIVE SEO LINKS FOR WWW.CRUISE1ST.COM.AU,,,,text,true,false,true,false,false,false,true,,,pagefound,2025-12-04 08:32:11,2026-04-29 02:45:04,,Gayle Dunbar,Site page > Services,Business > Marketing > Marketing; Internet > Web services > SEO and marketing,2
Sitemap | Cruise1st Blog,https://www.cruise1st.co.uk/blog/sitemap/,en,wordpress,200,35,0,43014,0,5,271,0,0,https://www.cruise1st.com.au/blog/category/cruising/luxury-cruises-cruising/,,Luxury Cruises,,,,text,false,true,false,false,false,false,true,removedfromhtml,,linkrestored,2025-07-11 20:50:17,2026-04-15 13:10:01,2026-05-06 12:59:55,,Listing collection > Location,Travel > Specialty travel > Luxury travel,1
Sitemap | Cruise1st Blog,https://www.cruise1st.co.uk/blog/sitemap/,en,wordpress,200,35,0,43014,0,5,271,0,0,https://www.cruise1st.com.au/blog/cruise-tips/stay-fit-healthy-longer-cruise/,,How to Stay Fit and Healthy on a Longer Cruise,,,,text,false,true,false,false,false,false,true,removedfromhtml,,linkrestored,2025-07-11 20:50:17,2026-04-15 13:10:01,2026-05-06 12:59:55,,Listing collection > Location,Travel > Specialty travel > Luxury travel,1
Sitemap | Cruise1st Blog,https://www.cruise1st.co.uk/blog/sitemap/,en,wordpress,200,35,0,43014,0,5,271,0,0,https://www.cruise1st.com.au/blog/cruising/destinations/inside-passage-vs-gulf-alaska-cruise-right/,,Inside Passage versus Gulf of Alaska: Which Cruise is Right for You?,,,,text,false,true,false,false,false,false,true,removedfromhtml,,linkrestored,2025-07-11 20:50:17,2026-04-15 13:10:01,2026-05-06 12:59:55,,Listing collection > Location,Travel > Specialty travel > Luxury travel,1
Passport & Visa Requirements for Cruises | Cruise1st,https://cruise1stau.site.traveltek.net/faq/passportandvisas,en,,200,44,0,680,0,4,132,0,0,https://www.cruise1st.com.au/cruise-ship,,View all cruise ships,,,,text,false,false,false,false,false,false,true,,,pagefound,2025-08-06 05:55:24,2026-03-14 18:25:09,,,,,1
Most Visited website list 1976 | Guest Post Directory,https://webguestpostsdirectory.com/most-visited-website-list-1976/,en,wordpress,200,56,0,0,0,5395,7159,0,0,https://www.cruise1st.com.au/,,cruise1st.com.au,,https://cruise1st.com.au/,301,text,true,false,false,false,false,false,true,,,linkrestored,2025-08-23 04:17:47,2026-04-28 21:00:19,,,Listing collection > Business,Business > Business services > Consulting; Internet > Web services; Travel > Accommodations,1
Passport & Visa Requirements for Cruises | Cruise1st,https://cruise1stau.site.traveltek.net/faq/passportandvisas,en,,200,44,0,680,0,4,132,0,0,https://www.cruise1st.com.au/cruises/cruises-from-brisbane,,Brisbane,,,,text,false,false,false,false,false,false,true,,,pagefound,2025-08-06 05:55:24,2026-03-14 18:25:09,,,,,1
Passport & Visa Requirements for Cruises | Cruise1st,https://cruise1stau.site.traveltek.net/faq/passportandvisas,en,,200,44,0,680,0,4,132,0,0,https://www.cruise1st.com.au/cruise-lines/crystal-cruises,,Crystal Cruises,,,,text,false,false,false,false,false,false,true,,,pagefound,2025-08-06 05:55:24,2026-03-14 18:25:09,,,,,1
Most Visited website list 690 | World Website Directory,https://worldwebsitesdirectory.com/most-visited-website-list-690/,en,wordpress,200,55,0,0,0,5218,6932,0,0,https://www.cruise1st.com.au/,,cruise1st,,https://cruise1st.com.au/,301,text,true,false,false,false,false,false,true,,,pagefound,2025-12-26 20:59:53,2026-04-28 02:14:59,,,Listing collection > Business,Internet > Web services > Development; Business > Business services; Reference > Listings > Business,2
"Before Discovering SEOExpress.org, I Spent Years on Expensive Agencies That Didn't Deliver the Results Promised. Eventually, I Tried Their White-Hat Backlinks Service and In Just Eight Weeks, My Domain Authority Ramped Up from DA 15 to DA 48 and Leads Poured In at a Rate of Over One Hundred Per Month! Best Investment in SEO ★★★★★ 💎 — High SEO",https://thehighseo.shop/before-discovering-seoexpress-i-spent-years-on-expensive-agencies-that-didnt-deliver-the-results-promised-eventually-i-tried-their-white-hat-backlinks-service-and-in-only-eight-weeks-my,en,,200,28,0,0,36,5037,8453,0,0,https://www.cruise1st.com.au/,,There was a time when cruise1st.com.au wasn’t visible at all in Google searches until a friend recommended trying out SEOExpress.org’s local SEO strategies. Within weeks we moved up significantly: our visibility doubled and lead generation jumped by almost +120 per month—totally worth every penny spent! A small investment here goes such a long way 🎯,,https://cruise1st.com.au/,301,text,true,false,true,false,false,false,true,,,pagefound,2026-05-07 05:09:32,2026-05-07 05:09:32,,,Article > Story,Internet > Web services > SEO and marketing; Business > Marketing > Marketing,1
Passport & Visa Requirements for Cruises | Cruise1st,https://cruise1stau.site.traveltek.net/faq/passportandvisas,en,,200,44,0,680,0,4,132,0,0,https://www.cruise1st.com.au/destinations/north-america,,North America,,,,text,false,false,false,false,false,false,true,,,pagefound,2025-08-06 05:55:24,2026-03-14 18:25:09,,,,,1
Most Visited website list 1976 | Top Domain Directory,https://topdomaindirectory.com/most-visited-website-list-1976/,en,wordpress,200,55,0,0,0,5392,7154,0,0,https://www.cruise1st.com.au/,,cruise1st.com.au,,https://cruise1st.com.au/,301,text,true,false,false,false,false,false,true,,,pagefound,2026-01-27 02:32:26,2026-04-27 22:43:30,,,Listing collection > Business,Internet > Web services > SEO and marketing; Business > Business services,1
Sitemap | Cruise1st Blog,https://www.cruise1st.co.uk/blog/sitemap/,en,wordpress,200,35,0,43014,0,5,271,0,0,https://www.cruise1st.com.au/blog/cruising/destinations/12-hours-in-tokyo/,,Tokyo City Guide [Updated 2019],,,,text,false,true,false,false,false,false,true,removedfromhtml,,linkrestored,2025-07-11 20:50:17,2026-04-15 13:10:01,2026-05-06 12:59:55,,Listing collection > Location,Travel > Specialty travel > Luxury travel,1
Most Visited website list 1976 | Social Zone Directory,https://socialzonedirectory.com/most-visited-website-list-1976/,en,wordpress,200,56,0,0,0,5393,7153,0,0,https://www.cruise1st.com.au/,,cruise1st.com.au,,https://cruise1st.com.au/,301,text,true,false,false,false,false,false,true,,,linkrestored,2025-09-28 00:16:07,2026-05-07 22:08:00,,,Listing collection > Business,Internet > Web services > Development; Business > Business services > Consulting; Reference,1
🔥 BHS Links – Hardcore Black Hat SEO – TG @bhs_links - bhs1.links-bhs-sharp.xyz,https://bhs1.links-bhs-sharp.xyz/egypt-17-07-2025/bhs-links-egypt-1/,"en, uk",,200,0.2,0,0,15,2373,3325,0,0,https://www.cruise1st.com.au/blog/activities-entertainment/which-cruise-ships-have-the-best-casinos/,,TG @BHS_LINKS - BEST SEO LINKS - https://t.me/bhs_links,,,,text,true,false,true,false,false,false,true,,,pagefound,2026-03-11 18:45:36,2026-04-23 01:33:30,,,Site page > Services,Internet > Web services > SEO and marketing,10
Cruise1st Australia Pty Ltd - Find Local Business,https://findlocalbusiness.au/listing/cruise1st-australia-pty-ltd/,en,wordpress,200,8,0,73,0,10,11,0,0,https://www.cruise1st.com.au/,,globe https://www.cruise1st.com.au,,,,image,true,false,true,false,false,false,true,,,linkfound,2026-05-03 18:37:16,2026-05-03 18:37:16,,,,,1
Sitemap | Cruise1st Blog,https://www.cruise1st.co.uk/blog/sitemap/,en,wordpress,200,35,0,43014,0,5,271,0,0,https://www.cruise1st.com.au/blog/news/industry-news/new-po-edge-20-activities-set-to-thrill-adrenaline-junkies-according-to-leaked-report/,,P&O Edge: 20 Activities Set to Thrill Adrenaline Junkies,,,,text,false,true,false,false,false,false,true,removedfromhtml,,linkrestored,2025-07-11 20:50:17,2026-04-15 13:10:01,2026-05-06 12:59:55,,Listing collection > Location,Travel > Specialty travel > Luxury travel,1
Sitemap | Cruise1st Blog,https://www.cruise1st.co.uk/blog/sitemap/,en,wordpress,200,35,0,43014,0,5,271,0,0,https://www.cruise1st.com.au/blog/news/cruise-trends-2019/,,Cruise Trends 2019,,,,text,false,true,false,false,false,false,true,removedfromhtml,,linkrestored,2025-07-11 20:50:17,2026-04-15 13:10:01,2026-05-06 12:59:55,,Listing collection > Location,Travel > Specialty travel > Luxury travel,1
Passport & Visa Requirements for Cruises | Cruise1st,https://cruise1stau.site.traveltek.net/faq/passportandvisas,en,,200,44,0,680,0,4,132,0,0,https://www.cruise1st.com.au/cruise-lines/ncl,,Norwegian Cruise Line,,,,text,false,false,false,false,false,false,true,,,pagefound,2025-08-06 05:55:24,2026-03-14 18:25:09,,,,,1
Australian Marketers’ Guide to SEO Best Practices – Search Engine Journal | 99 Best Site,https://99bestsite.com/australian-marketers-guide-to-seo-best-practices-search-engine-journal/,en,wordpress,200,26,0,0,14,2217,3626,0,0,https://www.cruise1st.com.au/,,cruise1st,,https://cruise1st.com.au/,301,text,true,true,false,false,false,true,true,,,linkrestored,2024-11-27 01:25:50,2026-04-21 20:30:30,,,Article > Guide,Internet > Web services > SEO and marketing; Business > Marketing > Marketing,1
Sitemap | Cruise1st Blog,https://www.cruise1st.co.uk/blog/sitemap/,en,wordpress,200,35,0,43014,0,5,271,0,0,https://www.cruise1st.com.au/blog/cruise-ships/tendered-docked-cruise-ships-get-ashore/,,Tendered or Docked? How Cruise Ships Get You Ashore,,,,text,false,true,false,false,false,false,true,removedfromhtml,,linkrestored,2025-07-11 20:50:17,2026-04-15 13:10:01,2026-05-06 12:59:55,,Listing collection > Location,Travel > Specialty travel > Luxury travel,1
july.co.in | few of top websites | page no. 960,https://www.july.co.in/domain-list-960,"en, pt",,200,6,0,0,2,1055,2094,0,0,https://www.cruise1st.com.au/,,cruise1st.com.au,,"http://cruise1st.com.au/, https://cruise1st.com.au/","301, 301",text,true,true,true,false,false,false,true,,,linkrestored,2022-12-18 17:34:38,2026-05-05 14:14:13,,,Listing collection > Business,Internet > Web services > Analytics; Reference > Listings > Business,1
Australian Marketers’ Guide to SEO Best Practices – Search Engine Journal | Top Articles,https://toparticlesdirectory.com/australian-marketers-guide-to-seo-best-practices-search-engine-journal/,en,wordpress,200,28,0,0,15,2219,3627,0,0,https://www.cruise1st.com.au/,,cruise1st,,https://cruise1st.com.au/,301,text,true,true,false,false,false,true,true,,,linkrestored,2024-10-26 23:40:56,2026-04-21 01:11:16,,,Article > Guide,Internet > Web services > SEO and marketing; Business > Marketing > Marketing,1
ketaki.co.in | few of top websites | page no. 960,https://www.ketaki.co.in/domain-list-960,"en, pt",,200,5,0,0,0,1051,2072,0,0,https://www.cruise1st.com.au/,,cruise1st.com.au,,"http://cruise1st.com.au/, https://cruise1st.com.au/","301, 301",text,false,true,true,false,false,false,true,,,linkrestored,2022-12-26 05:51:53,2026-04-08 22:36:00,,,Listing collection > Business,Internet > Web services > Analytics; Reference,1
Passport & Visa Requirements for Cruises | Cruise1st,https://cruise1stau.site.traveltek.net/faq/passportandvisas,en,,200,44,0,680,0,4,132,0,0,https://www.cruise1st.com.au/destinations/hong-kong,,Hong Kong,,,,text,false,false,false,false,false,false,true,,,pagefound,2025-08-06 05:55:24,2026-03-14 18:25:09,,,,,1
Sitemap | Cruise1st Blog,https://www.cruise1st.co.uk/blog/sitemap/,en,wordpress,200,35,0,43014,0,5,271,0,0,https://www.cruise1st.com.au/blog/category/videos/,,Videos,,,,text,false,true,false,false,false,false,true,removedfromhtml,,linkrestored,2025-07-11 20:50:17,2026-04-15 13:10:01,2026-05-06 12:59:55,,Listing collection > Location,Travel > Specialty travel > Luxury travel,1
SAVE IN ROYAL CARIBBEAN�S GLOBAL WOW SALE,https://www.travpr.com/pr-32782-save-in-royal-caribbeans-global-wow-sale.html,en,,200,26,0,226,0,5,7,0,0,http://www.cruise1st.com.au/cruisedeals/royal-caribbean-cruises.phtml,Visit Cruise1st’s,Royal Caribbean deals page,to see the full selection of cruise holidays from this,,,text,false,true,false,false,false,false,true,,,pagefound,2018-09-13 06:24:03,2026-04-07 21:27:01,,,,,2
"Professional Link Building Agency Result 154: How Expert Links Delivered Page One for Any Client Niche — Professional Link Building Service — Increase Domain Rating, Domain Authority and Trust Flow — Real Guest Posts and PBN Links — All Niches — Worldwide",https://linkrankpro.shop/ei54bgj-agency-expert-links-enterprise-clients-larger-budgets/,en,,200,47,0,0,0,7937,8793,0,0,https://www.cruise1st.com.au/,,Expert professional link building for cruise1st.com.au used by agencies to rank in any language,,https://cruise1st.com.au/,301,text,true,false,true,false,false,false,true,,,pagefound,2026-05-07 01:26:52,2026-05-07 01:26:52,,,Article > Review,Internet > Web services > SEO and marketing; Business > Marketing > Marketing,1
"@SEO_CARTEL IN TELEGRAM – SEO BACKLINKS, BULK LINK POSTING, BOOST SEO RANKING – HTTPS://T.ME/SEO_CARTEL – Home",https://www.landhotel-zumstaffelwirt.de/2025/09/02/seo-cartel-in-telegram-seo-backlinks-bulk-link-19/,"en, de","ecommerce, wordpress",200,14,0,0,0,3059,4411,0,0,https://www.cruise1st.com.au/blog/activities-entertainment/which-cruise-ships-have-the-best-casinos/,,"@SEO_CARTEL IN TELEGRAM – SEO BACKLINKS, BULK LINK POSTING, BOOST SEO RANKING",,,,text,true,false,true,false,false,false,true,,,pagefound,2025-12-27 17:53:13,2026-03-22 14:22:31,,Bernhardt Buchner,Site page > Services,Internet > Web services > SEO and marketing; Business > Marketing > Marketing,1
Most Visited website list 1976 | Most Ranking Directory,https://marketinghubdirectory.com/most-visited-website-list-1976/,en,wordpress,200,16,0,0,0,5392,7154,0,0,https://www.cruise1st.com.au/,,cruise1st.com.au,,https://cruise1st.com.au/,301,text,true,false,false,false,false,false,true,,,linkrestored,2025-09-04 21:49:35,2026-04-27 23:01:17,,,Listing collection > Business,Business > Business services > Consulting; Internet > Search engines,1
"Before Discovering SEOExpress.org, I Spent Years on Expensive Agencies That Didn't Deliver the Results Promised. Eventually, I Tried Their White-Hat Backlinks Service and In Just Eight Weeks, My Domain Authority Ramped Up from DA 15 to DA 48 and Leads Poured In at a Rate of Over One Hundred Per Month! Best Investment in SEO ★★★★★ 💎 — SEO High Ranking",https://seo-high-ranking.shop/before-discovering-seoexpress-i-spent-years-on-expensive-agencies-that-didnt-deliver-the-results-promised-eventually-i-tried-their-white-hat-backlinks-service-and-in-only-eight-weeks-my,en,,200,29,0,0,36,5038,8463,0,0,https://www.cruise1st.com.au/,,There was a time when cruise1st.com.au wasn’t visible at all in Google searches until a friend recommended trying out SEOExpress.org’s local SEO strategies. Within weeks we moved up significantly: our visibility doubled and lead generation jumped by almost +120 per month—totally worth every penny spent! A small investment here goes such a long way 🎯,,https://cruise1st.com.au/,301,text,true,false,true,false,false,false,true,,,linkfound,2026-04-19 14:51:52,2026-05-08 06:58:25,,,Article > Story,Internet > Web services > SEO and marketing; Business > Marketing > Marketing,1
Passport & Visa Requirements for Cruises | Cruise1st,https://cruise1stau.site.traveltek.net/faq/passportandvisas,en,,200,44,0,680,0,4,132,0,0,https://www.cruise1st.com.au/cruise-lines/aurora-expeditions,,Aurora Expeditions,,,,text,false,false,false,false,false,false,true,,,pagefound,2025-08-06 05:55:24,2026-03-14 18:25:09,,,,,2
Sitemap | Cruise1st Blog,https://www.cruise1st.co.uk/blog/sitemap/,en,wordpress,200,35,0,43014,0,5,271,0,0,https://www.cruise1st.com.au/blog/activities-entertainment/best-cruise-lines-board-entertainment/,,Best Cruise Lines for On Board Entertainment,,,,text,false,true,false,false,false,false,true,removedfromhtml,,linkrestored,2025-07-11 20:50:17,2026-04-15 13:10:01,2026-05-06 12:59:55,,Listing collection > Location,Travel > Specialty travel > Luxury travel,1
moore » Jehan's American Muslim Post,http://www.jehanpost.com/2010/10/03/in-48-hours-michael-moore-raises-50000-from-americans-to-support-park51/moore/,en,wordpress,200,3.6,0,0,0,6729,9991,0,0,http://www.cruise1st.com.au/,,last minute cruises,says:,,,text,false,false,true,true,false,false,true,,,pagefound,2024-01-20 17:03:33,2026-03-13 07:10:16,,,Article > Story,Society > Belief,2
Passport & Visa Requirements for Cruises | Cruise1st,https://cruise1stau.site.traveltek.net/faq/passportandvisas,en,,200,44,0,680,0,4,132,0,0,https://www.cruise1st.com.au/cruises/cruises-from-perth,,Perth,,,,text,false,false,false,false,false,false,true,,,pagefound,2025-08-06 05:55:24,2026-03-14 18:25:09,,,,,1
Sitemap | Cruise1st Blog,https://www.cruise1st.co.uk/blog/sitemap/,en,wordpress,200,35,0,43014,0,5,271,0,0,https://www.cruise1st.com.au/blog/cruise-tips/food-drink/heres-cook-delicious-dishes-last-asia-cruise/,,Here's How to Cook Delicious Dishes from Your Last Asia Cruise,,,,text,false,true,false,false,false,false,true,removedfromhtml,,linkrestored,2025-07-11 20:50:17,2026-04-15 13:10:01,2026-05-06 12:59:55,,Listing collection > Location,Travel > Specialty travel > Luxury travel,1
lifesblog.com | few of top websites | page no. 899,http://www.lifesblog.com/domain-list-899,en,,200,4.2,0,0,0,1103,2114,0,0,https://www.cruise1st.com.au/,,cruise1st.com.au,,"http://cruise1st.com.au/, https://cruise1st.com.au/","301, 301",text,true,true,true,false,false,false,true,,,linkrestored,2025-05-03 03:49:07,2026-04-04 14:20:03,,,Listing collection > Business,Internet > Web services > Analytics; Reference,2
Most Visited website list 1948 | Most Ranking Directory,https://mostrankingdirectory.com/most-visited-website-list-1948/,en,wordpress,200,55,0,0,0,5474,6542,0,0,https://www.cruise1st.com.au/,,cruise1st,,https://cruise1st.com.au/,301,text,true,false,false,false,false,false,true,,,linkfound,2025-12-23 21:31:33,2026-04-28 21:36:56,,,Listing collection > Business,Internet > Search engines; Business > Business services; Reference > Listings > Business; Society,2
Cruise Sydney to Hawaii - Business Events News,https://businesseventsnews.com.au/news/cruise-sydney-to-hawaii/43556,en,wordpress,200,13,0,26,0,11,14,0,0,https://www.cruise1st.com.au/,For more information call 1300 596 345 or visit,www.cruise1st.com.au,.,http://www.cruise1st.com.au/,301,text,false,true,false,false,false,false,true,,,linkfound,2026-04-30 21:25:10,2026-04-30 21:25:10,,,,,4
Passport & Visa Requirements for Cruises | Cruise1st,https://cruise1stau.site.traveltek.net/faq/passportandvisas,en,,200,44,0,680,0,4,132,0,0,https://www.cruise1st.com.au/cruises/christmas-new-year-cruises,,Christmas Cruises,,,,text,false,false,false,false,false,false,true,,,pagefound,2025-08-06 05:55:24,2026-03-14 18:25:09,,,,,1
QuarterLinks- Dofollow Article Links just for 25 cents. – SIS GROUP,https://sisgroup.lk/quarterlinks-dofollow-article-links-just-for-25-3240/,en,"ecommerce, wordpress",307,8,0,15,0,516,582,0,0,https://www.cruise1st.com.au/,"DOFOLLOW ARTICLE LINKS ONLY FOR $0,25",OUR TELEGRAM CHANEL https://t.me/s/quarterlinks25,"WE DON’T TAKE PREPAYMENTS, LINKS ARE 100% SAFE",,,text,true,true,true,false,false,false,true,pageredirected,,pagefound,2025-10-03 04:04:56,2026-03-29 02:24:23,2026-04-28 19:45:49,,,,1
Most Visited website list 1948 | Most Rank Directory,https://mostrankdirectory.com/most-visited-website-list-1948/,en,wordpress,200,18,0,0,0,5479,6550,0,0,https://www.cruise1st.com.au/,,cruise1st,,https://cruise1st.com.au/,301,text,true,false,false,false,false,false,true,,,linkfound,2025-12-21 20:21:26,2026-05-08 05:06:30,,,Listing collection > Business,Internet > Web services > Development; Business > Business services; Reference > Listings > Business; Society,2
"@SEO_CARTEL IN TELEGRAM – SEO BACKLINKS, BULK LINK POSTING, BOOST SEO RANKING – HTTPS://T.ME/SEO_CARTEL – FC Events",http://www.fcevents.com.au/seo-cartel-in-telegram-seo-backlinks-bulk-link-19/,en,wordpress,200,6,0,0,0,3057,4446,0,0,https://www.cruise1st.com.au/blog/activities-entertainment/which-cruise-ships-have-the-best-casinos/,,"@SEO_CARTEL IN TELEGRAM – SEO BACKLINKS, BULK LINK POSTING, BOOST SEO RANKING",,,,text,true,false,true,false,false,false,true,,,pagefound,2025-11-20 00:38:41,2026-05-02 05:12:13,,,Site page > Services,Internet > Web services > SEO and marketing; Business > Marketing > Marketing,1
Data-Driven Social Media Campaigns for Targeted E-Commerce Growth | Ranks Article,https://ranksarticle.com/data-driven-social-media-campaigns-for-targeted-e-commerce-growth/,en,wordpress,200,17,0,0,28,3207,4636,0,0,https://www.cruise1st.com.au/,,cruise1st,,https://cruise1st.com.au/,301,text,true,true,false,false,false,true,true,,,linkrestored,2024-12-14 13:02:57,2026-04-21 06:06:51,,,Article > Guide,Business > Retail trade > Technology; Internet > Web services > SEO and marketing,1
"@SEO_CARTEL IN TELEGRAM – SEO BACKLINKS, BULK LINK POSTING, BOOST SEO RANKING – HTTPS://T.ME/SEO_CARTEL – Unique",http://www.unique-creativity.com/2025/09/02/seo-cartel-in-telegram-seo-backlinks-bulk-link-19/,en,wordpress,200,12,0,0,0,3048,4357,0,0,https://www.cruise1st.com.au/blog/activities-entertainment/which-cruise-ships-have-the-best-casinos/,,"@SEO_CARTEL IN TELEGRAM – SEO BACKLINKS, BULK LINK POSTING, BOOST SEO RANKING",,,,text,true,false,true,false,false,false,true,,,linkfound,2026-02-15 14:26:15,2026-02-15 14:26:15,,,Article > Guide,Internet > Web services > SEO and marketing; Business > Marketing > Marketing,2
Passport & Visa Requirements for Cruises | Cruise1st,https://cruise1stau.site.traveltek.net/faq/passportandvisas,en,,200,44,0,680,0,4,132,0,0,https://www.cruise1st.com.au/cruise-lines/silversea-cruises,,Silversea,,,,text,false,false,false,false,false,false,true,,,pagefound,2025-08-06 05:55:24,2026-03-14 18:25:09,,,,,1
Directory website list 1948 | Saas Directory websites,https://saasdirectorywebsites.com/directory-website-list-1948/,en,wordpress,0,16,0,0,0,5341,6336,0,0,https://www.cruise1st.com.au/,,cruise1st,,https://cruise1st.com.au/,301,text,true,false,false,false,false,false,true,,tooold,pagefound,2025-08-09 19:05:31,2025-08-09 19:05:31,2026-04-17 14:56:45,,,,1
"Australian cruise season grows as coronavirus pushes ships out of hot zones | Wagga Wagga, NSW",https://www.dailyadvertiser.com.au/story/6653951/huge-cruise-deals-emerge-as-coronavirus-pushes-ships-south/,en,,200,57,0,17651,0,28,34,0,0,https://www.cruise1st.com.au/,,Cruise1st,is offering a 19-night roundtrip from Sydney to Hawaii. The,"http://cruise1st.com.au/, https://cruise1st.com.au/","301, 301",text,false,true,false,false,false,false,true,,,linkrestored,2024-02-23 21:53:26,2026-04-13 18:28:28,,Bernadette Chua,,,1
suez canal cruises 2023,http://8bitmonkey.com/4r5rrvn/suez-canal-cruises-2023,en,,200,0.1,0,0,0,51,88,0,0,https://www.cruise1st.com.au/destinations/suez-canal,as a two-way water transportation route between Europe and Asia.,Suez Canal Cruise Deals & Packages - Cruise1st.com.au,"Ain Sokhna is a town in the Suez Governorate, lying",,,text,true,true,false,false,false,false,true,,,pagefound,2022-12-28 17:29:29,2026-04-26 04:13:44,,,Listing collection > Location,Travel > Tourist destinations > Islands,1
Simple SEO Tips For Your Website – YELLII,https://yellii.com/simple-seo-tips-for-your-website/,en,wordpress,200,30,0,0,0,5156,6922,0,0,https://www.cruise1st.com.au/,,cruise1st,,https://cruise1st.com.au/,301,text,true,false,false,false,false,false,true,,,linkrestored,2024-10-21 16:04:04,2026-03-13 05:44:53,,,Article > How-to,Internet > Web services > SEO and marketing,1
Sitemap | Cruise1st Blog,https://www.cruise1st.co.uk/blog/sitemap/,en,wordpress,200,35,0,43014,0,5,271,0,0,https://www.cruise1st.com.au/blog/cruising/the-perfect-present-a-christmas-market-cruise/,,The Perfect Present – A Christmas Market Cruise,,,,text,false,true,false,false,false,false,true,removedfromhtml,,linkrestored,2025-07-11 20:50:17,2026-04-15 13:10:01,2026-05-06 12:59:55,,Listing collection > Location,Travel > Specialty travel > Luxury travel,1
Directory website list 1976 – Business Growth 953 | Enter Prise Directory Hub,https://enterprisedirectoryhub.com/directory-website-list-1976-business-growth-953/,en,wordpress,200,0.1,0,0,0,5392,7153,0,0,https://www.cruise1st.com.au/,,cruise1st.com.au,,https://cruise1st.com.au/,301,text,true,false,false,false,false,false,true,,,linkrestored,2025-10-24 22:12:58,2026-04-27 15:46:17,,,Listing collection > Business,Business > Business services > Consulting,1
Sitemap | Cruise1st Blog,https://www.cruise1st.co.uk/blog/sitemap/,en,wordpress,200,35,0,43014,0,5,271,0,0,https://www.cruise1st.com.au/blog/cruise-tips/need-know-currency-cruise-holidays/,,All You Need to Know About Currency for Cruise Holidays,,,,text,false,true,false,false,false,false,true,removedfromhtml,,linkrestored,2025-07-11 20:50:17,2026-04-15 13:10:01,2026-05-06 12:59:55,,Listing collection > Location,Travel > Specialty travel > Luxury travel,1
"TELEGRAM @SEO_ANOMALY | SEO BACKLINKS, PBN, TRAFFIC BOOST, LINK INDEXING | Montenegro | 11-02-2026 | seo.anomaly-skyline.website",https://seo.anomaly-skyline.website/montenegro-11-02-2026/seo-anomaly-montenegro-1/,en,,200,0.2,0,0,40,2396,3348,0,0,https://www.cruise1st.com.au/blog/cruise-tips/which-cruise-ships-have-the-best-casinos-2/,,"TELEGRAM @SEO_ANOMALY - SEO BACKLINKS, PBN, TRAFFIC BOOST, LINK INDEXING",,,,text,true,false,true,false,false,false,true,,,pagefound,2026-02-15 08:56:55,2026-04-26 15:15:45,,,Site page > Services,Internet > Web services > SEO and marketing; Business > Marketing > Marketing,20
Türkçe Olimpiyatları | Murat Karakuş,http://www.muratkarakus.com.tr/turkce-olimpiyatlari/,tr,"ecommerce, wordpress",200,0.2,0,0,0,4420,7384,0,0,http://www.cruise1st.com.au/cruises/last-minute-cruises,,cruises from Sydney,,,,text,false,false,true,false,false,false,true,,,pagefound,2023-05-29 05:30:26,2026-04-28 04:33:36,,,Article > Opinion,Sports > International sports competitions > Olympics; Society > Advocacy > Identity relations,2
Data-Driven Social Media Campaigns for Targeted E-Commerce Growth | Best Article World,https://bestarticleworld.com/data-driven-social-media-campaigns-for-targeted-e-commerce-growth/,en,wordpress,200,22,0,0,42,3206,4640,0,0,https://www.cruise1st.com.au/,,cruise1st,,https://cruise1st.com.au/,301,text,true,true,false,false,false,false,true,,,linkrestored,2024-12-14 13:28:24,2026-04-28 00:56:23,,,Article > Guide,Business > Retail trade > Technology; Internet > Web services > SEO and marketing; Shopping,1
All my writing and early music news,https://www.vivienjones.info/my_writing_and_early_music_blog_blog.html?post_id=3605,en,,200,8,0,0,0,362,750,0,0,http://www.cruise1st.com.au/cruises/last-minute-cruises,bycruises from Sydney(website:,http://www.cruise1st.com.au/cruises/last-minute-cruises,),,,text,false,true,true,false,false,false,true,,,pagefound,2026-03-11 15:47:15,2026-04-12 00:33:12,,,Article > News,Entertainment > Music; Books,12
"Cruise director | The Macleay Argus | Kempsey, NSW",https://www.macleayargus.com.au/story/1636010/cruise-director/,en,,200,52,0,633,1,28,37,0,0,https://www.cruise1st.com.au/,"a full day in Brisbane. From $1173. 1300 857 345,",cruise1st.com.au,.,http://www.cruise1st.com.au/,301,text,false,true,false,false,false,true,true,,,pagefound,2026-04-30 21:01:31,2026-04-30 21:01:31,,Sally Macmillan,Article > News,Travel > Specialty travel > Luxury travel,2
Directory website list 1976 | Authority Pro Directory,https://authorityprodirectory.com/directory-website-list-1976/,en,wordpress,200,16,0,0,0,5395,7160,0,0,https://www.cruise1st.com.au/,,cruise1st.com.au,,https://cruise1st.com.au/,301,text,true,false,false,false,false,false,true,,,linkrestored,2025-10-03 13:27:13,2026-05-06 00:16:43,,,Listing collection > Business,Business > Business services > Consulting; Reference > Listings > Business,1
Dreamlines Alternatives — Travel & Vacations… | Brandswitch,https://www.brandswitch.co/au/brands-like/dreamlines,en,,200,0,0,0,0,7,26,0,0,https://www.cruise1st.com.au/,,Shop (opens in new tab),,https://cruise1st.com.au/,301,text,true,true,false,false,false,false,true,,,linkfound,2026-05-10 07:57:18,2026-05-10 07:57:18,,,,,3
Passport & Visa Requirements for Cruises | Cruise1st,https://cruise1stau.site.traveltek.net/faq/passportandvisas,en,,200,44,0,680,0,4,132,0,0,https://www.cruise1st.com.au/cruise-lines/azamara-club-cruises,,Azamara Club Cruises,,,,text,false,false,false,false,false,false,true,,,pagefound,2025-08-06 05:55:24,2026-03-14 18:25:09,,,,,1
surekha.co.in | few of top websites | page no. 960,https://www.surekha.co.in/domain-list-960,"en, pt",,200,7,0,0,0,1051,2084,0,0,https://www.cruise1st.com.au/,,cruise1st.com.au,,"http://cruise1st.com.au/, https://cruise1st.com.au/","301, 301",text,true,true,true,false,false,false,true,,,linkrestored,2023-10-08 03:23:10,2026-04-13 07:28:42,,,Listing collection > Business,Internet > Web services > Analytics; Reference > Listings,1
Google Ranking Booster: Manual Work: Ahrefs DR + MOZ DA+Pbn Backlinks Visit SeoBoost.agency – rankongoogle.agency,https://rankongoogle.agency/p1lexhe-google-ranking-lift-traffic-with-contextual-seo-backlinks/,en,wordpress,200,13,0,0,0,7978,8868,0,0,https://www.cruise1st.com.au/,,cruise1st.com.au whitehat traffic Ahrefs DR Google ranking upto 8x | Seoboost.agency World no 1 Seo Agency,,https://cruise1st.com.au/,301,text,true,false,true,false,false,false,true,,,pagefound,2026-01-19 23:49:22,2026-04-26 10:59:39,,,Article > Guide,Internet > Web services > SEO and marketing,1
Sitemap | Cruise1st Blog,https://www.cruise1st.co.uk/blog/sitemap/,en,wordpress,200,35,0,43014,0,5,271,0,0,https://www.cruise1st.com.au/blog/cruise-ships/which-are-the-largest-cruise-ships-the-top-5-count-down/,,Which are the Largest Cruise Ships? The Top 5 Countdown,,,,text,false,true,false,false,false,false,true,removedfromhtml,,linkrestored,2025-07-11 20:50:17,2026-04-15 13:10:01,2026-05-06 12:59:55,,Listing collection > Location,Travel > Specialty travel > Luxury travel,1
Most Visited website list 690 | Social News Directory,https://socialnewsdirectory.com/most-visited-website-list-690/,en,wordpress,200,55,0,0,0,5220,6950,0,0,https://www.cruise1st.com.au/,,cruise1st,,https://cruise1st.com.au/,301,text,true,false,false,false,false,false,true,,,linkrestored,2025-09-25 23:27:36,2026-05-05 19:55:15,,,Listing collection > Business,Internet > Web services > Analytics; News; Society; Business > Business services; Communities,2
"@SEO_CARTEL IN TELEGRAM – SEO BACKLINKS, BULK LINK POSTING, BOOST SEO RANKING – HTTPS://T.ME/SEO_CARTEL – Brämhof Bachs",http://braemhof.ch/index.php/2025/09/02/seo-cartel-in-telegram-seo-backlinks-bulk-link-19/,"en, de",wordpress,200,2.9,0,0,0,3057,4402,0,0,https://www.cruise1st.com.au/blog/activities-entertainment/which-cruise-ships-have-the-best-casinos/,,"@SEO_CARTEL IN TELEGRAM – SEO BACKLINKS, BULK LINK POSTING, BOOST SEO RANKING",,,,text,true,false,true,false,false,false,true,,,pagefound,2026-01-20 19:30:04,2026-03-29 18:28:51,,,Article > Guide,Internet > Web services > SEO and marketing; Business,1
Sitemap | Cruise1st Blog,https://www.cruise1st.co.uk/blog/sitemap/,en,wordpress,200,35,0,43014,0,5,271,0,0,https://www.cruise1st.com.au/blog/cruising/most-beautiful-island-destinations/,,The Most Beautiful Island Destinations,,,,text,false,true,false,false,false,false,true,removedfromhtml,,linkrestored,2025-07-11 20:50:17,2026-04-15 13:10:01,2026-05-06 12:59:55,,Listing collection > Location,Travel > Specialty travel > Luxury travel,1
"Barros: A Name Rooted in History, Culture, and Heritage – dltech.forum",https://dltech.forum/barros-a-name-rooted-in-history-culture-and-heritage/,en,wordpress,200,43,0,0,0,2796,3731,0,0,https://www.cruise1st.com.au/,cruise.com cruise1st.co.uk,cruise1st.com.au,cruise4two.com cruise800.com,https://cruise1st.com.au/,301,text,true,true,true,false,false,false,true,,,linkfound,2026-04-28 08:07:58,2026-04-28 08:07:58,,,,,1
,http://papasearch.net/Tokyo/Tokyo24.html,en,,200,16,0,0,0,2464,7001,0,0,https://www.cruise1st.com.au/cruise-lines/princess-cruises/2020,,Princess Cruises 2020 Cruise Deals,,,,text,true,true,false,false,false,false,true,,,pagefound,2025-03-01 10:54:44,2026-04-28 21:06:52,,,Listing collection > Event,News > Local news; Entertainment; Sports,2
Cruise1st Gift Voucher Gift Card Balance Check,https://gcb.today/au/gift-card-balance/cruise1st-gift-voucher,en,,200,21,0,875,0,10,47,0,0,https://www.cruise1st.com.au/faq/onboard-the-ship,"cruise card, allowing you to sign for all your on-board ...",https://www.cruise1st.com.au/faq/onboard-the-ship,,,,text,false,true,true,false,false,false,true,,,pagefound,2025-12-15 15:45:16,2026-05-06 15:17:40,,Gift Card Balance Today,,,1
"Cruise1St.com.au - анализ сайта, seo характеристики сайта - круисе1ст точка ком точка ау",https://prlog.ru/analysis/cruise1st.com.au,ru,,200,51,0,91,0,36,302,0,0,http://www.cruise1st.com.au/cruisedeals/last-minute-cruises.phtml,,cruise1st.com.au/cruisedeals/l...,,,,text,false,true,true,false,false,false,true,,,pagefound,2019-07-14 20:21:19,2026-04-25 11:20:27,,,,,1
"@SEO_CARTEL IN TELEGRAM – SEO BACKLINKS, BULK LINK POSTING, BOOST SEO RANKING – HTTPS://T.ME/SEO_CARTEL – atlantic-city-net",http://www.atlantic-city.net/seo-cartel-in-telegram-seo-backlinks-bulk-link-19/,en,wordpress,200,28,0,0,0,3057,4418,0,0,https://www.cruise1st.com.au/blog/activities-entertainment/which-cruise-ships-have-the-best-casinos/,,"@SEO_CARTEL IN TELEGRAM – SEO BACKLINKS, BULK LINK POSTING, BOOST SEO RANKING",,,,text,true,false,true,false,false,false,true,,,pagefound,2025-09-16 00:01:27,2026-04-16 19:10:57,,,Site page > Services,Internet > Web services > SEO and marketing; Business > Marketing > Marketing,2
Sitemap | Cruise1st Blog,https://www.cruise1st.co.uk/blog/sitemap/,en,wordpress,200,35,0,43014,0,5,271,0,0,https://www.cruise1st.com.au/blog/cruising/everything-you-need-to-know-about-expedition-cruises/,,Everything You Need to Know about Expedition Cruises,,,,text,false,true,false,false,false,false,true,removedfromhtml,,linkrestored,2025-07-11 20:50:17,2026-04-15 13:10:01,2026-05-06 12:59:55,,Listing collection > Location,Travel > Specialty travel > Luxury travel,1
"Before Discovering SEOExpress.org, I Spent Years on Expensive Agencies That Didn't Deliver the Results Promised. Eventually, I Tried Their White-Hat Backlinks Service and In Just Eight Weeks, My Domain Authority Ramped Up from DA 15 to DA 48 and Leads Poured In at a Rate of Over One Hundred Per Month! Best Investment in SEO ★★★★★ 💎 — SEO Ranking High",https://theseorankinghigh.shop/before-discovering-seoexpress-i-spent-years-on-expensive-agencies-that-didnt-deliver-the-results-promised-eventually-i-tried-their-white-hat-backlinks-service-and-in-only-eight-weeks-my,en,,200,29,0,0,36,5039,8498,0,0,https://www.cruise1st.com.au/,,There was a time when cruise1st.com.au wasn’t visible at all in Google searches until a friend recommended trying out SEOExpress.org’s local SEO strategies. Within weeks we moved up significantly: our visibility doubled and lead generation jumped by almost +120 per month—totally worth every penny spent! A small investment here goes such a long way 🎯,,https://cruise1st.com.au/,301,text,true,false,true,false,false,false,true,,,linkfound,2026-05-02 06:38:59,2026-05-02 06:38:59,,,Article > Story,Internet > Web services > SEO and marketing; Business > Marketing > Marketing,1
"Cruise1St.com.au - анализ сайта, seo характеристики сайта - круисе1ст точка ком точка ау",https://prlog.ru/analysis/cruise1st.com.au,ru,,200,51,0,91,0,36,302,0,0,https://www.cruise1st.com.au/cruise-ship/radiance-of-the-seas,,cruise1st.com.au/cruise-ship/radiance-of-the-seas,,https://cruise1st.com.au/cruise-ship/radiance-of-the-seas,301,text,false,true,true,false,false,false,true,,,linkrestored,2020-02-04 15:30:12,2026-04-25 11:20:27,,,,,1
How Many Dofollow Backlinks Does a Network Of Sites Website Need to Rank? The Data-Driven Answer From 50 Real Campaigns Analyzed — PremiumSEOLinks — Elite Links for Sites That Demand the Very Best.,https://premiumseolinks.shop/folma8x-sitewide-blogroll-links-writer-profile-resellers-metrics-30-days-live/,en,,200,0,0,0,0,7934,9195,0,0,https://www.cruise1st.com.au/,,cruise1st.com.au SEO Transformation: Expert Guest Posting + Dofollow Backlink Packages + Climb Ahrefs Domain Rating DR | Moz Domain Authority DA | Majestic Trust Flow TF = Google Index + Top Rankings,,https://cruise1st.com.au/,301,text,false,false,true,false,false,false,true,,,linkfound,2026-05-10 21:15:24,2026-05-10 21:15:24,,,Article > Guide,Internet > Web services > SEO and marketing,1
Most Visited website list 690 | Rank Fast Directory,https://rankfastdirectory.com/most-visited-website-list-690/,en,wordpress,200,55,0,0,0,5218,6943,0,0,https://www.cruise1st.com.au/,,cruise1st,,https://cruise1st.com.au/,301,text,true,false,false,false,false,false,true,,,pagefound,2025-10-20 22:58:37,2026-05-04 06:05:45,,,Listing collection > Business,Internet > Web services > Analytics; Business > Business services > Consulting,2
orthopedic mattress Archives - Page 17 of 29 - Best Sleeper Sofa TipsBest Sleeper Sofa Tips | Page 17,https://www.bestsleepersofatips.com/tag/orthopedic-mattress/page/17/,en,"ecommerce, wordpress",200,12,0,0,0,37,49,0,0,http://www.cruise1st.com.au/images/www.cruise1st.com.au/pdf/Spirit_deck_plans.pdf,,PDF file Sofa Bed And 1 Upper Pullman 2 Twin Beds (convert To King …,,,,image,true,true,false,false,false,false,true,,,pagefound,2021-01-01 14:54:18,2026-04-05 02:29:04,,,,,11
silversea pre cruise hotels,https://www.slagsandsluts.com/chinese-jump/silversea-pre-cruise-hotels,"en, de",,0,4,0,0,0,11,16,0,0,https://www.cruise1st.com.au/cruise-lines/silversea-cruises,Reduced Deposit . Personalized service - the best crew-to-guest ratio.,Silversea Cruises | Best Deals & Packages - Cruise1st.com.au,(Day 2) pre-cruise hotel . Although it can be the,,,text,false,false,false,false,false,false,true,,tooold,linkfound,2025-09-10 04:15:03,2025-09-10 04:15:03,2026-04-27 09:02:16,,,,1
Sitemap | Cruise1st Blog,https://www.cruise1st.co.uk/blog/sitemap/,en,wordpress,200,35,0,43014,0,5,271,0,0,https://www.cruise1st.com.au/blog/cruising/8-of-the-best-ships-for-an-adults-only-cruise-break/,,8 of the Best Ships for an Adults-Only Cruise Break,,,,text,false,true,false,false,false,false,true,removedfromhtml,,linkrestored,2025-07-11 20:50:17,2026-04-15 13:10:01,2026-05-06 12:59:55,,Listing collection > Location,Travel > Specialty travel > Luxury travel,1
"Cruise1St.com.au - анализ сайта, seo характеристики сайта - круисе1ст точка ком точка ау",https://prlog.ru/analysis/cruise1st.com.au,ru,,200,51,0,91,0,36,302,0,0,https://www.cruise1st.com.au/cruises/cruises-from-australia,,cruise1st.com.au/cruises/cruises-from-australia,,https://cruise1st.com.au/cruises/cruises-from-australia,301,text,false,true,true,false,false,false,true,,,linkrestored,2019-07-14 20:21:19,2026-04-25 11:20:27,,,,,1
Living like a Local on the Galapagos Islands,https://acruisingcouple.com/2014/12/living-like-local-galapagos-islands/,en,wordpress,200,25,0,371,0,11,21,0,0,https://www.cruise1st.com.au/,"and outer loop of the islands. Specialist cruise travel agent,",Cruise1st,", is currently selling cabins aboard the ship whilst it",http://www.cruise1st.com.au/,301,text,false,true,true,false,false,false,true,,,pagefound,2024-12-08 12:18:17,2026-04-11 19:12:54,,,,,2
Passport & Visa Requirements for Cruises | Cruise1st,https://cruise1stau.site.traveltek.net/faq/passportandvisas,en,,200,44,0,680,0,4,132,0,0,https://www.cruise1st.com.au/cruise-ship/queen-mary-2,,Queen Mary 2,,,,text,false,false,false,false,false,false,true,,,pagefound,2025-08-06 05:55:24,2026-03-14 18:25:09,,,,,1
NEW HIGH DA AND DR WEBSITES-95 | Top To High,https://toptohigh.com/new-high-da-and-dr-websites-95/,en,wordpress,200,55,0,0,0,2466,3109,0,0,https://www.cruise1st.com.au/,,cruise1st.com.au,,https://cruise1st.com.au/,301,text,true,false,false,false,false,false,true,,,linkrestored,2024-06-08 16:21:37,2026-05-10 12:31:00,,,,,1
Cruise1st Gift Voucher Gift Card Balance Check,https://gcb.today/au/gift-card-balance/cruise1st-gift-voucher,en,,200,21,0,875,0,10,47,0,0,https://www.cruise1st.com.au/cruises/family-cruises,"a special Teen Card, so they have the freedom to ...",https://www.cruise1st.com.au/cruises/family-cruises,,,,text,false,true,true,false,false,false,true,,,pagefound,2025-12-15 15:45:16,2026-05-06 15:17:40,,Gift Card Balance Today,,,1
Most Visited website list 1948 | World Top Directory,https://worldtopwebsite.com/most-visited-website-list-1948/,en,wordpress,200,20,0,0,0,5482,6562,0,0,https://www.cruise1st.com.au/,,cruise1st,,https://cruise1st.com.au/,301,text,true,false,false,false,false,false,true,,,linkrestored,2025-09-27 04:40:03,2026-05-07 17:15:55,,,Listing collection > Business,Reference > General reference; Internet > Search engines; Business > Business services; Society,2
Most Visited website list 1948 | Rank Zone Directory,https://rankzonedirectory.com/most-visited-website-list-1948/,en,wordpress,200,18,0,0,0,5478,6538,0,0,https://www.cruise1st.com.au/,,cruise1st,,https://cruise1st.com.au/,301,text,true,false,false,false,false,false,true,,,linkrestored,2025-10-08 14:08:08,2026-05-07 07:05:12,,,Listing collection > Business,Internet > Web services; Reference > General reference; Business > Business services; Society,2
website list 690 – SABNS,https://sabns.com/website-list-690/,en,wordpress,200,31,0,0,109,5166,6917,0,0,https://www.cruise1st.com.au/,,cruise1st,,https://cruise1st.com.au/,301,text,true,false,false,false,false,false,true,,,linkrestored,2023-09-25 21:46:41,2026-04-28 04:22:40,,,Listing collection > Business,Business > Business services > Other; Internet > Web services > Development; Society; Reference > Listings > Business; News,1
Krydstogter – AUS Udforsk min butik,https://exploremystore.com/da/midtergang/krydstogter/,da,"ecommerce, wordpress",404,0.4,0,0,0,47,136,0,0,https://www.cruise1st.com.au/,,Udforsk denne butik,,http://www.cruise1st.com.au/,301,text,true,false,false,false,false,false,true,notfound,,pagefound,2025-09-19 23:05:52,2025-11-29 02:13:18,2026-04-28 17:51:27,,,,2
TG @LINKS_DEALER | BLACK HAT SEO SERVICES | MASS LINKS | HTTPS://T.ME/LINKS_DEALER | دکتر کاترین بهزاد,https://drcatherinebehzad.com/tg-links-dealer-black-hat-seo-services-mass-links-12-2/,fa,"ecommerce, wordpress",200,11,0,0,0,2775,4344,0,0,https://www.cruise1st.com.au/cruise-ship/carnival-encounter,,TG @LINKS_DEALER | EFFECTIVE SEO LINKS FOR WWW.CRUISE1ST.COM.AU,,,,text,true,false,true,false,false,false,true,,,pagefound,2025-09-29 22:30:40,2026-02-03 22:09:20,,,Site page > Services,Internet > Web services > SEO and marketing; Health > Medical services > Doctors' offices; Business > Marketing > Marketing,2
Australian Marketers Guide to SEO Best Practices Search Engine Journal – PRO SEO LINKS DIRECTORY,https://proseolinksdirectory.com/australian-marketers-guide-to-seo-best-practices-search-engine-journal/,en,wordpress,200,33,0,0,0,2222,3633,0,0,https://www.cruise1st.com.au/,,cruise1st,,https://cruise1st.com.au/,301,text,true,true,false,false,false,false,true,,,linkrestored,2025-09-27 00:08:56,2026-04-28 10:25:05,,,,,2
TG @LINKS_DEALER | BLACK HAT SEO SERVICES | MASS LINKS | HTTPS://T.ME/LINKS_DEALER – TradingQuant,https://tradingquant.com.br/tg-links-dealer-black-hat-seo-services-mass-links-2-4/,pt,wordpress,200,9,0,12,0,2303,3321,0,0,https://www.cruise1st.com.au/blog/cruise-tips/which-cruise-ships-have-the-best-casinos-2/,,TG @LINKS_DEALER | EFFECTIVE SEO LINKS FOR WWW.CRUISE1ST.COM.AU,,,,text,true,false,true,false,false,false,true,,,pagefound,2026-01-20 02:59:07,2026-04-28 21:55:41,,,Site page > Services,Internet > Web services > SEO and marketing; Business > Marketing > Marketing; Finance,1
Directory website list 1948 | Authority Pro Directory,https://authorityprodirectory.com/directory-website-list-1948/,en,wordpress,200,16,0,0,0,5478,6539,0,0,https://www.cruise1st.com.au/,,cruise1st,,https://cruise1st.com.au/,301,text,true,false,false,false,false,false,true,,,linkrestored,2025-10-20 12:12:45,2026-05-06 18:29:29,,,Listing collection > Business,Business > Business services > Consulting; Reference > Listings > Business,2
Sitemap | Cruise1st Blog,https://www.cruise1st.co.uk/blog/sitemap/,en,wordpress,200,35,0,43014,0,5,271,0,0,https://www.cruise1st.com.au/blog/news/new-years-eve-traditions-around-the-world/,,New Year’s Eve Traditions Around the World,,,,text,false,true,false,false,false,false,true,removedfromhtml,,linkrestored,2025-07-11 20:50:17,2026-04-15 13:10:01,2026-05-06 12:59:55,,Listing collection > Location,Travel > Specialty travel > Luxury travel,1
"@SEO_CARTEL IN TELEGRAM – SEO BACKLINKS, BULK LINK POSTING, BOOST SEO RANKING – HTTPS://T.ME/SEO_CARTEL – kvsrajgarh",http://kvsrajgarh.com/seo-cartel-in-telegram-seo-backlinks-bulk-link-19/,en,"ecommerce, wordpress",200,6,0,0,0,3048,4370,0,0,https://www.cruise1st.com.au/blog/activities-entertainment/which-cruise-ships-have-the-best-casinos/,,"@SEO_CARTEL IN TELEGRAM – SEO BACKLINKS, BULK LINK POSTING, BOOST SEO RANKING",,,,text,true,false,true,false,false,false,true,removedfromhtml,,pagefound,2025-09-06 05:35:14,2026-02-19 22:55:26,2026-04-17 21:19:22,,,,1
"30 Best Local Travel Agents in Northbridge, NSW 2063 | True Local",https://www.truelocal.com.au/northbridge-nsw-2063/travel-agents,en,,200,79,0,12515,0,24,43,0,0,https://www.cruise1st.com.au/,,Visit Website,,,,text,false,false,true,false,false,false,true,,,linkfound,2026-05-08 11:40:14,2026-05-08 11:40:14,,,,,5
Passport & Visa Requirements for Cruises | Cruise1st,https://cruise1stau.site.traveltek.net/faq/passportandvisas,en,,200,44,0,680,0,4,132,0,0,https://www.cruise1st.com.au/destinations/panama-canal,,Panama Canal,,,,text,false,false,false,false,false,false,true,,,pagefound,2025-08-06 05:55:24,2026-03-14 18:25:09,,,,,1
Sitemap | Cruise1st Blog,https://www.cruise1st.co.uk/blog/sitemap/,en,wordpress,200,35,0,43014,0,5,271,0,0,https://www.cruise1st.com.au/blog/cruising/destinations/destination-guide-south-africa/,,Destination Guide: South Africa,,,,text,false,true,false,false,false,false,true,removedfromhtml,,linkrestored,2025-07-11 20:50:17,2026-04-15 13:10:01,2026-05-06 12:59:55,,Listing collection > Location,Travel > Specialty travel > Luxury travel,1
"Expert SEO Backlinks and Authority Guest Posting Services for Gambling,igaming,Casino,Crypto,vapes and Other Highly Competitive Markets – Improve Google Rankings, Build Powerful Backlinks and Increase Organic Traffic with High DR and DA Websites – Experts SEO Backlinks and Authority Guest Posting Services for Gambling,igaming,Casino,Crypto,vapes and Other Highly Competitive Markets – Improve Google Rankings, Build Powerful Backlinks and Increase Organic Traffic with High DR and DA Websites",https://seogeko.shop/premium-seo-backlinks-to-boost-website-google-rankings-672-3/,en,wordpress,200,16,0,0,0,3632,4091,0,0,https://www.cruise1st.com.au/,,"Premium SEO Backlinks cruise1st.com.au Provides High-Quality Authority Backlinks, Professional Guest Posting, and Advanced Link Building Services to Boost Google Rankings, Drive Targeted Organic Traffic, and Strengthen Website Authority in Gambling, Casino, Crypto, and Competitive Markets",,https://cruise1st.com.au/,301,text,true,false,true,false,false,false,true,,,linkfound,2026-05-03 12:25:53,2026-05-03 12:25:53,,,Site page > Services,Internet > Web services > SEO and marketing; Games > Gambling > Other; Business > Marketing > Marketing,2
"TELEGRAM @SEO_ANOMALY - SEO BACKLINKS, BLACK-LINKS, TRAFFIC BOOST, LINK INDEXING - seo-anomaly-metrics.online",https://seo-anomaly-metrics.online/australia/seo-anomaly-au-10/,en,ecommerce,0,11,0,0,30,3450,5374,0,0,https://www.cruise1st.com.au/cruise-ship,,"TELEGRAM @SEO_ANOMALY - SEO BACKLINKS, BLACK-LINKS, TRAFFIC BOOST, LINK INDEXING",,https://www.cruise1st.com.au/cruise-ship/pacific-encounter,301,text,true,false,true,false,false,false,true,,tooold,pagefound,2025-05-19 11:02:32,2025-07-28 05:16:29,2026-04-11 06:08:19,,,,2
Most Visited website list 1948 | Top Viral Directory,https://topviraldirectory.com/most-visited-website-list-1948/,en,wordpress,200,55,0,0,0,5472,6548,0,0,https://www.cruise1st.com.au/,,cruise1st,,https://cruise1st.com.au/,301,text,true,false,false,false,false,false,true,,,linkrestored,2025-10-03 22:05:17,2026-04-28 19:39:26,,,Listing collection > Business,Business > Business services > Consulting; Internet > Web services > SEO and marketing; Reference > Listings > Business; Society,2
Most Visited website list 690 | Guest Post Directory,https://guestpostwebdirectory.com/most-visited-website-list-690/,en,wordpress,200,17,0,0,0,5215,6934,0,0,https://www.cruise1st.com.au/,,cruise1st,,https://cruise1st.com.au/,301,text,true,false,false,false,false,false,true,,,linkfound,2025-12-19 20:29:26,2026-05-05 19:19:42,,,Listing collection > Business,Internet > Web services > Development; Business > Business services; Society; Reference > Listings > Business,2
The Globe - The world's most visited web pages,http://www.the-globe.com/the_worlds_most_visited_web_pages_466/,pt,,200,7,0,0,2,1065,1646,0,0,https://www.cruise1st.com.au/,,466760. cruise1st.com.au,,http://www.cruise1st.com.au/,301,text,true,true,false,false,false,false,true,,,linkrestored,2017-09-08 21:27:22,2026-05-05 18:46:52,,,Listing collection > Business,Internet > Web services > Analytics; News; Communities,6
Most Visited website list 1976 | Smart Way Directory,https://smartwaydirectory.com/most-visited-website-list-1976/,en,wordpress,200,56,0,0,0,5403,7177,0,0,https://www.cruise1st.com.au/,,cruise1st.com.au,,https://cruise1st.com.au/,301,text,true,false,false,false,false,false,true,,,linkrestored,2025-10-02 13:26:18,2026-05-08 07:40:53,,,Listing collection > Business,Internet > Web services > SEO and marketing; Business > Business services > Consulting,1
Directory website list 1948 | Data boost directory,https://databoostdirectory.com/directory-website-list-1948/,en,wordpress,200,25,0,0,0,5482,6568,0,0,https://www.cruise1st.com.au/,,cruise1st,,https://cruise1st.com.au/,301,text,true,false,false,false,false,false,true,,,pagefound,2025-10-10 00:54:40,2026-05-10 07:11:46,,,Listing collection > Business,Business > Business services > Consulting; Reference > Listings > Business; Internet,2
Sitemap | Cruise1st Blog,https://www.cruise1st.co.uk/blog/sitemap/,en,wordpress,200,35,0,43014,0,5,271,0,0,https://www.cruise1st.com.au/blog/cruise-lines/3-reasons-why-you-should-cruise-with-azamara/,,Three Reasons Why You Should Cruise with Azamara,,,,text,false,true,false,false,false,false,true,removedfromhtml,,linkrestored,2025-07-11 20:50:17,2026-04-15 13:10:01,2026-05-06 12:59:55,,Listing collection > Location,Travel > Specialty travel > Luxury travel,1
Sitemap | Cruise1st Blog,https://www.cruise1st.co.uk/blog/sitemap/,en,wordpress,200,35,0,43014,0,5,271,0,0,https://www.cruise1st.com.au/blog/category/cruising/destinations/,,Destinations,,,,text,false,true,false,false,false,false,true,removedfromhtml,,linkrestored,2025-07-11 20:50:17,2026-04-15 13:10:01,2026-05-06 12:59:55,,Listing collection > Location,Travel > Specialty travel > Luxury travel,1
Directory website list 690 | Top Saas Directory,https://topsaasdirectory.com/directory-website-list-690/,en,wordpress,404,13,0,0,0,5141,6753,0,0,https://www.cruise1st.com.au/,,cruise1st,,https://cruise1st.com.au/,301,text,true,false,false,false,false,false,true,notfound,,pagefound,2025-10-01 00:32:08,2025-10-25 02:55:28,2026-04-18 17:22:38,,,,2
,http://papasearch.net/Artificial_Intelligence/ArtificialIntelligence54.html,en,,200,16,0,0,0,1210,3014,0,0,https://www.cruise1st.com.au/blog/news/new-attractions/,,You must know these new attractions - Cruise 1st Australia ...,,,,text,true,true,false,false,false,false,true,,,linkrestored,2024-07-14 18:15:33,2026-04-28 20:13:04,,,Listing collection > Event,Science > Computer science > Artificial intelligence; Computers and electronics > Software; Government; Society,1
Sitemap | Cruise1st Blog,https://www.cruise1st.co.uk/blog/sitemap/,en,wordpress,200,35,0,43014,0,5,271,0,0,https://www.cruise1st.com.au/blog/news/fun-facts-about-asia/,,Fun Facts about Asia's Major Cities,,,,text,false,true,false,false,false,false,true,removedfromhtml,,linkrestored,2025-07-11 20:50:17,2026-04-15 13:10:01,2026-05-06 12:59:55,,Listing collection > Location,Travel > Specialty travel > Luxury travel,1
"Rank on Page One, Faster — Contextual Dofollow Links Google Values (Update-Safe, DR/DA/TF Up) — seoagency",https://seoagency.sale/hibkdia-rank-on-page-1-with-seo-and-backlinks/,en,wordpress,200,32,0,0,0,7965,8852,0,0,https://www.cruise1st.com.au/,,cruise1st.com.au — SEO boost: all‑niche guest posts; authority gains. | Visit Buyseolink.com for any Query,,https://cruise1st.com.au/,301,text,true,false,true,false,false,false,true,,,linkfound,2026-01-24 20:03:40,2026-04-24 16:10:33,,,Site page > Services,Internet > Web services > SEO and marketing; Business > Marketing > Marketing,1
Sitemap | Cruise1st Blog,https://www.cruise1st.co.uk/blog/sitemap/,en,wordpress,200,35,0,43014,0,5,271,0,0,https://www.cruise1st.com.au/blog/activities-entertainment/strange-secret-natural-wonders-around-world/,,Strange and Secret Natural Wonders from Around the World,,,,text,false,true,false,false,false,false,true,removedfromhtml,,linkrestored,2025-07-11 20:50:17,2026-04-15 13:10:01,2026-05-06 12:59:55,,Listing collection > Location,Travel > Specialty travel > Luxury travel,1
Sitemap | Cruise1st Blog,https://www.cruise1st.co.uk/blog/sitemap/,en,wordpress,200,35,0,43014,0,5,271,0,0,https://www.cruise1st.com.au/blog/cruise-ships/cruise-ship-profile-majestic-princess/,,Cruise Ship Profile: Majestic Princess,,,,text,false,true,false,false,false,false,true,removedfromhtml,,linkrestored,2025-07-11 20:50:17,2026-04-15 13:10:01,2026-05-06 12:59:55,,Listing collection > Location,Travel > Specialty travel > Luxury travel,1
Directory website list 1976 | Prime Solo directory,https://primesolodirectory.com/directory-website-list-1976/,en,wordpress,200,18,0,0,0,5390,7151,0,0,https://www.cruise1st.com.au/,,cruise1st.com.au,,https://cruise1st.com.au/,301,text,true,false,false,false,false,false,true,,,linkrestored,2025-10-02 05:49:39,2026-04-30 02:31:52,,,Listing collection > Business,Business > Business services > Consulting; Reference > Listings > Business; Internet,1
Passport & Visa Requirements for Cruises | Cruise1st,https://cruise1stau.site.traveltek.net/faq/passportandvisas,en,,200,44,0,680,0,4,132,0,0,https://www.cruise1st.com.au/info/careers,Contact |,Career Opportunities,| Terms & Conditions | Privacy |,,,text,false,false,false,false,false,false,true,,,pagefound,2025-08-06 05:55:24,2026-03-14 18:25:09,,,,,1
Sitemap | Cruise1st Blog,https://www.cruise1st.co.uk/blog/sitemap/,en,wordpress,200,35,0,43014,0,5,271,0,0,https://www.cruise1st.com.au/blog/cruise-tips/5-of-the-best-short-cruises-for-buck-and-hen-parties/,,5 of the Best Short Cruises For Buck and Hen Parties 2018,,,,text,false,true,false,false,false,false,true,removedfromhtml,,linkrestored,2025-07-11 20:50:17,2026-04-15 13:10:01,2026-05-06 12:59:55,,Listing collection > Location,Travel > Specialty travel > Luxury travel,1
Sitemap | Cruise1st Blog,https://www.cruise1st.co.uk/blog/sitemap/,en,wordpress,200,35,0,43014,0,5,271,0,0,https://www.cruise1st.com.au/blog/cruise-tips/infographic-guide-southeast-asias-best-souvenirs/,,[Infographic] A Guide to Southeast Asia’s Best Souvenirs,,,,text,false,true,false,false,false,false,true,removedfromhtml,,linkrestored,2025-07-11 20:50:17,2026-04-15 13:10:01,2026-05-06 12:59:55,,Listing collection > Location,Travel > Specialty travel > Luxury travel,1
Directory website list 690 | Link Boost Directory,https://linkboostdirectory.com/directory-website-list-690/,en,wordpress,200,18,0,0,1,5204,6899,0,0,https://www.cruise1st.com.au/,,cruise1st,,https://cruise1st.com.au/,301,text,true,false,false,false,false,false,true,,,linkrestored,2025-08-25 20:16:32,2026-04-27 23:28:12,,,Listing collection > Business,Business > Business services > Consulting; Internet > Web services; Reference > Listings > Business,2
Sitemap | Cruise1st Blog,https://www.cruise1st.co.uk/blog/sitemap/,en,wordpress,200,35,0,43014,0,5,271,0,0,https://www.cruise1st.com.au/blog/cruise-tips/guide-for-taking-babies-and-toddlers-on-a-cruise/,,Guide for Taking Babies and Toddlers on a Cruise,,,,text,false,true,false,false,false,false,true,removedfromhtml,,linkrestored,2025-07-11 20:50:17,2026-04-15 13:10:01,2026-05-06 12:59:55,,Listing collection > Location,Travel > Specialty travel > Luxury travel,1
,http://papasearch.net/Gardens_by_the_Bay/GardensbytheBay4.html,en,,200,16,0,0,0,1961,6460,0,0,https://www.cruise1st.com.au/destinations/singapore,,Singapore Cruises 2020 | Cruise1st.com.au,,,,text,true,true,false,false,false,false,true,,,pagefound,2024-06-24 05:39:29,2026-04-29 05:47:41,,,Listing collection > Event,Entertainment > Design > Digital arts; Travel > Tourist destinations; Society > Relationships > Marriage; Home,1
Sitemap | Cruise1st Blog,https://www.cruise1st.co.uk/blog/sitemap/,en,wordpress,200,35,0,43014,0,5,271,0,0,https://www.cruise1st.com.au/blog/category/news/apps-technology/,,Apps & Technology,,,,text,false,true,false,false,false,false,true,removedfromhtml,,linkrestored,2025-07-11 20:50:17,2026-04-15 13:10:01,2026-05-06 12:59:55,,Listing collection > Location,Travel > Specialty travel > Luxury travel,1
Azamara Breathes New Life Into Fleet | Cruise1st Blog,https://www.cruise1st.co.uk/blog/azamara-breathes-new-life-into-fleet/,en,wordpress,200,35,0,43014,0,9,12,0,0,http://www.cruise1st.com.au/cruiseline/azamara-club-cruises,,Secure Your Place On-board the Reimagined Azamara Fleet Today,,,,text,false,true,false,false,false,false,true,,,linkrestored,2025-07-13 12:50:20,2026-05-05 07:56:06,,Claire Wilde,,,1
CRUISE GIANT INCREASES MEGASHIP ORDER,https://www.travpr.com/pr-29598-cruise-giant-increases-megaship-order.html,en,,200,26,0,226,0,5,8,0,0,http://www.cruise1st.com.au/cruiselines/msc-cruises.phtml,For Cruise1st’s MCS deals click here:,http://www.cruise1st.com.au/cruiselines/msc-cruises.phtml,,,,text,false,true,false,false,false,false,true,,,pagefound,2021-12-12 11:30:06,2026-04-11 07:32:43,,,,,2
🍪 TELEGRAM @SALESOVEN | ACCESS TO HACKED SITES FOR SEO | HTTPS://T.ME/SALESOVEN 🔥 - Portland Landscape Pros,https://portlandlandscapepros.com/telegram-salesoven-access-to-hacked-sites-for-seo-24-7/,en,wordpress,200,3.8,0,7,1,2317,3334,0,0,https://www.cruise1st.com.au/blog/cruise-tips/which-cruise-ships-have-the-best-casinos-2/,,🍪 TELEGRAM @SALESOVEN | ACCESS TO HACKED SITES FOR SEO | HTTPS://T.ME/SALESOVEN 🔥,,,,text,true,false,true,false,false,false,true,,,linkfound,2026-04-20 22:59:17,2026-04-20 22:59:17,,,Article > News,Internet > Web services > SEO and marketing; Business > Marketing > Marketing,1
Cruise Giant Increases Megaship Order | Focus | Breaking Travel News,https://www.breakingtravelnews.com/focus/article/cruise-giant-increases-megaship-order/,en,,200,72,0,5334,0,18,25,0,0,http://www.cruise1st.com.au/,Visit,http://www.Cruise1st.com.au,"today for a wide range of cruise deals, sailing from",,,text,false,true,false,false,false,false,true,,,pagefound,2025-10-03 17:28:06,2026-04-21 07:03:30,,,,,2
"TELEGRAM @SEO_ANOMALY - SEO BACKLINKS, BLACK-LINKS, TRAFFIC BOOST, LINK INDEXING - ssseo.anomaly-seo-pinecrest.website",https://ssseo.anomaly-seo-pinecrest.website/australia/seo-anomaly-au-1/,en,ecommerce,200,0.2,0,0,16,3500,5743,0,0,https://www.cruise1st.com.au/cruise-ship,,"TELEGRAM @SEO_ANOMALY - SEO BACKLINKS, BLACK-LINKS, TRAFFIC BOOST, LINK INDEXING",,https://www.cruise1st.com.au/cruise-ship/pacific-adventure,301,text,true,false,true,false,false,false,true,,,linkrestored,2026-02-15 14:44:27,2026-04-22 05:29:52,,,Site page > Services,Internet > Web services > SEO and marketing; Business > Marketing > Marketing,20
Cruise 1st Australia Sustainability - SustainabilityTracker.com,https://www.sustainabilitytracker.com/brand/cruise-1st-australia/,en,wordpress,200,41,0,1088,0,7,7,0,0,https://www.cruise1st.com.au/,,Visit Website,,,,text,false,true,true,false,false,false,true,,,pagefound,2025-02-26 11:59:52,2026-04-22 22:18:06,,,,,1
Buy High Quality Dofollow Seo Backlinks to Rank on 1st Page — Seo Backlinks For Rank on 1st page,https://buybacklinks.agency/15q2-get-ranking-on-1st-page-with-us/,en,,200,79,0,0,59,4995,5574,0,0,https://www.cruise1st.com.au/,,Google ranking for cruise1st.com.au: premium guest blogging + backlinks; DR/DA/TF boost — every market. | Visit buybacklinks.agency for any Query,,https://cruise1st.com.au/,301,text,true,false,true,false,false,false,true,,,linkfound,2026-04-12 07:20:23,2026-05-07 08:09:03,,,Listing > Product,Internet > Web services > SEO and marketing,1
Congratulations to Norwegian Cruise Line! | Cruise1st Blog,https://www.cruise1st.co.uk/blog/congratulations-to-norwegian-cruise-line/,en,wordpress,200,35,0,43014,0,6,8,0,0,http://www.cruise1st.com.au/cruise-lines/ncl,"winning cruise line for yourself, we can help! Check out the",huge range of Norwegian Cruise Line itineraries,"here! Alternatively, give our friendly sales team a call on",,,text,false,true,false,false,false,false,true,,,pagefound,2025-07-12 05:38:20,2026-05-02 01:00:25,,Claire Wilde,,,1
Cruise Myths,https://www.spatravelgal.com/2013/09/cruise-myths/,en,wordpress,200,33,0,310,0,21,31,0,0,http://www.cruise1st.com.au/,with an open seating plan. On some of the biggest,cruise liners such as Quantum of the Seas,", you are welcome to eat at any time in",,,text,false,true,true,false,false,false,true,,,pagefound,2024-09-06 19:47:25,2026-04-22 16:31:02,,Ava Roxanne Stritt,,,2
DeWALT DXGN14000 Review - Generator Gator | Generator Gator,https://www.generatorgator.com/dewalt-dxgn14000-review/,en,"ecommerce, wordpress",200,0.6,0,2,0,4965,9972,0,0,http://www.cruise1st.com.au/cruises/cruise-deals,,last minute cruises from Sydney,,,,text,true,false,true,true,false,false,true,,,pagefound,2023-12-19 13:59:37,2026-05-06 01:34:39,,,Article > Review,Business > Manufacturing > Factory automation; Home > Home appliances > Other; Shopping,1
NEW HIGH DA AND DR WEBSITES-95 | Way Ranks,https://wayranks.com/new-high-da-and-dr-websites-95/,en,wordpress,200,58,0,4,4,2461,3100,0,0,https://www.cruise1st.com.au/,,cruise1st.com.au,,https://cruise1st.com.au/,301,text,true,false,false,false,false,true,true,,,linkrestored,2024-05-29 03:12:12,2026-05-05 21:36:25,,,Listing collection > Business,Business > Business services; Internet > Web services; Health,2
Sitemap | Cruise1st Blog,https://www.cruise1st.co.uk/blog/sitemap/,en,wordpress,200,35,0,43014,0,5,271,0,0,https://www.cruise1st.com.au/blog/cruising/best-times-cruise-destination/,,The Best Times to Cruise and Why – by Destination,,,,text,false,true,false,false,false,false,true,removedfromhtml,,linkrestored,2025-07-11 20:50:17,2026-04-15 13:10:01,2026-05-06 12:59:55,,Listing collection > Location,Travel > Specialty travel > Luxury travel,1
Passport & Visa Requirements for Cruises | Cruise1st,https://cruise1stau.site.traveltek.net/faq/passportandvisas,en,,200,44,0,680,0,4,132,0,0,https://www.cruise1st.com.au/cruise-ship/azamara-quest,,Azamara Quest,,,,text,false,false,false,false,false,false,true,,,pagefound,2025-08-06 05:55:24,2026-03-14 18:25:09,,,,,1
Passport & Visa Requirements for Cruises | Cruise1st,https://cruise1stau.site.traveltek.net/faq/passportandvisas,en,,200,44,0,680,0,4,132,0,0,https://www.cruise1st.com.au/destinations/hawaii,,Hawaii,,,,text,false,false,false,false,false,false,true,,,pagefound,2025-08-06 05:55:24,2026-03-14 18:25:09,,,,,1
"Cruise1St.com.au - анализ сайта, seo характеристики сайта - круисе1ст точка ком точка ау",https://prlog.ru/analysis/cruise1st.com.au,ru,,200,51,0,91,0,36,302,0,0,https://www.cruise1st.com.au/cruise-lines/silversea-cruises,,cruise1st.com.au/cruise-lines/silversea-cruises,,https://cruise1st.com.au/cruise-lines/silversea-cruises,301,text,false,true,true,false,false,false,true,,,linkrestored,2020-02-04 15:30:12,2026-04-25 11:20:27,,,,,1
"TELEGRAM @SEO_ANOMALY - SEO BACKLINKS, BLACK-LINKS, TRAFFIC BOOST, LINK INDEXING - anomaly-seo-brookfield.space",https://anomaly-seo-brookfield.space/australia/seo-anomaly-au-10/,en,ecommerce,200,0,0,0,0,3490,5706,0,0,https://www.cruise1st.com.au/cruise-ship,,"TELEGRAM @SEO_ANOMALY - SEO BACKLINKS, BLACK-LINKS, TRAFFIC BOOST, LINK INDEXING",,https://www.cruise1st.com.au/cruise-ship/pacific-encounter,301,text,false,false,true,false,false,false,true,,,pagefound,2026-02-15 09:02:30,2026-04-28 03:04:52,,,Site page > Services,Internet > Web services > SEO and marketing; Business > Marketing > Marketing,4
Đánh giá Cruise1st.com.au | Đọc tất cả đánh giá của khách hàng về cruise1st.com.au | Cập nhật tháng 5 năm 2026 - Trustima,https://www.trustima.com.vn/review/cruise1st.com.au,vi,,200,55,0,2,0,13,16,0,0,https://www.cruise1st.com.au/,,Truy cập trang web,,http://www.cruise1st.com.au/,301,text,false,false,true,false,false,false,true,,,pagefound,2026-01-04 18:54:19,2026-05-06 17:26:20,,,,,2
"cruise1st.com.au waarde is $ 60,49",https://myworthweb.com/nl/cost/cruise1st.com.au,"en, nl",,0,27,0,0,0,7,10,0,0,https://www.cruise1st.com.au/,cruise1st.com.au,,,https://cruise1st.com.au/,301,text,true,false,false,false,false,false,true,,tooold,linkrestored,2023-11-09 04:52:57,2025-06-04 02:53:52,2026-04-22 17:46:18,,,,7
Sitemap | Cruise1st Blog,https://www.cruise1st.co.uk/blog/sitemap/,en,wordpress,200,35,0,43014,0,5,271,0,0,https://www.cruise1st.com.au/blog/news/6-ways-voyager-of-the-seas-will-amp-up-your-holiday/,,6 Ways Voyager of the Seas Will Amp Up Your Holiday,,,,text,false,true,false,false,false,false,true,removedfromhtml,,linkrestored,2025-07-11 20:50:17,2026-04-15 13:10:01,2026-05-06 12:59:55,,Listing collection > Location,Travel > Specialty travel > Luxury travel,1
"Before Discovering SEOExpress.org, I Spent Years on Expensive Agencies That Didn't Deliver the Results Promised. Eventually, I Tried Their White-Hat Backlinks Service and In Just Eight Weeks, My Domain Authority Ramped Up from DA 15 to DA 48 and Leads Poured In at a Rate of Over One Hundred Per Month! Best Investment in SEO ★★★★★ 💎 — Lixil Reform Shop",https://lixil-reformshop.shop/before-discovering-seoexpress-i-spent-years-on-expensive-agencies-that-didnt-deliver-the-results-promised-eventually-i-tried-their-white-hat-backlinks-service-and-in-only-eight-weeks-my,en,,200,28,0,0,36,5037,8508,0,0,https://www.cruise1st.com.au/,,There was a time when cruise1st.com.au wasn’t visible at all in Google searches until a friend recommended trying out SEOExpress.org’s local SEO strategies. Within weeks we moved up significantly: our visibility doubled and lead generation jumped by almost +120 per month—totally worth every penny spent! A small investment here goes such a long way 🎯,,https://cruise1st.com.au/,301,text,true,false,true,false,false,false,true,,,pagefound,2026-05-03 07:25:33,2026-05-03 07:25:33,,,Article > Story,Internet > Web services > SEO and marketing; Business > Marketing > Marketing,1
Sitemap | Cruise1st Blog,https://www.cruise1st.co.uk/blog/sitemap/,en,wordpress,200,35,0,43014,0,5,271,0,0,https://www.cruise1st.com.au/blog/cruising/luxury-cruises-cruising/how-to-make-the-most-of-cruise-line-loyalty-clubs/,,How to Make the Most of Cruise Line Loyalty Clubs,,,,text,false,true,false,false,false,false,true,removedfromhtml,,linkrestored,2025-07-11 20:50:17,2026-04-15 13:10:01,2026-05-06 12:59:55,,Listing collection > Location,Travel > Specialty travel > Luxury travel,1
officialwebsites.in | few of top websites | page no. 960,https://www.officialwebsites.in/domain-list-960,en,,200,7,0,0,0,1050,2036,0,0,https://www.cruise1st.com.au/,,cruise1st.com.au,,"http://cruise1st.com.au/, https://cruise1st.com.au/","301, 301",text,true,true,true,false,false,false,true,,,linkfound,2022-12-28 06:03:27,2026-03-03 18:38:44,,,Listing collection > Business,Internet > Web services > Development; Business > Business services; Reference > Listings > Business,1
Directory website list 1948 – Keyword Power 357 | Usa Seo Directory,https://usaseodirectory.com/directory-website-list-1948-keyword-power-357/,en,wordpress,200,11,0,0,0,5476,6551,0,0,https://www.cruise1st.com.au/,,cruise1st,,https://cruise1st.com.au/,301,text,true,false,false,false,false,false,true,,,linkrestored,2025-10-02 23:48:53,2026-05-07 04:26:35,,,Listing collection > Business,Business > Business services > Consulting; Internet > Search engines,2
"Cruise1St.com.au - анализ сайта, seo характеристики сайта - круисе1ст точка ком точка ау",https://prlog.ru/analysis/cruise1st.com.au,ru,,200,51,0,91,0,36,302,0,0,https://www.cruise1st.com.au/cruises,,cruise1st.com.au/cruises/rail-and-sail,,https://cruise1st.com.au/cruises/rail-and-sail,301,text,false,true,true,false,false,false,true,,,linkrestored,2019-07-14 20:21:19,2026-04-25 11:20:27,,,,,1
TG @LINKS_DEALER | BLACK HAT SEO SERVICES | MASS LINKS | HTTPS://T.ME/LINKS_DEALER – Licitamos.cl,https://licitamos.cl/tg-links-dealer-black-hat-seo-services-mass-links-55/,es,"ecommerce, wordpress",200,8,0,228,0,2401,3311,0,0,https://www.cruise1st.com.au/blog/activities-entertainment/which-cruise-ships-have-the-best-casinos/,,TG @LINKS_DEALER | EFFECTIVE SEO LINKS FOR WWW.CRUISE1ST.COM.AU,,,,text,true,false,true,false,false,false,true,,,pagefound,2025-09-17 13:19:48,2026-04-19 11:30:10,,Miguel Guerrero,Site page > Services,Business > Business services > Consulting; Internet > Web services > Development,4
Sitemap | Cruise1st Blog,https://www.cruise1st.co.uk/blog/sitemap/,en,wordpress,200,35,0,43014,0,5,271,0,0,https://www.cruise1st.com.au/blog/cruising/destinations/12-hours-cairns/,,12 Hours in Cairns,,,,text,false,true,false,false,false,false,true,removedfromhtml,,linkrestored,2025-07-11 20:50:17,2026-04-15 13:10:01,2026-05-06 12:59:55,,Listing collection > Location,Travel > Specialty travel > Luxury travel,1
Simple SEO Tips For Your Website – ZOMATT,https://zomatt.com/simple-seo-tips-for-your-website/,en,wordpress,200,29,0,0,0,5181,6952,0,0,https://www.cruise1st.com.au/,,cruise1st,,https://cruise1st.com.au/,301,text,true,false,false,false,false,false,true,,,linkrestored,2024-10-17 19:44:20,2026-04-29 01:00:05,,,Article > How-to,Internet > Web services > SEO and marketing,1
Most Visited website list 690 | Link Pitcher Directory,https://linkpitcherdirectory.com/most-visited-website-list-690/,en,wordpress,200,58,0,0,0,5204,6906,0,0,https://www.cruise1st.com.au/,,cruise1st,,https://cruise1st.com.au/,301,text,true,false,false,false,false,false,true,,,linkrestored,2025-09-30 03:51:51,2026-04-16 21:36:10,,,Listing collection > Business,Internet > Web services > Development; Business > Business services > Consulting,2
newdirectory.org | few of top websites | page no. 960,http://www.newdirectory.org/domain-list-960,en,,200,41,0,0,0,1056,2113,0,0,https://www.cruise1st.com.au/,,cruise1st.com.au,,"http://cruise1st.com.au/, https://cruise1st.com.au/","301, 301",text,true,true,true,false,false,false,true,,,linkfound,2026-02-15 18:50:17,2026-02-15 18:50:17,,,Listing collection > Business,Internet > Web services > Development; Business > Business services; Reference > Listings > Business,2
Directory website list 1976 | high authority directory,https://highauthoritydirectory.com/directory-website-list-1976/,en,wordpress,200,17,0,0,0,5403,7181,0,0,https://www.cruise1st.com.au/,,cruise1st.com.au,,https://cruise1st.com.au/,301,text,true,false,false,false,false,false,true,,,linkrestored,2025-09-15 13:57:58,2026-05-10 06:13:32,,,Listing collection > Business,Business > Business services > Consulting; Reference > Listings > Business; Internet,1
INSPIRED LIVING | IS PARADISE,https://isparadise.in/inspired-living/,en,wordpress,200,0,0,0,0,934,1484,0,0,http://www.cruise1st.com.au/cruises/cruises-from-brisbane,,cruises from Brisbane,,,,text,true,false,true,true,false,false,true,,,linkrestored,2022-02-27 01:58:12,2026-05-09 10:21:34,,,Article > Story,Home > Decor; Real estate; Society; Entertainment,10
Cruise1st customer service complaint department | TheComplaintPoint Australia,https://thecomplaintpoint-au.com/cruise1st-complaints-email-phone-number/,en,wordpress,403,0.9,0,0,0,5,6,0,0,https://www.cruise1st.com.au/info/contact,Support Form:,Cruise1st Support Form,,,,text,false,true,false,false,false,false,true,pageerror,,linkrestored,2023-06-01 23:29:47,2026-04-23 14:09:47,2026-05-07 17:34:59,,,,1
Sitemap | Cruise1st Blog,https://www.cruise1st.co.uk/blog/sitemap/,en,wordpress,200,35,0,43014,0,5,271,0,0,https://www.cruise1st.com.au/blog/cruise-tips/cruise-lines-casual-dress-code/,,Which Cruise Lines Have a Casual Dress Code?,,,,text,false,true,false,false,false,false,true,removedfromhtml,,linkrestored,2025-07-11 20:50:17,2026-04-15 13:10:01,2026-05-06 12:59:55,,Listing collection > Location,Travel > Specialty travel > Luxury travel,1
cruise Search Results of Online Directory Listing & Web Directory HotVsNot.Com,http://www.hotvsnot.com/search/?s=cruise,en,,200,62,0,3,0,17,25,0,0,https://www.cruise1st.com.au/,,cruise1st.com.au: Cruise Deals | Cheap Cruises | Cheap All Inclusive ...,,http://www.cruise1st.com.au/,301,text,true,true,true,false,false,false,true,,,pagefound,2020-05-31 21:24:11,2026-05-03 05:03:32,,,,,4
Sitemap | Cruise1st Blog,https://www.cruise1st.co.uk/blog/sitemap/,en,wordpress,200,35,0,43014,0,5,271,0,0,https://www.cruise1st.com.au/blog/news/cruise-packages-making-the-most-of-your-holidays/,,Cruise packages – making the most of your holidays,,,,text,false,true,false,false,false,false,true,removedfromhtml,,linkrestored,2025-07-11 20:50:17,2026-04-15 13:10:01,2026-05-06 12:59:55,,Listing collection > Location,Travel > Specialty travel > Luxury travel,1
Most Visited website list 690 | Guest Post Directory,https://webguestpostsdirectory.com/most-visited-website-list-690/,en,wordpress,200,56,0,0,2,5219,6936,0,0,https://www.cruise1st.com.au/,,cruise1st,,https://cruise1st.com.au/,301,text,true,false,false,false,false,true,true,,,linkrestored,2025-08-21 08:52:12,2026-04-29 02:53:34,,,Listing collection > Business,Internet > Web services > Development; Business > Business services; Society; Reference,2
"Cruise1St.com.au - анализ сайта, seo характеристики сайта - круисе1ст точка ком точка ау",https://prlog.ru/analysis/cruise1st.com.au,ru,,200,51,0,91,0,36,302,0,0,https://www.cruise1st.com.au/cruises/cruises-from-perth,,cruise1st.com.au/cruises/cruises-from-perth,,https://cruise1st.com.au/cruises/cruises-from-perth,301,text,false,true,true,false,false,false,true,,,linkrestored,2020-02-04 15:30:12,2026-04-25 11:20:27,,,,,1
Data-Driven Social Media Campaigns for Targeted E-Commerce Growth – PRO SEO ARTICLES,https://proseoarticles.com/data-driven-social-media-campaigns-for-targeted-e-commerce-growth/,en,wordpress,200,30,0,0,99,3206,4646,0,0,https://www.cruise1st.com.au/,,cruise1st,,https://cruise1st.com.au/,301,text,true,true,false,false,false,false,true,,,linkrestored,2025-09-10 15:20:40,2026-05-07 01:51:42,,,Article > Guide,Business > Marketing > Marketing; Internet > Web services > SEO and marketing,2
Most Visited website list 1948 | Website World Directory,https://websiteworlddirectory.com/most-visited-website-list-1948/,en,wordpress,200,55,0,0,0,5476,6537,0,0,https://www.cruise1st.com.au/,,cruise1st,,https://cruise1st.com.au/,301,text,true,false,false,false,false,false,true,,,linkfound,2026-01-05 06:28:33,2026-05-03 18:30:22,,,Listing collection > Business,Internet > Web services > Development; Reference > Listings > Business; Business > Business services,2
BIMI Logo for cruise1st.com.au,https://bimi-explorer.svg.zone/bimi/cruise1st.com.au/,en,,200,34,0,0,0,5,5,0,0,https://www.cruise1st.com.au/,BIMI Logo for,cruise1st.com.au,,,,text,false,false,false,false,false,false,true,,,linkfound,2025-03-13 15:47:14,2026-04-21 01:11:12,,,,,1
Most Visited website list 1948 | Top World Directory,https://topworlddirectory.com/most-visited-website-list-1948/,en,wordpress,200,55,0,0,0,5479,6551,0,0,https://www.cruise1st.com.au/,,cruise1st,,https://cruise1st.com.au/,301,text,true,false,false,false,false,false,true,,,linkrestored,2025-10-14 17:25:40,2026-05-10 22:10:54,,,Listing collection > Location,Reference > General reference > Educational; Internet > Search engines; Business > Business services; Society,2
,http://papasearch.net/Artificial_Intelligence/ArtificialIntelligence54.html,en,,200,16,0,0,0,1210,3014,0,0,https://www.cruise1st.com.au/blog/news/,,News,,,,text,true,true,false,false,false,false,true,,,linkrestored,2024-07-14 18:15:33,2026-04-28 20:13:04,,,Listing collection > Event,Science > Computer science > Artificial intelligence; Computers and electronics > Software; Government; Society,1
Sitemap | Cruise1st Blog,https://www.cruise1st.co.uk/blog/sitemap/,en,wordpress,200,35,0,43014,0,5,271,0,0,https://www.cruise1st.com.au/blog/cruising/why-you-should-go-on-a-wine-cruise/,,Why You Should Go on a Wine Cruise,,,,text,false,true,false,false,false,false,true,removedfromhtml,,linkrestored,2025-07-11 20:50:17,2026-04-15 13:10:01,2026-05-06 12:59:55,,Listing collection > Location,Travel > Specialty travel > Luxury travel,1
SEO – Let’s Make Some New Trends – VEWNET,https://vewnet.com/seo-lets-make-some-new-trends/,en,wordpress,0,28,0,0,0,5342,7094,0,0,https://www.cruise1st.com.au/,,cruise1st.com.au,,https://cruise1st.com.au/,301,text,true,false,false,false,false,false,true,,tooold,pagefound,2024-12-13 15:48:44,2025-08-04 03:56:58,2026-04-16 08:43:56,,,,1
Sitemap | Cruise1st Blog,https://www.cruise1st.co.uk/blog/sitemap/,en,wordpress,200,35,0,43014,0,5,271,0,0,https://www.cruise1st.com.au/blog/cruising/cruise-maritime-voyages-ship-the-astor-soon-to-be-home-ported-in-western-australia/,,"Cruise & Maritime Voyages ship, the Astor soon to be home-ported in Western Australia",,,,text,false,true,false,false,false,false,true,removedfromhtml,,linkrestored,2025-07-11 20:50:17,2026-04-15 13:10:01,2026-05-06 12:59:55,,Listing collection > Location,Travel > Specialty travel > Luxury travel,1
Sitemap | Cruise1st Blog,https://www.cruise1st.co.uk/blog/sitemap/,en,wordpress,200,35,0,43014,0,5,271,0,0,https://www.cruise1st.com.au/blog/news/5-stunning-arctic-cruise-sights-you-must-see/,,Stunning Arctic Cruise Sights You Must See!,,,,text,false,true,false,false,false,false,true,removedfromhtml,,linkrestored,2025-07-11 20:50:17,2026-04-15 13:10:01,2026-05-06 12:59:55,,Listing collection > Location,Travel > Specialty travel > Luxury travel,1
Sitemap | Cruise1st Blog,https://www.cruise1st.co.uk/blog/sitemap/,en,wordpress,200,35,0,43014,0,5,271,0,0,https://www.cruise1st.com.au/blog/cruising/destinations/12-hours-perth/,,12 Hours in Perth: What to See and Do,,,,text,false,true,false,false,false,false,true,removedfromhtml,,linkrestored,2025-07-11 20:50:17,2026-04-15 13:10:01,2026-05-06 12:59:55,,Listing collection > Location,Travel > Specialty travel > Luxury travel,1
🔥 BHS Links – Hardcore Black Hat SEO – TG @bhs_links - links-bhs-blue.xyz,https://links-bhs-blue.xyz/egypt-17-07-2025/bhs-links-egypt-1/,"en, uk",,200,0.2,0,0,20,2371,3336,0,0,https://www.cruise1st.com.au/blog/activities-entertainment/which-cruise-ships-have-the-best-casinos/,,TG @BHS_LINKS - BEST SEO LINKS - https://t.me/bhs_links,,,,text,true,false,true,false,false,true,true,,,pagefound,2026-02-15 16:01:14,2026-05-01 04:25:37,,,Site page > Services,Internet > Web services > SEO and marketing,9
Eurekster,https://p.eurekster.com/?id=&apdiv=Submit&search=Celebrity%20Cruises%20Mediterranean,en,,200,51,0,0,0,98,128,0,0,https://www.cruise1st.com.au/destinations/mediterranean,,https://www.cruise1st.com.au/destinations/mediterranean,,,,text,false,false,false,false,false,false,true,removedfromhtml,,linkfound,2026-02-10 21:27:58,2026-02-10 21:27:58,2026-05-11 00:27:19,,,,6
✅ Website Stats 📊,https://analyticshaven.top/stats/71716,en,,200,40,0,0,0,3687,4092,0,0,https://www.cruise1st.com.au/,visit homepage,cruise1st.com.au,&nbsp,https://cruise1st.com.au/,301,text,true,true,true,false,false,false,true,,,linkfound,2026-04-21 23:57:47,2026-04-21 23:57:47,,,Listing collection > Business,Internet > Web services > Analytics,1
Sitemap | Cruise1st Blog,https://www.cruise1st.co.uk/blog/sitemap/,en,wordpress,200,35,0,43014,0,5,271,0,0,https://www.cruise1st.com.au/blog/cruising/destinations/a-guide-to-cruise-holidays-in-new-zealand/,,A Guide to Cruise Holidays in New Zealand,,,,text,false,true,false,false,false,false,true,removedfromhtml,,linkrestored,2025-07-11 20:50:17,2026-04-15 13:10:01,2026-05-06 12:59:55,,Listing collection > Location,Travel > Specialty travel > Luxury travel,1
Sitemap | Cruise1st Blog,https://www.cruise1st.co.uk/blog/sitemap/,en,wordpress,200,35,0,43014,0,5,271,0,0,https://www.cruise1st.com.au/blog/category/news/new-ships-news/,,New Ships,,,,text,false,true,false,false,false,false,true,removedfromhtml,,linkrestored,2025-07-11 20:50:17,2026-04-15 13:10:01,2026-05-06 12:59:55,,Listing collection > Location,Travel > Specialty travel > Luxury travel,1
Sitemap | Cruise1st Blog,https://www.cruise1st.co.uk/blog/sitemap/,en,wordpress,200,35,0,43014,0,5,271,0,0,https://www.cruise1st.com.au/blog/category/activities-entertainment/,,Activities & Entertainment,,,,text,false,true,false,false,false,false,true,removedfromhtml,,linkrestored,2025-07-11 20:50:17,2026-04-15 13:10:01,2026-05-06 12:59:55,,Listing collection > Location,Travel > Specialty travel > Luxury travel,1
Sitemap | Cruise1st Blog,https://www.cruise1st.co.uk/blog/sitemap/,en,wordpress,200,35,0,43014,0,5,271,0,0,https://www.cruise1st.com.au/blog/cruising/destinations/12-hours-phuket/,,12 Hours in Phuket,,,,text,false,true,false,false,false,false,true,removedfromhtml,,linkrestored,2025-07-11 20:50:17,2026-04-15 13:10:01,2026-05-06 12:59:55,,Listing collection > Location,Travel > Specialty travel > Luxury travel,1
TG @LINKS_DEALER | BLACK HAT SEO SERVICES | MASS LINKS | HTTPS://T.ME/LINKS_DEALER - Portland Landscape Pros,https://portlandlandscapepros.com/tg-links-dealer-black-hat-seo-services-mass-links-2-6/,en,wordpress,200,3.8,0,7,0,2304,3323,0,0,https://www.cruise1st.com.au/blog/cruise-tips/which-cruise-ships-have-the-best-casinos-2/,,TG @LINKS_DEALER | EFFECTIVE SEO LINKS FOR WWW.CRUISE1ST.COM.AU,,,,text,true,false,true,false,false,false,true,,,pagefound,2026-01-09 19:21:16,2026-04-19 18:15:06,,,Site page > Services,Internet > Web services > SEO and marketing; Business > Marketing > Marketing; Home > Garden > Landscape design,1
Passport & Visa Requirements for Cruises | Cruise1st,https://cruise1stau.site.traveltek.net/faq/passportandvisas,en,,200,44,0,680,0,4,132,0,0,https://www.cruise1st.com.au/destinations/vietnam,,Vietnam,,,,text,false,false,false,false,false,false,true,,,pagefound,2025-08-06 05:55:24,2026-03-14 18:25:09,,,,,1
"Australian cruise season grows as coronavirus pushes ships out of hot zones | Merimbula, NSW",https://www.merimbulanewsweekly.com.au/story/6653951/huge-cruise-deals-emerge-as-coronavirus-pushes-ships-south/,en,,200,37,0,637,0,23,29,0,0,https://www.cruise1st.com.au/,,Cruise1st,is offering a 19-night roundtrip from Sydney to Hawaii. The,"http://cruise1st.com.au/, https://cruise1st.com.au/","301, 301",text,false,true,false,false,false,false,true,,,linkrestored,2025-09-27 00:50:21,2026-05-10 12:38:45,,Bernadette Chua,,,1
Data-Driven Social Media Campaigns for Targeted E-Commerce Growth | Seo Directory Site,https://seodirectorysite.com/data-driven-social-media-campaigns-for-targeted-e-commerce-growth/,en,wordpress,200,17,0,0,43,3207,4638,0,0,https://www.cruise1st.com.au/,,cruise1st,,https://cruise1st.com.au/,301,text,true,true,false,false,false,false,true,,,linkrestored,2024-12-14 15:21:45,2026-04-21 17:56:55,,,Article > Guide,Business > Marketing > Marketing; Internet > Web services > SEO and marketing,1
Sitemap | Cruise1st Blog,https://www.cruise1st.co.uk/blog/sitemap/,en,wordpress,200,35,0,43014,0,5,271,0,0,https://www.cruise1st.com.au/blog/cruise-tips/3-unique-ways-to-use-your-private-cruise-ship-balcony/,,3 Unique Ways to Use Your Private Cruise Ship Balcony,,,,text,false,true,false,false,false,false,true,removedfromhtml,,linkrestored,2025-07-11 20:50:17,2026-04-15 13:10:01,2026-05-06 12:59:55,,Listing collection > Location,Travel > Specialty travel > Luxury travel,1
Passport & Visa Requirements for Cruises | Cruise1st,https://cruise1stau.site.traveltek.net/faq/passportandvisas,en,,200,44,0,680,0,4,132,0,0,https://www.cruise1st.com.au/info/privacy,| Career Opportunities | Terms & Conditions |,Privacy,| Site Map | Advice |,,,text,false,false,false,false,false,false,true,,,pagefound,2025-08-06 05:55:24,2026-03-14 18:25:09,,,,,1
"TELEGRAM @SEO_ANOMALY - SEO BACKLINKS, BLACK-LINKS, TRAFFIC BOOST, LINK INDEXING - anomaly-seo-fairview.space",https://anomaly-seo-fairview.space/australia/seo-anomaly-au-10/,en,ecommerce,200,0,0,0,0,3489,5688,0,0,https://www.cruise1st.com.au/cruise-ship/pacific-encounter,,"TELEGRAM @SEO_ANOMALY - SEO BACKLINKS, BLACK-LINKS, TRAFFIC BOOST, LINK INDEXING",,,,text,false,false,true,false,false,false,true,,,pagefound,2026-02-18 20:56:27,2026-04-28 00:21:43,,,Site page > Services,Internet > Web services > SEO and marketing; Business > Marketing > Marketing,4
"Cruise1St.com.au - анализ сайта, seo характеристики сайта - круисе1ст точка ком точка ау",https://prlog.ru/analysis/cruise1st.com.au,ru,,200,51,0,91,0,36,302,0,0,https://www.cruise1st.com.au/cruises/australia.phtml,,cruise1st.com.au/cruises/austr...,,http://www.cruise1st.com.au/cruises/australia.phtml,301,text,false,true,true,false,false,false,true,,,linkrestored,2019-07-14 20:21:19,2026-04-25 11:20:27,,,,,2
TG @LINKS_DEALER | BLACK HAT SEO SERVICES | MASS LINKS | HTTPS://T.ME/LINKS_DEALER - Ez Financial,https://ezfinancial.ca/links-dealer-monten/tg-links-dealer-black-hat-seo-services-mass-links-55/,en,,200,9,0,0,0,2394,3273,0,0,https://www.cruise1st.com.au/blog/activities-entertainment/which-cruise-ships-have-the-best-casinos/,,TG @LINKS_DEALER | EFFECTIVE SEO LINKS FOR WWW.CRUISE1ST.COM.AU,,,,text,true,false,true,false,false,false,true,,,pagefound,2025-12-09 15:08:21,2026-04-13 02:31:23,,,Site page > Services,Finance > Insurance > Life insurance,2
Cruise 1St Australia Software Purchases and Digital Transformation Initiatives,https://www.appsruntheworld.com/customers-database/customers/view/cruise-1st-australia-australia,en,,200,70,0,14437,0,5,6,0,0,https://www.cruise1st.com.au/,,https://www.cruise1st.com.au/,,,,text,false,false,false,false,false,false,true,,,pagefound,2023-08-05 21:12:02,2026-02-03 02:55:20,,Apps Run The World,,,1
Most Visited website list 1976 | Most Ranking Directory,https://mostrankingdirectory.com/most-visited-website-list-1976/,en,wordpress,200,55,0,0,0,5394,7156,0,0,https://www.cruise1st.com.au/,,cruise1st.com.au,,https://cruise1st.com.au/,301,text,true,false,false,false,false,false,true,,,linkfound,2025-12-23 21:04:13,2026-04-27 22:02:32,,,Listing collection > Business,Internet > Search engines; Business > Business services > Consulting,1
"Before Discovering SEOExpress.org, I Spent Years on Expensive Agencies That Didn't Deliver the Results Promised. Eventually, I Tried Their White-Hat Backlinks Service and In Just Eight Weeks, My Domain Authority Ramped Up from DA 15 to DA 48 and Leads Poured In at a Rate of Over One Hundred Per Month! Best Investment in SEO ★★★★★ 💎 — Guest Post",https://theguestpost.shop/before-discovering-seoexpress-i-spent-years-on-expensive-agencies-that-didnt-deliver-the-results-promised-eventually-i-tried-their-white-hat-backlinks-service-and-in-only-eight-weeks-my,en,,200,29,0,0,36,5041,8463,0,0,https://www.cruise1st.com.au/,,There was a time when cruise1st.com.au wasn’t visible at all in Google searches until a friend recommended trying out SEOExpress.org’s local SEO strategies. Within weeks we moved up significantly: our visibility doubled and lead generation jumped by almost +120 per month—totally worth every penny spent! A small investment here goes such a long way 🎯,,https://cruise1st.com.au/,301,text,true,false,true,false,false,false,true,,,linkfound,2026-05-11 03:14:41,2026-05-11 03:14:41,,,Article > Story,Internet > Web services > SEO and marketing; Business > Marketing > Marketing,1
"» @SEO_CARTEL IN TELEGRAM – SEO BACKLINKS, BULK LINK POSTING, BOOST SEO RANKING – HTTPS://T.ME/SEO_CARTEL",https://www.kompster.com/uncategorized/seo-cartel-in-telegram-seo-backlinks-bulk-link-19,en,wordpress,200,17,0,430,0,3032,4308,0,0,https://www.cruise1st.com.au/blog/activities-entertainment/which-cruise-ships-have-the-best-casinos/,,"@SEO_CARTEL IN TELEGRAM – SEO BACKLINKS, BULK LINK POSTING, BOOST SEO RANKING",,,,text,false,false,true,false,false,false,true,,,pagefound,2025-12-28 13:58:19,2025-12-28 13:58:19,,,Article > Guide,Internet > Web services > SEO and marketing; Business > Marketing > Marketing,1
TG @LINKS_DEALER | BLACK HAT SEO SERVICES | MASS LINKS | HTTPS://T.ME/LINKS_DEALER – 한국사이버신학대학,http://한국사이버신학대학교.kr/23935/,ko,wordpress,200,1.1,0,0,0,2399,3306,0,0,https://www.cruise1st.com.au/blog/activities-entertainment/which-cruise-ships-have-the-best-casinos/,,TG @LINKS_DEALER | EFFECTIVE SEO LINKS FOR WWW.CRUISE1ST.COM.AU,,,,text,true,false,true,false,false,false,true,,,pagefound,2025-10-04 10:16:06,2026-04-27 17:08:59,,,Site page > Services,Jobs and education > Education > Universities; Society > Belief; Internet > Web services; Business,2
Most Visited website list 1976 | Ranking Directory,https://rankingwebdirectory.com/most-visited-website-list-1976/,en,wordpress,200,55,0,0,0,5399,7170,0,0,https://www.cruise1st.com.au/,,cruise1st.com.au,,https://cruise1st.com.au/,301,text,true,false,false,false,false,false,true,,,linkfound,2025-12-18 18:08:00,2026-05-07 02:47:20,,,Listing collection > Business,Business > Business services > Consulting; Internet > Web services > Analytics,1
"10 surprising river cruises around the world | Gloucester Advocate | Gloucester, NSW",https://www.gloucesteradvocate.com.au/story/8524019/10-surprising-river-cruises-around-the-world/,en,,200,31,0,368,0,26,28,0,0,https://www.cruise1st.com.au/,river and rail; check out deals from Cruise Express and,Cruise1st,. Independent travellers can also plan Eurostar or Eurail holidays,,,text,false,true,false,false,false,false,true,,,pagefound,2026-04-13 01:18:31,2026-04-13 01:18:31,,Louise Goldsbury,,,1
Cruise1st Cashback Rates Compared | OzSavers,https://ozsavers.com/brands/cruise1st,en,,200,0,0,0,0,5,5,0,0,https://www.cruise1st.com.au/,,Visit Cruise1st →,,,,text,false,true,false,false,false,false,true,,,pagefound,2026-03-26 21:00:05,2026-04-27 10:12:24,,,,,1
Directory website list 1976 | Global Rank Directory,https://globalrankdirectory.com/directory-website-list-1976/,en,wordpress,200,18,0,0,0,5393,7153,0,0,https://www.cruise1st.com.au/,,cruise1st.com.au,,https://cruise1st.com.au/,301,text,true,false,false,false,false,false,true,,,linkfound,2025-12-25 01:28:34,2026-05-06 04:30:51,,,Listing collection > Business,Business > Business services > Consulting; Reference > Listings > Business,1
Passport & Visa Requirements for Cruises | Cruise1st,https://cruise1stau.site.traveltek.net/faq/passportandvisas,en,,200,44,0,680,0,4,132,0,0,https://www.cruise1st.com.au/cruise-lines/royal-caribbean,,Royal Caribbean,,,,text,false,false,false,false,false,false,true,,,pagefound,2025-08-06 05:55:24,2026-03-14 18:25:09,,,,,1
Most Visited website list 1976 | Guest Post Directory,https://guestpostwebdirectory.com/most-visited-website-list-1976/,en,wordpress,200,17,0,0,0,5392,7149,0,0,https://www.cruise1st.com.au/,,cruise1st.com.au,,https://cruise1st.com.au/,301,text,true,false,false,false,false,false,true,,,linkfound,2025-12-21 23:28:57,2026-04-29 21:32:40,,,Listing collection > Business,Business > Business services > Consulting; Internet > Web services; Travel,1
Directory website list 1948 | All Listing Drectory,https://allistingdirectory.com/directory-website-list-1948/,en,wordpress,200,8,0,0,0,5472,6548,0,0,https://www.cruise1st.com.au/,,cruise1st,,https://cruise1st.com.au/,301,text,true,false,false,false,false,false,true,,,linkrestored,2025-10-11 03:16:54,2026-04-26 00:53:08,,,Listing collection > Business,Business > Business services > Other; Reference > Listings > Business,2
Passport & Visa Requirements for Cruises | Cruise1st,https://cruise1stau.site.traveltek.net/faq/passportandvisas,en,,200,44,0,680,0,4,132,0,0,https://www.cruise1st.com.au/cruise-ship/explorer-of-the-seas,,Explorer of the Seas,,,,text,false,false,false,false,false,false,true,,,pagefound,2025-08-06 05:55:24,2026-03-14 18:25:09,,,,,1
Data-Driven Social Media Campaigns for Targeted E-Commerce Growth | Multi Ranks,https://multiranks.com/data-driven-social-media-campaigns-for-targeted-e-commerce-growth/,en,wordpress,200,21,0,0,42,3206,4640,0,0,https://www.cruise1st.com.au/,,cruise1st,,https://cruise1st.com.au/,301,text,true,true,false,false,false,false,true,,,linkrestored,2024-12-14 11:56:29,2026-04-28 00:07:14,,,Article > Guide,Business > Retail trade > Technology; Internet > Web services > SEO and marketing; Shopping,1
Sitemap | Cruise1st Blog,https://www.cruise1st.co.uk/blog/sitemap/,en,wordpress,200,35,0,43014,0,5,271,0,0,https://www.cruise1st.com.au/blog/cruise-tips/12-hours-in-melbourne/,,12 Hours in Melbourne,,,,text,false,true,false,false,false,false,true,removedfromhtml,,linkrestored,2025-07-11 20:50:17,2026-04-15 13:10:01,2026-05-06 12:59:55,,Listing collection > Location,Travel > Specialty travel > Luxury travel,1
Sitemap | Cruise1st Blog,https://www.cruise1st.co.uk/blog/sitemap/,en,wordpress,200,35,0,43014,0,5,271,0,0,https://www.cruise1st.com.au/blog/category/cruise-tips/,,Cruise Tips,,,,text,false,true,false,false,false,false,true,removedfromhtml,,linkrestored,2025-07-11 20:50:17,2026-04-15 13:10:01,2026-05-06 12:59:55,,Listing collection > Location,Travel > Specialty travel > Luxury travel,1
World Cruise Season Starts: Key Tips For Booking Your Trip,https://cruisepassenger.com.au/tips-advice/all-you-need-to-know-about-world-cruises/,en,wordpress,200,48,0,13172,0,11,12,0,0,https://www.cruise1st.com.au/fusion/detailcsipackage.pl?sessionkey=22493FC7-FBC2d4BC5-8AF0-5FA84FE17E52&chosencruise=186_0.0&depselected=&cid=1523654&depair=CO,ships from the same line. Cruise1st is currently offering a,37-night fly-cruise package,"that allows you get aboard each of Cunard’s three queens,",,,text,false,true,false,false,false,false,true,,,linkrestored,2024-08-19 21:07:57,2026-04-27 00:12:38,,Cruise Passenger,,,1
Sitemap | Cruise1st Blog,https://www.cruise1st.co.uk/blog/sitemap/,en,wordpress,200,35,0,43014,0,5,271,0,0,https://www.cruise1st.com.au/blog/cruising/destinations/things-to-see-and-do-kobe/,,12 Hours in Kobe: Top Things to See and Do,,,,text,false,true,false,false,false,false,true,removedfromhtml,,linkrestored,2025-07-11 20:50:17,2026-04-15 13:10:01,2026-05-06 12:59:55,,Listing collection > Location,Travel > Specialty travel > Luxury travel,1
Discover the Ultimate Weekend Escape: 2 Night Cruises from Sydney,http://blogs.adsiduous.com/discover-the-ultimate-weekend-escape-2-night-cruises-from-sydney/,en,,200,6,0,12,0,7,13,0,0,https://www.cruise1st.com.au/2-night-cruises-from-sydney,,2 Night Cruises from Sydney Deals,,,,text,true,true,false,false,false,false,true,,,pagefound,2026-04-16 12:09:37,2026-04-26 15:34:23,,Sydney Blunt,,,1
Passport & Visa Requirements for Cruises | Cruise1st,https://cruise1stau.site.traveltek.net/faq/passportandvisas,en,,200,44,0,680,0,4,132,0,0,https://www.cruise1st.com.au/cruises,,Exclusive Cruise Deals,,,,text,false,false,false,false,false,false,true,,,pagefound,2025-08-06 05:55:24,2026-03-14 18:25:09,,,,,1
"10 surprising river cruises around the world | Milton Ulladulla Times | Ulladulla, NSW",https://www.ulladullatimes.com.au/story/8524019/10-surprising-river-cruises-around-the-world/,en,,200,40,0,615,0,22,24,0,0,https://www.cruise1st.com.au/,river and rail; check out deals from Cruise Express and,Cruise1st,. Independent travellers can also plan Eurostar or Eurail holidays,,,text,false,true,false,false,false,false,true,,,pagefound,2026-04-13 01:47:42,2026-04-21 06:39:51,,Louise Goldsbury,,,1
Directory website list 1948 – Keyword Power 357 | Prime company Directory,https://primecompanydirectory.com/directory-website-list-1948-keyword-power-357/,en,wordpress,200,0.1,0,0,0,5473,6547,0,0,https://www.cruise1st.com.au/,,cruise1st,,https://cruise1st.com.au/,301,text,true,false,false,false,false,false,true,,,pagefound,2026-01-04 01:59:41,2026-05-01 05:33:03,,,Listing collection > Business,Business > Business services > Consulting; Internet > Web services > SEO and marketing,2
packersandmoversdirectory.com | few of top websites | page no. 899,https://www.packersandmoversdirectory.com/domain-list-899,en,,200,0.1,0,0,0,1096,2112,0,0,https://www.cruise1st.com.au/,,cruise1st.com.au,,"http://cruise1st.com.au/, https://cruise1st.com.au/","301, 301",text,true,true,true,false,false,false,true,,,linkrestored,2025-04-15 10:23:57,2026-03-19 20:49:20,,,Listing collection > Business,Home; Business > Logistics > Relocation; Internet,1
🔥 BHS Links – Hardcore Black Hat SEO – TG @bhs_links - bhs3.links-bhs-nice.xyz,https://bhs3.links-bhs-nice.xyz/egypt-17-07-2025/bhs-links-egypt-1/,"en, uk",,200,0.2,0,0,16,2374,3317,0,0,https://www.cruise1st.com.au/blog/activities-entertainment/which-cruise-ships-have-the-best-casinos/,,TG @BHS_LINKS - BEST SEO LINKS - https://t.me/bhs_links,,,,text,true,false,true,false,false,false,true,,,pagefound,2026-02-19 03:42:36,2026-04-11 12:33:11,,,Site page > Services,Internet > Web services > SEO and marketing,10
5 Key Aspects of Branding a Product | King Ranks,http://kingranks.com/5-key-aspects-of-branding-a-product/,en,wordpress,200,55,0,0,0,2404,3021,0,0,https://www.cruise1st.com.au/,,cruise1st,,https://cruise1st.com.au/,301,text,true,true,false,false,false,false,true,,,linkrestored,2025-02-25 18:40:05,2026-05-11 13:51:16,,,,,4
Singapore to Perth cruise and Indian Pacific rail adventure | Cruise Weekly,https://cruiseweekly.com.au/news/singapore-to-perth-cruise-and-indian-pacific-rail-adventure/45259,en,wordpress,200,26,0,118,0,11,13,0,0,http://www.cruise1st.com.au/,For more information call 1300 596 345 or visit,www.cruise1st.com.au,,,,text,false,true,false,false,false,false,true,,,linkfound,2026-04-20 21:04:41,2026-04-20 21:04:41,,,,,2
Sitemap | Cruise1st Blog,https://www.cruise1st.co.uk/blog/sitemap/,en,wordpress,200,35,0,43014,0,5,271,0,0,https://www.cruise1st.com.au/blog/cruise-tips/how-to-take-stunning-photos-on-cruise/,,How to Take Stunning Photos on Your Cruise Holiday,,,,text,false,true,false,false,false,false,true,removedfromhtml,,linkrestored,2025-07-11 20:50:17,2026-04-15 13:10:01,2026-05-06 12:59:55,,Listing collection > Location,Travel > Specialty travel > Luxury travel,1
Sitemap | Cruise1st Blog,https://www.cruise1st.co.uk/blog/sitemap/,en,wordpress,200,35,0,43014,0,5,271,0,0,https://www.cruise1st.com.au/blog/cruising/destinations/what-hawaiian-island-is-right-for-you/,,Which Hawaiian Island is Right for You?,,,,text,false,true,false,false,false,false,true,removedfromhtml,,linkrestored,2025-07-11 20:50:17,2026-04-15 13:10:01,2026-05-06 12:59:55,,Listing collection > Location,Travel > Specialty travel > Luxury travel,1
Sitemap | Cruise1st Blog,https://www.cruise1st.co.uk/blog/sitemap/,en,wordpress,200,35,0,43014,0,5,271,0,0,https://www.cruise1st.com.au/blog/cruise-tips/10-essentials-take-bag-shore-excursion/,,10 Essentials to Take in Your Bag on a Shore Excursion,,,,text,false,true,false,false,false,false,true,removedfromhtml,,linkrestored,2025-07-11 20:50:17,2026-04-15 13:10:01,2026-05-06 12:59:55,,Listing collection > Location,Travel > Specialty travel > Luxury travel,1
queen elizabeth cruise october 2022,https://www.elquizz.com/kwz3d/queen-elizabeth-cruise-october-2022.html,en,wordpress,200,0,0,0,0,9,13,0,0,https://www.cruise1st.com.au/cruise-ship/queen-elizabeth,The ... Wednesday 14th December 2022. New York to Hamburg.,Queen Elizabeth Cruise Deals | Cunard - Cruise1st.com.au,Private Boxes. ORDER REPRINT →. Queen Elizabeth Cruises 2022/23 |,,,text,true,true,false,false,false,false,true,removedfromhtml,,pagefound,2022-03-28 20:03:37,2026-02-19 02:07:30,2026-04-23 07:32:29,,,,1
TG @LINKS_DEALER | BLACK HAT SEO SERVICES | MASS LINKS | HTTPS://T.ME/LINKS_DEALER – Federacion Peruana de Tenis de Campo,http://old.tenisperu.com.pe/tenis_campo/tg-links-dealer-black-hat-seo-services-mass-links-55/,es,wordpress,200,21,0,330,0,2403,3305,0,0,https://www.cruise1st.com.au/blog/activities-entertainment/which-cruise-ships-have-the-best-casinos/,,TG @LINKS_DEALER | EFFECTIVE SEO LINKS FOR WWW.CRUISE1ST.COM.AU,,,,text,true,false,true,false,false,false,true,,,pagefound,2025-12-25 11:51:13,2026-04-22 14:46:47,,,Site page > About,Sports > Individual sports > Racquet sports,4
Cruise1st Gift Voucher Gift Card Balance Check,https://gcb.today/au/gift-card-balance/cruise1st-gift-voucher,en,,200,21,0,875,0,10,47,0,0,https://www.cruise1st.com.au/faq,,Cruise1st Gift Voucher gift card terms & conditions,,https://www.cruise1st.com.au/faq/gift-vouchers,301,image,false,true,true,false,false,false,true,,,pagefound,2025-12-15 15:45:16,2026-05-06 15:17:40,,Gift Card Balance Today,,,2
"Cruise1St.com.au - анализ сайта, seo характеристики сайта - круисе1ст точка ком точка ау",https://prlog.ru/analysis/cruise1st.com.au,ru,,200,51,0,91,0,36,302,0,0,http://www.cruise1st.com.au/images/www.cruise1st.com.au/pdf/Azamara-Quest-Deckplan.pdf,,cruise1st.com.au/images/cruise...,,,,text,false,true,true,false,false,false,true,,,pagefound,2019-07-14 20:21:19,2026-04-25 11:20:27,,,,,1
Chloroplast — The Powerhouse of Photosynthesis – My Blog,https://marketingexperts.click/chloroplast-the-powerhouse-of-photosynthesis/,en,wordpress,200,18,0,0,0,2717,3551,0,0,https://www.cruise1st.com.au/,lescyranos gsmol,cruise1st,turbulencepod podcastlaunchpad,https://cruise1st.com.au/,301,text,true,true,true,false,false,false,true,,,linkfound,2026-05-07 01:53:17,2026-05-07 01:53:17,,,,,2
"Australian cruise season grows as coronavirus pushes ships out of hot zones | Dubbo, NSW",https://www.dailyliberal.com.au/story/6653951/huge-cruise-deals-emerge-as-coronavirus-pushes-ships-south/,en,,200,57,0,9887,0,27,32,0,0,https://www.cruise1st.com.au/,,Cruise1st,is offering a 19-night roundtrip from Sydney to Hawaii. The,"http://cruise1st.com.au/, https://cruise1st.com.au/","301, 301",text,false,true,false,false,false,false,true,,,linkrestored,2025-01-24 11:36:47,2026-05-09 04:59:35,,Bernadette Chua,,,1
TG @LINKS_DEALER | BLACK HAT SEO SERVICES | MASS LINKS | HTTPS://T.ME/LINKS_DEALER - TechNewsMail,https://technewsmail.com/links-dealer-egypt/tg-links-dealer-black-hat-seo-services-mass-links-2-7/,en,wordpress,200,6,0,0,0,2289,3272,0,0,https://www.cruise1st.com.au/blog/cruise-tips/which-cruise-ships-have-the-best-casinos-2/,,TG @LINKS_DEALER | EFFECTIVE SEO LINKS FOR WWW.CRUISE1ST.COM.AU,,,,text,true,false,true,false,false,false,true,,,linkfound,2026-03-18 00:52:57,2026-03-18 00:52:57,,,Site page > Services,Internet > Web services > SEO and marketing; Business > Marketing > Marketing,1
Gece Servisi | Maksimum Rock n Roll,http://www.geceservisi.net/tr/comment/reply/578/12894,tr,,200,0.7,0,0,0,4,8,0,0,http://www.cruise1st.com.au/,,last minute cruises,"(doğrulanmadı) tarafından Pzt, 06/06/2016 - 11:18 tarihinde gönderildi.",,,text,true,true,false,false,false,false,true,,,linkfound,2025-09-15 18:10:22,2026-01-26 13:11:41,,,,,10
Directory website list 1948 | Tumblr Directory,https://tumblrdirectory.com/directory-website-list-1948/,en,wordpress,404,14,0,0,0,5371,6399,0,0,https://www.cruise1st.com.au/,,cruise1st,,https://cruise1st.com.au/,301,text,true,false,false,false,false,false,true,notfound,,pagefound,2025-09-29 23:22:51,2025-10-25 06:02:59,2026-04-16 04:23:09,,,,2
achievedomains.com | few of top websites | page no. 960,https://www.achievedomains.com/domain-list-960,"en, pt",,200,4.6,0,0,0,1049,2069,0,0,https://www.cruise1st.com.au/,,cruise1st.com.au,,"http://cruise1st.com.au/, https://cruise1st.com.au/","301, 301",text,true,true,true,false,false,false,true,,,linkrestored,2025-06-22 16:06:54,2026-03-28 15:57:14,,,Listing collection > Business,Internet > Web services > Development,1
Trustify360 - Company Details,https://www.castellebaan.com/company/110272/cruise1stcomau?page=3,en,,0,0,0,0,0,2,4,0,0,https://www.cruise1st.com.au/,,http://cruise1st.com.au,,"http://cruise1st.com.au/, https://cruise1st.com.au/","301, 301",text,false,false,false,false,false,false,true,,tooold,pagefound,2025-08-11 05:03:42,2025-09-17 23:11:02,2026-04-22 02:40:07,,,,3
"Before Discovering SEOExpress.org, I Spent Years on Expensive Agencies That Didn't Deliver the Results Promised. Eventually, I Tried Their White-Hat Backlinks Service and In Just Eight Weeks, My Domain Authority Ramped Up from DA 15 to DA 48 and Leads Poured In at a Rate of Over One Hundred Per Month! Best Investment in SEO ★★★★★ 💎 — Ranking High SEO",https://therankinghighseo.shop/before-discovering-seoexpress-i-spent-years-on-expensive-agencies-that-didnt-deliver-the-results-promised-eventually-i-tried-their-white-hat-backlinks-service-and-in-only-eight-weeks-my,en,,200,29,0,0,23,5038,8493,0,0,https://www.cruise1st.com.au/,,There was a time when cruise1st.com.au wasn’t visible at all in Google searches until a friend recommended trying out SEOExpress.org’s local SEO strategies. Within weeks we moved up significantly: our visibility doubled and lead generation jumped by almost +120 per month—totally worth every penny spent! A small investment here goes such a long way 🎯,,https://cruise1st.com.au/,301,text,true,false,true,false,false,false,true,,,linkfound,2026-04-23 15:12:18,2026-04-23 15:12:18,,,Article > Story,Internet > Web services > SEO and marketing; Business > Marketing > Marketing,1
Most Visited website list 690 | Media Directory,https://mediedirectory.com/most-visited-website-list-690/,en,wordpress,200,18,0,0,2,5205,6903,0,0,https://www.cruise1st.com.au/,,cruise1st,,https://cruise1st.com.au/,301,text,true,false,false,false,false,false,true,,,linkrestored,2025-08-21 11:16:06,2026-04-28 06:19:29,,,Listing collection > Business,Internet > Web services > Development; Business > Business services > Consulting; News,2
"TELEGRAM @SEO_ANOMALY - SEO BACKLINKS, BLACK-LINKS, TRAFFIC BOOST, LINK INDEXING - anomaly-seo-eastvale.space",https://anomaly-seo-eastvale.space/australia/seo-anomaly-au-10/,en,ecommerce,200,0,0,0,0,3490,5695,0,0,https://www.cruise1st.com.au/cruise-ship/pacific-encounter,,"TELEGRAM @SEO_ANOMALY - SEO BACKLINKS, BLACK-LINKS, TRAFFIC BOOST, LINK INDEXING",,,,text,false,false,true,false,false,false,true,,,pagefound,2026-02-20 11:09:57,2026-04-29 06:52:02,,,Site page > Services,Internet > Web services > SEO and marketing; Business > Marketing > Marketing,4
cruises from singapore to australia 2022,https://reussitepartagee.com/dr-john/cruises-from-singapore-to-australia-2022,en,,200,21,0,0,0,6,6,0,0,https://www.cruise1st.com.au/destinations/singapore,Hiap Hoe to bring the Aloft Hotels brand to Singapore.,Singapore Cruises | Best Deals & Packages - Cruise1st.com.au,We boast a superb team of Gurus with immense knowledge,,,text,true,true,false,false,false,false,true,,,pagefound,2025-05-31 00:59:32,2026-04-19 14:19:57,,,,,3
Directory website list 1948 – Keyword Power 357 | Ahrefs links,https://ahrefs-links.com/directory-website-list-1948-keyword-power-357/,en,wordpress,200,14,0,0,0,5479,6540,0,0,https://www.cruise1st.com.au/,,cruise1st,,https://cruise1st.com.au/,301,text,true,false,false,false,false,false,true,,,linkrestored,2025-09-29 08:27:54,2026-05-10 11:43:14,,,Listing collection > Business,Business > Business services > Consulting; Internet > Web services > SEO and marketing,2
Cruise1st Gift Voucher Gift Card Balance Check,https://gcb.today/au/gift-card-balance/cruise1st-gift-voucher,en,,200,21,0,875,0,10,47,0,0,https://www.cruise1st.com.au/blog/cruising/theme-cruises-arts-and-crafts-cruises/,the opportunity to challenge your knowledge or learn new skills.,https://www.cruise1st.com.au/blog/cruising/theme-cruises-arts-and-crafts-cruises/,,,,text,false,true,true,false,false,false,true,,,pagefound,2025-12-15 15:45:16,2026-05-06 15:17:40,,Gift Card Balance Today,,,1
"Australian cruise season grows as coronavirus pushes ships out of hot zones | Nelson Bay, NSW",https://www.portstephensexaminer.com.au/story/6653951/huge-cruise-deals-emerge-as-coronavirus-pushes-ships-south/,en,,200,47,0,1090,0,26,32,0,0,https://www.cruise1st.com.au/,,Cruise1st,is offering a 19-night roundtrip from Sydney to Hawaii. The,"http://cruise1st.com.au/, https://cruise1st.com.au/","301, 301",text,false,true,false,false,false,false,true,,,linkrestored,2025-01-19 18:56:41,2026-05-06 08:31:30,,Bernadette Chua,,,1
Sitemap | Cruise1st Blog,https://www.cruise1st.co.uk/blog/sitemap/,en,wordpress,200,35,0,43014,0,5,271,0,0,https://www.cruise1st.com.au/blog/cruising/12-hours-ho-chi-minh-city/,,Ho Chi Minh City Guide [Updated 2018],,,,text,false,true,false,false,false,false,true,removedfromhtml,,linkrestored,2025-07-11 20:50:17,2026-04-15 13:10:01,2026-05-06 12:59:55,,Listing collection > Location,Travel > Specialty travel > Luxury travel,1
CRUISE GIANT INCREASES MEGASHIP ORDER,https://www.travpr.com/pr-29598-cruise-giant-increases-megaship-order.html,en,,200,26,0,226,0,5,8,0,0,http://www.cruise1st.com.au/,You can visit the Cruise1st website at,http://www.cruise1st.com.au/,,,,text,false,true,false,false,false,false,true,,,pagefound,2021-12-12 11:30:06,2026-04-11 07:32:43,,,,,8
TG @LINKS_DEALER | BLACK HAT SEO SERVICES | MASS LINKS | HTTPS://T.ME/LINKS_DEALER – Sklepy Era Konopi,https://sklepy.erakonopi.pl/tg-links-dealer-black-hat-seo-services-mass-links-12-3/,pl,"ecommerce, wordpress",200,25,0,484,0,2776,4354,0,0,https://www.cruise1st.com.au/cruise-ship/carnival-encounter,,TG @LINKS_DEALER | EFFECTIVE SEO LINKS FOR WWW.CRUISE1ST.COM.AU,,,,text,true,false,true,false,false,false,true,,,linkfound,2026-01-13 01:19:54,2026-02-10 23:46:11,,Michał Kruk,Site page > Services,Internet > Web services > SEO and marketing; Business > Marketing > Marketing; Shopping > Shopping portals,1
Directory website list 1948 | Seo Pro Directory,https://seoprodirectory.com/directory-website-list-1948/,en,wordpress,200,15,0,0,0,5479,6557,0,0,https://www.cruise1st.com.au/,,cruise1st,,https://cruise1st.com.au/,301,text,true,false,false,false,false,false,true,,,pagefound,2026-01-04 07:55:25,2026-05-11 01:06:14,,,Listing collection > Business,Business > Business services > Consulting; Internet > Search engines; Reference > Listings > Business,2
Data-Driven Social Media Campaigns for Targeted E-Commerce Growth – CLICK TO HIGH,https://clicktohigh.com/data-driven-social-media-campaigns-for-targeted-e-commerce-growth/,en,wordpress,200,32,0,0,0,3205,4640,0,0,https://www.cruise1st.com.au/,,cruise1st,,https://cruise1st.com.au/,301,text,true,true,false,false,false,false,true,,,linkrestored,2025-08-08 01:58:03,2026-04-22 14:00:18,,,,,2
Passport & Visa Requirements for Cruises | Cruise1st,https://cruise1stau.site.traveltek.net/faq/passportandvisas,en,,200,44,0,680,0,4,132,0,0,https://www.cruise1st.com.au/cruise-lines/carnival-cruise-lines,,Carnival International,,https://www.cruise1st.com.au/cruise-lines/carnival-international,301,text,false,false,false,false,false,false,true,,,pagefound,2025-08-06 05:55:24,2026-03-14 18:25:09,,,,,2
"TELEGRAM @SEO_ANOMALY - SEO BACKLINKS, BLACK-LINKS, TRAFFIC BOOST, LINK INDEXING - anomaly-seo-maplegrove.site",https://anomaly-seo-maplegrove.site/australia/seo-anomaly-au-1/,en,ecommerce,200,0.2,0,0,19,3501,5753,0,0,https://www.cruise1st.com.au/cruise-ship,,"TELEGRAM @SEO_ANOMALY - SEO BACKLINKS, BLACK-LINKS, TRAFFIC BOOST, LINK INDEXING",,https://www.cruise1st.com.au/cruise-ship/pacific-adventure,301,text,true,false,true,false,false,false,true,,,linkrestored,2026-02-12 08:37:55,2026-04-25 05:08:15,,,Site page > Services,Internet > Web services > SEO and marketing; Business > Marketing > Marketing,20
Sitemap | Cruise1st Blog,https://www.cruise1st.co.uk/blog/sitemap/,en,wordpress,200,35,0,43014,0,5,271,0,0,https://www.cruise1st.com.au/blog/cruise-tips/12-hours-in-bangkok/,,12 Hours in Bangkok,,,,text,false,true,false,false,false,false,true,removedfromhtml,,linkrestored,2025-07-11 20:50:17,2026-04-15 13:10:01,2026-05-06 12:59:55,,Listing collection > Location,Travel > Specialty travel > Luxury travel,1
"TELEGRAM @SEO_ANOMALY | SEO BACKLINKS, PBN, TRAFFIC BOOST, LINK INDEXING | Montenegro | 11-02-2026 | anomaly-accord.space",https://anomaly-accord.space/montenegro-11-02-2026/seo-anomaly-montenegro-1/,en,,200,0,0,0,0,2397,3352,0,0,https://www.cruise1st.com.au/blog/cruise-tips/which-cruise-ships-have-the-best-casinos-2/,,"TELEGRAM @SEO_ANOMALY - SEO BACKLINKS, PBN, TRAFFIC BOOST, LINK INDEXING",,,,text,false,false,true,false,false,false,true,,,pagefound,2026-02-14 09:53:42,2026-05-07 04:11:29,,,Site page > Services,Internet > Web services > SEO and marketing; Business > Marketing > Marketing,2
Data-Driven Social Media Campaigns for Targeted E-Commerce Growth | Development Mi,https://developmentmi.com/data-driven-social-media-campaigns-for-targeted-e-commerce-growth/,en,wordpress,200,45,0,0,15,3206,4639,0,0,https://www.cruise1st.com.au/,,cruise1st,,https://cruise1st.com.au/,301,text,true,true,false,false,false,true,true,,,linkrestored,2024-12-14 11:09:52,2026-04-21 14:52:27,,,Article > Guide,Business > Retail trade > Technology; Internet > Web services > SEO and marketing,2
Passport & Visa Requirements for Cruises | Cruise1st,https://cruise1stau.site.traveltek.net/faq/passportandvisas,en,,200,44,0,680,0,4,132,0,0,https://www.cruise1st.com.au/destinations/china,,China,,,,text,false,false,false,false,false,false,true,,,pagefound,2025-08-06 05:55:24,2026-03-14 18:25:09,,,,,1
Directory website list 690 | Smart Directory hub,https://smartdirectoryhub.com/directory-website-list-690/,en,wordpress,200,19,0,0,0,5214,6939,0,0,https://www.cruise1st.com.au/,,cruise1st,,https://cruise1st.com.au/,301,text,true,false,false,false,false,false,true,,,linkrestored,2025-09-30 01:06:35,2026-05-06 23:28:21,,,Listing collection > Business,Business > Business services > Consulting; Internet > Web services; Reference > Listings > Business,2
"TELEGRAM @SEO_ANOMALY | SEO BACKLINKS, PBN, TRAFFIC BOOST, LINK INDEXING | Croatia | 11-02-2026 | 6seo.anomaly-civic.online",https://6seo.anomaly-civic.online/croatia-11-02-2026/seo-anomaly-croatia-3/,en,,200,0.2,0,0,38,2278,3178,0,0,https://www.cruise1st.com.au/cruise-ship/msc-opera,,"TELEGRAM @SEO_ANOMALY - SEO BACKLINKS, PBN, TRAFFIC BOOST, LINK INDEXING",,,,text,true,false,true,false,false,false,true,,,pagefound,2026-02-15 17:34:25,2026-04-07 22:40:36,,,Site page > Services,Internet > Web services > SEO and marketing; Business > Marketing > Marketing,20
NEW HIGH DA AND DR WEBSITES-95 | Microlink Site,https://microlinksite.com/new-high-da-and-dr-websites-95/,en,wordpress,200,48,0,0,1,2465,3104,0,0,https://www.cruise1st.com.au/,,cruise1st.com.au,,https://cruise1st.com.au/,301,text,true,false,false,false,false,true,true,,,linkrestored,2024-05-28 18:05:54,2026-04-27 18:08:15,,,Listing collection > Business,Business > Business services; Health > Medical services; Internet,2
TG @LINKS_DEALER | BLACK HAT SEO SERVICES | MASS LINKS | HTTPS://T.ME/LINKS_DEALER - Garten | HausXXL | Garten | HausXXL,https://garten.haus-xxl.de/tg-links-dealer-black-hat-seo-services-mass-links-55/,de,wordpress,200,34,0,647,0,2390,3269,0,0,https://www.cruise1st.com.au/blog/activities-entertainment/which-cruise-ships-have-the-best-casinos/,,TG @LINKS_DEALER | EFFECTIVE SEO LINKS FOR WWW.CRUISE1ST.COM.AU,,,,text,true,false,true,false,false,false,true,,,pagefound,2025-10-01 02:45:12,2026-04-12 16:01:14,,,Listing collection > Service,Internet > Web services > SEO and marketing; Home > Garden > Gardening; Business > Marketing > Marketing,2
"cruise1st.com.au Traffic, Tech Stack & Company Profile | Cruises & Charters [May 2026] | Klazify",https://www.klazify.com/website/cruise1st.com.au,en,,200,27,0,31219,0,4,7,0,0,https://www.cruise1st.com.au/,,cruise1st.com.au,,https://cruise1st.com.au/,301,text,true,false,false,false,false,false,true,,,pagefound,2026-05-08 19:55:04,2026-05-08 19:55:04,,Klazify Inc,,,1
"Cruise1St.com.au - анализ сайта, seo характеристики сайта - круисе1ст точка ком точка ау",https://prlog.ru/analysis/cruise1st.com.au,ru,,200,51,0,91,0,36,302,0,0,https://www.cruise1st.com.au/cruise-ship/nieuw-statendam,,cruise1st.com.au/cruise-ship/nieuw-statendam,,https://cruise1st.com.au/cruise-ship/nieuw-statendam,301,text,false,true,true,false,false,false,true,,,linkrestored,2020-02-04 15:30:12,2026-04-25 11:20:27,,,,,1
Sitemap | Cruise1st Blog,https://www.cruise1st.co.uk/blog/sitemap/,en,wordpress,200,35,0,43014,0,5,271,0,0,https://www.cruise1st.com.au/blog/cruise-ships/cruise-ships-actually-work/,,How Do Cruise Ships Actually Work?,,,,text,false,true,false,false,false,false,true,removedfromhtml,,linkrestored,2025-07-11 20:50:17,2026-04-15 13:10:01,2026-05-06 12:59:55,,Listing collection > Location,Travel > Specialty travel > Luxury travel,1
"@SEO_CARTEL IN TELEGRAM - SEO BACKLINKS, BULK LINK POSTING, BOOST SEO RANKING - HTTPS://T.ME/SEO_CARTEL - King Blue Condos",https://kingbluecondos.ca/2025/seo-cartel-in-telegram-seo-backlinks-bulk-link-19/,en,wordpress,200,11,0,0,0,3067,4473,0,0,https://www.cruise1st.com.au/blog/activities-entertainment/which-cruise-ships-have-the-best-casinos/,,"@SEO_CARTEL IN TELEGRAM – SEO BACKLINKS, BULK LINK POSTING, BOOST SEO RANKING",,,,text,true,true,true,false,false,false,true,,,pagefound,2026-02-20 05:54:48,2026-05-06 23:14:56,,King Blue,Site page > Services,Internet > Web services > SEO and marketing; Business > Marketing > Marketing,1
Dreamlines GmbH - Company Profile & Jobs | Clera,https://www.getclera.com/companies/dreamlines-gmbh,en,,200,26,0,729,0,9,11,0,0,https://www.cruise1st.com.au/,,https://www.cruise1st.com.au/,,,,text,false,false,false,false,false,false,true,,,linkfound,2026-05-01 02:32:17,2026-05-01 02:32:17,,,,,2
Data-Driven Social Media Campaigns for Targeted E-Commerce Growth | Star Courts,https://starcourts.com/data-driven-social-media-campaigns-for-targeted-e-commerce-growth/,en,wordpress,200,70,0,0,15,3206,4641,0,0,https://www.cruise1st.com.au/,,cruise1st,,https://cruise1st.com.au/,301,text,true,true,false,false,false,true,true,,,linkrestored,2024-12-14 22:31:20,2026-04-21 05:28:43,,,Article > Guide,Business > Retail trade > Technology; Internet > Web services > SEO and marketing,2
christmas yacht cruise,https://euroseal-group.com/wbqozkqk/christmas-yacht-cruise,,"ecommerce, wordpress",200,0.3,0,0,0,33,47,0,0,https://www.cruise1st.com.au/cruises/christmas-new-year-cruises,"Caribbean & Central America, the Red Seas & the Transatlantic.",Christmas Cruises,Dscf0039. Electra Cruises | Have your wedding on a boat.,,,text,false,true,false,false,false,false,true,,,pagefound,2022-11-28 15:09:06,2025-11-20 22:33:30,,,Listing collection > Event,Travel > Specialty travel > Luxury travel,2
Sitemap | Cruise1st Blog,https://www.cruise1st.co.uk/blog/sitemap/,en,wordpress,200,35,0,43014,0,5,271,0,0,https://www.cruise1st.com.au/blog/news/do-cruise-ships-rock-around-a-lot/,,Do Cruise Ships Rock Around a Lot?,,,,text,false,true,false,false,false,false,true,removedfromhtml,,linkrestored,2025-07-11 20:50:17,2026-04-15 13:10:01,2026-05-06 12:59:55,,Listing collection > Location,Travel > Specialty travel > Luxury travel,1
Directory website list 1976 | Top tier directory,https://toptierdirectory.com/directory-website-list-1976/,en,wordpress,200,18,0,0,0,5395,7168,0,0,https://www.cruise1st.com.au/,,cruise1st.com.au,,https://cruise1st.com.au/,301,text,true,false,false,false,false,false,true,,,linkfound,2025-12-17 03:35:34,2026-05-10 14:15:26,,,Listing collection > Business,Business > Business services > Consulting; Reference > Listings > Business; Internet,1
Cruises – AUS Explore My Store,https://dev.exploremystore.com/aisle/cruises/?payment_filter=visa&ws_filter=no&dist_type=all&aisle_filter=all,en,"ecommerce, wordpress",200,0.4,0,0,0,40,72,0,0,https://www.cruise1st.com.au/,,,,http://www.cruise1st.com.au/,301,image,true,false,false,false,false,false,true,,,pagefound,2025-07-30 20:34:41,2026-01-10 16:12:38,,,,,38
"10 surprising river cruises around the world | Inner East Review | Melbourne, Victoria",https://www.innereastreview.com.au/story/8524019/10-surprising-river-cruises-around-the-world/,en,,200,38,0,1259,0,21,26,0,0,https://www.cruise1st.com.au/,river and rail; check out deals from Cruise Express and,Cruise1st,. Independent travellers can also plan Eurostar or Eurail holidays,,,text,false,true,false,false,false,false,true,,,pagefound,2026-04-20 07:50:30,2026-05-04 07:41:35,,Louise Goldsbury,,,1
Tour Companies Sydney NSW - Page 2,https://go4it.com.au/category/tour-companies/location/sydney_nsw/page/2/,en,,0,9,0,0,0,21,117,0,0,http://www.cruise1st.com.au/,,Website,,,,text,true,true,false,false,false,false,true,,tooold,pagefound,2023-01-07 18:07:22,2025-08-19 00:17:49,2026-04-22 19:21:08,,,,4
Gece Servisi | Maksimum Rock n Roll,https://geceservisi.net/tr/comment/reply/659/12900,tr,,200,0.7,0,0,0,5,9,0,0,http://www.cruise1st.com.au/cruises/last-minute-cruises,,cruises from Sydney,"(doğrulanmadı) tarafından Pzt, 06/06/2016 - 12:06 tarihinde gönderildi.",,,text,true,true,false,false,false,false,true,,,pagefound,2021-11-20 17:22:11,2026-01-06 09:54:32,,,,,6
crucon.com competitors - Top similar sites like 20 crucon.com and alternatives,https://www.siteprice.org/competitors/crucon.com,en,,200,71,0,15135,0,23,23,0,0,https://www.cruise1st.com.au/,cruise1st.com.au,,,,,text,false,false,true,false,false,false,true,,,linkfound,2025-11-14 00:25:58,2025-11-14 00:25:58,,,,,19
"TELEGRAM @SEO_ANOMALY - SEO BACKLINKS, BLACK-LINKS, TRAFFIC BOOST, LINK INDEXING - ssseo.anomaly-seo-greendale.site",https://ssseo.anomaly-seo-greendale.site/australia/seo-anomaly-au-1/,en,ecommerce,200,0.2,0,0,17,3503,5721,0,0,https://www.cruise1st.com.au/cruise-ship,,"TELEGRAM @SEO_ANOMALY - SEO BACKLINKS, BLACK-LINKS, TRAFFIC BOOST, LINK INDEXING",,https://www.cruise1st.com.au/cruise-ship/pacific-adventure,301,text,true,false,true,false,false,false,true,,,linkrestored,2026-02-16 08:05:18,2026-04-04 01:56:20,,,Site page > Services,Internet > Web services > SEO and marketing; Business > Marketing > Marketing,20
Sitemap | Cruise1st Blog,https://www.cruise1st.co.uk/blog/sitemap/,en,wordpress,200,35,0,43014,0,5,271,0,0,https://www.cruise1st.com.au/blog/news/pandora-stores-open-aboard-po-cruise-ships/,,PANDORA Stores Open Aboard P&O Cruise Ships,,,,text,false,true,false,false,false,false,true,removedfromhtml,,linkrestored,2025-07-11 20:50:17,2026-04-15 13:10:01,2026-05-06 12:59:55,,Listing collection > Location,Travel > Specialty travel > Luxury travel,1
Sitemap | Cruise1st Blog,https://www.cruise1st.co.uk/blog/sitemap/,en,wordpress,200,35,0,43014,0,5,271,0,0,https://www.cruise1st.com.au/blog/cruise-tips/insider-tips-for-booking-a-bargain-cruise-break/,,Insider Tips for Booking a Bargain Cruise Break,,,,text,false,true,false,false,false,false,true,removedfromhtml,,linkrestored,2025-07-11 20:50:17,2026-04-15 13:10:01,2026-05-06 12:59:55,,Listing collection > Location,Travel > Specialty travel > Luxury travel,1
America’s Most Wanted Guitar shoot in Hollywood. – My life in Brazil,https://blogg.improveme.se/williamsjogren/2011/03/23/americas-most-wanted-guitar-shoot-in-hollywood/,en,wordpress,200,35,0,61,0,809,1592,0,0,http://www.cruise1st.com.au/cruises/last-minute-cruises,,Salvatore Barcenas,,,,text,false,false,true,true,false,false,true,,,linkfound,2026-04-07 15:41:59,2026-04-22 18:35:33,,,Article > Story,Entertainment > Music > Rock music,2
TG @LINKS_DEALER | BLACK HAT SEO SERVICES | MASS LINKS | HTTPS://T.ME/LINKS_DEALER – QOS Networks,http://qosnetworksmw.com/tg-links-dealer-black-hat-seo-services-mass-links-55/,en,"ecommerce, wordpress",301,19,0,0,0,2376,3204,0,0,https://www.cruise1st.com.au/blog/activities-entertainment/which-cruise-ships-have-the-best-casinos/,,TG @LINKS_DEALER | EFFECTIVE SEO LINKS FOR WWW.CRUISE1ST.COM.AU,,,,text,true,false,true,false,false,false,true,pageredirected,,pagefound,2025-10-10 11:55:04,2026-01-14 17:03:37,2026-05-10 02:14:37,,,,2
🛸 Dark Side Links - Dark/White Hat Link Building Services | SBL Commerce,https://shoplogist.com/dark-side-links-dark-white-hat-link-building-995/,en,wordpress,200,2.1,0,0,0,3065,3501,0,0,https://www.cruise1st.com.au/,DARK HAT AND WHITE HAT BACKLINKS,JOIN OUR TELEGRAM https://t.me/s/darksidelinks,FOR CHEAP AND GOOGLE FRIENDLY BACKLINKS,,,text,true,false,true,false,false,false,true,,,linkfound,2026-05-08 23:00:30,2026-05-08 23:00:30,,Sheikh Riyad,Site page > Services,Internet > Web services > SEO and marketing; Business > Marketing > Marketing,1
"TELEGRAM @SEO_ANOMALY - SEO BACKLINKS, BLACK-LINKS, TRAFFIC BOOST, LINK INDEXING - sseo.anomaly-seo-meadowbrook.site",https://sseo.anomaly-seo-meadowbrook.site/australia/seo-anomaly-au-10/,en,ecommerce,200,0.2,0,0,21,3489,5686,0,0,https://www.cruise1st.com.au/cruise-ship/pacific-encounter,,"TELEGRAM @SEO_ANOMALY - SEO BACKLINKS, BLACK-LINKS, TRAFFIC BOOST, LINK INDEXING",,,,text,true,false,true,false,false,false,true,,,pagefound,2026-02-15 12:31:46,2026-04-26 07:50:51,,,Site page > Services,Internet > Web services > SEO and marketing; Business > Marketing > Marketing,20
"10 surprising river cruises around the world | Newcastle Herald | Newcastle, NSW",https://www.newcastleherald.com.au/story/8524019/10-surprising-river-cruises-around-the-world/,en,,200,72,0,40187,0,30,36,0,0,https://www.cruise1st.com.au/,river and rail; check out deals from Cruise Express and,Cruise1st,. Independent travellers can also plan Eurostar or Eurail holidays,,,text,false,true,false,false,false,false,true,,,pagefound,2026-04-12 22:53:42,2026-05-10 22:42:03,,Louise Goldsbury,,,1
4 Classic Tips For Marketing Your Business Offline | King Ranks,https://kingranks.com/4-classic-tips-for-marketing-your-business-offline/,en,wordpress,200,55,0,0,0,2440,3228,0,0,https://www.cruise1st.com.au/,,cruise1st.com.au,,https://cruise1st.com.au/,301,text,true,false,false,false,false,false,true,,,pagefound,2024-07-24 16:33:57,2026-05-08 14:17:13,,,,,2
Cruise1st Gift Voucher Gift Card Balance Check,https://gcb.today/au/gift-card-balance/cruise1st-gift-voucher,en,,200,21,0,875,0,10,47,0,0,https://www.cruise1st.com.au/future-cruise-credit,"redeem towards booking a cruise. Just like a gift voucher, ...",https://www.cruise1st.com.au/future-cruise-credit,,,,text,false,true,true,false,false,false,true,,,pagefound,2025-12-15 15:45:16,2026-05-06 15:17:40,,Gift Card Balance Today,,,1
Directory website list 690 | Directory Cloud hub,https://directorycloudhub.com/directory-website-list-690/,en,wordpress,200,22,0,0,0,5228,6977,0,0,https://www.cruise1st.com.au/,,cruise1st,,https://cruise1st.com.au/,301,text,true,false,false,false,false,false,true,,,linkrestored,2025-11-01 09:23:55,2026-05-09 21:59:29,,,Listing collection > Business,Business > Business services > Consulting; Reference > Listings > Business; Internet > Web services,2
Directory website list 690 | Search Stack Directory,https://searchstackdirectory.com/directory-website-list-690/,en,wordpress,200,21,0,0,0,5210,6924,0,0,https://www.cruise1st.com.au/,,cruise1st,,https://cruise1st.com.au/,301,text,true,false,false,false,false,false,true,,,pagefound,2025-12-19 00:20:15,2026-05-11 08:09:59,,,Listing collection > Business,Business > Business services > Consulting; Reference > Listings > Business; Internet,2
"@SEO_CARTEL IN TELEGRAM – SEO BACKLINKS, BULK LINK POSTING, BOOST SEO RANKING – HTTPS://T.ME/SEO_CARTEL | Heroes.app",https://super.heroes.app/2025/09/02/seo-cartel-in-telegram-seo-backlinks-bulk-link-19/,en,wordpress,200,42,0,9,0,3053,4428,0,0,https://www.cruise1st.com.au/blog/activities-entertainment/which-cruise-ships-have-the-best-casinos/,,"@SEO_CARTEL IN TELEGRAM – SEO BACKLINKS, BULK LINK POSTING, BOOST SEO RANKING",,,,text,false,false,true,false,false,false,true,,,linkfound,2026-05-01 01:10:53,2026-05-01 01:10:53,,Lee Baker,Site page > Services,Internet > Web services > SEO and marketing; Business > Marketing > Marketing,1
Passport & Visa Requirements for Cruises | Cruise1st,https://cruise1stau.site.traveltek.net/faq/passportandvisas,en,,200,44,0,680,0,4,132,0,0,https://www.cruise1st.com.au/destinations/alaska,,Alaska,,,,text,false,false,false,false,false,false,true,,,pagefound,2025-08-06 05:55:24,2026-03-14 18:25:09,,,,,1
🔥 BHS Links – Hardcore Black Hat SEO – TG @bhs_links - bhs-links-crawl.online,https://bhs-links-crawl.online/egypt-17-07-2025/bhs-links-egypt-1/,"en, uk",,0,2.1,0,0,9,2324,3127,0,0,https://www.cruise1st.com.au/blog/activities-entertainment/which-cruise-ships-have-the-best-casinos/,,TG @BHS_LINKS - BEST SEO LINKS - https://t.me/bhs_links,,,,text,true,false,true,false,false,false,true,,tooold,pagefound,2025-07-17 21:56:31,2025-08-10 03:29:22,2026-04-19 04:52:11,,,,1
🔥 BHS Links – Hardcore Black Hat SEO – TG @bhs_links - bhs.links-bhs-black.xyz,https://bhs.links-bhs-black.xyz/egypt-17-07-2025/bhs-links-egypt-1/,"en, uk",,200,0.2,0,0,16,2369,3329,0,0,https://www.cruise1st.com.au/blog/activities-entertainment/which-cruise-ships-have-the-best-casinos/,,TG @BHS_LINKS - BEST SEO LINKS - https://t.me/bhs_links,,,,text,true,false,true,false,false,true,true,,,pagefound,2026-02-20 00:40:01,2026-04-27 21:30:24,,,Site page > Services,Internet > Web services > SEO and marketing,10
Directory website list 690 | Link Directory Zone,https://linkdirectoryzone.com/directory-website-list-690/,en,wordpress,200,21,0,0,0,5229,6977,0,0,https://www.cruise1st.com.au/,,cruise1st,,https://cruise1st.com.au/,301,text,true,false,false,false,false,false,true,,,linkrestored,2025-09-27 23:05:38,2026-05-11 14:06:13,,,Listing collection > Business,Business > Business services > Consulting; Reference > Listings > Business; Internet > Web services,2
November 2017 - MSC Seaside Launches As Seaside EVO Is Announced - Reasons To Cruise,https://www.reasonstocruise.com/cruise-news-nov-2017/,en,"ecommerce, wordpress",200,2.2,0,152,1,8,12,0,0,https://www.cruise1st.com.au/blog/cruise-tips/food-drink/cruise-experts-favourite-dining-experiences/,Cruise enthusiasts (including myself) shared thoughts on,the best dining experiences available on cruise ships,". On my cruise adventures to date, Wonderland onHarmony of",,,text,false,true,false,false,false,true,true,,,linkrestored,2024-06-09 19:39:56,2026-05-07 11:48:43,,David Fiske,Article > News,Travel > Specialty travel > Luxury travel,1
🍪 TELEGRAM @SALESOVEN | ACCESS TO HACKED SITES FOR SEO | HTTPS://T.ME/SALESOVEN 🔥 – Colegio Bilingüe de La Academia,https://academia.edu.gt/telegram-salesoven-access-to-hacked-sites-for-seo-24-5/,"en, es",wordpress,200,9,0,3,0,2307,3283,0,0,https://www.cruise1st.com.au/blog/cruise-tips/which-cruise-ships-have-the-best-casinos-2/,,🍪 TELEGRAM @SALESOVEN | ACCESS TO HACKED SITES FOR SEO | HTTPS://T.ME/SALESOVEN 🔥,,,,text,true,false,true,false,false,false,true,,,pagefound,2026-01-15 03:56:50,2026-03-06 03:13:45,,,Site page > Services,Internet > Web services > SEO and marketing; Jobs and education > Education > Computer education,2
🔥 BHS Links – Hardcore Black Hat SEO – TG @bhs_links - bhs8.links-bhs-yellow.xyz,https://bhs8.links-bhs-yellow.xyz/egypt-17-07-2025/bhs-links-egypt-1/,"en, uk",,200,0.2,0,0,7,2369,3278,0,0,https://www.cruise1st.com.au/blog/activities-entertainment/which-cruise-ships-have-the-best-casinos/,,TG @BHS_LINKS - BEST SEO LINKS - https://t.me/bhs_links,,,,text,true,false,true,false,false,true,true,,,pagefound,2026-02-16 03:01:06,2026-02-16 03:01:06,,,Site page > Services,Internet > Web services > SEO and marketing,10
Directory website list 1976 | Seo Directory Pro,https://seodirectorypro.com/directory-website-list-1976/,en,wordpress,200,8,0,0,0,5398,7170,0,0,https://www.cruise1st.com.au/,,cruise1st.com.au,,https://cruise1st.com.au/,301,text,true,false,false,false,false,false,true,,,pagefound,2026-02-01 09:07:14,2026-05-06 01:21:23,,,Listing collection > Business,Business > Business services > Consulting; Internet > Search engines,1
Directory website list 1948 | Seo Directory Pro,https://seodirectorypro.com/directory-website-list-1948/,en,wordpress,200,8,0,0,0,5478,6539,0,0,https://www.cruise1st.com.au/,,cruise1st,,https://cruise1st.com.au/,301,text,true,false,false,false,false,false,true,,,pagefound,2026-02-01 08:43:06,2026-05-05 21:16:55,,,Listing collection > Business,Business > Business services > Consulting; Internet > Search engines > People search; Reference > Listings > Business,2
All my writing and early music news,https://www.vivienjones.info/my_writing_and_early_music_blog_blog.html?post_id=7478,en,,200,8,0,0,0,434,989,0,0,https://www.cruise1st.com.au/,bylast minute cruises(website:,http://www.cruise1st.com.au,),http://www.cruise1st.com.au/,301,text,false,true,true,false,false,false,true,,,pagefound,2026-03-11 06:19:01,2026-04-14 10:11:44,,,Article > News,Entertainment > Movies > Movie reference; Books,24
TG @LINKS_DEALER | BLACK HAT SEO SERVICES | MASS LINKS | HTTPS://T.ME/LINKS_DEALER,http://blog.shopthefinest.com/2025/09/08/tg-links-dealer-black-hat-seo-services-mass-links-12-2/,en,"ecommerce, wordpress",404,8,0,548,0,2786,4389,0,0,https://www.cruise1st.com.au/cruise-ship/carnival-encounter,,TG @LINKS_DEALER | EFFECTIVE SEO LINKS FOR WWW.CRUISE1ST.COM.AU,,,,text,false,false,true,false,false,false,true,notfound,,pagefound,2025-09-18 06:20:44,2026-04-07 05:17:54,2026-04-22 12:36:20,,,,4
Passport & Visa Requirements for Cruises | Cruise1st,https://cruise1stau.site.traveltek.net/faq/passportandvisas,en,,200,44,0,680,0,4,132,0,0,https://www.cruise1st.com.au/info/terms-and-conditions,Contact | Career Opportunities |,Terms & Conditions,| Privacy | Site Map |,,,text,false,false,false,false,false,false,true,,,pagefound,2025-08-06 05:55:24,2026-03-14 18:25:09,,,,,1
4 Classic Tips For Marketing Your Business Offline | Article Ment,https://articlement.com/4-classic-tips-for-marketing-your-business-offline/,en,wordpress,200,57,0,0,0,2443,3234,0,0,https://www.cruise1st.com.au/,,cruise1st.com.au,,https://cruise1st.com.au/,301,text,true,true,false,false,false,false,true,,,linkrestored,2025-02-25 17:51:30,2026-05-05 23:28:55,,,,,1
list.show | few of top websites | page no. 829,https://www.list.show/domain-list-829,en,,200,8,0,0,0,1113,2119,0,0,https://www.cruise1st.com.au/,,cruise1st.com.au,,"http://cruise1st.com.au/, https://cruise1st.com.au/","301, 301",text,true,true,true,false,false,false,true,,,linkfound,2026-01-14 11:47:30,2026-04-02 01:45:02,,,Listing collection > Business,Internet > Web services > Development,1
TG @LINKS_DEALER | BLACK HAT SEO SERVICES | MASS LINKS | HTTPS://T.ME/LINKS_DEALER – Digicon Technologies PLC,https://digicontechnologies.com/tg-links-dealer-black-hat-seo-services-mass-links-55/,en,wordpress,200,27,0,774,0,2401,3309,0,0,https://www.cruise1st.com.au/blog/activities-entertainment/which-cruise-ships-have-the-best-casinos/,,TG @LINKS_DEALER | EFFECTIVE SEO LINKS FOR WWW.CRUISE1ST.COM.AU,,,,text,true,false,true,false,false,false,true,,,pagefound,2025-10-03 21:58:05,2026-05-01 22:54:35,,,Article > Guide,Internet > Web services > SEO and marketing; Business > Marketing > Marketing,2
Sitemap | Cruise1st Blog,https://www.cruise1st.co.uk/blog/sitemap/,en,wordpress,200,35,0,43014,0,5,271,0,0,https://www.cruise1st.com.au/blog/cruising/destinations/12-hours-in-hong-kong/,,Hong Kong City Guide [Updated 2018],,,,text,false,true,false,false,false,false,true,removedfromhtml,,linkrestored,2025-07-11 20:50:17,2026-04-15 13:10:01,2026-05-06 12:59:55,,Listing collection > Location,Travel > Specialty travel > Luxury travel,1
"TELEGRAM @SEO_ANOMALY | SEO BACKLINKS, PBN, TRAFFIC BOOST, LINK INDEXING | Croatia | 11-02-2026 | 5seo.anomaly-corvette.online",https://5seo.anomaly-corvette.online/croatia-11-02-2026/seo-anomaly-croatia-3/,en,,200,0.2,0,0,42,2281,3192,0,0,https://www.cruise1st.com.au/cruise-ship/msc-opera,,"TELEGRAM @SEO_ANOMALY - SEO BACKLINKS, PBN, TRAFFIC BOOST, LINK INDEXING",,,,text,true,false,true,false,false,false,true,,,pagefound,2026-02-14 20:41:26,2026-04-14 12:01:07,,,Site page > Services,Internet > Web services > SEO and marketing; Business > Marketing > Marketing,20
Chloroplast — The Powerhouse of Photosynthesis – dltech.forum,https://dltech.forum/chloroplast-the-powerhouse-of-photosynthesis/,en,wordpress,200,43,0,0,0,2710,3528,0,0,https://www.cruise1st.com.au/,lescyranos gsmol,cruise1st,turbulencepod podcastlaunchpad,https://cruise1st.com.au/,301,text,true,true,true,false,false,false,true,,,linkfound,2026-04-29 21:09:38,2026-04-29 21:09:38,,,,,1
Passport & Visa Requirements for Cruises | Cruise1st,https://cruise1stau.site.traveltek.net/faq/passportandvisas,en,,200,44,0,680,0,4,132,0,0,https://www.cruise1st.com.au/cruises/last-minute-cruises,,Last Minute Cruises,,,,text,false,false,false,false,false,false,true,,,pagefound,2025-08-06 05:55:24,2026-03-14 18:25:09,,,,,1
Directory website list 690 | World Seo Directory,https://worldseodirectory.com/directory-website-list-690/,en,wordpress,200,18,0,0,3,5208,6929,0,0,https://www.cruise1st.com.au/,,cruise1st,,https://cruise1st.com.au/,301,text,true,false,false,false,false,true,true,,,pagefound,2025-09-01 03:02:01,2026-05-05 10:04:05,,,Listing collection > Business,Business > Business services > Consulting; Internet > Search engines; Reference > Listings > Business,2
Sitemap | Cruise1st Blog,https://www.cruise1st.co.uk/blog/sitemap/,en,wordpress,200,35,0,43014,0,5,271,0,0,https://www.cruise1st.com.au/blog/cruise-tips/top-ten-invaluable-cruise-packing-tips/,,Top Ten Invaluable Cruise Packing Tips,,,,text,false,true,false,false,false,false,true,removedfromhtml,,linkrestored,2025-07-11 20:50:17,2026-04-15 13:10:01,2026-05-06 12:59:55,,Listing collection > Location,Travel > Specialty travel > Luxury travel,1
TG @LINKS_DEALER | BLACK HAT SEO SERVICES | MASS LINKS | HTTPS://T.ME/LINKS_DEALER – Prime Group Construction,https://pgc-ks.com/tg-links-dealer-black-hat-seo-services-mass-links-12-4/,en,"ecommerce, wordpress",200,16,0,3,0,2795,4497,0,0,https://www.cruise1st.com.au/cruise-ship/carnival-encounter,,TG @LINKS_DEALER | EFFECTIVE SEO LINKS FOR WWW.CRUISE1ST.COM.AU,,,,text,true,false,true,false,false,false,true,,,pagefound,2025-09-27 08:02:08,2026-05-06 04:42:31,,,Site page > Services,Internet > Web services > SEO and marketing; Business > Marketing > Marketing,2
phinin.com | few of top websites | page no. 899,https://www.phinin.com/domain-list-899,en,,200,5,0,0,0,1105,2109,0,0,https://www.cruise1st.com.au/,,cruise1st.com.au,,"http://cruise1st.com.au/, https://cruise1st.com.au/","301, 301",text,true,true,true,false,false,false,true,,,linkrestored,2025-07-10 00:26:47,2026-04-20 05:58:53,,,Listing collection > Business,Internet > Web services > Analytics; Reference,2
Sitemap | Cruise1st Blog,https://www.cruise1st.co.uk/blog/sitemap/,en,wordpress,200,35,0,43014,0,5,271,0,0,https://www.cruise1st.com.au/blog/category/cruising/destinations/asia-cruise/,,Asia Cruises,,,,text,false,true,false,false,false,false,true,removedfromhtml,,linkrestored,2025-07-11 20:50:17,2026-04-15 13:10:01,2026-05-06 12:59:55,,Listing collection > Location,Travel > Specialty travel > Luxury travel,1
Sitemap | Cruise1st Blog,https://www.cruise1st.co.uk/blog/sitemap/,en,wordpress,200,35,0,43014,0,5,271,0,0,https://www.cruise1st.com.au/blog/cruise-tips/tips-on-choosing-the-perfect-cruise-ship-cabin/,,Tips on Choosing the Perfect Cruise Ship Cabin [Updated 2018],,,,text,false,true,false,false,false,false,true,removedfromhtml,,linkrestored,2025-07-11 20:50:17,2026-04-15 13:10:01,2026-05-06 12:59:55,,Listing collection > Location,Travel > Specialty travel > Luxury travel,1
Sitemap | Cruise1st Blog,https://www.cruise1st.co.uk/blog/sitemap/,en,wordpress,200,35,0,43014,0,5,271,0,0,https://www.cruise1st.com.au/blog/news/from-the-titanic-to-modern-day-a-closer-look-at-cruise-ships-advancements/,,From the Titanic to Modern Day – A Closer Look at Cruise Ships Advancements,,,,text,false,true,false,false,false,false,true,removedfromhtml,,linkrestored,2025-07-11 20:50:17,2026-04-15 13:10:01,2026-05-06 12:59:55,,Listing collection > Location,Travel > Specialty travel > Luxury travel,1
TG @LINKS_DEALER | BLACK HAT SEO SERVICES | MASS LINKS | HTTPS://T.ME/LINKS_DEALER - Sanaty IPS,https://sanatyips.com/tg-links-dealer-black-hat-seo-services-mass-links-12-2/,es,"ecommerce, wordpress",200,9,0,35,0,2789,4408,0,0,https://www.cruise1st.com.au/cruise-ship/carnival-encounter,,TG @LINKS_DEALER | EFFECTIVE SEO LINKS FOR WWW.CRUISE1ST.COM.AU,,,,text,true,false,true,false,false,false,true,,,pagefound,2025-10-06 10:03:18,2026-04-14 08:21:41,,,Site page > Services,Internet > Web services > SEO and marketing; Business > Marketing > Marketing; Health,2
24 Tips for Traveling While Pregnant,https://parentslists.com/traveling-while-pregnant.html,en,wordpress,200,6,0,0,0,61,80,0,0,https://www.cruise1st.com.au/blog/cruising/families/can-i-cruise-while-im-pregnant/,,Can I Cruise While I’m Pregnant?,,,,text,false,true,true,false,false,false,true,,,linkrestored,2023-09-19 16:45:07,2026-04-27 16:57:30,,,,,1
"Before Discovering SEOExpress.org, I Spent Years on Expensive Agencies That Didn't Deliver the Results Promised. Eventually, I Tried Their White-Hat Backlinks Service and In Just Eight Weeks, My Domain Authority Ramped Up from DA 15 to DA 48 and Leads Poured In at a Rate of Over One Hundred Per Month! Best Investment in SEO ★★★★★ 💎 — 123 Web Shop",https://123webshop.shop/before-discovering-seoexpress-i-spent-years-on-expensive-agencies-that-didnt-deliver-the-results-promised-eventually-i-tried-their-white-hat-backlinks-service-and-in-only-eight-weeks-my,en,,200,29,0,0,36,5038,8491,0,0,https://www.cruise1st.com.au/,,There was a time when cruise1st.com.au wasn’t visible at all in Google searches until a friend recommended trying out SEOExpress.org’s local SEO strategies. Within weeks we moved up significantly: our visibility doubled and lead generation jumped by almost +120 per month—totally worth every penny spent! A small investment here goes such a long way 🎯,,https://cruise1st.com.au/,301,text,true,false,true,false,false,false,true,,,linkfound,2026-04-29 10:23:58,2026-04-29 10:23:58,,,Article > Story,Internet > Web services > SEO and marketing; Business > Marketing > Marketing,1
Sitemap | Cruise1st Blog,https://www.cruise1st.co.uk/blog/sitemap/,en,wordpress,200,35,0,43014,0,5,271,0,0,https://www.cruise1st.com.au/blog/news/perfect-shore-excursion/,,How to select your perfect shore excursion,,,,text,false,true,false,false,false,false,true,removedfromhtml,,linkrestored,2025-07-11 20:50:17,2026-04-15 13:10:01,2026-05-06 12:59:55,,Listing collection > Location,Travel > Specialty travel > Luxury travel,1
"TELEGRAM @SEO_ANOMALY - SEO BACKLINKS, BLACK-LINKS, TRAFFIC BOOST, LINK INDEXING - sssseo.anomaly-seo-lakeside.site",https://sssseo.anomaly-seo-lakeside.site/australia/seo-anomaly-au-10/,en,ecommerce,200,0.2,0,0,17,3495,5704,0,0,https://www.cruise1st.com.au/cruise-ship,,"TELEGRAM @SEO_ANOMALY - SEO BACKLINKS, BLACK-LINKS, TRAFFIC BOOST, LINK INDEXING",,https://www.cruise1st.com.au/cruise-ship/pacific-encounter,301,text,true,false,true,false,false,false,true,,,pagefound,2026-02-16 05:11:20,2026-04-25 15:40:41,,,Site page > Services,Internet > Web services > SEO and marketing; Business > Marketing > Marketing,20
"Today: CARNIVAL 2020 in the World, Feb 23, 2020",https://www.interalex.net/2020/02/carnival-2020-in-world-feb-23-2020.html,en,,200,3.5,0,0,0,116,212,0,0,https://www.cruise1st.com.au/cruise-lines/carnival-international,,Carnival Cruise Lines International Cruises 2020 | Cruise1st ... www.cruise1st.com.au › cruise-lines › carnival-international,,,,text,false,false,false,false,false,false,true,,,linkrestored,2020-09-16 05:17:30,2026-04-29 20:25:16,,,Article > News,Entertainment > Events > Music festivals; Society,2
"Cruiseabout.com.au - анализ сайта, seo характеристики сайта - круисеабоут точка ком точка ау",https://prlog.ru/analysis/cruiseabout.com.au,,,200,51,0,91,0,41,297,0,0,https://www.cruise1st.com.au/,,,cruise1st.com.au,"http://cruise1st.com.au/, https://cruise1st.com.au/","301, 301",image,false,false,true,false,false,false,true,,,pagefound,2019-07-07 19:03:28,2026-05-04 18:40:27,,,,,5
"Cruise1St.com.au - анализ сайта, seo характеристики сайта - круисе1ст точка ком точка ау",https://prlog.ru/analysis/cruise1st.com.au,ru,,200,51,0,91,0,36,302,0,0,https://www.cruise1st.com.au/faq/insurance,,cruise1st.com.au/faq/insurance,,https://cruise1st.com.au/faq/insurance,301,text,false,true,true,false,false,false,true,,,linkrestored,2020-02-04 15:30:12,2026-04-25 11:20:27,,,,,1
Sitemap | Cruise1st Blog,https://www.cruise1st.co.uk/blog/sitemap/,en,wordpress,200,35,0,43014,0,5,271,0,0,https://www.cruise1st.com.au/blog/news/how-old-is-the-average-cruise-passenger/,,How Old is the Average Cruise Passenger?,,,,text,false,true,false,false,false,false,true,removedfromhtml,,linkrestored,2025-07-11 20:50:17,2026-04-15 13:10:01,2026-05-06 12:59:55,,Listing collection > Location,Travel > Specialty travel > Luxury travel,1
Directory website list 1976 | Semrush Directory,https://semrushdirectory.com/directory-website-list-1976/,en,wordpress,200,20,0,0,0,5393,7163,0,0,https://www.cruise1st.com.au/,,cruise1st.com.au,,https://cruise1st.com.au/,301,text,true,false,false,false,false,false,true,,,linkrestored,2025-09-26 06:44:36,2026-05-09 15:16:14,,,Listing collection > Business,Business > Business services > Consulting; Reference > Listings > Business; Internet,1
QuarterLinks- Dofollow Article Links just for 25 cents.,https://gaister.com/quarterlinks-dofollow-article-links-just-for-25-3240/,en,wordpress,200,9,0,1,0,515,579,0,0,https://www.cruise1st.com.au/,"DOFOLLOW ARTICLE LINKS ONLY FOR $0,25",OUR TELEGRAM CHANEL https://t.me/s/quarterlinks25,"WE DON’T TAKE PREPAYMENTS, LINKS ARE 100% SAFE",,,text,false,true,true,false,false,false,true,,,pagefound,2025-09-27 19:27:36,2026-04-28 18:24:46,,,Site page > Services,Internet > Web services > SEO and marketing; Business > Marketing > Marketing,1
Sitemap | Cruise1st Blog,https://www.cruise1st.co.uk/blog/sitemap/,en,wordpress,200,35,0,43014,0,5,271,0,0,https://www.cruise1st.com.au/blog/cruising/destinations/guide-exploring-hong-kongs-vast-nature-reserves/,,Your Guide to Exploring Hong Kong’s Vast Nature Reserves,,,,text,false,true,false,false,false,false,true,removedfromhtml,,linkrestored,2025-07-11 20:50:17,2026-04-15 13:10:01,2026-05-06 12:59:55,,Listing collection > Location,Travel > Specialty travel > Luxury travel,1
Directory website list 1976 | Directory Cloud hub,https://directorycloudhub.com/directory-website-list-1976/,en,wordpress,200,22,0,0,0,5393,7163,0,0,https://www.cruise1st.com.au/,,cruise1st.com.au,,https://cruise1st.com.au/,301,text,true,false,false,false,false,false,true,,,linkfound,2025-12-20 14:38:12,2026-05-09 23:53:26,,,Listing collection > Business,Business > Business services > Consulting; Reference > Listings > Business; Internet,1
Eurekster,https://p.eurekster.com/?id=&apdiv=Submit&search=Celebrity%20Solstice,en,,200,51,0,0,0,104,128,0,0,https://www.cruise1st.com.au/cruise-ship/celebrity-solstice,,https://www.cruise1st.com.au/cruise-ship/celebrity-solstice,,,,text,false,false,false,false,false,false,true,,,linkfound,2022-12-10 08:50:17,2026-05-10 02:10:26,,,,,9
"TELEGRAM @SEO_ANOMALY - SEO BACKLINKS, BLACK-LINKS, TRAFFIC BOOST, LINK INDEXING - anomaly-seo-riverford.website",https://anomaly-seo-riverford.website/australia/seo-anomaly-au-1/,en,ecommerce,200,0.2,0,0,19,3499,5797,0,0,https://www.cruise1st.com.au/cruise-ship/pacific-adventure,,"TELEGRAM @SEO_ANOMALY - SEO BACKLINKS, BLACK-LINKS, TRAFFIC BOOST, LINK INDEXING",,,,text,true,false,true,false,false,false,true,,,linkrestored,2026-02-24 00:13:44,2026-05-05 16:08:13,,,Site page > Services,Internet > Web services > SEO and marketing; Business > Marketing > Marketing,20
Cruise1st Gift Voucher Gift Card Balance Check,https://gcb.today/au/gift-card-balance/cruise1st-gift-voucher,en,,200,21,0,875,0,10,47,0,0,https://www.cruise1st.com.au/cruise-and-tours/indian-pacific,promise to be truly unique and full of special memories.,https://www.cruise1st.com.au/cruise-and-tours/indian-pacific,,,,text,false,true,true,false,false,false,true,,,pagefound,2025-12-15 15:45:16,2026-05-06 15:17:40,,Gift Card Balance Today,,,1
Experience the Adventure: 14-Day Cruise from Sydney to Auckland,http://blogs.adsiduous.com/experience-the-adventure-14-day-cruise-from-sydney-to-auckland/,en,,200,6,0,12,0,9,15,0,0,https://www.cruise1st.com.au/sydney-to-auckland-cruises,,Cruise1st Australia Sydney to Auckland Cruises,,,,text,true,true,false,false,false,false,true,,,pagefound,2026-04-13 23:17:05,2026-04-24 00:12:04,,Sydney Blunt,,,1
Most Visited website list 1976 | Post Directory,https://postsdirectory.com/most-visited-website-list-1976/,en,wordpress,200,55,0,0,0,5393,7153,0,0,https://www.cruise1st.com.au/,,cruise1st.com.au,,https://cruise1st.com.au/,301,text,true,false,false,false,false,false,true,,,linkrestored,2025-09-08 19:10:44,2026-05-07 17:53:59,,,Listing collection > Business,Business > Business services; Internet > Web services > Development; News; Reference,1
Sitemap | Cruise1st Blog,https://www.cruise1st.co.uk/blog/sitemap/,en,wordpress,200,35,0,43014,0,5,271,0,0,https://www.cruise1st.com.au/blog/cruising/destinations/12-hours-kota-kinabalu/,,12 Hours in Kota Kinabalu,,,,text,false,true,false,false,false,false,true,removedfromhtml,,linkrestored,2025-07-11 20:50:17,2026-04-15 13:10:01,2026-05-06 12:59:55,,Listing collection > Location,Travel > Specialty travel > Luxury travel,1
"TELEGRAM @SEO_ANOMALY | SEO BACKLINKS, PBN, TRAFFIC BOOST, LINK INDEXING | Croatia | 11-02-2026 | 8seo.anomaly-mustang.website",https://8seo.anomaly-mustang.website/croatia-11-02-2026/seo-anomaly-croatia-3/,en,,200,0.2,0,0,40,2281,3192,0,0,https://www.cruise1st.com.au/cruise-ship/msc-opera,,"TELEGRAM @SEO_ANOMALY - SEO BACKLINKS, PBN, TRAFFIC BOOST, LINK INDEXING",,,,text,true,false,true,false,false,false,true,,,pagefound,2026-02-16 13:28:41,2026-04-13 16:38:47,,,Article > Guide,Internet > Web services > SEO and marketing; Business > Marketing > Marketing,20
10 surprising river cruises around the world | Farm Weekly | WA,https://www.farmweekly.com.au/story/8524019/10-surprising-river-cruises-around-the-world/,en,,200,60,0,977,0,26,32,0,0,https://www.cruise1st.com.au/,river and rail; check out deals from Cruise Express and,Cruise1st,. Independent travellers can also plan Eurostar or Eurail holidays,,,text,false,true,false,false,false,false,true,,,linkfound,2026-04-12 23:31:05,2026-04-23 04:55:50,,Louise Goldsbury,,,1
Caribbean,https://www.semanticjuice.com/caribbean/,en,,200,29,0,0,0,33,69,0,0,https://www.cruise1st.com.au/destinations/europe,,https://www.cruise1st.com.au/destinations/europe,,,,image,true,true,false,false,false,false,true,,,pagefound,2024-08-13 14:23:59,2026-04-28 07:27:46,,,,,1
SAVE IN ROYAL CARIBBEAN�S GLOBAL WOW SALE,https://www.travpr.com/pr-32782-save-in-royal-caribbeans-global-wow-sale.html,en,,200,26,0,226,0,5,7,0,0,http://www.cruise1st.com.au/,"AUSTRALIA-March 27th, 2015-",Cruise1st,customers who book between now and the 2ndApril 2015 on,,,text,false,true,false,false,false,false,true,,,pagefound,2018-09-13 06:24:03,2026-04-07 21:27:01,,,,,4
Sitemap | Cruise1st Blog,https://www.cruise1st.co.uk/blog/sitemap/,en,wordpress,200,35,0,43014,0,5,271,0,0,https://www.cruise1st.com.au/blog/frontpage/,,FrontPage,,,,text,false,true,false,false,false,false,true,removedfromhtml,,linkrestored,2025-07-11 20:50:17,2026-04-15 13:10:01,2026-05-06 12:59:55,,Listing collection > Location,Travel > Specialty travel > Luxury travel,1
Sitemap | Cruise1st Blog,https://www.cruise1st.co.uk/blog/sitemap/,en,wordpress,200,35,0,43014,0,5,271,0,0,https://www.cruise1st.com.au/blog/category/cruise-lines/azamara-club-cruises/,,Azamara Club Cruises,,,,text,false,true,false,false,false,false,true,removedfromhtml,,linkrestored,2025-07-11 20:50:17,2026-04-15 13:10:01,2026-05-06 12:59:55,,Listing collection > Location,Travel > Specialty travel > Luxury travel,1
Explore the Beauty of the Seas: Affordable 2 Night Cruise Packages from Melbourne,http://blogs.adsiduous.com/explore-the-beauty-of-the-seas-affordable-2-night-cruise-packages-from-melbourne/,en,,200,6,0,12,0,7,13,0,0,https://www.cruise1st.com.au/3-day-cruises-from-melbourne,,3 Day Cruises From Melbourne (2 Night Options),,,,text,true,true,false,false,false,false,true,,,pagefound,2026-04-16 12:02:00,2026-04-26 08:24:38,,Sydney Blunt,,,1
Most Visited website list 1948 | Best Busniess Directory,https://bestbusniessdirectory.com/most-visited-website-list-1948/,en,wordpress,200,27,0,0,0,5475,6536,0,0,https://www.cruise1st.com.au/,,cruise1st,,https://cruise1st.com.au/,301,text,true,false,false,false,false,false,true,,,linkrestored,2025-10-09 06:06:06,2026-04-28 05:12:42,,,Listing collection > Business,Internet > Web services > Development; Reference > Listings > Business; Business > Business services; Society,2
BEST WHITE/DARK HAT LINKBUILDING FOR YOUR WEBSITE! NO PREPAYMENTS! 100% TRUSTWORTHY! – Jazmin' s Beautysalon,https://www.jazminsbeautysalon.be/best-white-dark-hat-linkbuilding-for-your-website-374/,"en, nl",wordpress,200,12,0,6,0,519,587,0,0,https://www.cruise1st.com.au/,BEST WHITE/DARK HAT,LINKS FOR www.cruise1st.com.au TELEGRAM @happygrannypies,100% SAFE (CROWD/SUBMITS/ARTICLES/WEB 2.0/PBN/MAIN PAGES/QUORA/PINTEREST),,,text,true,true,false,false,false,false,true,,,pagefound,2026-03-05 09:36:48,2026-04-23 01:51:20,,,Site page > Services,Beauty > Beauty services > Other; Internet > Web services > SEO and marketing; Business > Marketing > Marketing,2
Kesintili Punk Tarihimiz | Gece Servisi,http://www.geceservisi.net/tr/node/339?page=99,tr,,200,0.7,0,0,0,39,63,0,0,http://www.cruise1st.com.au/,,last minute cruises,"(doğrulanmadı) tarafından Pzt, 06/06/2016 - 10:46 tarihinde gönderildi.",,,text,true,false,false,false,false,false,true,,,linkrestored,2021-06-13 17:05:49,2026-04-23 03:54:47,,,,,8
Passport & Visa Requirements for Cruises | Cruise1st,https://cruise1stau.site.traveltek.net/faq/passportandvisas,en,,200,44,0,680,0,4,132,0,0,https://www.cruise1st.com.au/cruise-ship/queen-elizabeth,,Queen Elizabeth,,,,text,false,false,false,false,false,false,true,,,pagefound,2025-08-06 05:55:24,2026-03-14 18:25:09,,,,,1
Tokyo to Vancouver with Celebrity Cruises | Cruise Weekly,https://cruiseweekly.co.nz/news/tokyo-to-vancouver-with-celebrity-cruises/44320,en,wordpress,200,0.1,0,0,0,12,15,0,0,https://www.cruise1st.com.au/,For more information call 1300 596 345 or visit,www.cruise1st.com.au,.,http://www.cruise1st.com.au/,301,text,false,true,false,false,false,false,true,,,linkfound,2026-02-26 23:45:59,2026-04-20 09:28:17,,,,,6
Eurekster,https://p.eurekster.com/?id=&apdiv=Submit&search=Hawaii%20Cruise%20Packages,en,,200,51,0,0,0,103,128,0,0,https://www.cruise1st.com.au/destinations/hawaii,,https://www.cruise1st.com.au/destinations/hawaii,,,,text,false,false,false,false,false,false,true,,,pagefound,2021-10-12 14:49:46,2026-02-26 11:42:08,,,,,16
Cruise1st Gift Voucher Gift Card Balance Check,https://gcb.today/au/gift-card-balance/cruise1st-gift-voucher,en,,200,21,0,875,0,10,47,0,0,https://www.cruise1st.com.au/destinations/transpacific,gems scattered across the deep blue waters of the Pacific!,https://www.cruise1st.com.au/destinations/transpacific,,,,text,false,true,true,false,false,false,true,,,pagefound,2025-12-15 15:45:16,2026-05-06 15:17:40,,Gift Card Balance Today,,,1
Singles cruising holidays: Sweet solo adventures,https://www.smh.com.au/traveller/travel-news/the-cruise-director-20160429-goi4gq.html,en,,200,90,0,1029566,0,30,55,0,0,http://www.cruise1st.com.au/,"on October 16; from $3999. Phone 1300 596 345, see",cruise1st.com.au,.,,,text,false,true,false,false,false,false,true,,,pagefound,2025-02-01 03:51:18,2026-04-30 05:23:24,,Sally Macmillan,,,2
"TELEGRAM @SEO_ANOMALY - SEO BACKLINKS, BLACK-LINKS, TRAFFIC BOOST, LINK INDEXING - anomaly-seo-clearwater.space",https://anomaly-seo-clearwater.space/australia/seo-anomaly-au-1/,en,ecommerce,200,0,0,0,0,3502,5759,0,0,https://www.cruise1st.com.au/cruise-ship/pacific-adventure,,"TELEGRAM @SEO_ANOMALY - SEO BACKLINKS, BLACK-LINKS, TRAFFIC BOOST, LINK INDEXING",,,,text,false,false,true,false,false,false,true,,,linkrestored,2026-02-17 04:49:25,2026-04-24 02:16:14,,,Site page > Services,Internet > Web services > SEO and marketing; Business > Marketing > Marketing,4
Sitemap | Cruise1st Blog,https://www.cruise1st.co.uk/blog/sitemap/,en,wordpress,200,35,0,43014,0,5,271,0,0,https://www.cruise1st.com.au/blog/cruising/destinations/guide-southeast-asias-remarkable-temples/,,A Guide to Southeast Asia's Most Remarkable Temples,,,,text,false,true,false,false,false,false,true,removedfromhtml,,linkrestored,2025-07-11 20:50:17,2026-04-15 13:10:01,2026-05-06 12:59:55,,Listing collection > Location,Travel > Specialty travel > Luxury travel,1
Cruise1st Gift Voucher Gift Card Balance Check,https://gcb.today/au/gift-card-balance/cruise1st-gift-voucher,en,,200,21,0,875,0,10,47,0,0,https://www.cruise1st.com.au/specialsale,Call our Australian Call centre for FREE 1300 857 345,https://www.cruise1st.com.au/specialsale,,,,text,false,true,true,false,false,false,true,,,pagefound,2025-12-15 15:45:16,2026-05-06 15:17:40,,Gift Card Balance Today,,,1
air bed mattress Archives - Page 2 of 5 - Best Sleeper Sofa TipsBest Sleeper Sofa Tips | Page 2,https://www.bestsleepersofatips.com/tag/air-bed-mattress/page/2/,en,"ecommerce, wordpress",200,12,0,0,0,27,36,0,0,http://www.cruise1st.com.au/images/www.cruise1st.com.au/pdf/Azamara-Quest-Deckplan.pdf,,"PDF file GANGWAY, PORT SIDE STARBOARD SIDE POOL BAR PING PONG TABL E",,,,image,true,false,false,false,false,false,true,,,pagefound,2025-10-05 17:31:46,2026-04-20 12:33:41,,,,,10
"Fact Check: Federal agents in plainclothes are increasingly common, raising public safety concerns. | TruthOrFake Blog",https://truthorfake.com/blog/federal-agents-in-plainclothes-are-increasingly-common-raising-public-safety-33669,en,,200,8,0,0,0,9,9,0,0,https://www.cruise1st.com.au/cruises/cruise-deals,,Cruise Deals & Exclusive Packages | Cruise1st,,,,text,false,true,true,false,false,false,true,,,pagefound,2026-02-04 21:57:56,2026-02-26 13:32:41,,,,,1
Sitemap | Cruise1st Blog,https://www.cruise1st.co.uk/blog/sitemap/,en,wordpress,200,35,0,43014,0,5,271,0,0,https://www.cruise1st.com.au/blog/cruise-tips/10-sturdy-tips-to-help-prevent-seasickness/,,10 Sturdy Tips to Help Prevent Seasickness,,,,text,false,true,false,false,false,false,true,removedfromhtml,,linkrestored,2025-07-11 20:50:17,2026-04-15 13:10:01,2026-05-06 12:59:55,,Listing collection > Location,Travel > Specialty travel > Luxury travel,1
Sitemap | Cruise1st Blog,https://www.cruise1st.co.uk/blog/sitemap/,en,wordpress,200,35,0,43014,0,5,271,0,0,https://www.cruise1st.com.au/blog/cruising/destinations/beat-the-heat-cold-destinations-for-your-next-summer-holiday/,,Beat the Heat: Cold Destinations for Your Next Summer Holiday,,,,text,false,true,false,false,false,false,true,removedfromhtml,,linkrestored,2025-07-11 20:50:17,2026-04-15 13:10:01,2026-05-06 12:59:55,,Listing collection > Location,Travel > Specialty travel > Luxury travel,1
one.net.in | few of top websites | page no. 960,https://www.sbookscan.com/domain-list-960,"en, pt",,200,4.9,0,0,0,1049,2067,0,0,https://www.cruise1st.com.au/,,cruise1st.com.au,,"http://cruise1st.com.au/, https://cruise1st.com.au/","301, 301",text,true,true,true,false,false,false,true,,,pagefound,2026-04-02 07:48:31,2026-04-16 15:40:29,,,Listing collection > Business,Internet > Web services > Analytics; Reference > Listings > Business,1
anjana.co.in | few of top websites | page no. 960,https://www.anjana.co.in/domain-list-960,en,,200,9,0,0,1,1054,2041,0,0,https://www.cruise1st.com.au/,,cruise1st.com.au,,"http://cruise1st.com.au/, https://cruise1st.com.au/","301, 301",text,true,true,true,false,false,true,true,,,pagefound,2024-08-19 11:39:23,2026-03-27 13:49:42,,,Listing collection > Business,Internet > Web services > Development; Reference > Listings > Business; Business,1
Royal Caribbean Brings the Magic of the Hobbit to Life | Cruise1st Blog,https://www.cruise1st.co.uk/blog/royal-caribbean-brings-the-magic-of-the-hobbit-to-life/,en,wordpress,200,35,0,43014,0,6,8,0,0,http://www.cruise1st.com.au/cruises/new-zealand.phtml,,Visit New Zealand with Royal Caribbean,,,,text,false,true,false,false,false,false,true,,,pagefound,2025-07-17 10:26:04,2026-05-05 08:57:21,,Claire Wilde,,,1
www.Cruise1st.com.au - Cruise Deals | Cheap Cruises,http://au.urlm.com/www.cruise1st.com.au,en,,200,25,0,1529,0,7,12,0,0,http://www.cruise1st.com.au/,,Go to website,,,,text,false,false,true,false,false,false,true,,,pagefound,2024-02-17 16:33:03,2025-12-26 18:47:29,,,,,2
Most Visited website list 1976 | Website Post Directory,https://webpostdirectory.com/most-visited-website-list-1976/,en,wordpress,200,21,0,0,0,5395,7161,0,0,https://www.cruise1st.com.au/,,cruise1st.com.au,,https://cruise1st.com.au/,301,text,true,false,false,false,false,false,true,,,linkrestored,2025-09-29 16:42:09,2026-05-06 22:19:14,,,Listing collection > Business,Internet > Web services > Development; Business > Business services; Reference; News,1
Simple SEO Tips For Your Website – GIGBIC,https://gigbic.com/simple-seo-tips-for-your-website/,en,wordpress,200,30,0,0,0,5169,6924,0,0,https://www.cruise1st.com.au/,,cruise1st,,https://cruise1st.com.au/,301,text,true,false,false,false,false,false,true,,,linkrestored,2024-10-18 22:07:31,2026-04-29 02:24:11,,,Article > How-to,Internet > Web services > SEO and marketing,1
Cruises – AUS Explore My Store,https://www.exploremystore.com/aisle/cruises/?dist_type=delivered&ws_filter=all&payment_filter=all&aisle_filter=all,en,"ecommerce, wordpress",200,0.4,0,0,0,50,164,0,0,http://www.cruise1st.com.au/,,Explore This Store,,,,text,true,true,false,false,false,false,true,,,pagefound,2024-06-14 14:39:08,2026-02-08 13:12:51,,,,,16
Most Visited website list 690 | Link Point Directory,https://linkpointdirectory.com/most-visited-website-list-690/,en,wordpress,200,57,0,0,0,5218,6937,0,0,https://www.cruise1st.com.au/,,cruise1st,,https://cruise1st.com.au/,301,text,true,false,false,false,false,false,true,,,linkrestored,2025-10-07 12:30:06,2026-04-29 21:53:22,,,Listing collection > Business,Internet > Web services > Development; Business > Business services > Consulting,2
Directory website list 1976 | All Listing Drectory,https://allistingdirectory.com/directory-website-list-1976/,en,wordpress,200,8,0,0,0,5395,7161,0,0,https://www.cruise1st.com.au/,,cruise1st.com.au,,https://cruise1st.com.au/,301,text,true,false,false,false,false,false,true,,,linkrestored,2025-10-11 02:23:24,2026-04-25 14:45:46,,,Listing collection > Business,Business > Business services > Consulting,1
"TELEGRAM @SEO_ANOMALY - SEO BACKLINKS, BLACK-LINKS, TRAFFIC BOOST, LINK INDEXING - sssseo.anomaly-seo-northfield.website",https://sssseo.anomaly-seo-northfield.website/australia/seo-anomaly-au-10/,en,ecommerce,200,0.2,0,0,20,3489,5686,0,0,https://www.cruise1st.com.au/cruise-ship/pacific-encounter,,"TELEGRAM @SEO_ANOMALY - SEO BACKLINKS, BLACK-LINKS, TRAFFIC BOOST, LINK INDEXING",,,,text,true,false,true,false,false,false,true,,,pagefound,2026-02-17 04:28:39,2026-04-25 06:11:58,,,Site page > Services,Internet > Web services > SEO and marketing; Business > Marketing > Marketing,20
Wine and beer river cruises: A toast to fine wine,https://www.smh.com.au/traveller/travel-news/the-cruise-director-and-all-the-cruise-news-20151026-gkib1f.html,en,,200,90,0,1029566,1,26,46,0,0,https://www.cruise1st.com.au/,"on Jewel of the Seas. Phone 1300 596 345, see",www.cruise1st.com.au,.,http://www.cruise1st.com.au/,301,text,false,false,false,false,false,false,true,,,linkfound,2026-05-07 11:43:27,2026-05-07 11:43:27,,Sally Macmillan,Article > Story,Travel > Specialty travel > Luxury travel; Food > Beverages > Alcoholic beverages,2
cruise from hawaii to australia 2022,https://matsubarahajime.com/mlv/chao/91349658b3e614abe4d01f796,en,wordpress,200,1.8,0,0,0,48,97,0,0,https://www.cruise1st.com.au/destinations/repositioning,stateroomon almost every sailing. 2022 departure: October 4. View All.,Repositioning Cruise Deals | Cruise1st | Cruise1st.com.au,Viking Ocean Cruises.,,,text,true,true,false,false,false,false,true,,,pagefound,2025-02-22 14:48:55,2026-04-23 07:45:31,,,,,1
🔥 BHS Links – Hardcore Black Hat SEO – TG @bhs_links - bhs6.links-bhs-red.xyz,https://bhs6.links-bhs-red.xyz/egypt-17-07-2025/bhs-links-egypt-1/,"en, uk",,200,0.2,0,0,14,2374,3317,0,0,https://www.cruise1st.com.au/blog/activities-entertainment/which-cruise-ships-have-the-best-casinos/,,TG @BHS_LINKS - BEST SEO LINKS - https://t.me/bhs_links,,,,text,true,false,true,false,false,false,true,,,pagefound,2026-02-16 13:55:32,2026-04-12 03:04:06,,,Site page > Services,Internet > Web services > SEO and marketing,10
Passport & Visa Requirements for Cruises | Cruise1st,https://cruise1stau.site.traveltek.net/faq/passportandvisas,en,,200,44,0,680,0,4,132,0,0,https://www.cruise1st.com.au/cruise-ship/azamara-onward,,Azamara Onward,,,,text,false,false,false,false,false,false,true,,,pagefound,2025-08-06 05:55:24,2026-03-14 18:25:09,,,,,1
👲 Domain Report 👲,https://bye.fyi/report/71716,en,,200,48,0,0,0,3688,4090,0,0,https://www.cruise1st.com.au/,visit homepage,cruise1st.com.au,&nbsp,https://cruise1st.com.au/,301,text,true,true,true,false,false,false,true,,,linkfound,2026-02-17 09:54:32,2026-04-27 13:29:36,,,Site page > Services,Internet > Web services > Development,2
"Hell, Keep Going and Lyme Disease | lymesymptoms",https://lymesymptoms.com/hell-keep-going-and-lyme-disease/,en,wordpress,200,0.3,0,0,0,4123,7114,0,0,https://www.cruise1st.com.au/cruises/last-minute-cruises,,cruises from Sydney,,http://www.cruise1st.com.au/cruises/last-minute-cruises,301,text,true,false,true,true,false,false,true,,,pagefound,2026-01-16 09:42:22,2026-04-28 12:15:43,,,Article > Story,Health > Health conditions > Infectious diseases > Other,32
Passport & Visa Requirements for Cruises | Cruise1st,https://cruise1stau.site.traveltek.net/faq/passportandvisas,en,,200,44,0,680,0,4,132,0,0,https://www.cruise1st.com.au/destinations/south-america,,South America,,,,text,false,false,false,false,false,false,true,,,pagefound,2025-08-06 05:55:24,2026-03-14 18:25:09,,,,,1
Ten streams of social awareness which has shaped me as a person – Dr. Paulos Mar Gregorios,http://paulosmargregorios.in/?p=67,en,wordpress,200,2.9,0,2,0,1119,1869,0,0,http://www.cruise1st.com.au/,,last minute cruises,,,,text,false,false,true,true,false,false,true,removedfromhtml,,pagefound,2022-01-23 20:08:03,2026-04-18 15:31:06,2026-04-25 02:32:35,,,,20
Experience a Relaxing 3 Night Cruise Journey Departing from Melbourne,http://blogs.adsiduous.com/experience-a-relaxing-3-night-cruise-journey-departing-from-melbourne/,en,,200,6,0,12,0,4,10,0,0,https://www.cruise1st.com.au/3-day-cruises-from-melbourne,,https://www.cruise1st.com.au/3-day-cruises-from-melbourne,,,,text,true,true,false,false,false,false,true,,,linkfound,2026-04-14 13:46:48,2026-04-24 08:06:00,,Sydney Blunt,,,2
"TELEGRAM @SEO_ANOMALY - SEO BACKLINKS, BLACK-LINKS, TRAFFIC BOOST, LINK INDEXING - ssseo.anomaly-seo-silverton.website",https://ssseo.anomaly-seo-silverton.website/australia/seo-anomaly-au-1/,en,ecommerce,200,0.2,0,0,19,3501,5697,0,0,https://www.cruise1st.com.au/cruise-ship,,"TELEGRAM @SEO_ANOMALY - SEO BACKLINKS, BLACK-LINKS, TRAFFIC BOOST, LINK INDEXING",,https://www.cruise1st.com.au/cruise-ship/pacific-adventure,301,text,true,false,true,false,false,false,true,,,linkrestored,2026-02-19 06:36:32,2026-04-11 21:09:02,,,Site page > Services,Internet > Web services > SEO and marketing; Business > Marketing > Marketing,20
"Australian cruise season grows as coronavirus pushes ships out of hot zones | Forster, NSW",https://www.greatlakesadvocate.com.au/story/6653951/huge-cruise-deals-emerge-as-coronavirus-pushes-ships-south/,en,,200,42,0,965,0,24,29,0,0,https://www.cruise1st.com.au/,,Cruise1st,is offering a 19-night roundtrip from Sydney to Hawaii. The,"http://cruise1st.com.au/, https://cruise1st.com.au/","301, 301",text,false,true,false,false,false,false,true,,,linkrestored,2025-03-02 23:24:38,2026-04-28 22:43:38,,Bernadette Chua,,,1
Gills Cruise Complaints - ComplaintInfo.com,https://complaintinfo.com/g-complaints/gills-cruise-complaints.html,en,,200,3.7,0,0,0,16,25,0,0,https://www.cruise1st.com.au/blog/cruise-tips/onboard-facilities/6-hilarious-cruise-ship-complaints/,,6 Hilarious Cruise Ship Complaints - Cruise1st Blog,,,,text,false,true,true,false,false,false,true,,,pagefound,2020-04-27 21:57:31,2026-05-07 07:45:54,,,,,2
🔥 BHS Links – Hardcore Black Hat SEO – TG @bhs_links - bhs4.links-bhs-brown.space,https://bhs4.links-bhs-brown.space/egypt-17-07-2025/bhs-links-egypt-1/,"en, uk",,200,0.2,0,0,18,2372,3309,0,0,https://www.cruise1st.com.au/blog/activities-entertainment/which-cruise-ships-have-the-best-casinos/,,TG @BHS_LINKS - BEST SEO LINKS - https://t.me/bhs_links,,,,text,true,false,true,false,false,false,true,,,pagefound,2026-02-14 14:48:03,2026-04-14 02:13:51,,,Site page > Services,Internet > Web services > SEO and marketing,10
Patriots crowned league champions after easing past tired IPRC South – Panorama,https://panorama.rw/patriots-crowned-league-champions-after-easing-past-tired-iprc-south/,en,wordpress,200,26,0,86,0,59,78,0,0,http://www.cruise1st.com.au/cruises/last-minute-cruises,,cruises from Sydney,,,,text,false,false,true,true,false,false,true,,,linkrestored,2022-05-08 06:46:53,2026-05-06 22:19:57,,,,,2
🔥 BHS Links – Hardcore Black Hat SEO – TG @bhs_links - bhs-links-jonin.xyz,https://bhs-links-jonin.xyz/egypt-17-07-2025/bhs-links-egypt-1/,"en, uk",,200,0,0,0,0,2374,3358,0,0,https://www.cruise1st.com.au/blog/activities-entertainment/which-cruise-ships-have-the-best-casinos/,,TG @BHS_LINKS - BEST SEO LINKS - https://t.me/bhs_links,,,,text,false,false,true,false,false,false,true,,,linkfound,2026-05-11 11:07:15,2026-05-11 11:07:15,,,Site page > Services,Internet > Web services > SEO and marketing,1
Most Visited website list 1976 | World Website Directory,https://worldwebsitesdirectory.com/most-visited-website-list-1976/,en,wordpress,200,55,0,0,0,5393,7157,0,0,https://www.cruise1st.com.au/,,cruise1st.com.au,,https://cruise1st.com.au/,301,text,true,false,false,false,false,false,true,,,pagefound,2025-12-28 01:07:08,2026-05-09 04:10:32,,,Listing collection > Business,Internet > Web services > Development; Business > Business services; Reference > Listings,1
🛸 Dark Side Links – Dark/White Hat Link Building Services – TRUNG TÂM ĐIỆN TỬ ĐIỆN LẠNH HẢI DƯƠNG (TIẾN TỚI),https://suadienlanhhaiduong.com/dark-side-links-dark-white-hat-link-building-995/,"en, vi",wordpress,200,6,0,11,0,3065,3497,0,0,https://www.cruise1st.com.au/,DARK HAT AND WHITE HAT BACKLINKS,JOIN OUR TELEGRAM https://t.me/s/darksidelinks,FOR CHEAP AND GOOGLE FRIENDLY BACKLINKS,,,text,true,false,true,false,false,false,true,,,linkfound,2026-04-30 02:31:28,2026-04-30 02:31:28,,,Site page > Services,Internet > Web services > SEO and marketing; Business,1
Experience the spice of South East Asia | Cruise Weekly,https://cruiseweekly.com.au/news/experience-the-spice-of-south-east-asia/45433,en,wordpress,200,26,0,118,0,11,13,0,0,http://www.cruise1st.com.au/,For more information call 1300 596 345 or visit,www.cruise1st.com.au,.,,,text,false,true,false,false,false,false,true,,,linkfound,2026-04-19 21:31:41,2026-04-19 21:31:41,,,,,16
🔥 BHS Links – Hardcore Black Hat SEO – TG @bhs_links - bhs4.links-bhs-green.xyz,https://bhs4.links-bhs-green.xyz/egypt-17-07-2025/bhs-links-egypt-1/,"en, uk",,200,0.2,0,0,17,2374,3306,0,0,https://www.cruise1st.com.au/blog/activities-entertainment/which-cruise-ships-have-the-best-casinos/,,TG @BHS_LINKS - BEST SEO LINKS - https://t.me/bhs_links,,,,text,true,false,true,false,false,false,true,,,pagefound,2026-02-26 19:58:41,2026-04-13 00:00:37,,,Site page > Services,Internet > Web services > SEO and marketing,10
"Modern, Postmodern, And The Future Of The Humanity / Dr. Paulos Mar Gregorios – Dr. Paulos Mar Gregorios",https://paulosmargregorios.in/?p=54,en,wordpress,200,2.9,0,2,0,979,2289,0,0,https://www.cruise1st.com.au/cruises/last-minute-cruises,,cruises from Sydney,,http://www.cruise1st.com.au/cruises/last-minute-cruises,301,text,false,false,true,true,false,false,true,,,linkrestored,2024-01-20 23:13:58,2026-04-23 14:26:16,,,Article > Insights,Society > Social sciences > Political science; Entertainment > Design,20
"Leeton, Italy and more… | PS News",https://psnews.com.au/leeton-italy-and-more/17332/,en,wordpress,200,51,0,3901,0,30,42,0,0,http://www.cruise1st.com.au/,Phone 1300 596 345 or visit,www.cruise1st.com.au,.,,,text,false,true,false,false,false,false,true,,,pagefound,2023-10-05 18:39:57,2026-04-25 09:08:49,,,,,10
"Before Discovering SEOExpress.org, I Spent Years on Expensive Agencies That Didn't Deliver the Results Promised. Eventually, I Tried Their White-Hat Backlinks Service and In Just Eight Weeks, My Domain Authority Ramped Up from DA 15 to DA 48 and Leads Poured In at a Rate of Over One Hundred Per Month! Best Investment in SEO ★★★★★ 💎 — SEO Express Site",https://seoexpress.site/before-discovering-seoexpress-i-spent-years-on-expensive-agencies-that-didnt-deliver-the-results-promised-eventually-i-tried-their-white-hat-backlinks-service-and-in-only-eight-weeks-my,en,,200,29,0,0,36,5037,8465,0,0,https://www.cruise1st.com.au/,,There was a time when cruise1st.com.au wasn’t visible at all in Google searches until a friend recommended trying out SEOExpress.org’s local SEO strategies. Within weeks we moved up significantly: our visibility doubled and lead generation jumped by almost +120 per month—totally worth every penny spent! A small investment here goes such a long way 🎯,,https://cruise1st.com.au/,301,text,true,false,true,false,false,false,true,,,linkfound,2026-05-06 14:03:29,2026-05-06 14:03:29,,,Article > Story,Internet > Web services > SEO and marketing; Business > Marketing > Marketing,1
"TELEGRAM @SEO_ANOMALY | SEO BACKLINKS, PBN, TRAFFIC BOOST, LINK INDEXING | Croatia | 11-02-2026 | anomaly-challenger.space",https://anomaly-challenger.space/croatia-11-02-2026/seo-anomaly-croatia-3/,en,,200,0,0,0,0,2290,3235,0,0,https://www.cruise1st.com.au/cruise-ship/msc-opera,,"TELEGRAM @SEO_ANOMALY - SEO BACKLINKS, PBN, TRAFFIC BOOST, LINK INDEXING",,,,text,false,false,true,false,false,false,true,,,pagefound,2026-02-16 14:19:55,2026-04-25 05:25:24,,,Article > Guide,Internet > Web services > SEO and marketing; Business > Marketing > Marketing,2
"TELEGRAM @SEO_ANOMALY - SEO BACKLINKS, BLACK-LINKS, TRAFFIC BOOST, LINK INDEXING - ssseo.anomaly-seo-oakridge.website",https://ssseo.anomaly-seo-oakridge.website/australia/seo-anomaly-au-10/,en,ecommerce,200,0.2,0,0,21,3490,5703,0,0,https://www.cruise1st.com.au/cruise-ship/pacific-encounter,,"TELEGRAM @SEO_ANOMALY - SEO BACKLINKS, BLACK-LINKS, TRAFFIC BOOST, LINK INDEXING",,,,text,true,false,true,false,false,false,true,,,pagefound,2026-02-16 19:13:25,2026-04-25 21:02:42,,,Site page > Services,Internet > Web services > SEO and marketing; Business > Marketing > Marketing,20
How To Instagram Your Holiday #Infographic - Visualistan,https://www.visualistan.com/2017/07/how-to-instagram-your-holiday.html?version=v1feeds/posts/defaultfeeds/posts/default,en,,200,56,0,0,0,7,11,0,0,https://www.cruise1st.com.au/,Infographic by:,www.cruise1st.com.au,,,,text,false,true,true,false,false,false,true,,,pagefound,2025-01-22 08:25:04,2026-04-23 15:47:46,,,,,8
"TELEGRAM @SEO_ANOMALY - SEO BACKLINKS, BLACK-LINKS, TRAFFIC BOOST, LINK INDEXING - ssseo.anomaly-seo-westwood.online",https://ssseo.anomaly-seo-westwood.online/australia/seo-anomaly-au-10/,en,ecommerce,200,0.2,0,0,28,3490,5628,0,0,https://www.cruise1st.com.au/cruise-ship/pacific-encounter,,"TELEGRAM @SEO_ANOMALY - SEO BACKLINKS, BLACK-LINKS, TRAFFIC BOOST, LINK INDEXING",,,,text,true,false,true,false,false,false,true,,,pagefound,2026-02-14 00:38:16,2026-04-12 12:57:38,,,Site page > Services,Internet > Web services > SEO and marketing; Business > Marketing > Marketing,20
"TELEGRAM @SEO_ANOMALY - SEO BACKLINKS, BLACK-LINKS, TRAFFIC BOOST, LINK INDEXING - ssseo.anomaly-seo-stonehill.online",https://ssseo.anomaly-seo-stonehill.online/australia/seo-anomaly-au-1/,en,ecommerce,200,0.2,0,0,21,3502,5753,0,0,https://www.cruise1st.com.au/cruise-ship/pacific-adventure,,"TELEGRAM @SEO_ANOMALY - SEO BACKLINKS, BLACK-LINKS, TRAFFIC BOOST, LINK INDEXING",,,,text,true,false,true,false,false,false,true,,,linkrestored,2026-02-15 14:05:50,2026-04-23 17:44:31,,,Site page > Services,Internet > Web services > SEO and marketing; Business > Marketing > Marketing,20
Vale Julian Hercus | Red Tail Reunions,https://www.redtailreunions.com/vale-julian-hercus,en,cms,200,0.4,0,1,0,4,5,0,0,https://www.cruise1st.com.au/,,julianhercus.jpg,,,,image,false,true,false,false,false,false,true,,,linkrestored,2022-05-01 18:39:32,2026-05-05 15:55:50,,,,,1
Eurekster,https://p.eurekster.com/?id=&apdiv=Submit&search=Bargain%20Celebrity%20Cruise,en,,200,51,0,0,0,99,125,0,0,https://www.cruise1st.com.au/,,Cheap Cruise Deals & Packages 2021 | Cruise1st.com.au,,,,text,false,false,false,false,false,false,true,,,pagefound,2022-07-22 14:25:45,2026-05-10 07:00:47,,,Listing collection > Location,Travel > Tourist destinations > Other,11
"TELEGRAM @SEO_ANOMALY - SEO BACKLINKS, BLACK-LINKS, TRAFFIC BOOST, LINK INDEXING - seo.anomaly-seo-southwick.online",https://seo.anomaly-seo-southwick.online/australia/seo-anomaly-au-1/,en,ecommerce,200,0.2,0,0,21,3500,5760,0,0,https://www.cruise1st.com.au/cruise-ship/pacific-adventure,,"TELEGRAM @SEO_ANOMALY - SEO BACKLINKS, BLACK-LINKS, TRAFFIC BOOST, LINK INDEXING",,,,text,true,false,true,false,false,false,true,,,linkrestored,2026-02-16 15:11:54,2026-04-24 08:44:21,,,Site page > Services,Internet > Web services > SEO and marketing; Business > Marketing > Marketing,20
🔥 BHS Links – Hardcore Black Hat SEO – TG @bhs_links - bhs.links-bhs-great.xyz,https://bhs.links-bhs-great.xyz/egypt-17-07-2025/bhs-links-egypt-1/,"en, uk",,200,0.2,0,0,17,2372,3308,0,0,https://www.cruise1st.com.au/blog/activities-entertainment/which-cruise-ships-have-the-best-casinos/,,TG @BHS_LINKS - BEST SEO LINKS - https://t.me/bhs_links,,,,text,true,false,true,false,false,false,true,,,pagefound,2026-02-17 02:27:18,2026-04-15 22:24:10,,,Site page > Services,Internet > Web services > SEO and marketing,10
"TELEGRAM @SEO_ANOMALY | SEO BACKLINKS, PBN, TRAFFIC BOOST, LINK INDEXING | Montenegro | 11-02-2026 | seo.anomaly-impreza.website",https://seo.anomaly-impreza.website/montenegro-11-02-2026/seo-anomaly-montenegro-1/,en,,200,0.2,0,0,28,2397,3331,0,0,https://www.cruise1st.com.au/blog/cruise-tips/which-cruise-ships-have-the-best-casinos-2/,,"TELEGRAM @SEO_ANOMALY - SEO BACKLINKS, PBN, TRAFFIC BOOST, LINK INDEXING",,,,text,true,false,true,false,false,false,true,,,pagefound,2026-02-16 08:46:24,2026-04-10 07:54:43,,,Site page > Services,Internet > Web services > SEO and marketing; Business > Marketing > Marketing,20
"TELEGRAM @SEO_ANOMALY | SEO BACKLINKS, PBN, TRAFFIC BOOST, LINK INDEXING | Montenegro | 11-02-2026 | 8seo.anomaly-charger.online",https://8seo.anomaly-charger.online/montenegro-11-02-2026/seo-anomaly-montenegro-1/,en,,200,0.2,0,0,30,2395,3332,0,0,https://www.cruise1st.com.au/blog/cruise-tips/which-cruise-ships-have-the-best-casinos-2/,,"TELEGRAM @SEO_ANOMALY - SEO BACKLINKS, PBN, TRAFFIC BOOST, LINK INDEXING",,,,text,true,false,true,false,false,false,true,,,pagefound,2026-02-14 02:53:36,2026-04-14 13:30:40,,,Site page > Services,Internet > Web services > SEO and marketing; Business > Marketing > Marketing,20
"10 surprising river cruises around the world | The Singleton Argus | Singleton, NSW",https://www.singletonargus.com.au/story/8524019/10-surprising-river-cruises-around-the-world/,en,,200,45,0,646,0,27,29,0,0,https://www.cruise1st.com.au/,river and rail; check out deals from Cruise Express and,Cruise1st,. Independent travellers can also plan Eurostar or Eurail holidays,,,text,false,true,false,false,false,false,true,,,linkfound,2026-04-14 16:44:46,2026-04-28 16:29:35,,Louise Goldsbury,,,1
Eurekster,https://p.eurekster.com/?id=&apdiv=Submit&search=Bora%20Bora%20all%20Inclusive,en,,200,51,0,0,0,102,133,0,0,https://www.cruise1st.com.au/,,Cruise1st.com.au: Cheap Cruise Deals & Packages 2021,,,,text,false,false,false,false,false,false,true,,,linkfound,2022-12-23 06:23:52,2026-05-06 18:35:10,,,,,4
shipparade.com alternatives | Top 73 similar sites like shipparade.com,https://www.sitelike.org/similar/shipparade.com/,en,,200,66,0,5317,1,38,47,0,0,https://www.cruise1st.com.au/,cruise1st.com.au,cruise1st.com.au,,,,image,false,true,true,false,false,true,true,,,linkrestored,2021-05-15 10:06:48,2026-04-27 09:56:59,,,Listing collection > Location,Travel > Specialty travel > Luxury travel,65
The Real Deal With Opt-In Email Marketing Techniques-00100n | Way Ranks,https://wayranks.com/the-real-deal-with-opt-in-email-marketing-techniques-00100n/,en,wordpress,200,58,0,4,1,419,511,0,0,https://www.cruise1st.com.au/,,cruise1st,,,,text,true,true,false,false,false,true,true,,,pagefound,2022-05-29 19:48:49,2026-05-06 08:39:57,,,Article > Guide,Business > Marketing > Marketing; Internet > Email > Email,3
"TELEGRAM @SEO_ANOMALY - SEO BACKLINKS, BLACK-LINKS, TRAFFIC BOOST, LINK INDEXING - sssseo.anomaly-seo-hillcrest.site",https://sssseo.anomaly-seo-hillcrest.site/australia/seo-anomaly-au-10/,en,ecommerce,200,0.2,0,0,19,3491,5643,0,0,https://www.cruise1st.com.au/cruise-ship/pacific-encounter,,"TELEGRAM @SEO_ANOMALY - SEO BACKLINKS, BLACK-LINKS, TRAFFIC BOOST, LINK INDEXING",,,,text,true,false,true,false,false,false,true,,,pagefound,2026-02-14 14:16:30,2026-04-10 06:38:24,,,Site page > Services,Internet > Web services > SEO and marketing; Business > Marketing > Marketing,20
"TELEGRAM @SEO_ANOMALY | SEO BACKLINKS, PBN, TRAFFIC BOOST, LINK INDEXING | Croatia | 11-02-2026 | anomaly-wrangler.site",https://anomaly-wrangler.site/croatia-11-02-2026/seo-anomaly-croatia-3/,en,,200,0.2,0,0,40,2289,3236,0,0,https://www.cruise1st.com.au/cruise-ship/msc-opera,,"TELEGRAM @SEO_ANOMALY - SEO BACKLINKS, PBN, TRAFFIC BOOST, LINK INDEXING",,,,text,true,false,true,false,false,false,true,,,pagefound,2026-02-13 01:56:28,2026-04-27 13:39:51,,,Site page > Services,Internet > Web services > SEO and marketing; Business > Marketing > Marketing,20
"10 surprising river cruises around the world | Moree Champion | Moree, NSW",https://www.moreechampion.com.au/story/8524019/10-surprising-river-cruises-around-the-world/,en,,200,42,0,636,0,24,26,0,0,https://www.cruise1st.com.au/,river and rail; check out deals from Cruise Express and,Cruise1st,. Independent travellers can also plan Eurostar or Eurail holidays,,,text,false,true,false,false,false,false,true,,,pagefound,2026-04-13 01:02:43,2026-05-11 00:41:07,,Louise Goldsbury,,,1
celebrity solstice cruises,https://hemofilia.org.br/6ky74qz/celebrity-solstice-cruises,en,wordpress,200,0.2,0,0,0,16,22,0,0,https://www.cruise1st.com.au/cruise-ship/celebrity-solstice,travel plans or book over the phone today! Private safe.,Celebrity Solstice Cruise Deals - Cruise1st - The leading Cruise Retail,"Life is more than necessary, Celebrity will remind you of",,,text,false,true,false,false,false,false,true,,,pagefound,2025-01-24 16:35:04,2026-01-14 18:10:54,,,,,1
"TELEGRAM @SEO_ANOMALY - SEO BACKLINKS, BLACK-LINKS, TRAFFIC BOOST, LINK INDEXING - anomaly-seo-springdale.online",https://anomaly-seo-springdale.online/australia/seo-anomaly-au-1/,en,ecommerce,200,0.2,0,0,21,3502,5754,0,0,https://www.cruise1st.com.au/cruise-ship/pacific-adventure,,"TELEGRAM @SEO_ANOMALY - SEO BACKLINKS, BLACK-LINKS, TRAFFIC BOOST, LINK INDEXING",,,,text,true,false,true,false,false,false,true,,,linkrestored,2026-02-12 00:42:09,2026-04-26 11:33:16,,,Site page > Services,Internet > Web services > SEO and marketing; Business > Marketing > Marketing,20
Sitemap | Cruise1st Blog,https://www.cruise1st.co.uk/blog/sitemap/,en,wordpress,200,35,0,43014,0,5,271,0,0,https://www.cruise1st.com.au/blog/category/cruise-tips/onboard-facilities/,,Onboard,,,,text,false,true,false,false,false,false,true,removedfromhtml,,linkrestored,2025-07-11 20:50:17,2026-04-15 13:10:01,2026-05-06 12:59:55,,Listing collection > Location,Travel > Specialty travel > Luxury travel,1
✅ Website Stats 📊,https://www.ready.pro/stats/71717,en,,200,9,0,0,0,3688,4089,0,0,https://www.cruise1st.com.au/,visit homepage,cruise1st.com.au,&nbsp,https://cruise1st.com.au/,301,text,true,true,true,false,false,false,true,,,linkfound,2026-05-04 20:32:36,2026-05-04 20:32:36,,,Listing collection > Business,Internet > Web services > Analytics,2
Sitemap | Cruise1st Blog,https://www.cruise1st.co.uk/blog/sitemap/,en,wordpress,200,35,0,43014,0,5,271,0,0,https://www.cruise1st.com.au/blog/category/cruising/destinations/mediterranean-cruises-cruising/,,Mediterranean Cruises,,,,text,false,true,false,false,false,false,true,removedfromhtml,,linkrestored,2025-07-11 20:50:17,2026-04-15 13:10:01,2026-05-06 12:59:55,,Listing collection > Location,Travel > Specialty travel > Luxury travel,1
Directory website list 1948 | Global Rank Directory,https://globalrankdirectory.com/directory-website-list-1948/,en,wordpress,200,18,0,0,0,5478,6539,0,0,https://www.cruise1st.com.au/,,cruise1st,,https://cruise1st.com.au/,301,text,true,false,false,false,false,false,true,,,linkfound,2025-12-25 01:50:09,2026-05-06 04:45:08,,,Listing collection > Business,Business > Business services > Other; Reference > Listings > Business; Internet,2
Sitemap | Cruise1st Blog,https://www.cruise1st.co.uk/blog/sitemap/,en,wordpress,200,35,0,43014,0,5,271,0,0,https://www.cruise1st.com.au/blog/cruise-tips/5-common-cruise-problems-solve/,,5 Common Cruise Problems and How to Solve Them,,,,text,false,true,false,false,false,false,true,removedfromhtml,,linkrestored,2025-07-11 20:50:17,2026-04-15 13:10:01,2026-05-06 12:59:55,,Listing collection > Location,Travel > Specialty travel > Luxury travel,1
"10 surprising river cruises around the world | The Maitland Mercury | Maitland, NSW",https://www.maitlandmercury.com.au/story/8524019/10-surprising-river-cruises-around-the-world/,en,,200,54,0,3388,0,28,30,0,0,https://www.cruise1st.com.au/,river and rail; check out deals from Cruise Express and,Cruise1st,. Independent travellers can also plan Eurostar or Eurail holidays,,,text,false,true,false,false,false,false,true,,,pagefound,2026-04-12 22:22:47,2026-05-10 04:31:16,,Louise Goldsbury,,,1
travelmarketreport.com - Caribbean,https://www.semanticjuice.com/caribbean/travelmarketreport.com,en,,200,29,0,0,0,32,125,0,0,https://www.cruise1st.com.au/,,http://cruise1st.com.au/,,"http://cruise1st.com.au/, https://cruise1st.com.au/","301, 301",image,true,true,false,false,false,false,true,,,pagefound,2024-08-17 18:03:08,2026-03-27 05:45:11,,,,,3
Sitemap | Cruise1st Blog,https://www.cruise1st.co.uk/blog/sitemap/,en,wordpress,200,35,0,43014,0,5,271,0,0,https://www.cruise1st.com.au/blog/cruising/natural-wonders-to-put-on-your-bucket-list/,,Natural Wonders to Put on Your Bucket List,,,,text,false,true,false,false,false,false,true,removedfromhtml,,linkrestored,2025-07-11 20:50:17,2026-04-15 13:10:01,2026-05-06 12:59:55,,Listing collection > Location,Travel > Specialty travel > Luxury travel,1
"10 surprising river cruises around the world | Redland City Bulletin | Cleveland, QLD",https://www.redlandcitybulletin.com.au/story/8524019/10-surprising-river-cruises-around-the-world/,en,,200,49,0,204,0,21,27,0,0,https://www.cruise1st.com.au/,river and rail; check out deals from Cruise Express and,Cruise1st,. Independent travellers can also plan Eurostar or Eurail holidays,,,text,false,true,false,false,false,false,true,,,pagefound,2026-04-12 23:33:34,2026-05-10 23:11:57,,Louise Goldsbury,,,1
one.net.in | few of top websites | page no. 960,https://www.one.net.in/domain-list-960,"en, pt",,200,4.6,0,8,0,1050,2079,0,0,https://www.cruise1st.com.au/,,cruise1st.com.au,,"http://cruise1st.com.au/, https://cruise1st.com.au/","301, 301",text,false,true,true,false,false,false,true,,,linkrestored,2023-10-22 03:21:54,2026-03-15 01:40:14,,,Listing collection > Business,Internet > Web services > Analytics; Reference,1
Sitemap | Cruise1st Blog,https://www.cruise1st.co.uk/blog/sitemap/,en,wordpress,200,35,0,43014,0,5,271,0,0,https://www.cruise1st.com.au/blog/news/canadian-expedition-through-alaska-and-rockies/,,A Canadian Expedition through Alaska and the Rockies,,,,text,false,true,false,false,false,false,true,removedfromhtml,,linkrestored,2025-07-11 20:50:17,2026-04-15 13:10:01,2026-05-06 12:59:55,,Listing collection > Location,Travel > Specialty travel > Luxury travel,1
"Running, Depression and Lyme Symptoms | lymesymptoms",https://lymesymptoms.com/running-depression-and-lyme-symptoms/,en,wordpress,200,0.3,0,0,0,6445,9948,0,0,https://www.cruise1st.com.au/,,last minute cruises,,http://www.cruise1st.com.au/,301,text,true,false,true,true,false,false,true,,,pagefound,2026-01-16 22:54:14,2026-04-28 20:54:26,,,Article > Guide,Health > Mental health > Depression,38
"TELEGRAM @SEO_ANOMALY - SEO BACKLINKS, BLACK-LINKS, TRAFFIC BOOST, LINK INDEXING - anomaly-seo-woodbridge.online",https://anomaly-seo-woodbridge.online/australia/seo-anomaly-au-10/,en,ecommerce,200,0.2,0,0,20,3495,5780,0,0,https://www.cruise1st.com.au/cruise-ship/pacific-encounter,,"TELEGRAM @SEO_ANOMALY - SEO BACKLINKS, BLACK-LINKS, TRAFFIC BOOST, LINK INDEXING",,,,text,true,false,true,false,false,true,true,,,pagefound,2026-02-11 05:11:49,2026-05-07 01:48:42,,,Site page > Services,Internet > Web services > SEO and marketing; Business > Marketing > Marketing,20
🔥 BHS Links – Hardcore Black Hat SEO – TG @bhs_links - bhs6.links-bhs-big.online,https://bhs6.links-bhs-big.online/egypt-17-07-2025/bhs-links-egypt-1/,"en, uk",,200,0.2,0,0,9,2369,3281,0,0,https://www.cruise1st.com.au/blog/activities-entertainment/which-cruise-ships-have-the-best-casinos/,,TG @BHS_LINKS - BEST SEO LINKS - https://t.me/bhs_links,,,,text,true,false,true,false,false,true,true,,,linkfound,2026-02-16 17:48:58,2026-02-16 17:48:58,,,Site page > Services,Internet > Web services > SEO and marketing,3
