Keyword,Country,Location,Language,Entities,Branded,Local,Navigational,Informational,Commercial,Transactional,SERP features,Volume,KD,CPC,Organic traffic,Paid traffic,Current position,Current position kind,Current URL,Updated
cruise from perth,AU,Australia,English,Perth (Location),false,true,false,true,true,false,Thumbnail,1200,1,0.11,616,0,1,,https://www.cruiseaway.com.au/cruises/australia/perth,2026-05-06 07:19:14
cheap cruises,AU,Australia,English,,false,false,false,true,true,false,"Top ads, Paid sitelinks, Discussions and forums, Thumbnail, Bottom ads, Video preview",1400,20,0.28,416,0,1,,https://www.cruiseaway.com.au/cheap-cruises,2026-04-25 05:40:37
christmas cruises from sydney,AU,Australia,English,Sydney (Location),false,true,false,true,true,false,"AI Overview, People also ask, Thumbnail",900,0,0.32,396,0,1,,https://www.cruiseaway.com.au/christmas-cruises-from-sydney-2026,2026-05-03 14:14:02
cruises 2026,AU,Australia,English,,false,false,false,true,true,false,"Discussions and forums, Bottom ads, Paid sitelinks, Video preview, Thumbnail",3000,56,0.43,347,197,3,,https://www.cruiseaway.com.au/princess-cruises-australia-2026-2027-season-launch,2026-05-04 06:55:36
cruise ship,AU,Australia,English,,false,false,false,true,true,false,"Top stories, Thumbnail, Video preview",14000,61,0.27,225,0,8,,https://www.cruiseaway.com.au/ships,2026-05-07 16:57:47
singles cruise,AU,Australia,English,,false,false,false,true,true,false,"People also ask, Thumbnail, Discussions and forums, Sitelinks, Video preview",500,1,0.28,215,0,1,,https://www.cruiseaway.com.au/singles-cruises,2026-05-01 13:48:12
cruises from brisbane 2024,AU,Australia,English,Brisbane (Location),false,true,false,true,true,false,"AI Overview, Thumbnail, Sitelinks, Video preview",6700,0,0.33,207,0,10,,https://www.cruiseaway.com.au/cruises/australia/brisbane,2026-05-09 21:30:55
moreton island cruise,AU,Australia,English,Moreton Island (Location),false,true,false,true,true,false,"Thumbnail, People also ask, Discussions and forums, Video preview",1300,10,0.36,200,0,2,,https://www.cruiseaway.com.au/cruises/moreton-island,2026-05-09 06:12:23
perth cruises,AU,Australia,English,Perth (Location),false,true,false,true,true,false,"Knowledge panel, Video preview",500,0,0.17,196,56,1,,https://www.cruiseaway.com.au/cruises/australia/perth,2026-05-04 13:57:36
cruises from brisbane 2026,AU,Australia,English,Brisbane (Location),false,true,false,true,true,false,"People also ask, Thumbnail",6200,0,0.45,196,0,9,,https://www.cruiseaway.com.au/cruises-from-brisbane-april-2026,2026-05-05 15:40:44
cheap cruises australia,AU,Australia,English,Australia (Location),false,true,false,true,true,false,"Thumbnail, Video preview",450,35,0.34,188,0,1,,https://www.cruiseaway.com.au/cheap-cruises,2026-05-07 23:41:35
european river cruises deals,AU,Australia,English,,false,false,false,true,true,false,"AI Overview, Thumbnail",500,3,1.05,182,0,1,,https://www.cruiseaway.com.au/cruises/european-river,2026-04-15 18:08:14
cruises from perth,AU,Australia,English,Perth (Location),false,true,false,true,true,false,"Thumbnail, People also ask, Bottom ads, Paid sitelinks",1500,1,0.11,171,0,1,,https://www.cruiseaway.com.au/cruises/australia/perth,2026-05-07 23:49:43
moreton island cruise from sydney,AU,Australia,English,"Moreton Island (Location), Sydney (Location)",false,true,false,true,true,false,"Thumbnail, AI Overview, Video preview, People also ask",600,1,0.21,167,0,3,,https://www.cruiseaway.com.au/cruises/moreton-island,2026-04-14 16:04:39
singles cruise australia,AU,Australia,English,Australia (Location),false,true,false,true,true,false,"AI Overview, Thumbnail, People also ask",350,0,0.27,164,0,1,AI Overview,https://www.cruiseaway.com.au/singles-cruises,2026-04-26 21:49:17
cruises from sydney 2026,AU,Australia,English,Sydney (Location),false,true,false,true,true,false,"Top ads, Paid sitelinks, Video preview, Thumbnail",4800,0,0.46,151,0,10,,https://www.cruiseaway.com.au/princess-cruises-australia-2026-2027-season-launch,2026-05-09 02:24:32
christmas cruises from brisbane,AU,Australia,English,Brisbane (Location),false,true,false,true,true,false,"People also ask, Bottom ads, Paid sitelinks, Thumbnail, Video preview",600,0,0.30,151,0,1,,https://www.cruiseaway.com.au/christmas-cruises-from-brisbane,2026-04-29 19:58:38
cruises perth,AU,Australia,English,Perth (Location),false,true,false,true,true,false,"Thumbnail, Local pack",350,0,0.17,148,0,1,,https://www.cruiseaway.com.au/cruises/australia/perth,2026-04-11 08:21:04
last minute cruises from adelaide,AU,Australia,English,Adelaide (Location),false,true,false,true,true,true,"AI Overview, Thumbnail, People also ask",350,0,0.14,147,0,1,AI Overview,https://www.cruiseaway.com.au/last-minute-cruises-from-adelaide,2026-04-13 01:45:24
last minute cruises from fremantle,AU,Australia,English,Fremantle (Location),false,true,false,true,true,true,"AI Overview, Thumbnail, People also ask",300,0,0.19,147,0,1,AI Overview,https://www.cruiseaway.com.au/zones/last-minute-cruises-from-fremantle,2026-04-19 17:16:28
cruise away luxury deals,AU,Australia,English,,false,false,false,true,true,false,"Top ads, People also ask, Video preview, Bottom ads, Paid sitelinks",200,7,0.61,144,6,1,,https://www.cruiseaway.com.au/luxury-ocean-cruise-lines,2026-05-02 05:46:27
book a cruise,AU,Australia,English,,false,false,false,false,true,true,,400,66,0.50,139,0,1,,https://www.cruiseaway.com.au/,2026-05-10 16:47:59
cruises 2025,AU,Australia,English,,false,false,false,true,true,false,"AI Overview, Thumbnail, Video preview",2200,52,0.39,137,0,7,,https://www.cruiseaway.com.au/cruises/australia/brisbane,2026-05-06 09:01:10
cruise perth,AU,Australia,English,Perth (Location),false,true,false,true,true,false,"Thumbnail, AI Overview",350,0,0.16,133,0,1,,https://www.cruiseaway.com.au/cruises/australia/perth,2026-04-14 18:05:05
cheap cruises from brisbane,AU,Australia,English,Brisbane (Location),false,true,false,true,true,false,Thumbnail,700,3,0.31,131,0,3,,https://www.cruiseaway.com.au/cheap-cruises-from-brisbane,2026-05-01 23:36:17
singles cruises,AU,Australia,English,,false,false,false,true,true,false,"People also ask, Discussions and forums",450,1,0.28,128,0,1,,https://www.cruiseaway.com.au/singles-cruises,2026-05-02 04:13:12
singapore to sydney cruise,AU,Australia,English,,false,false,false,true,true,false,AI Overview,250,1,0.40,127,0,2,,https://www.cruiseaway.com.au/cruises-from-singapore-to-sydney,2026-05-01 07:24:03
cruises from melbourne 2026,AU,Australia,English,Melbourne (Location),false,true,false,true,true,false,"AI Overview, People also ask, Thumbnail, Video preview",2500,0,0.29,125,0,8,,https://www.cruiseaway.com.au/cruises-from-melbourne-2026,2026-04-26 10:36:47
cheap cruises from melbourne,AU,Australia,English,Melbourne (Location),false,true,false,true,true,false,"People also ask, Thumbnail",600,0,0.22,121,0,2,,https://www.cruiseaway.com.au/cruises/australia/melbourne,2026-05-08 14:20:46
cruises from sydney 2024,AU,Australia,English,Sydney (Location),false,true,false,true,true,false,"AI Overview, People also ask, Video preview",2400,5,0.31,117,0,8,,https://www.cruiseaway.com.au/cruises/australia/sydney,2026-05-08 16:34:38
cruise from sydney to new zealand,AU,Australia,English,"Sydney (Location), New Zealand (Location)",false,true,false,true,true,false,"Thumbnail, People also ask, Video preview",700,1,0.43,116,0,2,,https://www.cruiseaway.com.au/cruises-from-sydney-to-new-zealand,2026-04-28 15:09:19
short cruises from melbourne,AU,Australia,English,Melbourne (Location),false,true,false,true,true,false,"People also ask, Thumbnail, Video preview",700,0,0.21,112,0,3,,https://www.cruiseaway.com.au/3-day-cruises-from-melbourne,2026-05-03 05:34:56
perth cruise,AU,Australia,English,Perth (Location),false,true,false,true,true,false,"Thumbnail, AI Overview, Local pack",300,0,0.16,111,0,1,,https://www.cruiseaway.com.au/cruises/australia/perth,2026-04-14 07:02:19
cruise from brisbane,AU,Australia,English,Brisbane (Location),false,true,false,true,true,false,"Image pack, Thumbnail, Video preview",2800,0,0.33,104,0,7,,https://www.cruiseaway.com.au/cruises/australia/brisbane,2026-05-08 16:13:28
cruise to fiji from sydney,AU,Australia,English,"Fiji (Location), Sydney (Location)",false,true,false,true,true,false,"AI Overview, People also ask",250,0,0.30,104,0,1,,https://www.cruiseaway.com.au/cruises-from-sydney-to-fiji,2026-05-03 09:12:17
cruise 2026,AU,Australia,English,,false,false,false,true,true,false,"Sitelinks, People also ask, Video preview, Thumbnail",1400,36,0.43,103,0,5,,https://www.cruiseaway.com.au/princess-cruises-australia-2026-2027-season-launch,2026-05-06 03:54:44
brisbane to sydney cruise,AU,Australia,English,,false,true,false,true,true,false,AI Overview,300,8,0.31,102,0,1,,https://www.cruiseaway.com.au/brisbane-to-sydney-cruises,2026-04-30 22:37:24
cruises from melbourne 2025,AU,Australia,English,Melbourne (Location),false,true,false,true,true,false,"AI Overview, People also ask, Thumbnail",1100,1,0.27,99,0,5,,https://www.cruiseaway.com.au/cruises/australia/melbourne,2026-05-01 05:00:39
cruise away deals,AU,Australia,English,,false,false,false,true,true,false,Top ads,100,17,0.50,99,11,1,,https://www.cruiseaway.com.au/cruise-deals,2026-05-05 21:26:53
cruise deals,AU,Australia,English,,false,false,false,true,true,false,"Discussions and forums, Thumbnail, Video preview",4300,30,0.50,98,0,12,,https://www.cruiseaway.com.au/cruise-deals,2026-05-06 06:16:58
luxury cruise deals,AU,Australia,English,,false,false,false,true,true,false,"AI Overview, Thumbnail, People also ask",700,50,0.32,96,0,3,,https://www.cruiseaway.com.au/luxury-ocean-cruise-lines,2026-04-19 07:54:51
cruise from melbourne to new zealand,AU,Australia,English,"Melbourne (Location), New Zealand (Location)",false,true,false,true,true,false,"Top ads, Paid sitelinks, AI Overview, Thumbnail, People also ask, Discussions and forums",250,0,0.41,92,0,1,AI Overview,https://www.cruiseaway.com.au/cruises-from-melbourne-to-new-zealand,2026-04-21 18:29:37
last minute cruise cancellation deals,AU,Australia,English,,false,false,false,true,true,true,"AI Overview, Thumbnail, Sitelinks",600,6,0.25,92,0,1,AI Overview,https://www.cruiseaway.com.au/last-minute-cruises,2026-05-05 23:33:29
fly cruise packages from australia,AU,Australia,English,,false,false,false,true,true,true,,250,36,0.47,91,0,1,,https://www.cruiseaway.com.au/fly-cruises,2026-05-10 14:48:19
last minute cruises australia,AU,Australia,English,Australia (Location),false,true,false,true,true,true,People also ask,500,2,0.40,88,139,3,,https://www.cruiseaway.com.au/last-minute-cruises,2026-05-06 19:48:54
last minute cruise,AU,Australia,English,,false,false,false,true,true,true,"People also ask, Discussions and forums, Thumbnail, Video preview",600,4,0.43,86,0,4,,https://www.cruiseaway.com.au/last-minute-cruises,2026-05-10 13:10:42
western australia cruises,AU,Australia,English,Western Australia (Location),false,true,false,true,true,false,Local pack,250,0,0.43,83,0,1,,https://www.cruiseaway.com.au/western-australia-cruises-from-perth-fremantle,2026-05-07 22:34:18
perth to bali cruise,AU,Australia,English,"Perth (Location), Bali (Location)",false,true,false,true,true,false,"AI Overview, People also ask",250,0,,82,0,2,,https://www.cruiseaway.com.au/cruises-from-perth-fremantle-to-bali,2026-05-07 18:27:52
cruise from singapore to sydney,AU,Australia,English,"Singapore (Location), Sydney (Location)",false,true,false,true,true,false,"AI Overview, Thumbnail, People also ask, Video preview",150,0,0.40,82,0,1,AI Overview,https://www.cruiseaway.com.au/cruises-from-singapore-to-sydney,2026-04-21 02:56:48
mystery island,AU,Australia,English,Mystery Island (Location),false,false,false,true,false,false,"AI Overview, People also ask, Discussions and forums, Thumbnail, Image pack, Video preview",7000,2,0.18,81,0,9,,https://www.cruiseaway.com.au/cruises/south-pacific/mystery-island,2026-05-11 06:57:00
cruises in july,AU,Australia,English,,false,false,false,true,true,false,,200,10,0.44,79,0,1,,https://www.cruiseaway.com.au/july-cruises,2026-05-04 03:51:18
small ship cruises,AU,Australia,English,,false,false,false,true,true,false,"AI Overview, People also ask, Discussions and forums, Bottom ads",300,8,0.95,76,0,2,,https://www.cruiseaway.com.au/small-ship-cruises,2026-04-29 14:31:31
fly cruise deals,AU,Australia,English,,false,false,false,true,true,false,,150,6,0.58,75,0,1,,https://www.cruiseaway.com.au/fly-cruises,2026-04-24 12:12:22
3 day cruise,AU,Australia,English,,false,false,false,true,true,false,"Video preview, People also ask",600,2,0.32,74,0,3,,https://www.cruiseaway.com.au/short-cruises,2026-04-28 00:37:12
cruises for singles,AU,Australia,English,,false,false,false,true,true,true,"AI Overview, Thumbnail, Video preview, People also ask, Knowledge panel, Discussions and forums",150,4,0.28,73,0,1,AI Overview,https://www.cruiseaway.com.au/singles-cruises,2026-04-12 07:00:27
april cruises,AU,Australia,English,,false,false,false,true,true,false,"AI Overview, Thumbnail, Discussions and forums, Bottom ads, Paid sitelinks",200,0,,73,0,1,,https://www.cruiseaway.com.au/april-cruises,2026-05-02 19:12:28
all inclusive cruises australia,AU,Australia,English,Australia (Location),false,true,false,true,true,false,"AI Overview, People also ask",200,6,0.56,73,0,1,,https://www.cruiseaway.com.au/all-inclusive,2026-04-18 10:02:17
melbourne to new zealand cruise,AU,Australia,English,"Melbourne (Location), New Zealand (Location)",false,true,false,true,true,false,"Thumbnail, People also ask, Discussions and forums",150,0,0.41,72,0,1,,https://www.cruiseaway.com.au/cruises-from-melbourne-to-new-zealand,2026-04-25 23:42:48
new zealand cruise from melbourne,AU,Australia,English,"New Zealand (Location), Melbourne (Location)",false,true,false,true,true,false,"AI Overview, Thumbnail, People also ask, Discussions and forums",250,0,0.41,72,0,1,AI Overview,https://www.cruiseaway.com.au/cruises-from-melbourne-to-new-zealand,2026-04-21 18:38:08
cruise singapore to sydney,AU,Australia,English,,false,false,false,true,true,false,"AI Overview, Thumbnail, People also ask",150,0,0.40,71,0,1,AI Overview,https://www.cruiseaway.com.au/cruises-from-singapore-to-sydney,2026-04-11 21:41:02
2026 cruises,AU,Australia,English,,false,false,false,true,true,false,"Thumbnail, Video preview",800,35,0.37,71,0,4,,https://www.cruiseaway.com.au/princess-cruises-australia-2026-2027-season-launch,2026-05-04 07:06:59
cruises to vancouver,AU,Australia,English,Vancouver (Location),false,true,false,true,true,false,"AI Overview, Thumbnail, People also ask",200,0,,71,0,1,AI Overview,https://www.cruiseaway.com.au/cruises/vancouver,2026-04-10 22:32:31
sydney to new zealand cruise price,AU,Australia,English,,false,true,false,true,true,false,"AI Overview, People also ask",200,0,0.42,71,0,2,,https://www.cruiseaway.com.au/cruises-from-sydney-to-new-zealand,2026-05-07 10:43:56
cruise ships from perth,AU,Australia,English,Perth (Location),false,true,false,true,true,false,"AI Overview, Thumbnail, People also ask",200,2,0.31,70,0,1,,https://www.cruiseaway.com.au/cruises/australia/perth,2026-04-11 17:20:23
solo cruises australia,AU,Australia,English,Australia (Location),false,true,false,true,true,false,"AI Overview, People also ask, Discussions and forums",200,1,0.47,70,0,2,,https://www.cruiseaway.com.au/singles-cruises,2026-05-06 20:50:45
santiago cruise deals,AU,Australia,English,Santiago (Location),false,true,false,true,true,false,"AI Overview, People also ask",200,0,,69,0,1,,https://www.cruiseaway.com.au/cruises/santiago-de-chile,2026-05-09 15:02:21
british isles cruise deals,AU,Australia,English,British Isles (Location),false,false,false,true,true,false,"Thumbnail, People also ask",200,0,0.54,69,0,1,,https://www.cruiseaway.com.au/cruises/british-isles,2026-05-06 13:46:22
solo cruise deals,AU,Australia,English,,false,false,false,true,true,false,"Thumbnail, People also ask, Discussions and forums, Bottom ads, Paid sitelinks",200,3,0.48,69,0,1,,https://www.cruiseaway.com.au/singles-cruises,2026-04-12 08:48:27
3 day cruise from sydney,AU,Australia,English,Sydney (Location),false,true,false,true,true,true,"Thumbnail, Video preview",1300,2,0.35,66,0,7,,https://www.cruiseaway.com.au/short-cruises,2026-05-06 00:24:48
cruises,AU,Australia,English,,false,false,false,true,true,false,"Top ads, Paid sitelinks, People also ask, Thumbnail, Bottom ads",12000,72,0.33,65,0,13,,https://www.cruiseaway.com.au/cruises/australia,2026-05-09 05:58:53
cruises to new zealand from melbourne,AU,Australia,English,"New Zealand (Location), Melbourne (Location)",false,true,false,true,true,false,"AI Overview, People also ask",150,0,0.41,65,0,1,,https://www.cruiseaway.com.au/cruises-from-melbourne-to-new-zealand,2026-05-07 05:01:14
singles cruise brisbane,AU,Australia,English,Brisbane (Location),false,true,false,true,true,false,"AI Overview, Thumbnail, People also ask, Sitelinks",200,0,0.24,65,0,1,AI Overview,https://www.cruiseaway.com.au/singles-cruises,2026-04-25 14:24:06
sydney to new zealand cruise,AU,Australia,English,"Sydney (Location), New Zealand (Location)",false,true,false,true,true,false,"Thumbnail, AI Overview, Video preview",800,1,0.43,64,0,6,,https://www.cruiseaway.com.au/cruises-from-sydney-to-new-zealand,2026-04-28 12:28:16
sydney to moreton island cruise,AU,Australia,English,"Sydney (Location), Moreton Island (Location)",false,true,false,true,true,true,"Top ads, Paid sitelinks, People also ask, Video preview, Bottom ads",500,0,0.21,64,0,3,,https://www.cruiseaway.com.au/cruises/moreton-island,2026-04-29 13:09:12
singapore to australia cruise,AU,Australia,English,,false,false,false,true,true,false,"AI Overview, Thumbnail, People also ask",150,0,0.34,63,0,1,AI Overview,https://www.cruiseaway.com.au/cruises-from-singapore-to-sydney,2026-04-11 10:16:29
adults only cruises australia,AU,Australia,English,Australia (Location),false,true,false,true,true,false,"AI Overview, Thumbnail, People also ask, Video preview",400,17,0.22,63,0,3,,https://www.cruiseaway.com.au/cruises/adult-only-virgin-voyages,2026-05-08 04:50:09
perth to exmouth cruise,AU,Australia,English,"Perth (Location), Exmouth (Location)",false,true,false,true,true,false,Thumbnail,150,0,0.33,63,0,1,,https://www.cruiseaway.com.au/fremantle-to-exmouth-cruise,2026-04-14 11:25:32
xmas cruises from brisbane,AU,Australia,English,Brisbane (Location),false,true,false,true,true,false,"AI Overview, Thumbnail, People also ask",150,0,0.35,63,0,1,AI Overview,https://www.cruiseaway.com.au/christmas-cruises-from-brisbane,2026-05-05 11:17:58
cruise to fiji,AU,Australia,English,Fiji (Location),false,false,false,true,true,false,"Thumbnail, AI Overview, People also ask, Discussions and forums, Video preview",500,0,0.25,63,0,3,,https://www.cruiseaway.com.au/cruises-from-sydney-to-fiji,2026-05-07 18:16:27
cruise to new zealand from melbourne,AU,Australia,English,"New Zealand (Location), Melbourne (Location)",false,true,false,true,true,false,"Thumbnail, People also ask",150,0,0.41,63,0,1,,https://www.cruiseaway.com.au/cruises-from-melbourne-to-new-zealand,2026-04-14 09:11:21
last minute cruise deals australia,AU,Australia,English,Australia (Location),false,true,false,true,true,true,"People also ask, Thumbnail",700,2,0.39,61,0,6,,https://www.cruiseaway.com.au/last-minute-cruises,2026-05-05 10:10:36
7 day cruise from melbourne,AU,Australia,English,Melbourne (Location),false,true,false,true,true,false,"AI Overview, People also ask, Thumbnail, Video preview, Sitelinks",400,2,0.21,61,0,3,,https://www.cruiseaway.com.au/cruises/australia/melbourne,2026-05-05 14:08:50
cruises from sydney to new zealand,AU,Australia,English,"Sydney (Location), New Zealand (Location)",false,true,false,true,true,false,"People also ask, Thumbnail, Video preview",900,1,0.43,60,0,6,,https://www.cruiseaway.com.au/cruises-from-sydney-to-new-zealand,2026-05-11 10:48:51
christmas cruise from sydney,AU,Australia,English,Sydney (Location),false,true,false,true,true,false,People also ask,150,0,0.32,59,0,1,,https://www.cruiseaway.com.au/christmas-cruises-from-sydney-2026,2026-04-25 06:19:38
cruise companies,AU,Australia,English,,false,false,false,true,true,false,"People also ask, Thumbnail",500,41,0.58,58,0,2,,https://www.cruiseaway.com.au/cruise-lines,2026-05-03 08:45:47
adult only cruises australia,AU,Australia,English,Australia (Location),false,true,false,true,true,false,"AI Overview, People also ask, Video preview, Discussions and forums, Bottom ads, Paid sitelinks",500,10,0.22,58,0,3,,https://www.cruiseaway.com.au/cruises/adult-only-virgin-voyages,2026-04-30 10:31:00
cruise brisbane to sydney,AU,Australia,English,,false,true,false,true,true,false,"AI Overview, Bottom ads, Paid sitelinks",150,8,0.30,57,0,1,,https://www.cruiseaway.com.au/brisbane-to-sydney-cruises,2026-04-30 15:47:09
price cruise,AU,Australia,English,,false,false,false,true,true,false,"AI Overview, Thumbnail, People also ask",300,31,,57,0,3,,https://www.cruiseaway.com.au/cheap-cruises,2026-04-26 20:09:17
singles cruises over 40 australia,AU,Australia,English,Australia (Location),false,true,false,true,true,false,"AI Overview, Thumbnail, People also ask",100,1,0.35,57,0,1,AI Overview,https://www.cruiseaway.com.au/singles-cruises,2026-04-28 12:42:58
cruises from singapore,AU,Australia,English,Singapore (Location),false,true,false,true,true,false,"Top ads, Paid sitelinks, People also ask, Bottom ads, Thumbnail, Video preview",900,2,0.48,56,0,3,,https://www.cruiseaway.com.au/cruises-from-singapore-to-australia,2026-04-29 03:20:35
christmas cruise,AU,Australia,English,Christmas (Event),false,false,false,true,true,false,"Thumbnail, Video preview",1000,0,0.36,56,0,7,,https://www.cruiseaway.com.au/christmas-cruises,2026-05-07 09:43:33
cruises from melbourne to new zealand,AU,Australia,English,"Melbourne (Location), New Zealand (Location)",false,true,false,true,true,false,"AI Overview, People also ask",150,0,0.41,56,0,1,,https://www.cruiseaway.com.au/cruises-from-melbourne-to-new-zealand,2026-04-13 12:16:02
single cruises australia,AU,Australia,English,Australia (Location),false,true,false,true,true,false,"People also ask, Sitelinks",150,0,0.33,56,0,1,,https://www.cruiseaway.com.au/singles-cruises,2026-04-11 09:58:03
cruise away australia,AU,Australia,English,Australia (Location),false,true,false,true,true,false,"Top ads, Sitelinks, Knowledge panel, People also ask, Discussions and forums, Video preview",150,2,,56,0,1,,https://www.cruiseaway.com.au/,2026-05-05 08:33:11
discount cruises,AU,Australia,English,,false,false,false,true,true,false,"People also ask, Discussions and forums",250,30,0.50,55,0,2,,https://www.cruiseaway.com.au/cheap-cruises,2026-05-02 05:13:52
last minute cruises,AU,Australia,English,,false,false,false,true,true,true,"Thumbnail, People also ask",3700,4,0.43,55,0,9,,https://www.cruiseaway.com.au/last-minute-cruises,2026-05-06 22:00:15
small cruise ship,AU,Australia,English,,false,false,false,true,true,false,"AI Overview, Thumbnail, People also ask, Discussions and forums",150,2,0.92,55,0,1,AI Overview,https://www.cruiseaway.com.au/small-ship-cruises,2026-04-22 06:00:53
cruise to new zealand from sydney,AU,Australia,English,"New Zealand (Location), Sydney (Location)",false,true,false,true,true,false,"AI Overview, People also ask, Thumbnail, Video preview",600,0,0.43,55,0,6,,https://www.cruiseaway.com.au/cruises-from-sydney-to-new-zealand,2026-05-01 12:11:02
cruise around australia from melbourne,AU,Australia,English,Melbourne (Location),false,true,false,true,true,false,"AI Overview, Thumbnail, People also ask, Video preview, Bottom ads, Paid sitelinks",150,1,0.30,55,0,1,AI Overview,https://www.cruiseaway.com.au/cruises/australia/melbourne,2026-04-22 05:28:29
cruise from perth to sydney,AU,Australia,English,"Perth (Location), Sydney (Location)",false,true,false,true,true,false,"AI Overview, Thumbnail, People also ask, Discussions and forums",150,0,0.28,54,0,1,AI Overview,https://www.cruiseaway.com.au/cruises-from-perth-fremantle-to-sydney,2026-04-26 03:53:17
bali cruises,AU,Australia,English,Bali (Location),false,true,false,true,true,false,"AI Overview, Local pack, People also ask, Discussions and forums",200,0,0.32,53,0,1,,https://www.cruiseaway.com.au/cruises/asia/bali,2026-05-09 07:45:08
last minute cruises from melbourne,AU,Australia,English,Melbourne (Location),false,true,false,true,true,true,,450,3,0.30,53,0,4,,https://www.cruiseaway.com.au/last-minute-cruises,2026-04-12 01:21:21
xmas cruises from sydney,AU,Australia,English,Sydney (Location),false,true,false,true,true,true,"AI Overview, People also ask",150,0,0.42,53,0,1,,https://www.cruiseaway.com.au/christmas-cruises-from-sydney-2026,2026-05-05 19:40:49
last minute cruises from sydney,AU,Australia,English,Sydney (Location),false,true,false,true,true,true,"Bottom ads, Paid sitelinks, Thumbnail",400,1,0.32,51,0,3,,https://www.cruiseaway.com.au/last-minute-cruises-from-sydney,2026-05-11 13:31:09
cruises in western australia,AU,Australia,English,Western Australia (Location),false,true,false,true,true,false,"AI Overview, Thumbnail, Local pack, People also ask",350,1,,51,0,1,AI Overview,https://www.cruiseaway.com.au/western-australia-cruises-from-perth-fremantle,2026-04-14 19:37:51
cruise from brisbane to new zealand,AU,Australia,English,"Brisbane (Location), New Zealand (Location)",false,true,false,true,true,false,"AI Overview, People also ask, Thumbnail",250,8,0.37,50,0,2,,https://www.cruiseaway.com.au/cruises-from-brisbane-to-new-zealand,2026-04-12 05:54:29
all inclusive cruises,AU,Australia,English,,false,false,false,true,true,false,"People also ask, AI Overview, Discussions and forums",200,29,0.39,50,0,1,,https://www.cruiseaway.com.au/all-inclusive,2026-05-04 18:18:57
4 day cruise from sydney,AU,Australia,English,Sydney (Location),false,true,false,true,true,false,"AI Overview, Video preview, Thumbnail",600,1,0.35,50,0,6,,https://www.cruiseaway.com.au/short-cruises,2026-04-30 18:54:02
cheap cruises from perth,AU,Australia,English,Perth (Location),false,true,false,true,true,false,Thumbnail,100,1,0.17,50,0,1,,https://www.cruiseaway.com.au/cruises/australia/perth,2026-04-22 08:05:34
cruising on small ships,AU,Australia,English,,false,false,false,true,true,false,"AI Overview, Thumbnail, Video preview, People also ask, Discussions and forums, Sitelinks",150,4,0.80,50,0,1,AI Overview,https://www.cruiseaway.com.au/small-ship-cruises,2026-04-29 20:43:17
cruises from melbourne,AU,Australia,English,Melbourne (Location),false,true,false,true,true,false,"People also ask, Thumbnail, Video preview",3800,0,0.23,49,0,11,,https://www.cruiseaway.com.au/cruises/australia/melbourne,2026-05-07 22:31:45
cruise from sydney to fiji,AU,Australia,English,"Sydney (Location), Fiji (Location)",false,true,false,true,true,false,"Top ads, Paid sitelinks, Thumbnail, AI Overview, People also ask, Discussions and forums, Bottom ads",150,0,0.37,49,5,1,,https://www.cruiseaway.com.au/cruises-from-sydney-to-fiji,2026-05-03 18:41:28
turkey cruises,AU,Australia,English,Turkey (Location),false,false,false,true,true,false,"Top ads, Paid sitelinks, Thumbnail, People also ask, Bottom ads",150,0,0.88,49,0,1,,https://www.cruiseaway.com.au/cruises-to-turkey,2026-04-21 17:03:56
cruise sydney to new zealand,AU,Australia,English,,false,true,false,true,true,false,"AI Overview, Thumbnail, People also ask, Discussions and forums, Video preview",600,0,0.47,49,0,1,AI Overview,https://www.cruiseaway.com.au/cruises-from-sydney-to-new-zealand,2026-05-06 07:24:44
new zealand cruises from melbourne,AU,Australia,English,"New Zealand (Location), Melbourne (Location)",false,true,false,true,true,false,"Top ads, Paid sitelinks, Thumbnail, AI Overview, People also ask, Bottom ads",250,0,0.36,49,0,1,,https://www.cruiseaway.com.au/cruises-from-melbourne-to-new-zealand,2026-04-23 21:44:11
christmas cruise from brisbane,AU,Australia,English,Brisbane (Location),false,true,false,true,true,false,"Top ads, Paid sitelinks, AI Overview, Thumbnail, People also ask",150,0,0.33,48,0,1,AI Overview,https://www.cruiseaway.com.au/christmas-cruises-from-brisbane,2026-05-05 09:43:12
cruise new zealand 2025,AU,Australia,English,New Zealand (Location),false,false,false,true,true,false,"AI Overview, Thumbnail, People also ask",150,0,0.42,48,0,1,AI Overview,https://www.cruiseaway.com.au/cruises/new-zealand,2026-04-12 13:00:54
cruises from brisbane 2025,AU,Australia,English,Brisbane (Location),false,true,false,true,true,false,"AI Overview, Thumbnail, People also ask",2400,1,0.35,48,0,12,,https://www.cruiseaway.com.au/cruises/australia/brisbane,2026-05-07 10:56:46
cheap cruise,AU,Australia,English,,false,false,false,true,true,false,,300,30,0.28,47,0,2,,https://www.cruiseaway.com.au/cheap-cruises,2026-05-09 00:37:08
cruise from sydney to perth,AU,Australia,English,"Sydney (Location), Perth (Location)",false,true,false,true,true,false,"AI Overview, Thumbnail, People also ask",150,0,0.33,47,0,1,AI Overview,https://www.cruiseaway.com.au/cruises-from-sydney-to-perth,2026-05-08 18:54:04
pacific cruises,AU,Australia,English,Pacific (Location),false,false,false,true,true,false,"Thumbnail, Video preview",500,0,0.30,46,0,4,,https://www.cruiseaway.com.au/cruises/pacific,2026-05-11 07:46:28
cruises from brisbane,AU,Australia,English,Brisbane (Location),false,true,false,true,true,false,"People also ask, Discussions and forums, Video preview",8800,0,0.33,46,0,9,,https://www.cruiseaway.com.au/cruises/australia/brisbane,2026-05-06 02:23:36
adult only cruises,AU,Australia,English,,false,false,false,true,true,false,"AI Overview, Thumbnail, Sitelinks, People also ask, Discussions and forums",300,3,0.40,46,0,3,,https://www.cruiseaway.com.au/cruises/adult-only-virgin-voyages,2026-04-14 11:30:25
fly to hawaii and cruise back to australia,AU,Australia,English,Hawaii (Location),false,false,false,true,true,false,"AI Overview, Thumbnail, People also ask, Discussions and forums",150,0,0.47,46,0,1,AI Overview,https://www.cruiseaway.com.au/hawaiian-shores-to-sydney,2026-05-05 11:45:56
cook islands cruise,AU,Australia,English,Cook Islands (Location),false,false,false,true,true,false,"AI Overview, People also ask, Discussions and forums",150,0,0.44,45,0,2,,https://www.cruiseaway.com.au/cruises/south-pacific/rarotonga,2026-05-11 09:20:27
cruise in january,AU,Australia,English,,false,false,false,true,true,false,,150,41,,45,0,1,,https://www.cruiseaway.com.au/january-cruises,2026-04-01 02:44:29
fly cruise packages,AU,Australia,English,,false,false,false,true,true,false,,100,6,0.63,45,0,1,,https://www.cruiseaway.com.au/fly-cruises,2026-04-19 11:53:51
cruise from singapore to australia,AU,Australia,English,"Singapore (Location), Australia (Location)",false,true,false,true,true,false,"AI Overview, Thumbnail, People also ask",100,0,0.45,45,0,1,AI Overview,https://www.cruiseaway.com.au/cruises-from-singapore-to-sydney,2026-04-27 13:23:10
cruise sales,AU,Australia,English,,false,false,false,true,true,true,"AI Overview, Thumbnail",600,21,0.49,45,0,9,,https://www.cruiseaway.com.au/cruise-sale-finder,2026-05-02 03:12:35
sydney to tasmania cruise,AU,Australia,English,,false,true,false,true,true,false,"People also ask, Thumbnail, Video preview",600,0,0.36,45,0,5,,https://www.cruiseaway.com.au/cruises-from-sydney-to-tasmania-2026,2026-04-26 09:49:22
cruises perth to sydney 2023,AU,Australia,English,,false,true,false,true,true,false,"Sitelinks, People also ask",100,0,0.43,45,0,1,,https://www.cruiseaway.com.au/cruises-from-perth-fremantle-to-sydney,2026-04-12 02:08:02
singles cruise sydney,AU,Australia,English,Sydney (Location),false,true,false,true,true,false,"People also ask, Discussions and forums",100,0,0.37,44,0,1,,https://www.cruiseaway.com.au/singles-cruises,2026-04-25 03:57:52
january cruises,AU,Australia,English,,false,false,false,true,true,false,,100,31,0.38,44,0,1,,https://www.cruiseaway.com.au/january-cruises,2026-05-01 03:49:11
cruise around australia,AU,Australia,English,Australia (Location),false,false,false,true,true,false,"AI Overview, Thumbnail, People also ask, Discussions and forums, Video preview",1100,12,0.36,44,0,1,AI Overview,https://www.cruiseaway.com.au/cruise-around-australia,2026-04-27 11:13:53
new zealand cruises from melbourne 2023,AU,Australia,English,Melbourne (Location),false,true,false,true,true,false,"Sitelinks, People also ask, Thumbnail",100,2,0.45,44,0,1,,https://www.cruiseaway.com.au/cruises-from-melbourne-to-new-zealand,2026-04-28 09:04:47
small ship cruise,AU,Australia,English,,false,false,false,true,true,false,"People also ask, Thumbnail",100,6,0.92,43,0,1,,https://www.cruiseaway.com.au/small-ship-cruises,2026-05-06 08:40:58
around australia cruise,AU,Australia,English,,false,false,false,true,true,false,"Top ads, Paid sitelinks, AI Overview, People also ask, Discussions and forums, Bottom ads, Thumbnail",500,0,0.36,43,84,4,,https://www.cruiseaway.com.au/cruises-around-australia-2027,2026-04-29 06:38:21
cruise ship perth,AU,Australia,English,Perth (Location),false,true,false,true,true,false,"Thumbnail, People also ask, Bottom ads, Paid sitelinks",100,1,0.28,42,0,1,,https://www.cruiseaway.com.au/cruises/australia/perth,2026-05-06 01:10:04
find a cruise,AU,Australia,English,,false,false,false,true,true,true,,450,71,0.46,42,0,4,,https://www.cruiseaway.com.au/cruise-sale-finder,2026-04-27 13:20:56
cruise melbourne to new zealand,AU,Australia,English,,false,true,false,true,true,false,"AI Overview, People also ask",90,0,0.36,42,0,1,,https://www.cruiseaway.com.au/cruises-from-melbourne-to-new-zealand,2026-04-17 01:06:27
cruises from newcastle nsw,AU,Australia,English,"Newcastle, NSW (Location)",false,true,false,true,true,false,"AI Overview, Thumbnail, People also ask",100,5,0.23,42,0,1,AI Overview,https://www.cruiseaway.com.au/cruises/australia/newcastle,2026-04-18 08:52:47
cheap last minute cruises,AU,Australia,English,,false,false,false,true,true,true,,200,6,0.37,42,0,4,,https://www.cruiseaway.com.au/last-minute-cruises,2026-04-13 03:00:28
singles cruises australia,AU,Australia,English,Australia (Location),false,true,false,true,true,false,"AI Overview, Thumbnail, Top ads, Paid sitelinks, People also ask, Bottom ads",150,0,0.27,42,11,1,AI Overview,https://www.cruiseaway.com.au/singles-cruises,2026-04-29 09:01:53
fly stay cruise packages 2023,AU,Australia,English,,false,false,false,true,true,true,"Sitelinks, Thumbnail, Bottom ads, Paid sitelinks",100,2,0.77,41,0,1,,https://www.cruiseaway.com.au/fly-cruises,2026-04-26 02:04:36
airlie beach cruise,AU,Australia,English,Airlie Beach (Location),false,true,false,true,true,false,"Thumbnail, Local pack, Discussions and forums, Video preview",600,1,0.49,41,0,7,,https://www.cruiseaway.com.au/cruises/australia/airlie-beach,2026-05-08 01:26:18
cruises in january 2025,AU,Australia,English,,false,false,false,true,true,false,"People also ask, Bottom ads, Paid sitelinks",100,28,0.34,40,0,1,,https://www.cruiseaway.com.au/january-cruises,2026-05-05 00:53:02
cruise singapore to australia,AU,Australia,English,,false,false,false,true,true,false,"Top ads, Paid sitelinks, AI Overview, Thumbnail, People also ask",100,0,0.32,40,3,1,AI Overview,https://www.cruiseaway.com.au/cruises-from-singapore-to-sydney,2026-05-08 09:26:27
europe cruise from australia,AU,Australia,English,,false,false,false,true,true,false,"AI Overview, Thumbnail, People also ask",100,0,0.38,39,0,1,AI Overview,https://www.cruiseaway.com.au/cruise-from-australia-to-europe,2026-05-08 21:58:17
cruise brisbane to sydney one way,AU,Australia,English,,false,true,false,true,true,false,"Top ads, Paid sitelinks, People also ask, Thumbnail",100,0,0.29,39,1,1,,https://www.cruiseaway.com.au/brisbane-to-sydney-cruises,2026-05-10 14:12:44
cruise packages from melbourne,AU,Australia,English,Melbourne (Location),false,true,false,true,true,false,Thumbnail,100,1,,39,0,1,,https://www.cruiseaway.com.au/cruises/australia/melbourne,2026-04-19 16:09:32
cruise ship australia to europe,AU,Australia,English,,false,false,false,true,true,false,"AI Overview, Thumbnail, People also ask, Bottom ads",100,0,0.26,38,0,1,AI Overview,https://www.cruiseaway.com.au/cruise-from-australia-to-europe,2026-05-05 12:22:33
fiji cruise from sydney,AU,Australia,English,Sydney (Location),false,true,false,true,true,false,"AI Overview, People also ask",250,0,0.30,38,0,2,,https://www.cruiseaway.com.au/cruises-from-sydney-to-fiji,2026-04-13 16:08:04
bali cruise packages,AU,Australia,English,Bali (Location),false,true,false,true,true,false,"AI Overview, Thumbnail, People also ask",150,0,0.46,38,0,1,AI Overview,https://www.cruiseaway.com.au/cruises/asia/bali,2026-04-30 07:44:10
short cruises,AU,Australia,English,,false,false,false,true,true,false,"People also ask, Thumbnail, Video preview",800,2,0.28,38,0,8,,https://www.cruiseaway.com.au/short-cruises,2026-04-30 21:14:04
new years cruise,AU,Australia,English,,false,false,false,true,true,false,People also ask,350,0,0.38,38,0,4,,https://www.cruiseaway.com.au/new-years-eve-cruises,2026-05-04 03:03:02
western australia cruise,AU,Australia,English,Western Australia (Location),false,true,false,true,true,false,,100,1,0.64,38,0,1,,https://www.cruiseaway.com.au/western-australia-cruises-from-perth-fremantle,2026-04-22 03:47:17
last minute cruise deals,AU,Australia,English,,false,false,false,true,true,true,"People also ask, Bottom ads, Thumbnail",1300,4,0.36,38,0,9,,https://www.cruiseaway.com.au/last-minute-cruises,2026-05-04 13:24:55
new zealand cruises from sydney,AU,Australia,English,"New Zealand (Location), Sydney (Location)",false,true,false,true,true,false,"Thumbnail, People also ask",400,1,0.43,37,0,5,,https://www.cruiseaway.com.au/cruises-from-sydney-to-new-zealand,2026-04-25 17:27:21
all inclusive cruise,AU,Australia,English,,false,false,false,true,true,false,"Thumbnail, People also ask, Discussions and forums, Bottom ads, Paid sitelinks",100,27,0.39,37,0,1,,https://www.cruiseaway.com.au/all-inclusive,2026-04-17 08:06:03
cruise sydney to perth 2024,AU,Australia,English,,false,true,false,true,true,false,"AI Overview, Sitelinks, Thumbnail, People also ask",100,0,0.49,37,0,1,,https://www.cruiseaway.com.au/cruises-from-sydney-to-perth,2026-04-12 06:25:47
cruise around iceland,AU,Australia,English,Iceland (Location),false,false,false,true,true,false,"Top ads, Paid sitelinks, AI Overview, Thumbnail, People also ask",100,0,1.18,37,0,1,AI Overview,https://www.cruiseaway.com.au/cruises-iceland,2026-05-09 16:37:08
cruise sydney to perth,AU,Australia,English,,false,true,false,true,true,false,"People also ask, Thumbnail",100,0,0.41,37,0,1,,https://www.cruiseaway.com.au/cruises-from-sydney-to-perth,2026-05-10 20:34:14
single cruises,AU,Australia,English,,false,false,false,true,true,false,"People also ask, Discussions and forums, Video preview",150,1,0.28,37,0,1,,https://www.cruiseaway.com.au/singles-cruises,2026-05-09 02:23:29
new years cruise from brisbane,AU,Australia,English,Brisbane (Location),false,true,false,true,true,false,"Top ads, Paid sitelinks, Thumbnail",100,0,0.42,37,0,1,,https://www.cruiseaway.com.au/new-years-eve-cruises,2026-04-26 10:46:03
cheapest cruise,AU,Australia,English,,false,false,false,true,true,false,"AI Overview, People also ask, Video preview",100,22,1.44,37,0,1,,https://www.cruiseaway.com.au/cheap-cruises,2026-05-11 11:51:25
asia cruises,AU,Australia,English,Asia (Location),false,false,false,true,true,false,"Discussions and forums, Video preview",700,0,0.41,36,0,8,,https://www.cruiseaway.com.au/celebrity-award-winning-asia-cruises,2026-05-02 19:25:21
mediterranean cruises 2025,AU,Australia,English,,false,false,false,true,true,false,"AI Overview, Thumbnail, People also ask",300,5,0.57,36,0,4,,https://www.cruiseaway.com.au/mediterranean-cruises-2026,2026-04-21 02:43:43
october cruises,AU,Australia,English,,false,false,false,true,true,false,"Top ads, Paid sitelinks, People also ask, Discussions and forums",100,4,0.49,36,0,1,,https://www.cruiseaway.com.au/october-cruises,2026-04-29 03:15:33
new zealand cruises from melbourne 2024,AU,Australia,English,Melbourne (Location),false,true,false,true,true,false,"People also ask, Sitelinks",100,0,0.46,36,0,1,,https://www.cruiseaway.com.au/cruises-from-melbourne-to-new-zealand,2026-04-16 14:40:53
fiji cruise,AU,Australia,English,Fiji (Location),false,true,false,true,true,false,Video preview,800,1,0.25,36,0,8,,https://www.cruiseaway.com.au/cruises-from-sydney-to-fiji,2026-05-11 01:31:46
cheap cruises to alaska,AU,Australia,English,Alaska (Location),false,true,false,true,true,false,"People also ask, Bottom ads, Paid sitelinks",150,1,0.98,36,0,1,,https://www.cruiseaway.com.au/cruises/alaska-cruise,2026-04-21 23:15:53
cruise cheap,AU,Australia,English,,false,false,false,true,true,false,Video preview,80,12,0.28,36,0,1,,https://www.cruiseaway.com.au/cheap-cruises,2026-05-05 17:12:30
sydney to fiji,AU,Australia,English,"Sydney (Location), Fiji (Location)",false,true,false,true,true,false,"People also ask, Thumbnail, Video preview",4100,0,0.25,36,0,12,,https://www.cruiseaway.com.au/cruises-from-sydney-to-fiji,2026-05-07 11:14:51
best cruise from sydney to new zealand,AU,Australia,English,"Sydney (Location), New Zealand (Location)",false,true,false,true,true,false,"AI Overview, Thumbnail, Top ads, Paid sitelinks, People also ask, Sitelinks, Bottom ads",100,0,0.45,36,0,1,AI Overview,https://www.cruiseaway.com.au/cruises-from-sydney-to-new-zealand,2026-04-30 22:55:02
south pacific cruises from sydney,AU,Australia,English,Sydney (Location),false,true,false,true,true,false,"AI Overview, Thumbnail, People also ask",500,0,0.48,35,0,6,,https://www.cruiseaway.com.au/cruises-from-sydney-to-south-pacific,2026-04-15 22:54:07
cruises for singles over 60,AU,Australia,English,,false,false,false,true,true,false,"AI Overview, Thumbnail, Top ads, Paid sitelinks, People also ask, Sitelinks, Video preview, Bottom ads",100,1,0.58,35,1,1,AI Overview,https://www.cruiseaway.com.au/singles-cruises,2026-04-23 23:05:05
cruise from brisbane to sydney,AU,Australia,English,"Brisbane (Location), Sydney (Location)",false,true,false,true,true,false,"AI Overview, Thumbnail, People also ask",100,8,0.32,34,0,1,AI Overview,https://www.cruiseaway.com.au/brisbane-to-sydney-cruises,2026-04-19 04:36:46
cruise to broome,AU,Australia,English,Broome (Location),false,true,false,true,true,false,"AI Overview, People also ask",100,0,0.59,34,0,1,,https://www.cruiseaway.com.au/cruises/australia/broome,2026-04-10 11:47:17
brisbane cruises,AU,Australia,English,Brisbane (Location),false,true,false,true,true,false,"Local pack, Discussions and forums, Thumbnail, Video preview",2300,0,0.33,34,0,13,,https://www.cruiseaway.com.au/cruises/australia/brisbane,2026-05-06 08:32:29
cruises to istanbul,AU,Australia,English,Istanbul (Location),false,true,false,true,true,false,"AI Overview, People also ask",200,0,,34,0,2,,https://www.cruiseaway.com.au/cruises/istanbul,2026-05-08 03:40:09
short cruises australia,AU,Australia,English,Australia (Location),false,true,false,true,true,false,Thumbnail,300,3,0.41,34,0,4,,https://www.cruiseaway.com.au/short-cruises,2026-04-10 21:30:51
sydney to brisbane cruise,AU,Australia,English,Sydney to Brisbane (Location),false,true,false,true,true,false,"AI Overview, Thumbnail",300,0,0.32,34,0,6,,https://www.cruiseaway.com.au/brisbane-to-sydney-cruises,2026-04-21 02:40:59
all-inclusive cruises,AU,Australia,English,,false,false,false,true,true,false,People also ask,90,37,0.51,34,0,1,,https://www.cruiseaway.com.au/all-inclusive,2026-04-27 23:28:29
september cruises,AU,Australia,English,,false,false,false,true,true,false,"Top ads, Paid sitelinks, AI Overview, Thumbnail, People also ask",90,0,0.46,34,1,2,,https://www.cruiseaway.com.au/september-cruises,2026-04-17 02:36:27
cruises for singles over 50 australia,AU,Australia,English,Australia (Location),false,true,false,true,true,false,"AI Overview, People also ask, Discussions and forums",90,1,,33,0,2,,https://www.cruiseaway.com.au/singles-cruises,2026-05-07 11:19:10
cruise to moreton island,AU,Australia,English,Moreton Island (Location),false,true,false,true,true,false,"Thumbnail, Top stories, People also ask, Discussions and forums, Video preview",200,2,0.36,33,0,2,,https://www.cruiseaway.com.au/cruises/moreton-island,2026-04-18 19:16:14
cruise booking,AU,Australia,English,,false,false,false,false,true,true,,450,72,0.50,33,0,9,,https://www.cruiseaway.com.au/cheap-cruises,2026-05-05 17:08:00
iceland cruise,AU,Australia,English,Iceland (Location),false,false,false,true,true,false,"AI Overview, Thumbnail, People also ask",200,0,0.73,33,0,1,AI Overview,https://www.cruiseaway.com.au/cruises-iceland,2026-04-13 03:11:25
cruise sydney to fiji,AU,Australia,English,,false,true,false,true,true,false,,70,0,0.37,33,0,1,,https://www.cruiseaway.com.au/cruises-from-sydney-to-fiji,2026-04-16 09:35:41
cruise booking melbourne,AU,Australia,English,Melbourne (Location),false,true,false,false,true,true,"Thumbnail, Local pack, Bottom ads, Paid sitelinks",90,42,0.59,33,3,1,,https://www.cruiseaway.com.au/cruises/australia/melbourne,2026-04-27 07:10:45
cruises to montreal,AU,Australia,English,Montreal (Location),false,true,false,true,true,false,"Top ads, People also ask, Thumbnail, Discussions and forums",150,0,0.56,32,0,1,,https://www.cruiseaway.com.au/cruises/north-america/montreal,2026-05-08 10:21:39
fly and cruise deals,AU,Australia,English,,false,false,false,true,true,false,People also ask,70,5,0.56,32,0,1,,https://www.cruiseaway.com.au/fly-cruises,2026-04-27 06:40:28
cruise deals perth,AU,Australia,English,Perth (Location),false,true,false,true,true,false,AI Overview,90,1,0.32,32,0,1,,https://www.cruiseaway.com.au/cruises/australia/perth,2026-04-24 02:17:24
new years eve cruise,AU,Australia,English,New Year's Eve (Event),false,false,false,true,true,false,People also ask,250,0,0.46,32,0,4,,https://www.cruiseaway.com.au/new-years-eve-cruises,2026-05-04 01:23:27
panama canal cruise deals,AU,Australia,English,Panama Canal (Location),false,false,false,true,true,true,"Thumbnail, People also ask",200,0,,31,0,2,,https://www.cruiseaway.com.au/cruises/caribbean/panama-canal,2026-04-28 12:53:12
cruises in march,AU,Australia,English,,false,false,false,true,true,false,People also ask,90,3,0.45,31,0,1,,https://www.cruiseaway.com.au/march-cruises,2026-04-10 18:18:56
cruises in december,AU,Australia,English,,false,false,false,true,true,false,AI Overview,90,0,0.40,31,0,1,,https://www.cruiseaway.com.au/december-cruises,2026-04-27 10:42:02
cruise western australia,AU,Australia,English,Western Australia (Location),false,true,false,true,true,false,"AI Overview, Thumbnail",90,0,0.43,31,0,2,,https://www.cruiseaway.com.au/western-australia-cruises-from-perth-fremantle,2026-04-23 23:30:29
july cruises from sydney,AU,Australia,English,Sydney (Location),false,true,false,true,true,false,"Top ads, Paid sitelinks, AI Overview, Thumbnail, People also ask",90,4,0.45,31,0,1,AI Overview,https://www.cruiseaway.com.au/cruises-from-sydney-july-2026,2026-04-30 13:20:02
cruises to fiji,AU,Australia,English,Fiji (Location),false,false,false,true,true,false,People also ask,400,0,0.28,31,0,4,,https://www.cruiseaway.com.au/cruises-from-sydney-to-fiji,2026-05-01 03:55:28
fly cruise packages 2025,AU,Australia,English,,false,false,false,true,true,false,"Thumbnail, People also ask, Bottom ads",90,6,0.49,31,0,1,,https://www.cruiseaway.com.au/fly-cruises,2026-04-27 06:55:54
sydney to perth cruise,AU,Australia,English,Sydney to Perth (Location),false,true,false,true,true,false,"Thumbnail, AI Overview",80,0,0.22,30,0,1,,https://www.cruiseaway.com.au/cruises-from-sydney-to-perth,2026-05-06 12:28:04
3 day cruise from melbourne,AU,Australia,English,Melbourne (Location),false,true,false,true,true,false,"AI Overview, People also ask, Thumbnail, Video preview",250,0,0.20,30,0,4,,https://www.cruiseaway.com.au/3-day-cruises-from-melbourne,2026-05-02 23:47:19
small ship,AU,Australia,English,,false,false,false,true,false,false,People also ask,80,1,,30,0,1,,https://www.cruiseaway.com.au/small-ship-cruises,2026-04-23 06:38:13
central america cruise deals,AU,Australia,English,Central America (Location),false,false,false,true,true,false,,80,0,,29,0,1,,https://www.cruiseaway.com.au/cruises/central-america,2026-04-23 04:15:02
bali cruise,AU,Australia,English,Bali (Location),false,true,false,true,true,false,"AI Overview, Thumbnail, Local pack, People also ask",250,0,0.32,29,0,1,AI Overview,https://www.cruiseaway.com.au/cruises/asia/bali,2026-04-13 10:21:10
small cruises,AU,Australia,English,,false,false,false,true,true,false,"AI Overview, People also ask, Bottom ads",200,20,0.59,29,0,3,,https://www.cruiseaway.com.au/small-ship-cruises,2026-05-10 08:32:41
cruise brisbane to hawaii,AU,Australia,English,"Brisbane (Location), Hawaii (Location)",false,true,false,true,true,false,"AI Overview, People also ask",80,0,0.28,29,0,1,,https://www.cruiseaway.com.au/cruises-from-brisbane-to-hawaii,2026-04-15 15:31:44
new zealand cruises 2025,AU,Australia,English,New Zealand (Location),false,false,false,true,true,false,"AI Overview, People also ask, Discussions and forums",80,0,,29,0,2,,https://www.cruiseaway.com.au/cruises/new-zealand,2026-05-03 07:55:25
august cruises,AU,Australia,English,,false,false,false,true,true,false,AI Overview,80,21,0.46,29,0,1,,https://www.cruiseaway.com.au/august-cruises,2026-04-23 20:35:17
last minute cruises to greece,AU,Australia,English,Greece (Location),false,false,false,true,true,true,People also ask,80,0,,28,0,1,,https://www.cruiseaway.com.au/cruises-to-greece,2026-05-05 21:08:29
lisbon cruise deals,AU,Australia,English,Lisbon (Location),false,true,false,true,true,true,People also ask,80,0,,28,0,1,,https://www.cruiseaway.com.au/cruises/lisbon,2026-04-25 14:13:05
cruises from singapore to sydney,AU,Australia,English,"Singapore (Location), Sydney (Location)",false,true,false,true,true,false,"AI Overview, Thumbnail, People also ask, Video preview",70,0,,28,0,1,AI Overview,https://www.cruiseaway.com.au/cruises-from-singapore-to-sydney,2026-04-17 12:31:28
australian cruises from sydney,AU,Australia,English,Sydney (Location),false,true,false,true,true,false,"Thumbnail, People also ask, Video preview",200,4,0.60,28,0,2,,https://www.cruiseaway.com.au/cruises/australia/sydney,2026-02-14 13:02:27
cruise sydney new zealand,AU,Australia,English,"Sydney (Location), New Zealand (Location)",false,true,false,true,true,false,"AI Overview, Discussions and forums",200,0,1.11,28,0,2,,https://www.cruiseaway.com.au/cruises-from-sydney-to-new-zealand,2026-05-11 11:08:58
cruises to hong kong,AU,Australia,English,Hong Kong (Location),false,true,false,true,true,false,"AI Overview, People also ask, Video preview",200,0,0.51,28,0,2,,https://www.cruiseaway.com.au/cruises/asia/hong-kong,2026-05-03 10:43:27
solo cruises from sydney,AU,Australia,English,Sydney (Location),false,true,false,true,true,false,"AI Overview, Thumbnail, Video preview, Top ads, Paid sitelinks, People also ask, Sitelinks, Bottom ads",80,0,,28,0,1,AI Overview,https://www.cruiseaway.com.au/singles-cruises,2026-04-22 20:39:47
celebrity,AU,Australia,English,,false,false,false,true,false,false,"Sitelinks, People also ask, Thumbnail, Video preview",6900,53,0.63,28,0,9,,https://www.cruiseaway.com.au/cruiseline/celebrity-cruises,2026-05-08 04:51:02
british isles cruise,AU,Australia,English,British Isles (Location),false,false,false,true,true,false,"People also ask, Discussions and forums",600,0,0.65,28,0,7,,https://www.cruiseaway.com.au/cruises/british-isles,2026-05-04 01:15:42
cruise to greece from australia,AU,Australia,English,"Greece (Location), Australia (Location)",false,false,false,true,true,false,"AI Overview, Thumbnail, People also ask",150,0,,28,0,1,AI Overview,https://www.cruiseaway.com.au/cruises-to-greece,2026-04-27 18:34:11
cruises to new zealand from brisbane,AU,Australia,English,"New Zealand (Location), Brisbane (Location)",false,true,false,true,true,false,"AI Overview, People also ask",250,0,0.33,28,0,4,,https://www.cruiseaway.com.au/cruises-from-brisbane-to-new-zealand,2026-05-04 02:09:15
last minute jacksonville cruises,AU,Australia,English,Jacksonville (Location),false,true,false,true,true,true,"People also ask, Thumbnail, Bottom ads, Paid sitelinks",80,0,,28,0,1,,https://www.cruiseaway.com.au/cruises/jacksonville,2026-04-24 00:39:28
cruise for singles,AU,Australia,English,,false,false,false,true,true,false,"AI Overview, People also ask, Knowledge panel, Discussions and forums, Video preview",80,0,0.36,28,0,2,,https://www.cruiseaway.com.au/singles-cruises,2026-04-16 22:16:12
river cruise deals,AU,Australia,English,,false,false,false,true,true,false,,80,4,0.80,28,0,1,,https://www.cruiseaway.com.au/river-cruises,2026-04-11 19:55:27
cheap european river cruises,AU,Australia,English,,false,false,false,true,true,false,"AI Overview, Thumbnail, People also ask",80,3,0.79,28,0,1,AI Overview,https://www.cruiseaway.com.au/cruises/european-river,2026-04-15 06:14:29
solo cruises from brisbane,AU,Australia,English,Brisbane (Location),false,true,false,true,true,false,"AI Overview, Thumbnail, Sitelinks, People also ask",80,0,0.37,28,0,2,,https://www.cruiseaway.com.au/singles-cruises,2026-05-01 00:53:18
cruise perth to sydney,AU,Australia,English,,false,true,false,true,true,false,People also ask,80,0,0.21,28,0,1,,https://www.cruiseaway.com.au/cruises-from-perth-fremantle-to-sydney,2026-05-11 09:18:18
papeete cruise deals,AU,Australia,English,Papeete (Location),false,true,false,true,true,false,,80,0,,28,0,1,,https://www.cruiseaway.com.au/cruises/south-pacific/papeete-tahiti,2026-04-22 11:50:47
new zealand cruise 2025,AU,Australia,English,New Zealand (Location),false,false,false,true,true,false,"Thumbnail, People also ask",80,1,0.41,28,0,1,,https://www.cruiseaway.com.au/cruises/new-zealand,2026-04-30 07:22:17
last minute cruises from australia,AU,Australia,English,,false,false,false,true,true,true,"Thumbnail, People also ask",200,3,0.42,28,0,4,,https://www.cruiseaway.com.au/last-minute-cruises,2026-04-30 18:15:18
cruises to new zealand from sydney,AU,Australia,English,"New Zealand (Location), Sydney (Location)",false,true,false,true,true,false,"AI Overview, People also ask, Thumbnail, Video preview",500,0,0.43,27,0,8,,https://www.cruiseaway.com.au/cruises-from-sydney-to-new-zealand,2026-05-07 05:08:34
pacific cruises from sydney,AU,Australia,English,Sydney (Location),false,true,false,true,true,false,"AI Overview, People also ask",200,4,0.39,27,0,1,AI Overview,https://www.cruiseaway.com.au/cruises-from-sydney-to-south-pacific,2026-05-01 07:58:41
nice cruise deals,AU,Australia,English,,false,false,false,true,true,false,,80,44,,27,0,1,,https://www.cruiseaway.com.au/cruises/nice,2026-05-01 01:27:48
cruise to new zealand from brisbane,AU,Australia,English,"New Zealand (Location), Brisbane (Location)",false,true,false,true,true,false,"AI Overview, People also ask",250,0,0.33,27,0,6,,https://www.cruiseaway.com.au/cruises-from-brisbane-to-new-zealand,2026-05-01 22:58:15
cruises from sydney to hawaii,AU,Australia,English,"Sydney (Location), Hawaii (Location)",false,true,false,true,true,false,"AI Overview, Thumbnail, Discussions and forums",250,0,0.40,27,0,1,AI Overview,https://www.cruiseaway.com.au/cruises-from-sydney-to-hawaii-2027,2026-04-24 21:58:00
cruises to dubrovnik,AU,Australia,English,Dubrovnik (Location),false,true,false,true,true,false,"AI Overview, People also ask",150,0,0.84,27,0,3,,https://www.cruiseaway.com.au/cruises/dubrovnik,2026-05-06 09:39:34
northern europe cruise deals,AU,Australia,English,Northern Europe (Location),false,false,false,true,true,false,"Top ads, Thumbnail, Bottom ads",70,1,1.16,27,0,1,,https://www.cruiseaway.com.au/cruises/northern-europe,2026-04-16 21:07:02
cruise deals from santiago,AU,Australia,English,Santiago (Location),false,true,false,true,true,false,"AI Overview, People also ask",200,0,,27,0,3,,https://www.cruiseaway.com.au/cruises/santiago-de-chile,2026-05-10 09:14:30
kangaroo island cruise,AU,Australia,English,Kangaroo Island (Location),false,false,false,true,true,false,"Top ads, Discussions and forums",200,0,0.33,27,0,2,,https://www.cruiseaway.com.au/cruises/australia/kangaroo-island,2026-04-29 06:08:55
cruises from sydney to fiji,AU,Australia,English,"Sydney (Location), Fiji (Location)",false,true,false,true,true,false,"AI Overview, People also ask",200,0,0.37,27,0,2,,https://www.cruiseaway.com.au/cruises-from-sydney-to-fiji,2026-05-10 01:36:44
brisbane to hawaii cruise,AU,Australia,English,"Brisbane (Location), Hawaii (Location)",false,true,false,true,true,false,"AI Overview, Thumbnail, People also ask, Bottom ads, Paid sitelinks",100,0,0.28,27,0,1,AI Overview,https://www.cruiseaway.com.au/cruises-from-brisbane-to-hawaii,2026-05-11 14:40:47
cruises in april,AU,Australia,English,,false,false,false,true,true,false,"Thumbnail, Bottom ads, Paid sitelinks",70,10,0.45,26,0,1,,https://www.cruiseaway.com.au/april-cruises,2026-05-07 17:56:34
river cruises,AU,Australia,English,,false,false,false,true,true,false,"People also ask, Thumbnail, Video preview, Image pack",1600,40,0.68,26,0,10,,https://www.cruiseaway.com.au/river-cruises,2026-05-11 01:03:44
cruise brisbane,AU,Australia,English,Brisbane (Location),false,true,false,true,true,false,"Thumbnail, Discussions and forums, Video preview",1800,4,0.33,26,0,13,,https://www.cruiseaway.com.au/cruises/australia/brisbane,2026-04-25 20:29:22
cruises to fiji from sydney,AU,Australia,English,"Fiji (Location), Sydney (Location)",false,true,false,true,true,false,"Thumbnail, AI Overview",150,0,0.30,26,0,2,,https://www.cruiseaway.com.au/cruises-from-sydney-to-fiji,2026-04-21 07:03:59
cruise republic,AU,Australia,English,,false,false,false,true,true,false,"Knowledge panel, Sitelinks",100,54,0.61,26,0,2,,https://www.cruiseaway.com.au/,2026-04-11 01:43:53
singles cruises from brisbane,AU,Australia,English,Brisbane (Location),false,true,false,true,true,false,"People also ask, Thumbnail",70,1,,26,0,1,,https://www.cruiseaway.com.au/singles-cruises,2026-04-18 02:13:57
cruises western australia,AU,Australia,English,Western Australia (Location),false,true,false,true,true,false,"Thumbnail, AI Overview, People also ask, Discussions and forums",70,1,0.64,26,0,1,,https://www.cruiseaway.com.au/western-australia-cruises-from-perth-fremantle,2026-05-03 11:06:47
solo cruises,AU,Australia,English,,false,false,false,true,true,false,"People also ask, Discussions and forums, Bottom ads, Paid sitelinks",250,2,0.50,26,0,4,,https://www.cruiseaway.com.au/singles-cruises,2026-04-29 01:39:55
cruises 2026 australia,AU,Australia,English,Australia (Location),false,false,false,true,true,false,,150,8,,26,0,2,,https://www.cruiseaway.com.au/cruises/australia,2026-05-02 01:09:38
cruises to fiji from australia,AU,Australia,English,Fiji (Location),false,false,false,true,true,false,"AI Overview, People also ask",60,0,0.22,26,0,1,,https://www.cruiseaway.com.au/cruises-to-fiji,2026-05-02 09:28:54
iceland cruises 2025,AU,Australia,English,Iceland (Location),false,false,false,true,true,false,"Thumbnail, People also ask",200,0,0.79,26,0,2,,https://www.cruiseaway.com.au/cruises-iceland,2026-04-13 11:56:17
cruise december,AU,Australia,English,,false,false,false,true,true,false,"Top ads, Thumbnail, Bottom ads, Paid sitelinks",150,8,0.40,26,3,2,,https://www.cruiseaway.com.au/december-cruises,2026-05-03 11:19:27
singles cruises over 50 australia,AU,Australia,English,Australia (Location),false,true,false,true,true,false,"AI Overview, Thumbnail, People also ask, Sitelinks, Bottom ads, Paid sitelinks",70,1,0.42,25,0,1,AI Overview,https://www.cruiseaway.com.au/singles-cruises,2026-04-23 12:38:39
europe river cruise deals,AU,Australia,English,Europe (Location),false,false,false,true,true,false,"Top ads, Paid sitelinks, AI Overview, Thumbnail, People also ask",100,1,1.06,25,0,4,,https://www.cruiseaway.com.au/cruises/european-river,2026-05-06 01:47:53
28 day cruise around australia 2025,AU,Australia,English,,false,false,false,true,true,false,"AI Overview, Sitelinks, People also ask, Video preview",200,0,0.47,25,0,3,,https://www.cruiseaway.com.au/28-day-cruise-around-australia,2026-04-12 04:52:23
book cruise,AU,Australia,English,,false,false,false,false,true,true,"Bottom ads, Paid sitelinks",250,67,0.50,25,0,4,,https://www.cruiseaway.com.au/,2026-04-12 02:29:33
fremantle to bali cruise,AU,Australia,English,"Fremantle (Location), Bali (Location)",false,true,false,true,true,false,"AI Overview, People also ask",70,0,0.30,25,0,2,,https://www.cruiseaway.com.au/cruises-from-perth-fremantle-to-bali,2026-05-02 02:46:26
celebrity australia,AU,Australia,English,Australia (Location),false,true,false,true,true,false,"Sitelinks, People also ask",300,1,0.86,25,0,2,,https://www.cruiseaway.com.au/cruiseline/celebrity-cruises,2026-04-12 22:50:09
3 day cruise australia,AU,Australia,English,Australia (Location),false,true,false,true,true,false,"Top ads, Thumbnail, People also ask",150,3,0.31,25,0,2,,https://www.cruiseaway.com.au/short-cruises,2026-04-23 08:06:28
fiji cruises,AU,Australia,English,Fiji (Location),false,true,false,true,true,false,"Local pack, Thumbnail, Discussions and forums, Video preview",500,0,0.25,24,0,9,,https://www.cruiseaway.com.au/cruises-from-sydney-to-fiji,2026-04-25 21:02:27
cruise from sydney to japan,AU,Australia,English,"Sydney (Location), Japan (Location)",false,true,false,true,true,false,"Thumbnail, People also ask, Discussions and forums, Bottom ads",150,0,0.46,24,0,2,,https://www.cruiseaway.com.au/cruise/ultimate-autumn-in-japan-18297062,2026-04-26 07:57:04
cruises from perth 2025,AU,Australia,English,,false,true,false,true,true,true,"AI Overview, Bottom ads, Paid sitelinks",150,1,0.23,24,5,3,,https://www.cruiseaway.com.au/cruises/australia/perth,2026-05-04 21:35:08
short cruises from brisbane,AU,Australia,English,Brisbane (Location),false,true,false,true,true,false,"Top ads, AI Overview, Thumbnail, Video preview",800,0,0.27,24,0,7,,https://www.cruiseaway.com.au/short-cruises,2026-04-29 12:49:10
last minute cruises departing sydney,AU,Australia,English,Sydney (Location),false,true,false,true,true,true,"AI Overview, Thumbnail",200,2,0.29,24,0,4,,https://www.cruiseaway.com.au/last-minute-cruises-from-sydney,2026-04-17 13:55:49
river cruise sale,AU,Australia,English,,false,false,false,true,true,true,,150,1,0.48,24,0,2,,https://www.cruiseaway.com.au/river-cruises,2026-04-22 17:00:52
cruise to greece,AU,Australia,English,Greece (Location),false,false,false,true,true,false,"Thumbnail, People also ask, Discussions and forums",150,0,0.89,24,0,2,,https://www.cruiseaway.com.au/cruises-to-greece,2026-05-06 12:52:08
milford sound cruise deals,AU,Australia,English,Milford Sound (Location),false,true,false,true,true,true,"AI Overview, Thumbnail, People also ask",150,27,0.98,23,0,4,,https://www.cruiseaway.com.au/cruises/new-zealand/milford-sound,2026-04-21 14:48:27
cruises from melbourne to fiji,AU,Australia,English,"Melbourne (Location), Fiji (Location)",false,true,false,true,true,false,People also ask,50,0,0.20,23,0,1,,https://www.cruiseaway.com.au/cruises-to-fiji,2026-04-17 14:38:57
cruise to perth,AU,Australia,English,Perth (Location),false,true,false,true,true,false,"AI Overview, People also ask",60,0,,23,0,1,,https://www.cruiseaway.com.au/cruises-from-sydney-to-perth,2026-04-25 17:17:27
cruise ships perth,AU,Australia,English,Perth (Location),false,true,false,true,true,false,"Thumbnail, People also ask",60,1,0.11,23,0,1,,https://www.cruiseaway.com.au/cruises/australia/perth,2026-05-03 00:00:13
great barrier reef cruise,AU,Australia,English,Great Barrier Reef (Location),false,false,false,true,true,true,"Discussions and forums, People also ask, Thumbnail, Video preview",900,31,0.56,23,0,10,,https://www.cruiseaway.com.au/cruises/australia/great-barrier-reef,2026-05-02 11:26:14
cheap river cruises europe,AU,Australia,English,Europe (Location),false,false,false,true,true,false,People also ask,150,6,0.90,23,0,2,,https://www.cruiseaway.com.au/river-cruises,2026-04-14 06:14:42
cruises departing perth,AU,Australia,English,Perth (Location),false,true,false,true,true,false,"Thumbnail, People also ask",150,0,,23,0,2,,https://www.cruiseaway.com.au/cruises/australia/perth,2026-04-27 17:59:59
2026 cruises from sydney,AU,Australia,English,Sydney (Location),false,true,false,true,true,false,Thumbnail,500,4,0.41,23,0,7,,https://www.cruiseaway.com.au/princess-cruises-australia-2026-2027-season-launch,2026-04-16 05:52:06
cruise sydney to new zealand 2023,AU,Australia,English,,false,true,false,true,true,false,"People also ask, Sitelinks",150,1,0.45,23,0,2,,https://www.cruiseaway.com.au/cruises-from-sydney-to-new-zealand,2026-04-21 19:08:02
all inclusive cruise packages,AU,Australia,English,,false,false,false,true,true,false,"AI Overview, Thumbnail, Top ads, Paid sitelinks, Discussions and forums, Bottom ads",60,22,0.51,23,0,1,AI Overview,https://www.cruiseaway.com.au/all-inclusive,2026-05-05 18:21:29
cruise april,AU,Australia,English,,false,false,false,true,true,false,,60,44,0.45,23,0,1,,https://www.cruiseaway.com.au/april-cruises,2026-05-08 03:27:18
solo cruising,AU,Australia,English,,false,false,false,true,true,false,"AI Overview, Thumbnail, Discussions and forums, People also ask, Sitelinks",60,2,0.60,23,0,2,,https://www.cruiseaway.com.au/singles-cruises,2026-04-27 11:19:02
cruise from sydney,AU,Australia,English,Sydney (Location),false,true,false,true,true,false,"Thumbnail, Video preview",5100,5,0.32,23,0,19,,https://www.cruiseaway.com.au/cruises/australia/sydney,2026-05-09 23:41:51
cruise to cook islands from australia,AU,Australia,English,Cook Islands (Location),false,false,false,true,true,false,"AI Overview, Thumbnail, People also ask",150,0,0.50,23,0,1,AI Overview,https://www.cruiseaway.com.au/cruises/south-pacific/rarotonga,2026-04-18 02:26:47
cruise january,AU,Australia,English,,false,false,false,true,true,false,"Top ads, Paid sitelinks, Thumbnail, Sitelinks",60,22,0.44,23,0,1,,https://www.cruiseaway.com.au/january-cruises,2026-04-19 08:40:52
adults only cruise,AU,Australia,English,,false,false,false,true,true,false,"People also ask, Discussions and forums",200,3,0.31,22,0,3,,https://www.cruiseaway.com.au/cruises/adult-only-virgin-voyages,2026-05-06 22:27:02
hawaii to australia cruise 2023,AU,Australia,English,,false,false,false,true,true,false,"Sitelinks, People also ask, Bottom ads, Paid sitelinks",150,0,0.48,22,0,2,,https://www.cruiseaway.com.au/honolulu-to-sydney-cruise,2026-04-30 07:39:28
cruise booking sites,AU,Australia,English,,false,false,false,true,true,true,Discussions and forums,150,71,0.61,22,0,2,,https://www.cruiseaway.com.au/,2026-05-06 10:30:41
repositioning cruises from australia,AU,Australia,English,Australia (Location),false,false,false,true,true,false,"AI Overview, People also ask, Bottom ads, Paid sitelinks, Thumbnail, Video preview, Image pack",600,0,0.16,22,0,8,,https://www.cruiseaway.com.au/travelzoo-exclusive-carnival-repositioning-specials,2026-05-09 14:18:36
small cruise ships,AU,Australia,English,,false,false,false,true,true,false,"AI Overview, Video preview, Thumbnail, People also ask",300,6,0.95,22,0,1,AI Overview,https://www.cruiseaway.com.au/small-ship-cruises,2026-04-13 01:13:59
cruise to nowhere,AU,Australia,English,,false,false,false,true,false,false,"AI Overview, Thumbnail, People also ask",60,3,0.34,22,0,2,,https://www.cruiseaway.com.au/short-cruises,2026-04-27 11:27:48
australian cruises,AU,Australia,English,,false,false,false,true,true,false,"People also ask, Top stories, Thumbnail, Discussions and forums, Bottom ads, Paid sitelinks, Video preview",900,31,0.47,22,0,7,,https://www.cruiseaway.com.au/cruises/australia/melbourne,2026-05-09 03:46:41
australia cruises 2025,AU,Australia,English,Australia (Location),false,false,false,true,true,false,"Thumbnail, AI Overview, People also ask",150,4,0.32,22,0,2,,https://www.cruiseaway.com.au/cruises/australia,2026-04-13 09:17:21
cruises from sydney to perth,AU,Australia,English,"Sydney (Location), Perth (Location)",false,true,false,true,true,false,"AI Overview, Thumbnail, People also ask, Video preview",60,0,0.41,22,0,1,AI Overview,https://www.cruiseaway.com.au/cruises-from-sydney-to-perth,2026-04-25 10:31:02
cruise for cheap,AU,Australia,English,,false,false,false,true,true,false,"Top ads, Paid sitelinks, Thumbnail, Local pack",100,2,,22,0,1,,https://www.cruiseaway.com.au/cheap-cruises,2026-04-16 12:19:24
all inclusive cruises from sydney,AU,Australia,English,Sydney (Location),false,true,false,true,true,false,"AI Overview, Thumbnail, People also ask",150,29,0.57,22,0,1,AI Overview,https://www.cruiseaway.com.au/all-inclusive,2026-05-02 13:29:33
cruise search,AU,Australia,English,,false,false,false,true,true,false,Thumbnail,300,66,0.49,22,0,6,,https://www.cruiseaway.com.au/,2026-04-26 02:24:28
brisbane to new zealand cruise,AU,Australia,English,"Brisbane (Location), New Zealand (Location)",false,true,false,true,true,false,People also ask,300,0,0.39,22,0,6,,https://www.cruiseaway.com.au/cruises-from-brisbane-to-new-zealand,2026-05-08 00:51:44
iceland cruises,AU,Australia,English,Iceland (Location),false,false,false,true,true,false,"AI Overview, Thumbnail, Discussions and forums, People also ask",150,0,0.62,21,0,4,,https://www.cruiseaway.com.au/cruises-iceland,2026-04-21 14:16:52
cruises from singapore to australia,AU,Australia,English,"Singapore (Location), Australia (Location)",false,true,false,true,true,false,"AI Overview, People also ask",150,0,0.34,21,0,3,,https://www.cruiseaway.com.au/cruises-from-singapore-to-sydney,2026-04-11 07:55:29
repositioning cruise singapore to sydney,AU,Australia,English,,false,true,false,true,true,false,"AI Overview, Thumbnail, Video preview, People also ask",150,0,0.33,21,0,3,,https://www.cruiseaway.com.au/cruises-from-singapore-to-sydney,2026-04-13 10:50:34
fly cruise,AU,Australia,English,,false,false,false,true,true,false,,50,5,0.57,21,6,1,,https://www.cruiseaway.com.au/fly-cruises,2026-04-23 22:25:28
cruise fremantle to sydney,AU,Australia,English,,false,true,false,true,true,false,"AI Overview, Thumbnail",150,0,0.27,21,0,1,AI Overview,https://www.cruiseaway.com.au/cruises-from-perth-fremantle-to-sydney,2026-05-09 18:58:38
cruise to thailand from australia,AU,Australia,English,Australia (Location),false,true,false,true,true,true,"AI Overview, People also ask",200,0,0.35,21,0,4,,https://www.cruiseaway.com.au/cruises-to-thailand,2026-05-06 16:34:17
central america cruise,AU,Australia,English,Central America (Location),false,false,false,true,true,false,Thumbnail,150,0,,21,0,2,,https://www.cruiseaway.com.au/cruises/central-america,2026-04-30 04:30:09
dubrovnik cruise,AU,Australia,English,Dubrovnik (Location),false,true,false,true,true,false,"AI Overview, Local pack",150,0,0.84,21,0,3,,https://www.cruiseaway.com.au/cruises/dubrovnik,2026-05-08 22:23:00
baltic cruises 2025,AU,Australia,English,,false,false,false,true,true,false,People also ask,150,0,0.49,21,0,2,,https://www.cruiseaway.com.au/cruises/scandinavia-baltic,2026-04-12 23:36:02
cruise ships with single cabins australia,AU,Australia,English,Australia (Location),false,true,false,true,true,false,"AI Overview, Thumbnail, People also ask, Sitelinks",60,0,0.48,21,0,2,,https://www.cruiseaway.com.au/singles-cruises,2026-05-07 11:13:23
cruise to cook islands,AU,Australia,English,Cook Islands (Location),false,false,false,true,true,false,"Top ads, AI Overview, Thumbnail, People also ask, Bottom ads, Paid sitelinks",60,0,0.46,21,0,1,AI Overview,https://www.cruiseaway.com.au/cruises/south-pacific/rarotonga,2026-04-15 13:45:22
cruises from brisbane to sydney,AU,Australia,English,"Brisbane (Location), Sydney (Location)",false,true,false,true,true,false,"AI Overview, Thumbnail, People also ask",60,0,0.32,21,0,1,AI Overview,https://www.cruiseaway.com.au/brisbane-to-sydney-cruises,2026-05-02 18:22:32
river cruise packages,AU,Australia,English,,false,false,false,true,true,false,"Thumbnail, People also ask",150,26,0.62,21,0,3,,https://www.cruiseaway.com.au/river-cruises,2026-04-21 02:52:06
cruise fiji,AU,Australia,English,Fiji (Location),false,true,false,true,true,false,"Thumbnail, Local pack",250,0,0.25,21,0,5,,https://www.cruiseaway.com.au/cruises-from-sydney-to-fiji,2026-04-19 16:10:20
cruises in october,AU,Australia,English,,false,false,false,true,true,false,AI Overview,60,5,0.42,21,0,1,,https://www.cruiseaway.com.au/october-cruises,2026-04-14 10:41:32
cruises to perth,AU,Australia,English,Perth (Location),false,true,false,true,true,false,"Thumbnail, People also ask, Discussions and forums",60,0,,21,0,1,,https://www.cruiseaway.com.au/cruises-from-sydney-to-perth,2026-05-02 13:35:36
cruises in november,AU,Australia,English,,false,false,false,true,true,false,"Thumbnail, AI Overview",150,9,0.45,21,0,2,,https://www.cruiseaway.com.au/november-cruises,2026-05-07 01:29:07
28 day cruise around australia 2024,AU,Australia,English,,false,false,false,true,true,false,"People also ask, Sitelinks, Thumbnail, Bottom ads, Paid sitelinks",200,0,0.42,21,0,3,,https://www.cruiseaway.com.au/28-day-cruise-around-australia,2026-04-23 12:07:33
hawaii to sydney cruise 2025,AU,Australia,English,Hawaii to Sydney cruise (Work),false,false,false,true,true,true,Sitelinks,150,0,0.41,21,0,2,,https://www.cruiseaway.com.au/hawaiian-shores-to-sydney,2026-05-08 08:45:12
cruise singapore to brisbane,AU,Australia,English,,false,false,false,true,true,false,"AI Overview, People also ask",200,0,0.36,21,0,4,,https://www.cruiseaway.com.au/singapore-to-brisbane-cruise-2026,2026-05-04 22:24:11
cruises singapore to australia,AU,Australia,English,,false,false,false,true,true,false,"Top ads, Paid sitelinks, Thumbnail, AI Overview, People also ask, Bottom ads",50,0,,20,1,1,,https://www.cruiseaway.com.au/cruises-from-singapore-to-australia,2026-04-22 04:34:53
new year cruises from brisbane,AU,Australia,English,Brisbane (Location),false,true,false,true,true,false,Thumbnail,60,0,0.49,20,0,1,,https://www.cruiseaway.com.au/new-years-eve-cruises,2026-04-14 16:10:53
cruises in may,AU,Australia,English,,false,false,false,true,true,false,"Top ads, Paid sitelinks, AI Overview, People also ask, Bottom ads",150,30,0.45,20,0,4,,https://www.cruiseaway.com.au/may-cruises,2026-04-17 00:21:27
cruises for solo travellers,AU,Australia,English,,false,false,false,true,true,false,"AI Overview, Video preview, Thumbnail, People also ask, Discussions and forums",150,1,0.55,20,0,3,,https://www.cruiseaway.com.au/singles-cruises,2026-05-06 04:30:53
north america cruise deals,AU,Australia,English,North America (Location),false,false,false,true,true,false,Thumbnail,90,10,,20,0,1,,https://www.cruiseaway.com.au/cruises/north-america,2026-05-07 06:01:17
family cruises australia,AU,Australia,English,Australia (Location),false,true,false,true,true,false,"AI Overview, Thumbnail, People also ask, Discussions and forums",200,0,0.35,20,0,6,,https://www.cruiseaway.com.au/family-cruises,2026-04-16 14:49:24
cruises in january,AU,Australia,English,,false,false,false,true,true,false,AI Overview,60,45,0.33,20,0,1,,https://www.cruiseaway.com.au/january-cruises,2026-05-10 05:06:34
4 day cruises from sydney,AU,Australia,English,Sydney (Location),false,true,false,true,true,false,"AI Overview, Thumbnail",150,1,0.35,20,0,3,,https://www.cruiseaway.com.au/short-cruises,2026-04-13 13:03:53
short cruises from adelaide,AU,Australia,English,Adelaide (Location),false,true,false,true,false,false,"AI Overview, Thumbnail",150,0,0.10,20,0,5,,https://www.cruiseaway.com.au/short-cruises-from-adelaide,2026-04-20 06:30:28
christmas cruise australia,AU,Australia,English,Australia (Location),false,true,false,true,true,false,"Top ads, Paid sitelinks, Thumbnail, People also ask",150,0,0.36,20,0,3,,https://www.cruiseaway.com.au/All,2026-04-15 03:38:28
cruise to moreton island from sydney,AU,Australia,English,"Moreton Island (Location), Sydney (Location)",false,true,false,true,true,false,"Top ads, Paid sitelinks, Thumbnail, People also ask, Video preview",150,0,0.45,20,0,3,,https://www.cruiseaway.com.au/All,2026-04-16 05:44:53
nz cruises from sydney,AU,Australia,English,Sydney (Location),false,true,false,true,true,false,"AI Overview, Bottom ads, Paid sitelinks",250,0,0.47,20,0,6,,https://www.cruiseaway.com.au/cruises-from-sydney-to-new-zealand,2026-05-01 22:42:47
river cruise deals europe,AU,Australia,English,Europe (Location),false,false,false,true,true,true,People also ask,90,3,1.06,20,0,1,,https://www.cruiseaway.com.au/cruises/european-river,2026-04-19 05:03:54
vancouver cruise deals,AU,Australia,English,Vancouver (Location),false,true,false,true,true,false,,80,0,,20,0,1,,https://www.cruiseaway.com.au/cruises/vancouver,2026-04-17 09:24:52
cruises from australia to fiji,AU,Australia,English,Fiji (Location),false,false,false,true,true,false,"AI Overview, People also ask",50,0,0.41,20,0,1,,https://www.cruiseaway.com.au/cruises-to-fiji,2026-04-14 02:15:29
cruises for solo travellers australia,AU,Australia,English,Australia (Location),false,true,false,true,true,false,"AI Overview, Thumbnail, People also ask",150,0,0.44,20,0,1,AI Overview,https://www.cruiseaway.com.au/singles-cruises,2026-04-25 13:26:32
cheap cruises from sydney,AU,Australia,English,Sydney (Location),false,true,false,true,true,false,"Top ads, Paid sitelinks, Thumbnail",300,3,0.32,19,0,4,,https://www.cruiseaway.com.au/cheap-cruises,2026-04-25 13:51:48
central america cruises,AU,Australia,English,Central America (Location),false,false,false,true,true,false,"AI Overview, Thumbnail, People also ask, Image pack",150,0,0.59,19,0,1,AI Overview,https://www.cruiseaway.com.au/cruises/central-america,2026-05-09 21:44:58
8 night south pacific cruise,AU,Australia,English,South Pacific (Location),false,false,false,true,true,true,Video preview,150,0,,19,0,3,,https://www.cruiseaway.com.au/cruise/south-pacific-from-brisbane-australia-with-the-quantum-of-the-seas-16193242,2026-05-10 22:14:59
cruise october,AU,Australia,English,,false,false,false,true,true,false,"AI Overview, Thumbnail",50,6,0.46,19,0,1,,https://www.cruiseaway.com.au/october-cruises,2026-04-30 06:30:33
cruises for singles australia,AU,Australia,English,Australia (Location),false,true,false,true,true,false,"AI Overview, Thumbnail, People also ask",50,1,,19,0,1,AI Overview,https://www.cruiseaway.com.au/singles-cruises,2026-04-26 01:52:18
greece cruise,AU,Australia,English,Greece (Location),false,false,false,true,true,false,"Top ads, Paid sitelinks, People also ask, Video preview",500,4,0.55,19,0,5,,https://www.cruiseaway.com.au/cruises-to-greece,2026-04-30 02:57:59
tasmania cruise from sydney,AU,Australia,English,Sydney (Location),false,true,false,true,true,false,,300,0,0.36,19,0,6,,https://www.cruiseaway.com.au/cruises-from-sydney-to-tasmania-2026,2026-04-29 14:44:17
cruise iceland,AU,Australia,English,Iceland (Location),false,false,false,true,true,false,"AI Overview, People also ask",150,0,0.97,19,0,2,,https://www.cruiseaway.com.au/cruises-iceland,2026-05-03 14:33:02
cruise from sydney to europe,AU,Australia,English,"Sydney (Location), Europe (Location)",false,true,false,true,true,false,"AI Overview, People also ask",150,0,0.45,19,0,3,,https://www.cruiseaway.com.au/europe-ocean-cruises,2026-04-18 09:01:41
cruises out of perth,AU,Australia,English,Perth (Location),false,true,false,true,true,false,People also ask,150,0,0.24,19,0,2,,https://www.cruiseaway.com.au/cruises/australia/perth,2026-04-17 06:05:27
cruise to darwin,AU,Australia,English,Darwin (Location),false,true,false,true,true,false,"AI Overview, Thumbnail, People also ask, Discussions and forums",150,0,0.27,19,0,1,AI Overview,https://www.cruiseaway.com.au/cruises/australia/darwin,2026-05-10 10:59:46
adult only cruise,AU,Australia,English,,false,false,false,true,true,false,"Sitelinks, Thumbnail, People also ask, Discussions and forums, Video preview",150,3,0.41,19,0,3,,https://www.cruiseaway.com.au/cruises/adult-only-virgin-voyages,2026-04-28 17:26:57
last minute cruises sydney,AU,Australia,English,Sydney (Location),false,true,false,true,true,true,"Bottom ads, Paid sitelinks, Thumbnail",200,2,0.29,19,222,4,,https://www.cruiseaway.com.au/last-minute-cruises-from-sydney,2026-05-04 06:45:32
online cruise travel agent,AU,Australia,English,,false,false,false,true,true,false,,90,67,1.26,19,0,1,,https://www.cruiseaway.com.au/,2026-04-22 21:42:32
cruise and flight packages,AU,Australia,English,,false,false,false,true,true,false,"Bottom ads, Paid sitelinks",150,6,0.78,19,0,2,,https://www.cruiseaway.com.au/fly-cruises,2026-05-03 08:17:28
cruise singapore sydney,AU,Australia,English,"Singapore (Location), Sydney (Location)",false,true,false,true,true,false,"AI Overview, Thumbnail",50,0,0.30,19,0,1,AI Overview,https://www.cruiseaway.com.au/cruises-from-singapore-to-sydney,2026-04-19 17:12:19
fly stay cruise packages,AU,Australia,English,,false,false,false,true,true,true,"Top ads, Paid sitelinks, Thumbnail",50,2,0.76,19,1,1,,https://www.cruiseaway.com.au/fly-cruises,2026-05-02 16:50:28
cruise from newcastle nsw,AU,Australia,English,"Newcastle, NSW (Location)",false,true,false,true,true,false,"People also ask, Knowledge panel, Thumbnail",50,1,,19,0,1,,https://www.cruiseaway.com.au/cruises/australia/newcastle,2026-05-05 23:38:03
vancouver cruise,AU,Australia,English,Vancouver (Location),false,true,false,true,true,false,Local pack,150,0,0.84,19,0,3,,https://www.cruiseaway.com.au/cruises/vancouver,2026-04-13 19:27:45
bora bora cruise,AU,Australia,English,Bora Bora (Location),false,false,false,true,true,false,People also ask,150,0,0.48,19,0,2,,https://www.cruiseaway.com.au/cruises/south-pacific/bora-bora,2026-04-10 16:41:01
cruise line,AU,Australia,English,,false,false,false,true,true,false,"Top stories, Thumbnail, Video preview",1200,65,0.47,19,0,9,,https://www.cruiseaway.com.au/cruise-lines,2026-05-09 13:22:15
cruises to fiji 2025,AU,Australia,English,Fiji (Location),false,false,false,true,true,false,"Thumbnail, People also ask",150,0,0.45,19,0,2,,https://www.cruiseaway.com.au/cruises-to-fiji,2026-04-26 10:33:57
2 night cruise from melbourne,AU,Australia,English,Melbourne (Location),false,true,false,true,true,false,"AI Overview, Thumbnail",150,0,0.28,19,0,1,AI Overview,https://www.cruiseaway.com.au/short-cruises-from-melbourne,2026-04-29 22:34:29
sydney cruise,AU,Australia,English,Sydney (Location),false,true,false,true,true,false,"Thumbnail, Video preview",2400,42,0.41,19,0,15,,https://www.cruiseaway.com.au/cruises/australia/sydney,2026-05-08 17:31:32
cruises in august,AU,Australia,English,,false,false,false,true,true,false,"Top ads, Paid sitelinks, AI Overview, People also ask, Thumbnail",50,12,0.46,19,0,1,,https://www.cruiseaway.com.au/august-cruises,2026-04-30 12:32:53
cheapest cruises australia,AU,Australia,English,Australia (Location),false,true,false,true,true,false,People also ask,50,30,0.50,19,0,1,,https://www.cruiseaway.com.au/cheap-cruises,2026-04-14 06:19:02
affordable cruises,AU,Australia,English,,false,false,false,true,true,false,AI Overview,50,43,0.50,19,0,1,,https://www.cruiseaway.com.au/cheap-cruises,2026-05-04 19:36:15
cruises to bora bora from australia,AU,Australia,English,"Bora Bora (Location), Australia (Location)",false,false,false,true,true,false,"AI Overview, Thumbnail, Top ads, Paid sitelinks, People also ask, Bottom ads",50,0,,18,0,1,AI Overview,https://www.cruiseaway.com.au/cruises/south-pacific/bora-bora,2026-04-18 07:37:58
cruises cheap,AU,Australia,English,,false,false,false,true,true,false,"Top ads, Paid sitelinks",150,30,,18,0,2,,https://www.cruiseaway.com.au/cheap-cruises,2026-05-05 00:06:28
usa cruises,AU,Australia,English,USA (Location),false,false,false,true,true,false,People also ask,200,87,0.48,18,0,4,,https://www.cruiseaway.com.au/cruises/usa-west-coast,2026-05-08 19:55:15
short cruises from sydney,AU,Australia,English,Sydney (Location),false,true,false,true,true,false,"AI Overview, Discussions and forums, Thumbnail, Video preview",1400,1,0.27,18,0,11,,https://www.cruiseaway.com.au/short-cruises,2026-05-11 14:32:50
cruise deals from melbourne,AU,Australia,English,Melbourne (Location),false,true,false,true,true,false,"Thumbnail, Bottom ads",300,1,0.27,18,0,2,,https://www.cruiseaway.com.au/cruises/australia/melbourne,2026-04-21 01:27:00
christmas cruise brisbane,AU,Australia,English,Brisbane (Location),false,true,false,true,true,false,"Top ads, Paid sitelinks, People also ask, AI Overview",50,0,0.45,18,0,1,,https://www.cruiseaway.com.au/christmas-cruises-from-brisbane,2026-04-13 03:28:03
3 night cruise from melbourne,AU,Australia,English,Melbourne (Location),false,true,false,true,true,false,"AI Overview, Thumbnail",100,0,,18,0,1,AI Overview,https://www.cruiseaway.com.au/3-day-cruises-from-melbourne,2026-04-29 18:45:13
new zealand cruise from sydney,AU,Australia,English,"New Zealand (Location), Sydney (Location)",false,true,false,true,true,false,"AI Overview, Thumbnail, Discussions and forums, Bottom ads, Paid sitelinks, Video preview",600,0,0.43,18,0,7,,https://www.cruiseaway.com.au/cruises-from-sydney-to-new-zealand,2026-04-27 00:05:30
cruise to hawaii from brisbane,AU,Australia,English,"Hawaii (Location), Brisbane (Location)",false,true,false,true,true,false,"AI Overview, Thumbnail, People also ask",100,0,0.35,18,0,1,AI Overview,https://www.cruiseaway.com.au/cruises-from-brisbane-to-hawaii,2026-05-09 23:28:47
december cruises from brisbane,AU,Australia,English,Brisbane (Location),false,true,false,true,true,false,"Thumbnail, People also ask",200,0,0.37,18,0,4,,https://www.cruiseaway.com.au/christmas-cruises-from-brisbane,2026-04-15 05:36:28
greece cruises,AU,Australia,English,Greece (Location),false,false,false,true,true,false,"Thumbnail, People also ask",250,0,0.55,18,0,6,,https://www.cruiseaway.com.au/cruises-to-greece,2026-04-11 16:17:06
cruises from perth australia,AU,Australia,English,"Perth (Location), Australia (Location)",false,true,false,true,true,false,Thumbnail,150,1,0.28,18,0,4,,https://www.cruiseaway.com.au/cruises/australia/perth,2026-04-18 10:24:17
cruise deals melbourne,AU,Australia,English,Melbourne (Location),false,true,false,true,true,false,,50,3,0.45,18,0,1,,https://www.cruiseaway.com.au/cruises/australia/melbourne,2026-04-21 00:00:40
cruises from brisbane to new zealand 2023,AU,Australia,English,"Brisbane (Location), New Zealand (Location)",false,true,false,true,true,false,"Top ads, Paid sitelinks, Sitelinks, Thumbnail, People also ask, Bottom ads",150,0,0.45,18,0,2,,https://www.cruiseaway.com.au/cruises-from-brisbane-to-new-zealand,2026-05-09 07:25:11
singapore to sydney cruises,AU,Australia,English,,false,false,false,true,true,false,"AI Overview, People also ask",50,0,,18,0,1,,https://www.cruiseaway.com.au/cruises-from-singapore-to-sydney,2026-05-08 02:04:23
nz cruises from melbourne,AU,Australia,English,Melbourne (Location),false,true,false,true,true,false,"AI Overview, Thumbnail, People also ask",50,0,0.45,18,0,1,AI Overview,https://www.cruiseaway.com.au/cruises-from-melbourne-to-new-zealand,2026-04-28 14:09:52
cruises from perth to sydney,AU,Australia,English,"Perth (Location), Sydney (Location)",false,true,false,true,true,false,"AI Overview, Thumbnail, People also ask",50,0,0.28,18,0,1,AI Overview,https://www.cruiseaway.com.au/cruises-from-perth-fremantle-to-sydney,2026-04-23 20:44:23
cruise to vancouver,AU,Australia,English,Vancouver (Location),false,true,false,true,true,false,"AI Overview, Thumbnail, People also ask",50,0,1.00,18,0,1,AI Overview,https://www.cruiseaway.com.au/cruises/vancouver,2026-04-27 02:59:45
cheap cruise australia,AU,Australia,English,Australia (Location),false,true,false,true,true,false,"Thumbnail, Bottom ads, Paid sitelinks",50,27,0.95,18,0,1,,https://www.cruiseaway.com.au/cheap-cruises,2026-04-15 15:33:27
alaska cruise deals,AU,Australia,English,Alaska (Location),false,true,false,true,true,true,"AI Overview, People also ask",100,0,0.81,18,0,2,,https://www.cruiseaway.com.au/cruises/alaska-cruise,2026-04-25 18:51:05
cruises out of brisbane,AU,Australia,English,Brisbane (Location),false,true,false,true,true,false,Thumbnail,450,0,0.36,18,0,8,,https://www.cruiseaway.com.au/cruises/australia/brisbane,2026-04-10 19:57:42
sydney to japan cruise,AU,Australia,English,"Sydney (Location), Japan (Location)",false,true,false,true,true,false,"Thumbnail, People also ask",100,0,0.37,18,0,2,,https://www.cruiseaway.com.au/cruise/ultimate-autumn-in-japan-18297062,2026-04-15 14:17:16
sydney to fiji cruise,AU,Australia,English,,false,true,false,true,true,false,AI Overview,200,0,0.29,18,0,5,,https://www.cruiseaway.com.au/cruises-from-sydney-to-fiji,2026-05-01 23:21:05
christmas cruises australia,AU,Australia,English,Australia (Location),false,true,false,true,true,false,"AI Overview, People also ask",200,0,0.36,18,0,5,,https://www.cruiseaway.com.au/christmas-cruises-from-brisbane,2026-04-29 06:48:42
world cruises 2026,AU,Australia,English,,false,false,false,true,true,false,"Thumbnail, People also ask",350,1,0.55,17,0,7,,https://www.cruiseaway.com.au/princess-cruises-world-cruise-2026,2026-04-14 00:35:04
amsterdam cruise,AU,Australia,English,Amsterdam (Location),false,true,false,true,true,false,"Local pack, People also ask",150,0,0.71,17,0,3,,https://www.cruiseaway.com.au/cruises/northern-europe/amsterdam,2026-05-08 10:14:41
fly cruise deals 2023,AU,Australia,English,,false,false,false,true,true,false,Sitelinks,100,10,0.66,17,0,2,,https://www.cruiseaway.com.au/fly-cruises,2026-04-26 05:58:04
christmas cruise deals,AU,Australia,English,Christmas (Event),false,false,false,true,true,false,"Thumbnail, AI Overview, People also ask",100,0,0.61,17,0,2,,https://www.cruiseaway.com.au/christmas-cruises,2026-04-17 10:35:21
cheap australian cruises,AU,Australia,English,,false,false,false,true,true,false,"Top ads, Paid sitelinks, Thumbnail, Bottom ads",50,22,0.95,17,1,1,,https://www.cruiseaway.com.au/cheap-cruises,2026-04-14 11:37:46
singles cruises from sydney,AU,Australia,English,Sydney (Location),false,true,false,true,true,false,"AI Overview, Thumbnail, Video preview, People also ask",50,0,0.37,17,0,2,,https://www.cruiseaway.com.au/singles-cruises,2026-04-18 18:12:17
cheapest alaska cruises,AU,Australia,English,,false,false,false,true,true,false,"Top ads, Paid sitelinks, AI Overview, Thumbnail, People also ask, Discussions and forums, Bottom ads",80,1,0.98,17,0,1,AI Overview,https://www.cruiseaway.com.au/cruises/alaska-cruise,2026-04-20 02:36:18
december cruise,AU,Australia,English,,false,false,false,true,true,false,People also ask,80,0,0.40,17,0,1,,https://www.cruiseaway.com.au/december-cruises,2026-05-08 11:49:46
inner passage alaska cruise,AU,Australia,English,Inside Passage (Location),false,false,false,true,true,false,"AI Overview, Thumbnail, Video preview, People also ask",150,1,0.64,17,0,5,,https://www.cruiseaway.com.au/cruises/alaska-canada-west/inside-passage,2026-04-18 00:40:22
cruise to bora bora from australia,AU,Australia,English,Bora Bora (Location),false,false,false,true,true,false,"AI Overview, Thumbnail, People also ask, Bottom ads, Paid sitelinks",100,0,0.46,17,0,1,AI Overview,https://www.cruiseaway.com.au/cruises/south-pacific/bora-bora,2026-04-22 06:29:43
cruises alaska inside passage,AU,Australia,English,"Alaska (Location), Inside Passage (Location)",false,true,false,true,true,false,"AI Overview, People also ask",150,0,0.64,17,0,4,,https://www.cruiseaway.com.au/cruises/alaska-canada-west/inside-passage,2026-05-10 13:11:10
cruise to china,AU,Australia,English,China (Location),false,false,false,true,true,false,"People also ask, AI Overview",100,0,0.52,17,0,2,,https://www.cruiseaway.com.au/cruises-to-china,2026-04-16 03:43:29
cruise sydney to tasmania,AU,Australia,English,,false,true,false,true,true,false,,250,0,0.36,17,0,9,,https://www.cruiseaway.com.au/cruises-from-sydney-to-tasmania-2026,2026-04-12 14:42:39
family cruise deals,AU,Australia,English,,false,false,false,true,true,false,"Thumbnail, Bottom ads, Paid sitelinks",450,1,0.30,17,0,8,,https://www.cruiseaway.com.au/family-cruises,2026-04-28 09:29:56
cruises to central america,AU,Australia,English,Central America (Location),false,false,false,true,true,false,"AI Overview, Thumbnail",80,0,,17,0,1,AI Overview,https://www.cruiseaway.com.au/cruises/central-america,2026-05-09 19:44:31
single cabin cruises,AU,Australia,English,,false,false,false,true,true,false,"AI Overview, Video preview, Thumbnail, People also ask, Discussions and forums",100,1,0.41,17,0,1,AI Overview,https://www.cruiseaway.com.au/singles-cruises,2026-05-09 13:56:08
cruise discounts,AU,Australia,English,,false,false,false,true,true,false,Thumbnail,150,41,0.52,17,0,4,,https://www.cruiseaway.com.au/cruise-deals,2026-05-04 03:57:14
alaska inside passage cruises,AU,Australia,English,"Alaska (Location), Inside Passage (Location)",false,true,false,true,true,false,"Top ads, Paid sitelinks, People also ask, AI Overview, Thumbnail",150,1,0.64,17,0,4,,https://www.cruiseaway.com.au/cruises/alaska-canada-west/inside-passage,2026-04-19 14:30:26
last minute panama canal cruises,AU,Australia,English,Panama Canal (Location),false,false,false,true,true,true,"AI Overview, Thumbnail",100,0,,17,0,3,,https://www.cruiseaway.com.au/cruises/caribbean/panama-canal,2026-04-14 14:54:41
cruises to fiji from brisbane,AU,Australia,English,"Fiji (Location), Brisbane (Location)",false,true,false,true,true,false,"Thumbnail, People also ask",150,0,0.30,17,0,4,,https://www.cruiseaway.com.au/cruises-to-fiji,2026-04-26 13:02:47
cruise deals from brisbane,AU,Australia,English,Brisbane (Location),false,true,false,true,true,false,"Thumbnail, Bottom ads, Paid sitelinks",400,5,0.44,17,0,4,,https://www.cruiseaway.com.au/cheap-cruises-from-brisbane,2026-04-28 03:25:53
small boat cruises,AU,Australia,English,,false,false,false,true,true,false,"Top ads, Paid sitelinks, Knowledge panel, Thumbnail, People also ask, Sitelinks, Bottom ads",150,3,0.88,17,0,3,,https://www.cruiseaway.com.au/small-ship-cruises,2026-04-12 18:29:02
cruises to western europe,AU,Australia,English,Western Europe (Location),false,false,false,true,true,false,,200,0,,17,0,4,,https://www.cruiseaway.com.au/celebrity-cruises-western-europe,2026-04-19 05:46:17
cruise to nz from melbourne,AU,Australia,English,"New Zealand (Location), Melbourne (Location)",false,true,false,true,true,false,"AI Overview, People also ask",50,0,,17,0,1,,https://www.cruiseaway.com.au/cruises-from-melbourne-to-new-zealand,2026-04-18 18:30:27
exmouth cruise,AU,Australia,English,Exmouth (Location),false,true,false,true,true,false,Knowledge panel,50,0,0.32,17,0,1,,https://www.cruiseaway.com.au/cruises/exmouth,2026-04-26 12:13:28
cruise from perth 2024,AU,Australia,English,Perth (Location),false,true,false,true,true,false,"People also ask, Sitelinks",100,2,,17,0,2,,https://www.cruiseaway.com.au/cruises/australia/perth,2026-04-09 21:14:11
cruises from perth 2024,AU,Australia,English,Perth (Location),false,true,false,true,true,false,"AI Overview, People also ask",100,1,0.31,17,0,3,,https://www.cruiseaway.com.au/cruises/australia/perth,2026-05-09 22:32:42
cruises australia,AU,Australia,English,Australia (Location),false,true,false,true,true,false,"Discussions and forums, Video preview, Thumbnail",2300,61,0.46,16,0,17,,https://www.cruiseaway.com.au/cruises/australia,2026-05-06 20:21:36
cruises january,AU,Australia,English,,false,false,false,true,true,false,"Thumbnail, Discussions and forums",50,9,0.44,16,0,1,,https://www.cruiseaway.com.au/january-cruises,2026-05-10 12:55:08
cruises to cook islands,AU,Australia,English,Cook Islands (Location),false,true,false,true,true,false,"AI Overview, Thumbnail, People also ask",50,0,0.46,16,0,1,AI Overview,https://www.cruiseaway.com.au/cruises/south-pacific/rarotonga,2026-05-11 04:25:40
single cruises from brisbane,AU,Australia,English,Brisbane (Location),false,true,false,true,true,false,"Top ads, Paid sitelinks, AI Overview, Thumbnail, People also ask, Bottom ads",50,1,,16,0,1,AI Overview,https://www.cruiseaway.com.au/singles-cruises,2026-04-30 09:53:28
cruise sydney to adelaide,AU,Australia,English,Sydney to Adelaide (Event),false,true,false,true,true,false,"AI Overview, People also ask",150,0,0.34,16,0,3,,https://www.cruiseaway.com.au/cruises/adelaide,2026-05-02 16:59:01
last minute mexico cruises,AU,Australia,English,,false,false,false,true,true,true,People also ask,70,4,,16,0,1,,https://www.cruiseaway.com.au/cruises-mexico,2026-05-02 21:07:02
weekend cruises from melbourne,AU,Australia,English,Melbourne (Location),false,true,false,true,true,false,"Top ads, Paid sitelinks, AI Overview, Thumbnail",100,0,0.25,16,0,1,AI Overview,https://www.cruiseaway.com.au/3-day-cruises-from-melbourne,2026-04-24 22:54:10
cruise to airlie beach,AU,Australia,English,Airlie Beach (Location),false,true,false,true,true,false,"People also ask, Video preview",200,0,0.48,16,0,5,,https://www.cruiseaway.com.au/cruises/australia/airlie-beach,2026-04-26 17:09:46
last minute cruise from sydney,AU,Australia,English,Sydney (Location),false,true,false,true,true,true,"AI Overview, People also ask",200,1,,16,0,7,,https://www.cruiseaway.com.au/last-minute-cruises-from-sydney,2026-04-22 11:34:02
2 day cruises,AU,Australia,English,,false,false,false,true,true,false,"Top ads, Paid sitelinks, People also ask, Sitelinks, Thumbnail",100,0,0.29,16,0,2,,https://www.cruiseaway.com.au/short-cruises-from-melbourne,2026-04-20 11:19:28
new zealand cruise deals,AU,Australia,English,New Zealand (Location),false,false,false,true,true,false,People also ask,100,2,0.52,16,0,2,,https://www.cruiseaway.com.au/new-zealand-cruise-deals,2026-04-12 05:22:31
cruise january 2025,AU,Australia,English,,false,false,false,true,true,false,"People also ask, Thumbnail",100,35,0.40,16,0,2,,https://www.cruiseaway.com.au/january-cruises,2026-04-20 15:49:02
cruise to fiji from australia,AU,Australia,English,"Fiji (Location), Australia (Location)",false,false,false,true,true,false,AI Overview,90,0,0.29,16,0,2,,https://www.cruiseaway.com.au/cruises-to-fiji,2026-04-10 22:49:24
cheap cruisers,AU,Australia,English,,false,false,false,true,true,false,"AI Overview, Shopping, Thumbnail",40,21,1.44,16,0,1,,https://www.cruiseaway.com.au/cheap-cruises,2026-05-08 16:12:39
1 week cruise from sydney,AU,Australia,English,Sydney (Location),false,true,false,true,true,false,,40,0,,16,0,1,,https://www.cruiseaway.com.au/7-day-cruises-from-sydney,2026-05-08 03:56:31
cruise november,AU,Australia,English,,false,false,false,true,true,false,Thumbnail,40,10,0.45,16,0,1,,https://www.cruiseaway.com.au/november-cruises,2026-05-03 09:34:47
mini cruise,AU,Australia,English,,false,false,false,true,true,true,Thumbnail,40,2,0.32,16,0,1,,https://www.cruiseaway.com.au/short-cruises,2026-05-11 07:25:02
best cruises from perth,AU,Australia,English,Perth (Location),false,true,false,true,true,false,"AI Overview, People also ask",40,1,0.34,16,0,1,,https://www.cruiseaway.com.au/cruises/australia/perth,2026-05-01 17:43:34
best price cruises,AU,Australia,English,,false,false,false,true,true,false,"People also ask, Video preview",150,40,0.51,16,0,3,,https://www.cruiseaway.com.au/,2026-04-28 17:55:17
cruises brisbane,AU,Australia,English,Brisbane (Location),false,true,false,true,true,false,"Discussions and forums, Video preview",1200,0,0.33,16,0,13,,https://www.cruiseaway.com.au/cruises/australia/brisbane,2026-05-10 07:16:46
caribbean cruises from brisbane,AU,Australia,English,Brisbane (Location),false,true,false,true,true,false,"Top ads, Paid sitelinks, Thumbnail, People also ask, Bottom ads",100,10,0.51,16,2,2,,https://www.cruiseaway.com.au/royal-caribbean-cruises-from-brisbane,2026-05-08 08:24:23
china cruise,AU,Australia,English,China (Location),false,false,false,true,true,false,"People also ask, Bottom ads, Paid sitelinks",250,0,0.48,16,0,6,,https://www.cruiseaway.com.au/cruises-to-china,2026-04-29 22:39:30
lisbon cruise,AU,Australia,English,Lisbon (Location),false,true,false,true,true,false,"Top ads, Paid sitelinks, Thumbnail, Local pack, People also ask",100,0,0.70,16,0,4,,https://www.cruiseaway.com.au/cruises/lisbon,2026-04-28 10:27:28
cook island cruises,AU,Australia,English,Cook Islands (Location),false,false,false,true,true,false,"AI Overview, Thumbnail, People also ask",40,0,0.38,16,0,1,AI Overview,https://www.cruiseaway.com.au/cruises/south-pacific/rarotonga,2026-04-22 06:04:58
february cruises,AU,Australia,English,,false,false,false,true,true,false,"Top ads, Paid sitelinks, Thumbnail, People also ask",40,9,0.45,16,0,1,,https://www.cruiseaway.com.au/february-cruises,2026-05-09 05:16:44
hawaii cruise to sydney,AU,Australia,English,Sydney (Location),false,true,false,true,true,false,"AI Overview, Thumbnail, Bottom ads, Paid sitelinks",150,0,,15,4,4,,https://www.cruiseaway.com.au/hawaiian-shores-to-sydney,2026-05-01 02:20:33
cruise to vanuatu from brisbane,AU,Australia,English,Brisbane (Location),false,true,false,true,true,true,"AI Overview, Thumbnail, People also ask, Video preview",150,0,,15,0,5,,https://www.cruiseaway.com.au/cruises/south-pacific/mystery-island,2026-05-06 02:36:53
january 2023 cruises,AU,Australia,English,,false,false,false,true,true,false,"Sitelinks, People also ask",100,3,0.45,15,0,2,,https://www.cruiseaway.com.au/january-cruises,2026-04-29 10:02:37
moreton bay cruise from sydney,AU,Australia,English,"Moreton Bay Cruise (Event), Sydney (Location)",false,true,false,true,true,false,"AI Overview, Thumbnail, People also ask, Video preview, Bottom ads, Paid sitelinks",150,1,0.33,15,0,1,AI Overview,https://www.cruiseaway.com.au/cruises/moreton-island,2026-04-23 03:32:41
4 night cruises,AU,Australia,English,,false,false,false,true,true,false,Thumbnail,100,2,0.36,15,0,2,,https://www.cruiseaway.com.au/short-cruises,2026-05-06 09:36:17
cruise in april,AU,Australia,English,,false,false,false,true,true,false,"Thumbnail, People also ask, Discussions and forums",40,2,,15,0,1,,https://www.cruiseaway.com.au/april-cruises,2026-05-07 15:02:30
cruise deals from perth,AU,Australia,English,Perth (Location),false,true,false,true,true,false,,40,1,0.20,15,0,1,,https://www.cruiseaway.com.au/cruises/australia/perth,2026-05-10 05:00:34
los angeles cruise deals,AU,Australia,English,Los Angeles (Location),false,true,false,true,true,false,People also ask,70,0,,15,0,1,,https://www.cruiseaway.com.au/cruises/north-america/los-angeles,2026-05-04 16:40:49
cruise last minute cruises,AU,Australia,English,,false,false,false,true,true,true,"AI Overview, Thumbnail, Bottom ads",100,6,,15,0,1,AI Overview,https://www.cruiseaway.com.au/last-minute-cruises,2026-05-02 00:46:53
cruise sydney to vancouver,AU,Australia,English,Sydney to Vancouver (Event),false,false,false,true,true,false,"Thumbnail, AI Overview, People also ask",100,0,0.43,15,0,2,,https://www.cruiseaway.com.au/cruises/vancouver,2026-05-01 22:02:33
suez canal cruises 2023,AU,Australia,English,Suez Canal (Location),false,false,false,true,true,false,"Sitelinks, People also ask",100,1,0.71,15,0,2,,https://www.cruiseaway.com.au/cruises/africa/suez-canal-passage,2026-04-24 06:05:53
cruise ship ticket price,AU,Australia,English,,false,false,false,true,true,false,"AI Overview, Thumbnail, People also ask",100,14,0.28,15,0,3,,https://www.cruiseaway.com.au/cheap-cruises,2026-05-11 14:44:18
usa cruise deals,AU,Australia,English,USA (Location),false,false,false,true,true,false,"People also ask, Bottom ads, Paid sitelinks",100,72,,15,0,2,,https://www.cruiseaway.com.au/cruises/north-america,2026-05-02 20:19:28
cruises april,AU,Australia,English,,false,false,false,true,true,false,"Thumbnail, Discussions and forums",40,11,0.45,15,0,1,,https://www.cruiseaway.com.au/april-cruises,2026-04-29 06:39:09
singles cruises over 50,AU,Australia,English,,false,false,false,true,true,false,"Top ads, Paid sitelinks, AI Overview, Thumbnail, People also ask, Sitelinks, Bottom ads",40,1,0.46,15,0,2,,https://www.cruiseaway.com.au/singles-cruises,2026-05-10 05:00:59
single cruise,AU,Australia,English,,false,false,false,true,true,false,"AI Overview, Thumbnail, Knowledge panel, People also ask, Video preview",40,1,1.31,15,0,1,AI Overview,https://www.cruiseaway.com.au/singles-cruises,2026-04-14 23:22:36
cruises to barcelona,AU,Australia,English,Barcelona (Location),false,true,false,true,true,false,"AI Overview, Discussions and forums",150,0,0.74,15,0,5,,https://www.cruiseaway.com.au/cruises/western-europe/barcelona,2026-05-04 08:14:39
oz cruise deals,AU,Australia,English,,false,false,false,true,true,false,"Top ads, Sitelinks",100,30,0.42,15,0,2,,https://www.cruiseaway.com.au/oz-cruises,2026-04-11 11:54:48
cruise from melbourne to sydney,AU,Australia,English,"Melbourne (Location), Sydney (Location)",false,true,false,true,true,false,"AI Overview, Thumbnail, People also ask",150,0,0.34,15,0,1,AI Overview,https://www.cruiseaway.com.au/melbourne-to-sydney-cruise,2026-05-06 15:36:46
4 day cruise from sydney to moreton island,AU,Australia,English,"Sydney (Location), Moreton Island (Location)",false,true,false,true,true,false,"AI Overview, Thumbnail, Video preview, People also ask, Discussions and forums",500,0,0.47,15,0,10,,https://www.cruiseaway.com.au/cruises/moreton-island,2026-04-28 11:08:50
melbourne to new zealand,AU,Australia,English,"Melbourne (Location), New Zealand (Location)",false,true,false,true,true,false,"People also ask, Thumbnail",2700,0,0.14,15,0,14,,https://www.cruiseaway.com.au/cruises-from-melbourne-to-new-zealand,2026-05-05 10:29:37
africa cruise deals,AU,Australia,English,Africa (Location),false,false,false,true,true,false,,100,0,,15,0,2,,https://www.cruiseaway.com.au/cruises/africa,2026-04-14 05:45:13
suez canal cruise,AU,Australia,English,Suez Canal (Location),false,false,false,true,true,false,"AI Overview, People also ask",100,0,0.61,15,5,3,,https://www.cruiseaway.com.au/cruises/africa/suez-canal-passage,2026-04-16 00:11:45
cruise booking australia,AU,Australia,English,Australia (Location),false,true,false,false,true,true,"Top ads, Paid sitelinks",100,71,0.50,15,3,2,,https://www.cruiseaway.com.au/,2026-04-12 22:55:48
cheapest caribbean cruises,AU,Australia,English,,false,false,false,true,true,false,People also ask,80,10,0.63,15,0,2,,https://www.cruiseaway.com.au/cruises/caribbean,2026-04-22 17:35:18
cruise to turkey,AU,Australia,English,Turkey (Location),false,false,false,true,true,false,People also ask,70,0,0.88,15,0,1,,https://www.cruiseaway.com.au/cruises-to-turkey,2026-04-26 16:10:34
cruise ship from perth,AU,Australia,English,Perth (Location),false,true,false,true,true,false,,40,1,0.31,15,0,1,,https://www.cruiseaway.com.au/cruises/australia/perth,2026-04-25 04:55:12
cruises september,AU,Australia,English,,false,false,false,true,true,false,AI Overview,40,24,0.45,15,0,1,,https://www.cruiseaway.com.au/september-cruises,2026-04-27 22:16:50
april cruise,AU,Australia,English,,false,false,false,true,true,false,"Top ads, Paid sitelinks, Thumbnail, People also ask",40,11,,15,2,1,,https://www.cruiseaway.com.au/april-cruises,2026-04-10 00:18:03
september cruise,AU,Australia,English,,false,false,false,true,true,false,,40,23,,15,0,1,,https://www.cruiseaway.com.au/september-cruises,2026-04-21 20:53:18
cruises to darwin,AU,Australia,English,Darwin (Location),false,true,false,true,true,false,"AI Overview, Thumbnail, People also ask",100,0,0.48,15,0,1,AI Overview,https://www.cruiseaway.com.au/cruises/australia/darwin,2026-04-20 09:49:40
alaska passage cruise,AU,Australia,English,"Alaska (Location), Alaska Inside Passage (Location)",false,true,false,true,true,false,"AI Overview, Thumbnail, People also ask, Bottom ads",100,0,,15,0,1,AI Overview,https://www.cruiseaway.com.au/cruises/alaska-canada-west/inside-passage,2026-04-17 18:37:52
cruises to santorini,AU,Australia,English,Santorini (Location),false,true,false,true,true,false,"AI Overview, People also ask",200,0,,14,0,6,,https://www.cruiseaway.com.au/cruises/mediterranean/santorini,2026-05-09 09:59:02
cruise from melbourne to tasmania,AU,Australia,English,"Melbourne (Location), Tasmania (Location)",false,true,false,true,true,false,"AI Overview, Thumbnail, People also ask",300,0,0.21,14,0,9,,https://www.cruiseaway.com.au/cruises/australia/tasmania,2026-04-09 16:24:47
sydney to cairns cruise,AU,Australia,English,,false,true,false,true,true,false,"Top ads, Thumbnail, AI Overview, People also ask, Bottom ads, Paid sitelinks",150,0,0.30,14,0,3,,https://www.cruiseaway.com.au/cruises/cairns,2026-04-14 20:03:27
cruises to ketchikan,AU,Australia,English,Ketchikan (Location),false,true,false,true,true,false,"AI Overview, People also ask, Local pack",200,0,,14,0,6,,https://www.cruiseaway.com.au/cruises/usa-west-coast/ketchikan,2026-05-09 19:39:53
short cruise,AU,Australia,English,,false,false,false,true,true,true,Thumbnail,250,2,0.28,14,0,7,,https://www.cruiseaway.com.au/short-cruises,2026-04-25 14:07:36
easter cruises from sydney,AU,Australia,English,Sydney (Location),false,true,false,true,true,false,"Thumbnail, Discussions and forums",100,0,0.51,14,0,3,,https://www.cruiseaway.com.au/easter-cruises-2026-from-sydney,2026-05-11 10:27:38
book cruise online,AU,Australia,English,,false,false,false,false,true,true,"Top ads, Paid sitelinks, People also ask, Discussions and forums",60,68,0.72,14,8,1,,https://www.cruiseaway.com.au/,2026-04-22 12:49:32
cruises from singapore 2023,AU,Australia,English,Singapore (Location),false,true,false,true,true,false,"Sitelinks, People also ask",150,3,0.43,14,0,4,,https://www.cruiseaway.com.au/cruises/asia/singapore,2026-04-17 18:18:29
cruise packages,AU,Australia,English,,false,false,false,true,true,false,People also ask,150,29,0.37,14,0,4,,https://www.cruiseaway.com.au/all-inclusive,2026-05-08 23:50:36
last minute cruises to south america,AU,Australia,English,South America (Location),false,false,false,true,true,true,"Top ads, Paid sitelinks, People also ask",100,5,0.42,14,0,2,,https://www.cruiseaway.com.au/cruises/south-america,2026-05-01 03:56:53
june cruises,AU,Australia,English,,false,false,false,true,true,false,,40,12,0.45,14,0,1,,https://www.cruiseaway.com.au/june-cruises,2026-04-26 23:57:28
cruise ship sydney to new zealand,AU,Australia,English,,false,true,false,true,true,false,AI Overview,40,0,0.45,14,0,1,,https://www.cruiseaway.com.au/cruises-from-sydney-to-new-zealand,2026-05-07 01:24:39
cruise from adelaide,AU,Australia,English,Adelaide (Location),false,true,false,true,true,false,"Thumbnail, Video preview",800,2,0.09,14,0,13,,https://www.cruiseaway.com.au/short-cruises-from-adelaide,2026-04-28 21:56:49
fiji cruises from australia,AU,Australia,English,,false,false,false,true,true,false,People also ask,100,0,0.41,14,0,3,,https://www.cruiseaway.com.au/cruises-to-fiji,2026-04-11 04:34:07
last minute transatlantic cruises,AU,Australia,English,,false,false,false,true,true,true,,60,4,,14,0,1,,https://www.cruiseaway.com.au/cruises/transatlantic,2026-05-07 14:08:18
great barrier reef cruise from sydney,AU,Australia,English,"Great Barrier Reef (Location), Sydney (Location)",false,true,false,true,true,false,"Top ads, AI Overview, Thumbnail, People also ask, Bottom ads, Paid sitelinks",150,0,0.42,14,0,5,,https://www.cruiseaway.com.au/cruises/australia/great-barrier-reef,2026-04-19 17:00:28
2 night cruise,AU,Australia,English,,false,false,false,true,true,false,Thumbnail,100,2,0.22,14,0,2,,https://www.cruiseaway.com.au/short-cruises-from-melbourne,2026-05-04 22:08:26
cruise ship price,AU,Australia,English,,false,false,false,true,true,false,"AI Overview, Thumbnail, People also ask, Sitelinks",200,17,0.40,14,0,7,,https://www.cruiseaway.com.au/cheap-cruises,2026-04-17 19:11:13
cruise deals brisbane,AU,Australia,English,Brisbane (Location),false,true,false,true,true,false,"Thumbnail, Discussions and forums",150,3,0.43,14,0,5,,https://www.cruiseaway.com.au/cheap-cruises-from-brisbane,2026-05-08 19:06:06
cruises to bangkok,AU,Australia,English,Bangkok (Location),false,true,false,true,true,false,"Top ads, Paid sitelinks, Thumbnail, People also ask",200,0,0.33,14,0,5,,https://www.cruiseaway.com.au/cruises-to-thailand,2026-04-20 02:18:53
cruise norway fjords,AU,Australia,English,Norway Fjords (Location),false,false,false,true,true,false,"AI Overview, Thumbnail, Video preview, People also ask",250,3,0.75,14,0,7,,https://www.cruiseaway.com.au/cruises/norwegian-fjords,2026-04-23 00:42:05
sydney to perth cruises,AU,Australia,English,Sydney to Perth (Event),false,true,false,true,true,false,,40,0,0.33,14,0,1,,https://www.cruiseaway.com.au/cruises-from-sydney-to-perth,2026-04-30 09:59:02
cruises for singles over 40,AU,Australia,English,,false,false,false,true,true,false,"Top ads, AI Overview, People also ask, Sitelinks",40,1,0.36,14,0,2,,https://www.cruiseaway.com.au/singles-cruises,2026-04-26 11:18:27
new year cruises australia,AU,Australia,English,Australia (Location),false,true,false,true,true,false,"Top ads, Paid sitelinks, Thumbnail",90,0,0.48,14,0,2,,https://www.cruiseaway.com.au/new-years-eve-cruises,2026-04-19 10:29:21
great barrier reef cruise from brisbane,AU,Australia,English,"Great Barrier Reef (Location), Brisbane (Location)",false,true,false,true,true,false,"AI Overview, Thumbnail, People also ask",90,0,0.64,14,0,1,AI Overview,https://www.cruiseaway.com.au/cruises/australia/great-barrier-reef,2026-04-11 23:13:28
world cruises from australia,AU,Australia,English,,false,false,false,true,true,false,"AI Overview, Thumbnail, People also ask",300,0,0.46,14,0,9,,https://www.cruiseaway.com.au/princess-cruises-world-cruise-2026,2026-04-19 10:02:44
cruises leaving perth,AU,Australia,English,Perth (Location),false,true,false,true,true,false,"Knowledge panel, People also ask",100,1,0.29,14,0,3,,https://www.cruiseaway.com.au/cruises/australia/perth,2026-04-20 19:21:52
last minute cruises to mexico,AU,Australia,English,,false,false,false,true,true,true,People also ask,80,3,,14,0,2,,https://www.cruiseaway.com.au/cruises-mexico,2026-04-16 07:54:03
cheap cruises to bahamas,AU,Australia,English,Bahamas (Location),false,false,false,true,true,false,,80,1,0.52,14,0,2,,https://www.cruiseaway.com.au/cruises/bahamas,2026-05-08 09:08:14
last minute cruise cancellation deals from sydney,AU,Australia,English,Sydney (Location),false,true,false,true,true,true,"AI Overview, Thumbnail, Top ads, Paid sitelinks, People also ask, Bottom ads",250,2,0.38,14,0,7,,https://www.cruiseaway.com.au/last-minute-cruises,2026-04-18 12:18:21
all inclusive cruises from brisbane,AU,Australia,English,Brisbane (Location),false,true,false,true,true,false,"AI Overview, People also ask",200,13,0.46,14,0,6,,https://www.cruiseaway.com.au/cheap-cruises-from-brisbane,2026-04-19 23:10:48
cruise moreton island,AU,Australia,English,Moreton Island (Location),false,true,false,true,true,false,"People also ask, Thumbnail, Discussions and forums",100,2,,14,0,3,,https://www.cruiseaway.com.au/cruises/moreton-island,2026-04-30 15:32:17
last minute cruises from brisbane,AU,Australia,English,Brisbane (Location),false,true,false,true,true,true,Thumbnail,450,3,0.32,14,0,9,,https://www.cruiseaway.com.au/cheap-cruises-from-brisbane,2026-05-03 19:14:56
cruises leaving melbourne,AU,Australia,English,Melbourne (Location),false,true,false,true,true,false,,250,0,0.25,14,0,7,,https://www.cruiseaway.com.au/cruises/australia/melbourne,2026-05-04 18:53:56
cruises from melbourne to tasmania 2024,AU,Australia,English,"Melbourne (Location), Tasmania (Location)",false,true,false,true,true,false,"AI Overview, Thumbnail, People also ask, Sitelinks",100,0,,13,0,4,,https://www.cruiseaway.com.au/cruises/australia/tasmania,2026-04-18 05:05:25
cruises from western australia,AU,Australia,English,Western Australia (Location),false,true,false,true,true,false,"Top ads, Paid sitelinks, Thumbnail, People also ask",90,1,,13,2,2,,https://www.cruiseaway.com.au/western-australia-cruises-from-perth-fremantle,2026-05-05 18:11:10
cruise to pacific islands from sydney,AU,Australia,English,"Pacific Islands (Location), Sydney (Location)",false,true,false,true,true,false,"AI Overview, Video preview",90,0,0.62,13,0,3,,https://www.cruiseaway.com.au/cruises-from-sydney-to-south-pacific,2026-04-27 01:16:32
last minute cruise deals from sydney,AU,Australia,English,Sydney (Location),false,true,false,true,true,true,"Bottom ads, Paid sitelinks",150,2,0.42,13,0,4,,https://www.cruiseaway.com.au/last-minute-cruises-from-sydney,2026-04-29 17:44:00
australia to europe by ship,AU,Australia,English,,false,false,false,true,true,false,"AI Overview, Thumbnail, People also ask",40,0,0.48,13,0,2,,https://www.cruiseaway.com.au/cruise-from-australia-to-europe,2026-04-25 15:16:17
singles cruise melbourne,AU,Australia,English,Melbourne (Location),false,true,false,true,true,false,"AI Overview, Thumbnail, Top ads, People also ask, Bottom ads",40,0,0.36,13,0,1,AI Overview,https://www.cruiseaway.com.au/singles-cruises,2026-05-02 22:09:28
hawaii cruise from brisbane,AU,Australia,English,Brisbane (Location),false,true,false,true,true,false,"Top ads, Paid sitelinks, AI Overview, Thumbnail, People also ask, Bottom ads",40,0,,13,0,1,AI Overview,https://www.cruiseaway.com.au/cruises-from-brisbane-to-hawaii,2026-05-11 06:39:47
cruises in september,AU,Australia,English,,false,false,false,true,true,false,"AI Overview, Thumbnail, People also ask",40,21,0.43,13,0,1,AI Overview,https://www.cruiseaway.com.au/september-cruises,2026-04-25 02:18:53
cruises from sydney in july,AU,Australia,English,Sydney (Location),false,true,false,true,true,false,"AI Overview, Thumbnail, Top ads, Paid sitelinks, People also ask, Bottom ads",100,4,,13,0,1,AI Overview,https://www.cruiseaway.com.au/cruises-from-sydney-july-2026,2026-04-20 03:13:53
new york cruise deals,AU,Australia,English,New York (Location),false,true,false,true,true,false,,80,0,,13,0,2,,https://www.cruiseaway.com.au/cruises/canada-usa-east-coast/new-york,2026-04-16 22:30:03
last minute cruises to asia,AU,Australia,English,Asia (Location),false,false,false,true,true,true,"AI Overview, Thumbnail",80,2,0.57,13,0,1,AI Overview,https://www.cruiseaway.com.au/cruises/asia,2026-04-24 06:14:35
cruise melbourne to sydney,AU,Australia,English,,false,true,false,true,true,false,"AI Overview, People also ask, Thumbnail",100,0,0.23,13,0,4,,https://www.cruiseaway.com.au/melbourne-to-sydney-cruise,2026-05-02 19:47:32
adults only cruises,AU,Australia,English,,false,false,false,true,true,false,"AI Overview, People also ask, Discussions and forums",300,3,0.40,13,0,7,,https://www.cruiseaway.com.au/cruises/adult-only-virgin-voyages,2026-05-05 18:19:51
cruise to tasmania,AU,Australia,English,Tasmania (Location),false,true,false,true,true,false,"AI Overview, People also ask, Discussions and forums, Video preview",600,2,0.38,13,0,12,,https://www.cruiseaway.com.au/cruises/tasmania-cruises,2026-05-08 06:14:34
broome cruise,AU,Australia,English,Broome (Location),false,true,false,true,true,false,"Local pack, Thumbnail",200,11,0.59,13,0,7,,https://www.cruiseaway.com.au/cruises/australia/broome,2026-04-13 21:53:26
sampler cruises,AU,Australia,English,,false,false,false,true,true,false,"AI Overview, Thumbnail, Video preview, Discussions and forums",40,0,0.46,13,0,1,AI Overview,https://www.cruiseaway.com.au/short-cruises,2026-05-07 02:37:04
adults only cruises from sydney,AU,Australia,English,Sydney (Location),false,true,false,true,true,false,"Top ads, Paid sitelinks, AI Overview, Thumbnail, People also ask, Bottom ads",100,17,0.38,13,0,4,,https://www.cruiseaway.com.au/cruises/adult-only-virgin-voyages,2026-05-06 05:51:28
cheap cruise brisbane,AU,Australia,English,Brisbane (Location),false,true,false,true,true,false,"AI Overview, Local pack",100,2,,13,0,3,,https://www.cruiseaway.com.au/cheap-cruises-from-brisbane,2026-05-04 13:54:01
4 day cruise,AU,Australia,English,,false,false,false,true,true,false,,250,0,0.31,13,0,7,,https://www.cruiseaway.com.au/short-cruises,2026-04-23 19:47:50
weekend cruise sydney,AU,Australia,English,Sydney (Location),false,true,false,true,true,false,,250,2,0.33,13,0,8,,https://www.cruiseaway.com.au/short-cruises,2026-05-08 16:28:36
family cruises from brisbane,AU,Australia,English,Brisbane (Location),false,true,false,true,true,false,"People also ask, Thumbnail, Bottom ads, Paid sitelinks",200,0,0.29,13,0,3,,https://www.cruiseaway.com.au/cheap-cruises-from-brisbane,2026-04-19 13:13:10
cruise melbourne,AU,Australia,English,Melbourne (Location),false,true,false,true,true,false,"Thumbnail, Local pack",300,2,0.29,13,0,8,,https://www.cruiseaway.com.au/short-cruises-from-melbourne,2026-05-11 06:58:02
cruises october,AU,Australia,English,,false,false,false,true,true,false,"Thumbnail, AI Overview",40,4,0.45,13,0,1,,https://www.cruiseaway.com.au/october-cruises,2026-05-09 10:45:09
budget cruises,AU,Australia,English,,false,false,false,true,true,false,"AI Overview, People also ask",40,26,0.46,13,0,1,,https://www.cruiseaway.com.au/cheap-cruises,2026-05-02 12:00:47
short cruise from melbourne,AU,Australia,English,Melbourne (Location),false,true,false,true,true,false,"Top ads, Paid sitelinks, AI Overview, Thumbnail",150,0,0.33,13,0,1,AI Overview,https://www.cruiseaway.com.au/3-day-cruises-from-melbourne,2026-04-19 17:32:33
cruises to cairns,AU,Australia,English,Cairns (Location),false,true,false,true,true,false,"People also ask, Local pack",200,0,0.37,13,0,6,,https://www.cruiseaway.com.au/cruises/cairns,2026-05-02 10:10:28
cruise from australia to fiji,AU,Australia,English,Fiji (Location),false,false,false,true,true,false,"AI Overview, Thumbnail, People also ask, Discussions and forums",100,0,0.41,13,0,1,AI Overview,https://www.cruiseaway.com.au/cruises-from-sydney-to-fiji,2026-04-28 18:05:35
cruises departing melbourne,AU,Australia,English,Melbourne (Location),false,true,false,true,true,false,Thumbnail,250,0,0.25,13,0,7,,https://www.cruiseaway.com.au/cruises/australia/melbourne,2026-04-20 02:44:36
cruise from sydney to moreton island,AU,Australia,English,"Sydney (Location), Moreton Island (Location)",false,true,false,true,true,false,"AI Overview, Thumbnail, Video preview, People also ask, Discussions and forums",90,0,,13,0,3,,https://www.cruiseaway.com.au/cruises/moreton-island,2026-04-29 19:13:10
cruises to hawaii from brisbane,AU,Australia,English,"Hawaii (Location), Brisbane (Location)",false,true,false,true,true,false,"Thumbnail, People also ask",90,0,0.37,13,0,2,,https://www.cruiseaway.com.au/cruises-from-brisbane-to-hawaii,2026-04-14 17:41:49
cruise last minute deals,AU,Australia,English,,false,false,false,true,true,true,"Thumbnail, Discussions and forums",200,6,0.37,13,0,7,,https://www.cruiseaway.com.au/last-minute-cruises,2026-04-14 01:18:51
thailand cruise,AU,Australia,English,Thailand (Location),false,false,false,true,true,false,"People also ask, Discussions and forums",200,0,0.33,13,0,6,,https://www.cruiseaway.com.au/cruises-to-thailand,2026-05-02 16:34:19
cruise fiji from sydney,AU,Australia,English,"Fiji (Location), Sydney (Location)",false,true,false,true,true,false,AI Overview,40,0,,13,0,1,,https://www.cruiseaway.com.au/cruises-from-sydney-to-fiji,2026-05-11 07:08:23
short cruise deals,AU,Australia,English,,false,false,false,true,true,false,,40,3,0.39,13,0,1,,https://www.cruiseaway.com.au/short-cruises,2026-04-23 10:33:23
sydney to nz cruise,AU,Australia,English,"Sydney (Location), New Zealand (Location)",false,true,false,true,true,false,"AI Overview, Video preview, Bottom ads, Paid sitelinks",350,0,0.43,13,0,9,,https://www.cruiseaway.com.au/cruises-from-sydney-to-new-zealand-2027,2026-04-17 21:06:37
north american river cruises,AU,Australia,English,,false,false,false,true,true,false,"Thumbnail, People also ask",150,0,0.71,13,0,4,,https://www.cruiseaway.com.au/cruises/north-america-rivers,2026-04-10 12:01:29
solo cruise,AU,Australia,English,,false,false,false,true,true,false,"Top ads, Paid sitelinks, Thumbnail, Discussions and forums, Sitelinks, People also ask, Video preview",90,2,0.60,13,0,2,,https://www.cruiseaway.com.au/singles-cruises,2026-04-23 00:12:53
cruise inside passage alaska,AU,Australia,English,"Inside Passage (Location), Alaska (Location)",false,true,false,true,true,false,"AI Overview, Thumbnail, People also ask",150,5,1.05,13,0,5,,https://www.cruiseaway.com.au/cruises/alaska-canada-west/inside-passage,2026-04-27 20:12:33
cruises to tasmania,AU,Australia,English,Tasmania (Location),false,true,false,true,true,false,"AI Overview, Discussions and forums, People also ask",300,1,0.38,13,0,9,,https://www.cruiseaway.com.au/cruises/australia/tasmania,2026-05-07 18:59:48
miami cruise deals,AU,Australia,English,Miami (Location),false,true,false,true,true,false,"Top ads, Paid sitelinks, Thumbnail",70,0,,12,0,2,,https://www.cruiseaway.com.au/cruises/central-america/miami,2026-05-09 02:41:27
cruises to broome,AU,Australia,English,Broome (Location),false,true,false,true,true,false,"AI Overview, People also ask",90,0,0.59,12,0,2,,https://www.cruiseaway.com.au/cruises/australia/broome,2026-05-10 10:49:37
cruise vancouver to sydney,AU,Australia,English,,false,false,false,true,true,false,"People also ask, AI Overview",150,0,0.50,12,0,5,,https://www.cruiseaway.com.au/cruises/vancouver,2026-04-16 12:34:06
3 day cruises from melbourne,AU,Australia,English,Melbourne (Location),false,true,false,true,true,false,AI Overview,80,1,0.26,12,0,4,,https://www.cruiseaway.com.au/short-cruises,2026-04-11 05:02:46
3 night cruise,AU,Australia,English,,false,false,false,true,true,true,Video preview,150,1,0.37,12,0,4,,https://www.cruiseaway.com.au/short-cruises,2026-04-22 02:59:52
cruises mediterranean 2025,AU,Australia,English,Mediterranean (Location),false,false,false,true,true,false,"Thumbnail, AI Overview, Discussions and forums",100,1,0.88,12,0,3,,https://www.cruiseaway.com.au/mediterranean-cruises-2026,2026-05-10 02:37:52
small cruises australia,AU,Australia,English,Australia (Location),false,true,false,true,true,false,"Thumbnail, AI Overview, People also ask",150,7,0.57,12,0,4,,https://www.cruiseaway.com.au/short-cruises,2026-04-23 15:44:57
cheap antarctica cruise from australia,AU,Australia,English,,false,false,false,true,true,false,"AI Overview, Thumbnail, Video preview, People also ask, Sitelinks",150,0,0.75,12,0,1,AI Overview,https://www.cruiseaway.com.au/cruises/antarctic-peninsula,2026-04-22 09:31:17
last minute cruise deals for seniors,AU,Australia,English,,false,false,false,true,true,true,"AI Overview, Thumbnail, People also ask",300,10,0.38,12,0,9,,https://www.cruiseaway.com.au/last-minute-cruises,2026-04-10 07:59:37
cook island cruise,AU,Australia,English,Cook Islands (Location),false,true,false,true,true,false,People also ask,30,0,0.48,12,0,1,,https://www.cruiseaway.com.au/cruises/south-pacific/rarotonga,2026-04-17 03:38:51
cruises november,AU,Australia,English,,false,false,false,true,true,false,"Top ads, Paid sitelinks, AI Overview, Bottom ads",30,18,0.45,12,0,1,,https://www.cruiseaway.com.au/november-cruises,2026-05-01 09:13:53
flight and cruise packages,AU,Australia,English,,false,false,false,true,true,true,AI Overview,30,5,,12,0,1,,https://www.cruiseaway.com.au/fly-cruises,2026-05-02 06:54:22
new years cruises from brisbane,AU,Australia,English,Brisbane (Location),false,true,false,true,true,false,AI Overview,30,0,0.46,12,0,1,,https://www.cruiseaway.com.au/new-years-eve-cruises,2026-04-20 19:21:53
cruise deals from miami,AU,Australia,English,Miami (Location),false,true,false,true,true,false,Thumbnail,70,0,,12,0,2,,https://www.cruiseaway.com.au/cruises/central-america/miami,2026-05-03 12:52:53
cruise line companies,AU,Australia,English,,false,false,false,true,true,false,"AI Overview, Thumbnail, Video preview, People also ask",80,55,0.56,12,0,3,,https://www.cruiseaway.com.au/cruise-lines,2026-05-06 13:10:58
brisbane cruise deals,AU,Australia,English,Brisbane (Location),false,true,false,true,true,false,"Top ads, Paid sitelinks, Thumbnail",80,5,0.46,12,1,2,,https://www.cruiseaway.com.au/cheap-cruises-from-brisbane,2026-05-07 18:19:10
cruise price,AU,Australia,English,,false,false,false,true,true,false,"AI Overview, Thumbnail, People also ask",150,57,0.34,12,0,5,,https://www.cruiseaway.com.au/cheap-cruises,2026-04-10 05:13:32
transpacific repositioning cruises 2025,AU,Australia,English,,false,false,false,true,true,false,"Sitelinks, Discussions and forums, Bottom ads, Paid sitelinks",150,1,0.39,12,4,4,,https://www.cruiseaway.com.au/repositioning-cruises,2026-05-01 06:46:28
cruise sydney to hawaii,AU,Australia,English,,false,true,false,true,true,false,"Top ads, Paid sitelinks, AI Overview, Thumbnail, People also ask",200,0,0.40,12,0,4,,https://www.cruiseaway.com.au/cruises-from-sydney-to-hawaii-2027,2026-04-22 01:25:31
january 2025 cruises,AU,Australia,English,,false,false,false,true,true,true,People also ask,100,7,,12,0,3,,https://www.cruiseaway.com.au/january-cruises,2026-04-10 14:06:03
european river cruise specials,AU,Australia,English,,false,false,false,true,true,false,"Thumbnail, People also ask, Bottom ads, Paid sitelinks",100,2,,12,0,3,,https://www.cruiseaway.com.au/cruises/european-river,2026-04-28 17:15:54
book cruises,AU,Australia,English,,false,false,false,false,true,true,People also ask,100,69,0.61,12,0,3,,https://www.cruiseaway.com.au/,2026-05-06 21:05:45
cruises from new zealand,AU,Australia,English,New Zealand (Location),false,true,false,true,true,false,"AI Overview, People also ask, Discussions and forums",200,2,0.50,12,0,7,,https://www.cruiseaway.com.au/cruises/new-zealand,2026-05-07 14:35:22
cruise to new zealand from australia,AU,Australia,English,"New Zealand (Location), Australia (Location)",false,false,false,true,true,false,"AI Overview, Thumbnail, People also ask",300,1,0.42,12,0,1,AI Overview,https://www.cruiseaway.com.au/cruises-from-sydney-to-new-zealand,2026-04-11 01:21:26
cruise sydney to perth 2023,AU,Australia,English,Sydney to Perth (Event),false,true,false,true,true,false,"Sitelinks, Thumbnail, People also ask, Bottom ads, Paid sitelinks",90,0,0.33,12,0,2,,https://www.cruiseaway.com.au/cruises-from-sydney-to-perth,2026-04-12 21:25:53
iceland cruises 2024,AU,Australia,English,Iceland (Location),false,false,false,true,true,false,"Sitelinks, Thumbnail",90,2,1.46,12,0,2,,https://www.cruiseaway.com.au/cruises-iceland,2026-04-23 17:27:32
cruising from melbourne,AU,Australia,English,Melbourne (Location),false,true,false,true,true,false,AI Overview,400,0,,12,0,10,,https://www.cruiseaway.com.au/cruises/australia/melbourne,2026-05-11 06:41:44
7 day cruise,AU,Australia,English,,false,false,false,true,true,false,People also ask,150,1,0.43,12,0,4,,https://www.cruiseaway.com.au/7-day-cruises-from-sydney,2026-05-07 04:04:27
singapore to brisbane cruise,AU,Australia,English,,false,false,false,true,true,false,"AI Overview, Thumbnail",200,0,0.36,12,0,1,AI Overview,https://www.cruiseaway.com.au/singapore-to-brisbane-cruise-2026,2026-04-20 06:02:08
nye cruise,AU,Australia,English,,false,false,false,true,true,false,,40,10,0.45,12,0,1,,https://www.cruiseaway.com.au/new-years-eve-cruises,2026-04-16 23:51:30
last minute deals cruises,AU,Australia,English,,false,false,false,true,true,true,"Thumbnail, AI Overview",50,6,0.67,12,0,2,,https://www.cruiseaway.com.au/last-minute-cruises,2026-04-29 21:36:17
cruise in october,AU,Australia,English,,false,false,false,true,true,false,"AI Overview, Thumbnail, People also ask, Discussions and forums",30,0,,12,0,1,AI Overview,https://www.cruiseaway.com.au/october-cruises,2026-04-30 11:45:30
cruises from brisbane to hawaii,AU,Australia,English,"Brisbane (Location), Hawaii (Location)",false,true,false,true,true,false,"AI Overview, People also ask",30,0,0.37,12,0,1,AI Overview,https://www.cruiseaway.com.au/cruises-from-brisbane-to-hawaii,2026-05-03 03:45:02
3 night cruises,AU,Australia,English,,false,false,false,true,true,true,"Top ads, Thumbnail",100,1,0.32,12,0,3,,https://www.cruiseaway.com.au/short-cruises,2026-04-23 13:45:28
brisbane to new zealand,AU,Australia,English,"Brisbane (Location), New Zealand (Location)",false,true,false,true,true,false,People also ask,1400,0,0.17,12,0,13,,https://www.cruiseaway.com.au/cruises-from-brisbane-to-new-zealand,2026-05-07 13:39:56
cruise ships,AU,Australia,English,,false,false,false,true,false,false,"People also ask, Thumbnail, Video preview",1800,40,0.23,12,0,13,,https://www.cruiseaway.com.au/ships,2026-04-27 13:24:12
christmas cruise 2024,AU,Australia,English,,false,false,false,true,true,false,"People also ask, Thumbnail, Sitelinks, Discussions and forums",150,0,0.49,12,0,5,,https://www.cruiseaway.com.au/christmas-cruises,2026-04-22 18:16:43
new zealand cruises from brisbane,AU,Australia,English,"New Zealand (Location), Brisbane (Location)",false,true,false,true,true,false,"AI Overview, Thumbnail, People also ask",350,0,0.33,12,0,1,AI Overview,https://www.cruiseaway.com.au/cruises-from-brisbane-to-new-zealand,2026-04-14 00:52:02
cruise bali,AU,Australia,English,Bali (Location),false,true,false,true,true,false,"Local pack, People also ask",70,0,0.44,12,0,3,,https://www.cruiseaway.com.au/cruises/asia/bali,2026-04-23 11:58:39
cruise to india from australia,AU,Australia,English,"India (Location), Australia (Location)",false,false,false,true,true,false,"AI Overview, Thumbnail, People also ask, Bottom ads",150,0,0.36,12,0,6,,https://www.cruiseaway.com.au/cruises/india-and-indian-ocean/mumbai-bombay,2026-04-28 05:33:41
cruise to iceland,AU,Australia,English,Iceland (Location),false,false,false,true,true,false,"AI Overview, Thumbnail, Video preview, People also ask",150,0,0.62,12,0,1,AI Overview,https://www.cruiseaway.com.au/cruises-iceland,2026-04-25 03:46:17
india cruises,AU,Australia,English,India (Location),false,false,false,true,true,false,"Thumbnail, AI Overview",200,0,0.53,12,0,7,,https://www.cruiseaway.com.au/cruises/india-and-indian-ocean,2026-04-21 16:18:46
pacific cruise,AU,Australia,English,Pacific (Location),false,false,false,true,true,false,"AI Overview, Thumbnail, People also ask, Video preview",200,0,0.31,12,0,6,,https://www.cruiseaway.com.au/cruises/pacific,2026-04-23 22:40:25
moreton island cruises,AU,Australia,English,Moreton Island (Location),false,true,false,true,true,false,"Thumbnail, People also ask, Bottom ads, Paid sitelinks",100,22,0.45,12,0,3,,https://www.cruiseaway.com.au/cruises/moreton-island,2026-05-02 18:45:28
cruises to venice,AU,Australia,English,Venice (Location),false,true,false,true,true,false,People also ask,80,0,1.05,12,0,3,,https://www.cruiseaway.com.au/cruises/mediterranean/venice,2026-05-06 09:26:24
best value european river cruises,AU,Australia,English,,false,false,false,true,true,false,"AI Overview, Video preview, Thumbnail, People also ask, Discussions and forums",150,3,1.49,12,0,6,,https://www.cruiseaway.com.au/cruises/european-river,2026-04-20 23:56:03
family cruise from sydney,AU,Australia,English,Sydney (Location),false,true,false,true,true,false,"Thumbnail, People also ask, Discussions and forums",100,0,0.46,12,0,3,,https://www.cruiseaway.com.au/family-cruises,2026-05-02 05:02:32
cruise to perth from sydney,AU,Australia,English,"Perth (Location), Sydney (Location)",false,true,false,true,true,false,"Thumbnail, AI Overview",30,0,0.33,12,0,1,,https://www.cruiseaway.com.au/cruises-from-sydney-to-perth,2026-05-09 14:43:14
all inclusive cruise australia,AU,Australia,English,Australia (Location),false,true,false,true,true,false,"AI Overview, People also ask",30,15,,12,0,1,,https://www.cruiseaway.com.au/all-inclusive,2026-04-25 20:17:53
christmas day cruises,AU,Australia,English,,false,false,false,true,true,true,"People also ask, Local pack",70,0,0.49,12,0,2,,https://www.cruiseaway.com.au/christmas-cruises-from-brisbane,2026-04-20 02:23:15
new years eve cruises from brisbane,AU,Australia,English,Brisbane (Location),false,true,false,true,true,false,"Top ads, Thumbnail",30,0,,12,0,1,,https://www.cruiseaway.com.au/new-years-eve-cruises,2026-05-05 23:05:01
cruise ship sydney,AU,Australia,English,Sydney (Location),false,true,false,true,true,false,"Thumbnail, Discussions and forums, Video preview",900,14,0.43,12,0,12,,https://www.cruiseaway.com.au/cruises/australia/sydney,2026-04-26 00:10:16
cruise brisbane to new zealand,AU,Australia,English,"Brisbane (Location), New Zealand (Location)",false,true,false,true,true,false,Thumbnail,250,0,0.39,12,0,7,,https://www.cruiseaway.com.au/cruises-from-brisbane-to-new-zealand,2026-04-21 21:50:27
cruise tickets,AU,Australia,English,,false,false,false,true,true,false,"People also ask, Thumbnail",200,60,0.37,12,0,6,,https://www.cruiseaway.com.au/cheap-cruises,2026-05-01 10:43:18
cruises to sydney,AU,Australia,English,Sydney (Location),false,true,false,true,true,false,People also ask,200,4,0.44,11,0,6,,https://www.cruiseaway.com.au/brisbane-to-sydney-cruises,2026-04-16 04:25:32
cruise july,AU,Australia,English,,false,false,false,true,true,false,,70,9,0.45,11,0,2,,https://www.cruiseaway.com.au/july-cruises,2026-05-10 02:37:13
last minute cruises to panama canal,AU,Australia,English,Panama Canal (Location),false,false,false,true,true,true,"AI Overview, People also ask",80,3,,11,0,3,,https://www.cruiseaway.com.au/cruises/panama-canal,2026-05-02 12:36:26
rotterdam cruise deals,AU,Australia,English,Rotterdam (Location),false,true,false,true,true,true,"Thumbnail, People also ask, Bottom ads, Paid sitelinks",80,0,,11,0,2,,https://www.cruiseaway.com.au/ship/rotterdam,2026-04-27 16:17:20
hawaii cruise from australia,AU,Australia,English,Australia (Location),false,false,false,true,true,false,"AI Overview, Thumbnail, People also ask",150,0,0.36,11,0,1,AI Overview,https://www.cruiseaway.com.au/cruises-from-sydney-to-hawaii-2027,2026-04-21 08:35:05
round australia cruise,AU,Australia,English,Round Australia Cruise (Event),false,false,false,true,true,false,"Top ads, Paid sitelinks, AI Overview, Thumbnail, People also ask, Video preview, Bottom ads",150,0,0.50,11,0,1,AI Overview,https://www.cruiseaway.com.au/28-day-cruise-around-australia,2026-04-13 03:53:02
7 day cruise from sydney,AU,Australia,English,Sydney (Location),false,true,false,true,true,false,"AI Overview, Thumbnail, People also ask, Bottom ads, Paid sitelinks, Video preview, Sitelinks",450,0,0.34,11,0,1,AI Overview,https://www.cruiseaway.com.au/7-day-cruises-from-sydney,2026-04-25 01:58:31
cruise to tasmania from sydney,AU,Australia,English,"Tasmania (Location), Sydney (Location)",false,true,false,true,true,false,"AI Overview, Thumbnail",450,0,0.34,11,0,11,,https://www.cruiseaway.com.au/cruises-from-sydney-to-tasmania-2026,2026-04-15 06:19:19
last minute greece cruises,AU,Australia,English,,false,false,false,true,true,true,"AI Overview, People also ask",80,0,,11,0,2,,https://www.cruiseaway.com.au/cruises-to-greece,2026-04-26 17:17:53
budget european river cruises,AU,Australia,English,,false,false,false,true,true,false,"AI Overview, Thumbnail, Video preview, People also ask, Sitelinks, Discussions and forums",80,1,0.82,11,0,3,,https://www.cruiseaway.com.au/cruises/european-river,2026-04-29 09:09:02
cruises for sale,AU,Australia,English,,false,false,false,true,true,true,"Thumbnail, Knowledge panel, People also ask",150,23,1.26,11,0,5,,https://www.cruiseaway.com.au/last-minute-cruises,2026-05-09 05:03:53
xmas cruises australia,AU,Australia,English,Australia (Location),false,true,false,true,true,false,"AI Overview, Thumbnail, Video preview, People also ask",100,0,0.45,11,0,1,AI Overview,https://www.cruiseaway.com.au/christmas-cruises-from-brisbane,2026-04-12 03:38:29
cruise deals 2025,AU,Australia,English,,false,false,false,true,true,false,,30,37,0.44,11,0,1,,https://www.cruiseaway.com.au/cruises,2026-04-12 20:33:25
best cheap cruises,AU,Australia,English,,false,false,false,true,true,false,"People also ask, Discussions and forums",30,21,,11,0,1,,https://www.cruiseaway.com.au/cheap-cruises,2026-05-05 10:39:17
cheap cruise deals australia,AU,Australia,English,Australia (Location),false,true,false,true,true,false,People also ask,30,23,0.57,11,0,1,,https://www.cruiseaway.com.au/cheap-cruises,2026-04-13 23:08:29
cruise for singles australia,AU,Australia,English,Australia (Location),false,true,false,true,true,false,"Thumbnail, People also ask, Sitelinks",30,0,,11,0,1,,https://www.cruiseaway.com.au/singles-cruises,2026-05-08 09:35:31
last minute cruises from jacksonville,AU,Australia,English,Jacksonville (Location),false,true,false,true,true,true,People also ask,80,0,,11,0,2,,https://www.cruiseaway.com.au/cruises/jacksonville,2026-05-06 15:11:27
baltic sea cruises 2023,AU,Australia,English,Baltic Sea (Location),false,false,false,true,true,false,Sitelinks,100,0,0.52,11,0,3,,https://www.cruiseaway.com.au/cruises/scandinavia-baltic,2026-05-06 15:49:44
xmas cruises,AU,Australia,English,,false,false,false,true,true,false,"Top ads, Paid sitelinks, Thumbnail, People also ask, Discussions and forums",150,0,0.43,11,0,2,,https://www.cruiseaway.com.au/christmas-cruises-from-sydney-2026,2026-04-30 16:27:03
sydney new zealand cruise,AU,Australia,English,"Sydney (Location), New Zealand (Location)",false,true,false,true,true,false,"AI Overview, Video preview",150,1,,11,0,6,,https://www.cruiseaway.com.au/cruises-from-sydney-to-new-zealand,2026-04-20 19:13:17
one way cruise from australia to new zealand,AU,Australia,English,"Australia (Location), New Zealand (Location)",false,false,false,true,true,false,"Top ads, Paid sitelinks, AI Overview, Thumbnail, People also ask, Discussions and forums",90,0,0.45,11,3,4,,https://www.cruiseaway.com.au/cruises-from-sydney-to-new-zealand,2026-05-07 22:58:47
new year cruises from sydney,AU,Australia,English,Sydney (Location),false,true,false,true,true,false,"Thumbnail, Knowledge panel",80,6,,11,0,2,,https://www.cruiseaway.com.au/new-years-eve-cruises,2026-04-14 03:29:32
honolulu to sydney cruise,AU,Australia,English,,false,true,false,true,true,false,"AI Overview, Thumbnail, Video preview, Bottom ads",90,0,0.33,11,0,1,AI Overview,https://www.cruiseaway.com.au/honolulu-to-sydney-cruise,2026-04-20 08:58:39
british isles cruises 2023,AU,Australia,English,British Isles (Location),false,false,false,true,true,false,Sitelinks,150,0,,11,0,4,,https://www.cruiseaway.com.au/cruises/british-isles,2026-04-20 15:06:27
around australia cruise 2023,AU,Australia,English,Around Australia (Event),false,false,false,true,true,false,"AI Overview, Video preview, Thumbnail, People also ask, Sitelinks",100,0,0.40,11,0,1,AI Overview,https://www.cruiseaway.com.au/cruise-around-australia,2026-04-19 12:11:48
november cruises from sydney,AU,Australia,English,Sydney (Location),false,true,false,true,true,false,"AI Overview, Thumbnail, People also ask",80,1,0.45,11,0,1,AI Overview,https://www.cruiseaway.com.au/november-cruises,2026-05-11 04:41:42
melbourne to nz cruise,AU,Australia,English,"Melbourne (Location), New Zealand (Location)",false,true,false,true,true,false,"AI Overview, People also ask",30,0,,11,0,1,,https://www.cruiseaway.com.au/cruises-from-melbourne-to-new-zealand,2026-05-08 19:19:20
cruises from sydney in march,AU,Australia,English,Sydney (Location),false,true,false,true,true,false,"Top ads, Paid sitelinks",30,5,,11,0,1,,https://www.cruiseaway.com.au/march-cruises,2026-04-26 08:28:31
cruises brisbane to sydney,AU,Australia,English,,false,true,false,true,true,false,,30,8,0.32,11,0,1,,https://www.cruiseaway.com.au/brisbane-to-sydney-cruises,2026-04-28 23:37:28
singapore to sydney cruise 2025,AU,Australia,English,,false,false,false,true,true,false,"Top ads, Paid sitelinks, Sitelinks, Thumbnail, People also ask, Bottom ads",30,0,,11,1,1,,https://www.cruiseaway.com.au/cruises-from-singapore-to-sydney,2026-04-30 22:19:28
march cruises,AU,Australia,English,,false,false,false,true,true,false,Thumbnail,30,3,0.45,11,0,1,,https://www.cruiseaway.com.au/march-cruises,2026-05-11 04:20:29
penang cruise,AU,Australia,English,Penang (Location),false,true,false,true,true,false,"Thumbnail, Local pack, People also ask",70,0,0.45,11,0,2,,https://www.cruiseaway.com.au/cruises/asia/penang,2026-04-14 10:49:39
cruise trip from melbourne,AU,Australia,English,Melbourne (Location),false,true,false,true,true,true,"Top ads, Paid sitelinks, Thumbnail",70,3,0.45,11,0,2,,https://www.cruiseaway.com.au/cruises/australia/melbourne,2026-05-09 12:42:09
july cruises,AU,Australia,English,,false,false,false,true,true,false,"Top ads, Paid sitelinks, Thumbnail, AI Overview, Discussions and forums, Bottom ads",70,12,0.45,11,1,2,,https://www.cruiseaway.com.au/cruises-from-sydney-july-2026,2026-05-01 13:11:02
cruise fremantle to exmouth,AU,Australia,English,"Fremantle (Location), Exmouth (Location)",false,true,false,true,true,false,Thumbnail,30,0,0.37,11,0,1,,https://www.cruiseaway.com.au/fremantle-to-exmouth-cruise,2026-04-28 22:46:17
best cruises from brisbane,AU,Australia,English,Brisbane (Location),false,true,false,true,true,false,"AI Overview, Thumbnail, People also ask, Sitelinks, Discussions and forums",350,0,0.27,11,0,11,,https://www.cruiseaway.com.au/cruises/australia/brisbane,2026-04-28 19:22:12
tasmania cruise,AU,Australia,English,Tasmania (Location),false,true,false,true,true,false,"Discussions and forums, People also ask, Bottom ads, Paid sitelinks, Video preview",1300,1,0.38,11,190,10,,https://www.cruiseaway.com.au/cruises/tasmania-cruises,2026-04-29 07:24:39
cruise sydney to moreton island,AU,Australia,English,"Sydney (Location), Moreton Island (Location)",false,true,false,true,true,false,"Top ads, Paid sitelinks, AI Overview, Thumbnail, Video preview, People also ask",90,1,,11,0,1,AI Overview,https://www.cruiseaway.com.au/cruises/moreton-island,2026-04-26 02:16:29
cruises around new zealand only,AU,Australia,English,New Zealand (Location),false,true,false,true,true,false,"AI Overview, Thumbnail, People also ask, Sitelinks",150,4,0.49,11,0,6,,https://www.cruiseaway.com.au/new-zealand-cruise-deals,2026-05-08 17:33:33
cruise from sydney to hawaii,AU,Australia,English,"Sydney (Location), Hawaii (Location)",false,true,false,true,true,false,"AI Overview, Thumbnail, People also ask, Video preview",200,0,0.40,11,0,1,AI Overview,https://www.cruiseaway.com.au/cruises-from-sydney-to-hawaii-2026,2026-04-11 19:51:02
cheapest river cruises europe,AU,Australia,English,Europe (Location),false,false,false,true,true,false,"Top ads, Paid sitelinks, Thumbnail, People also ask",100,1,0.97,11,0,3,,https://www.cruiseaway.com.au/cruises/european-river,2026-04-20 10:25:28
last minute cruises to key west,AU,Australia,English,Key West (Location),false,true,false,true,true,true,People also ask,70,0,,11,0,2,,https://www.cruiseaway.com.au/cruises/caribbean/key-west,2026-04-15 07:51:28
cheap alaska cruises,AU,Australia,English,,false,false,false,true,true,false,"People also ask, Thumbnail, Sitelinks",100,2,0.98,11,0,4,,https://www.cruiseaway.com.au/cruises/alaska-cruise,2026-04-14 17:20:51
cruise to melbourne,AU,Australia,English,Melbourne (Location),false,true,false,true,true,false,People also ask,90,0,,11,0,3,,https://www.cruiseaway.com.au/sydney-to-melbourne-cruise,2026-05-01 16:47:32
cheapest cruises from brisbane,AU,Australia,English,Brisbane (Location),false,true,false,true,true,false,"People also ask, AI Overview",70,2,,11,0,3,,https://www.cruiseaway.com.au/cheap-cruises-from-brisbane,2026-04-18 11:19:54
cruise to hawaii from australia,AU,Australia,English,Hawaii (Location),false,false,false,true,true,false,AI Overview,150,0,0.30,11,0,8,,https://www.cruiseaway.com.au/cruises-from-sydney-to-hawaii-2027,2026-04-30 12:40:24
cruise alaska inside passage,AU,Australia,English,"Alaska (Location), Inside Passage (Location)",false,true,false,true,true,false,"AI Overview, Thumbnail, People also ask",100,3,0.90,11,0,5,,https://www.cruiseaway.com.au/cruises/alaska-canada-west/inside-passage,2026-04-11 10:09:32
last minute cruises to new zealand,AU,Australia,English,New Zealand (Location),false,false,false,true,true,true,"Top ads, Paid sitelinks, People also ask",150,1,0.39,11,3,5,,https://www.cruiseaway.com.au/last-minute-cruises,2026-04-17 23:54:30
last minute cruises to middle east,AU,Australia,English,Middle East (Location),false,false,false,true,true,true,,70,0,,11,0,2,,https://www.cruiseaway.com.au/cruises/united-arab-emirates,2026-05-11 05:30:00
cruise ship from sydney to new zealand,AU,Australia,English,"Sydney (Location), New Zealand (Location)",false,true,false,true,true,false,"People also ask, Bottom ads, Paid sitelinks",30,0,,11,0,1,,https://www.cruiseaway.com.au/cruises-from-sydney-to-new-zealand,2026-05-09 11:07:27
best value cruises,AU,Australia,English,,false,false,false,true,true,false,"Top ads, Paid sitelinks, AI Overview, Thumbnail, People also ask, Sitelinks",30,26,0.56,11,0,1,AI Overview,https://www.cruiseaway.com.au/cheap-cruises,2026-04-21 13:38:53
fly to hawaii cruise back to sydney,AU,Australia,English,,false,true,false,true,true,false,"Top ads, AI Overview, Thumbnail, Sitelinks, People also ask",20,0,,11,1,1,AI Overview,https://www.cruiseaway.com.au/hawaiian-shores-to-sydney,2026-05-02 18:53:53
last minute cheap cruises,AU,Australia,English,,false,false,false,true,true,true,"Top ads, Paid sitelinks, AI Overview, Discussions and forums",150,6,0.34,11,0,6,,https://www.cruiseaway.com.au/last-minute-cruises,2026-04-19 12:24:27
perth to sydney cruise,AU,Australia,English,,false,true,false,true,true,false,"AI Overview, Thumbnail, People also ask",60,0,0.18,10,0,1,AI Overview,https://www.cruiseaway.com.au/cruises-from-perth-fremantle-to-sydney,2026-04-21 02:36:34
brisbane to cairns cruise,AU,Australia,English,,false,true,false,true,true,false,AI Overview,150,0,0.32,10,0,6,,https://www.cruiseaway.com.au/cruise-from-brisbane-to-cairns,2026-05-10 05:37:14
last minute new orleans cruises,AU,Australia,English,New Orleans (Location),false,true,false,true,true,true,"AI Overview, Thumbnail, Local teaser",70,1,,10,0,3,,https://www.cruiseaway.com.au/cruises/american-rivers-/new-orleans,2026-04-10 10:24:52
cruises to kangaroo island,AU,Australia,English,Kangaroo Island (Location),false,true,false,true,true,false,"AI Overview, Thumbnail, People also ask",50,0,0.41,10,0,1,AI Overview,https://www.cruiseaway.com.au/cruises/australia/kangaroo-island,2026-05-03 18:26:53
cruising from brisbane,AU,Australia,English,Brisbane (Location),false,true,false,true,true,false,"Thumbnail, AI Overview",400,0,0.33,10,0,11,,https://www.cruiseaway.com.au/cruises/australia/brisbane,2026-04-18 21:34:11
cruise websites,AU,Australia,English,,false,false,false,true,true,false,"Top ads, Paid sitelinks, Thumbnail, People also ask, Bottom ads",100,71,0.46,10,14,3,,https://www.cruiseaway.com.au/,2026-05-06 06:04:02
cruise first australia,AU,Australia,English,Australia (Location),false,true,false,true,true,false,"Sitelinks, People also ask, Discussions and forums, Bottom ads, Paid sitelinks",250,0,0.69,10,0,3,,https://www.cruiseaway.com.au/,2026-05-07 13:17:12
cruises august 2023,AU,Australia,English,,false,false,false,true,true,false,"Sitelinks, People also ask",150,56,0.52,10,0,5,,https://www.cruiseaway.com.au/august-cruises,2026-05-06 19:24:53
january cruise,AU,Australia,English,,false,false,false,true,true,false,Discussions and forums,50,11,,10,0,1,,https://www.cruiseaway.com.au/january-cruises,2026-05-05 03:27:02
cheap cruise from brisbane,AU,Australia,English,Brisbane (Location),false,true,false,true,true,false,,70,6,,10,0,3,,https://www.cruiseaway.com.au/cheap-cruises-from-brisbane,2026-04-10 03:26:47
cruises in june,AU,Australia,English,,false,false,false,true,true,false,"AI Overview, People also ask",90,8,0.47,10,0,3,,https://www.cruiseaway.com.au/june-cruises,2026-05-09 10:29:44
fly cruise packages 2023,AU,Australia,English,,false,false,false,true,true,true,"Sitelinks, Thumbnail",80,20,0.88,10,0,2,,https://www.cruiseaway.com.au/fly-cruises,2026-05-02 16:40:53
3 day cruise from brisbane,AU,Australia,English,Brisbane (Location),false,true,false,true,true,false,,300,1,0.37,10,0,10,,https://www.cruiseaway.com.au/short-cruises,2026-04-11 20:31:06
cruise canada,AU,Australia,English,Canada (Location),false,false,false,true,true,false,"Top ads, Paid sitelinks, Local pack, People also ask",300,0,0.81,10,0,7,,https://www.cruiseaway.com.au/cruises/canada-usa-east-coast,2026-04-08 00:58:35
2 night cruise from sydney,AU,Australia,English,Sydney (Location),false,true,false,true,true,false,AI Overview,150,0,0.36,10,0,7,,https://www.cruiseaway.com.au/short-cruises-from-sydney,2026-04-28 04:25:10
cruises to cook islands from sydney,AU,Australia,English,"Cook Islands (Location), Sydney (Location)",false,true,false,true,true,false,"AI Overview, Thumbnail, People also ask",90,0,,10,0,1,AI Overview,https://www.cruiseaway.com.au/cruises/south-pacific/rarotonga,2026-05-08 11:28:59
last minute cruise deals from melbourne,AU,Australia,English,Melbourne (Location),false,true,false,true,true,true,"AI Overview, Thumbnail",50,1,0.28,10,0,2,,https://www.cruiseaway.com.au/last-minute-cruises,2026-05-02 03:09:58
cruise perth to bali,AU,Australia,English,"Perth (Location), Bali (Location)",false,true,false,true,true,false,"Top ads, Paid sitelinks, AI Overview, Thumbnail, People also ask, Discussions and forums",30,0,,10,0,1,AI Overview,https://www.cruiseaway.com.au/cruises-from-perth-fremantle-to-bali,2026-05-03 02:39:53
cruise in september,AU,Australia,English,,false,false,false,true,true,false,"Top ads, Thumbnail, AI Overview, People also ask",30,30,,10,0,1,,https://www.cruiseaway.com.au/september-cruises,2026-04-26 04:15:28
fly and cruise,AU,Australia,English,,false,false,false,true,true,false,"Top ads, Paid sitelinks",30,2,0.73,10,1,1,,https://www.cruiseaway.com.au/fly-cruises,2026-04-12 06:01:10
australia cheap cruise,AU,Australia,English,Australia (Location),false,true,false,true,true,false,AI Overview,30,31,0.45,10,0,1,,https://www.cruiseaway.com.au/cheap-cruises,2026-05-07 00:17:49
brisbane to sydney cruise 2 days,AU,Australia,English,,false,true,false,true,true,false,"People also ask, Video preview",30,0,0.40,10,0,1,,https://www.cruiseaway.com.au/brisbane-to-sydney-cruises,2026-04-13 08:10:21
cruise holiday packages,AU,Australia,English,,false,false,false,true,true,false,"Top ads, Thumbnail",150,52,0.40,10,0,6,,https://www.cruiseaway.com.au/fly-cruises,2026-04-27 04:02:57
vancouver cruises,AU,Australia,English,Vancouver (Location),false,true,false,true,true,false,"Local pack, People also ask",100,0,0.84,10,0,5,,https://www.cruiseaway.com.au/cruises/vancouver,2026-04-17 21:14:27
january cruises from brisbane,AU,Australia,English,Brisbane (Location),false,true,false,true,true,false,,70,0,,10,0,2,,https://www.cruiseaway.com.au/cruises-from-brisbane-january-2027,2026-05-09 19:00:23
last minute cruises deals,AU,Australia,English,,false,false,false,true,true,true,"Top ads, Paid sitelinks, AI Overview, Thumbnail",70,6,,10,0,2,,https://www.cruiseaway.com.au/last-minute-cruises,2026-05-04 02:47:53
cruises to kusadasi,AU,Australia,English,Kusadasi (Location),false,true,false,true,true,false,People also ask,150,0,0.58,10,0,6,,https://www.cruiseaway.com.au/cruises/mediterranean/ku-adas-ephesus,2026-05-09 09:56:46
cruise in perth,AU,Australia,English,Perth (Location),false,true,false,true,true,false,"Local pack, People also ask, Video preview",90,0,0.45,10,0,4,,https://www.cruiseaway.com.au/cruises/australia/perth,2026-05-02 09:58:22
cruise from australia to japan in 2025,AU,Australia,English,"Australia (Location), Japan (Location)",false,false,false,true,true,false,"People also ask, Discussions and forums, Thumbnail",150,0,0.38,10,0,5,,https://www.cruiseaway.com.au/travelzoo-exclusive-sydney-to-japan,2026-04-29 02:58:28
cruises melbourne,AU,Australia,English,Melbourne (Location),false,true,false,true,true,false,"Video preview, Thumbnail",250,0,0.28,10,0,8,,https://www.cruiseaway.com.au/cruises/australia/melbourne,2026-05-09 20:53:11
mediterranean cruise 2025,AU,Australia,English,,false,false,false,true,true,false,People also ask,100,4,0.70,10,0,4,,https://www.cruiseaway.com.au/mediterranean-cruises-2026,2026-04-12 11:07:02
cheap cruises to hawaii,AU,Australia,English,Hawaii (Location),false,true,false,true,true,false,"People also ask, Thumbnail",70,0,0.62,10,0,3,,https://www.cruiseaway.com.au/cruises-from-sydney-to-hawaii-2026,2026-05-01 10:01:58
cruise to africa,AU,Australia,English,Africa (Location),false,false,false,true,true,false,"Top ads, Paid sitelinks, AI Overview, Thumbnail, People also ask",150,0,0.85,10,4,6,,https://www.cruiseaway.com.au/cruises/africa,2026-05-10 02:39:21
cruises from beijing,AU,Australia,English,Beijing (Location),false,true,false,true,true,false,People also ask,150,0,,10,0,5,,https://www.cruiseaway.com.au/cruises/asia/tianjin-beijing,2026-04-25 02:19:32
cruises from newcastle,AU,Australia,English,Newcastle (Location),false,true,false,true,true,false,"AI Overview, Thumbnail, People also ask",90,0,0.25,10,0,1,AI Overview,https://www.cruiseaway.com.au/cruises/australia/newcastle,2026-04-21 03:17:21
new years cruise australia,AU,Australia,English,Australia (Location),false,true,false,true,true,false,"Top ads, Paid sitelinks",70,1,0.48,10,0,2,,https://www.cruiseaway.com.au/new-years-eve-cruises,2026-04-12 14:14:10
cruise to bora bora,AU,Australia,English,Bora Bora (Location),false,false,false,true,true,false,"AI Overview, Thumbnail, People also ask",70,0,0.55,10,0,1,AI Overview,https://www.cruiseaway.com.au/cruises/south-pacific/bora-bora,2026-05-10 08:10:10
cruise adelaide,AU,Australia,English,Adelaide (Location),false,true,false,true,true,false,Local pack,300,1,0.13,10,0,10,,https://www.cruiseaway.com.au/cruises/adelaide,2026-04-06 03:17:27
melbourne to sydney cruise,AU,Australia,English,,false,true,false,true,true,false,"Top ads, Paid sitelinks, Thumbnail, AI Overview, Bottom ads",200,0,0.34,10,0,7,,https://www.cruiseaway.com.au/melbourne-to-sydney-cruise,2026-04-12 22:01:28
cruise deals from brisbane 2024,AU,Australia,English,Brisbane (Location),false,true,false,true,true,false,"AI Overview, Sitelinks",150,12,,10,0,6,,https://www.cruiseaway.com.au/cruises/australia/brisbane,2026-04-22 23:03:32
asia cruises 2025,AU,Australia,English,,false,false,false,true,true,false,Thumbnail,100,0,0.46,10,0,4,,https://www.cruiseaway.com.au/cruises/asia,2026-04-12 16:27:11
cruise australia sydney,AU,Australia,English,"Australia (Location), Sydney (Location)",false,true,false,true,true,false,Local pack,150,5,,10,0,5,,https://www.cruiseaway.com.au/cruises/australia/sydney,2026-05-08 05:52:53
caribbean cruise australia,AU,Australia,English,Australia (Location),false,true,false,true,true,false,"Thumbnail, People also ask, Bottom ads, Paid sitelinks",70,18,,10,0,2,,https://www.cruiseaway.com.au/cruiseline/royal-caribbean-cruises,2026-04-19 12:01:53
fly stay cruise,AU,Australia,English,,false,false,false,true,true,false,Thumbnail,30,24,,10,1,1,,https://www.cruiseaway.com.au/fly-cruises,2026-04-27 03:11:32
cruise to sydney from brisbane,AU,Australia,English,"Sydney (Location), Brisbane (Location)",false,true,false,true,true,false,"AI Overview, People also ask",30,8,,10,0,1,,https://www.cruiseaway.com.au/brisbane-to-sydney-cruises,2026-04-27 01:22:40
cruise online,AU,Australia,English,,false,false,false,true,true,true,,30,71,0.58,10,0,1,,https://www.cruiseaway.com.au/,2026-05-05 05:17:17
cruise sydney to brisbane,AU,Australia,English,,false,true,false,true,true,false,"AI Overview, People also ask, Thumbnail, Bottom ads, Paid sitelinks",200,0,0.31,10,0,7,,https://www.cruiseaway.com.au/brisbane-to-sydney-cruises,2026-04-24 23:27:37
australia to canada cruise,AU,Australia,English,,false,false,false,true,true,false,"AI Overview, Thumbnail, Top ads, People also ask, Bottom ads, Paid sitelinks",150,0,,10,0,1,AI Overview,https://www.cruiseaway.com.au/cruises/vancouver,2026-04-29 12:16:02
cruises to japan 2023,AU,Australia,English,,false,false,false,true,true,true,"Thumbnail, People also ask, Sitelinks, Bottom ads, Paid sitelinks",150,0,0.50,10,0,5,,https://www.cruiseaway.com.au/cruise/japan-from-australia-with-the-westerdam-18503471,2026-05-06 01:51:33
mystery island cruise,AU,Australia,English,Mystery Island (Location),false,false,false,true,false,false,"People also ask, Thumbnail",100,0,0.26,10,0,4,,https://www.cruiseaway.com.au/cruises/south-pacific/mystery-island,2026-04-16 12:42:03
brisbane to airlie beach cruise,AU,Australia,English,"Brisbane (Location), Airlie Beach (Location)",false,true,false,true,true,false,"AI Overview, People also ask",250,0,0.36,10,0,10,,https://www.cruiseaway.com.au/cruises/australia/airlie-beach,2026-04-30 23:56:18
repositioning cruises,AU,Australia,English,,false,false,false,true,true,false,"Video preview, People also ask, Thumbnail",1500,7,0.24,10,0,17,,https://www.cruiseaway.com.au/repositioning-cruises,2026-05-02 13:27:31
river cruises europe,AU,Australia,English,Europe (Location),false,false,false,true,true,false,"Top ads, Paid sitelinks, AI Overview, People also ask, Bottom ads, Video preview",1500,8,0.97,10,0,14,,https://www.cruiseaway.com.au/river-cruises,2026-04-30 02:24:37
cruise from bali,AU,Australia,English,Bali (Location),false,true,false,true,true,false,"AI Overview, People also ask",150,0,0.50,10,0,6,,https://www.cruiseaway.com.au/cruises/asia/bali,2026-05-07 05:30:17
cruises to greece,AU,Australia,English,Greece (Location),false,false,false,true,true,false,People also ask,150,0,0.89,10,0,5,,https://www.cruiseaway.com.au/cruises-to-greece,2026-05-04 19:16:28
cruises to moreton island,AU,Australia,English,Moreton Island (Location),false,true,false,true,true,false,"Thumbnail, People also ask, Bottom ads, Paid sitelinks",70,10,,10,0,2,,https://www.cruiseaway.com.au/cruises/moreton-island,2026-04-15 08:21:53
kangaroo island cruises,AU,Australia,English,Kangaroo Island (Location),false,false,false,true,true,false,"Thumbnail, People also ask",70,0,0.41,10,1,2,,https://www.cruiseaway.com.au/cruises/australia/kangaroo-island,2026-04-18 19:15:43
4 night cruise from sydney,AU,Australia,English,Sydney (Location),false,true,false,true,true,true,"AI Overview, People also ask, Bottom ads, Paid sitelinks",100,1,0.34,10,0,5,,https://www.cruiseaway.com.au/short-cruises,2026-04-09 19:25:52
cruise from brisbane to cairns,AU,Australia,English,"Brisbane (Location), Cairns (Location)",false,true,false,true,true,false,People also ask,150,0,0.32,10,0,7,,https://www.cruiseaway.com.au/cruise-from-brisbane-to-cairns,2026-05-09 06:04:54
short cruise from sydney,AU,Australia,English,Sydney (Location),false,true,false,true,true,false,AI Overview,250,2,0.27,10,0,9,,https://www.cruiseaway.com.au/short-cruises,2026-05-10 13:32:28
discount cruises australia,AU,Australia,English,Australia (Location),false,true,false,true,true,false,"People also ask, Thumbnail, Bottom ads, Paid sitelinks",150,31,0.45,10,28,4,,https://www.cruiseaway.com.au/cheap-cruises,2026-04-22 23:06:10
cheapest cruises,AU,Australia,English,,false,false,false,true,true,false,"People also ask, Video preview",50,22,0.28,10,0,2,,https://www.cruiseaway.com.au/cheap-cruises,2026-04-23 00:32:49
cruise to bali from australia,AU,Australia,English,"Bali (Location), Australia (Location)",false,false,false,true,true,false,"Top ads, Paid sitelinks, AI Overview, Thumbnail, People also ask, Bottom ads",150,0,0.42,10,0,7,,https://www.cruiseaway.com.au/cruises-from-perth-fremantle-to-bali,2026-04-17 21:49:39
round australia cruises,AU,Australia,English,,false,false,false,true,true,false,"Top ads, Paid sitelinks, AI Overview, People also ask, Video preview, Bottom ads",80,1,0.38,10,2,4,,https://www.cruiseaway.com.au/cruise-around-australia,2026-04-10 08:23:28
cruise to bali,AU,Australia,English,Bali (Location),false,true,false,true,true,false,People also ask,200,0,0.32,9,0,7,,https://www.cruiseaway.com.au/cruises-from-perth-fremantle-to-bali,2026-04-12 08:35:42
18 day cruise hawaii to australia,AU,Australia,English,,false,false,false,true,true,false,"People also ask, Video preview",100,0,0.43,9,0,4,,https://www.cruiseaway.com.au/cruises-from-hawaii-to-sydney,2026-04-18 19:37:03
cruise september,AU,Australia,English,,false,false,false,true,true,false,"Top ads, Paid sitelinks",40,9,0.45,9,0,1,,https://www.cruiseaway.com.au/september-cruises,2026-04-13 14:52:52
cruise holidays from perth,AU,Australia,English,Perth (Location),false,true,false,true,true,false,"Thumbnail, People also ask",30,2,,9,0,1,,https://www.cruiseaway.com.au/cruises/australia/perth,2026-05-01 07:03:30
cruise march,AU,Australia,English,,false,false,false,true,true,false,AI Overview,30,39,0.45,9,0,1,,https://www.cruiseaway.com.au/march-cruises,2026-05-09 15:15:23
melbourne cruise deals,AU,Australia,English,Melbourne (Location),false,true,false,true,true,false,AI Overview,30,1,0.45,9,0,1,,https://www.cruiseaway.com.au/cruises/australia/melbourne,2026-05-02 16:51:28
cruises melbourne to new zealand,AU,Australia,English,,false,true,false,true,true,false,,30,0,0.45,9,0,1,,https://www.cruiseaway.com.au/cruises-from-melbourne-to-new-zealand,2026-04-19 13:22:23
family cruise,AU,Australia,English,,false,false,false,true,true,false,"Top ads, Thumbnail, People also ask",350,0,0.31,9,0,8,,https://www.cruiseaway.com.au/,2026-04-18 08:14:02
new years cruise from sydney,AU,Australia,English,Sydney (Location),false,true,false,true,true,true,People also ask,100,9,,9,0,4,,https://www.cruiseaway.com.au/new-years-eve-cruises,2026-04-10 20:30:07
2025 cruises australia,AU,Australia,English,Australia (Location),false,false,false,true,true,false,"Thumbnail, Discussions and forums",100,50,0.81,9,0,4,,https://www.cruiseaway.com.au/cruises/australia,2026-05-07 12:12:09
hawaii to brisbane cruise,AU,Australia,English,"Hawaii (Location), Brisbane (Location)",false,true,false,true,true,false,"AI Overview, Thumbnail, People also ask",60,0,0.51,9,0,3,,https://www.cruiseaway.com.au/cruises-from-brisbane-to-hawaii,2026-04-20 02:32:32
cruises to bali,AU,Australia,English,Bali (Location),false,true,false,true,true,false,People also ask,200,0,0.41,9,0,7,,https://www.cruiseaway.com.au/cruises/asia/bali,2026-05-09 10:45:54
new zealand cruise from brisbane,AU,Australia,English,"New Zealand (Location), Brisbane (Location)",false,true,false,true,true,false,AI Overview,250,0,0.33,9,0,9,,https://www.cruiseaway.com.au/cruises-from-brisbane-to-new-zealand,2026-05-07 14:45:24
how much is a cruise ship,AU,Australia,English,,false,false,false,true,false,false,People also ask,150,11,0.17,9,0,6,,https://www.cruiseaway.com.au/cheap-cruises,2026-04-24 07:10:28
cruise australia to new zealand,AU,Australia,English,"Australia (Location), New Zealand (Location)",false,false,false,true,true,false,AI Overview,200,2,0.42,9,0,8,,https://www.cruiseaway.com.au/cruises-from-sydney-to-new-zealand,2026-05-08 05:40:42
cruise to sydney,AU,Australia,English,Sydney (Location),false,true,false,true,true,false,"Top ads, Paid sitelinks, Thumbnail, AI Overview, People also ask, Bottom ads",150,17,0.44,9,0,7,,https://www.cruiseaway.com.au/brisbane-to-sydney-cruises,2026-04-20 12:30:05
cheap cruises 2024,AU,Australia,English,,false,false,false,true,true,false,Sitelinks,20,24,0.52,9,0,1,,https://www.cruiseaway.com.au/cheap-cruises,2026-05-07 23:45:25
cruise in july,AU,Australia,English,,false,false,false,true,true,false,"AI Overview, People also ask",60,37,0.45,9,0,2,,https://www.cruiseaway.com.au/july-cruises,2026-04-30 00:10:47
cruises december,AU,Australia,English,,false,false,false,true,true,false,Thumbnail,60,4,0.45,9,0,2,,https://www.cruiseaway.com.au/december-cruises,2026-04-15 04:08:35
cruises from vancouver,AU,Australia,English,Vancouver (Location),false,true,false,true,true,false,"Thumbnail, People also ask",250,0,0.49,9,0,9,,https://www.cruiseaway.com.au/cruises/vancouver,2026-04-22 13:07:38
mini cruises,AU,Australia,English,,false,false,false,true,true,false,,50,1,0.32,9,0,2,,https://www.cruiseaway.com.au/short-cruises-from-melbourne,2026-05-10 14:02:28
theme cruises australia,AU,Australia,English,Australia (Location),false,true,false,true,true,false,People also ask,100,1,,9,0,4,,https://www.cruiseaway.com.au/themecruises,2026-04-22 06:04:55
canada inside passage cruise,AU,Australia,English,"Canada (Location), Inside Passage (Location)",false,false,false,true,true,false,"AI Overview, People also ask, Discussions and forums, Bottom ads",100,1,1.14,9,0,5,,https://www.cruiseaway.com.au/cruises/alaska-canada-west/inside-passage,2026-05-04 11:43:35
cruise deals from brisbane 2023,AU,Australia,English,Brisbane (Location),false,true,false,true,true,false,Sitelinks,150,13,0.46,9,0,5,,https://www.cruiseaway.com.au/cheap-cruises-from-brisbane,2026-04-20 17:43:54
cruise to tasmania from brisbane,AU,Australia,English,"Tasmania (Location), Brisbane (Location)",false,true,false,true,true,false,"AI Overview, People also ask",200,0,0.26,9,0,8,,https://www.cruiseaway.com.au/cruises-to-tasmania-from-brisbane,2026-05-09 07:53:38
river cruise,AU,Australia,English,,false,false,false,true,true,false,"AI Overview, Discussions and forums, People also ask, Video preview, Image pack",1100,12,0.68,9,0,13,,https://www.cruiseaway.com.au/river-cruises,2026-05-10 03:44:36
december cruises,AU,Australia,English,,false,false,false,true,true,false,"Top ads, Paid sitelinks, Thumbnail, People also ask, Discussions and forums",150,0,0.39,9,0,2,,https://www.cruiseaway.com.au/december-cruises,2026-04-28 09:53:28
unsold cruise cabins australia,AU,Australia,English,Australia (Location),false,true,false,true,true,true,"People also ask, Sitelinks",60,1,0.28,9,0,2,,https://www.cruiseaway.com.au/last-minute-cruises,2026-05-06 18:57:45
seattle cruise,AU,Australia,English,Seattle (Location),false,true,false,true,true,false,"Local pack, Thumbnail, People also ask",100,0,0.42,9,0,6,,https://www.cruiseaway.com.au/cruises/north-america/seattle,2026-04-12 15:50:32
cruise pacific,AU,Australia,English,Pacific (Location),false,false,false,true,true,false,Thumbnail,100,0,0.60,9,0,5,,https://www.cruiseaway.com.au/cruises/pacific,2026-05-11 13:37:26
south pacific cruise deals,AU,Australia,English,South Pacific (Location),false,false,false,true,true,false,,200,1,0.64,9,0,7,,https://www.cruiseaway.com.au/cruises/south-pacific,2026-05-08 05:57:38
new years eve cruises,AU,Australia,English,,false,false,false,true,true,true,AI Overview,150,1,0.46,9,0,5,,https://www.cruiseaway.com.au/new-years-eve-cruises,2026-05-07 04:58:21
fly stay cruise packages 2024,AU,Australia,English,,false,false,false,true,true,false,Sitelinks,90,3,0.62,9,0,3,,https://www.cruiseaway.com.au/fly-cruises,2026-04-17 10:54:02
cruise hawaii to brisbane,AU,Australia,English,"Hawaii (Location), Brisbane (Location)",false,true,false,true,true,false,"AI Overview, Thumbnail, People also ask, Video preview",30,0,0.47,9,0,1,AI Overview,https://www.cruiseaway.com.au/cruises-from-brisbane-to-hawaii,2026-05-11 06:18:07
cruise deals from sydney to new zealand,AU,Australia,English,"Sydney (Location), New Zealand (Location)",false,true,false,true,true,false,"Top ads, Paid sitelinks, AI Overview, Thumbnail, Bottom ads",30,0,,9,0,1,AI Overview,https://www.cruiseaway.com.au/cruises-from-sydney-to-new-zealand,2026-05-04 22:36:53
pacific islands cruise from sydney,AU,Australia,English,"Pacific Islands (Location), Sydney (Location)",false,true,false,true,true,false,AI Overview,30,0,0.57,9,0,1,,https://www.cruiseaway.com.au/cruises-from-sydney-to-south-pacific,2026-05-07 05:49:11
cruises to san juan,AU,Australia,English,San Juan (Location),false,true,false,true,true,false,"Top ads, People also ask, Thumbnail, Discussions and forums, Bottom ads, Paid sitelinks",200,0,,9,3,7,,https://www.cruiseaway.com.au/cruises/caribbean/san-juan,2026-05-01 11:47:27
cruise from hawaii to sydney,AU,Australia,English,"Hawaii (Location), Sydney (Location)",false,true,false,true,true,false,"AI Overview, Thumbnail, People also ask, Video preview, Discussions and forums",150,0,0.42,9,0,1,AI Overview,https://www.cruiseaway.com.au/hawaii-to-sydney-cruise-2026,2026-05-07 05:57:08
family cruise from brisbane,AU,Australia,English,Brisbane (Location),false,true,false,true,true,false,"AI Overview, People also ask, Discussions and forums",100,0,,9,0,5,,https://www.cruiseaway.com.au/cheap-cruises-from-brisbane,2026-05-07 12:02:08
cruise sydney to brisbane one way,AU,Australia,English,,false,true,false,true,true,false,"AI Overview, Thumbnail, People also ask",150,0,0.46,9,0,7,,https://www.cruiseaway.com.au/brisbane-to-sydney-cruises,2026-04-18 14:57:31
brisbane cruise,AU,Australia,English,Brisbane (Location),false,true,false,true,true,false,"Local pack, Thumbnail, Discussions and forums, Video preview",1200,11,0.33,9,0,17,,https://www.cruiseaway.com.au/cruises/australia/brisbane,2026-04-26 00:03:51
cruise prices,AU,Australia,English,,false,false,false,true,true,false,"AI Overview, Thumbnail, People also ask",200,50,0.24,9,0,8,,https://www.cruiseaway.com.au/cheap-cruises,2026-04-24 23:46:47
northern europe cruises 2023,AU,Australia,English,Northern Europe (Location),false,false,false,true,true,false,"Thumbnail, Sitelinks, People also ask",90,4,1.49,9,0,3,,https://www.cruiseaway.com.au/cruises/northern-europe,2026-04-22 15:17:11
cheapest cruise deals,AU,Australia,English,,false,false,false,true,true,false,"People also ask, Video preview",50,22,0.46,9,0,2,,https://www.cruiseaway.com.au/cheap-cruises,2026-04-26 05:03:36
cruise deals from lisbon,AU,Australia,English,Lisbon (Location),false,true,false,true,true,false,,200,0,,9,0,7,,https://www.cruiseaway.com.au/cruises/lisbon,2026-04-15 12:02:19
last minute baltimore cruises,AU,Australia,English,Baltimore (Location),false,true,false,true,true,true,"Top ads, Paid sitelinks, Thumbnail, People also ask",80,0,,9,0,3,,https://www.cruiseaway.com.au/cruises/baltimore,2026-05-03 00:55:52
cruises from miami,AU,Australia,English,Miami (Location),false,true,false,true,true,false,"People also ask, AI Overview, Discussions and forums",250,0,0.36,9,0,9,,https://www.cruiseaway.com.au/cruises/central-america/miami,2026-05-07 07:32:22
0z cruising,AU,Australia,English,,false,false,false,true,true,false,"Sitelinks, Discussions and forums, People also ask, Video preview",60,0,,9,0,2,,https://www.cruiseaway.com.au/oz-cruises,2026-05-06 15:54:52
singles cruise deals,AU,Australia,English,,false,false,false,true,true,false,"People also ask, Discussions and forums",60,1,,9,0,3,,https://www.cruiseaway.com.au/singles-cruises,2026-04-19 07:25:02
unsold cruise cabins,AU,Australia,English,,false,false,false,true,true,false,"AI Overview, People also ask, Discussions and forums, Video preview",60,3,0.23,9,0,4,,https://www.cruiseaway.com.au/last-minute-cruises,2026-05-07 01:16:39
10 day cruise from sydney,AU,Australia,English,Sydney (Location),false,true,false,true,true,false,"AI Overview, Thumbnail",100,0,0.35,9,0,6,,https://www.cruiseaway.com.au/cruise/new-zealand-from-sydney-australia-with-the-carnival-splendor-16931468,2026-04-11 02:47:46
cruises from brisbane to cairns,AU,Australia,English,"Brisbane (Location), Cairns (Location)",false,true,false,true,true,false,"AI Overview, Thumbnail, People also ask",100,0,0.31,9,0,1,AI Overview,https://www.cruiseaway.com.au/cruise-from-brisbane-to-cairns,2026-05-09 18:47:42
cruceros en australia,AU,Australia,Spanish,Australia (Location),false,true,false,true,true,false,"Top ads, Paid sitelinks, People also ask",100,31,,9,0,5,,https://www.cruiseaway.com.au/cruises/australia,2026-05-05 06:45:09
eastern mediterranean cruise deals,AU,Australia,English,Eastern Mediterranean (Location),false,false,false,true,true,false,People also ask,200,0,,9,0,8,,https://www.cruiseaway.com.au/cruise/eastern-mediterranean-from-athens-piraeus-greece-with-the-seabourn-quest-17796434,2026-04-10 08:54:51
cruise to japan from australia,AU,Australia,English,"Japan (Location), Australia (Location)",false,false,false,true,true,false,"AI Overview, Thumbnail, People also ask, Discussions and forums",250,0,0.37,9,0,10,,https://www.cruiseaway.com.au/cruise/ultimate-autumn-in-japan-18297062,2026-04-28 19:43:06
3 day cruise melbourne,AU,Australia,English,Melbourne (Location),false,true,false,true,true,false,"AI Overview, Thumbnail",60,0,0.20,9,0,1,AI Overview,https://www.cruiseaway.com.au/3-day-cruises-from-melbourne,2026-04-26 19:12:27
last minute boston cruises,AU,Australia,English,Boston Cruises (Event),false,true,false,true,true,true,"People also ask, Sitelinks",80,1,,9,0,3,,https://www.cruiseaway.com.au/cruises/north-america/boston,2026-05-09 21:12:14
last minute cruise deal,AU,Australia,English,,false,false,false,true,true,true,Discussions and forums,80,6,0.67,9,0,3,,https://www.cruiseaway.com.au/last-minute-cruises,2026-04-11 00:03:38
november cruises,AU,Australia,English,,false,false,false,true,true,false,AI Overview,60,3,0.29,9,0,2,,https://www.cruiseaway.com.au/november-cruises,2026-04-10 16:07:28
family cruises from sydney,AU,Australia,English,Sydney (Location),false,true,false,true,true,false,"AI Overview, People also ask, Discussions and forums",300,0,0.33,9,0,11,,https://www.cruiseaway.com.au/family-cruises,2026-04-09 05:53:48
pacific island cruises,AU,Australia,English,,false,false,false,true,true,false,"Thumbnail, Bottom ads, Paid sitelinks",300,0,0.27,9,0,7,,https://www.cruiseaway.com.au/cruises-from-sydney-to-south-pacific,2026-04-20 20:15:17
cruise sydney to nz,AU,Australia,English,,false,true,false,true,true,false,"AI Overview, People also ask",90,0,0.45,9,0,5,,https://www.cruiseaway.com.au/cruises-from-sydney-to-new-zealand,2026-04-10 05:01:47
cruise perth to exmouth,AU,Australia,English,"Perth (Location), Exmouth (Location)",false,true,false,true,true,false,"Thumbnail, Bottom ads, Paid sitelinks",20,0,0.34,9,0,1,,https://www.cruiseaway.com.au/fremantle-to-exmouth-cruise,2026-04-19 18:33:02
bora bora cruise from australia,AU,Australia,English,Bora Bora (Location),false,false,false,true,true,false,"AI Overview, People also ask",20,0,,9,0,2,,https://www.cruiseaway.com.au/cruises/south-pacific/bora-bora,2026-05-11 14:15:00
cruises sydney to perth,AU,Australia,English,Sydney to Perth (Event),false,true,false,true,true,false,"AI Overview, People also ask, Video preview",20,0,0.33,9,0,1,,https://www.cruiseaway.com.au/cruises-from-sydney-to-perth,2026-04-25 20:33:24
cruise in november,AU,Australia,English,,false,false,false,true,true,false,People also ask,20,36,,9,0,1,,https://www.cruiseaway.com.au/november-cruises,2026-04-22 18:44:50
cruise from australia to italy,AU,Australia,English,"Australia (Location), Italy (Location)",false,false,false,true,true,false,"Top ads, Paid sitelinks, AI Overview, Thumbnail, People also ask",100,0,0.40,9,0,1,AI Overview,https://www.cruiseaway.com.au/cruise/magnificent-sydney-to-rome-adventure-18166912,2026-05-06 00:48:53
cruises to beijing,AU,Australia,English,Beijing (Location),false,true,false,true,true,false,"Top ads, Thumbnail, People also ask",70,0,,9,0,3,,https://www.cruiseaway.com.au/cruises/asia/tianjin-beijing,2026-04-26 04:25:53
last minute british isles cruises,AU,Australia,English,British Isles (Location),false,false,false,true,true,true,"AI Overview, Thumbnail, People also ask",70,0,,9,0,1,AI Overview,https://www.cruiseaway.com.au/cruises/british-isles,2026-04-14 07:34:01
cruise trip melbourne,AU,Australia,English,Melbourne (Location),false,true,false,true,true,false,"AI Overview, Local pack",200,1,0.47,9,0,10,,https://www.cruiseaway.com.au/cruises/australia/melbourne,2026-05-01 17:59:54
round the world cruise,AU,Australia,English,,false,false,false,true,true,false,People also ask,300,1,0.74,9,0,8,,https://www.cruiseaway.com.au/cruise/round-the-world-trip-from-melbourne-australia-with-the-crown-princess-17962313,2026-04-13 19:40:42
cruise australia,AU,Australia,English,Australia (Location),false,true,false,true,true,false,"Thumbnail, People also ask, Top stories, Discussions and forums, Video preview",1800,44,0.46,9,0,19,,https://www.cruiseaway.com.au/cruises/australia,2026-04-26 23:11:59
last minute charleston cruises,AU,Australia,English,Charleston (Location),false,true,false,true,true,true,"People also ask, Sitelinks",70,0,,9,0,3,,https://www.cruiseaway.com.au/cruises/charleston,2026-04-10 17:23:53
cheap family cruises,AU,Australia,English,,false,false,false,true,true,false,"Top ads, Paid sitelinks, Thumbnail, People also ask, Bottom ads",70,0,0.40,9,2,3,,https://www.cruiseaway.com.au/cruises-under-999,2026-04-27 22:42:27
cruise thailand,AU,Australia,English,Thailand (Location),false,false,false,true,true,false,"AI Overview, Thumbnail, People also ask, Discussions and forums",70,0,0.38,9,0,1,AI Overview,https://www.cruiseaway.com.au/cruises-to-thailand,2026-04-27 12:58:17
cruises from brisbane to new zealand 2025,AU,Australia,English,"Brisbane (Location), New Zealand (Location)",false,true,false,true,true,false,"Thumbnail, People also ask",70,9,0.38,9,0,3,,https://www.cruiseaway.com.au/cruises-from-brisbane-to-new-zealand,2026-04-25 15:22:27
last minute cruises to alaska,AU,Australia,English,Alaska (Location),false,true,false,true,true,true,"Top ads, Paid sitelinks, People also ask, Bottom ads",80,1,0.51,9,0,4,,https://www.cruiseaway.com.au/cruises/alaska-cruise,2026-04-22 11:37:34
last minute baltic cruises,AU,Australia,English,,false,false,false,true,true,true,"Thumbnail, People also ask",80,0,,9,0,4,,https://www.cruiseaway.com.au/cruises/scandinavia-baltic,2026-04-15 15:48:28
cruise deals from rotterdam,AU,Australia,English,Rotterdam (Location),false,true,false,true,true,false,"AI Overview, People also ask, Bottom ads, Paid sitelinks",70,0,,8,0,3,,https://www.cruiseaway.com.au/cruises/western-europe/rotterdam,2026-05-07 09:07:05
cruises from portugal,AU,Australia,English,Portugal (Location),false,false,false,true,true,false,"Top ads, Paid sitelinks, Thumbnail, People also ask",100,0,0.52,8,0,5,,https://www.cruiseaway.com.au/cruises/lisbon,2026-04-15 20:35:31
pacific ocean cruises,AU,Australia,English,Pacific Ocean (Location),false,false,false,true,true,false,People also ask,100,0,0.53,8,0,5,,https://www.cruiseaway.com.au/cruises/pacific,2026-05-08 01:49:07
cruises from sydney december 2023,AU,Australia,English,Sydney (Location),false,true,false,true,true,false,Sitelinks,150,5,0.46,8,0,6,,https://www.cruiseaway.com.au/cruises/australia/sydney,2026-04-10 03:19:17
hawaii cruise,AU,Australia,English,Hawaii (Location),false,true,false,true,true,false,"Thumbnail, Discussions and forums, Video preview",600,0,0.50,8,0,13,,https://www.cruiseaway.com.au/cruises-from-sydney-to-hawaii-2026,2026-04-27 23:20:17
cruises from sydney to japan,AU,Australia,English,"Sydney (Location), Japan (Location)",false,true,false,true,true,false,"AI Overview, Thumbnail, People also ask",60,0,0.46,8,0,1,AI Overview,https://www.cruiseaway.com.au/cruise/ultimate-autumn-in-japan-18297062,2026-04-15 05:27:09
cruise from sydney to south pacific,AU,Australia,English,"Sydney (Location), South Pacific (Location)",false,true,false,true,true,false,"Top ads, Thumbnail, Paid sitelinks, AI Overview, Bottom ads",20,0,0.76,8,0,1,,https://www.cruiseaway.com.au/cruises-from-sydney-to-south-pacific,2026-04-30 02:35:53
cruise companies in australia,AU,Australia,English,Australia (Location),false,true,false,true,true,false,"AI Overview, People also ask, Bottom ads, Paid sitelinks",20,62,,8,0,2,,https://www.cruiseaway.com.au/cruise-lines,2026-04-29 15:47:36
cruise from perth to bali,AU,Australia,English,"Perth (Location), Bali (Location)",false,true,false,true,true,false,"AI Overview, Thumbnail, People also ask",20,0,,8,0,1,AI Overview,https://www.cruiseaway.com.au/cruises-from-perth-fremantle-to-bali,2026-04-24 05:44:15
cheapest cruise australia,AU,Australia,English,Australia (Location),false,true,false,true,true,true,"AI Overview, Thumbnail, Top ads, Paid sitelinks, People also ask, Bottom ads",20,26,,8,0,1,AI Overview,https://www.cruiseaway.com.au/cheap-cruises,2026-05-02 06:24:53
cruises august,AU,Australia,English,,false,false,false,true,true,false,"Top ads, Paid sitelinks, Thumbnail, People also ask",20,9,0.46,8,0,1,,https://www.cruiseaway.com.au/august-cruises,2026-04-22 16:17:27
cruises bali,AU,Australia,English,Bali (Location),false,true,false,true,true,false,Local pack,70,0,,8,0,4,,https://www.cruiseaway.com.au/cruises/asia/bali,2026-05-05 09:24:27
inside passage cruises,AU,Australia,English,Inside Passage (Location),false,false,false,true,true,false,"AI Overview, Thumbnail, People also ask",70,2,0.90,8,0,5,,https://www.cruiseaway.com.au/cruises/alaska-canada-west/inside-passage,2026-04-29 00:31:17
cruise ship tickets,AU,Australia,English,,false,false,false,true,true,true,People also ask,100,61,0.45,8,0,6,,https://www.cruiseaway.com.au/,2026-04-10 20:51:19
best 3 day cruise from sydney,AU,Australia,English,Sydney (Location),false,true,false,true,true,false,"AI Overview, Thumbnail, People also ask, Discussions and forums",400,1,0.24,8,0,12,,https://www.cruiseaway.com.au/short-cruises,2026-04-17 23:26:39
christmas cruises sydney,AU,Australia,English,Sydney (Location),false,true,false,true,true,false,"Knowledge panel, People also ask",90,1,1.41,8,0,4,,https://www.cruiseaway.com.au/christmas-cruises-from-sydney-2026,2026-05-06 20:03:59
cruise ship booking,AU,Australia,English,,false,false,false,false,true,true,"Top ads, Paid sitelinks, People also ask, Bottom ads",150,68,0.45,8,6,6,,https://www.cruiseaway.com.au/,2026-04-18 00:22:53
cruises to belize city,AU,Australia,English,Belize City (Location),false,true,false,true,true,false,"People also ask, Video preview",70,0,,8,0,3,,https://www.cruiseaway.com.au/cruises/caribbean/belize-city,2026-04-10 02:26:32
last minute cruises to hawaii,AU,Australia,English,Hawaii (Location),false,true,false,true,true,true,People also ask,90,1,,8,0,5,,https://www.cruiseaway.com.au/cruises/south-pacific/honolulu,2026-04-22 09:08:53
cruises from hawaii,AU,Australia,English,Hawaii (Location),false,true,false,true,true,false,"AI Overview, People also ask",80,0,0.49,8,0,3,,https://www.cruiseaway.com.au/cruises/hawaii,2026-04-19 16:06:27
british isles cruises,AU,Australia,English,British Isles (Location),false,false,false,true,true,false,"Top ads, Paid sitelinks, Thumbnail, People also ask",100,0,0.55,8,0,5,,https://www.cruiseaway.com.au/cruises/british-isles,2026-04-21 09:45:29
asia cruise deals,AU,Australia,English,Asia (Location),false,false,false,true,true,false,Thumbnail,90,0,0.38,8,0,4,,https://www.cruiseaway.com.au/celebrity-award-winning-asia-cruises,2026-04-28 02:26:13
cruise from perth to melbourne,AU,Australia,English,"Perth (Location), Melbourne (Location)",false,true,false,true,true,false,People also ask,90,0,,8,0,4,,https://www.cruiseaway.com.au/cruises/australia/perth,2026-04-16 11:50:32
cruise departing melbourne,AU,Australia,English,Melbourne (Location),false,true,false,true,true,false,,90,0,0.25,8,0,5,,https://www.cruiseaway.com.au/cruises/australia/melbourne,2026-05-11 09:14:46
october cruise,AU,Australia,English,,false,false,false,true,true,false,"Top ads, Paid sitelinks, Thumbnail, People also ask",40,4,,8,0,1,,https://www.cruiseaway.com.au/october-cruises,2026-04-28 23:03:53
cruise airlie beach,AU,Australia,English,Airlie Beach (Location),false,true,false,true,true,false,"Top ads, Paid sitelinks, Local pack, Thumbnail, Video preview",150,1,0.63,8,0,8,,https://www.cruiseaway.com.au/cruises/australia/airlie-beach,2026-04-23 16:13:28
2025 cruises from australia,AU,Australia,English,Australia (Location),false,false,false,true,true,false,"AI Overview, Thumbnail",150,49,0.37,8,0,8,,https://www.cruiseaway.com.au/cruises/australia,2026-04-16 15:00:33
cruises from brisbane to new zealand 2024,AU,Australia,English,"Brisbane (Location), New Zealand (Location)",false,true,false,true,true,false,"Sitelinks, People also ask, Bottom ads, Paid sitelinks",100,8,0.46,8,0,5,,https://www.cruiseaway.com.au/cruises-from-brisbane-to-new-zealand,2026-04-20 16:00:29
cruise sale australia,AU,Australia,English,Australia (Location),false,true,false,true,true,false,,150,47,0.54,8,0,7,,https://www.cruiseaway.com.au/princess-cruises-australia-2026-2027-season-launch,2026-05-09 21:37:25
hawaii to sydney cruise,AU,Australia,English,"Hawaii (Location), Sydney (Location)",false,true,false,true,true,false,AI Overview,200,0,0.42,8,0,9,,https://www.cruiseaway.com.au/cruises-from-hawaii-to-sydney,2026-05-05 15:46:59
repositioning cruises to australia 2025,AU,Australia,English,Australia (Location),false,false,false,true,true,false,People also ask,60,1,0.25,8,0,2,,https://www.cruiseaway.com.au/repositioning-cruises,2026-04-10 22:08:33
cruise to fiji from brisbane,AU,Australia,English,"Fiji (Location), Brisbane (Location)",false,true,false,true,true,false,"Top ads, Paid sitelinks, Thumbnail, People also ask",150,0,0.27,8,0,7,,https://www.cruiseaway.com.au/cruises-to-fiji,2026-05-09 23:15:43
cheap cruise deals,AU,Australia,English,,false,false,false,true,true,false,Discussions and forums,60,20,0.41,8,0,4,,https://www.cruiseaway.com.au/cheap-cruises,2026-05-03 15:38:47
cheap cruises sydney,AU,Australia,English,Sydney (Location),false,true,false,true,true,false,People also ask,50,3,0.25,8,0,3,,https://www.cruiseaway.com.au/cheap-cruises,2026-05-04 03:58:34
cruises that leave from perth,AU,Australia,English,Perth (Location),false,true,false,true,true,false,"Thumbnail, People also ask, Knowledge panel",20,1,0.28,8,0,1,,https://www.cruiseaway.com.au/cruises/australia/perth,2026-05-06 17:29:20
nz cruise from melbourne,AU,Australia,English,Melbourne (Location),false,true,false,true,true,false,"Top ads, Paid sitelinks, Thumbnail, AI Overview, People also ask",20,0,,8,0,1,,https://www.cruiseaway.com.au/cruises-from-melbourne-to-new-zealand,2026-05-02 12:36:53
cruises to moreton island from sydney,AU,Australia,English,"Moreton Island (Location), Sydney (Location)",false,true,false,true,true,false,"AI Overview, Thumbnail, Video preview, People also ask",70,0,,8,0,4,,https://www.cruiseaway.com.au/cruises/moreton-island,2026-04-10 01:08:16
world cruise deals,AU,Australia,English,,false,false,false,true,true,false,"Thumbnail, Discussions and forums",90,0,0.52,8,0,4,,https://www.cruiseaway.com.au/round-the-world-cruises/princess,2026-05-08 10:18:07
best cruise deals from brisbane,AU,Australia,English,Brisbane (Location),false,true,false,true,true,false,"Top ads, Paid sitelinks, Thumbnail, People also ask",150,11,0.63,8,0,7,,https://www.cruiseaway.com.au/cruises/australia/brisbane,2026-04-30 03:13:27
cruises around australia 2024,AU,Australia,English,,false,false,false,true,true,false,"People also ask, Sitelinks, Video preview",150,20,0.32,8,0,7,,https://www.cruiseaway.com.au/cruises/australia,2026-04-26 20:30:28
cruises march 2025,AU,Australia,English,,false,false,false,true,true,false,"Thumbnail, People also ask, Bottom ads, Paid sitelinks",100,52,0.47,8,0,5,,https://www.cruiseaway.com.au/march-cruises,2026-05-05 07:16:53
cruise greece,AU,Australia,English,Greece (Location),false,false,false,true,true,false,"Top ads, Thumbnail, People also ask, Bottom ads",100,0,0.84,8,0,5,,https://www.cruiseaway.com.au/cruises-to-greece,2026-04-12 22:45:20
cruise to japan,AU,Australia,English,Japan (Location),false,false,false,true,true,false,"People also ask, Discussions and forums, Bottom ads, Paid sitelinks",300,0,0.45,8,0,7,,https://www.cruiseaway.com.au/cruise/ultimate-autumn-in-japan-18297062,2026-05-10 09:09:12
3 night cruise from brisbane,AU,Australia,English,Brisbane (Location),false,true,false,true,true,false,"AI Overview, Thumbnail",300,1,0.31,8,0,11,,https://www.cruiseaway.com.au/short-cruises,2026-04-13 23:21:40
cruise ship brisbane,AU,Australia,English,Brisbane (Location),false,true,false,true,true,false,"Thumbnail, Knowledge panel",400,3,0.34,8,0,10,,https://www.cruiseaway.com.au/cruises/australia/brisbane,2026-04-17 00:18:48
repositioning cruises 2025,AU,Australia,English,,false,false,false,true,true,false,"People also ask, Video preview",50,3,0.31,8,0,2,,https://www.cruiseaway.com.au/repositioning-cruises,2026-04-11 02:17:34
sampler cruise,AU,Australia,English,,false,false,false,true,true,false,People also ask,50,0,0.33,8,0,2,,https://www.cruiseaway.com.au/short-cruises,2026-04-29 09:43:46
new years cruises,AU,Australia,English,,false,false,false,true,true,true,,70,0,0.45,8,0,3,,https://www.cruiseaway.com.au/new-years-eve-cruises,2026-04-23 17:05:02
melbourne to tasmania cruise price,AU,Australia,English,,false,true,false,true,true,false,"AI Overview, Top ads, People also ask, Thumbnail, Bottom ads",150,0,0.28,8,0,7,,https://www.cruiseaway.com.au/cruises/australia/tasmania,2026-04-16 14:59:53
cruise melbourne to cairns,AU,Australia,English,,false,true,false,true,true,false,People also ask,150,0,,8,0,8,,https://www.cruiseaway.com.au/3-day-cruises-from-melbourne,2026-05-01 17:38:29
cruises to rome,AU,Australia,English,Rome (Location),false,true,false,true,true,false,"AI Overview, Thumbnail, People also ask",150,0,0.84,8,0,8,,https://www.cruiseaway.com.au/cruises/mediterranean/civitavecchia-rome,2026-04-10 04:49:02
cruise to italy from australia,AU,Australia,English,Italy (Location),false,false,false,true,true,false,"AI Overview, Thumbnail, People also ask",150,0,0.40,8,0,7,,https://www.cruiseaway.com.au/cruises/italy,2026-04-17 01:00:32
cruises from.brisbane,AU,Australia,English,Brisbane (Location),false,true,false,true,true,false,People also ask,150,0,0.31,8,0,7,,https://www.cruiseaway.com.au/cruises/australia/brisbane,2026-04-11 06:28:20
melbourne to fiji cruise,AU,Australia,English,"Melbourne (Location), Fiji (Location)",false,true,false,true,true,true,Thumbnail,50,0,0.37,8,0,2,,https://www.cruiseaway.com.au/cruises-to-fiji,2026-05-07 20:10:29
14 day new zealand cruise,AU,Australia,English,New Zealand (Location),false,false,false,true,true,false,"AI Overview, Thumbnail, People also ask",90,0,0.46,8,0,6,,https://www.cruiseaway.com.au/cruise/new-zealand-from-sydney-australia-with-the-royal-princess-18603627,2026-05-11 14:27:26
cruise cruises,AU,Australia,English,,false,false,false,true,true,false,"Thumbnail, Local pack",150,63,0.38,8,0,6,,https://www.cruiseaway.com.au/short-cruises-from-melbourne,2026-05-11 10:22:03
cruises leaving from perth,AU,Australia,English,Perth (Location),false,true,false,true,true,false,"Knowledge panel, People also ask",40,1,,8,0,2,,https://www.cruiseaway.com.au/cruises/australia/perth,2026-04-14 21:40:37
cruise specials from brisbane,AU,Australia,English,Brisbane (Location),false,true,false,true,true,false,"Top ads, Paid sitelinks, Thumbnail, People also ask",90,5,0.36,8,0,2,,https://www.cruiseaway.com.au/cheap-cruises-from-brisbane,2026-04-30 20:25:52
viking odin,AU,Australia,English,Odin (Person),false,false,false,true,false,false,"AI Overview, Thumbnail, People also ask",90,28,,8,0,6,,https://www.cruiseaway.com.au/ship/viking-odin,2026-04-30 20:23:46
cheap cruise deals from sydney,AU,Australia,English,Sydney (Location),false,true,false,true,true,false,,100,6,0.47,8,0,7,,https://www.cruiseaway.com.au/cheap-cruises,2026-05-11 01:58:07
sydney to eden cruise,AU,Australia,English,Sydney to Eden (Event),false,true,false,true,true,false,"Thumbnail, People also ask, Video preview",70,0,,8,0,3,,https://www.cruiseaway.com.au/cruises/australia/eden,2026-05-05 07:35:17
no single supplement cruises australia,AU,Australia,English,Australia (Location),false,true,false,true,true,false,"People also ask, Discussions and forums",50,0,0.52,8,0,2,,https://www.cruiseaway.com.au/singles-cruises,2026-04-28 19:36:34
single cruise deals,AU,Australia,English,,false,false,false,true,true,false,"Top ads, Paid sitelinks, People also ask, AI Overview, Thumbnail, Discussions and forums",20,2,0.52,8,0,1,,https://www.cruiseaway.com.au/singles-cruises,2026-05-01 16:23:28
cruise all inclusive,AU,Australia,English,,false,false,false,true,true,false,"Top ads, Paid sitelinks, AI Overview, Thumbnail, People also ask, Discussions and forums",20,28,,8,0,1,AI Overview,https://www.cruiseaway.com.au/all-inclusive,2026-05-04 17:33:53
cruises sydney to fiji,AU,Australia,English,,false,true,false,true,true,false,"AI Overview, People also ask",20,0,,8,0,1,,https://www.cruiseaway.com.au/cruises-from-sydney-to-fiji,2026-05-09 09:08:33
cheap cruises in australia,AU,Australia,English,Australia (Location),false,true,false,true,true,false,"People also ask, AI Overview, Thumbnail",20,30,0.48,8,0,1,,https://www.cruiseaway.com.au/cheap-cruises,2026-04-12 05:42:13
cruise from sydney to vancouver,AU,Australia,English,"Sydney (Location), Vancouver (Location)",false,true,false,true,true,false,"AI Overview, People also ask",20,0,0.43,8,0,1,,https://www.cruiseaway.com.au/cruises/vancouver,2026-05-09 21:06:25
cruises brisbane to new zealand,AU,Australia,English,"Brisbane (Location), New Zealand (Location)",false,true,false,true,true,false,"AI Overview, Bottom ads, Paid sitelinks",80,0,0.45,8,0,5,,https://www.cruiseaway.com.au/cruises-from-brisbane-to-new-zealand,2026-04-19 02:03:17
inside passage cruise,AU,Australia,English,Inside Passage (Location),false,false,false,true,true,false,"Top ads, Paid sitelinks, AI Overview, People also ask, Discussions and forums",400,0,1.05,8,0,10,,https://www.cruiseaway.com.au/cruises/alaska-canada-west/inside-passage,2026-04-29 09:34:53
cruises to new zealand 2025,AU,Australia,English,New Zealand (Location),false,false,false,true,true,false,"AI Overview, Thumbnail, People also ask",150,0,0.42,8,0,1,AI Overview,https://www.cruiseaway.com.au/cruises/new-zealand,2026-04-12 11:06:29
3 day cruises from brisbane,AU,Australia,English,Brisbane (Location),false,true,false,true,true,false,"AI Overview, Video preview",350,0,0.38,8,0,12,,https://www.cruiseaway.com.au/cruises/australia/brisbane,2026-04-29 04:10:29
short australian cruises,AU,Australia,English,,false,false,false,true,true,false,"AI Overview, Top ads, Paid sitelinks, Bottom ads",50,3,0.39,7,0,3,,https://www.cruiseaway.com.au/short-cruises,2026-04-29 06:50:45
2024 cruise deals,AU,Australia,English,,false,false,false,true,true,false,Sitelinks,150,40,0.58,7,0,7,,https://www.cruiseaway.com.au/cruises,2026-05-09 10:55:04
last minute asia cruises,AU,Australia,English,,false,false,false,true,true,true,,100,1,0.54,7,0,5,,https://www.cruiseaway.com.au/cruises/asia,2026-04-10 15:50:02
cruises last minute,AU,Australia,English,,false,false,false,true,true,true,,150,8,0.44,7,0,6,,https://www.cruiseaway.com.au/last-minute-cruises,2026-05-07 17:06:38
sydney to great barrier reef cruise,AU,Australia,English,"Sydney (Location), Great Barrier Reef (Location)",false,true,false,true,true,false,"AI Overview, Video preview",80,2,0.57,7,0,5,,https://www.cruiseaway.com.au/cruises/australia/great-barrier-reef,2026-04-30 07:28:35
cruise to kangaroo island from melbourne,AU,Australia,English,"Kangaroo Island (Location), Melbourne (Location)",false,true,false,true,true,false,"AI Overview, Thumbnail, People also ask",80,0,0.35,7,0,1,AI Overview,https://www.cruiseaway.com.au/cruise-to-kangaroo-island-from-melbourne,2026-04-19 20:25:57
melbourne to auckland cruise,AU,Australia,English,,false,true,false,true,true,false,"AI Overview, People also ask",60,0,0.45,7,0,3,,https://www.cruiseaway.com.au/cruises-from-melbourne-to-new-zealand,2026-04-20 21:28:57
three day cruises,AU,Australia,English,,false,false,false,true,true,false,AI Overview,100,1,0.32,7,0,6,,https://www.cruiseaway.com.au/3-day-cruises-from-melbourne,2026-04-20 08:30:31
family cruise deals from sydney,AU,Australia,English,Sydney (Location),false,true,false,true,true,false,People also ask,50,0,0.45,7,0,2,,https://www.cruiseaway.com.au/family-cruises,2026-04-29 02:41:11
cruise ships australia,AU,Australia,English,Australia (Location),false,true,false,true,true,false,"AI Overview, Thumbnail, People also ask, Discussions and forums, Video preview",1600,19,0.38,7,0,18,,https://www.cruiseaway.com.au/cruises/australia,2026-04-26 21:21:46
fiji cruise from australia,AU,Australia,English,Australia (Location),false,false,false,true,true,false,"Top ads, Paid sitelinks, Thumbnail, AI Overview",50,0,0.41,7,0,3,,https://www.cruiseaway.com.au/cruises-from-sydney-to-fiji,2026-04-25 22:02:28
5 day cruises from melbourne,AU,Australia,English,Melbourne (Location),false,true,false,true,true,false,"AI Overview, Thumbnail, People also ask",40,2,0.22,7,0,3,,https://www.cruiseaway.com.au/short-cruises-from-melbourne,2026-05-11 00:37:34
last minute cruises brisbane,AU,Australia,English,Brisbane (Location),false,true,false,true,true,true,AI Overview,150,3,0.35,7,0,10,,https://www.cruiseaway.com.au/cheap-cruises-from-brisbane,2026-05-02 14:14:56
cruise portugal,AU,Australia,English,Portugal (Location),false,false,false,true,true,false,People also ask,100,0,0.84,7,0,5,,https://www.cruiseaway.com.au/cruises/lisbon,2026-04-13 20:22:09
hawaii cruises from australia,AU,Australia,English,,false,false,false,true,true,false,"Top ads, Paid sitelinks, AI Overview, Thumbnail, People also ask, Bottom ads",60,0,0.45,7,0,3,,https://www.cruiseaway.com.au/cruises-from-sydney-to-hawaii-2027,2026-04-26 03:29:53
cruise british isles,AU,Australia,English,British Isles (Location),false,false,false,true,true,false,"AI Overview, People also ask, Discussions and forums",200,0,0.74,7,0,9,,https://www.cruiseaway.com.au/cruises/british-isles,2026-05-10 02:57:32
cheap river cruises,AU,Australia,English,,false,false,false,true,true,false,"Thumbnail, People also ask",20,3,0.50,7,0,1,,https://www.cruiseaway.com.au/river-cruises,2026-04-19 13:03:55
cruises online,AU,Australia,English,,false,false,false,true,true,false,"Top ads, Paid sitelinks, Thumbnail, People also ask",20,73,0.58,7,1,1,,https://www.cruiseaway.com.au/,2026-05-11 09:42:18
brisbane to sydney cruises,AU,Australia,English,,false,true,false,true,true,false,"Top ads, AI Overview, People also ask",20,1,,7,0,1,,https://www.cruiseaway.com.au/brisbane-to-sydney-cruises,2026-04-20 03:05:34
sydney to south pacific cruise,AU,Australia,English,"Sydney (Location), South Pacific (Location)",false,true,false,true,true,false,"AI Overview, Thumbnail",20,0,,7,0,1,,https://www.cruiseaway.com.au/cruises-from-sydney-to-south-pacific,2026-05-06 13:14:40
cruise flight packages,AU,Australia,English,,false,false,false,true,true,false,"Top ads, Paid sitelinks",20,6,0.78,7,0,1,,https://www.cruiseaway.com.au/fly-cruises,2026-05-06 05:56:53
cruise from fremantle to esperance,AU,Australia,English,"Fremantle (Location), Esperance (Location)",false,true,false,true,false,false,"AI Overview, Thumbnail, People also ask",150,0,0.45,7,0,8,,https://www.cruiseaway.com.au/cruises/esperance,2026-04-27 19:27:58
3 day cruise from adelaide,AU,Australia,English,Adelaide (Location),false,true,false,true,true,false,"Thumbnail, AI Overview, People also ask",150,1,0.10,7,0,9,,https://www.cruiseaway.com.au/short-cruises-from-adelaide,2026-04-10 03:48:41
cheap cruises to new zealand,AU,Australia,English,New Zealand (Location),false,false,false,true,true,false,"Thumbnail, People also ask",90,1,0.45,7,0,6,,https://www.cruiseaway.com.au/cruises-from-sydney-to-new-zealand,2026-05-05 19:10:36
last minute cruise from melbourne,AU,Australia,English,Melbourne (Location),false,true,false,true,true,true,Thumbnail,80,2,,7,0,4,,https://www.cruiseaway.com.au/last-minute-cruises,2026-04-28 16:47:53
airlie beach cruise from brisbane,AU,Australia,English,"Airlie Beach (Location), Brisbane (Location)",false,true,false,true,true,false,AI Overview,150,0,0.48,7,0,8,,https://www.cruiseaway.com.au/cruises/australia/airlie-beach,2026-05-08 09:10:17
cruise ship holiday packages,AU,Australia,English,,false,false,false,true,true,false,Thumbnail,150,46,0.55,7,3,7,,https://www.cruiseaway.com.au/fly-cruises,2026-04-29 21:59:38
international cruises from australia,AU,Australia,English,,false,false,false,true,true,false,"AI Overview, People also ask",150,66,0.43,7,0,8,,https://www.cruiseaway.com.au/cruises/australia,2026-04-13 22:02:29
boat cruise around australia,AU,Australia,English,,false,false,false,true,true,false,"AI Overview, Thumbnail, Top ads, Paid sitelinks, People also ask, Video preview, Bottom ads",100,2,,7,0,1,AI Overview,https://www.cruiseaway.com.au/cruise-around-australia,2026-04-28 15:44:53
cruise from sydney january 2023,AU,Australia,English,Sydney (Location),false,true,false,true,true,false,,100,10,0.46,7,0,6,,https://www.cruiseaway.com.au/january-cruises,2026-05-09 15:03:27
cruise to nz from brisbane,AU,Australia,English,Brisbane (Location),false,true,false,false,true,true,"Top ads, Paid sitelinks, AI Overview, Thumbnail, People also ask, Bottom ads",100,0,0.45,7,0,7,,https://www.cruiseaway.com.au/cruises-from-brisbane-to-new-zealand,2026-05-09 07:59:13
discount cruise deals,AU,Australia,English,,false,false,false,true,true,true,"AI Overview, People also ask, Discussions and forums",40,22,0.52,7,0,3,,https://www.cruiseaway.com.au/cheap-cruises,2026-05-10 01:34:04
last minute river cruise deals,AU,Australia,English,,false,false,false,true,true,true,People also ask,50,1,0.59,7,0,2,,https://www.cruiseaway.com.au/river-cruises,2026-05-02 06:54:20
june cruises from sydney,AU,Australia,English,Sydney (Location),false,true,false,true,true,false,"Top ads, Paid sitelinks, AI Overview, People also ask, Thumbnail",50,5,,7,0,2,,https://www.cruiseaway.com.au/cruises-from-sydney-june-2026,2026-05-06 01:18:54
adults only cruise australia,AU,Australia,English,Australia (Location),false,true,false,true,true,false,"AI Overview, Thumbnail, People also ask, Sitelinks, Discussions and forums",50,10,0.48,7,0,3,,https://www.cruiseaway.com.au/cruises/adult-only-virgin-voyages,2026-05-11 05:03:04
kangaroo island cruise from melbourne,AU,Australia,English,"Kangaroo Island (Location), Melbourne (Location)",false,true,false,true,true,true,"People also ask, Discussions and forums",100,0,0.41,7,0,5,People also ask,https://www.cruiseaway.com.au/cruises/australia/kangaroo-island,2026-05-09 04:25:41
melbourne to kangaroo island cruise,AU,Australia,English,"Melbourne (Location), Kangaroo Island (Location)",false,true,false,true,true,false,"Thumbnail, Video preview, People also ask",100,0,0.20,7,0,5,,https://www.cruiseaway.com.au/cruise-to-kangaroo-island-from-melbourne,2026-04-22 16:53:49
christmas cruises from australia,AU,Australia,English,,false,false,false,true,true,false,"People also ask, Discussions and forums",80,0,0.45,7,0,4,,https://www.cruiseaway.com.au/christmas-cruises-from-brisbane,2026-04-25 00:06:22
cruise brisbane to cairns,AU,Australia,English,,false,true,false,true,true,false,"Thumbnail, People also ask",200,0,0.32,7,0,9,,https://www.cruiseaway.com.au/cruise-from-brisbane-to-cairns,2026-04-23 19:38:15
uk cruises 2023,AU,Australia,English,,false,true,false,true,true,false,"Sitelinks, People also ask",80,1,0.43,7,0,4,,https://www.cruiseaway.com.au/cruises/british-isles,2026-04-29 12:13:36
cruises to tasmania from sydney,AU,Australia,English,"Tasmania (Location), Sydney (Location)",false,true,false,true,true,false,"AI Overview, Thumbnail",150,0,0.34,7,0,8,,https://www.cruiseaway.com.au/cruises-from-sydney-to-tasmania-2027,2026-05-10 00:01:01
canada cruise deals,AU,Australia,English,Canada (Location),false,false,false,true,true,false,,200,16,0.71,7,0,8,,https://www.cruiseaway.com.au/cruises/canada-usa-east-coast,2026-04-10 12:51:02
singapore cruises 2025,AU,Australia,English,Singapore (Location),false,true,false,true,true,false,"AI Overview, Thumbnail, Top ads, Paid sitelinks, People also ask, Bottom ads",200,2,0.38,7,0,9,,https://www.cruiseaway.com.au/cruises-from-singapore-to-australia,2026-04-12 22:56:08
south pacific cruises from australia,AU,Australia,English,South Pacific (Location),false,false,false,true,true,false,People also ask,150,0,0.41,7,0,7,,https://www.cruiseaway.com.au/cruises-from-sydney-to-south-pacific,2026-05-07 07:42:56
tasmania cruises from sydney,AU,Australia,English,Sydney (Location),false,true,false,true,true,false,"AI Overview, Thumbnail",100,0,,7,0,7,,https://www.cruiseaway.com.au/cruises-from-sydney-to-tasmania-2026,2026-04-26 21:03:14
adult only cruises from sydney,AU,Australia,English,Sydney (Location),false,true,false,true,true,false,"Top ads, Paid sitelinks, Thumbnail, AI Overview, People also ask, Discussions and forums",60,9,,7,0,3,,https://www.cruiseaway.com.au/cruises/adult-only-virgin-voyages,2026-04-18 19:17:28
perth cruise ships,AU,Australia,English,Perth (Location),false,true,false,true,true,false,People also ask,30,0,0.33,7,0,1,,https://www.cruiseaway.com.au/cruises/australia/perth,2026-05-03 17:02:28
last minute cruises to canada,AU,Australia,English,,false,false,false,true,true,true,,80,6,,7,0,4,,https://www.cruiseaway.com.au/cruises/canada-usa-east-coast,2026-04-10 01:21:02
cruises from.perth,AU,Australia,English,Perth (Location),false,true,false,true,true,true,"Thumbnail, People also ask, Bottom ads, Paid sitelinks",50,1,,7,0,2,,https://www.cruiseaway.com.au/cruises/australia/perth,2026-05-04 17:33:28
australia to hawaii cruise,AU,Australia,English,,false,false,false,true,true,false,"AI Overview, Thumbnail, People also ask",100,0,0.30,7,0,8,,https://www.cruiseaway.com.au/cruises-from-sydney-to-hawaii-2026,2026-04-27 15:53:33
weekend cruises,AU,Australia,English,,false,false,false,true,true,false,"Thumbnail, Bottom ads, Paid sitelinks",150,1,0.32,7,0,4,,https://www.cruiseaway.com.au/short-cruises,2026-04-22 16:22:53
2 day cruise sydney,AU,Australia,English,Sydney (Location),false,true,false,true,true,false,AI Overview,150,2,0.45,7,0,8,,https://www.cruiseaway.com.au/short-cruises,2026-04-22 20:06:14
cruises from perth to singapore,AU,Australia,English,"Perth (Location), Singapore (Location)",false,true,false,true,true,false,People also ask,60,0,0.22,7,0,3,,https://www.cruiseaway.com.au/cruises-from-perth-to-singapore,2026-04-19 04:37:40
cruises from sydney to moreton island,AU,Australia,English,"Sydney (Location), Moreton Island (Location)",false,true,false,true,true,false,"AI Overview, People also ask, Discussions and forums, Video preview",70,0,,7,0,5,,https://www.cruiseaway.com.au/cruises/moreton-island,2026-05-01 12:51:18
3 day cruise sydney,AU,Australia,English,Sydney (Location),false,true,false,true,true,false,"Thumbnail, Discussions and forums, People also ask",200,1,0.31,7,0,9,,https://www.cruiseaway.com.au/short-cruises,2026-04-19 00:56:01
cruises to japan from sydney,AU,Australia,English,"Japan (Location), Sydney (Location)",false,true,false,true,true,false,"AI Overview, Thumbnail, People also ask",60,0,0.46,7,0,4,,https://www.cruiseaway.com.au/cruise/ultimate-autumn-in-japan-18297062,2026-05-05 04:44:48
cruise ship holidays australia,AU,Australia,English,Australia (Location),false,true,false,true,true,false,"Top ads, Paid sitelinks, Thumbnail, AI Overview, People also ask, Bottom ads",150,54,0.45,7,3,8,,https://www.cruiseaway.com.au/cruises/australia,2026-04-28 22:30:03
cruise new zealand,AU,Australia,English,New Zealand (Location),false,false,false,true,true,false,"Thumbnail, People also ask, AI Overview, Discussions and forums, Video preview",600,2,0.49,7,0,16,,https://www.cruiseaway.com.au/cruises-from-sydney-to-new-zealand,2026-04-26 19:31:05
last minute south america cruises,AU,Australia,English,South America (Location),false,false,false,true,true,true,,90,1,0.42,7,0,5,,https://www.cruiseaway.com.au/cruises/south-america,2026-04-29 21:19:10
cruise holiday australia,AU,Australia,English,Australia (Location),false,true,false,true,true,false,Thumbnail,90,61,,7,0,5,,https://www.cruiseaway.com.au/cruises/australia,2026-04-19 06:21:10
istanbul cruises,AU,Australia,English,Istanbul (Location),false,true,false,true,true,false,"AI Overview, Local pack, People also ask",50,0,0.87,7,0,4,,https://www.cruiseaway.com.au/cruises/istanbul,2026-04-14 07:09:02
cruises departing sydney,AU,Australia,English,Sydney (Location),false,true,false,true,true,false,"Discussions and forums, Thumbnail, Video preview",400,9,0.37,7,0,12,,https://www.cruiseaway.com.au/cruises/australia/sydney,2026-05-07 06:29:29
last minute solo cruises,AU,Australia,English,,false,false,false,true,true,true,"Thumbnail, AI Overview, Sitelinks, Discussions and forums",20,1,0.58,7,0,1,,https://www.cruiseaway.com.au/singles-cruises,2026-04-28 21:24:47
cruise tour from melbourne,AU,Australia,English,Melbourne (Location),false,true,false,true,true,false,"AI Overview, Local pack",20,1,,7,0,1,,https://www.cruiseaway.com.au/cruises/australia/melbourne,2026-05-03 08:29:47
solo cruising australia,AU,Australia,English,Australia (Location),false,true,false,true,true,false,"AI Overview, Thumbnail, People also ask, Sitelinks, Discussions and forums",20,0,,7,0,1,AI Overview,https://www.cruiseaway.com.au/singles-cruises,2026-04-28 13:43:20
last minute cruise deals from adelaide,AU,Australia,English,Adelaide (Location),false,true,false,true,true,true,"AI Overview, Thumbnail, People also ask, Bottom ads, Paid sitelinks",20,4,0.39,7,0,1,,https://www.cruiseaway.com.au/last-minute-cruises-from-adelaide,2026-04-22 20:24:44
cruise fly stay packages,AU,Australia,English,,false,false,false,true,true,false,People also ask,20,5,,7,0,1,,https://www.cruiseaway.com.au/fly-cruises,2026-04-24 11:05:09
cruise fly packages,AU,Australia,English,,false,false,false,true,true,false,,20,2,0.86,7,0,1,,https://www.cruiseaway.com.au/fly-cruises,2026-04-18 18:39:29
cruise from melbourne to fiji,AU,Australia,English,"Melbourne (Location), Fiji (Location)",false,true,false,true,true,false,"AI Overview, Thumbnail, People also ask",20,0,0.30,7,0,1,,https://www.cruiseaway.com.au/cruises-to-fiji,2026-04-14 20:32:33
party cruises for singles australia,AU,Australia,English,Australia (Location),false,true,false,true,true,false,"AI Overview, Video preview, Thumbnail, Top ads, Paid sitelinks, People also ask, Sitelinks, Bottom ads",50,0,,7,1,3,,https://www.cruiseaway.com.au/singles-cruises,2026-04-18 19:57:57
cruise to great barrier reef from sydney,AU,Australia,English,"Great Barrier Reef (Location), Sydney (Location)",false,true,false,true,true,false,"AI Overview, Thumbnail, People also ask",60,2,,7,0,5,,https://www.cruiseaway.com.au/cruises/australia/great-barrier-reef,2026-05-08 14:08:40
cheap deals cruise,AU,Australia,English,,false,false,false,true,true,false,"AI Overview, Thumbnail",40,46,,7,0,1,AI Overview,https://www.cruiseaway.com.au/cheap-cruises,2026-04-23 13:43:26
western europe cruises,AU,Australia,English,Western Europe (Location),false,false,false,true,true,false,,70,0,0.76,7,0,4,,https://www.cruiseaway.com.au/celebrity-cruises-western-europe,2026-05-10 11:55:16
cruises for singles over 50,AU,Australia,English,,false,false,false,true,true,false,"AI Overview, People also ask, Sitelinks, Discussions and forums",90,0,0.47,7,0,6,,https://www.cruiseaway.com.au/singles-cruises,2026-04-17 00:50:29
circumnavigate australia cruise,AU,Australia,English,Australia (Location),false,false,false,true,true,false,"People also ask, Video preview",150,0,0.67,7,0,7,,https://www.cruiseaway.com.au/cruise-around-australia,2026-05-06 09:46:29
3 day cruises from sydney,AU,Australia,English,Sydney (Location),false,true,false,true,true,false,"Thumbnail, AI Overview, Discussions and forums, Video preview",600,0,0.35,7,0,15,,https://www.cruiseaway.com.au/short-cruises,2026-04-26 07:22:00
3 day cruise perth,AU,Australia,English,Perth (Location),false,true,false,true,true,false,"AI Overview, Thumbnail, People also ask",350,2,0.23,7,0,12,,https://www.cruiseaway.com.au/short-cruises,2026-04-20 11:25:09
last minute australia cruises,AU,Australia,English,Australia (Location),false,false,false,true,true,true,"Top ads, Paid sitelinks, Thumbnail, Bottom ads",100,3,0.32,7,0,6,,https://www.cruiseaway.com.au/last-minute-cruises,2026-04-15 18:18:09
cruise mediterranean 2025,AU,Australia,English,Mediterranean (Location),false,false,false,true,true,false,"Thumbnail, People also ask",100,3,0.82,7,0,6,,https://www.cruiseaway.com.au/mediterranean-cruises-2026,2026-04-24 08:53:39
last minute cruises from perth,AU,Australia,English,Perth (Location),false,true,false,true,true,true,"AI Overview, Thumbnail, People also ask",40,0,0.17,7,0,3,,https://www.cruiseaway.com.au/zones/last-minute-cruises-from-fremantle,2026-04-17 16:13:35
cruise to kangaroo island,AU,Australia,English,Kangaroo Island (Location),false,false,false,true,true,false,"AI Overview, Thumbnail, People also ask, Discussions and forums",80,0,0.36,7,0,1,AI Overview,https://www.cruiseaway.com.au/cruises/australia/kangaroo-island,2026-05-09 12:54:14
circumnavigate australia cruise 2023,AU,Australia,English,Australia (Location),false,false,false,true,true,false,"Sitelinks, People also ask, Discussions and forums, Video preview",80,2,0.33,7,0,4,,https://www.cruiseaway.com.au/28-day-cruise-around-australia,2026-05-09 15:12:04
fort lauderdale cruise deals,AU,Australia,English,Fort Lauderdale (Location),false,true,false,true,true,false,"AI Overview, Thumbnail",70,0,,7,0,5,,https://www.cruiseaway.com.au/cruises/canada-usa-east-coast/fort-lauderdale,2026-04-21 17:22:23
cruise sydney to japan,AU,Australia,English,,false,true,false,true,true,false,"AI Overview, People also ask, Discussions and forums",70,0,,7,0,5,,https://www.cruiseaway.com.au/cruise/ultimate-autumn-in-japan-18297062,2026-05-07 00:01:21
fiji cruise from melbourne,AU,Australia,English,Melbourne (Location),false,true,false,true,true,false,"AI Overview, People also ask",50,0,,7,0,2,,https://www.cruiseaway.com.au/cruises-to-fiji,2026-04-20 22:38:48
cruise in december,AU,Australia,English,,false,false,false,true,true,false,"Top ads, Paid sitelinks, AI Overview, Thumbnail, People also ask, Discussions and forums",50,0,0.45,7,0,1,AI Overview,https://www.cruiseaway.com.au/december-cruises,2026-05-06 05:17:17
cruise deals from sydney 2023,AU,Australia,English,Sydney (Location),false,true,false,true,true,false,Sitelinks,150,13,0.60,7,0,7,,https://www.cruiseaway.com.au/cruises/australia/sydney,2026-04-11 07:15:17
cruises from fremantle,AU,Australia,English,Fremantle (Location),false,true,false,true,true,false,"Top ads, Paid sitelinks, Thumbnail, Video preview",1000,2,0.10,7,70,13,,https://www.cruiseaway.com.au/western-australia-cruises-from-perth-fremantle,2026-05-05 01:13:44
cheap 3 day cruises from brisbane,AU,Australia,English,Brisbane (Location),false,true,false,true,true,false,"AI Overview, Thumbnail, People also ask",150,1,0.36,7,0,9,,https://www.cruiseaway.com.au/cheap-cruises-from-brisbane,2026-04-10 09:12:56
cruises to singapore from australia,AU,Australia,English,"Singapore (Location), Australia (Location)",false,false,false,true,true,false,"AI Overview, Thumbnail, People also ask",150,1,0.39,7,0,9,,https://www.cruiseaway.com.au/cruises-from-singapore-to-sydney,2026-04-18 20:37:30
cruise usa,AU,Australia,English,USA (Location),false,false,false,true,true,false,,60,82,0.42,7,0,3,,https://www.cruiseaway.com.au/cruises/usa-west-coast,2026-04-01 00:12:17
cruises departing brisbane,AU,Australia,English,Brisbane (Location),false,true,false,true,true,false,"Bottom ads, Paid sitelinks",300,0,0.35,7,0,9,,https://www.cruiseaway.com.au/cruises/australia/brisbane,2026-04-30 00:27:04
cruises departing from melbourne,AU,Australia,English,Melbourne (Location),false,true,false,true,true,false,Thumbnail,150,0,0.34,7,0,7,,https://www.cruiseaway.com.au/cruises/australia/melbourne,2026-05-02 23:30:17
cruise bookings,AU,Australia,English,,false,false,false,false,true,true,Local pack,150,72,0.61,7,0,7,,https://www.cruiseaway.com.au/,2026-04-09 23:19:04
pacific island cruise,AU,Australia,English,,false,false,false,true,true,false,"AI Overview, Thumbnail",300,0,0.27,7,0,11,,https://www.cruiseaway.com.au/cruises/pacific,2026-04-26 14:46:08
cruises to noumea,AU,Australia,English,Noumea (Location),false,true,false,true,true,false,"AI Overview, People also ask",70,0,0.40,7,0,5,,https://www.cruiseaway.com.au/cruises/south-pacific/noumea,2026-05-04 05:11:16
cruises to airlie beach,AU,Australia,English,Airlie Beach (Location),false,true,false,true,true,false,"Top ads, Paid sitelinks, Thumbnail, People also ask, AI Overview, Discussions and forums",70,0,,7,0,4,,https://www.cruiseaway.com.au/cruises/australia/airlie-beach,2026-05-03 11:34:28
cruise sale,AU,Australia,English,,false,false,false,true,true,false,Thumbnail,800,24,0.49,7,0,6,,https://www.cruiseaway.com.au/cruise-sale-finder,2026-05-10 01:25:58
world cruises from sydney,AU,Australia,English,Sydney (Location),false,true,false,true,true,false,"People also ask, Video preview",150,0,0.38,7,0,8,,https://www.cruiseaway.com.au/round-the-world-cruises/princess,2026-04-20 21:54:58
cruise from hawaii to australia,AU,Australia,English,"Hawaii (Location), Australia (Location)",false,true,false,true,true,false,"AI Overview, Thumbnail, Discussions and forums",90,0,0.24,7,0,6,,https://www.cruiseaway.com.au/cruises-from-hawaii-to-sydney,2026-04-27 13:42:31
cruises july,AU,Australia,English,,false,false,false,true,true,false,"Thumbnail, Discussions and forums",50,9,0.45,7,0,2,,https://www.cruiseaway.com.au/july-cruises,2026-04-19 09:03:45
sydney to europe cruise,AU,Australia,English,"Sydney (Location), Europe (Location)",false,true,false,true,true,false,"AI Overview, Thumbnail, People also ask",50,0,0.45,7,0,1,AI Overview,https://www.cruiseaway.com.au/cruise-from-australia-to-europe,2026-05-07 16:45:22
cruise kangaroo island,AU,Australia,English,Kangaroo Island (Location),false,false,false,true,true,false,Thumbnail,50,0,0.41,7,0,2,,https://www.cruiseaway.com.au/cruises/australia/kangaroo-island,2026-04-29 19:21:38
cruise cook islands,AU,Australia,English,Cook Islands (Location),false,false,false,true,true,false,"Top ads, Paid sitelinks, AI Overview, Thumbnail, People also ask, Discussions and forums",50,0,0.46,7,0,1,AI Overview,https://www.cruiseaway.com.au/cruises/south-pacific/rarotonga,2026-05-03 06:41:56
cheapest cruise from brisbane,AU,Australia,English,Brisbane (Location),false,true,false,true,true,false,"AI Overview, Thumbnail",60,2,,7,0,1,AI Overview,https://www.cruiseaway.com.au/cheap-cruises-from-brisbane,2026-04-26 02:18:20
australia small ship cruises,AU,Australia,English,Australia (Location),false,false,false,true,true,false,"Top ads, Paid sitelinks, AI Overview, Video preview, Thumbnail, People also ask",70,4,,7,0,1,AI Overview,https://www.cruiseaway.com.au/small-ship-cruises,2026-04-28 05:34:02
2 day cruise,AU,Australia,English,,false,false,false,true,true,false,,100,0,0.33,7,0,6,,https://www.cruiseaway.com.au/short-cruises,2026-04-24 23:05:38
singapore cruise to australia,AU,Australia,English,"Singapore (Location), Australia (Location)",false,true,false,true,true,false,"AI Overview, Thumbnail, People also ask",20,0,,7,0,1,AI Overview,https://www.cruiseaway.com.au/cruises-from-singapore-to-sydney,2026-04-19 13:43:02
melbourne new zealand cruise,AU,Australia,English,"Melbourne (Location), New Zealand (Location)",false,true,false,true,true,false,"Thumbnail, People also ask",20,0,,7,0,1,,https://www.cruiseaway.com.au/cruises-from-melbourne-to-new-zealand,2026-04-27 22:50:17
cruise to nowhere sydney,AU,Australia,English,Sydney (Location),false,true,false,true,true,false,"AI Overview, Thumbnail, People also ask",20,2,0.41,7,0,1,AI Overview,https://www.cruiseaway.com.au/short-cruises,2026-04-18 08:23:22
cruises january 2025,AU,Australia,English,,false,false,false,true,true,false,,20,35,0.42,7,0,1,,https://www.cruiseaway.com.au/january-cruises,2026-05-10 02:15:46
cheap short cruises,AU,Australia,English,,false,false,false,true,true,false,"Top ads, AI Overview, Bottom ads",20,4,0.34,7,0,1,,https://www.cruiseaway.com.au/short-cruises,2026-04-22 03:39:29
cruises in february,AU,Australia,English,,false,false,false,true,true,false,People also ask,20,0,0.45,7,0,1,,https://www.cruiseaway.com.au/february-cruises,2026-05-03 23:10:40
australia to fiji cruise,AU,Australia,English,,false,false,false,true,true,false,"Top ads, Paid sitelinks, AI Overview, Thumbnail",50,0,0.41,7,0,4,,https://www.cruiseaway.com.au/cruises-from-sydney-to-fiji,2026-04-15 00:09:28
cruise from sydney to tasmania,AU,Australia,English,"Sydney (Location), Tasmania (Location)",false,true,false,true,true,false,"AI Overview, Discussions and forums",200,0,0.36,7,0,10,,https://www.cruiseaway.com.au/cruises-from-sydney-to-tasmania-2026,2026-05-05 11:01:30
island cruises,AU,Australia,English,,false,false,false,true,true,false,"Bottom ads, Paid sitelinks",100,7,0.25,7,0,3,,https://www.cruiseaway.com.au/cruises/south-pacific,2026-04-15 13:37:27
melbourne to melbourne cruise,AU,Australia,English,Melbourne to Melbourne cruise (Event),false,true,false,true,true,false,"Top ads, Paid sitelinks, Thumbnail, AI Overview",150,0,0.45,6,0,9,,https://www.cruiseaway.com.au/cruises/australia/melbourne,2026-04-10 15:04:42
christmas day cruise,AU,Australia,English,,false,false,false,true,true,false,"Thumbnail, People also ask",150,0,0.42,6,0,7,,https://www.cruiseaway.com.au/christmas-cruises,2026-05-08 21:58:07
2 night cruise sydney,AU,Australia,English,Sydney (Location),false,true,false,true,true,true,"AI Overview, Discussions and forums",60,1,0.36,6,0,4,,https://www.cruiseaway.com.au/short-cruises,2026-05-02 20:42:53
great barrier reef cruises from brisbane,AU,Australia,English,"Great Barrier Reef (Location), Brisbane (Location)",false,true,false,true,true,false,"Thumbnail, AI Overview, Bottom ads, Paid sitelinks",40,0,0.75,6,0,2,,https://www.cruiseaway.com.au/cruises/australia/great-barrier-reef,2026-05-07 19:24:37
affordable small cruise ships australia,AU,Australia,English,Australia (Location),false,true,false,true,true,false,"AI Overview, Thumbnail, Video preview, Sitelinks, People also ask",40,7,0.57,6,0,1,AI Overview,https://www.cruiseaway.com.au/small-ship-cruises,2026-04-20 12:40:25
7 day cruises from melbourne,AU,Australia,English,Melbourne (Location),false,true,false,true,true,false,"AI Overview, Thumbnail, People also ask",40,0,0.36,6,0,3,,https://www.cruiseaway.com.au/cruises/australia/melbourne,2026-04-15 05:37:53
all inclusive cruise deals,AU,Australia,English,,false,false,false,true,true,false,"Thumbnail, AI Overview, Discussions and forums",40,28,0.52,6,0,2,,https://www.cruiseaway.com.au/all-inclusive,2026-04-28 19:53:23
2 day cruise from melbourne,AU,Australia,English,Melbourne (Location),false,true,false,true,true,false,,40,0,0.33,6,0,2,,https://www.cruiseaway.com.au/short-cruises-from-melbourne,2026-04-15 13:03:53
cruise to nz from sydney,AU,Australia,English,"New Zealand (Location), Sydney (Location)",false,true,false,true,true,false,"Top ads, AI Overview, People also ask, Bottom ads, Paid sitelinks",150,1,0.43,6,0,9,,https://www.cruiseaway.com.au/cruises-from-sydney-to-new-zealand,2026-04-10 20:06:10
barrier reef cruise,AU,Australia,English,Great Barrier Reef (Location),false,false,false,true,true,true,"Top ads, Paid sitelinks, Thumbnail, People also ask",150,31,0.56,6,0,8,,https://www.cruiseaway.com.au/cruises/australia/great-barrier-reef,2026-04-13 08:49:52
norway cruise line,AU,Australia,English,Norway (Location),false,false,false,true,true,false,"Top ads, Thumbnail, People also ask, Top stories",90,63,0.62,6,1,6,,https://www.cruiseaway.com.au/cruiseline/norwegian-cruise-line,2026-05-05 04:50:42
last minute hawaii cruises,AU,Australia,English,,false,true,false,true,true,true,"Top ads, Paid sitelinks, People also ask",70,2,,6,1,5,,https://www.cruiseaway.com.au/cruises/hawaii,2026-05-08 11:59:34
cherry blossom cruise,AU,Australia,English,,false,false,false,true,true,false,"Top ads, People also ask",90,0,0.52,6,0,5,,https://www.cruiseaway.com.au/cruise/best-of-cherry-blossoms-inclusive-18005828,2026-04-09 18:15:06
easter island cruise,AU,Australia,English,Easter Island (Location),false,false,false,true,true,false,"Top ads, Paid sitelinks, Thumbnail, People also ask",70,0,,6,1,4,,https://www.cruiseaway.com.au/cruises/south-pacific/easter-island,2026-04-17 21:37:28
cruises to brisbane,AU,Australia,English,Brisbane (Location),false,true,false,true,true,false,"Thumbnail, AI Overview, People also ask, Bottom ads, Paid sitelinks",70,0,0.42,6,0,4,,https://www.cruiseaway.com.au/brisbane-to-brisbane-cruise,2026-04-21 16:49:51
cruise in august,AU,Australia,English,,false,false,false,true,true,false,"AI Overview, Thumbnail",30,4,,6,0,1,AI Overview,https://www.cruiseaway.com.au/august-cruises,2026-04-27 19:42:42
cruises to turkey,AU,Australia,English,Turkey (Location),false,false,false,true,true,false,"Top ads, Paid sitelinks, AI Overview, Thumbnail, People also ask",30,0,,6,0,2,,https://www.cruiseaway.com.au/cruises-to-turkey,2026-04-25 19:52:28
how much are cruises,AU,Australia,English,,false,false,false,true,true,false,"AI Overview, People also ask, Bottom ads, Paid sitelinks",150,27,0.32,6,0,9,,https://www.cruiseaway.com.au/cruises/australia,2026-04-29 15:27:40
fiji cruise from brisbane,AU,Australia,English,Brisbane (Location),false,true,false,true,true,false,AI Overview,150,0,0.27,6,0,9,,https://www.cruiseaway.com.au/cruises-to-fiji,2026-04-20 22:04:32
canadian cruises,AU,Australia,English,Canada (Location),false,false,false,true,true,false,"Top ads, People also ask, Bottom ads, Paid sitelinks",150,0,0.57,6,0,8,,https://www.cruiseaway.com.au/cruises/canada-usa-east-coast,2026-04-14 21:42:24
cruises sydney,AU,Australia,English,Sydney (Location),false,true,false,true,true,false,"Thumbnail, People also ask, Discussions and forums",1300,58,0.41,6,0,17,,https://www.cruiseaway.com.au/cruises/australia/sydney,2026-05-07 14:37:12
south pacific cruise from sydney,AU,Australia,English,Sydney (Location),false,true,false,true,true,false,AI Overview,80,0,0.53,6,0,6,,https://www.cruiseaway.com.au/cruises-from-sydney-to-south-pacific,2026-04-16 04:00:02
cruises cruise deals,AU,Australia,English,,false,false,false,true,true,false,"AI Overview, Thumbnail",80,24,,6,0,6,,https://www.cruiseaway.com.au/cruises-under-999,2026-05-01 03:40:54
tangalooma cruise from sydney,AU,Australia,English,"Tangalooma Cruise (Event), Sydney (Location)",false,true,false,true,false,false,"Top ads, Paid sitelinks, Thumbnail, People also ask",80,0,0.64,6,0,5,,https://www.cruiseaway.com.au/cruises/moreton-island,2026-05-07 21:59:16
cruise and fly packages,AU,Australia,English,,false,false,false,true,true,false,AI Overview,40,6,0.78,6,0,2,,https://www.cruiseaway.com.au/fly-cruises,2026-05-06 07:53:49
3 day cruises australia,AU,Australia,English,Australia (Location),false,true,false,true,true,false,"Thumbnail, AI Overview",40,2,0.31,6,0,2,,https://www.cruiseaway.com.au/short-cruises,2026-04-17 10:22:17
cruise to cairns,AU,Australia,English,Cairns (Location),false,true,false,true,true,false,"Thumbnail, AI Overview, People also ask",200,0,0.35,6,0,10,,https://www.cruiseaway.com.au/cruises/cairns,2026-04-12 14:07:03
cruise to go,AU,Australia,English,,false,false,false,true,true,true,Sitelinks,70,52,0.37,6,0,4,,https://www.cruiseaway.com.au/,2026-04-28 13:59:22
cruises from sydney march 2023,AU,Australia,English,Sydney (Location),false,true,false,true,true,false,"Sitelinks, People also ask",100,10,0.49,6,0,6,,https://www.cruiseaway.com.au/march-cruises,2026-04-26 08:18:48
cruise from,AU,Australia,English,,false,false,false,true,true,false,,90,76,0.52,6,0,6,,https://www.cruiseaway.com.au/cruises/australia,2026-04-21 13:32:04
cruise sales from brisbane,AU,Australia,English,Brisbane (Location),false,true,false,true,true,false,"People also ask, Sitelinks",50,6,,6,0,3,,https://www.cruiseaway.com.au/cheap-cruises-from-brisbane,2026-05-11 09:24:58
cruises from sydney may 2023,AU,Australia,English,Sydney (Location),false,true,false,true,true,false,Sitelinks,150,5,,6,0,7,,https://www.cruiseaway.com.au/cruises/australia/sydney,2026-05-08 02:42:16
booking cruise,AU,Australia,English,,false,false,false,true,true,true,People also ask,40,67,0.58,6,0,3,,https://www.cruiseaway.com.au/,2026-04-14 22:30:30
nz cruises from brisbane,AU,Australia,English,Brisbane (Location),false,true,false,true,true,false,"AI Overview, Thumbnail, People also ask",100,0,0.37,6,0,7,,https://www.cruiseaway.com.au/cruises-from-brisbane-to-new-zealand,2026-05-02 08:40:03
small ship cruises australia,AU,Australia,English,Australia (Location),false,true,false,true,true,false,"Top ads, Paid sitelinks, Thumbnail, People also ask",90,5,0.63,6,0,6,,https://www.cruiseaway.com.au/small-ship-cruises,2026-04-19 21:32:36
cruising to new zealand from sydney,AU,Australia,English,"New Zealand (Location), Sydney (Location)",false,true,false,true,true,false,"AI Overview, People also ask",20,1,,6,0,1,,https://www.cruiseaway.com.au/cruises-from-sydney-to-new-zealand,2026-04-14 07:13:27
flight cruise packages,AU,Australia,English,,false,false,false,true,true,false,Thumbnail,20,16,0.78,6,0,1,,https://www.cruiseaway.com.au/fly-cruises,2026-04-14 09:58:31
book a cruise from melbourne,AU,Australia,English,Melbourne (Location),false,true,false,false,true,true,,20,1,,6,0,1,,https://www.cruiseaway.com.au/cruises/australia/melbourne,2026-04-27 03:15:05
cheap cruising,AU,Australia,English,,false,false,false,true,true,false,"Shopping, Thumbnail",20,21,,6,0,1,,https://www.cruiseaway.com.au/cheap-cruises,2026-05-02 13:15:41
single cruise australia,AU,Australia,English,Australia (Location),false,true,false,true,true,false,"AI Overview, People also ask, Bottom ads, Paid sitelinks",20,1,,6,1,2,,https://www.cruiseaway.com.au/singles-cruises,2026-04-29 19:04:47
best cruise booking sites,AU,Australia,English,,false,false,false,true,true,false,"Top ads, Paid sitelinks, People also ask, Sitelinks",20,65,0.67,6,0,1,,https://www.cruiseaway.com.au/,2026-04-20 21:35:54
cruise to bali from perth,AU,Australia,English,"Bali (Location), Perth (Location)",false,true,false,true,true,false,"AI Overview, People also ask, Discussions and forums",20,0,,6,0,2,,https://www.cruiseaway.com.au/cruises-from-perth-fremantle-to-bali,2026-05-11 11:02:02
cruise from sydney to nz,AU,Australia,English,"Sydney (Location), New Zealand (Location)",false,true,false,true,true,false,AI Overview,30,1,,6,0,1,,https://www.cruiseaway.com.au/cruises-from-sydney-to-new-zealand,2026-04-16 09:35:28
2 day cruise melbourne,AU,Australia,English,Melbourne (Location),false,true,false,true,true,false,"AI Overview, People also ask",40,0,,6,0,2,,https://www.cruiseaway.com.au/short-cruises-from-melbourne,2026-04-22 10:50:25
airlie beach cruises,AU,Australia,English,Airlie Beach (Location),false,true,false,true,true,false,"Top ads, Paid sitelinks, Local pack, Thumbnail, People also ask, Discussions and forums",150,0,0.63,6,0,9,,https://www.cruiseaway.com.au/cruises/australia/airlie-beach,2026-05-03 23:10:05
cruises leaving brisbane,AU,Australia,English,Brisbane (Location),false,true,false,true,true,false,"Thumbnail, People also ask",300,0,0.35,6,0,11,,https://www.cruiseaway.com.au/cruises/australia/brisbane,2026-04-20 23:32:47
cruises for family of 5 australia,AU,Australia,English,Australia (Location),false,true,false,true,true,false,"AI Overview, Video preview, Thumbnail, Top ads, Paid sitelinks, People also ask, Discussions and forums, Bottom ads",200,0,0.49,6,0,1,AI Overview,https://www.cruiseaway.com.au/family-cruises,2026-04-13 12:36:27
mexican riviera cruise deals,AU,Australia,English,Mexican Riviera (Location),false,false,false,true,true,false,People also ask,90,0,,6,0,6,,https://www.cruiseaway.com.au/cruises-mexico,2026-04-10 22:57:12
cruises from lisbon,AU,Australia,English,Lisbon (Location),false,true,false,true,true,false,People also ask,150,0,0.56,6,0,9,,https://www.cruiseaway.com.au/cruises/lisbon,2026-04-25 18:05:47
cruise vacation cruises,AU,Australia,English,,false,false,false,true,true,false,,150,54,0.33,6,0,7,,https://www.cruiseaway.com.au/cruises,2026-04-16 05:37:53
fly and cruise packages,AU,Australia,English,,false,false,false,true,true,true,,50,1,0.86,6,0,3,,https://www.cruiseaway.com.au/fly-cruises,2026-05-04 21:50:46
sydney to adelaide cruise,AU,Australia,English,,false,true,false,true,true,false,"AI Overview, People also ask",50,0,0.34,6,0,3,,https://www.cruiseaway.com.au/cruises/adelaide,2026-05-01 14:04:46
cruises greece,AU,Australia,English,Greece (Location),false,false,false,true,true,false,"People also ask, Thumbnail, AI Overview",50,0,0.81,6,0,3,,https://www.cruiseaway.com.au/cruises-to-greece,2026-04-19 02:19:28
cruises australia 2025,AU,Australia,English,Australia (Location),false,false,false,true,true,false,AI Overview,70,56,0.39,6,0,4,,https://www.cruiseaway.com.au/cruises/australia,2026-05-03 16:04:22
pacific island cruises from sydney,AU,Australia,English,Sydney (Location),false,true,false,true,true,false,"Thumbnail, AI Overview",80,0,0.42,6,0,6,,https://www.cruiseaway.com.au/cruises-from-sydney-to-south-pacific,2026-04-16 16:53:17
family cruises from perth,AU,Australia,English,Perth (Location),false,true,false,true,true,false,"AI Overview, Thumbnail, People also ask",80,1,0.30,6,0,6,,https://www.cruiseaway.com.au/family-cruises,2026-05-03 03:00:35
last.minute cruises,AU,Australia,English,,false,false,false,true,true,true,People also ask,80,2,,6,0,5,,https://www.cruiseaway.com.au/last-minute-cruises,2026-04-10 06:32:30
ship cruise melbourne,AU,Australia,English,Melbourne (Location),false,true,false,true,true,false,"AI Overview, Thumbnail, Local pack, People also ask",50,5,0.31,6,0,6,,https://www.cruiseaway.com.au/cruises/australia/melbourne,2026-04-21 01:17:09
morton island cruise,AU,Australia,English,Moreton Island (Location),false,true,false,true,true,false,"People also ask, Discussions and forums, Thumbnail, Video preview",100,2,,6,0,6,,https://www.cruiseaway.com.au/cruises/moreton-island,2026-05-01 19:37:32
cruise liner,AU,Australia,English,,false,false,false,true,true,false,"AI Overview, Thumbnail, People also ask",250,69,0.47,6,0,9,,https://www.cruiseaway.com.au/ships,2026-04-27 19:42:17
cruise to tasmania from melbourne,AU,Australia,English,"Tasmania (Location), Melbourne (Location)",false,true,false,true,true,false,"AI Overview, Thumbnail, People also ask",200,0,0.21,6,0,9,,https://www.cruiseaway.com.au/cruises/australia/tasmania,2026-04-18 01:12:33
cruise from malaysia,AU,Australia,English,,false,false,false,true,true,false,"Thumbnail, Sitelinks, People also ask, Discussions and forums",40,0,0.39,6,0,2,,https://www.cruiseaway.com.au/cruises/asia/kuala-lumpur,2026-05-05 11:17:48
cruises from sydney july 2023,AU,Australia,English,Sydney (Location),false,true,false,true,true,false,"Sitelinks, People also ask",150,4,0.45,6,0,7,,https://www.cruiseaway.com.au/cruises/australia/sydney,2026-04-13 06:54:29
uk cruise,AU,Australia,English,UK (Location),false,true,false,true,true,false,"Top ads, Paid sitelinks, Thumbnail, People also ask",50,10,,6,0,3,,https://www.cruiseaway.com.au/cruises/british-isles,2026-04-14 23:50:02
easter cruise from sydney,AU,Australia,English,Sydney (Location),false,true,false,true,true,false,,50,0,,6,0,3,,https://www.cruiseaway.com.au/easter-cruises-2026-from-sydney,2026-05-01 06:30:30
european river cruise deals,AU,Australia,English,,false,false,false,true,true,false,"Sitelinks, AI Overview",100,5,1.06,6,0,7,,https://www.cruiseaway.com.au/cruises/european-river,2026-04-10 04:48:02
family cruises from melbourne,AU,Australia,English,Melbourne (Location),false,true,false,true,true,false,"AI Overview, Top ads, Paid sitelinks, Thumbnail, People also ask, Bottom ads",100,0,0.26,6,3,8,,https://www.cruiseaway.com.au/family-cruises,2026-05-06 05:42:37
nz cruise from sydney,AU,Australia,English,Sydney (Location),false,true,false,true,true,false,People also ask,150,2,0.45,6,0,8,,https://www.cruiseaway.com.au/cruises-from-sydney-to-new-zealand-2027,2026-04-21 06:34:02
cheap cruise finder,AU,Australia,English,,false,false,false,true,true,false,,10,35,,6,0,1,,https://www.cruiseaway.com.au/cheap-cruises,2026-04-13 17:47:28
cruise gratuities,AU,Australia,English,,false,false,false,true,false,false,"AI Overview, Thumbnail, Video preview, People also ask, Sitelinks",40,0,,6,0,4,,https://www.cruiseaway.com.au/gratuities-on-board,2026-05-04 14:20:47
last minute cruise deals sydney,AU,Australia,English,Sydney (Location),false,true,false,true,true,true,Bottom ads,60,2,0.34,6,0,4,,https://www.cruiseaway.com.au/last-minute-cruises,2026-04-23 06:59:25
last minute cruise australia,AU,Australia,English,Australia (Location),false,true,false,true,true,true,,60,1,,6,0,4,,https://www.cruiseaway.com.au/last-minute-cruises,2026-05-10 07:15:15
cruises from brisbane to new zealand,AU,Australia,English,"Brisbane (Location), New Zealand (Location)",false,true,false,true,true,false,"People also ask, Thumbnail, Bottom ads, Paid sitelinks",350,0,0.33,6,0,8,,https://www.cruiseaway.com.au/cruises-from-brisbane-to-new-zealand,2026-04-26 06:42:29
cruise ship prices,AU,Australia,English,,false,false,false,true,true,false,People also ask,50,28,0.37,6,0,3,,https://www.cruiseaway.com.au/cheap-cruises,2026-04-16 17:43:17
cruise 3 days,AU,Australia,English,,false,false,false,true,true,false,"AI Overview, Video preview",50,1,,6,0,3,,https://www.cruiseaway.com.au/3-day-cruises-from-melbourne,2026-05-01 13:51:28
barrier reef cruises from brisbane,AU,Australia,English,"Great Barrier Reef (Location), Brisbane (Location)",false,true,false,true,true,false,"Top ads, Paid sitelinks, AI Overview, Thumbnail, People also ask, Video preview",50,0,0.46,6,0,1,AI Overview,https://www.cruiseaway.com.au/cruises/australia/great-barrier-reef,2026-05-02 03:42:53
getaway cruises,AU,Australia,English,,false,false,false,true,true,false,"AI Overview, People also ask",50,1,0.46,6,0,4,,https://www.cruiseaway.com.au/short-cruises,2026-05-07 03:41:16
cruise perth to brisbane,AU,Australia,English,,false,true,false,true,true,false,"Top ads, Thumbnail, AI Overview, People also ask",50,0,0.21,6,1,3,,https://www.cruiseaway.com.au/cruises/australia/perth,2026-05-09 13:24:52
cruise deals last minute,AU,Australia,English,,false,false,false,true,true,true,"Top ads, Thumbnail, Discussions and forums, Bottom ads",40,5,0.67,6,1,2,,https://www.cruiseaway.com.au/last-minute-cruises,2026-05-02 03:15:54
cruise from brisbane to hawaii,AU,Australia,English,"Brisbane (Location), Hawaii (Location)",false,true,false,true,true,false,"Top ads, Paid sitelinks, AI Overview, Thumbnail, People also ask",40,0,0.49,6,0,1,AI Overview,https://www.cruiseaway.com.au/cruises-from-brisbane-to-hawaii,2026-04-25 23:55:36
cruise to adelaide,AU,Australia,English,Adelaide (Location),false,true,false,true,true,false,Thumbnail,40,0,,6,0,2,,https://www.cruiseaway.com.au/cruises/adelaide,2026-05-07 17:39:30
cruise to cook islands from sydney,AU,Australia,English,"Cook Islands (Location), Sydney (Location)",false,true,false,true,true,false,"Top ads, Paid sitelinks, AI Overview, Thumbnail, People also ask",40,0,0.40,6,0,1,AI Overview,https://www.cruiseaway.com.au/cruises/south-pacific/rarotonga,2026-04-22 05:38:29
nz cruises 2025,AU,Australia,English,,false,false,false,true,true,false,"Thumbnail, People also ask",40,1,0.42,6,0,2,,https://www.cruiseaway.com.au/cruises/new-zealand,2026-05-01 16:37:32
sydney to vancouver cruise,AU,Australia,English,Sydney to Vancouver (Event),false,false,false,true,true,false,"Top ads, Paid sitelinks, AI Overview, People also ask, Bottom ads",40,0,0.43,6,0,2,,https://www.cruiseaway.com.au/cruises/vancouver,2026-04-28 01:19:55
cruises june 2024,AU,Australia,English,,false,false,false,true,true,false,"Top ads, Paid sitelinks, People also ask, Sitelinks, Bottom ads",100,49,0.45,6,0,7,,https://www.cruiseaway.com.au/,2026-04-27 17:16:27
7 day cruises from boston,AU,Australia,English,Boston (Location),false,true,false,true,true,false,"AI Overview, People also ask",80,0,,6,0,6,,https://www.cruiseaway.com.au/cruise/east-coast-usa-from-boston-massachusetts-usa-with-the-volendam-18421218,2026-04-10 04:17:02
cruise ship from melbourne,AU,Australia,English,Melbourne (Location),false,true,false,true,true,false,,150,0,0.45,6,0,8,,https://www.cruiseaway.com.au/cruises/australia/melbourne,2026-05-02 12:32:32
christmas cruise 2026,AU,Australia,English,,false,false,false,true,true,false,"Thumbnail, People also ask, Discussions and forums, Video preview",100,0,0.47,6,0,7,,https://www.cruiseaway.com.au/christmas-cruises-from-sydney-2026,2026-05-09 10:54:29
cruises around australia 2025,AU,Australia,English,,false,false,false,true,true,false,"AI Overview, Thumbnail, People also ask",100,12,0.41,6,0,7,,https://www.cruiseaway.com.au/cruises/australia,2026-04-14 00:24:55
last minute south pacific cruises,AU,Australia,English,South Pacific (Location),false,false,false,true,true,true,"Top ads, Paid sitelinks, AI Overview, Thumbnail, People also ask, Bottom ads",100,1,0.27,6,0,1,AI Overview,https://www.cruiseaway.com.au/last-minute-cruises,2026-05-03 03:19:28
cruises to nz from brisbane,AU,Australia,English,"New Zealand (Location), Brisbane (Location)",false,true,false,true,true,false,"AI Overview, Thumbnail",60,0,0.45,6,0,5,,https://www.cruiseaway.com.au/cruises-from-brisbane-to-new-zealand,2026-04-26 22:38:56
great barrier reef cruises from sydney,AU,Australia,English,"Great Barrier Reef (Location), Sydney (Location)",false,true,false,true,true,false,"Top ads, Paid sitelinks, AI Overview, Thumbnail, People also ask",60,0,0.57,6,1,1,AI Overview,https://www.cruiseaway.com.au/cruises/australia/great-barrier-reef,2026-04-26 06:23:28
cruises sydney to new zealand,AU,Australia,English,,false,true,false,true,true,false,"Top ads, Paid sitelinks, Thumbnail, People also ask, Bottom ads",100,1,0.45,6,0,7,,https://www.cruiseaway.com.au/cruises-from-sydney-to-new-zealand,2026-04-22 01:44:04
around australia cruises 2023,AU,Australia,English,,false,false,false,true,true,false,"Top ads, Paid sitelinks, Sitelinks, Thumbnail, People also ask",90,0,0.40,6,0,5,,https://www.cruiseaway.com.au/28-day-cruise-around-australia,2026-05-08 01:41:07
sample cruise,AU,Australia,English,,false,false,false,true,true,false,,20,3,0.38,6,0,1,,https://www.cruiseaway.com.au/short-cruises,2026-04-25 19:19:02
one way cruise to fiji,AU,Australia,English,Fiji (Location),false,false,false,true,true,false,People also ask,20,0,0.37,6,0,1,,https://www.cruiseaway.com.au/cruises-to-fiji,2026-04-23 09:42:30
singles boat cruise,AU,Australia,English,,false,false,false,true,true,false,"AI Overview, Thumbnail, People also ask, Discussions and forums",20,0,,6,0,2,,https://www.cruiseaway.com.au/singles-cruises,2026-04-30 06:04:44
last minute cruses,AU,Australia,English,,false,false,false,true,true,true,"AI Overview, People also ask",20,0,,6,0,2,,https://www.cruiseaway.com.au/cruises-from-singapore-to-australia,2026-05-08 20:57:09
cruise new zealand from melbourne,AU,Australia,English,"New Zealand (Location), Melbourne (Location)",false,true,false,true,true,false,AI Overview,20,0,,6,0,1,,https://www.cruiseaway.com.au/cruises-from-melbourne-to-new-zealand,2026-04-16 14:48:47
cruise brands,AU,Australia,English,,false,false,false,true,false,false,"AI Overview, People also ask",40,30,0.62,6,0,4,,https://www.cruiseaway.com.au/cruise-lines,2026-04-16 02:45:20
cruises 2024,AU,Australia,English,,false,false,false,true,true,false,"AI Overview, People also ask, Video preview",200,40,0.42,6,0,10,,https://www.cruiseaway.com.au/cruises,2026-05-09 05:15:17
fremantle to esperance cruise,AU,Australia,English,"Fremantle (Location), Esperance (Location)",false,true,false,true,true,false,"AI Overview, Thumbnail, People also ask",150,0,0.45,6,0,9,,https://www.cruiseaway.com.au/cruises/esperance,2026-05-06 14:59:10
cruise to japan from sydney,AU,Australia,English,"Japan (Location), Sydney (Location)",false,true,false,true,true,false,"Thumbnail, People also ask, Discussions and forums",60,0,0.41,6,0,4,,https://www.cruiseaway.com.au/cruise/ultimate-autumn-in-japan-18297062,2026-05-06 12:11:50
last minute cruises from bayonne,AU,Australia,English,Bayonne (Location),false,true,false,true,true,true,"People also ask, Bottom ads, Paid sitelinks",60,2,,6,0,4,,https://www.cruiseaway.com.au/cruises/cape-liberty-bayonne,2026-04-14 15:31:33
sydney to tangalooma cruise,AU,Australia,English,"Sydney (Location), Tangalooma (Location)",false,true,false,true,true,false,"AI Overview, People also ask, Video preview",40,1,0.63,6,0,2,,https://www.cruiseaway.com.au/cruises/moreton-island,2026-04-26 11:57:42
cheap cruise packages,AU,Australia,English,,false,false,false,true,true,false,AI Overview,40,33,0.43,6,0,2,,https://www.cruiseaway.com.au/cheap-cruises,2026-04-14 10:10:13
cruises july 2023,AU,Australia,English,,false,false,false,true,true,false,"Sitelinks, People also ask",100,18,0.45,6,0,7,,https://www.cruiseaway.com.au/cruises/australia/sydney,2026-04-26 04:34:56
new year cruises,AU,Australia,English,,false,false,false,true,true,false,"Top ads, Thumbnail, Bottom ads, Paid sitelinks",100,0,0.45,6,0,4,,https://www.cruiseaway.com.au/new-years-eve-cruises,2026-04-24 11:01:49
korea cruise,AU,Australia,English,South Korea (Location),false,false,false,true,true,false,,100,0,,6,0,7,,https://www.cruiseaway.com.au/cruises/seoul,2026-04-26 00:12:39
tampa cruise deals,AU,Australia,English,Tampa (Location),false,true,false,true,true,false,People also ask,80,0,,6,0,5,,https://www.cruiseaway.com.au/cruises/caribbean/tampa,2026-05-07 08:44:32
sydney christmas cruises,AU,Australia,English,Sydney (Location),false,true,false,true,true,false,"People also ask, Knowledge panel",80,0,,6,0,5,,https://www.cruiseaway.com.au/christmas-cruises-from-sydney-2026,2026-04-23 16:01:48
last minute cruises to mediterranean,AU,Australia,English,Mediterranean (Location),false,false,false,true,true,true,"Top ads, Paid sitelinks, AI Overview, Thumbnail",80,1,0.60,6,2,6,,https://www.cruiseaway.com.au/cruises/mediterranean,2026-05-09 01:03:52
cruises from australia to south pacific islands,AU,Australia,English,South Pacific Islands (Location),false,false,false,true,true,false,AI Overview,100,1,0.54,6,0,7,,https://www.cruiseaway.com.au/cruises-from-sydney-to-south-pacific,2026-05-08 04:00:45
short cruises from sydney 2023,AU,Australia,English,Sydney (Location),false,true,false,true,true,false,AI Overview,150,2,0.45,6,0,9,,https://www.cruiseaway.com.au/short-cruises,2026-05-07 14:41:11
december cruises from sydney,AU,Australia,English,Sydney (Location),false,true,false,true,true,false,"AI Overview, People also ask",250,5,0.35,6,0,11,,https://www.cruiseaway.com.au/cruises-from-sydney-december-2026,2026-05-01 11:08:50
paris cruise,AU,Australia,English,Paris (Location),false,true,false,true,true,false,"Local pack, People also ask",100,18,0.65,6,0,8,,https://www.cruiseaway.com.au/cruises/paris,2026-04-23 07:30:28
cruises from sydney april 2023,AU,Australia,English,Sydney (Location),false,true,false,true,true,false,"Sitelinks, People also ask",150,10,0.45,6,0,7,,https://www.cruiseaway.com.au/april-cruises,2026-04-30 08:24:28
cruise deals sydney,AU,Australia,English,Sydney (Location),false,true,false,true,true,false,,200,6,0.46,6,0,10,,https://www.cruiseaway.com.au/cruise-deals,2026-05-03 04:43:12
cruise trips from melbourne,AU,Australia,English,Melbourne (Location),false,true,false,true,true,false,,150,1,0.45,6,0,8,,https://www.cruiseaway.com.au/cruises/australia/melbourne,2026-05-10 04:28:11
cruise vancouver alaska,AU,Australia,English,"Vancouver (Location), Alaska (Location)",false,true,false,true,true,false,"Thumbnail, AI Overview, Bottom ads, Paid sitelinks",150,0,0.63,6,0,10,,https://www.cruiseaway.com.au/cruises-from-vancouver-to-alaska,2026-04-19 12:19:43
cruise deals from papeete,AU,Australia,English,Papeete (Location),false,true,false,true,true,true,"Thumbnail, Bottom ads",80,0,,6,0,5,,https://www.cruiseaway.com.au/cruises/south-pacific/papeete-tahiti,2026-05-05 04:19:47
last minute san diego cruises,AU,Australia,English,San Diego (Location),false,true,false,true,true,true,"Thumbnail, People also ask, Bottom ads",80,1,,6,0,5,,https://www.cruiseaway.com.au/cruises/usa-west-coast/san-diego,2026-05-03 08:13:53
last minute cruises from amsterdam,AU,Australia,English,Amsterdam (Location),false,true,false,true,true,true,"Sitelinks, People also ask",80,1,,6,0,5,,https://www.cruiseaway.com.au/cruises/northern-europe/amsterdam,2026-04-15 00:10:17
2 night cruise from brisbane,AU,Australia,English,Brisbane (Location),false,true,false,true,true,false,"AI Overview, Thumbnail, People also ask",80,0,,6,0,1,AI Overview,https://www.cruiseaway.com.au/cruise/australia-from-brisbane-australia-with-the-crown-princess-16934363,2026-04-11 01:41:55
cruises from sydney,AU,Australia,English,Sydney (Location),false,true,false,true,true,false,"People also ask, Thumbnail, Video preview",8700,5,0.32,6,801,17,,https://www.cruiseaway.com.au/cruises/australia/sydney,2026-05-09 15:05:27
cruise ships brisbane,AU,Australia,English,Brisbane (Location),false,true,false,true,true,false,"People also ask, Discussions and forums, Knowledge panel",250,1,0.34,6,0,10,,https://www.cruiseaway.com.au/cruises/australia/brisbane,2026-05-06 13:01:10
cruises brisbane australia,AU,Australia,English,"Brisbane (Location), Australia (Location)",false,true,false,true,true,false,"Top ads, Paid sitelinks, Thumbnail, Local pack",100,4,,6,3,7,,https://www.cruiseaway.com.au/cruises/australia/brisbane,2026-04-17 20:07:30
thailand cruises,AU,Australia,English,Thailand (Location),false,false,false,true,true,false,"People also ask, AI Overview",100,0,0.38,6,0,8,,https://www.cruiseaway.com.au/cruises-to-thailand,2026-04-27 19:59:33
cruise bora bora,AU,Australia,English,Bora Bora (Location),false,true,false,true,true,false,"AI Overview, People also ask, Thumbnail",40,0,0.55,6,0,2,,https://www.cruiseaway.com.au/cruises/south-pacific/bora-bora,2026-04-27 22:19:21
cruise prices australia,AU,Australia,English,Australia (Location),false,true,false,true,true,false,People also ask,40,33,0.30,6,0,2,,https://www.cruiseaway.com.au/cheap-cruises,2026-04-11 22:14:28
4 night cruise from melbourne,AU,Australia,English,Melbourne (Location),false,true,false,true,true,false,"AI Overview, People also ask",40,0,,6,0,3,,https://www.cruiseaway.com.au/short-cruises,2026-04-16 03:47:50
4 night cruise,AU,Australia,English,,false,false,false,true,true,false,,40,3,0.36,6,0,2,,https://www.cruiseaway.com.au/short-cruises,2026-04-17 18:40:30
grinch cruise,AU,Australia,English,,false,false,false,true,true,false,"Top ads, Thumbnail, People also ask, Discussions and forums, Sitelinks, Video preview, Bottom ads, Paid sitelinks",40,0,0.59,6,2,2,,https://www.cruiseaway.com.au/spectacular-grinchmas-in-july-sailings,2026-04-27 12:53:37
fiji cruises from sydney,AU,Australia,English,Sydney (Location),false,true,false,true,true,false,,90,0,0.37,6,0,6,,https://www.cruiseaway.com.au/cruises-to-fiji,2026-04-22 12:03:54
cruise from singapore to japan,AU,Australia,English,"Singapore (Location), Japan (Location)",false,true,false,true,true,false,"AI Overview, Thumbnail, People also ask, Video preview",200,0,0.48,6,0,10,,https://www.cruiseaway.com.au/cruise/japan-from-singapore-singapore-with-the-sapphire-princess-18182359,2026-04-18 11:14:43
cruise india,AU,Australia,English,India (Location),false,false,false,true,true,false,"Top stories, Thumbnail, Discussions and forums, Video preview",700,0,0.42,6,0,15,,https://www.cruiseaway.com.au/cruises/india-and-indian-ocean,2026-05-10 17:40:20
cruise lines from brisbane,AU,Australia,English,Brisbane (Location),false,true,false,true,true,false,"Top ads, Paid sitelinks, AI Overview, Thumbnail, People also ask",100,0,0.49,6,0,8,,https://www.cruiseaway.com.au/cruises/australia/brisbane,2026-04-24 01:31:29
cruise to hong kong,AU,Australia,English,Hong Kong (Location),false,true,false,true,true,false,"AI Overview, Thumbnail, People also ask, Video preview",90,0,0.45,6,0,1,AI Overview,https://www.cruiseaway.com.au/cruises/asia/hong-kong,2026-04-21 11:55:32
cruises from,AU,Australia,English,,false,false,false,true,true,false,People also ask,90,61,0.52,6,0,6,,https://www.cruiseaway.com.au/cruises/australia,2026-04-18 20:21:31
last minute cruise sydney,AU,Australia,English,Sydney (Location),false,true,false,true,true,true,,90,1,,6,0,6,,https://www.cruiseaway.com.au/last-minute-cruises-from-sydney,2026-04-09 08:08:17
bay of islands cruise,AU,Australia,English,Bay of Islands (Location),false,true,false,true,true,false,"Local pack, People also ask",100,9,0.85,6,0,8,,https://www.cruiseaway.com.au/cruises/new-zealand/bay-of-islands,2026-04-23 00:48:26
cruise from singapore 2025,AU,Australia,English,Singapore (Location),false,true,false,true,true,false,"AI Overview, Thumbnail",90,3,0.31,5,0,1,AI Overview,https://www.cruiseaway.com.au/cruises-from-singapore-to-australia,2026-04-20 12:30:17
cruise from melbourne 2024,AU,Australia,English,Melbourne (Location),false,true,false,true,true,false,"People also ask, Sitelinks",150,3,0.42,5,0,7,,https://www.cruiseaway.com.au/cruises/australia/melbourne,2026-05-10 15:35:00
cruises japan,AU,Australia,English,Japan (Location),false,false,false,true,true,false,"AI Overview, People also ask",200,0,0.46,5,0,11,,https://www.cruiseaway.com.au/cruises-to-japan,2026-04-18 09:39:36
cruise asia to australia,AU,Australia,English,"Asia (Location), Australia (Location)",false,false,false,true,true,false,"AI Overview, People also ask",20,0,0.50,5,0,1,,https://www.cruiseaway.com.au/cruises-from-singapore-to-sydney,2026-04-15 05:22:54
cruises sydney new zealand,AU,Australia,English,"Sydney (Location), New Zealand (Location)",false,true,false,true,true,false,"AI Overview, Thumbnail, Knowledge panel",20,1,,5,0,1,AI Overview,https://www.cruiseaway.com.au/cruises-from-sydney-to-new-zealand,2026-05-11 09:11:39
taster cruise,AU,Australia,English,,false,false,false,true,true,false,People also ask,20,2,0.32,5,0,1,,https://www.cruiseaway.com.au/short-cruises,2026-04-16 10:02:18
suez canal cruises,AU,Australia,English,Suez Canal (Location),false,false,false,true,true,false,"AI Overview, Thumbnail, People also ask, Discussions and forums",20,0,0.61,5,0,1,AI Overview,https://www.cruiseaway.com.au/cruises/africa/suez-canal-passage,2026-05-02 05:55:22
cheap cruises around australia,AU,Australia,English,,false,false,false,true,true,false,"Top ads, Paid sitelinks, Thumbnail, People also ask",20,27,,5,0,1,,https://www.cruiseaway.com.au/cheap-cruises,2026-05-10 15:15:15
melbourne to new zealand cruises,AU,Australia,English,"Melbourne (Location), New Zealand (Location)",false,true,false,true,true,false,"AI Overview, Thumbnail",20,0,,5,0,1,,https://www.cruiseaway.com.au/cruises-from-melbourne-to-new-zealand,2026-04-19 02:02:40
cruises in greece,AU,Australia,English,Greece (Location),false,false,false,true,true,false,"Thumbnail, AI Overview, People also ask",40,0,0.78,5,0,2,,https://www.cruiseaway.com.au/cruises-to-greece,2026-04-23 16:50:08
affordable small cruise ships,AU,Australia,English,,false,false,false,true,true,false,"People also ask, Discussions and forums, Thumbnail",40,0,0.60,5,0,2,,https://www.cruiseaway.com.au/small-ship-cruises,2026-05-11 12:31:49
cruise to eden from sydney,AU,Australia,English,"Eden (Location), Sydney (Location)",false,true,false,true,true,false,"AI Overview, People also ask, Video preview, Bottom ads, Paid sitelinks",70,0,0.40,5,0,6,,https://www.cruiseaway.com.au/cruises/australia/eden,2026-04-29 02:43:40
5 day cruise from melbourne,AU,Australia,English,Melbourne (Location),false,true,false,true,true,false,"AI Overview, Thumbnail, People also ask",90,4,,5,0,7,,https://www.cruiseaway.com.au/short-cruises,2026-04-16 03:40:40
all cruises,AU,Australia,English,,false,false,false,true,true,false,,50,67,0.61,5,0,3,,https://www.cruiseaway.com.au/cruises,2026-04-14 06:23:17
melbourne to adelaide cruise,AU,Australia,English,Melbourne to Adelaide cruise (Work),false,true,false,true,true,true,"Thumbnail, AI Overview",50,0,0.34,5,0,3,,https://www.cruiseaway.com.au/cruises/adelaide,2026-05-03 16:59:03
melbourne to cairns cruise,AU,Australia,English,,false,true,false,true,true,false,"Thumbnail, AI Overview, People also ask, Bottom ads, Paid sitelinks",150,0,,5,0,9,,https://www.cruiseaway.com.au/3-day-cruises-from-melbourne,2026-04-28 15:32:28
cheapest cruises from sydney,AU,Australia,English,Sydney (Location),false,true,false,true,true,false,People also ask,40,6,0.36,5,0,4,,https://www.cruiseaway.com.au/cheap-cruises,2026-04-13 00:25:46
cruise new zealand from sydney,AU,Australia,English,"New Zealand (Location), Sydney (Location)",false,true,false,true,true,false,"Top ads, Paid sitelinks, Thumbnail",90,0,,5,0,6,,https://www.cruiseaway.com.au/cruises-from-sydney-to-new-zealand,2026-05-09 10:36:56
western mediterranean cruise deals,AU,Australia,English,Western Mediterranean (Location),false,false,false,true,true,false,Thumbnail,200,0,,5,0,10,,https://www.cruiseaway.com.au/cruise/western-mediterranean-from-australia-with-the-msc-euribia-18750483,2026-05-06 17:29:10
around australia cruises,AU,Australia,English,,false,false,false,true,true,false,"AI Overview, Thumbnail, People also ask",150,1,0.34,5,0,1,AI Overview,https://www.cruiseaway.com.au/cruise-around-australia,2026-04-21 13:27:28
south pacific cruises from brisbane,AU,Australia,English,Brisbane (Location),false,true,false,true,true,false,"AI Overview, Thumbnail, People also ask",200,0,0.36,5,0,11,,https://www.cruiseaway.com.au/south-pacific-cruises-from-brisbane-2027,2026-04-09 21:52:36
cruise to brisbane,AU,Australia,English,Brisbane (Location),false,true,false,true,true,false,AI Overview,100,0,,5,0,8,,https://www.cruiseaway.com.au/brisbane-to-brisbane-cruise,2026-05-10 11:01:14
bahamas cruise deals,AU,Australia,English,Bahamas (Location),false,false,false,true,true,false,People also ask,70,6,,5,0,6,,https://www.cruiseaway.com.au/cruises/bahamas,2026-04-12 01:25:51
cruising from singapore,AU,Australia,English,Singapore (Location),false,true,false,true,true,false,"AI Overview, People also ask",30,3,0.18,5,0,3,,https://www.cruiseaway.com.au/cruises-from-singapore-to-australia,2026-04-23 18:37:10
cruises to freeport,AU,Australia,English,Freeport (Location),false,true,false,true,true,false,People also ask,70,0,,5,0,5,,https://www.cruiseaway.com.au/cruises/freeport,2026-05-07 06:52:19
cruise to canada from australia,AU,Australia,English,"Canada (Location), Australia (Location)",false,false,false,true,true,false,"Top ads, Paid sitelinks, AI Overview, Thumbnail, People also ask",150,0,0.42,5,0,10,,https://www.cruiseaway.com.au/cruises/canada-usa-east-coast,2026-05-11 02:15:34
4 day cruises,AU,Australia,English,,false,false,false,true,true,false,Thumbnail,150,2,0.32,5,0,7,,https://www.cruiseaway.com.au/short-cruises,2026-04-12 15:51:53
cruises from perth wa,AU,Australia,English,Perth (Location),false,true,false,true,true,false,People also ask,50,0,0.28,5,0,3,,https://www.cruiseaway.com.au/cruises/australia/perth,2026-05-08 00:34:32
cruise from sydney to fiji and vanuatu,AU,Australia,English,"Sydney (Location), Fiji and Vanuatu (Location)",false,true,false,true,true,false,"Top ads, Paid sitelinks, AI Overview, Thumbnail",50,0,,5,1,4,,https://www.cruiseaway.com.au/cruises-from-sydney-to-fiji,2026-05-10 05:00:16
exmouth cruises,AU,Australia,English,Exmouth (Location),false,true,false,true,true,false,"Thumbnail, Knowledge panel",20,0,0.32,5,0,1,,https://www.cruiseaway.com.au/cruises/exmouth,2026-05-09 07:04:44
short cruises from newcastle nsw,AU,Australia,English,Newcastle NSW (Location),false,true,false,true,true,false,"AI Overview, Thumbnail, Video preview, People also ask",40,7,,5,0,1,AI Overview,https://www.cruiseaway.com.au/cruises/australia/newcastle,2026-04-23 04:32:02
short cruises in australia,AU,Australia,English,Australia (Location),false,true,false,true,true,true,"AI Overview, Thumbnail, People also ask",40,2,0.39,5,0,3,,https://www.cruiseaway.com.au/short-cruises,2026-05-02 16:54:56
cruises to ocho rios,AU,Australia,English,Ocho Rios (Location),false,true,false,true,true,false,"Top ads, Paid sitelinks, Thumbnail, People also ask",70,0,,5,0,6,,https://www.cruiseaway.com.au/cruises/caribbean/ocho-rios,2026-04-23 10:10:02
cruise deals 2023,AU,Australia,English,,false,false,false,true,true,false,"Thumbnail, Sitelinks, People also ask",150,41,0.54,5,0,9,,https://www.cruiseaway.com.au/,2026-05-02 14:23:47
3 days cruise,AU,Australia,English,,false,false,false,true,true,false,"Top ads, Thumbnail",60,1,0.41,5,0,4,,https://www.cruiseaway.com.au/short-cruises,2026-05-10 03:31:47
cruise from sydney to great barrier reef,AU,Australia,English,"Sydney (Location), Great Barrier Reef (Location)",false,true,false,true,true,false,"AI Overview, Thumbnail, People also ask, Video preview",60,0,0.47,5,0,5,,https://www.cruiseaway.com.au/cruises/australia/great-barrier-reef,2026-04-20 23:57:27
transpacific,AU,Australia,English,,false,false,false,true,true,false,"People also ask, Thumbnail, Video preview",200,0,0.47,5,0,7,,https://www.cruiseaway.com.au/cruise/transpacific-from-sydney-australia-with-the-royal-princess-18446906,2026-02-16 05:22:41
ocean cruise,AU,Australia,English,,false,false,false,true,true,false,"AI Overview, Thumbnail",100,75,0.64,5,0,8,,https://www.cruiseaway.com.au/luxury-ocean-cruise-lines,2026-04-25 18:42:35
barcelona cruise,AU,Australia,English,Barcelona (Location),false,true,false,true,true,false,Knowledge panel,90,0,0.74,5,0,6,,https://www.cruiseaway.com.au/cruises/western-europe/barcelona,2026-04-22 03:58:27
cruise ship packages,AU,Australia,English,,false,false,false,true,true,false,"Thumbnail, People also ask",200,48,0.28,5,0,10,,https://www.cruiseaway.com.au/cruises/australia/melbourne,2026-04-22 07:58:59
cruise australia to thailand,AU,Australia,English,,false,false,false,true,true,false,"AI Overview, Thumbnail, People also ask",40,0,,5,0,4,,https://www.cruiseaway.com.au/cruises-to-thailand,2026-04-26 19:00:41
cruise packages australia,AU,Australia,English,Australia (Location),false,true,false,true,true,false,AI Overview,150,33,0.50,5,0,10,,https://www.cruiseaway.com.au/cheap-cruises,2026-04-16 20:24:03
baltic cruise deals,AU,Australia,English,Baltic (Location),false,false,false,true,true,false,"Top ads, People also ask, Thumbnail",200,0,,5,6,10,,https://www.cruiseaway.com.au/cruises/scandinavia-baltic,2026-05-10 21:14:06
cruises may 2023,AU,Australia,English,,false,false,false,true,true,false,"Sitelinks, People also ask",100,5,0.51,5,0,7,,https://www.cruiseaway.com.au/cruises,2026-04-20 00:54:02
april cruises from sydney,AU,Australia,English,Sydney (Location),false,true,false,true,true,false,,100,2,0.42,5,0,7,,https://www.cruiseaway.com.au/april-cruises,2026-04-15 16:35:51
canada and alaska cruises 2023,AU,Australia,English,Canada and Alaska (Location),false,false,false,true,true,false,"Sitelinks, People also ask",100,0,1.48,5,0,6,,https://www.cruiseaway.com.au/the-canadian-rockies-and-seattles-skies,2026-05-06 17:11:17
santorini cruise,AU,Australia,English,Santorini (Location),false,true,false,true,true,false,"Top ads, Paid sitelinks, Thumbnail, People also ask",70,0,0.58,5,0,5,,https://www.cruiseaway.com.au/cruises/mediterranean/santorini,2026-04-10 12:56:37
cruises 2025 from brisbane,AU,Australia,English,Brisbane (Location),false,true,false,true,true,false,"Top ads, Paid sitelinks, Bottom ads",150,0,0.37,5,0,9,,https://www.cruiseaway.com.au/cruises/australia/brisbane,2026-04-30 08:55:53
cruise from istanbul,AU,Australia,English,Istanbul (Location),false,true,false,true,true,false,People also ask,100,0,0.61,5,0,8,,https://www.cruiseaway.com.au/cruises/istanbul,2026-04-23 15:56:27
alaska inside passage cruise,AU,Australia,English,"Alaska (Location), Inside Passage (Location)",false,true,false,true,true,false,"AI Overview, Thumbnail, People also ask, Video preview",200,0,1.05,5,0,11,,https://www.cruiseaway.com.au/cruises/alaska-canada-west/inside-passage,2026-02-14 05:48:49
3 days cruise from melbourne,AU,Australia,English,Melbourne (Location),false,true,false,true,true,false,"AI Overview, Thumbnail, People also ask, Bottom ads, Paid sitelinks",40,0,,5,0,1,AI Overview,https://www.cruiseaway.com.au/3-day-cruises-from-melbourne,2026-05-05 20:34:02
discount cruises from brisbane,AU,Australia,English,Brisbane (Location),false,true,false,true,true,true,,40,2,,5,0,3,,https://www.cruiseaway.com.au/cheap-cruises-from-brisbane,2026-05-03 09:02:28
moreton island cruises from sydney,AU,Australia,English,"Moreton Island (Location), Sydney (Location)",false,true,false,true,true,false,"Top ads, AI Overview, Thumbnail, People also ask, Discussions and forums, Bottom ads, Paid sitelinks",40,0,,5,0,1,AI Overview,https://www.cruiseaway.com.au/cruises/moreton-island,2026-05-05 22:36:54
close to home cruises,AU,Australia,English,,false,true,false,true,true,false,Thumbnail,40,1,,5,0,2,,https://www.cruiseaway.com.au/short-cruises,2026-04-22 17:57:46
all-inclusive cruises adults-only,AU,Australia,English,,false,false,false,true,true,false,"AI Overview, Thumbnail, Video preview, People also ask, Discussions and forums",40,20,0.54,5,0,3,,https://www.cruiseaway.com.au/cruises/adult-only-virgin-voyages,2026-04-23 17:07:17
sydney to hawaii cruises,AU,Australia,English,"Sydney (Location), Hawaii (Location)",false,true,false,true,true,false,"Top ads, Paid sitelinks, AI Overview, Thumbnail, People also ask",40,0,0.51,5,0,1,AI Overview,https://www.cruiseaway.com.au/cruises-from-sydney-to-hawaii-2027,2026-04-23 15:58:36
cruise august,AU,Australia,English,,false,false,false,true,true,false,"Top ads, Paid sitelinks, Thumbnail, AI Overview, Discussions and forums",40,8,,5,0,2,,https://www.cruiseaway.com.au/august-cruises,2026-05-08 11:39:22
tickets cruise,AU,Australia,English,,false,false,false,true,true,true,,40,73,0.30,5,0,2,,https://www.cruiseaway.com.au/,2026-05-05 01:29:08
cruise to thailand,AU,Australia,English,Thailand (Location),false,false,false,true,true,false,"People also ask, Discussions and forums",150,0,0.33,5,0,8,,https://www.cruiseaway.com.au/cruises-to-thailand,2026-05-07 11:13:38
cruises from new orleans,AU,Australia,English,New Orleans (Location),false,true,false,true,true,false,"People also ask, Sitelinks",150,1,0.46,5,0,8,,https://www.cruiseaway.com.au/cruises/american-rivers-/new-orleans,2026-04-17 08:46:52
repositioning cruise sydney to singapore,AU,Australia,English,,false,true,false,true,true,false,"AI Overview, Thumbnail, People also ask",70,0,0.23,5,0,1,AI Overview,https://www.cruiseaway.com.au/repositioning-cruises,2026-05-11 02:23:32
cruises from london,AU,Australia,English,London (Location),false,true,false,true,true,false,People also ask,100,0,0.45,5,0,7,,https://www.cruiseaway.com.au/cruises/london,2026-05-08 07:43:23
brisbane christmas cruise,AU,Australia,English,Brisbane (Location),false,true,false,true,true,false,"Top ads, AI Overview, Thumbnail, People also ask, Bottom ads, Paid sitelinks",10,0,,5,0,1,AI Overview,https://www.cruiseaway.com.au/christmas-cruises-from-brisbane,2026-04-27 13:46:29
cruises from asia to australia,AU,Australia,English,"Asia (Location), Australia (Location)",false,false,false,true,true,false,"Top ads, Thumbnail, People also ask",10,0,0.47,5,1,1,,https://www.cruiseaway.com.au/cruises-from-singapore-to-sydney,2026-05-06 00:45:40
over 50 singles cruises,AU,Australia,English,,false,false,false,true,true,false,"Top ads, Paid sitelinks, AI Overview, Thumbnail, Sitelinks, People also ask, Video preview, Bottom ads",10,0,0.57,5,1,2,,https://www.cruiseaway.com.au/singles-cruises,2026-05-03 05:18:27
flights and cruise packages,AU,Australia,English,,false,false,false,true,true,true,"Top ads, Thumbnail, AI Overview, Bottom ads, Paid sitelinks",10,14,0.78,5,0,1,,https://www.cruiseaway.com.au/fly-cruises,2026-05-01 16:23:53
australian short cruises,AU,Australia,English,,false,false,false,true,true,false,"Top ads, Paid sitelinks, People also ask, Thumbnail",10,3,0.43,5,0,1,,https://www.cruiseaway.com.au/short-cruises,2026-04-26 07:57:28
small ships cruises,AU,Australia,English,,false,false,false,true,true,false,"AI Overview, Thumbnail, People also ask, Video preview, Local pack",10,4,,5,0,2,,https://www.cruiseaway.com.au/small-ship-cruises,2026-05-04 17:35:53
bargain cruises,AU,Australia,English,,false,false,false,true,true,false,"AI Overview, People also ask, Thumbnail",10,24,0.45,5,0,1,,https://www.cruiseaway.com.au/cheap-cruises,2026-05-11 09:14:42
philippines cruise,AU,Australia,English,Philippines (Location),false,false,false,true,true,false,"Thumbnail, People also ask",150,0,0.35,5,0,8,,https://www.cruiseaway.com.au/cruises/asia/manila,2026-04-22 15:46:22
cruise inside passage,AU,Australia,English,Inside Passage (Location),false,false,false,true,true,false,"AI Overview, Thumbnail, Bottom ads, Paid sitelinks",50,0,0.48,5,0,5,,https://www.cruiseaway.com.au/cruises/alaska-canada-west/inside-passage,2026-04-30 18:23:53
small ship cruising,AU,Australia,English,,false,false,false,true,true,false,"AI Overview, Thumbnail, People also ask",100,3,0.80,5,0,1,AI Overview,https://www.cruiseaway.com.au/small-ship-cruises,2026-04-15 18:21:47
cruises in july from sydney,AU,Australia,English,Sydney (Location),false,true,false,true,true,false,"Top ads, Paid sitelinks, AI Overview, Thumbnail, People also ask",20,0,,5,0,1,AI Overview,https://www.cruiseaway.com.au/cruises-from-sydney-july-2026,2026-05-11 12:14:49
cruises september 2023,AU,Australia,English,,false,false,false,true,true,false,"Sitelinks, People also ask",150,12,0.46,5,0,8,,https://www.cruiseaway.com.au/cruises/australia/sydney,2026-04-15 16:11:17
weekend cruises from sydney,AU,Australia,English,Sydney (Location),false,true,false,true,true,false,"Thumbnail, AI Overview, People also ask, Bottom ads, Paid sitelinks",250,1,0.32,5,0,11,,https://www.cruiseaway.com.au/short-cruises,2026-04-26 05:39:38
sydney to moreton island,AU,Australia,English,"Sydney (Location), Moreton Island (Location)",false,true,false,true,false,false,"AI Overview, Thumbnail, People also ask, Video preview",80,1,0.23,5,0,1,AI Overview,https://www.cruiseaway.com.au/cruises/moreton-island,2026-04-23 09:42:11
brisbane to fiji cruise,AU,Australia,English,"Brisbane (Location), Fiji (Location)",false,true,false,true,true,false,"People also ask, Bottom ads, Paid sitelinks",80,0,0.33,5,0,6,,https://www.cruiseaway.com.au/cruises-to-fiji,2026-04-24 10:32:22
last minute cruises to south pacific,AU,Australia,English,South Pacific (Location),false,false,false,true,true,true,AI Overview,80,2,,5,0,7,,https://www.cruiseaway.com.au/last-minute-cruises,2026-04-30 11:00:18
cruises to hawaii from australia,AU,Australia,English,Hawaii (Location),false,false,false,true,true,false,"AI Overview, Thumbnail, People also ask",150,0,0.28,5,0,10,,https://www.cruiseaway.com.au/cruises-from-sydney-to-hawaii-2027,2026-05-08 09:44:20
cruises around nz,AU,Australia,English,New Zealand (Location),false,true,false,true,true,false,"Top ads, Paid sitelinks, Thumbnail, People also ask",150,2,0.51,5,0,8,,https://www.cruiseaway.com.au/cruises/new-zealand,2026-04-16 21:45:27
three day cruise from melbourne,AU,Australia,English,Melbourne (Location),false,true,false,true,true,false,"AI Overview, Thumbnail, People also ask",30,0,0.19,5,0,4,,https://www.cruiseaway.com.au/3-day-cruises-from-melbourne,2026-04-30 18:20:32
christmas cruises from melbourne,AU,Australia,English,Melbourne (Location),false,true,false,true,true,false,"AI Overview, Thumbnail, People also ask",90,0,0.27,5,0,9,,https://www.cruiseaway.com.au/christmas-cruises,2026-05-10 14:36:44
caribbean cruises from sydney,AU,Australia,English,Sydney (Location),false,true,false,true,true,false,"AI Overview, People also ask, Video preview",80,0,0.50,5,0,7,,https://www.cruiseaway.com.au/royal-caribbean-cruises-from-sydney-2026,2026-05-01 12:14:01
2 night cruises from sydney,AU,Australia,English,Sydney (Location),false,true,false,true,true,false,"Top ads, Paid sitelinks, AI Overview, Thumbnail",100,1,0.34,5,0,8,,https://www.cruiseaway.com.au/short-cruises-from-sydney,2026-05-11 08:53:53
10 night south pacific cruise,AU,Australia,English,South Pacific (Location),false,false,false,true,true,true,People also ask,150,0,0.94,5,0,8,,https://www.cruiseaway.com.au/cruise/south-pacific-from-sydney-australia-with-the-carnival-adventure-18152529,2026-05-07 21:26:24
last minute cruise offers,AU,Australia,English,,false,false,false,true,true,true,AI Overview,30,4,,5,0,3,,https://www.cruiseaway.com.au/last-minute-cruises,2026-05-07 17:32:57
one way cruise sydney to new zealand,AU,Australia,English,,false,true,false,true,true,false,"Top ads, Paid sitelinks, AI Overview, Thumbnail, People also ask",30,0,,5,0,1,AI Overview,https://www.cruiseaway.com.au/cruises-from-sydney-to-new-zealand,2026-05-01 13:11:03
cruise to noumea,AU,Australia,English,Noumea (Location),false,true,false,true,true,false,"AI Overview, Thumbnail, People also ask, Video preview",80,0,0.40,5,0,1,AI Overview,https://www.cruiseaway.com.au/cruises/south-pacific/noumea,2026-05-09 18:04:57
three day cruises from sydney,AU,Australia,English,Sydney (Location),false,true,false,true,true,true,AI Overview,80,2,,5,0,7,,https://www.cruiseaway.com.au/short-cruises,2026-05-05 22:14:54
sydney to tasmania cruise price,AU,Australia,English,Sydney to Tasmania cruise (Work),false,true,false,true,true,true,"AI Overview, Thumbnail, People also ask",70,0,0.40,5,0,6,,https://www.cruiseaway.com.au/cruises-from-sydney-to-tasmania-2026,2026-05-07 08:12:07
cruises around iceland,AU,Australia,English,Iceland (Location),false,false,false,true,true,false,"AI Overview, Thumbnail, Video preview, People also ask",60,1,1.01,5,0,1,AI Overview,https://www.cruiseaway.com.au/cruises-iceland,2026-04-27 08:44:27
singapore cruises,AU,Australia,English,Singapore (Location),false,true,false,true,true,false,"Top ads, AI Overview, People also ask, Thumbnail",450,2,0.45,5,0,12,,https://www.cruiseaway.com.au/cruises-from-singapore-to-australia,2026-05-01 05:30:27
cruise destinations from sydney,AU,Australia,English,Sydney (Location),false,true,false,true,true,false,"Thumbnail, People also ask",40,29,0.57,5,0,3,,https://www.cruiseaway.com.au/cruises/australia/sydney,2026-04-21 18:44:17
last-minute cruise deals,AU,Australia,English,,false,false,false,true,true,true,Discussions and forums,40,3,,5,0,3,,https://www.cruiseaway.com.au/last-minute-cruises,2026-04-18 18:14:17
miami cruise,AU,Australia,English,Miami (Location),false,true,false,true,true,false,"Discussions and forums, Bottom ads, Paid sitelinks, Knowledge panel",80,4,0.52,5,0,6,,https://www.cruiseaway.com.au/cruises/central-america/miami,2026-05-09 13:32:07
cruise deals from nice,AU,Australia,English,Nice (Location),false,true,false,true,true,false,"AI Overview, Thumbnail, People also ask",150,0,,5,0,10,,https://www.cruiseaway.com.au/cruises/nice,2026-04-17 13:07:30
western europe cruise deals,AU,Australia,English,Western Europe (Location),false,false,false,true,true,false,"Top ads, Paid sitelinks, Thumbnail, People also ask",70,0,,5,1,5,,https://www.cruiseaway.com.au/celebrity-cruises-western-europe,2026-05-01 23:58:12
ship cruise,AU,Australia,English,,false,false,false,true,true,false,"People also ask, Discussions and forums",70,72,0.45,5,0,5,,https://www.cruiseaway.com.au/ships,2026-04-29 19:05:38
short cruise australia,AU,Australia,English,Australia (Location),false,true,false,true,true,false,,50,2,,5,0,4,,https://www.cruiseaway.com.au/short-cruises,2026-04-14 15:56:32
cruise from sydney to brisbane,AU,Australia,English,"Sydney (Location), Brisbane (Location)",false,true,false,true,true,false,"AI Overview, People also ask",200,0,0.32,5,0,11,,https://www.cruiseaway.com.au/sydney-to-brisbane-cruises,2026-04-19 01:59:53
cruises from tilbury,AU,Australia,English,Tilbury (Location),false,true,false,true,true,false,"Thumbnail, People also ask, Bottom ads",80,0,0.31,5,0,6,,https://www.cruiseaway.com.au/cruises/western-europe/tilbury-london,2026-04-26 20:18:34
4 days cruise from sydney,AU,Australia,English,Sydney (Location),false,true,false,true,true,false,"Top ads, Paid sitelinks, People also ask, Bottom ads",80,2,,5,0,6,,https://www.cruiseaway.com.au/short-cruises,2026-04-26 03:34:30
athens cruise,AU,Australia,English,Athens (Location),false,true,false,true,true,false,Local pack,150,0,0.97,5,0,10,,https://www.cruiseaway.com.au/cruises/athens-piraeus,2026-05-07 20:20:27
cruise ship deals australia,AU,Australia,English,Australia (Location),false,true,false,true,true,false,,150,46,0.50,5,0,9,,https://www.cruiseaway.com.au/cruises/australia/melbourne,2026-04-14 22:59:55
singles cruises over 40,AU,Australia,English,,false,false,false,true,true,false,"AI Overview, Video preview, Thumbnail, People also ask, Discussions and forums",20,1,0.36,5,0,2,,https://www.cruiseaway.com.au/singles-cruises,2026-05-03 12:29:20
christmas cruses,AU,Australia,English,Christmas (Event),false,false,false,true,true,false,"AI Overview, People also ask",30,0,0.62,5,1,2,,https://www.cruiseaway.com.au/christmas-cruises-from-brisbane,2026-04-17 01:01:12
cruise hawaii to sydney,AU,Australia,English,"Hawaii (Location), Sydney (Location)",false,true,false,true,true,false,"AI Overview, People also ask, Video preview, Discussions and forums, Bottom ads, Paid sitelinks",200,0,0.42,5,0,7,,https://www.cruiseaway.com.au/hawaiian-shores-to-sydney,2026-05-03 06:25:39
january cruises from sydney,AU,Australia,English,Sydney (Location),false,true,false,true,true,false,AI Overview,40,4,0.36,5,0,3,,https://www.cruiseaway.com.au/january-cruises,2026-04-12 19:44:47
cruise to eden,AU,Australia,English,Eden (Location),false,true,false,true,true,false,People also ask,40,0,,5,0,3,,https://www.cruiseaway.com.au/cruises/australia/eden,2026-05-06 00:29:05
three day cruise,AU,Australia,English,,false,false,false,true,true,true,Video preview,40,0,0.35,5,0,3,,https://www.cruiseaway.com.au/3-day-cruises-from-melbourne,2026-04-30 00:51:37
adult only cruise australia,AU,Australia,English,Australia (Location),false,true,false,true,true,false,"People also ask, Video preview",40,10,0.31,5,0,3,,https://www.cruiseaway.com.au/cruises/adult-only-virgin-voyages,2026-04-19 09:21:17
cologne river cruise,AU,Australia,English,Cologne (Location),false,true,false,true,true,false,"Local pack, People also ask",100,0,,5,0,8,,https://www.cruiseaway.com.au/cruises/cologne,2026-04-15 01:32:18
cheapest bahamas cruises,AU,Australia,English,,false,false,false,true,true,false,"Thumbnail, People also ask",80,0,,5,0,6,,https://www.cruiseaway.com.au/cruises/bahamas,2026-04-22 15:28:30
cruises out of australia,AU,Australia,English,Australia (Location),false,true,false,true,true,false,"AI Overview, People also ask",80,34,0.46,5,0,7,,https://www.cruiseaway.com.au/cruises/australia,2026-04-22 12:19:29
cruise from darwin,AU,Australia,English,Darwin (Location),false,true,false,true,true,false,"People also ask, AI Overview",150,2,0.27,5,0,9,,https://www.cruiseaway.com.au/cruises-from-darwin,2026-04-16 16:40:37
cruises leaving from melbourne,AU,Australia,English,Melbourne (Location),false,true,false,true,true,false,"Thumbnail, People also ask",100,0,0.25,5,0,8,,https://www.cruiseaway.com.au/cruises/australia/melbourne,2026-04-28 02:12:18
family cruise deals australia,AU,Australia,English,Australia (Location),false,true,false,true,true,false,AI Overview,50,0,,5,0,5,,https://www.cruiseaway.com.au/family-cruises,2026-05-06 15:12:51
cruise ocean,AU,Australia,English,,false,false,false,true,true,false,People also ask,80,62,2.86,5,0,7,,https://www.cruiseaway.com.au/luxury-ocean-cruise-lines,2026-04-30 07:45:35
cheap cruise from sydney,AU,Australia,English,Sydney (Location),false,true,false,true,true,false,,50,6,0.32,5,0,4,,https://www.cruiseaway.com.au/cheap-cruises,2026-05-08 14:32:54
caribbean cruises australia,AU,Australia,English,Australia (Location),false,true,false,true,true,false,"Sitelinks, Bottom ads",70,24,0.49,5,14,2,,https://www.cruiseaway.com.au/cruiseline/royal-caribbean-cruises,2026-04-15 11:13:28
canadian rockies and alaska cruise 2024,AU,Australia,English,Canadian Rockies (Location),false,false,false,true,true,false,Sitelinks,100,0,1.78,5,0,7,,https://www.cruiseaway.com.au/the-canadian-rockies-and-seattles-skies,2026-04-26 01:22:33
november cruise,AU,Australia,English,,false,false,false,true,true,false,Thumbnail,30,4,0.45,5,0,2,,https://www.cruiseaway.com.au/november-cruises,2026-05-09 14:45:22
september cruises from brisbane,AU,Australia,English,Brisbane (Location),false,true,false,true,true,false,"Top ads, AI Overview, Thumbnail, People also ask",80,0,0.46,5,0,7,,https://www.cruiseaway.com.au/cruises-from-brisbane-september-2026,2026-04-16 01:52:52
around the world cruise from australia,AU,Australia,English,,false,false,false,true,true,false,"AI Overview, Thumbnail, People also ask",100,0,0.46,5,0,9,,https://www.cruiseaway.com.au/princess-cruises-world-cruise-2026,2026-04-11 17:21:55
cruise ship cruises,AU,Australia,English,,false,false,false,true,true,false,"Top ads, Paid sitelinks, Thumbnail, Bottom ads",150,54,0.38,5,0,9,,https://www.cruiseaway.com.au/small-ship-cruises,2026-04-26 09:15:56
cruises to northern europe,AU,Australia,English,Northern Europe (Location),false,false,false,true,true,false,Thumbnail,150,0,1.05,5,0,10,,https://www.cruiseaway.com.au/cruises/northern-europe,2026-05-08 05:48:05
cheap australia cruises,AU,Australia,English,Australia (Location),false,true,false,true,true,false,,10,13,0.95,5,0,1,,https://www.cruiseaway.com.au/cheap-cruises,2026-04-27 08:00:43
best value cruises australia,AU,Australia,English,Australia (Location),false,true,false,true,true,false,"AI Overview, People also ask, Discussions and forums",10,4,0.55,5,0,2,,https://www.cruiseaway.com.au/cheap-cruises,2026-05-10 17:39:04
no deposit cruises,AU,Australia,English,,false,false,false,true,true,true,"Thumbnail, People also ask, Video preview, Discussions and forums, Bottom ads, Paid sitelinks",10,12,0.92,5,0,1,,https://www.cruiseaway.com.au/zones/princess-1-deposits,2026-04-21 14:47:47
cruise ship deals from brisbane,AU,Australia,English,Brisbane (Location),false,true,false,true,true,false,,40,6,,5,0,3,,https://www.cruiseaway.com.au/cheap-cruises-from-brisbane,2026-05-08 12:58:17
solo cruises for seniors,AU,Australia,English,,false,false,false,true,true,false,"AI Overview, People also ask, Sitelinks",40,1,,5,0,4,,https://www.cruiseaway.com.au/singles-cruises,2026-05-07 02:18:27
noumea cruises,AU,Australia,English,Noumea (Location),false,true,false,true,true,false,"AI Overview, Thumbnail, People also ask, Local pack",40,0,0.40,5,0,1,AI Overview,https://www.cruiseaway.com.au/cruises/south-pacific/noumea,2026-05-08 04:56:45
cheap crusies,AU,Australia,English,,false,false,false,true,true,false,,30,26,,5,0,2,,https://www.cruiseaway.com.au/cheap-cruises,2026-05-04 14:32:19
cruises from bangkok,AU,Australia,English,Bangkok (Location),false,true,false,true,true,false,"AI Overview, People also ask",80,0,0.28,5,0,7,,https://www.cruiseaway.com.au/cruises/asia/laem-chabang-bangkok,2026-05-03 23:03:55
4 day cruise from brisbane,AU,Australia,English,Brisbane (Location),false,true,false,true,true,false,"AI Overview, People also ask",250,1,0.41,5,0,12,,https://www.cruiseaway.com.au/short-cruises,2026-04-24 05:57:25
cruises ex melbourne,AU,Australia,English,Melbourne (Location),false,true,false,true,true,false,"Top ads, Paid sitelinks, Thumbnail, People also ask",100,0,0.41,5,0,7,,https://www.cruiseaway.com.au/cruises/australia/melbourne,2026-05-04 22:53:28
nz cruise from brisbane,AU,Australia,English,Brisbane (Location),false,true,false,true,true,false,"AI Overview, Thumbnail",100,0,,5,0,8,,https://www.cruiseaway.com.au/cruises-from-brisbane-to-new-zealand,2026-04-21 03:59:02
canadian rockies and alaska cruise 2023,AU,Australia,English,Canadian Rockies (Location),false,false,false,true,true,false,"Thumbnail, Sitelinks, Video preview",100,0,1.71,5,0,7,,https://www.cruiseaway.com.au/the-canadian-rockies-and-seattles-skies,2026-05-11 14:05:18
cruises from melbourne to brisbane,AU,Australia,English,"Melbourne (Location), Brisbane (Location)",false,true,false,true,true,false,"AI Overview, Thumbnail, People also ask",100,2,0.26,5,0,8,,https://www.cruiseaway.com.au/short-cruises,2026-04-15 22:57:02
cruises from melbourne australia,AU,Australia,English,Melbourne (Location),false,true,false,true,true,false,Thumbnail,100,0,0.25,5,0,8,,https://www.cruiseaway.com.au/cruises/australia/melbourne,2026-04-30 08:12:32
christmas cruise sydney,AU,Australia,English,Sydney (Location),false,true,false,true,true,false,"Top ads, Paid sitelinks, Knowledge panel, Thumbnail, People also ask, Discussions and forums",80,0,0.46,5,0,6,,https://www.cruiseaway.com.au/christmas-cruises-from-sydney-2026,2026-05-03 14:36:53
cheapest cruise from sydney,AU,Australia,English,Sydney (Location),false,true,false,true,true,false,"Top ads, Paid sitelinks, AI Overview, People also ask, Bottom ads",100,6,,5,0,8,,https://www.cruiseaway.com.au/cheap-cruises,2026-04-29 14:03:28
october cruises from sydney,AU,Australia,English,Sydney (Location),false,true,false,true,true,false,"Thumbnail, AI Overview",100,31,0.42,5,0,8,,https://www.cruiseaway.com.au/cruises-from-sydney-october-2027,2026-05-01 16:19:54
pacific cruises 2023,AU,Australia,English,,false,false,false,true,true,false,Sitelinks,150,0,0.60,5,0,8,,https://www.cruiseaway.com.au/cruises-from-sydney-to-south-pacific,2026-05-04 20:25:54
cheap cruise from melbourne,AU,Australia,English,Melbourne (Location),false,true,false,true,true,false,AI Overview,50,0,,5,0,5,,https://www.cruiseaway.com.au/cruises/australia/melbourne,2026-04-19 03:56:38
can you cruise from singapore to australia,AU,Australia,English,"Singapore (Location), Australia (Location)",false,true,false,true,true,false,People also ask,10,0,0.36,5,0,1,,https://www.cruiseaway.com.au/cruises-from-singapore-to-sydney,2026-05-06 08:28:24
last minute cruises from charleston,AU,Australia,English,Charleston (Location),false,true,false,true,true,true,People also ask,60,0,,5,0,5,,https://www.cruiseaway.com.au/cruises/charleston,2026-04-21 12:56:53
round the world cruise from sydney,AU,Australia,English,Sydney (Location),false,true,false,true,true,false,"AI Overview, Thumbnail, People also ask, Video preview",60,0,0.43,5,0,6,,https://www.cruiseaway.com.au/round-the-world-cruises/princess,2026-04-28 22:27:55
cruise lines,AU,Australia,English,,false,false,false,true,true,false,"AI Overview, People also ask, Discussions and forums, Thumbnail, Video preview",1400,66,0.47,5,0,18,,https://www.cruiseaway.com.au/,2026-05-03 20:50:44
cruises from dubrovnik,AU,Australia,English,Dubrovnik (Location),false,true,false,true,true,false,"AI Overview, Thumbnail, People also ask",100,0,0.86,5,0,1,AI Overview,https://www.cruiseaway.com.au/cruises/dubrovnik,2026-05-08 22:17:19
transatlantic cruises 2023,AU,Australia,English,,false,false,false,true,true,false,Sitelinks,150,0,0.52,5,0,8,,https://www.cruiseaway.com.au/cruises/transatlantic,2026-05-05 07:39:02
australia to japan cruise,AU,Australia,English,,false,false,false,true,true,false,"AI Overview, Thumbnail, People also ask",150,0,0.34,5,0,10,,https://www.cruiseaway.com.au/travelzoo-exclusive-sydney-to-japan,2026-05-04 22:42:53
$1 deposit cruises,AU,Australia,English,,false,false,false,true,true,true,"Top ads, Paid sitelinks, Thumbnail, People also ask",30,9,0.61,5,1,2,,https://www.cruiseaway.com.au/zones/princess-1-deposits,2026-05-06 00:45:52
cruises to adelaide,AU,Australia,English,Adelaide (Location),false,true,false,true,true,false,"AI Overview, Bottom ads, Paid sitelinks",30,0,,5,1,2,,https://www.cruiseaway.com.au/cruises/adelaide,2026-04-18 23:43:29
chile cruise,AU,Australia,English,Chile (Location),false,false,false,true,true,false,,100,0,0.54,5,0,8,,https://www.cruiseaway.com.au/cruises/santiago-de-chile,2026-05-11 06:25:12
best family cruises australia,AU,Australia,English,Australia (Location),false,true,false,true,true,false,"AI Overview, Video preview, Thumbnail, Sitelinks, People also ask, Discussions and forums",60,0,0.33,5,0,7,,https://www.cruiseaway.com.au/family-cruises,2026-04-28 03:35:31
cruises to nz from sydney,AU,Australia,English,"New Zealand (Location), Sydney (Location)",false,true,false,true,true,false,"People also ask, Bottom ads, Paid sitelinks",150,1,0.45,5,0,9,,https://www.cruiseaway.com.au/cruises-from-sydney-to-new-zealand,2026-04-24 09:28:06
sydney australia cruises,AU,Australia,English,"Sydney (Location), Australia (Location)",false,true,false,true,true,false,"AI Overview, Thumbnail",150,13,0.46,5,0,11,,https://www.cruiseaway.com.au/cruises/australia/sydney,2026-05-08 14:12:55
cruise finders,AU,Australia,English,,false,false,false,true,true,false,Sitelinks,60,53,0.22,5,0,5,,https://www.cruiseaway.com.au/cruise-sale-finder,2026-04-15 01:14:47
last minute canada cruises,AU,Australia,English,,false,false,false,true,true,true,"Top ads, Paid sitelinks",60,2,,5,0,5,,https://www.cruiseaway.com.au/cruises/canada-usa-east-coast,2026-04-22 07:44:27
family cruising,AU,Australia,English,,false,false,false,true,true,false,People also ask,30,0,0.45,5,0,3,,https://www.cruiseaway.com.au/family-cruises,2026-04-09 11:57:54
pacific cruise from sydney,AU,Australia,English,Sydney (Location),false,true,false,true,true,false,"AI Overview, Thumbnail",50,0,0.60,5,0,1,AI Overview,https://www.cruiseaway.com.au/cruises-from-sydney-to-south-pacific,2026-04-26 02:29:57
cruise istanbul,AU,Australia,English,Istanbul (Location),false,true,false,true,true,false,"Thumbnail, Local pack, People also ask, Bottom ads, Paid sitelinks",50,0,0.87,5,0,5,,https://www.cruiseaway.com.au/cruises/istanbul,2026-04-21 20:11:54
venice cruise,AU,Australia,English,Venice (Location),false,true,false,true,true,false,,80,0,0.60,5,0,6,,https://www.cruiseaway.com.au/cruises/mediterranean/venice,2026-05-11 13:29:09
cruises to mykonos,AU,Australia,English,Mykonos (Location),false,true,false,true,true,true,"AI Overview, People also ask",80,0,1.10,5,0,7,,https://www.cruiseaway.com.au/cruises/mediterranean/mykonos,2026-05-07 22:12:39
last minute new york cruises,AU,Australia,English,New York (Location),false,true,false,true,true,true,"People also ask, Thumbnail",80,4,,5,0,6,,https://www.cruiseaway.com.au/cruises/canada-usa-east-coast/new-york,2026-04-09 17:32:53
cruise deals from new york,AU,Australia,English,New York (Location),false,true,false,true,true,false,Thumbnail,80,2,,4,0,7,,https://www.cruiseaway.com.au/cruises/canada-usa-east-coast/new-york,2026-04-19 04:08:53
cruises in june 2023,AU,Australia,English,,false,false,false,true,true,false,"Sitelinks, People also ask",100,29,0.45,4,0,8,,https://www.cruiseaway.com.au/,2026-04-29 09:26:29
cruise great barrier reef,AU,Australia,English,Great Barrier Reef (Location),false,false,false,true,true,false,People also ask,150,30,0.56,4,0,10,,https://www.cruiseaway.com.au/cruises/australia/great-barrier-reef,2026-04-10 11:52:40
cruises aus,AU,Australia,English,Australia (Location),false,true,false,true,true,false,People also ask,100,46,0.45,4,0,8,,https://www.cruiseaway.com.au/princess-cruises-australia-2026-2027-season-launch,2026-04-18 19:46:34
cruise january 2023,AU,Australia,English,,false,false,false,true,true,false,"Thumbnail, People also ask, Sitelinks, Bottom ads, Paid sitelinks",150,22,0.45,4,0,8,,https://www.cruiseaway.com.au/january-cruises,2026-05-02 03:19:28
xmas cruise,AU,Australia,English,Christmas (Event),false,false,false,true,true,true,"Top ads, Thumbnail",150,0,0.49,4,0,9,,https://www.cruiseaway.com.au/christmas-cruises,2026-04-23 07:16:53
how much is a cruise around australia,AU,Australia,English,,false,false,false,true,true,false,People also ask,100,10,0.32,4,0,8,,https://www.cruiseaway.com.au/cheap-cruises,2026-05-07 10:30:48
cruise deals adelaide,AU,Australia,English,Adelaide (Location),false,true,false,true,true,false,,40,2,0.26,4,0,3,,https://www.cruiseaway.com.au/cruises/adelaide,2026-04-14 21:39:47
cruise to fiji from melbourne,AU,Australia,English,"Fiji (Location), Melbourne (Location)",false,true,false,true,true,false,"Top ads, Paid sitelinks, AI Overview, People also ask",50,0,0.26,4,0,3,,https://www.cruiseaway.com.au/cruises-to-fiji,2026-04-29 07:05:03
2024 cruises,AU,Australia,English,,false,false,false,true,true,false,"People also ask, Sitelinks",80,9,0.44,4,0,6,,https://www.cruiseaway.com.au/cruises,2026-04-13 01:31:47
explorer cruises,AU,Australia,English,,false,false,false,true,true,false,"Sitelinks, People also ask",90,0,0.54,4,0,7,,https://www.cruiseaway.com.au/cruiseline/explora-journeys,2026-04-10 04:58:14
cruise sydney to new zealand 2024,AU,Australia,English,,false,true,false,true,true,false,"Thumbnail, People also ask, Discussions and forums, Bottom ads, Paid sitelinks",90,0,0.46,4,0,7,,https://www.cruiseaway.com.au/cruise/new-zealand-from-sydney-australia-with-the-carnival-splendor-16931468,2026-05-01 18:59:53
turkey cruise,AU,Australia,English,Turkey (Location),false,false,false,true,true,false,,90,0,0.79,4,0,7,,https://www.cruiseaway.com.au/cruises-to-turkey,2026-05-07 05:51:12
phuket cruise,AU,Australia,English,Phuket (Location),false,true,false,true,true,false,People also ask,50,0,0.51,4,0,4,,https://www.cruiseaway.com.au/cruises/asia/phuket,2026-05-10 23:17:51
cheap boat cruises,AU,Australia,English,,false,false,false,true,true,false,"Top ads, Paid sitelinks, Local pack, Bottom ads",20,35,0.43,4,0,1,,https://www.cruiseaway.com.au/cheap-cruises,2026-04-18 04:40:45
cruises march,AU,Australia,English,,false,false,false,true,true,false,"Discussions and forums, People also ask, Bottom ads, Paid sitelinks",20,14,0.45,4,0,1,,https://www.cruiseaway.com.au/march-cruises,2026-04-18 16:28:02
cruises wa,AU,Australia,English,Western Australia (Location),false,true,false,true,true,false,"Thumbnail, AI Overview",30,3,0.52,4,0,2,,https://www.cruiseaway.com.au/cruises/australia/perth,2026-04-27 19:40:01
singapore cruise package,AU,Australia,English,Singapore (Location),false,true,false,true,true,false,"AI Overview, Thumbnail, People also ask",30,2,,4,0,1,AI Overview,https://www.cruiseaway.com.au/cruises/asia/singapore,2026-05-09 23:51:18
small cruise,AU,Australia,English,,false,false,false,true,true,false,"AI Overview, Thumbnail",30,5,0.45,4,0,3,,https://www.cruiseaway.com.au/small-ship-cruises,2026-04-29 13:02:56
cruise from perth to brisbane,AU,Australia,English,"Perth (Location), Brisbane (Location)",false,true,false,true,true,false,"Top ads, Paid sitelinks, AI Overview, People also ask, Thumbnail, Bottom ads",30,0,0.21,4,1,2,,https://www.cruiseaway.com.au/cruises/australia/perth,2026-05-01 20:06:27
seattle to sydney cruise,AU,Australia,English,,false,false,false,true,true,false,"AI Overview, People also ask, Thumbnail, Sitelinks",30,0,0.44,4,0,3,,https://www.cruiseaway.com.au/cruise/legendary-south-pacific-crossing-seattle-to-sydney-18606764,2026-05-01 16:01:55
find a cruise australia,AU,Australia,English,Australia (Location),false,true,false,true,true,false,"Top ads, Thumbnail, People also ask, Discussions and forums, Bottom ads, Paid sitelinks",150,66,0.52,4,3,9,,https://www.cruiseaway.com.au/,2026-04-23 07:55:27
cruise hawaii,AU,Australia,English,Hawaii (Location),false,true,false,true,true,false,"People also ask, AI Overview, Discussions and forums, Bottom ads, Paid sitelinks",200,0,0.58,4,0,9,,https://www.cruiseaway.com.au/cruises-from-sydney-to-hawaii-2026,2026-04-29 21:27:53
last minute cruise deals brisbane,AU,Australia,English,Brisbane (Location),false,true,false,true,true,true,"Top ads, Paid sitelinks",70,3,0.36,4,1,6,,https://www.cruiseaway.com.au/cheap-cruises-from-brisbane,2026-04-27 10:08:02
cheap cruise sydney,AU,Australia,English,Sydney (Location),false,true,false,true,true,false,"AI Overview, Local pack",100,5,0.46,4,0,9,,https://www.cruiseaway.com.au/cheap-cruises,2026-04-20 08:15:23
cruise short,AU,Australia,English,,false,false,false,true,true,true,,20,1,,4,0,3,,https://www.cruiseaway.com.au/short-cruises,2026-05-10 23:44:24
cruise in may,AU,Australia,English,,false,false,false,true,true,false,"Top ads, Paid sitelinks, People also ask",30,28,,4,0,3,,https://www.cruiseaway.com.au/may-cruises,2026-04-14 23:27:08
cruise japan,AU,Australia,English,Japan (Location),false,false,false,true,true,false,"AI Overview, People also ask, Discussions and forums, Video preview",450,5,0.44,4,0,16,,https://www.cruiseaway.com.au/cruises-to-japan,2026-05-01 05:01:28
comedy cruise brisbane,AU,Australia,English,Brisbane (Location),false,true,false,true,true,false,"People also ask, Video preview, Thumbnail",450,15,0.39,4,0,15,,https://www.cruiseaway.com.au/short-cruises-from-brisbane-2026,2026-04-30 12:08:05
cruises from sydney january 2023,AU,Australia,English,Sydney (Location),false,true,false,true,true,false,"People also ask, Sitelinks, Bottom ads, Paid sitelinks",150,17,0.46,4,0,8,,https://www.cruiseaway.com.au/january-cruises,2026-04-30 15:26:13
cheap cruise deal,AU,Australia,English,,false,false,false,true,true,false,"Top ads, Paid sitelinks, Bottom ads",10,22,0.43,4,1,1,,https://www.cruiseaway.com.au/cheap-cruises,2026-05-11 02:20:23
sydney to bora bora cruise,AU,Australia,English,"Sydney (Location), Bora Bora (Location)",false,true,false,true,true,false,"AI Overview, Thumbnail",10,0,,4,0,2,,https://www.cruiseaway.com.au/cruises/south-pacific/bora-bora,2026-04-29 16:14:02
cruise from melbourne to kangaroo island,AU,Australia,English,"Melbourne (Location), Kangaroo Island (Location)",false,true,false,true,true,false,"Top ads, Paid sitelinks, Thumbnail, People also ask",60,0,0.39,4,2,5,,https://www.cruiseaway.com.au/cruise-to-kangaroo-island-from-melbourne,2026-05-03 20:55:28
cruise websites australia,AU,Australia,English,Australia (Location),false,true,false,true,true,false,"AI Overview, Discussions and forums, People also ask",90,69,,4,0,8,,https://www.cruiseaway.com.au/,2026-04-13 05:11:32
auckland cruises,AU,Australia,English,Auckland (Location),false,true,false,true,true,false,"Top ads, Local pack, People also ask, Bottom ads, Paid sitelinks",90,0,0.45,4,0,8,,https://www.cruiseaway.com.au/cruises-from-auckland-2027,2026-04-13 04:31:28
cheap caribbean cruises,AU,Australia,English,Caribbean (Location),false,false,false,true,true,false,"Top ads, Paid sitelinks, Sitelinks, People also ask",50,10,0.63,4,2,4,,https://www.cruiseaway.com.au/cruises/caribbean,2026-04-22 03:51:28
cruise from townsville,AU,Australia,English,Townsville (Location),false,true,false,true,true,false,"AI Overview, Thumbnail, People also ask",50,0,0.42,4,0,5,,https://www.cruiseaway.com.au/cruises/australia/townsville,2026-04-29 16:53:30
2025 cruises,AU,Australia,English,,false,false,false,true,true,false,Video preview,200,33,0.35,4,0,10,,https://www.cruiseaway.com.au/cruises/australia,2026-04-13 02:16:18
alaska cruises 2024 from vancouver,AU,Australia,English,Vancouver (Location),false,true,false,true,true,false,"People also ask, Sitelinks",100,0,1.31,4,0,8,,https://www.cruiseaway.com.au/cruises-from-vancouver-to-alaska,2026-04-17 09:42:28
cruise perth to fremantle,AU,Australia,English,,false,true,false,true,false,false,"AI Overview, People also ask",150,0,0.26,4,0,11,,https://www.cruiseaway.com.au/cruises/australia/perth,2026-04-24 09:35:33
pacific island cruises from brisbane,AU,Australia,English,Brisbane (Location),false,true,false,true,true,false,"Top ads, Paid sitelinks, AI Overview, Thumbnail, People also ask",150,0,0.46,4,0,10,,https://www.cruiseaway.com.au/princess-cruises-2025-2026-south-pacific-itineraries,2026-04-17 09:16:55
one way cruise to new zealand,AU,Australia,English,New Zealand (Location),false,false,false,true,true,true,"AI Overview, Thumbnail, People also ask",70,1,0.27,4,0,7,,https://www.cruiseaway.com.au/cruises-from-sydney-to-new-zealand,2026-04-19 23:11:40
april cruises from brisbane,AU,Australia,English,Brisbane (Location),false,true,false,true,true,false,"Top ads, Paid sitelinks, Thumbnail, AI Overview, People also ask, Bottom ads",40,0,,4,0,5,,https://www.cruiseaway.com.au/cruises-from-brisbane-april-2027,2026-05-03 08:34:28
cruises from sydney to europe,AU,Australia,English,"Sydney (Location), Europe (Location)",false,true,false,true,true,false,"AI Overview, People also ask",30,0,0.45,4,0,2,,https://www.cruiseaway.com.au/europe-ocean-cruises,2026-05-09 22:22:36
new years eve cruises australia,AU,Australia,English,Australia (Location),false,true,false,true,true,false,"Top ads, Paid sitelinks",30,0,0.47,4,0,2,,https://www.cruiseaway.com.au/new-years-eve-cruises,2026-04-23 00:28:27
cruises to south pacific from sydney,AU,Australia,English,"South Pacific (Location), Sydney (Location)",false,true,false,true,true,false,"AI Overview, Thumbnail, People also ask",30,0,,4,0,1,AI Overview,https://www.cruiseaway.com.au/cruises-from-sydney-to-south-pacific,2026-04-26 06:38:47
cruise may,AU,Australia,English,,false,false,false,true,true,false,"Top ads, AI Overview, Thumbnail",30,31,0.45,4,0,2,,https://www.cruiseaway.com.au/may-cruises,2026-05-02 04:03:54
cruise cruising,AU,Australia,English,,false,false,false,true,true,false,"People also ask, Thumbnail",150,67,0.37,4,0,10,,https://www.cruiseaway.com.au/cruises/australia,2026-04-26 08:27:17
cruise sydney to cairns,AU,Australia,English,,false,true,false,true,true,false,"AI Overview, People also ask",100,0,0.37,4,0,9,,https://www.cruiseaway.com.au/cruises/cairns,2026-05-10 16:18:26
september cruises australia,AU,Australia,English,Australia (Location),false,true,false,true,true,false,"Top ads, Thumbnail, Paid sitelinks, People also ask",20,26,,4,0,2,,https://www.cruiseaway.com.au/september-cruises,2026-04-24 22:35:28
cruises departing from perth,AU,Australia,English,Perth (Location),false,true,false,true,true,false,"Thumbnail, People also ask",30,0,0.23,4,0,3,,https://www.cruiseaway.com.au/cruises/australia/perth,2026-05-06 06:44:27
single person cruises,AU,Australia,English,,false,false,false,true,true,false,"AI Overview, Thumbnail, People also ask, Video preview",20,5,0.48,4,0,1,AI Overview,https://www.cruiseaway.com.au/singles-cruises,2026-04-09 18:26:45
last minute cruises melbourne,AU,Australia,English,Melbourne (Location),false,true,false,true,true,true,AI Overview,50,2,0.22,4,0,4,,https://www.cruiseaway.com.au/last-minute-cruises,2026-05-03 14:36:40
discount cruises from sydney,AU,Australia,English,Sydney (Location),false,true,false,true,true,true,"Bottom ads, Paid sitelinks",50,3,0.42,4,0,4,,https://www.cruiseaway.com.au/cheap-cruises,2026-04-29 12:57:57
cruise malaysia,AU,Australia,English,Malaysia (Location),false,false,false,true,true,false,"AI Overview, Thumbnail",150,0,0.46,4,0,10,,https://www.cruiseaway.com.au/cruises/asia/kuala-lumpur,2026-04-20 23:19:32
cruise ship cairns,AU,Australia,English,Cairns (Location),false,true,false,true,false,false,"People also ask, Knowledge panel",150,0,0.42,4,0,9,,https://www.cruiseaway.com.au/cruises/australia/cairns,2026-04-11 17:56:46
deals cruise,AU,Australia,English,,false,false,false,true,true,false,AI Overview,70,44,,4,0,8,,https://www.cruiseaway.com.au/cruise-deals,2026-04-21 09:19:30
cruise from athens,AU,Australia,English,Athens (Location),false,true,false,true,true,false,"People also ask, Video preview",150,0,0.52,4,0,10,,https://www.cruiseaway.com.au/cruises/athens-piraeus,2026-04-26 16:39:21
sydney hawaii cruise,AU,Australia,English,"Sydney (Location), Hawaii (Location)",false,true,false,true,true,false,"AI Overview, Thumbnail, Video preview",60,0,,4,0,1,AI Overview,https://www.cruiseaway.com.au/cruises-from-sydney-to-hawaii-2027,2026-05-09 10:05:55
family cruise from melbourne,AU,Australia,English,Melbourne (Location),false,true,false,true,true,false,"AI Overview, People also ask",70,0,,4,0,7,,https://www.cruiseaway.com.au/family-cruises,2026-04-10 03:10:20
newcastle cruises,AU,Australia,English,Newcastle (Location),false,true,false,true,false,false,Knowledge panel,100,20,0.45,4,0,8,,https://www.cruiseaway.com.au/cruises/australia/newcastle,2026-05-10 11:44:39
world cruise from australia,AU,Australia,English,Australia (Location),false,false,false,true,true,false,"AI Overview, Thumbnail, People also ask",100,0,0.45,4,0,9,,https://www.cruiseaway.com.au/princess-cruises-world-cruise-2026,2026-04-17 02:42:50
fiji cruises 2025,AU,Australia,English,,false,false,false,true,true,false,"AI Overview, Thumbnail, People also ask",150,34,0.41,4,0,10,,https://www.cruiseaway.com.au/cruises-from-sydney-to-fiji,2026-04-12 08:47:19
cruise specials australia,AU,Australia,English,Australia (Location),false,true,false,true,true,false,"Top ads, People also ask, Thumbnail, Bottom ads, Paid sitelinks",150,51,0.46,4,0,10,,https://www.cruiseaway.com.au/cheap-cruises,2026-05-01 07:58:28
cruises to new zealand,AU,Australia,English,New Zealand (Location),false,false,false,true,true,false,"AI Overview, People also ask, Discussions and forums, Video preview, Thumbnail",1200,1,0.38,4,0,21,,https://www.cruiseaway.com.au/cruises-from-melbourne-to-new-zealand,2026-05-03 04:45:47
cruise offers 2023,AU,Australia,English,,false,false,false,true,true,false,"Top ads, Sitelinks",150,27,0.46,4,0,9,,https://www.cruiseaway.com.au/cruises-under-999,2026-04-16 04:17:08
cruise trip from sydney,AU,Australia,English,Sydney (Location),false,true,false,true,true,false,People also ask,100,31,0.34,4,0,8,,https://www.cruiseaway.com.au/cruises/australia/sydney,2026-05-03 08:49:02
cruise perth to broome,AU,Australia,English,Perth to Broome (Event),false,true,false,true,true,false,"Top ads, Paid sitelinks, Thumbnail, People also ask, Bottom ads",70,0,0.43,4,0,6,,https://www.cruiseaway.com.au/cruises/australia/broome,2026-04-14 21:54:54
celukan bawang,AU,Australia,Indonesian,Celukan Bawang (Location),false,true,false,true,false,false,"AI Overview, People also ask",90,0,,4,0,8,,https://www.cruiseaway.com.au/cruises/celukan-bawang,2026-04-14 18:28:02
cruises from hawaii to australia,AU,Australia,English,"Hawaii (Location), Australia (Location)",false,true,false,true,true,false,"AI Overview, Thumbnail, People also ask",90,0,0.46,4,0,1,AI Overview,https://www.cruiseaway.com.au/cruises-from-hawaii-to-sydney,2026-04-28 10:27:54
cruises from sydney to cairns,AU,Australia,English,"Sydney (Location), Cairns (Location)",false,true,false,true,true,false,"AI Overview, Thumbnail, People also ask",90,0,0.37,4,0,8,,https://www.cruiseaway.com.au/cruises/cairns,2026-04-25 09:30:15
sydney cruise to new zealand,AU,Australia,English,"Sydney (Location), New Zealand (Location)",false,true,false,true,true,false,"Top ads, Paid sitelinks, AI Overview, Thumbnail, Bottom ads",30,1,,4,0,2,,https://www.cruiseaway.com.au/cruises-from-sydney-to-new-zealand,2026-04-22 00:26:54
4 day cruise australia,AU,Australia,English,Australia (Location),false,false,false,true,true,false,"Top ads, Paid sitelinks, Thumbnail, People also ask",30,2,,4,0,2,,https://www.cruiseaway.com.au/short-cruises,2026-04-22 12:29:55
last minute cruise deals from brisbane,AU,Australia,English,Brisbane (Location),false,true,false,true,true,true,AI Overview,70,0,0.33,4,0,9,,https://www.cruiseaway.com.au/last-minute-cruises,2026-04-12 18:01:52
cruisesalefinder,AU,Australia,English,,false,false,false,true,true,false,People also ask,80,35,0.42,4,0,2,,https://www.cruiseaway.com.au/cruise-sale-finder,2026-04-21 17:09:21
cruises 2023 from sydney,AU,Australia,English,Sydney (Location),false,true,false,true,true,false,"Sitelinks, Thumbnail",150,47,0.50,4,0,9,,https://www.cruiseaway.com.au/cruises/australia/sydney,2026-05-02 16:22:57
new zealand to sydney cruise,AU,Australia,English,"New Zealand (Location), Sydney (Location)",false,true,false,true,true,false,"AI Overview, Thumbnail, People also ask, Video preview",90,0,,4,0,8,,https://www.cruiseaway.com.au/cruises-from-sydney-to-new-zealand,2026-05-01 15:48:52
cruise specials from sydney,AU,Australia,English,Sydney (Location),false,true,false,true,true,false,People also ask,90,5,0.49,4,0,7,,https://www.cruiseaway.com.au/cheap-cruises,2026-05-02 12:32:16
cruises out of sydney 2023,AU,Australia,English,Sydney (Location),false,true,false,true,true,false,Sitelinks,100,33,0.57,4,0,8,,https://www.cruiseaway.com.au/cruises/australia/sydney,2026-04-28 13:25:29
cruises departing brisbane 2024,AU,Australia,English,Brisbane (Location),false,true,false,true,true,false,,100,0,,4,0,8,,https://www.cruiseaway.com.au/cruises/australia/brisbane,2026-05-08 15:08:30
cruises ex sydney,AU,Australia,English,Sydney (Location),false,true,false,true,true,false,,150,5,0.53,4,0,9,,https://www.cruiseaway.com.au/cruises/australia/sydney,2026-04-25 23:55:03
cruise perth to darwin,AU,Australia,English,"Perth (Location), Darwin (Location)",false,true,false,true,true,false,"Thumbnail, People also ask",50,0,0.34,4,0,5,,https://www.cruiseaway.com.au/western-australia-cruises-from-perth-fremantle,2026-05-10 11:08:08
cruises for single seniors only,AU,Australia,English,,false,false,false,true,true,false,"AI Overview, Thumbnail, Video preview, People also ask, Discussions and forums",50,1,0.36,4,0,6,,https://www.cruiseaway.com.au/singles-cruises,2026-04-18 10:49:35
cruise from sydney to pacific islands,AU,Australia,English,"Sydney (Location), Pacific Islands (Location)",false,true,false,true,true,false,"Top ads, Bottom ads, Paid sitelinks",20,0,,4,0,2,,https://www.cruiseaway.com.au/cruises-from-sydney-to-south-pacific,2026-04-15 03:28:32
london cruises,AU,Australia,English,London (Location),false,true,false,true,true,false,Local pack,20,0,0.55,4,0,2,,https://www.cruiseaway.com.au/cruises/london,2026-05-08 22:40:00
cruises to japan from australia,AU,Australia,English,"Japan (Location), Australia (Location)",false,false,false,true,true,false,"AI Overview, Thumbnail, People also ask",100,1,0.35,4,0,9,,https://www.cruiseaway.com.au/cruise/ultimate-autumn-in-japan-18297062,2026-04-10 08:48:16
cruises from melbourne to tasmania,AU,Australia,English,"Melbourne (Location), Tasmania (Location)",false,true,false,true,true,false,"AI Overview, People also ask",80,0,0.21,4,0,9,,https://www.cruiseaway.com.au/cruises/australia/tasmania,2026-04-14 22:00:04
september cruises from sydney,AU,Australia,English,Sydney (Location),false,true,false,true,true,false,"Top ads, Paid sitelinks, AI Overview, Thumbnail, Bottom ads",80,1,0.46,4,3,8,,https://www.cruiseaway.com.au/september-cruises,2026-05-11 12:36:04
cruises from sydney to great barrier reef,AU,Australia,English,"Sydney (Location), Great Barrier Reef (Location)",false,true,false,true,true,false,"Top ads, Paid sitelinks, AI Overview, Thumbnail, People also ask",40,2,0.57,4,1,5,,https://www.cruiseaway.com.au/cruises/australia/great-barrier-reef,2026-05-11 11:36:20
cruise sydney to uk 2024,AU,Australia,English,,false,false,false,true,true,false,"People also ask, Thumbnail, Sitelinks, Bottom ads, Paid sitelinks",100,0,,4,0,8,,https://www.cruiseaway.com.au/cruise/british-isles-with-london-stay-18281387,2026-05-05 19:59:10
noumea cruise,AU,Australia,English,Noumea (Location),false,true,false,true,true,false,"Thumbnail, People also ask, Sitelinks",100,0,0.20,4,0,8,,https://www.cruiseaway.com.au/cruises/south-pacific/noumea,2026-04-11 20:17:02
adult cruises australia,AU,Australia,English,Australia (Location),false,true,false,true,true,false,"Top ads, Paid sitelinks, AI Overview, People also ask, Discussions and forums, Sitelinks, Thumbnail",100,19,,4,0,9,,https://www.cruiseaway.com.au/cruises/adult-only-virgin-voyages,2026-04-16 09:43:27
all-inclusive cruise australia,AU,Australia,English,Australia (Location),false,true,false,true,true,false,AI Overview,10,33,,4,0,1,,https://www.cruiseaway.com.au/all-inclusive,2026-04-13 22:33:53
crucero australia,AU,Australia,Spanish,Australia (Location),false,false,false,true,true,false,Sitelinks,30,50,0.39,4,0,3,,https://www.cruiseaway.com.au/cruises/australia,2026-04-18 02:58:02
cruises last minute deals,AU,Australia,English,,false,false,false,true,true,true,People also ask,30,4,0.67,4,0,3,,https://www.cruiseaway.com.au/last-minute-cruises,2026-05-06 17:38:14
cruise company,AU,Australia,English,,false,false,false,true,true,false,"AI Overview, People also ask",80,66,0.59,4,0,8,,https://www.cruiseaway.com.au/cruise-lines,2026-05-07 10:25:16
last minute cruises from venice,AU,Australia,English,Venice (Location),false,true,false,true,true,true,"Thumbnail, People also ask",80,0,0.37,4,0,7,,https://www.cruiseaway.com.au/cruises/mediterranean/venice,2026-04-15 03:06:47
baltic sea cruises,AU,Australia,English,Baltic Sea (Location),false,false,false,true,true,false,"AI Overview, Thumbnail, People also ask",60,0,0.74,4,0,9,,https://www.cruiseaway.com.au/cruises/scandinavia-baltic,2026-05-02 20:53:56
4 day moreton island cruise,AU,Australia,English,Moreton Island (Location),false,true,false,true,true,false,"Video preview, Discussions and forums, Bottom ads, Paid sitelinks",50,0,0.34,4,0,5,,https://www.cruiseaway.com.au/cruises/moreton-island,2026-04-18 00:53:36
cruises from hawaii to sydney,AU,Australia,English,"Hawaii (Location), Sydney (Location)",false,true,false,true,true,false,"AI Overview, Thumbnail, People also ask",60,0,0.47,4,0,1,AI Overview,https://www.cruiseaway.com.au/honolulu-to-sydney-cruise,2026-05-09 18:17:27
cruises cruise ships,AU,Australia,English,,false,false,false,true,true,true,People also ask,150,63,0.38,4,0,9,,https://www.cruiseaway.com.au/,2026-05-05 15:09:51
sydney to new zealand cruises,AU,Australia,English,"Sydney (Location), New Zealand (Location)",false,true,false,true,true,false,"Thumbnail, AI Overview",70,0,,4,0,7,,https://www.cruiseaway.com.au/cruises-from-sydney-to-new-zealand,2026-05-05 00:21:55
cheapest cruise line,AU,Australia,English,,false,false,false,true,true,false,"AI Overview, Thumbnail, Video preview, People also ask, Sitelinks",20,40,0.52,4,0,1,AI Overview,https://www.cruiseaway.com.au/cheap-cruises,2026-05-04 18:30:19
cruises around thailand,AU,Australia,English,Thailand (Location),false,false,false,true,true,false,"Top ads, People also ask, Bottom ads, Paid sitelinks",40,0,0.40,4,0,4,,https://www.cruiseaway.com.au/cruises-to-thailand,2026-04-19 00:01:04
gratuities on cruises,AU,Australia,English,,false,false,false,true,false,false,"AI Overview, Thumbnail, Video preview, People also ask, Sitelinks",40,0,,4,0,5,,https://www.cruiseaway.com.au/gratuities-on-board,2026-04-18 07:08:28
new year cruise,AU,Australia,English,,false,false,false,true,true,false,People also ask,80,0,0.38,4,0,7,,https://www.cruiseaway.com.au/new-years-eve-cruises,2026-04-10 05:05:47
cruise australia to fiji,AU,Australia,English,"Australia (Location), Fiji (Location)",false,false,false,true,true,false,"Thumbnail, AI Overview",20,0,0.41,4,0,2,,https://www.cruiseaway.com.au/cruises-to-fiji,2026-04-17 23:43:17
cheap cruises from australia,AU,Australia,English,,false,false,false,true,true,false,"Top ads, Paid sitelinks, AI Overview, People also ask",50,31,0.38,4,0,2,,https://www.cruiseaway.com.au/cheap-cruises,2026-04-20 06:46:02
cruises from singapore 2024,AU,Australia,English,Singapore (Location),false,true,false,true,true,false,"Thumbnail, Sitelinks",150,3,0.35,4,0,9,,https://www.cruiseaway.com.au/cruises-from-singapore-to-australia,2026-04-23 17:11:25
cruise in india,AU,Australia,English,India (Location),false,true,false,true,true,false,"AI Overview, Thumbnail, People also ask",50,1,0.35,4,0,7,,https://www.cruiseaway.com.au/cruises/india,2026-05-03 18:49:17
willis island cruise,AU,Australia,English,Willis Island (Location),false,false,false,true,true,true,"AI Overview, Thumbnail, People also ask",30,0,,4,0,4,,https://www.cruiseaway.com.au/cruises/australia/willis-island,2026-04-29 18:52:55
cruise from sydney to adelaide,AU,Australia,English,"Sydney (Location), Adelaide (Location)",false,true,false,true,true,false,"Thumbnail, AI Overview, People also ask",30,3,0.34,4,0,3,,https://www.cruiseaway.com.au/cruises/adelaide,2026-05-07 17:18:14
cruise to phuket,AU,Australia,English,Phuket (Location),false,true,false,true,true,false,People also ask,20,0,0.51,4,0,2,,https://www.cruiseaway.com.au/cruises/asia/phuket,2026-04-14 07:42:54
cruise from australia to hawaii,AU,Australia,English,Hawaii (Location),false,false,false,true,true,false,"AI Overview, People also ask",100,0,0.45,4,0,3,AI Overview,https://www.cruiseaway.com.au/cruises/hawaii,2026-05-07 12:41:15
cruise to singapore from australia,AU,Australia,English,"Singapore (Location), Australia (Location)",false,false,false,true,true,false,Thumbnail,100,1,0.34,4,0,9,,https://www.cruiseaway.com.au/cruises-from-singapore-to-sydney,2026-04-16 06:24:17
luxury cruises from sydney,AU,Australia,English,Sydney (Location),false,true,false,true,true,false,"Thumbnail, People also ask, AI Overview, Video preview",200,32,0.49,4,0,5,AI Overview,https://www.cruiseaway.com.au/all-inclusive,2026-02-09 08:42:15
cruises from cairns 2024,AU,Australia,English,Cairns (Location),false,true,false,true,true,false,"Sitelinks, People also ask",100,0,0.36,4,0,8,,https://www.cruiseaway.com.au/cruises/australia/cairns,2026-05-11 02:03:28
cheap last minute cruises from sydney,AU,Australia,English,Sydney (Location),false,true,false,true,true,true,,30,1,,4,0,3,,https://www.cruiseaway.com.au/last-minute-cruises-from-sydney,2026-04-25 04:05:31
cruises sale,AU,Australia,English,,false,false,false,true,true,false,Thumbnail,50,11,1.25,4,0,5,,https://www.cruiseaway.com.au/river-cruises,2026-04-16 16:11:14
small ship cruising australia,AU,Australia,English,Australia (Location),false,true,false,true,true,false,"Thumbnail, AI Overview, People also ask",200,5,0.53,4,0,12,,https://www.cruiseaway.com.au/small-ship-cruises,2026-04-10 10:53:23
last minute cruise from brisbane,AU,Australia,English,Brisbane (Location),false,true,false,true,true,true,,150,1,,4,0,10,,https://www.cruiseaway.com.au/cheap-cruises-from-brisbane,2026-05-06 09:36:22
caribbean cruise 2023,AU,Australia,English,,false,false,false,true,true,false,"Thumbnail, People also ask, Sitelinks",150,53,,4,0,10,,https://www.cruiseaway.com.au/cruiseline/royal-caribbean-cruises,2026-04-18 07:15:30
cruise from hawaii to brisbane,AU,Australia,English,"Hawaii (Location), Brisbane (Location)",false,true,false,true,true,false,"AI Overview, Thumbnail, People also ask",30,0,,4,0,2,,https://www.cruiseaway.com.au/cruises-from-brisbane-to-hawaii,2026-04-14 11:57:12
cruise sydney to europe,AU,Australia,English,,false,true,false,true,true,false,"AI Overview, People also ask",30,0,,4,0,2,,https://www.cruiseaway.com.au/europe-ocean-cruises,2026-04-19 09:35:31
ox cruising,AU,Australia,English,,false,false,false,true,true,false,"Top ads, Paid sitelinks, Sitelinks, People also ask, Discussions and forums, Video preview, Bottom ads",30,0,0.50,4,0,2,,https://www.cruiseaway.com.au/oz-cruises,2026-05-07 21:25:32
sydney fiji cruise,AU,Australia,English,"Sydney (Location), Fiji (Location)",false,true,false,true,true,false,"Thumbnail, Discussions and forums, Bottom ads",30,0,,4,0,2,,https://www.cruiseaway.com.au/cruises-from-sydney-to-fiji,2026-05-11 00:07:52
cruises from brisbane to nz,AU,Australia,English,"Brisbane (Location), New Zealand (Location)",false,true,false,true,true,false,AI Overview,30,0,,4,0,2,,https://www.cruiseaway.com.au/cruises-from-brisbane-to-new-zealand,2026-04-17 13:24:17
last min cruise,AU,Australia,English,,false,false,false,true,true,true,People also ask,40,2,,4,0,5,,https://www.cruiseaway.com.au/last-minute-cruises,2026-05-04 16:31:49
princess.,AU,Australia,English,,false,false,false,true,false,false,"Sitelinks, People also ask",70,67,1.06,4,0,7,,https://www.cruiseaway.com.au/zones/princess-cruises-from-australia,2026-04-20 09:00:28
around australia cruise 2024,AU,Australia,English,Around Australia (Event),false,false,false,true,true,false,"People also ask, Video preview, Sitelinks",100,1,0.32,4,0,8,,https://www.cruiseaway.com.au/28-day-cruise-around-australia,2026-04-21 02:17:41
family cruises,AU,Australia,English,,false,false,false,true,true,false,"Thumbnail, People also ask, AI Overview, Discussions and forums, Video preview",600,0,0.31,4,0,17,,https://www.cruiseaway.com.au/family-cruises,2026-04-28 20:56:03
various cruise deals,AU,Australia,English,,false,false,false,true,true,false,Top ads,80,43,,4,0,7,,https://www.cruiseaway.com.au/cruises-under-999,2026-04-27 00:36:05
last minute cruises to australia,AU,Australia,English,Australia (Location),false,false,false,true,true,true,,80,2,0.37,4,0,7,,https://www.cruiseaway.com.au/last-minute-cruises,2026-05-08 15:06:37
cruse ship,AU,Australia,English,,false,false,false,true,true,false,"Top stories, Thumbnail, People also ask",80,71,,4,0,7,,https://www.cruiseaway.com.au/ships,2026-05-10 07:34:47
cruise noumea,AU,Australia,English,Noumea (Location),false,true,false,true,true,false,People also ask,60,0,0.40,4,0,6,,https://www.cruiseaway.com.au/cruises/south-pacific/noumea,2026-04-10 13:55:05
last minute port canaveral cruises,AU,Australia,English,Port Canaveral (Location),false,true,false,true,true,true,People also ask,60,1,,4,0,6,,https://www.cruiseaway.com.au/cruises/caribbean/port-canaveral,2026-05-03 11:31:45
cruises from brisbane to fiji,AU,Australia,English,"Brisbane (Location), Fiji (Location)",false,true,false,true,true,false,"Top ads, Paid sitelinks, AI Overview, Thumbnail",60,0,0.33,4,0,7,,https://www.cruiseaway.com.au/cruises-to-fiji,2026-04-15 00:31:28
australia cruise ship,AU,Australia,English,Australia (Location),false,false,false,true,true,false,People also ask,100,16,0.85,4,0,9,,https://www.cruiseaway.com.au/cruises/australia,2026-04-19 07:42:34
cruise from sydney 2024,AU,Australia,English,,false,true,false,true,true,false,Sitelinks,150,10,0.43,4,0,10,,https://www.cruiseaway.com.au/cruises/australia/sydney,2026-04-20 18:11:56
cruise from.perth,AU,Australia,English,Perth (Location),false,true,false,true,true,false,"Top ads, Paid sitelinks, Thumbnail, AI Overview, Bottom ads",30,1,,4,0,3,,https://www.cruiseaway.com.au/cruises/australia/perth,2026-04-22 04:36:05
cheap cruise deals from brisbane,AU,Australia,English,Brisbane (Location),false,true,false,true,true,false,"Top ads, Paid sitelinks, People also ask, Thumbnail",30,8,0.48,4,1,3,,https://www.cruiseaway.com.au/cheap-cruises-from-brisbane,2026-05-02 05:39:29
cruises to capri,AU,Australia,English,Capri (Location),false,true,false,true,true,false,"Top ads, Paid sitelinks, Thumbnail, People also ask, Bottom ads",80,0,0.96,4,0,7,,https://www.cruiseaway.com.au/cruises/mediterranean/capri,2026-05-02 02:14:52
cruise ships in australia,AU,Australia,English,Australia (Location),false,true,false,true,true,false,"Top ads, Paid sitelinks, AI Overview, Thumbnail, People also ask, Bottom ads",150,21,0.46,4,0,11,,https://www.cruiseaway.com.au/cruises/australia,2026-04-16 11:58:02
cruise sydney fiji,AU,Australia,English,"Sydney (Location), Fiji (Location)",false,true,false,true,true,false,"AI Overview, Discussions and forums",20,0,,4,0,1,,https://www.cruiseaway.com.au/cruises-from-sydney-to-fiji,2026-05-10 06:06:24
cruises to png,AU,Australia,English,Papua New Guinea (Location),false,false,false,true,true,false,"AI Overview, People also ask",200,1,0.40,4,0,12,,https://www.cruiseaway.com.au/cruises/papua-new-guinea,2026-05-10 13:27:53
deal cruise,AU,Australia,English,,false,false,false,true,true,false,"Top ads, Thumbnail, Bottom ads, Paid sitelinks",30,34,0.97,4,0,4,,https://www.cruiseaway.com.au/cruise-deals,2026-05-05 20:37:38
cruises from sydney to tasmania 2023,AU,Australia,English,"Sydney (Location), Tasmania (Location)",false,true,false,true,true,false,"AI Overview, Thumbnail, Sitelinks",150,0,0.57,4,0,10,,https://www.cruiseaway.com.au/cruises/australia/tasmania,2026-04-22 09:37:50
cruises to the british isles,AU,Australia,English,British Isles (Location),false,false,false,true,true,false,"AI Overview, Thumbnail, People also ask",80,0,0.66,4,0,8,,https://www.cruiseaway.com.au/cruises/british-isles,2026-04-15 18:59:45
vanuatu cruise,AU,Australia,English,Vanuatu (Location),false,false,false,true,true,false,"People also ask, Discussions and forums, Video preview",900,0,0.20,4,0,17,,https://www.cruiseaway.com.au/cruises/south-pacific/mystery-island,2026-05-05 11:03:36
last minute cruises from barcelona,AU,Australia,English,Barcelona (Location),false,true,false,true,true,true,"Thumbnail, People also ask",80,0,,4,0,8,,https://www.cruiseaway.com.au/cruises/western-europe/barcelona,2026-05-03 00:39:17
best cruises from melbourne,AU,Australia,English,Melbourne (Location),false,true,false,true,true,false,"AI Overview, Thumbnail, People also ask",150,0,0.37,4,0,1,AI Overview,https://www.cruiseaway.com.au/cruises/australia/melbourne,2026-04-18 11:09:34
cruise ship melbourne,AU,Australia,English,Melbourne (Location),false,true,false,true,true,false,"AI Overview, Local pack, Thumbnail, Video preview",450,1,0.25,4,0,3,AI Overview,https://www.cruiseaway.com.au/short-cruises-from-melbourne,2026-05-02 06:45:31
4 day cruise from melbourne,AU,Australia,English,Melbourne (Location),false,true,false,true,true,false,"AI Overview, Thumbnail, People also ask",50,0,0.25,4,0,6,,https://www.cruiseaway.com.au/short-cruises,2026-05-01 06:00:28
2 night cruises,AU,Australia,English,,false,false,false,true,true,false,"AI Overview, People also ask",30,2,0.31,4,0,3,,https://www.cruiseaway.com.au/short-cruises,2026-04-29 04:59:03
$1 cruise deposit,AU,Australia,English,,false,false,false,true,true,false,"AI Overview, People also ask, Video preview",30,9,0.49,4,1,2,,https://www.cruiseaway.com.au/zones/princess-1-deposits,2026-04-26 00:57:27
perth cruise ship,AU,Australia,English,Perth (Location),false,true,false,true,true,false,"Top ads, Paid sitelinks, Thumbnail",30,2,0.30,4,0,2,,https://www.cruiseaway.com.au/cruises/australia/perth,2026-04-28 12:33:53
new years cruises australia,AU,Australia,English,Australia (Location),false,true,false,true,true,false,,30,0,,4,0,2,,https://www.cruiseaway.com.au/new-years-eve-cruises,2026-05-04 07:52:35
cruises 2023 australia,AU,Australia,English,Australia (Location),false,true,false,true,true,false,Sitelinks,150,50,0.46,4,0,10,,https://www.cruiseaway.com.au/,2026-04-17 03:41:28
hawaii to sydney,AU,Australia,English,"Hawaii (Location), Sydney (Location)",false,true,false,true,true,false,"AI Overview, People also ask",300,0,0.15,4,0,6,,https://www.cruiseaway.com.au/cruises-from-hawaii-to-sydney,2026-05-03 09:49:57
short cruises from sydney 2024,AU,Australia,English,Sydney (Location),false,true,false,true,true,false,Sitelinks,40,3,0.25,4,0,4,,https://www.cruiseaway.com.au/short-cruises,2026-04-13 14:10:42
pacific island cruise from sydney,AU,Australia,English,Sydney (Location),false,true,false,true,true,false,,40,0,,4,0,4,,https://www.cruiseaway.com.au/cruises-from-sydney-to-south-pacific,2026-04-14 22:21:30
wa cruise,AU,Australia,English,Western Australia (Location),false,true,false,true,true,false,"AI Overview, Thumbnail",30,3,0.56,4,0,1,AI Overview,https://www.cruiseaway.com.au/cruises/australia/perth,2026-05-05 01:37:47
fremantle to darwin cruise,AU,Australia,English,"Fremantle (Location), Darwin (Location)",false,true,false,true,true,false,"Top ads, Paid sitelinks, AI Overview, Thumbnail, People also ask",30,0,,4,0,4,,https://www.cruiseaway.com.au/western-australia-cruises-from-perth-fremantle,2026-04-30 03:51:53
cruises for single seniors over 60,AU,Australia,English,,false,false,false,true,true,false,"AI Overview, Thumbnail, People also ask, Sitelinks, Discussions and forums",30,1,,4,0,1,AI Overview,https://www.cruiseaway.com.au/singles-cruises,2026-04-23 12:43:30
all-inclusive cruise and flight packages,AU,Australia,English,,false,false,false,true,true,true,,10,22,0.61,4,0,1,,https://www.cruiseaway.com.au/fly-cruises,2026-05-07 08:52:27
cheapest cruise ship,AU,Australia,English,,false,false,false,true,true,false,People also ask,10,20,,4,0,1,,https://www.cruiseaway.com.au/cheap-cruises,2026-05-01 21:20:09
cruise for singles over 50,AU,Australia,English,,false,false,false,true,true,false,"AI Overview, Thumbnail, Video preview, People also ask, Sitelinks, Discussions and forums",10,0,0.46,4,0,2,,https://www.cruiseaway.com.au/singles-cruises,2026-04-10 22:18:15
cruises from townsville,AU,Australia,English,Townsville (Location),false,true,false,true,true,false,"AI Overview, Thumbnail, People also ask, Bottom ads, Paid sitelinks",50,0,0.19,4,0,1,AI Overview,https://www.cruiseaway.com.au/cruises/australia/townsville,2026-05-09 15:18:14
cruise to nz from australia,AU,Australia,English,"New Zealand (Location), Australia (Location)",false,false,false,true,true,false,"AI Overview, Thumbnail, People also ask",200,1,0.45,4,0,12,,https://www.cruiseaway.com.au/cruises-from-sydney-to-new-zealand,2026-05-08 06:34:27
greek cruises from athens,AU,Australia,English,Athens (Location),false,true,false,true,true,false,"AI Overview, People also ask",90,0,,4,0,9,,https://www.cruiseaway.com.au/cruises/athens-piraeus,2026-04-25 11:33:42
10 day cruises from sydney,AU,Australia,English,Sydney (Location),false,true,false,true,true,false,"AI Overview, People also ask, Thumbnail",50,0,0.38,4,0,6,,https://www.cruiseaway.com.au/cruise/new-zealand-from-sydney-australia-with-the-carnival-splendor-16931468,2026-04-16 09:15:00
cruise new zealand from brisbane,AU,Australia,English,"New Zealand (Location), Brisbane (Location)",false,true,false,true,true,false,AI Overview,50,0,,4,0,6,,https://www.cruiseaway.com.au/cruises-from-brisbane-to-new-zealand,2026-05-04 05:12:52
best 7 day cruise brisbane to cairns,AU,Australia,English,,false,true,false,true,true,false,"AI Overview, Thumbnail, People also ask",50,0,,4,0,6,,https://www.cruiseaway.com.au/cruise-from-brisbane-to-cairns,2026-04-28 04:46:41
adult ship,AU,Australia,English,,false,false,false,true,true,false,People also ask,30,12,0.68,4,0,4,,https://www.cruiseaway.com.au/cruises/adult-only-virgin-voyages,2026-04-10 20:44:40
pacific cruises from australia,AU,Australia,English,,false,false,false,true,true,false,"Top ads, AI Overview, Thumbnail, People also ask",60,0,,4,0,1,AI Overview,https://www.cruiseaway.com.au/cruises-to-fiji,2026-04-18 11:50:28
domestic cruises australia,AU,Australia,English,Australia (Location),false,true,false,true,true,false,"AI Overview, Thumbnail, People also ask",100,11,0.45,4,0,1,AI Overview,https://www.cruiseaway.com.au/cruises/australia,2026-04-27 21:49:03
cruise sales from sydney,AU,Australia,English,Sydney (Location),false,true,false,true,true,false,,90,6,0.47,4,0,8,,https://www.cruiseaway.com.au/cheap-cruises,2026-05-10 08:35:36
short cruise from adelaide,AU,Australia,English,Adelaide (Location),false,true,false,true,true,false,"AI Overview, Thumbnail",40,1,,4,0,1,AI Overview,https://www.cruiseaway.com.au/short-cruises-from-adelaide,2026-05-02 05:57:02
last minute australian cruises,AU,Australia,English,,false,false,false,true,true,true,"Bottom ads, Paid sitelinks",40,2,,4,0,4,,https://www.cruiseaway.com.au/last-minute-cruises,2026-04-28 03:20:28
best cruise deals australia,AU,Australia,English,Australia (Location),false,true,false,true,true,false,"AI Overview, People also ask",90,54,0.58,4,0,10,,https://www.cruiseaway.com.au/cruises-under-999,2026-05-10 21:33:32
adriatic sea,AU,Australia,English,Adriatic Sea (Location),false,false,false,true,false,false,"AI Overview, People also ask, Knowledge panel, Video preview",1000,7,0.13,4,0,13,,https://www.cruiseaway.com.au/cruises/adriatic,2026-05-05 00:23:15
cruise to new zealand,AU,Australia,English,New Zealand (Location),false,false,false,true,true,false,"People also ask, Video preview, Thumbnail",1300,2,0.38,4,0,21,,https://www.cruiseaway.com.au/cruises-from-sydney-to-new-zealand,2026-05-01 13:56:19
last minute southern caribbean cruises,AU,Australia,English,Southern Caribbean (Location),false,false,false,true,true,true,Sitelinks,70,2,,4,0,7,,https://www.cruiseaway.com.au/cruises/caribbean,2026-04-20 20:10:54
us cruises,AU,Australia,English,,false,false,false,true,true,false,"Thumbnail, People also ask, Discussions and forums, Bottom ads, Paid sitelinks",70,47,0.46,4,0,7,,https://www.cruiseaway.com.au/cruises/usa-west-coast,2026-04-24 22:55:53
last minute cruises from bayonne new jersey,AU,Australia,English,"Bayonne (Location), New Jersey (Location)",false,true,false,true,true,true,People also ask,70,0,,4,0,7,,https://www.cruiseaway.com.au/cruises/cape-liberty-bayonne,2026-04-23 21:02:37
cruise from.melbourne,AU,Australia,English,Melbourne (Location),false,true,false,true,true,false,"Top ads, Paid sitelinks, Thumbnail",70,0,,4,0,7,,https://www.cruiseaway.com.au/cruises/australia/melbourne,2026-04-12 20:42:43
family cruise australia,AU,Australia,English,Australia (Location),false,true,false,true,true,false,"AI Overview, People also ask, Sitelinks",60,0,0.37,4,0,7,,https://www.cruiseaway.com.au/family-cruises,2026-04-27 19:43:02
cruise april 2023,AU,Australia,English,,false,false,false,true,true,false,"Sitelinks, People also ask",100,35,0.45,4,0,8,,https://www.cruiseaway.com.au/april-cruises,2026-04-23 12:01:25
cruise sydney hawaii,AU,Australia,English,"Sydney (Location), Hawaii (Location)",false,true,false,true,true,false,"Top ads, Paid sitelinks, AI Overview",50,0,,4,0,6,,https://www.cruiseaway.com.au/cruises-from-sydney-to-hawaii-2027,2026-04-14 04:56:53
discovery cruises,AU,Australia,English,,false,false,false,true,true,false,"Thumbnail, People also ask",50,5,0.55,4,0,5,,https://www.cruiseaway.com.au/discovery-princess-deals,2026-04-19 05:39:44
miami cruises,AU,Australia,English,Miami (Location),false,true,false,true,true,false,"Thumbnail, Local pack, People also ask, Discussions and forums",200,0,0.52,4,0,12,,https://www.cruiseaway.com.au/cruises/central-america/miami,2026-05-06 20:01:06
cruises to mystery island,AU,Australia,English,Mystery Island (Location),false,false,false,true,true,false,"AI Overview, People also ask",30,0,,4,0,4,,https://www.cruiseaway.com.au/cruises/south-pacific/mystery-island,2026-05-06 17:48:58
morten island cruise,AU,Australia,English,Moreton Island (Location),false,true,false,true,true,false,"Thumbnail, People also ask, Video preview",30,21,,4,0,3,,https://www.cruiseaway.com.au/cruises/moreton-island,2026-04-23 12:32:47
cheap short cruises from melbourne,AU,Australia,English,Melbourne (Location),false,true,false,true,true,false,"Thumbnail, People also ask",30,0,,4,0,3,,https://www.cruiseaway.com.au/3-day-cruises-from-melbourne,2026-05-04 17:13:53
singles only cruises,AU,Australia,English,,false,false,false,true,true,false,"AI Overview, Thumbnail, Sitelinks, People also ask",20,1,,4,0,3,,https://www.cruiseaway.com.au/singles-cruises,2026-05-10 23:11:06
cruises may,AU,Australia,English,,false,false,false,true,true,false,,20,34,0.45,4,0,2,,https://www.cruiseaway.com.au/may-cruises,2026-05-02 12:33:18
singapore to australia cruises,AU,Australia,English,,false,false,false,true,true,false,"AI Overview, People also ask",20,0,0.45,4,0,3,,https://www.cruiseaway.com.au/cruises-from-singapore-to-sydney,2026-04-19 15:05:17
2025 christmas cruise,AU,Australia,English,Christmas (Event),false,false,false,true,true,false,"Thumbnail, People also ask, Bottom ads, Paid sitelinks",20,0,,4,0,2,,https://www.cruiseaway.com.au/christmas-cruises-2025,2026-04-29 23:28:53
cruise cheap deals,AU,Australia,English,,false,false,false,true,true,false,"Top ads, Paid sitelinks, AI Overview",20,35,,4,0,2,,https://www.cruiseaway.com.au/cheap-cruises,2026-04-29 07:54:28
may cruises,AU,Australia,English,,false,false,false,true,true,false,"Top ads, AI Overview, Thumbnail",20,41,0.45,4,0,3,,https://www.cruiseaway.com.au/may-cruises,2026-05-01 15:58:01
fremantle to sydney cruise,AU,Australia,English,"Fremantle (Location), Sydney (Location)",false,true,false,true,true,false,"Top ads, Paid sitelinks, Thumbnail, AI Overview, People also ask, Bottom ads",20,0,,4,0,2,,https://www.cruiseaway.com.au/cruises-from-perth-fremantle-to-sydney,2026-04-28 06:06:53
ocean crossing cruise deals,AU,Australia,English,,false,false,false,true,true,false,,150,5,,4,0,10,,https://www.cruiseaway.com.au/cruise-deals,2026-04-15 21:04:36
perth to broome cruise,AU,Australia,English,"Perth (Location), Broome (Location)",false,true,false,true,true,false,People also ask,60,0,0.46,4,0,7,,https://www.cruiseaway.com.au/cruises/australia/broome,2026-04-10 13:10:17
india cruise,AU,Australia,English,India (Location),false,false,false,true,true,false,People also ask,200,0,0.53,4,0,11,,https://www.cruiseaway.com.au/cruises/india-and-indian-ocean,2026-04-13 15:44:11
cruise holidays from brisbane,AU,Australia,English,Brisbane (Location),false,true,false,true,true,false,,90,2,0.49,3,0,8,,https://www.cruiseaway.com.au/cruises/australia/brisbane,2026-04-24 05:35:10
cruises from amsterdam 2023,AU,Australia,English,Amsterdam (Location),false,true,false,true,true,false,"Sitelinks, People also ask",100,0,1.02,3,0,8,,https://www.cruiseaway.com.au/cruises/northern-europe/amsterdam,2026-04-25 14:42:40
africa cruise,AU,Australia,English,Africa (Location),false,false,false,true,true,false,Thumbnail,100,0,0.85,3,0,10,,https://www.cruiseaway.com.au/cruises/africa,2026-04-13 22:14:25
cruise new york,AU,Australia,English,New York (Location),false,true,false,true,true,false,"Top ads, Paid sitelinks, Local pack, Thumbnail",100,0,0.63,3,0,10,,https://www.cruiseaway.com.au/cruises/canada-usa-east-coast/new-york,2026-05-05 23:34:29
ship cruises,AU,Australia,English,,false,false,false,true,true,false,"People also ask, Thumbnail, Discussions and forums",60,72,0.39,3,0,4,,https://www.cruiseaway.com.au/ships,2026-05-05 09:52:53
cruise australia to hawaii 2024,AU,Australia,English,"Australia (Location), Hawaii (Location)",false,true,false,true,true,false,"AI Overview, Thumbnail, Sitelinks, People also ask",100,0,,3,0,9,,https://www.cruiseaway.com.au/cruise-to-hawaii-from-australia,2026-04-25 01:41:18
cruise from sydney april 2023,AU,Australia,English,Sydney (Location),false,true,false,true,true,false,Sitelinks,100,10,0.45,3,0,8,,https://www.cruiseaway.com.au/april-cruises,2026-04-22 18:30:32
2 day cruise brisbane,AU,Australia,English,Brisbane (Location),false,true,false,true,true,false,"Top ads, Paid sitelinks, Thumbnail",90,0,,3,0,8,,https://www.cruiseaway.com.au/cruise/australia-from-brisbane-australia-with-the-crown-princess-16934363,2026-04-27 21:23:02
cruise melbourne to kangaroo island,AU,Australia,English,"Melbourne (Location), Kangaroo Island (Location)",false,true,false,true,true,false,"People also ask, Video preview",50,0,0.35,3,0,5,,https://www.cruiseaway.com.au/cruise-to-kangaroo-island-from-melbourne,2026-04-26 18:28:49
$1 deposit cruise,AU,Australia,English,,false,false,false,true,true,true,"Top ads, Paid sitelinks, Discussions and forums",30,9,0.55,3,5,2,,https://www.cruiseaway.com.au/zones/princess-1-deposits,2026-04-30 17:05:53
around australia cruises 2024,AU,Australia,English,,false,false,false,true,true,false,"Sitelinks, Video preview, People also ask",30,0,0.39,3,0,2,,https://www.cruiseaway.com.au/28-day-cruise-around-australia,2026-05-05 07:29:54
last minute new zealand cruises,AU,Australia,English,New Zealand (Location),false,false,false,true,true,true,"AI Overview, Thumbnail, People also ask",90,1,,3,0,9,,https://www.cruiseaway.com.au/cruises-from-sydney-to-new-zealand,2026-04-30 10:39:48
cruise from australia to europe,AU,Australia,English,Europe (Location),false,false,false,true,true,false,"AI Overview, Thumbnail, People also ask",150,0,0.38,3,0,1,AI Overview,https://www.cruiseaway.com.au/cruise-from-australia-to-europe,2026-05-02 21:16:52
vancouver to alaska cruise price,AU,Australia,English,,false,true,false,true,true,false,"AI Overview, People also ask",100,0,0.75,3,0,10,,https://www.cruiseaway.com.au/cruises-from-vancouver-to-alaska,2026-05-03 08:06:03
cruises townsville,AU,Australia,English,Townsville (Location),false,true,false,true,true,false,"AI Overview, Thumbnail, People also ask",70,0,,3,0,1,AI Overview,https://www.cruiseaway.com.au/cruises/australia/townsville,2026-04-21 08:40:27
3 night cruises from melbourne,AU,Australia,English,Melbourne (Location),false,true,false,true,true,false,"AI Overview, Thumbnail, People also ask",20,0,,3,0,1,AI Overview,https://www.cruiseaway.com.au/3-day-cruises-from-melbourne,2026-05-01 09:46:19
middle east cruise deals,AU,Australia,English,Middle East (Location),false,false,false,true,true,false,People also ask,150,0,,3,0,11,,https://www.cruiseaway.com.au/cruise/middle-east-from-dubai-united-arab-emirates-with-the-explora-i-18430497,2026-04-14 05:07:24
cruises jan 2024,AU,Australia,English,,false,false,false,true,true,false,"Thumbnail, People also ask, Sitelinks",100,40,0.46,3,0,9,,https://www.cruiseaway.com.au/cruises,2026-04-14 13:30:18
round australia cruise 2023,AU,Australia,English,Round Australia Cruise (Event),false,false,false,true,true,false,"Sitelinks, Video preview, People also ask",100,0,0.40,3,0,9,,https://www.cruiseaway.com.au/28-day-cruise-around-australia,2026-05-03 12:32:13
cruise trips from brisbane,AU,Australia,English,Brisbane (Location),false,true,false,true,true,false,"Thumbnail, Bottom ads, Paid sitelinks",60,9,0.46,3,0,7,,https://www.cruiseaway.com.au/cruises/australia/brisbane,2026-04-24 14:42:02
mini cruises from sydney,AU,Australia,English,Sydney (Location),false,true,false,true,true,false,AI Overview,50,3,0.32,3,0,6,,https://www.cruiseaway.com.au/short-cruises,2026-04-14 04:47:52
cruise from hawaii,AU,Australia,English,Hawaii (Location),false,true,false,true,true,false,"Thumbnail, AI Overview, People also ask, Bottom ads, Paid sitelinks",50,0,0.49,3,0,6,,https://www.cruiseaway.com.au/cruises/hawaii,2026-04-21 19:50:02
sunrise cruise,AU,Australia,English,,false,false,false,true,true,false,"Video preview, People also ask",20,3,0.60,3,0,3,,https://www.cruiseaway.com.au/ship/carnival-sunrise,2026-05-01 23:56:49
cruise honolulu to sydney,AU,Australia,English,,false,false,false,true,true,false,"AI Overview, People also ask, Video preview",40,0,0.54,3,0,5,,https://www.cruiseaway.com.au/hawaiian-shores-to-sydney,2026-05-03 18:09:21
cruise sale finder australia,AU,Australia,English,Australia (Location),false,true,false,true,true,false,"Thumbnail, People also ask",20,40,0.43,3,0,2,,https://www.cruiseaway.com.au/cruise-sale-finder,2026-04-24 05:03:54
cruises to bora bora,AU,Australia,English,Bora Bora (Location),false,false,false,true,true,false,"People also ask, Bottom ads, Paid sitelinks",20,0,0.55,3,0,2,,https://www.cruiseaway.com.au/cruises/south-pacific/bora-bora,2026-04-10 12:02:28
cruise from brisbane to nz,AU,Australia,English,"Brisbane (Location), New Zealand (Location)",false,true,false,true,true,false,"Top ads, Paid sitelinks, Thumbnail, AI Overview, People also ask, Bottom ads",20,0,,3,1,2,,https://www.cruiseaway.com.au/cruises-from-brisbane-to-new-zealand,2026-04-25 18:47:53
short cruises melbourne,AU,Australia,English,Melbourne (Location),false,true,false,true,true,false,"Top ads, Paid sitelinks, Thumbnail, AI Overview, Local pack",20,0,,3,0,2,,https://www.cruiseaway.com.au/short-cruises-from-melbourne,2026-05-08 05:12:37
short break cruises from sydney,AU,Australia,English,Sydney (Location),false,true,false,true,true,false,,60,3,0.44,3,0,6,,https://www.cruiseaway.com.au/short-cruises,2026-05-11 06:58:48
cruises to iceland,AU,Australia,English,Iceland (Location),false,false,false,true,true,false,"AI Overview, Thumbnail, People also ask",100,0,0.97,3,0,10,,https://www.cruiseaway.com.au/cruises-iceland,2026-04-17 14:07:52
cruise to canada,AU,Australia,English,,false,false,false,true,true,false,"Thumbnail, People also ask, Discussions and forums, Bottom ads, Paid sitelinks",100,0,0.60,3,0,9,,https://www.cruiseaway.com.au/cruises/canada-usa-east-coast,2026-05-02 21:21:53
cruceros desde sydney,AU,Australia,Spanish,Sydney (Location),false,true,false,true,true,false,"AI Overview, Thumbnail, Bottom ads, Paid sitelinks",150,46,0.34,3,0,11,,https://www.cruiseaway.com.au/cruises/australia/sydney,2026-04-29 01:18:48
cruise packages from brisbane,AU,Australia,English,Brisbane (Location),false,true,false,true,true,false,,70,5,,3,0,7,,https://www.cruiseaway.com.au/cheap-cruises-from-brisbane,2026-04-22 09:16:46
australian cruises 2025,AU,Australia,English,,false,false,false,true,true,false,"AI Overview, People also ask",150,32,0.41,3,0,12,,https://www.cruiseaway.com.au/cruises/australia,2026-05-06 01:49:30
short break cruises,AU,Australia,English,,false,false,false,true,true,true,Thumbnail,40,3,0.45,3,0,5,,https://www.cruiseaway.com.au/short-cruises,2026-04-14 18:20:02
cheap cruises from adelaide,AU,Australia,English,Adelaide (Location),false,true,false,true,true,false,People also ask,150,2,0.16,3,0,11,,https://www.cruiseaway.com.au/cruises/australia/adelaide,2026-04-22 23:44:28
2025 cruises from melbourne,AU,Australia,English,Melbourne (Location),false,true,false,true,true,false,"AI Overview, Thumbnail, People also ask",30,3,,3,0,1,AI Overview,https://www.cruiseaway.com.au/cruises/australia/melbourne,2026-04-20 19:09:53
last minute river cruises europe,AU,Australia,English,Europe (Location),false,false,false,true,true,true,"Top ads, Paid sitelinks, AI Overview, Thumbnail, People also ask, Bottom ads",30,1,,3,0,4,,https://www.cruiseaway.com.au/river-cruises,2026-04-14 21:00:41
moreton bay island cruise,AU,Australia,English,Moreton Bay Island (Location),false,true,false,true,true,true,"Top ads, Knowledge panel, People also ask, Thumbnail, Video preview",40,21,,3,0,4,,https://www.cruiseaway.com.au/cruises/moreton-island,2026-04-13 11:52:14
cruise western australia coast,AU,Australia,English,Western Australia coast (Location),false,true,false,true,true,false,"AI Overview, Thumbnail, People also ask",40,0,,3,0,5,,https://www.cruiseaway.com.au/cruises/australia/perth,2026-04-23 00:57:16
cruises to key west,AU,Australia,English,Key West (Location),false,true,false,true,true,false,"Thumbnail, People also ask, Bottom ads",100,0,,3,0,10,,https://www.cruiseaway.com.au/cruises/caribbean/key-west,2026-04-16 18:22:29
2 for 1 cruise deals,AU,Australia,English,,false,false,false,true,true,true,"AI Overview, People also ask, Video preview, Thumbnail",500,20,0.37,3,0,17,,https://www.cruiseaway.com.au/last-minute-cruises,2026-05-10 15:04:23
cruises to tasmania from brisbane,AU,Australia,English,"Tasmania (Location), Brisbane (Location)",false,true,false,true,true,false,"AI Overview, Thumbnail, People also ask, Discussions and forums",200,0,0.21,3,0,12,,https://www.cruiseaway.com.au/cruises-to-tasmania-from-brisbane,2026-05-10 04:01:36
melbourne to new zealand by ship,AU,Australia,English,"Melbourne (Location), New Zealand (Location)",false,true,false,true,true,false,"AI Overview, Thumbnail, People also ask",10,0,0.45,3,0,1,AI Overview,https://www.cruiseaway.com.au/cruises-from-melbourne-to-new-zealand,2026-04-28 01:13:32
cheapest cruise lines,AU,Australia,English,,false,false,false,true,true,false,People also ask,10,24,0.52,3,0,1,,https://www.cruiseaway.com.au/cheap-cruises,2026-04-14 18:47:04
holiday cruise deals,AU,Australia,English,,false,false,false,true,true,false,People also ask,100,37,0.59,3,0,10,,https://www.cruiseaway.com.au/cruise-deals,2026-05-03 20:03:16
cruises to asia 2023,AU,Australia,English,Asia (Location),false,false,false,true,true,false,AI Overview,100,0,0.58,3,0,10,,https://www.cruiseaway.com.au/cruise/christmas-in-southeast-asia-18193086,2026-05-08 23:05:20
pacific cruises from melbourne,AU,Australia,English,Melbourne (Location),false,true,false,true,true,false,"AI Overview, Thumbnail, People also ask",150,0,0.45,3,0,11,,https://www.cruiseaway.com.au/cruises/australia/melbourne,2026-04-10 09:37:42
cruises from australia 2023,AU,Australia,English,,false,false,false,true,true,false,"People also ask, Thumbnail",150,5,0.51,3,0,10,,https://www.cruiseaway.com.au/cruiseline/royal-caribbean-cruises,2026-05-05 04:51:03
crusie,AU,Australia,English,,false,false,false,true,true,false,"People also ask, Thumbnail, Video preview",600,73,0.33,3,0,13,,https://www.cruiseaway.com.au/cruises/australia,2026-04-28 03:12:05
cruises to thailand,AU,Australia,English,,false,false,false,true,true,false,"Top ads, Thumbnail, People also ask, AI Overview, Discussions and forums, Bottom ads",50,0,0.38,3,1,7,,https://www.cruiseaway.com.au/cruises-to-thailand,2026-04-18 06:40:25
30 day cruise around australia,AU,Australia,English,,false,false,false,true,true,false,"AI Overview, Thumbnail, Video preview, People also ask, Sitelinks",50,0,0.34,3,0,1,AI Overview,https://www.cruiseaway.com.au/cruise-around-australia,2026-04-22 08:43:11
alaska cruises 2023 from vancouver,AU,Australia,English,Vancouver (Location),false,true,false,true,true,false,"Sitelinks, Discussions and forums",100,0,1.58,3,0,9,,https://www.cruiseaway.com.au/cruises-from-vancouver-to-alaska,2026-05-07 10:40:24
brisbane to great barrier reef cruise,AU,Australia,English,"Brisbane (Location), Great Barrier Reef (Location)",false,true,false,true,true,false,"AI Overview, Thumbnail, Video preview",20,0,,3,0,1,AI Overview,https://www.cruiseaway.com.au/cruises/australia/great-barrier-reef,2026-04-25 05:51:47
cruise deals deals,AU,Australia,English,,false,false,false,true,true,false,"AI Overview, Bottom ads, Paid sitelinks",80,43,,3,0,9,,https://www.cruiseaway.com.au/cheap-cruises,2026-04-23 14:58:46
cruising around australia,AU,Australia,English,,false,false,false,true,true,false,"AI Overview, Thumbnail, People also ask, Video preview",80,12,,3,0,1,AI Overview,https://www.cruiseaway.com.au/cruise-around-australia,2026-04-14 18:26:38
cruise from vietnam,AU,Australia,English,Vietnam (Location),false,false,false,true,true,false,"AI Overview, Thumbnail, People also ask, Video preview",80,0,,3,0,9,,https://www.cruiseaway.com.au/cruises/vietnam-cruises,2026-04-20 11:35:17
short cruises from australia,AU,Australia,English,Australia (Location),false,false,false,true,true,false,,40,2,,3,0,5,,https://www.cruiseaway.com.au/short-cruises,2026-04-26 18:18:02
4 day cruise from sydney to moreton island price,AU,Australia,English,"Sydney (Location), Moreton Island (Location)",false,true,false,true,true,false,"AI Overview, Thumbnail, People also ask",40,1,,3,0,6,,https://www.cruiseaway.com.au/cruises/moreton-island,2026-04-14 03:21:55
june cruise,AU,Australia,English,,false,false,false,true,true,false,"Thumbnail, People also ask, Discussions and forums",20,9,,3,0,2,,https://www.cruiseaway.com.au/june-cruises,2026-05-02 02:21:32
cruises from sydney to south pacific,AU,Australia,English,"Sydney (Location), South Pacific (Location)",false,true,false,true,true,false,"AI Overview, People also ask, Video preview",20,0,0.53,3,0,2,,https://www.cruiseaway.com.au/cruises-from-sydney-to-south-pacific,2026-04-20 00:25:52
cruise from fremantle to sydney,AU,Australia,English,"Fremantle (Location), Sydney (Location)",false,true,false,true,true,false,"AI Overview, Thumbnail, People also ask",20,0,0.27,3,0,1,AI Overview,https://www.cruiseaway.com.au/cruises-from-perth-fremantle-to-sydney,2026-04-22 00:58:39
cruises from kuala lumpur,AU,Australia,English,Kuala Lumpur (Location),false,true,false,true,true,false,"AI Overview, Thumbnail, People also ask",20,0,0.37,3,0,1,AI Overview,https://www.cruiseaway.com.au/cruises/asia/kuala-lumpur,2026-04-19 06:15:53
deals cruises,AU,Australia,English,,false,false,false,true,true,false,Thumbnail,100,30,0.97,3,0,9,,https://www.cruiseaway.com.au/cheap-cruises,2026-04-28 04:46:24
cruise sydney to melbourne one way,AU,Australia,English,,false,true,false,true,true,false,"AI Overview, People also ask, Thumbnail",100,0,0.45,3,0,10,,https://www.cruiseaway.com.au/melbourne-to-sydney-cruise,2026-04-14 22:33:36
sydney to honolulu cruise,AU,Australia,English,Sydney to Honolulu (Event),false,false,false,true,true,false,"AI Overview, Thumbnail",150,0,0.48,3,0,1,AI Overview,https://www.cruiseaway.com.au/cruises-from-sydney-to-hawaii-2027,2026-05-03 08:01:47
cruises march 2023,AU,Australia,English,,false,false,false,true,true,false,People also ask,150,17,0.45,3,0,10,,https://www.cruiseaway.com.au/cruises/australia/sydney,2026-04-25 11:30:54
cruise in bali,AU,Australia,English,Bali (Location),false,true,false,true,true,false,"AI Overview, Thumbnail, Local pack, People also ask",30,0,,3,0,1,AI Overview,https://www.cruiseaway.com.au/cruises/asia/bali,2026-04-13 08:01:02
cruises to kangaroo island from melbourne,AU,Australia,English,"Kangaroo Island (Location), Melbourne (Location)",false,true,false,true,true,false,"AI Overview, Thumbnail, People also ask",30,0,,3,0,5,,https://www.cruiseaway.com.au/cruise-to-kangaroo-island-from-melbourne,2026-04-15 21:58:08
cruises from honolulu to sydney,AU,Australia,English,"Honolulu (Location), Sydney (Location)",false,true,false,true,true,false,"Top ads, Paid sitelinks, People also ask, Bottom ads",30,0,,3,0,4,,https://www.cruiseaway.com.au/hawaiian-shores-to-sydney,2026-04-21 10:55:54
search cruises,AU,Australia,English,,false,false,false,true,true,false,,50,53,0.41,3,0,6,,https://www.cruiseaway.com.au/cruise-sale-finder,2026-04-04 12:24:48
cruise to fremantle,AU,Australia,English,Fremantle (Location),false,true,false,true,true,false,People also ask,70,0,,3,0,7,,https://www.cruiseaway.com.au/western-australia-cruises-from-perth-fremantle,2026-05-07 05:56:20
book a cruise from brisbane,AU,Australia,English,Brisbane (Location),false,true,false,false,true,true,"Top ads, Paid sitelinks, Thumbnail, Bottom ads",70,11,0.64,3,3,7,,https://www.cruiseaway.com.au/cruises/australia/brisbane,2026-05-03 12:42:28
mumbai cruise,AU,Australia,English,Mumbai (Location),false,true,false,true,true,false,"AI Overview, Video preview, Thumbnail, Local pack, People also ask",40,0,0.45,3,0,8,,https://www.cruiseaway.com.au/cruises/india-and-indian-ocean/mumbai-bombay,2026-04-29 10:21:17
inside passage cruises from vancouver,AU,Australia,English,"Inside Passage (Location), Vancouver (Location)",false,true,false,true,true,false,"Top ads, Paid sitelinks, AI Overview, Thumbnail, People also ask, Bottom ads",100,0,,3,0,10,,https://www.cruiseaway.com.au/cruises/alaska-canada-west/inside-passage,2026-04-23 04:54:28
what are gratuities,AU,Australia,English,,false,false,false,true,false,false,"AI Overview, People also ask",30,0,,3,0,4,,https://www.cruiseaway.com.au/gratuities-on-board,2026-05-07 15:00:37
small ship cruises from brisbane,AU,Australia,English,Brisbane (Location),false,true,false,true,true,false,"AI Overview, Thumbnail, Video preview, People also ask",30,1,,3,0,4,,https://www.cruiseaway.com.au/small-ship-cruises,2026-04-14 02:03:04
short cruise melbourne,AU,Australia,English,Melbourne (Location),false,true,false,true,true,false,Thumbnail,20,0,,3,0,2,,https://www.cruiseaway.com.au/3-day-cruises-from-melbourne,2026-04-25 20:44:02
cruise to london from australia,AU,Australia,English,"London (Location), Australia (Location)",false,true,false,true,true,false,"AI Overview, Thumbnail, People also ask",100,0,0.36,3,0,11,,https://www.cruiseaway.com.au/cruise/british-isles-with-london-stay-18281387,2026-05-04 22:33:53
cruises from sydney to tasmania,AU,Australia,English,"Sydney (Location), Tasmania (Location)",false,true,false,true,true,false,"Top ads, Paid sitelinks, AI Overview, Thumbnail, People also ask",150,0,0.36,3,0,9,,https://www.cruiseaway.com.au/cruises-from-sydney-to-tasmania-2026,2026-04-14 03:35:34
last minute cruise deals from australia,AU,Australia,English,Australia (Location),false,false,false,true,true,true,"Thumbnail, Bottom ads, Paid sitelinks",40,3,,3,0,5,,https://www.cruiseaway.com.au/last-minute-cruises,2026-04-22 08:22:47
cruise japan to australia,AU,Australia,English,"Japan (Location), Australia (Location)",false,false,false,true,true,false,"Top ads, Paid sitelinks, People also ask, AI Overview, Thumbnail, Discussions and forums",40,0,0.51,3,0,6,,https://www.cruiseaway.com.au/cruise/australia-from-yokohama-tokyo-japan-with-the-queen-elizabeth-18588408,2026-05-02 20:33:53
sydney to airlie beach cruise,AU,Australia,English,"Sydney (Location), Airlie Beach (Location)",false,true,false,true,true,false,Video preview,40,0,0.58,3,0,5,,https://www.cruiseaway.com.au/cruises/australia/airlie-beach,2026-05-11 06:44:08
cruises from sydney january 2025,AU,Australia,English,Sydney (Location),false,true,false,true,true,false,,150,5,0.42,3,0,10,,https://www.cruiseaway.com.au/cruises/australia/sydney,2026-04-11 06:09:28
cruise from fremantle 2024,AU,Australia,English,Fremantle (Location),false,true,false,true,true,false,Sitelinks,100,1,0.22,3,0,9,,https://www.cruiseaway.com.au/cruises/australia/perth,2026-04-30 09:06:22
last minute cruises from los angeles,AU,Australia,English,Los Angeles (Location),false,true,false,true,true,true,People also ask,70,5,,3,0,8,,https://www.cruiseaway.com.au/cruises/north-america/los-angeles,2026-04-26 05:28:53
cruising 2025,AU,Australia,English,,false,false,false,true,true,false,"AI Overview, People also ask",150,59,,3,0,11,,https://www.cruiseaway.com.au/cruises/australia,2026-04-15 23:02:32
cruise brisbane to vanuatu,AU,Australia,English,"Brisbane (Location), Vanuatu (Location)",false,true,false,true,true,false,"AI Overview, People also ask",70,0,,3,0,8,,https://www.cruiseaway.com.au/cruises/south-pacific/mystery-island,2026-04-17 01:20:39
sydney to gold coast cruise,AU,Australia,English,"Sydney (Location), Gold Coast (Location)",false,true,false,true,true,false,"AI Overview, Thumbnail, Sitelinks",70,13,0.44,3,0,8,,https://www.cruiseaway.com.au/short-cruises,2026-04-23 09:37:56
december cruises australia,AU,Australia,English,Australia (Location),false,true,false,true,true,false,Thumbnail,50,0,,3,0,6,,https://www.cruiseaway.com.au/december-cruises,2026-04-25 23:30:48
townsville cruise,AU,Australia,English,Townsville (Location),false,true,false,true,true,false,Thumbnail,80,0,0.37,3,0,8,,https://www.cruiseaway.com.au/cruises/australia/townsville,2026-04-22 12:21:28
2024 cruises australia,AU,Australia,English,Australia (Location),false,true,false,true,true,false,"AI Overview, Thumbnail, People also ask",150,5,0.45,3,0,12,,https://www.cruiseaway.com.au/cruises/australia,2026-04-10 08:44:57
cruises around tasmania,AU,Australia,English,Tasmania (Location),false,true,false,true,true,false,"AI Overview, Thumbnail, People also ask",150,3,0.49,3,0,11,,https://www.cruiseaway.com.au/cruises/australia/tasmania,2026-04-19 05:35:29
cruises august 2024,AU,Australia,English,,false,false,false,true,true,false,"Sitelinks, People also ask",150,46,0.45,3,0,10,,https://www.cruiseaway.com.au/cruises/australia,2026-05-03 10:26:16
4 day cruises from brisbane,AU,Australia,English,Brisbane (Location),false,true,false,true,true,false,"AI Overview, People also ask, Bottom ads, Paid sitelinks",150,1,0.37,3,0,11,,https://www.cruiseaway.com.au/short-cruises,2026-04-14 18:08:21
last minute european river cruise deals,AU,Australia,English,,false,false,false,true,true,true,"AI Overview, Thumbnail, People also ask",20,1,,3,0,4,,https://www.cruiseaway.com.au/cruises/european-river,2026-04-26 16:06:49
cruise from india,AU,Australia,English,India (Location),false,false,false,true,true,false,"Thumbnail, People also ask",30,5,0.37,3,0,4,,https://www.cruiseaway.com.au/cruises/india,2026-05-05 19:33:51
cruises christmas,AU,Australia,English,Christmas (Event),false,false,false,true,true,false,Thumbnail,20,0,0.62,3,0,2,,https://www.cruiseaway.com.au/christmas-cruises,2026-04-17 01:10:32
cruise from sydney to italy,AU,Australia,English,"Sydney (Location), Italy (Location)",false,true,false,true,true,false,"AI Overview, People also ask",20,0,0.46,3,0,2,AI Overview,https://www.cruiseaway.com.au/en-AU/cruise/magnificant-sydney-to-rome-adventure-18166912,2026-05-08 18:14:32
sydney tasmania cruise,AU,Australia,English,"Sydney (Location), Tasmania (Location)",false,true,false,true,true,false,"AI Overview, Thumbnail, Bottom ads, Paid sitelinks",40,0,,3,0,6,,https://www.cruiseaway.com.au/cruises-sydney-to-tasmania,2026-05-03 17:13:53
july cruises from brisbane,AU,Australia,English,Brisbane (Location),false,true,false,true,true,false,People also ask,60,0,,3,0,7,,https://www.cruiseaway.com.au/cruises/australia/brisbane,2026-04-10 12:15:53
how much does a cruise cost,AU,Australia,English,,false,false,false,true,false,false,"AI Overview, Thumbnail, People also ask, Sitelinks",80,7,0.26,3,0,9,,https://www.cruiseaway.com.au/cruises/australia,2026-05-04 18:50:27
one way cruises,AU,Australia,English,,false,false,false,true,false,false,"People also ask, Discussions and forums, Video preview",80,0,0.28,3,3,8,,https://www.cruiseaway.com.au/repositioning-cruises,2026-05-10 09:16:24
cruises to vanuatu 2024,AU,Australia,English,Vanuatu (Location),false,false,false,true,true,false,"People also ask, Sitelinks",150,0,0.45,3,0,10,,https://www.cruiseaway.com.au/cruises/south-pacific/mystery-island,2026-04-17 23:17:59
hong kong cruise,AU,Australia,English,Hong Kong (Location),false,true,false,true,true,false,"People also ask, Knowledge panel, Discussions and forums",150,0,0.51,3,0,11,,https://www.cruiseaway.com.au/cruises/asia/hong-kong,2026-05-08 06:05:38
7 day cruise brisbane to cairns,AU,Australia,English,"Brisbane (Location), Cairns (Location)",false,true,false,true,true,false,"AI Overview, People also ask, Video preview",150,0,0.29,3,0,12,,https://www.cruiseaway.com.au/cruise-from-brisbane-to-cairns,2026-04-16 12:25:33
cruises from rome 2023,AU,Australia,English,Rome (Location),false,true,false,true,true,false,"Sitelinks, People also ask",100,0,0.84,3,0,10,,https://www.cruiseaway.com.au/cruise/western-mediterranean-from-rome-civitavecchia-italy-with-the-queen-victoria-18798141,2026-04-13 22:40:50
cruise to adelaide from sydney,AU,Australia,English,"Adelaide (Location), Sydney (Location)",false,true,false,true,true,false,"Thumbnail, AI Overview, People also ask",30,0,,3,0,3,,https://www.cruiseaway.com.au/cruises/adelaide,2026-04-30 07:54:32
cruise from newcastle,AU,Australia,English,Newcastle (Location),false,true,false,true,true,false,"AI Overview, Thumbnail, People also ask",30,9,0.43,3,0,1,AI Overview,https://www.cruiseaway.com.au/cruises/australia/newcastle,2026-05-07 08:09:46
relocation cruises 2025,AU,Australia,English,,false,false,false,true,true,false,People also ask,30,2,0.35,3,0,3,,https://www.cruiseaway.com.au/repositioning-cruises,2026-04-14 04:05:54
gratuities,AU,Australia,English,,false,false,false,true,false,false,"AI Overview, Video preview, Thumbnail, People also ask, Sitelinks",450,2,,3,0,8,,https://www.cruiseaway.com.au/gratuities-on-board,2026-04-26 01:42:00
last minute cruises from athens,AU,Australia,English,Athens (Location),false,true,false,true,true,true,"Thumbnail, People also ask",80,0,,3,0,8,,https://www.cruiseaway.com.au/cruises/athens-piraeus,2026-04-23 12:17:56
cruise book,AU,Australia,English,,false,false,false,true,true,true,"Discussions and forums, Bottom ads",60,61,0.61,3,0,7,,https://www.cruiseaway.com.au/,2026-05-05 23:13:54
cruises to juneau,AU,Australia,English,Juneau (Location),false,true,false,true,true,false,"People also ask, Local pack",60,0,0.92,3,0,7,,https://www.cruiseaway.com.au/cruises/usa-west-coast/juneau,2026-04-14 09:17:38
sampler cruises from sydney,AU,Australia,English,Sydney (Location),false,true,false,true,true,false,"AI Overview, Thumbnail, Sitelinks",20,2,0.32,3,0,5,,https://www.cruiseaway.com.au/short-cruises,2026-04-21 14:11:30
cruise brisbane to perth 2024,AU,Australia,English,,false,true,false,true,true,false,"AI Overview, Sitelinks, People also ask",100,0,0.45,3,0,10,,https://www.cruiseaway.com.au/cruises/australia/perth,2026-04-13 00:50:44
cruise australia to japan,AU,Australia,English,,false,false,false,true,true,false,"AI Overview, Thumbnail, People also ask",100,0,0.49,3,0,10,,https://www.cruiseaway.com.au/travelzoo-exclusive-sydney-to-japan,2026-05-06 02:10:28
short cruise from brisbane,AU,Australia,English,Brisbane (Location),false,true,false,true,true,false,,100,0,0.34,3,0,9,,https://www.cruiseaway.com.au/short-cruises-from-brisbane-2026,2026-04-20 09:32:53
australia to india cruise,AU,Australia,English,,false,false,false,true,true,false,"Top ads, Paid sitelinks, Thumbnail, People also ask, Bottom ads",40,0,0.36,3,1,5,,https://www.cruiseaway.com.au/cruises/india-and-indian-ocean/mumbai-bombay,2026-04-20 19:05:27
cruise sydney to great barrier reef,AU,Australia,English,"Sydney to Great Barrier Reef cruise (Work), Great Barrier Reef (Location)",false,true,false,true,true,true,"AI Overview, Thumbnail, Video preview, People also ask",30,0,,3,0,5,,https://www.cruiseaway.com.au/cruises/australia/great-barrier-reef,2026-05-04 16:12:25
cruises from sydney last minute,AU,Australia,English,Sydney (Location),false,true,false,true,true,true,Bottom ads,30,1,,3,0,4,,https://www.cruiseaway.com.au/last-minute-cruises-from-sydney,2026-04-23 11:40:02
july cruise,AU,Australia,English,,false,false,false,true,true,false,"Thumbnail, Discussions and forums",30,39,,3,0,4,,https://www.cruiseaway.com.au/july-cruises,2026-04-25 18:01:05
best cruise deals from melbourne,AU,Australia,English,Melbourne (Location),false,true,false,true,true,false,Thumbnail,30,28,,3,0,4,,https://www.cruiseaway.com.au/cruises/australia/melbourne,2026-04-10 01:42:06
japan cruise deals,AU,Australia,English,Japan (Location),false,false,false,true,true,false,"Top ads, Thumbnail, People also ask",30,2,,3,0,4,,https://www.cruiseaway.com.au/cruises-to-japan,2026-05-04 18:41:29
10 day cruise from brisbane,AU,Australia,English,Brisbane (Location),false,true,false,true,true,false,"AI Overview, Thumbnail, People also ask",50,0,,3,0,7,,https://www.cruiseaway.com.au/cruise/australia-from-brisbane-australia-with-the-carnival-encounter-18708432,2026-05-03 11:15:48
last minute galveston cruises,AU,Australia,English,Galveston Cruises (Event),false,true,false,true,true,true,"People also ask, Thumbnail, Discussions and forums",50,1,,3,0,7,,https://www.cruiseaway.com.au/cruises/caribbean/galveston,2026-05-01 01:50:17
last minute cruises from dubai,AU,Australia,English,Dubai (Location),false,true,false,true,true,true,"Top ads, Paid sitelinks, People also ask, Thumbnail",80,0,0.18,3,0,8,,https://www.cruiseaway.com.au/cruise/middle-east-from-dubai-united-arab-emirates-with-the-explora-i-18430497,2026-04-27 11:12:17
fly cruise packages from sydney,AU,Australia,English,Sydney (Location),false,true,false,true,true,false,People also ask,20,5,0.85,3,0,2,,https://www.cruiseaway.com.au/fly-cruises,2026-05-01 23:09:13
cruise from perth 2023,AU,Australia,English,Perth (Location),false,true,false,true,true,false,"Sitelinks, People also ask",100,1,0.28,3,0,9,,https://www.cruiseaway.com.au/cruises/australia/perth,2026-04-18 19:25:02
melbourne to brisbane cruise,AU,Australia,English,,false,true,false,true,true,false,"AI Overview, People also ask",80,10,0.26,3,0,9,,https://www.cruiseaway.com.au/short-cruises,2026-04-11 17:32:53
2025 cruises from brisbane,AU,Australia,English,Brisbane (Location),false,true,false,true,true,false,AI Overview,100,0,0.37,3,0,10,,https://www.cruiseaway.com.au/cruises/australia/brisbane,2026-04-12 18:31:47
aussie cruise deals,AU,Australia,English,,false,false,false,true,true,false,"Top ads, Paid sitelinks, Thumbnail, Bottom ads",100,46,,3,3,9,,https://www.cruiseaway.com.au/cheap-cruises,2026-04-16 06:25:33
cruises to florence,AU,Australia,English,Florence (Location),false,true,false,true,true,false,People also ask,100,0,0.42,3,0,10,,https://www.cruiseaway.com.au/cruises/livorno-florence,2026-04-20 06:25:32
cruise brisbane to fiji,AU,Australia,English,"Brisbane (Location), Fiji (Location)",false,true,false,true,true,false,"AI Overview, Thumbnail, People also ask",50,0,,3,0,7,,https://www.cruiseaway.com.au/cruises-to-fiji,2026-04-17 22:07:53
cruise tasmania from sydney,AU,Australia,English,"Tasmania (Location), Sydney (Location)",false,true,false,true,true,false,"Top ads, Paid sitelinks, AI Overview, Thumbnail, Discussions and forums",50,0,,3,0,7,,https://www.cruiseaway.com.au/cruises-from-sydney-to-tasmania-2026,2026-04-25 11:57:27
moreton bay cruise,AU,Australia,English,Moreton Bay (Location),false,true,false,true,true,true,"AI Overview, Thumbnail, Top ads, Paid sitelinks, Local pack, Discussions and forums, Bottom ads",150,12,0.40,3,0,1,AI Overview,https://www.cruiseaway.com.au/cruises/moreton-island,2026-05-10 07:09:38
cruise australia to canada,AU,Australia,English,,false,false,false,true,true,false,"AI Overview, People also ask",30,0,,3,0,4,,https://www.cruiseaway.com.au/cruises/vancouver,2026-04-28 15:15:34
cruceros australia,AU,Australia,Spanish,Australia (Location),false,true,false,true,true,false,"Top ads, Paid sitelinks, Sitelinks, Thumbnail",30,51,0.34,3,0,3,,https://www.cruiseaway.com.au/cruises/australia,2026-05-05 13:17:55
xmas cruises from melbourne,AU,Australia,English,Melbourne (Location),false,true,false,true,true,false,"Top ads, Paid sitelinks, AI Overview, Thumbnail, People also ask",30,0,,3,0,4,,https://www.cruiseaway.com.au/christmas-cruises,2026-04-27 19:57:11
one way cruises from australia,AU,Australia,English,Australia (Location),false,false,false,true,true,false,"AI Overview, People also ask",30,1,,3,0,3,,https://www.cruiseaway.com.au/repositioning-cruises,2026-05-07 16:46:52
cruises for single people,AU,Australia,English,,false,false,false,true,true,false,"AI Overview, Thumbnail, People also ask, Discussions and forums",20,3,0.40,3,0,1,AI Overview,https://www.cruiseaway.com.au/singles-cruises,2026-04-23 13:48:34
sydney to queenstown cruise,AU,Australia,English,"Sydney (Location), Queenstown (Location)",false,true,false,true,true,false,"AI Overview, People also ask",20,0,,3,0,2,,https://www.cruiseaway.com.au/cruises-from-sydney-to-new-zealand,2026-05-05 09:35:52
cruise 4 days,AU,Australia,English,,false,false,false,true,true,false,,20,11,,3,0,2,,https://www.cruiseaway.com.au/short-cruises,2026-04-24 20:04:32
bora bora cruises,AU,Australia,English,Bora Bora (Location),false,false,false,true,true,false,"Thumbnail, AI Overview, People also ask",20,0,0.55,3,0,2,,https://www.cruiseaway.com.au/cruises/south-pacific/bora-bora,2026-05-02 16:43:53
cruise from kuala lumpur,AU,Australia,English,Kuala Lumpur (Location),false,true,false,true,true,false,"AI Overview, Thumbnail, People also ask",20,0,0.37,3,0,1,AI Overview,https://www.cruiseaway.com.au/cruises/asia/kuala-lumpur,2026-04-14 17:00:33
alaska cruise from vancouver,AU,Australia,English,Vancouver (Location),false,true,false,true,true,false,"Thumbnail, People also ask, AI Overview, Discussions and forums, Video preview",1000,0,0.81,3,0,21,,https://www.cruiseaway.com.au/cruises-from-vancouver-to-alaska,2026-04-26 20:26:54
cruise trip from brisbane,AU,Australia,English,Brisbane (Location),false,true,false,true,true,false,"Bottom ads, Paid sitelinks",60,2,,3,0,7,,https://www.cruiseaway.com.au/cruises/australia/brisbane,2026-04-10 04:46:34
rhine river cruise prices,AU,Australia,English,Rhine River (Location),false,false,false,true,true,false,"AI Overview, Thumbnail, Video preview, People also ask",60,1,0.68,3,0,8,,https://www.cruiseaway.com.au/river-cruises,2026-04-14 15:53:50
adults only cruises from brisbane,AU,Australia,English,Brisbane (Location),false,true,false,true,true,false,"Top ads, AI Overview, People also ask, Thumbnail, Bottom ads, Paid sitelinks",60,12,,3,0,8,,https://www.cruiseaway.com.au/cruiseline/virgin-voyages,2026-04-20 11:52:44
cruise from honolulu to sydney,AU,Australia,English,"Honolulu (Location), Sydney (Location)",false,true,false,true,true,false,"AI Overview, Thumbnail, People also ask",40,0,0.54,3,0,6,,https://www.cruiseaway.com.au/hawaiian-shores-to-sydney,2026-04-10 09:02:47
cruise deals from fremantle,AU,Australia,English,Fremantle (Location),false,true,false,true,true,true,"Top ads, Paid sitelinks, Thumbnail",100,1,0.39,3,4,10,,https://www.cruiseaway.com.au/cruises/australia/perth,2026-04-19 05:41:54
canadian cruise,AU,Australia,English,Canada (Location),false,false,false,true,true,false,"People also ask, Top stories, Thumbnail",100,0,,3,0,10,,https://www.cruiseaway.com.au/cruises/canada-usa-east-coast,2026-05-08 02:28:16
7 day cruises,AU,Australia,English,,false,false,false,true,true,false,"Top ads, Paid sitelinks, Thumbnail",100,12,0.41,3,0,9,,https://www.cruiseaway.com.au/7-day-cruises-from-sydney,2026-04-13 02:22:12
last minute alaska cruises,AU,Australia,English,,false,true,false,true,true,true,"Top ads, Paid sitelinks, Thumbnail, People also ask, Sitelinks",80,2,0.51,3,0,8,,https://www.cruiseaway.com.au/cruises/alaska-cruise,2026-04-27 18:33:54
cruises from melbourne 2024,AU,Australia,English,Melbourne (Location),false,true,false,true,true,false,"Sitelinks, People also ask",50,3,0.43,3,0,6,,https://www.cruiseaway.com.au/cruises/australia/melbourne,2026-05-08 11:21:48
cruises to airlie beach from sydney,AU,Australia,English,"Airlie Beach (Location), Sydney (Location)",false,true,false,true,true,false,"Top ads, Paid sitelinks, Thumbnail, People also ask, AI Overview, Bottom ads",30,1,,3,1,4,,https://www.cruiseaway.com.au/cruises/australia/airlie-beach,2026-05-05 01:29:07
around australia cruise 2025 from brisbane,AU,Australia,English,Brisbane (Location),false,true,false,true,true,false,"AI Overview, Thumbnail, People also ask",30,0,,3,0,5,,https://www.cruiseaway.com.au/cruises/australia/brisbane,2026-04-26 20:24:48
cruise $1 deposit,AU,Australia,English,,false,false,false,true,true,false,People also ask,10,9,0.42,3,0,1,,https://www.cruiseaway.com.au/zones/princess-1-deposits,2026-05-06 19:29:35
cruise fly deals,AU,Australia,English,,false,false,false,true,true,true,"Thumbnail, AI Overview",10,20,,3,0,1,,https://www.cruiseaway.com.au/fly-cruises,2026-04-28 15:57:04
fly cruises 2024,AU,Australia,English,,false,false,false,true,true,false,"Sitelinks, People also ask",20,7,,3,0,2,,https://www.cruiseaway.com.au/cruises,2026-04-27 01:09:41
panama cruise,AU,Australia,English,Panama (Location),false,false,false,true,true,false,"AI Overview, Thumbnail, Top ads, People also ask",100,0,0.42,3,0,11,,https://www.cruiseaway.com.au/cruises/caribbean/panama-canal,2026-04-24 15:38:53
cruise to cairns from sydney,AU,Australia,English,"Cairns (Location), Sydney (Location)",false,true,false,true,true,false,,90,0,0.37,3,0,9,,https://www.cruiseaway.com.au/cruises/cairns,2026-05-03 14:33:26
short cruise sydney,AU,Australia,English,Sydney (Location),false,true,false,true,true,false,"Thumbnail, AI Overview",50,2,,3,0,7,,https://www.cruiseaway.com.au/short-cruises,2026-04-18 11:34:17
book a cruise online,AU,Australia,English,,false,false,false,false,true,true,Sitelinks,10,70,,3,0,1,,https://www.cruiseaway.com.au/,2026-05-11 14:14:59
new zealand fjords cruise,AU,Australia,English,New Zealand (Location),false,false,false,true,true,false,"AI Overview, People also ask",100,2,0.71,3,0,11,,https://www.cruiseaway.com.au/cruises/new-zealand/fiordland-national-park,2026-05-03 20:30:21
cruise december 2024,AU,Australia,English,,false,false,false,true,true,true,People also ask,90,8,0.42,3,0,9,,https://www.cruiseaway.com.au/cruises/australia/perth,2026-05-03 03:57:20
two day cruise,AU,Australia,English,,false,false,false,true,true,false,"Top ads, Paid sitelinks, Thumbnail, People also ask",10,0,0.37,3,0,1,,https://www.cruiseaway.com.au/short-cruises-from-melbourne,2026-04-15 07:37:10
cruise 2024 deals,AU,Australia,English,,false,false,false,true,true,false,"Sitelinks, Thumbnail, People also ask, Bottom ads, Paid sitelinks",100,12,0.57,3,0,10,,https://www.cruiseaway.com.au/cruises,2026-04-15 05:45:36
cruise pack,AU,Australia,English,,false,false,false,true,true,false,"Top ads, Paid sitelinks, AI Overview, Video preview, Thumbnail, People also ask",40,38,0.44,3,0,6,,https://www.cruiseaway.com.au/,2026-04-29 11:33:28
booking a cruise,AU,Australia,English,,false,false,false,true,true,true,"Bottom ads, Paid sitelinks",40,64,0.30,3,0,5,,https://www.cruiseaway.com.au/,2026-04-16 22:47:31
cruises to tasmania 2023,AU,Australia,English,Tasmania (Location),false,true,false,true,true,false,"Thumbnail, People also ask, Sitelinks",100,1,0.46,3,0,9,,https://www.cruiseaway.com.au/cruises/australia/tasmania,2026-04-22 04:58:07
brisbane to nz cruise,AU,Australia,English,"Brisbane (Location), New Zealand (Location)",false,true,false,true,true,false,"Thumbnail, AI Overview, People also ask",70,0,0.45,3,0,9,,https://www.cruiseaway.com.au/cruises-from-brisbane-to-new-zealand,2026-04-25 12:40:02
local cruises,AU,Australia,English,,false,true,false,true,true,false,"Local pack, People also ask, Video preview",50,28,0.31,3,0,7,,https://www.cruiseaway.com.au/cheap-cruises,2026-04-29 16:12:28
all cruises from sydney,AU,Australia,English,Sydney (Location),false,true,false,true,true,false,Thumbnail,50,7,,3,0,6,,https://www.cruiseaway.com.au/cruises/australia/sydney,2026-05-06 10:26:13
perth to brisbane cruise,AU,Australia,English,,false,true,false,true,true,false,"Thumbnail, AI Overview, People also ask",20,0,0.21,3,0,4,,https://www.cruiseaway.com.au/cruises/australia/perth,2026-04-09 16:09:54
short cruise from perth,AU,Australia,English,Perth (Location),false,true,false,true,true,false,,20,2,,3,0,3,,https://www.cruiseaway.com.au/short-cruises,2026-05-10 16:52:53
princees,AU,Australia,English,,false,false,false,true,true,false,"Sitelinks, People also ask",30,24,1.06,3,0,4,,https://www.cruiseaway.com.au/zones/princess-cruises-from-australia,2026-04-17 11:52:44
cruises in october from sydney,AU,Australia,English,Sydney (Location),false,true,false,true,true,false,"Top ads, Paid sitelinks, AI Overview, Thumbnail, People also ask",30,33,,3,0,5,,https://www.cruiseaway.com.au/october-cruises,2026-04-20 22:04:53
cruises search,AU,Australia,English,,false,false,false,true,true,true,,30,73,,3,0,4,,https://www.cruiseaway.com.au/,2026-05-07 06:47:25
cruise to england,AU,Australia,English,England (Location),false,false,false,true,true,false,"People also ask, Thumbnail",30,0,0.46,3,0,4,,https://www.cruiseaway.com.au/cruises/british-isles,2026-04-22 04:50:47
last minute european river cruises,AU,Australia,English,,false,false,false,true,true,true,"AI Overview, Thumbnail, People also ask",30,3,,3,0,1,AI Overview,https://www.cruiseaway.com.au/river-cruises,2026-05-01 06:24:02
discount cruise,AU,Australia,English,,false,false,false,true,true,false,"Video preview, Bottom ads, Paid sitelinks",30,21,1.07,3,0,4,,https://www.cruiseaway.com.au/cheap-cruises,2026-04-16 06:25:45
cruise ship to new zealand,AU,Australia,English,New Zealand (Location),false,false,false,true,true,false,"Thumbnail, People also ask",60,3,0.50,3,0,8,,https://www.cruiseaway.com.au/cruises-from-sydney-to-new-zealand,2026-04-20 11:56:48
cruise deals from fort lauderdale,AU,Australia,English,Fort Lauderdale (Location),false,true,false,true,true,false,"Thumbnail, People also ask, Bottom ads, Paid sitelinks",60,0,,3,0,8,,https://www.cruiseaway.com.au/cruises/canada-usa-east-coast/fort-lauderdale,2026-04-25 09:01:53
last minute seattle cruises,AU,Australia,English,Seattle (Location),false,true,false,true,true,true,"Top ads, Paid sitelinks, Sitelinks, People also ask, Thumbnail",70,2,,3,0,8,,https://www.cruiseaway.com.au/cruises/north-america/seattle,2026-05-02 06:57:54
cruises from.melbourne,AU,Australia,English,Melbourne (Location),false,true,false,true,true,true,People also ask,90,0,,3,0,9,,https://www.cruiseaway.com.au/cruises/australia/melbourne,2026-05-04 07:05:58
last minute cruising,AU,Australia,English,,false,false,false,true,true,true,Thumbnail,50,5,0.44,3,0,5,,https://www.cruiseaway.com.au/last-minute-cruises,2026-04-23 00:37:23
cruises to new guinea from brisbane,AU,Australia,English,"Papua New Guinea (Location), Brisbane (Location)",false,true,false,true,true,false,"AI Overview, Thumbnail, People also ask, Video preview",150,0,,3,0,12,,https://www.cruiseaway.com.au/cruises/papua-new-guinea,2026-04-26 21:30:28
cruises in june 2024,AU,Australia,English,,false,false,false,true,true,false,"Sitelinks, People also ask",150,44,0.45,3,0,10,,https://www.cruiseaway.com.au/cruises,2026-04-24 12:19:16
london cruise,AU,Australia,English,London (Location),false,true,false,true,true,false,"Local pack, Thumbnail, People also ask",60,27,0.53,3,0,8,,https://www.cruiseaway.com.au/cruises/london,2026-04-20 06:13:28
cruise to easter island,AU,Australia,English,Easter Island (Location),false,false,false,true,true,false,"People also ask, Thumbnail, Bottom ads, Paid sitelinks",20,0,0.53,3,0,2,,https://www.cruiseaway.com.au/cruises/south-pacific/easter-island,2026-04-29 13:52:13
usa cruise,AU,Australia,English,USA (Location),false,false,false,true,true,false,"AI Overview, Thumbnail, Video preview",20,1,0.46,3,0,3,,https://www.cruiseaway.com.au/cruises/usa-west-coast,2026-04-10 09:38:02
repositioning cruises from sydney,AU,Australia,English,Sydney (Location),false,true,false,true,true,false,"AI Overview, People also ask, Sitelinks",100,0,0.28,3,0,11,,https://www.cruiseaway.com.au/travelzoo-exclusive-carnival-repositioning-specials,2026-04-24 02:39:29
christmas cruises from sydney 2024,AU,Australia,English,Sydney (Location),false,true,false,true,true,false,"Thumbnail, Sitelinks, People also ask, Bottom ads, Paid sitelinks",100,0,0.21,3,0,10,,https://www.cruiseaway.com.au/christmas-cruises-from-australia,2026-04-23 05:28:53
cruises to the usa,AU,Australia,English,USA (Location),false,false,false,true,true,false,"AI Overview, Thumbnail, People also ask",90,0,0.46,3,0,10,,https://www.cruiseaway.com.au/cruises/usa-west-coast,2026-04-30 04:10:54
last minute cruises from brisbane 2024,AU,Australia,English,Brisbane (Location),false,true,false,true,true,true,Sitelinks,150,1,0.36,3,0,10,,https://www.cruiseaway.com.au/cheap-cruises-from-brisbane,2026-04-29 01:01:56
last minute dubai cruises,AU,Australia,English,Dubai (Location),false,true,false,true,true,true,,70,0,,3,0,8,,https://www.cruiseaway.com.au/cruises/middle-east/dubai,2026-05-06 18:18:07
cruise from perth to singapore,AU,Australia,English,"Perth (Location), Singapore (Location)",false,true,false,true,true,false,"Top ads, AI Overview, People also ask, Thumbnail",50,0,,3,2,7,,https://www.cruiseaway.com.au/cruises-from-perth-to-singapore,2026-05-05 12:38:29
south pacific cruise from brisbane,AU,Australia,English,Brisbane (Location),false,true,false,true,true,false,"AI Overview, Thumbnail, Video preview, People also ask",50,0,,3,0,7,,https://www.cruiseaway.com.au/south-pacific-cruises-from-brisbane-2027,2026-04-18 23:35:07
cruise to airlie beach from brisbane,AU,Australia,English,"Airlie Beach (Location), Brisbane (Location)",false,true,false,true,true,false,"AI Overview, Thumbnail, Video preview, People also ask",150,0,0.47,3,0,12,,https://www.cruiseaway.com.au/cruises/australia/airlie-beach,2026-04-26 15:34:47
weekend cruises from brisbane,AU,Australia,English,Brisbane (Location),false,true,false,true,true,false,AI Overview,100,0,0.36,3,0,11,,https://www.cruiseaway.com.au/cruises/australia/brisbane,2026-04-20 09:17:27
cruises from sydney december 2024,AU,Australia,English,Sydney (Location),false,true,false,true,true,false,"Sitelinks, Thumbnail, People also ask",100,8,,3,0,10,,https://www.cruiseaway.com.au/cruises/australia/sydney,2026-05-05 04:33:27
hawaii to australia cruise,AU,Australia,English,,false,false,false,true,true,false,"Top ads, Paid sitelinks, AI Overview, People also ask, Bottom ads",60,0,0.44,3,7,5,,https://www.cruiseaway.com.au/cruises-from-hawaii-to-sydney,2026-04-14 10:07:53
cruise in june,AU,Australia,English,,false,false,false,true,true,false,"AI Overview, Thumbnail",40,22,,3,0,1,AI Overview,https://www.cruiseaway.com.au/june-cruises,2026-04-11 20:22:17
last minute cruises to caribbean,AU,Australia,English,Caribbean (Location),false,false,false,true,true,true,,70,21,,3,0,9,,https://www.cruiseaway.com.au/last-minute-cruises,2026-04-14 17:32:52
cruise to french polynesia,AU,Australia,English,French Polynesia (Location),false,false,false,true,true,false,"Top ads, Thumbnail, AI Overview, People also ask, Bottom ads, Paid sitelinks",70,12,,3,0,10,,https://www.cruiseaway.com.au/cruises/south-pacific/bora-bora,2026-04-18 13:54:46
cruise from singapore to brisbane,AU,Australia,English,"Singapore (Location), Brisbane (Location)",false,true,false,true,true,false,"AI Overview, Thumbnail, People also ask, Discussions and forums, Bottom ads, Paid sitelinks",100,0,0.41,3,0,1,AI Overview,https://www.cruiseaway.com.au/singapore-to-brisbane-cruise-2026,2026-04-27 11:56:17
cruises finder,AU,Australia,English,,false,false,false,true,true,false,,30,65,0.22,3,0,4,,https://www.cruiseaway.com.au/cruise-sale-finder,2026-04-24 14:02:43
best family cruises from sydney,AU,Australia,English,Sydney (Location),false,true,false,true,true,false,"AI Overview, Video preview, Thumbnail, People also ask, Discussions and forums",70,0,,3,0,1,AI Overview,https://www.cruiseaway.com.au/family-cruises,2026-04-14 12:59:02
2024 cruises from melbourne,AU,Australia,English,Melbourne (Location),false,true,false,true,true,false,"Top ads, People also ask, Sitelinks, Thumbnail, Bottom ads, Paid sitelinks",100,22,0.45,3,0,10,,https://www.cruiseaway.com.au/cruises/australia/melbourne,2026-04-22 15:30:31
over 50 cruises for singles,AU,Australia,English,,false,false,false,true,true,false,"AI Overview, Thumbnail, People also ask, Discussions and forums, Sitelinks",30,1,0.52,3,0,1,AI Overview,https://www.cruiseaway.com.au/singles-cruises,2026-04-22 07:31:22
cruise to brisbane from sydney,AU,Australia,English,"Brisbane (Location), Sydney (Location)",false,true,false,true,true,false,"AI Overview, Video preview",30,0,,3,0,5,,https://www.cruiseaway.com.au/brisbane-to-sydney-cruises,2026-05-08 03:54:00
moreton cruise,AU,Australia,English,Moreton Island (Location),false,true,false,true,true,true,"Thumbnail, Local pack",30,22,,3,0,5,,https://www.cruiseaway.com.au/cruises/moreton-island,2026-05-02 09:24:38
cheap croatia cruises,AU,Australia,English,Croatia (Location),false,false,false,true,true,false,"Top ads, Paid sitelinks, Thumbnail, Discussions and forums",30,0,0.84,3,0,4,,https://www.cruiseaway.com.au/cruises/dubrovnik,2026-05-04 15:36:52
cruises hawaii to sydney,AU,Australia,English,,false,false,false,true,true,false,"AI Overview, People also ask, Video preview",30,0,,3,0,7,,https://www.cruiseaway.com.au/hawaiian-shores-to-sydney,2026-05-09 16:29:52
cruise to philippines,AU,Australia,English,Philippines (Location),false,false,false,true,true,false,"AI Overview, Thumbnail, People also ask, Bottom ads, Paid sitelinks",90,0,,3,0,10,,https://www.cruiseaway.com.au/cruises/asia/manila,2026-04-17 13:36:53
cruise from japan to australia,AU,Australia,English,"Japan (Location), Australia (Location)",false,false,false,true,true,false,"AI Overview, Thumbnail, People also ask",40,0,,3,0,6,,https://www.cruiseaway.com.au/cruise/australia-from-yokohama-tokyo-japan-with-the-queen-elizabeth-18588408,2026-04-26 23:19:06
9 night south pacific cruise,AU,Australia,English,South Pacific (Location),false,false,false,true,true,true,"Thumbnail, Discussions and forums",50,0,0.85,3,0,6,,https://www.cruiseaway.com.au/cruise/south-pacific-from-sydney-australia-with-the-carnival-splendor-16931612,2026-04-27 22:11:53
family cruise packages,AU,Australia,English,,false,false,false,true,true,false,People also ask,50,0,0.41,3,0,6,,https://www.cruiseaway.com.au/family-cruises,2026-05-03 02:01:00
melbourne cruises 2024,AU,Australia,English,Melbourne (Location),false,true,false,true,true,false,"Sitelinks, Video preview",80,22,0.36,3,0,8,,https://www.cruiseaway.com.au/cruises/australia/melbourne,2026-05-04 05:17:56
cruises from perth to brisbane,AU,Australia,English,"Perth (Location), Brisbane (Location)",false,true,false,true,true,false,"AI Overview, People also ask",20,0,0.21,3,0,3,,https://www.cruiseaway.com.au/cruises/australia/perth,2026-04-30 22:29:28
cairns cruise from sydney,AU,Australia,English,"Cairns Cruise (Event), Sydney (Location)",false,true,false,true,true,false,"Top ads, Paid sitelinks, AI Overview, Thumbnail, People also ask, Bottom ads",20,0,,3,0,4,,https://www.cruiseaway.com.au/cruises/cairns,2026-04-10 01:42:02
cruise deals from los angeles,AU,Australia,English,Los Angeles (Location),false,true,false,true,true,false,"AI Overview, Thumbnail",70,0,,3,0,10,,https://www.cruiseaway.com.au/cruises/north-america/los-angeles,2026-04-14 04:33:43
cruise fiordland national park,AU,Australia,English,Fiordland National Park (Location),false,false,false,true,true,false,"Local pack, Top ads, Thumbnail, People also ask, Discussions and forums, Bottom ads, Paid sitelinks",60,0,,3,0,8,,https://www.cruiseaway.com.au/cruises/new-zealand/fiordland-national-park,2026-04-30 05:18:40
cruise to uk from australia,AU,Australia,English,"UK (Location), Australia (Location)",false,false,false,true,true,false,"AI Overview, Thumbnail, People also ask, Bottom ads, Paid sitelinks",70,0,0.45,3,0,9,,https://www.cruiseaway.com.au/cruise/british-isles-with-london-stay-18281387,2026-05-05 05:07:29
cruises to nz from australia,AU,Australia,English,New Zealand (Location),false,false,false,true,true,false,"Top ads, Paid sitelinks, AI Overview, Thumbnail",70,1,,3,0,9,,https://www.cruiseaway.com.au/cruises-from-sydney-to-new-zealand,2026-04-15 22:36:04
cruise from miami,AU,Australia,English,Miami (Location),false,true,false,true,true,false,"Top ads, Paid sitelinks, Thumbnail, People also ask, Bottom ads",150,1,0.47,3,0,9,,https://www.cruiseaway.com.au/cruises/central-america/miami,2026-05-04 10:24:27
find cruise,AU,Australia,English,,false,false,false,true,true,false,,50,59,0.49,3,0,7,,https://www.cruiseaway.com.au/cruise-sale-finder,2026-04-27 06:32:52
hawaii cruise deals,AU,Australia,English,Hawaii (Location),false,true,false,true,true,true,"People also ask, Thumbnail, Bottom ads, Paid sitelinks",90,0,0.52,3,0,9,,https://www.cruiseaway.com.au/cruises-from-sydney-to-hawaii-2026,2026-04-24 22:40:28
last minute cruise cancellation deals from brisbane,AU,Australia,English,Brisbane (Location),false,true,false,true,true,true,"AI Overview, Thumbnail, People also ask",150,0,0.37,3,0,12,,https://www.cruiseaway.com.au/last-minute-cruises,2026-04-12 23:16:47
cruise sydney to uk 2023,AU,Australia,English,,false,false,false,true,true,false,"Sitelinks, People also ask",100,0,0.45,3,0,10,,https://www.cruiseaway.com.au/cruise/british-isles-with-london-stay-18281387,2026-04-29 22:40:02
luxury cruise lines,AU,Australia,English,,false,false,false,true,true,false,"AI Overview, People also ask, Discussions and forums, Video preview, Thumbnail",1500,69,0.35,3,0,23,,https://www.cruiseaway.com.au/luxury-ocean-cruise-lines,2026-05-03 10:06:57
island cruises from sydney,AU,Australia,English,Sydney (Location),false,true,false,true,true,false,"People also ask, Video preview",60,0,0.41,3,0,7,,https://www.cruiseaway.com.au/cruises-from-sydney-to-south-pacific,2026-04-25 01:23:02
whitsunday island cruises,AU,Australia,English,Whitsunday Island (Location),false,true,false,true,true,false,"Thumbnail, Local pack, People also ask, Discussions and forums",60,12,0.50,3,0,8,,https://www.cruiseaway.com.au/cruises/australia/whitsunday-islands,2026-05-10 09:30:07
weekend cruises sydney,AU,Australia,English,Sydney (Location),false,true,false,true,true,false,Local pack,40,3,0.33,3,0,6,,https://www.cruiseaway.com.au/short-cruises,2026-04-21 11:31:32
scandinavian cruises 2025,AU,Australia,English,,false,false,false,true,true,false,People also ask,40,0,0.70,3,0,6,,https://www.cruiseaway.com.au/cruises/scandinavia-baltic,2026-04-16 05:07:08
christmas cruising,AU,Australia,English,Christmas (Event),false,false,false,true,true,false,"Top ads, Paid sitelinks, People also ask, Bottom ads",20,0,,3,0,2,,https://www.cruiseaway.com.au/christmas-cruises-from-brisbane,2026-04-13 21:00:54
cruise adults only,AU,Australia,English,,false,false,false,true,true,false,People also ask,20,7,,3,0,2,,https://www.cruiseaway.com.au/cruises/adult-only-virgin-voyages,2026-05-08 04:31:38
cheap cruise tickets,AU,Australia,English,,false,false,false,true,true,false,AI Overview,20,32,0.45,3,0,3,,https://www.cruiseaway.com.au/cheap-cruises,2026-05-05 17:49:17
single person cruise deals,AU,Australia,English,,false,false,false,true,true,false,"AI Overview, Thumbnail, People also ask, Discussions and forums",20,1,0.52,3,0,1,AI Overview,https://www.cruiseaway.com.au/singles-cruises,2026-04-10 10:04:32
cruise departing perth,AU,Australia,English,Perth (Location),false,true,false,true,true,false,"Thumbnail, Bottom ads, Paid sitelinks",20,1,0.23,3,1,2,,https://www.cruiseaway.com.au/cruises/australia/perth,2026-04-30 22:39:02
find cruise deals,AU,Australia,English,,false,false,false,true,true,true,,20,53,0.61,3,0,2,,https://www.cruiseaway.com.au/,2026-05-07 05:37:30
perth to darwin cruise,AU,Australia,English,"Perth (Location), Darwin (Location)",false,true,false,true,true,false,"Top ads, Paid sitelinks, Thumbnail, People also ask, Bottom ads",40,0,0.34,3,0,5,,https://www.cruiseaway.com.au/western-australia-cruises-from-perth-fremantle,2026-04-16 02:14:02
4 day cruises from melbourne,AU,Australia,English,Melbourne (Location),false,true,false,true,true,false,"AI Overview, Thumbnail, People also ask",40,0,,3,0,1,AI Overview,https://www.cruiseaway.com.au/short-cruises,2026-04-18 13:01:28
ship cruises around australia,AU,Australia,English,,false,false,false,true,true,false,"People also ask, Video preview",40,15,0.41,3,0,5,,https://www.cruiseaway.com.au/28-day-cruise-around-australia,2026-05-09 06:19:55
cruise ship deals brisbane,AU,Australia,English,Brisbane (Location),false,true,false,true,true,false,"Top ads, Paid sitelinks",30,2,1.02,3,0,4,,https://www.cruiseaway.com.au/cheap-cruises-from-brisbane,2026-04-18 06:49:06
cruise brisbane to nz,AU,Australia,English,"Brisbane (Location), New Zealand (Location)",false,true,false,true,true,false,"AI Overview, Thumbnail, People also ask, Bottom ads, Paid sitelinks",30,0,,3,0,5,,https://www.cruiseaway.com.au/cruises-from-brisbane-to-new-zealand,2026-04-21 14:46:53
cruise around uk,AU,Australia,English,UK (Location),false,false,false,true,true,false,"Top ads, Thumbnail, People also ask, Discussions and forums",30,1,0.78,3,0,4,,https://www.cruiseaway.com.au/cruises/british-isles,2026-04-30 05:09:02
around australia cruise 2025,AU,Australia,English,,false,false,false,true,true,false,People also ask,30,3,0.43,3,0,4,,https://www.cruiseaway.com.au/28-day-cruise-around-australia,2026-04-26 06:40:28
sydney to seattle cruise,AU,Australia,English,Sydney to Seattle (Event),false,false,false,true,true,false,"AI Overview, Thumbnail, People also ask",30,0,0.41,3,0,5,,https://www.cruiseaway.com.au/cruises/north-america/seattle,2026-04-29 23:10:36
japan to australia cruise,AU,Australia,English,"Japan (Location), Australia (Location)",false,false,false,true,true,false,"AI Overview, People also ask, Discussions and forums",30,0,,3,0,5,,https://www.cruiseaway.com.au/cruise/australia-from-yokohama-tokyo-japan-with-the-queen-elizabeth-18588408,2026-04-29 10:00:02
cruise weekend,AU,Australia,English,,false,false,false,true,true,false,"Top ads, Paid sitelinks, Thumbnail",30,1,0.23,3,0,4,,https://www.cruiseaway.com.au/short-cruises,2026-05-02 16:42:28
barrier reef cruises from sydney,AU,Australia,English,"Great Barrier Reef (Location), Sydney (Location)",false,true,false,true,true,false,"AI Overview, Thumbnail, Video preview, People also ask",30,0,0.57,3,0,1,AI Overview,https://www.cruiseaway.com.au/cruises/australia/great-barrier-reef,2026-05-04 07:41:42
sydney to tasmania,AU,Australia,English,"Sydney (Location), Tasmania (Location)",false,true,false,true,false,false,"People also ask, Video preview",1600,0,0.15,3,0,19,,https://www.cruiseaway.com.au/cruises-from-sydney-to-tasmania-2026,2026-05-01 13:06:30
cruises from bali,AU,Australia,English,Bali (Location),false,true,false,true,true,false,"Top ads, Paid sitelinks, Thumbnail, AI Overview, People also ask",150,0,0.50,3,0,12,,https://www.cruiseaway.com.au/cruise/indonesia-from-bali-benoa-indonesia-with-the-seven-seas-navigator-18677924,2026-04-23 10:17:54
caribbean cruise deals,AU,Australia,English,Caribbean (Location),false,false,false,true,true,false,"Top ads, Paid sitelinks, Thumbnail, People also ask, Discussions and forums, Bottom ads",150,4,1.05,3,0,11,,https://www.cruiseaway.com.au/cruises/caribbean,2026-05-02 19:18:28
cruise from brisbane to fiji,AU,Australia,English,"Brisbane (Location), Fiji (Location)",false,true,false,true,true,false,"AI Overview, Thumbnail, People also ask",50,0,0.29,3,0,8,,https://www.cruiseaway.com.au/cruises-to-fiji,2026-04-17 23:22:39
around the world cruise from sydney,AU,Australia,English,Sydney (Location),false,true,false,true,true,false,"AI Overview, Thumbnail, People also ask, Video preview",50,0,,3,0,8,,https://www.cruiseaway.com.au/round-the-world-cruises/princess,2026-04-14 15:24:27
champagne bay,AU,Australia,English,Champagne Bay (Location),false,false,false,true,false,false,"Thumbnail, People also ask, Knowledge panel, Video preview",150,0,1.42,3,0,9,,https://www.cruiseaway.com.au/cruises/south-pacific/champagne-bay,2026-04-21 23:50:02
nile river cruises 2023,AU,Australia,English,,false,false,false,true,true,true,"Sitelinks, People also ask",150,2,1.19,3,0,11,,https://www.cruiseaway.com.au/cruises/egypt-nile,2026-05-06 01:46:54
christmas new year cruises,AU,Australia,English,Christmas (Event),false,false,false,true,true,false,"Top ads, Paid sitelinks, Thumbnail, People also ask",80,0,0.58,3,2,9,,https://www.cruiseaway.com.au/new-years-eve-cruises,2026-05-06 03:10:53
cruise from sydney to cairns,AU,Australia,English,"Sydney (Location), Cairns (Location)",false,true,false,true,true,false,"AI Overview, Thumbnail, People also ask",80,0,0.37,3,0,10,,https://www.cruiseaway.com.au/cruises/cairns,2026-05-10 04:46:08
cruises to great barrier reef,AU,Australia,English,Great Barrier Reef (Location),false,false,false,true,true,false,"Thumbnail, People also ask, AI Overview",100,12,,3,0,11,,https://www.cruiseaway.com.au/cruises/australia/great-barrier-reef,2026-04-13 23:50:02
cruises september 2024,AU,Australia,English,,false,false,false,true,true,false,"Top ads, Paid sitelinks, People also ask, Thumbnail, Bottom ads",100,58,,3,0,10,,https://www.cruiseaway.com.au/cruises/australia/sydney,2026-04-18 17:10:06
cruise islands,AU,Australia,English,,false,false,false,true,true,false,"AI Overview, Thumbnail, People also ask",100,0,0.36,3,0,11,,https://www.cruiseaway.com.au/cruises/new-zealand/bay-of-islands,2026-04-27 09:02:02
4 night cruises from brisbane,AU,Australia,English,Brisbane (Location),false,true,false,true,true,false,"Top ads, Paid sitelinks, Thumbnail, People also ask, Bottom ads",40,0,0.45,3,0,6,,https://www.cruiseaway.com.au/short-cruises,2026-04-12 22:09:56
booking cruises,AU,Australia,English,,false,false,false,false,true,true,"Sitelinks, People also ask",40,67,0.30,3,0,6,,https://www.cruiseaway.com.au/,2026-04-19 09:13:08
cruise from melbourne to brisbane,AU,Australia,English,"Melbourne (Location), Brisbane (Location)",false,true,false,true,true,false,"AI Overview, Thumbnail, Top ads, Paid sitelinks, People also ask, Bottom ads",40,9,0.26,3,0,7,,https://www.cruiseaway.com.au/short-cruises,2026-05-01 11:05:53
cruise to sydney from melbourne,AU,Australia,English,"Sydney (Location), Melbourne (Location)",false,true,false,true,true,false,"Thumbnail, AI Overview",20,0,,3,0,4,,https://www.cruiseaway.com.au/melbourne-to-sydney-cruise,2026-05-02 09:58:54
amsterdam cruises,AU,Australia,English,Amsterdam (Location),false,true,false,true,true,false,People also ask,70,0,0.61,3,0,8,,https://www.cruiseaway.com.au/cruises/northern-europe/amsterdam,2026-05-06 07:55:37
short cruises from perth,AU,Australia,English,Perth (Location),false,true,false,true,true,false,"Top ads, Paid sitelinks, AI Overview, People also ask",200,2,0.18,3,40,11,,https://www.cruiseaway.com.au/short-cruises,2026-04-29 00:52:03
cruise deal finder,AU,Australia,English,,false,false,false,true,true,false,,20,61,0.52,3,0,4,,https://www.cruiseaway.com.au/,2026-04-24 08:44:32
melbourne short cruises,AU,Australia,English,Melbourne (Location),false,true,false,true,true,false,AI Overview,20,0,,3,0,3,,https://www.cruiseaway.com.au/3-day-cruises-from-melbourne,2026-04-28 05:49:04
christmas in july cruise,AU,Australia,English,Christmas in July (Event),false,false,false,true,true,false,"People also ask, Video preview",30,0,,3,0,5,,https://www.cruiseaway.com.au/spectacular-grinchmas-in-july-sailings,2026-04-12 23:10:04
cruise departing brisbane,AU,Australia,English,Brisbane (Location),false,true,false,true,true,false,,150,0,0.46,3,0,10,,https://www.cruiseaway.com.au/cruises/australia/brisbane,2026-05-07 05:29:34
cruises ex brisbane,AU,Australia,English,Brisbane (Location),false,true,false,true,true,false,"Local pack, Bottom ads, Paid sitelinks",50,0,0.49,3,0,7,,https://www.cruiseaway.com.au/cruises/australia/brisbane,2026-04-26 23:42:02
cruise deals from vancouver,AU,Australia,English,Vancouver (Location),false,true,false,true,true,false,People also ask,70,0,,3,0,9,,https://www.cruiseaway.com.au/cruises/north-america/vancouver,2026-04-21 02:12:40
cruises from brisbane to sydney return,AU,Australia,English,"Brisbane (Location), Sydney (Location)",false,true,false,true,true,false,"AI Overview, People also ask",10,8,,3,0,1,,https://www.cruiseaway.com.au/brisbane-to-sydney-cruises,2026-05-07 11:20:11
cruises to nz from melbourne,AU,Australia,English,"New Zealand (Location), Melbourne (Location)",false,true,false,true,true,false,"Thumbnail, AI Overview, People also ask",10,0,,3,0,1,,https://www.cruiseaway.com.au/cruises-from-melbourne-to-new-zealand,2026-04-14 07:41:35
last minute cruise deals from fremantle,AU,Australia,English,Fremantle (Location),false,true,false,true,true,true,"AI Overview, Thumbnail, People also ask",10,3,,3,0,1,AI Overview,https://www.cruiseaway.com.au/zones/last-minute-cruises-from-fremantle,2026-05-06 20:09:48
small ship mediterranean cruise,AU,Australia,English,,false,false,false,true,true,false,"AI Overview, Thumbnail, Sitelinks",90,12,,3,0,11,,https://www.cruiseaway.com.au/small-ship-cruises,2026-04-23 15:29:50
australian cruises from melbourne,AU,Australia,English,Melbourne (Location),false,true,false,true,true,false,"AI Overview, People also ask",100,0,0.43,3,0,11,,https://www.cruiseaway.com.au/cruises/australia/melbourne,2026-04-25 08:38:53
sydney to los angeles cruise,AU,Australia,English,,false,false,false,true,true,false,"AI Overview, Thumbnail, People also ask, Bottom ads, Paid sitelinks",30,0,,3,0,1,AI Overview,https://www.cruiseaway.com.au/cruises/north-america/los-angeles,2026-05-05 01:27:03
cruises deals,AU,Australia,English,,false,false,false,true,true,false,Thumbnail,90,33,0.50,3,0,10,,https://www.cruiseaway.com.au/cruise-deals,2026-04-16 17:41:53
hawaii cruise from honolulu,AU,Australia,English,Honolulu (Location),false,true,false,true,true,false,"AI Overview, People also ask",40,0,0.57,3,0,7,,https://www.cruiseaway.com.au/honolulu-to-sydney-cruise,2026-04-30 22:03:02
cruises sydney to tasmania,AU,Australia,English,,false,true,false,true,true,false,"AI Overview, Thumbnail, Discussions and forums",40,0,,3,0,7,,https://www.cruiseaway.com.au/cruises-from-sydney-to-tasmania-2026,2026-05-11 05:47:21
cruises for 2025,AU,Australia,English,,false,false,false,true,true,false,,80,48,,3,0,9,,https://www.cruiseaway.com.au/cruises/australia,2026-04-22 05:07:58
cruise to vietnam from sydney,AU,Australia,English,"Vietnam (Location), Sydney (Location)",false,true,false,true,true,false,"Top ads, AI Overview, Thumbnail, People also ask, Bottom ads, Paid sitelinks",150,0,,3,0,1,AI Overview,https://www.cruiseaway.com.au/cruise-to-vietnam-from-australia,2026-04-29 19:32:53
last minute cruises from cairns,AU,Australia,English,Cairns (Location),false,true,false,true,true,true,"AI Overview, Thumbnail, People also ask",20,0,,3,0,4,,https://www.cruiseaway.com.au/cruises/cairns,2026-05-10 23:07:26
cruise ships departing melbourne,AU,Australia,English,Melbourne (Location),false,true,false,true,true,false,"AI Overview, Local pack",40,1,,3,0,7,,https://www.cruiseaway.com.au/cruises/australia/melbourne,2026-04-25 19:07:28
cruises ex brisbane 2023,AU,Australia,English,Brisbane (Location),false,true,false,true,true,false,Sitelinks,100,0,0.52,3,0,10,,https://www.cruiseaway.com.au/cruises/australia/brisbane,2026-04-14 05:54:54
cruises that leave from melbourne,AU,Australia,English,Melbourne (Location),false,true,false,true,true,false,"Top ads, Paid sitelinks, AI Overview, Thumbnail",70,0,0.32,2,0,9,,https://www.cruiseaway.com.au/cruises/australia/melbourne,2026-05-03 00:28:28
port lincoln cruise,AU,Australia,English,Port Lincoln (Location),false,true,false,true,false,false,"Thumbnail, Local pack, Bottom ads, Paid sitelinks",70,0,0.27,2,0,9,,https://www.cruiseaway.com.au/cruises/australia/port-lincoln,2026-04-24 17:23:51
mini cruise sydney,AU,Australia,English,Sydney (Location),false,true,false,true,true,false,"AI Overview, Thumbnail, Bottom ads, Paid sitelinks",20,2,,2,0,2,,https://www.cruiseaway.com.au/short-cruises,2026-04-29 09:48:39
last minute cruise tickets,AU,Australia,English,,false,false,false,true,true,true,"AI Overview, People also ask",20,6,,2,0,3,,https://www.cruiseaway.com.au/last-minute-cruises,2026-05-09 16:27:28
cruise sydney to fremantle,AU,Australia,English,Sydney to Fremantle (Event),false,true,false,true,true,false,"AI Overview, People also ask",20,0,0.45,2,0,2,,https://www.cruiseaway.com.au/cruises-from-sydney-to-perth,2026-04-17 22:22:28
caribbean cruises from australia,AU,Australia,English,,false,false,false,true,true,false,"Top ads, Paid sitelinks, Sitelinks, AI Overview, People also ask",20,44,,2,0,3,,https://www.cruiseaway.com.au/cruiseline/royal-caribbean-cruises,2026-04-18 01:15:28
australia cruise deals,AU,Australia,English,Australia (Location),false,false,false,true,true,false,"Top ads, Thumbnail, Discussions and forums, Bottom ads",150,47,0.49,2,0,9,,https://www.cruiseaway.com.au/last-minute-cruises,2026-05-10 08:29:58
cruises in australian waters,AU,Australia,English,Australian waters (Location),false,true,false,true,true,false,People also ask,150,31,0.57,2,0,11,,https://www.cruiseaway.com.au/short-cruises,2026-05-03 07:10:54
cruises leaving from australia,AU,Australia,English,Australia (Location),false,true,false,true,true,false,"AI Overview, Thumbnail, People also ask",30,50,0.45,2,0,6,,https://www.cruiseaway.com.au/cruises/australia,2026-04-13 16:33:39
cruises in bali,AU,Australia,English,Bali (Location),false,true,false,true,true,false,"AI Overview, Thumbnail, Local pack, People also ask",30,0,0.35,2,0,1,AI Overview,https://www.cruiseaway.com.au/cruises/asia/bali,2026-04-27 23:42:41
10 day new zealand cruise,AU,Australia,English,New Zealand (Location),false,false,false,true,true,true,"AI Overview, Thumbnail, Video preview, People also ask",20,0,,2,0,5,,https://www.cruiseaway.com.au/cruise/new-zealand-from-sydney-australia-with-the-carnival-splendor-16931468,2026-04-23 23:41:18
cruise fremantle to singapore,AU,Australia,English,,false,false,false,true,true,false,"AI Overview, People also ask",20,0,0.27,2,0,4,,https://www.cruiseaway.com.au/fremantle-to-singapore-cruise-2028,2026-05-06 09:25:03
weekend cruise from melbourne,AU,Australia,English,Melbourne (Location),false,true,false,true,true,false,"AI Overview, Thumbnail",20,0,,2,0,1,AI Overview,https://www.cruiseaway.com.au/3-day-cruises-from-melbourne,2026-04-27 00:24:32
4 day cruise sydney,AU,Australia,English,Sydney (Location),false,true,false,true,true,false,"Top ads, AI Overview, Thumbnail",20,1,,2,0,4,,https://www.cruiseaway.com.au/short-cruises,2026-04-20 23:55:11
cruises to adelaide from sydney,AU,Australia,English,"Adelaide (Location), Sydney (Location)",false,true,false,true,true,false,"Thumbnail, AI Overview, People also ask",20,0,,2,0,4,,https://www.cruiseaway.com.au/cruises/adelaide,2026-05-04 19:29:32
10 night new zealand cruise,AU,Australia,English,New Zealand (Location),false,false,false,true,true,true,Video preview,20,0,,2,0,3,,https://www.cruiseaway.com.au/cruise/new-zealand-from-sydney-australia-with-the-carnival-splendor-16931468,2026-04-25 16:21:16
new year's eve cruise,AU,Australia,English,New Year's Eve (Event),false,false,false,true,true,false,,20,0,,2,0,3,,https://www.cruiseaway.com.au/new-years-eve-cruises,2026-04-29 05:07:52
how much is a cruise,AU,Australia,English,,false,false,false,true,true,false,"AI Overview, Thumbnail, People also ask, Sitelinks, Bottom ads",150,28,0.32,2,0,12,,https://www.cruiseaway.com.au/cruises/australia,2026-05-08 20:24:58
cruise from brisbane to airlie beach,AU,Australia,English,"Brisbane (Location), Airlie Beach (Location)",false,true,false,true,true,false,"Top ads, Paid sitelinks, AI Overview, Thumbnail, People also ask, Video preview",150,0,,2,0,12,,https://www.cruiseaway.com.au/cruises/australia/airlie-beach,2026-05-05 07:10:03
sydney to brisbane cruise cost,AU,Australia,English,Sydney to Brisbane (Location),false,true,false,true,true,false,"AI Overview, People also ask",80,0,0.37,2,0,10,,https://www.cruiseaway.com.au/brisbane-to-sydney-cruises,2026-05-01 03:34:19
vanuatu cruises from brisbane,AU,Australia,English,Brisbane (Location),false,true,false,true,true,false,"AI Overview, People also ask",30,0,,2,0,7,,https://www.cruiseaway.com.au/cruises/south-pacific/mystery-island,2026-04-15 21:58:37
southern caribbean cruise deals,AU,Australia,English,Southern Caribbean (Location),false,false,false,true,true,false,"Thumbnail, People also ask",50,0,,2,0,8,,https://www.cruiseaway.com.au/cruise/southern-caribbean-from-australia-with-the-celebrity-ascent-18329690,2026-04-15 07:40:48
deals on cruises,AU,Australia,English,,false,false,false,true,true,false,People also ask,100,37,0.45,2,0,11,,https://www.cruiseaway.com.au/last-minute-cruises,2026-05-10 17:21:11
cruises to great barrier reef from sydney,AU,Australia,English,"Great Barrier Reef (Location), Sydney (Location)",false,true,false,true,true,false,"Top ads, AI Overview, Thumbnail, Video preview, People also ask",30,0,,2,0,5,,https://www.cruiseaway.com.au/cruises/australia/great-barrier-reef,2026-04-22 02:45:53
best cruise from melbourne,AU,Australia,English,Melbourne (Location),false,true,false,true,true,false,"AI Overview, Thumbnail, People also ask",30,1,,2,0,1,AI Overview,https://www.cruiseaway.com.au/cruises/australia/melbourne,2026-04-26 11:41:14
last minute cruises from norfolk,AU,Australia,English,Norfolk (Location),false,true,false,true,true,true,People also ask,80,0,,2,0,9,,https://www.cruiseaway.com.au/cruises/norfolk,2026-04-10 13:07:53
cruise philippines,AU,Australia,English,Philippines (Location),false,false,false,true,true,false,"AI Overview, Thumbnail, Top ads, Paid sitelinks, People also ask, Bottom ads",100,0,0.39,2,0,12,,https://www.cruiseaway.com.au/cruises/asia/manila,2026-04-23 19:45:28
best place to book a cruise,AU,Australia,English,,false,false,false,true,true,false,"People also ask, Sitelinks, Discussions and forums",10,71,0.97,2,0,1,,https://www.cruiseaway.com.au/,2026-04-29 02:31:45
may cruise,AU,Australia,English,,false,false,false,true,true,false,"AI Overview, Thumbnail",10,31,,2,0,1,,https://www.cruiseaway.com.au/may-cruises,2026-04-22 14:43:41
cheap cruise lines,AU,Australia,English,,false,false,false,true,true,false,"AI Overview, Thumbnail, Discussions and forums",10,38,0.52,2,0,2,,https://www.cruiseaway.com.au/cheap-cruises,2026-05-11 03:58:59
world cruises,AU,Australia,English,,false,false,false,true,true,false,"People also ask, Discussions and forums, Bottom ads, Thumbnail, Video preview",500,34,0.81,2,0,16,,https://www.cruiseaway.com.au/world-cruises-2027,2026-04-30 12:26:44
cruise company australia,AU,Australia,English,Australia (Location),false,true,false,true,true,false,"AI Overview, Thumbnail, Top ads, Paid sitelinks, People also ask, Discussions and forums, Bottom ads",30,58,0.53,2,0,6,,https://www.cruiseaway.com.au/cruise-lines,2026-05-03 13:14:54
cruises from japan to australia,AU,Australia,English,"Japan (Location), Australia (Location)",false,false,false,true,true,false,"AI Overview, People also ask",30,0,,2,0,6,,https://www.cruiseaway.com.au/cruise/australia-from-yokohama-tokyo-japan-with-the-queen-elizabeth-18588408,2026-04-16 05:41:53
repositioning cruise sydney to vancouver,AU,Australia,English,Sydney to Vancouver (Event),false,false,false,true,true,false,"Top ads, Paid sitelinks, AI Overview, Thumbnail, Sitelinks, People also ask",30,2,,2,0,1,AI Overview,https://www.cruiseaway.com.au/repositioning-cruises,2026-04-19 07:46:57
arlie beach cruise,AU,Australia,English,Airlie Beach (Location),false,true,false,true,true,false,"Top ads, Local pack, Thumbnail, People also ask, Video preview, Bottom ads, Paid sitelinks",30,1,,2,0,6,,https://www.cruiseaway.com.au/cruises/australia/airlie-beach,2026-04-09 23:41:42
cruises to africa,AU,Australia,English,Africa (Location),false,false,false,true,true,false,People also ask,100,1,0.85,2,0,11,,https://www.cruiseaway.com.au/cruises/africa,2026-05-04 05:59:41
last minute cruises from dublin,AU,Australia,English,Dublin (Location),false,true,false,true,true,true,People also ask,80,1,,2,0,9,,https://www.cruiseaway.com.au/cruises/western-europe/dublin,2026-04-19 02:46:23
cruise holiday deals,AU,Australia,English,,false,false,false,true,true,false,"Thumbnail, Bottom ads, Paid sitelinks",80,50,0.59,2,0,9,,https://www.cruiseaway.com.au/cruises-under-999,2026-05-01 08:18:27
book cruise from brisbane,AU,Australia,English,Brisbane (Location),false,true,false,false,true,true,People also ask,50,2,,2,0,8,,https://www.cruiseaway.com.au/cruises/australia/brisbane,2026-05-11 02:57:07
4 night cruises from sydney,AU,Australia,English,Sydney (Location),false,true,false,true,true,false,"Top ads, Paid sitelinks, Thumbnail, Bottom ads",150,2,0.31,2,0,4,,https://www.cruiseaway.com.au/short-cruises,2026-04-17 19:31:51
2 days cruise,AU,Australia,English,,false,false,false,true,true,false,"Top ads, Paid sitelinks, Thumbnail",20,0,,2,0,3,,https://www.cruiseaway.com.au/short-cruises,2026-04-29 01:13:28
cruises to the panama canal,AU,Australia,English,Panama Canal (Location),false,false,false,true,true,false,"Top ads, Paid sitelinks, Thumbnail, AI Overview, People also ask",80,2,1.05,2,0,11,,https://www.cruiseaway.com.au/cruises/caribbean/panama-canal,2026-04-20 03:14:36
western caribbean cruise deals,AU,Australia,English,Western Caribbean (Location),false,false,false,true,true,false,"Thumbnail, People also ask",80,0,,2,0,10,,https://www.cruiseaway.com.au/cruise/western-caribbean-from-australia-with-the-adventure-of-the-seas-18667934,2026-04-17 11:13:03
tipping on a cruise,AU,Australia,English,,false,false,false,true,false,false,"AI Overview, Thumbnail, People also ask, Discussions and forums, Sitelinks",80,0,0.10,2,0,11,,https://www.cruiseaway.com.au/gratuities-on-board,2026-05-02 06:14:56
greek island cruises from athens 2023,AU,Australia,English,Athens (Location),false,true,false,true,true,false,"Thumbnail, Sitelinks, People also ask",100,0,1.08,2,0,10,,https://www.cruiseaway.com.au/greek-island-cruises-from-athens,2026-05-02 14:28:53
last minute western caribbean cruises,AU,Australia,English,Western Caribbean (Location),false,false,false,true,true,true,"Top ads, Paid sitelinks, Thumbnail, People also ask, Bottom ads",60,16,,2,0,8,,https://www.cruiseaway.com.au/cruises/caribbean,2026-05-09 04:42:54
international cruises from sydney,AU,Australia,English,Sydney (Location),false,true,false,true,true,false,People also ask,60,1,0.47,2,0,8,,https://www.cruiseaway.com.au/cruises/australia/sydney,2026-05-06 18:26:24
short cruises around australia,AU,Australia,English,,false,false,false,true,true,false,"AI Overview, Thumbnail, People also ask",30,3,,2,1,1,AI Overview,https://www.cruiseaway.com.au/short-cruises,2026-05-06 08:32:46
cruise 3 day,AU,Australia,English,,false,false,false,true,true,true,"AI Overview, Video preview",30,1,,2,0,7,,https://www.cruiseaway.com.au/short-cruises,2026-05-03 12:57:28
cruise to gold coast from sydney,AU,Australia,English,"Gold Coast (Location), Sydney (Location)",false,true,false,true,true,false,"AI Overview, Sitelinks",20,5,,2,0,5,,https://www.cruiseaway.com.au/short-cruises,2026-05-01 20:09:17
cruise brisbane to sydney return,AU,Australia,English,,false,true,false,true,true,false,"AI Overview, Thumbnail, Sitelinks, People also ask, Bottom ads",30,8,0.40,2,0,1,AI Overview,https://www.cruiseaway.com.au/brisbane-to-sydney-cruises,2026-04-11 05:22:52
cruises from brisbane to airlie beach,AU,Australia,English,"Brisbane (Location), Airlie Beach (Location)",false,true,false,true,true,false,"AI Overview, Thumbnail, Top ads, People also ask, Bottom ads, Paid sitelinks",100,0,,2,0,11,,https://www.cruiseaway.com.au/cruises/australia/airlie-beach,2026-04-23 17:27:54
cruise from new zealand,AU,Australia,English,New Zealand (Location),false,true,false,true,true,false,"AI Overview, People also ask, Video preview",50,2,0.56,2,0,8,,https://www.cruiseaway.com.au/cruises/new-zealand,2026-05-07 22:06:16
cruises departing from singapore,AU,Australia,English,Singapore (Location),false,true,false,true,true,false,AI Overview,20,2,0.41,2,0,3,,https://www.cruiseaway.com.au/cruises-from-singapore-to-australia,2026-04-22 00:33:34
fremantle to singapore cruise,AU,Australia,English,"Fremantle (Location), Singapore (Location)",false,true,false,true,true,false,"AI Overview, People also ask",20,0,0.27,2,0,4,,https://www.cruiseaway.com.au/fremantle-to-singapore-cruise-2028,2026-04-19 22:03:02
cruise from fremantle to singapore,AU,Australia,English,"Fremantle (Location), Singapore (Location)",false,true,false,true,true,false,"Thumbnail, AI Overview, People also ask",20,0,,2,0,4,,https://www.cruiseaway.com.au/fremantle-to-singapore-cruise-2028,2026-04-20 18:12:42
cruise to mystery island,AU,Australia,English,Mystery Island (Location),false,false,false,true,true,false,People also ask,20,0,,2,0,3,,https://www.cruiseaway.com.au/cruises/south-pacific/mystery-island,2026-05-06 14:54:59
cruise to noumea from sydney,AU,Australia,English,"Nouméa (Location), Sydney (Location)",false,true,false,true,true,true,"AI Overview, Thumbnail, People also ask, Video preview",20,0,0.36,2,0,1,AI Overview,https://www.cruiseaway.com.au/cruises/south-pacific/noumea,2026-05-06 05:38:21
hawaii to usa,AU,Australia,English,"Hawaii (Location), USA (Location)",false,true,false,true,false,false,"AI Overview, Thumbnail, People also ask, Sitelinks",20,0,,2,0,1,AI Overview,https://www.cruiseaway.com.au/cruise/usa-west-coast-from-honolulu-hawaii-usa-with-the-royal-princess-17920820,2026-04-28 14:26:02
cruises from manila,AU,Australia,English,Manila (Location),false,true,false,true,true,false,"AI Overview, Thumbnail, People also ask, Discussions and forums, Video preview",20,0,0.36,2,0,4,,https://www.cruiseaway.com.au/cruises/asia/manila,2026-04-27 22:12:02
weekend cruise melbourne,AU,Australia,English,Melbourne (Location),false,true,false,true,true,false,Local pack,20,1,,2,0,3,,https://www.cruiseaway.com.au/short-cruises,2026-04-24 09:21:38
cruise south pacific from sydney,AU,Australia,English,"South Pacific (Location), Sydney (Location)",false,true,false,true,true,false,"AI Overview, Video preview, Bottom ads, Paid sitelinks",20,0,0.53,2,0,3,,https://www.cruiseaway.com.au/cruises-from-sydney-to-south-pacific,2026-04-23 18:50:53
cruise now,AU,Australia,English,,false,false,false,true,true,false,People also ask,20,69,0.43,2,0,2,,https://www.cruiseaway.com.au/,2026-04-11 03:27:32
4 days cruise,AU,Australia,English,,false,false,false,true,true,false,,20,1,0.89,2,0,2,,https://www.cruiseaway.com.au/short-cruises,2026-04-25 20:00:02
cruises to cairns from brisbane,AU,Australia,English,"Cairns (Location), Brisbane (Location)",false,true,false,true,true,false,"Top ads, Paid sitelinks, AI Overview, Thumbnail, People also ask",60,0,0.31,2,1,9,,https://www.cruiseaway.com.au/cruises/cairns,2026-05-08 00:47:30
cruceros desde brisbane,AU,Australia,Spanish,Brisbane (Location),false,true,false,true,true,false,Thumbnail,60,6,0.34,2,0,8,,https://www.cruiseaway.com.au/cruises/australia/brisbane,2026-04-18 18:44:28
sydney to moreton bay cruise,AU,Australia,English,"Sydney (Location), Moreton Bay (Location)",false,true,false,true,true,false,"AI Overview, People also ask",40,0,,2,0,7,,https://www.cruiseaway.com.au/cruises/moreton-island,2026-04-18 20:17:02
hawaii cruise from sydney,AU,Australia,English,Sydney (Location),false,true,false,true,true,false,People also ask,80,0,0.40,2,0,9,,https://www.cruiseaway.com.au/cruise/hawaii-from-sydney-australia-with-the-grand-princess-18603860,2026-05-05 05:36:29
cruises from australia 2024,AU,Australia,English,,false,false,false,true,true,false,"People also ask, Sitelinks",100,28,0.41,2,0,10,,https://www.cruiseaway.com.au/,2026-05-05 20:53:43
cruise australia to europe,AU,Australia,English,,false,false,false,true,true,false,"AI Overview, Thumbnail, People also ask",80,6,0.37,2,0,1,AI Overview,https://www.cruiseaway.com.au/cruise-from-australia-to-europe,2026-04-30 14:53:13
cruise from fiji to australia,AU,Australia,English,"Fiji (Location), Australia (Location)",false,true,false,true,true,false,People also ask,10,0,,2,0,2,,https://www.cruiseaway.com.au/cruise/australia-from-lautoka-fiji-with-the-vista-18436779,2026-04-25 22:27:01
island cruise from sydney,AU,Australia,English,Sydney (Location),false,true,false,true,true,false,"AI Overview, Thumbnail, Discussions and forums",30,0,,2,0,6,,https://www.cruiseaway.com.au/cruises-from-sydney-to-south-pacific,2026-04-25 22:20:32
cruises to china,AU,Australia,English,,false,false,false,true,true,false,"AI Overview, People also ask",30,0,0.47,2,0,6,,https://www.cruiseaway.com.au/cruises-to-china,2026-04-25 23:08:45
cruise from melbourne to adelaide,AU,Australia,English,"Melbourne (Location), Adelaide (Location)",false,true,false,true,true,false,"Top ads, Paid sitelinks, Thumbnail, AI Overview, People also ask, Bottom ads",30,0,0.34,2,0,6,,https://www.cruiseaway.com.au/cruises/adelaide,2026-04-18 06:13:07
cruises to port douglas,AU,Australia,English,Port Douglas (Location),false,true,false,true,true,false,"AI Overview, Thumbnail, People also ask",30,0,0.52,2,0,6,,https://www.cruiseaway.com.au/cruises/australia/port-douglas,2026-04-29 19:27:30
pacific cruises from brisbane,AU,Australia,English,Brisbane (Location),false,true,false,true,true,false,"Top ads, Paid sitelinks, AI Overview, Thumbnail, People also ask, Bottom ads",100,0,0.42,2,0,12,,https://www.cruiseaway.com.au/south-pacific-cruises-from-brisbane-2027,2026-04-30 08:42:27
1 week cruise,AU,Australia,English,,false,false,false,true,true,true,"People also ask, Sitelinks",80,6,0.43,2,0,9,,https://www.cruiseaway.com.au/cheap-cruises,2026-04-20 12:44:29
last minute mexican riviera cruises,AU,Australia,English,Mexican Riviera (Location),false,false,false,true,true,true,"Top ads, Paid sitelinks, Thumbnail, People also ask",80,0,,2,0,9,,https://www.cruiseaway.com.au/cruises-mexico,2026-04-23 21:45:54
last minute cruise brisbane,AU,Australia,English,Brisbane (Location),false,true,false,true,true,true,"Top ads, Paid sitelinks",50,1,,2,1,7,,https://www.cruiseaway.com.au/zones/last-minute-cruises-from-brisbane,2026-05-03 12:39:44
round the world cruise from australia,AU,Australia,English,,false,false,false,true,true,false,"AI Overview, Thumbnail, People also ask",50,0,,2,0,1,AI Overview,https://www.cruiseaway.com.au/princess-cruises-world-cruise-2026,2026-04-09 17:28:51
south australia cruises,AU,Australia,English,South Australia (Location),false,true,false,true,true,false,"AI Overview, Video preview",50,0,0.65,2,0,8,,https://www.cruiseaway.com.au/cruises/adelaide,2026-04-29 02:37:17
christmas cruises,AU,Australia,English,Christmas (Event),false,false,false,true,true,false,"Top ads, Paid sitelinks, Thumbnail, Bottom ads, Video preview",800,0,0.36,2,0,17,,https://www.cruiseaway.com.au/christmas-cruises,2026-04-28 03:38:52
cruises singapore,AU,Australia,English,Singapore (Location),false,true,false,true,true,false,"Top ads, Paid sitelinks, Thumbnail, People also ask",150,2,0.48,2,0,10,,https://www.cruiseaway.com.au/cruises-from-singapore-to-australia,2026-05-01 03:37:27
cruises 2024 from brisbane,AU,Australia,English,Brisbane (Location),false,true,false,true,true,false,"AI Overview, Thumbnail",90,0,0.62,2,0,11,,https://www.cruiseaway.com.au/cruises/australia/brisbane,2026-04-28 21:08:53
cruise packages from sydney,AU,Australia,English,Sydney (Location),false,true,false,true,true,false,People also ask,100,22,0.57,2,0,11,,https://www.cruiseaway.com.au/fly-cruises,2026-04-22 16:12:11
western caribbean cruise,AU,Australia,English,Western Caribbean (Location),false,false,false,true,true,false,"AI Overview, Thumbnail, People also ask, Image pack",70,0,0.65,2,0,10,,https://www.cruiseaway.com.au/cruise/western-caribbean-from-miami-florida-usa-with-the-msc-world-america-18658767,2026-05-08 22:38:21
cruise companies australia,AU,Australia,English,Australia (Location),false,true,false,true,true,false,"AI Overview, Thumbnail, People also ask, Discussions and forums, Bottom ads, Paid sitelinks",150,28,0.50,2,0,12,,https://www.cruiseaway.com.au/cruise-lines,2026-04-24 14:40:27
cruise sydney singapore,AU,Australia,English,"Sydney (Location), Singapore (Location)",false,true,false,true,true,false,"AI Overview, Thumbnail",50,0,,2,0,9,,https://www.cruiseaway.com.au/cruises-from-singapore-to-sydney,2026-05-04 00:25:53
cruise deals to new zealand,AU,Australia,English,New Zealand (Location),false,false,false,true,true,false,"Thumbnail, AI Overview",30,1,0.52,2,0,6,,https://www.cruiseaway.com.au/cruises-from-sydney-to-new-zealand,2026-05-03 22:45:33
sydney to thailand cruise,AU,Australia,English,"Sydney (Location), Thailand (Location)",false,true,false,true,true,false,"AI Overview, People also ask, Thumbnail",30,0,,2,0,6,,https://www.cruiseaway.com.au/cruises-to-thailand,2026-04-15 13:09:52
cruise hong kong,AU,Australia,English,Hong Kong (Location),false,true,false,true,true,false,Local pack,30,0,0.51,2,0,6,,https://www.cruiseaway.com.au/cruises/asia/hong-kong,2026-05-03 14:29:33
cruise this weekend,AU,Australia,English,,false,false,false,true,true,true,"Bottom ads, Paid sitelinks",20,3,,2,0,4,,https://www.cruiseaway.com.au/short-cruises,2026-04-16 03:50:29
cruises from sydney to pacific islands,AU,Australia,English,"Sydney (Location), Pacific Islands (Location)",false,true,false,true,true,false,"AI Overview, People also ask",20,0,,2,0,5,,https://www.cruiseaway.com.au/cruises-from-sydney-to-south-pacific,2026-04-10 14:29:07
8 day cruise from sydney,AU,Australia,English,Sydney (Location),false,true,false,true,true,false,"AI Overview, Thumbnail",20,0,0.50,2,0,5,,https://www.cruiseaway.com.au/cruise/south-pacific-from-sydney-australia-with-the-anthem-of-the-seas-17539963,2026-05-03 02:48:53
cruises from sydney to adelaide,AU,Australia,English,"Sydney (Location), Adelaide (Location)",false,true,false,true,true,false,"AI Overview, People also ask",20,0,,2,0,5,,https://www.cruiseaway.com.au/cruises/adelaide,2026-04-10 02:47:13
cruise deals from singapore,AU,Australia,English,Singapore (Location),false,true,false,true,true,false,AI Overview,70,2,0.56,2,0,10,,https://www.cruiseaway.com.au/cruises-from-singapore-to-sydney,2026-04-09 21:11:41
cruises from sydney to tasmania 2024,AU,Australia,English,"Sydney (Location), Tasmania (Location)",false,true,false,true,true,false,"Top ads, Paid sitelinks, Thumbnail, Sitelinks, People also ask, Bottom ads",100,0,,2,0,11,,https://www.cruiseaway.com.au/cruises/australia/tasmania,2026-04-18 06:01:52
2024 cruises from brisbane,AU,Australia,English,Brisbane (Location),false,true,false,true,true,false,People also ask,100,1,0.53,2,0,11,,https://www.cruiseaway.com.au/cruises/australia/brisbane,2026-05-08 11:04:25
australia to alaska cruise,AU,Australia,English,,false,false,false,true,true,false,"AI Overview, Thumbnail, People also ask",100,0,0.48,2,0,12,,https://www.cruiseaway.com.au/cruises/anchorage,2026-05-01 08:50:38
cheap cruises brisbane,AU,Australia,English,Brisbane (Location),false,true,false,true,true,false,"AI Overview, People also ask, Local pack, Bottom ads, Paid sitelinks",30,2,0.49,2,0,3,,https://www.cruiseaway.com.au/cheap-cruises-from-brisbane,2026-04-16 09:26:02
cruise ships in cairns,AU,Australia,English,Cairns (Location),false,true,false,true,false,false,"People also ask, Knowledge panel, Discussions and forums",90,0,,2,0,10,,https://www.cruiseaway.com.au/cruises/australia/cairns,2026-05-01 19:30:30
island cruise,AU,Australia,English,,false,false,false,true,true,false,,90,4,0.26,2,0,10,,https://www.cruiseaway.com.au/cruises/south-pacific/mystery-island,2026-05-07 12:58:42
istanbul cruise,AU,Australia,English,Istanbul (Location),false,true,false,true,true,false,"Local pack, People also ask",90,0,0.87,2,0,11,,https://www.cruiseaway.com.au/cruises/istanbul,2026-05-07 20:24:38
cruise from melbourne 2023,AU,Australia,English,Melbourne (Location),false,true,false,true,true,false,"People also ask, Sitelinks",150,3,0.41,2,0,11,,https://www.cruiseaway.com.au/cruises/australia/melbourne,2026-04-29 04:38:02
mystery island new caledonia,AU,Australia,English,"Mystery Island (Location), New Caledonia (Location)",false,true,false,true,false,false,"AI Overview, Video preview, Thumbnail, People also ask, Sitelinks, Discussions and forums, Image pack",60,0,,2,0,9,,https://www.cruiseaway.com.au/cruises/south-pacific/mystery-island,2026-05-08 15:28:11
november cruises from brisbane,AU,Australia,English,Brisbane (Location),false,true,false,true,true,false,"AI Overview, People also ask",60,0,,2,0,9,,https://www.cruiseaway.com.au/cruises/australia/brisbane,2026-04-24 19:09:53
3 day cruises from adelaide,AU,Australia,English,Adelaide (Location),false,true,false,true,true,false,"AI Overview, Thumbnail",60,0,0.23,2,0,9,,https://www.cruiseaway.com.au/short-cruises-from-adelaide,2026-04-27 01:00:42
hawaii to sydney cruises,AU,Australia,English,"Hawaii (Location), Sydney (Location)",false,true,false,true,true,true,"AI Overview, Thumbnail",20,0,0.42,2,0,3,,https://www.cruiseaway.com.au/hawaiian-shores-to-sydney,2026-05-07 06:22:47
cruise destinations from australia,AU,Australia,English,,false,false,false,true,false,false,"AI Overview, People also ask",20,46,,2,0,4,,https://www.cruiseaway.com.au/cruises/australia,2026-05-09 17:14:47
new years eve cruise australia,AU,Australia,English,Australia (Location),false,true,false,true,true,false,,20,6,0.47,2,0,3,,https://www.cruiseaway.com.au/new-years-eve-cruises,2026-05-10 09:07:01
3 night cruises sydney,AU,Australia,English,Sydney (Location),false,true,false,true,true,false,"Top ads, Paid sitelinks, AI Overview, Thumbnail, People also ask",40,1,0.41,2,0,7,,https://www.cruiseaway.com.au/short-cruises,2026-04-20 09:47:53
cruises from melbourne to kangaroo island,AU,Australia,English,"Melbourne (Location), Kangaroo Island (Location)",false,true,false,true,true,false,"Top ads, Paid sitelinks, AI Overview, Thumbnail",40,0,,2,0,7,,https://www.cruiseaway.com.au/cruise-to-kangaroo-island-from-melbourne,2026-05-11 02:05:27
sydney to new zealand,AU,Australia,English,"Sydney (Location), New Zealand (Location)",false,true,false,true,true,false,"People also ask, Thumbnail, Video preview",1600,0,0.15,2,0,20,,https://www.cruiseaway.com.au/cruises-from-sydney-to-new-zealand-2027,2026-05-01 01:44:00
vancouver to anchorage cruise,AU,Australia,English,,false,true,false,true,true,false,People also ask,70,0,,2,0,9,,https://www.cruiseaway.com.au/cruises/anchorage,2026-04-21 09:54:26
cruises 2023 from brisbane,AU,Australia,English,Brisbane (Location),false,true,false,true,true,false,"AI Overview, Sitelinks",80,0,0.61,2,0,10,,https://www.cruiseaway.com.au/cruises/australia/brisbane,2026-04-29 10:44:02
australia to uk cruise,AU,Australia,English,,false,false,false,true,true,false,"AI Overview, People also ask",90,0,,2,0,11,,https://www.cruiseaway.com.au/cruise/british-isles-with-london-stay-18281387,2026-05-08 00:08:24
conflict islands,AU,Australia,English,Conflict Islands (Location),false,false,false,true,false,false,"AI Overview, People also ask, Discussions and forums, Knowledge panel, Thumbnail, Video preview",1100,0,0.69,2,0,18,,https://www.cruiseaway.com.au/cruises/conflict-islands,2026-05-02 17:56:15
2 nights cruise,AU,Australia,English,,false,false,false,true,true,false,Thumbnail,10,1,0.22,2,0,1,,https://www.cruiseaway.com.au/short-cruises,2026-05-02 13:03:53
international cruises from melbourne,AU,Australia,English,Melbourne (Location),false,true,false,true,true,false,"Top ads, Paid sitelinks, AI Overview, Sitelinks, People also ask",20,1,,2,0,3,,https://www.cruiseaway.com.au/cruises/australia/melbourne,2026-04-16 01:12:02
all cruise lines,AU,Australia,English,,false,false,false,true,false,false,"Top ads, People also ask, Thumbnail, Bottom ads, Paid sitelinks",20,16,0.62,2,0,2,,https://www.cruiseaway.com.au/cruise-lines,2026-04-19 01:30:02
australian family cruises,AU,Australia,English,,false,false,false,true,true,false,"Top ads, Paid sitelinks, AI Overview, Thumbnail, People also ask, Discussions and forums",20,0,,2,0,2,,https://www.cruiseaway.com.au/family-cruises,2026-04-19 16:49:02
best cruise website,AU,Australia,English,,false,false,false,true,true,false,"Top ads, Paid sitelinks, AI Overview, Thumbnail, Sitelinks, Discussions and forums, People also ask",20,66,0.52,2,0,1,AI Overview,https://www.cruiseaway.com.au/,2026-04-26 14:07:02
cruises from wa,AU,Australia,English,Western Australia (Location),false,true,false,true,true,false,"AI Overview, Thumbnail, People also ask",20,2,0.31,2,0,3,,https://www.cruiseaway.com.au/cruises/australia/perth,2026-04-22 14:47:45
cruise from la to mexico,AU,Australia,English,Los Angeles (Location),false,true,false,true,true,false,"AI Overview, Thumbnail, People also ask, Video preview",20,4,,2,0,3,,https://www.cruiseaway.com.au/cruises-from-la-to-mexico,2026-04-17 15:06:43
cruise sampler,AU,Australia,English,,false,false,false,true,true,false,"Video preview, Discussions and forums",20,0,0.23,2,0,2,,https://www.cruiseaway.com.au/short-cruises,2026-05-06 13:52:36
cruise from dubai,AU,Australia,English,Dubai (Location),false,true,false,true,true,false,"Thumbnail, People also ask, Discussions and forums",90,0,0.50,2,0,10,,https://www.cruiseaway.com.au/cruise/middle-east-from-dubai-united-arab-emirates-with-the-explora-i-18430497,2026-05-07 17:01:01
japan cruise from australia,AU,Australia,English,,false,false,false,true,true,false,"AI Overview, Thumbnail, People also ask",90,0,0.57,2,0,11,,https://www.cruiseaway.com.au/cruise/ultimate-autumn-in-japan-18297062,2026-04-25 13:50:59
perth to singapore cruise,AU,Australia,English,"Perth (Location), Singapore (Location)",false,true,false,true,true,false,"Top ads, Paid sitelinks, AI Overview, Thumbnail, People also ask, Bottom ads",70,0,,2,1,1,AI Overview,https://www.cruiseaway.com.au/cruises-from-perth-to-singapore,2026-05-10 09:36:37
cruises departing singapore,AU,Australia,English,Singapore (Location),false,true,false,true,true,false,AI Overview,70,1,0.47,2,0,10,,https://www.cruiseaway.com.au/cruises-from-singapore-to-sydney,2026-04-13 21:56:45
fly/cruise packages,AU,Australia,English,,false,false,false,true,true,true,,10,6,0.86,2,0,1,,https://www.cruiseaway.com.au/fly-cruises,2026-04-22 15:58:28
cruise from australia to europe 2024,AU,Australia,English,"Australia (Location), Europe (Location)",false,false,false,true,true,false,"Sitelinks, People also ask, Thumbnail",10,15,,2,0,1,,https://www.cruiseaway.com.au/cruise-from-australia-to-europe,2026-05-02 23:25:29
cruise to exmouth from fremantle,AU,Australia,English,"Exmouth (Location), Fremantle (Location)",false,true,false,true,true,true,"Thumbnail, Bottom ads, Paid sitelinks",10,0,0.32,2,0,1,,https://www.cruiseaway.com.au/fremantle-to-exmouth-cruise,2026-04-23 16:29:48
family cruises from australia,AU,Australia,English,,false,false,false,true,true,false,"AI Overview, People also ask",30,0,,2,0,6,,https://www.cruiseaway.com.au/family-cruises,2026-05-01 12:24:27
repositioning cruises australia,AU,Australia,English,Australia (Location),false,true,false,true,true,false,"AI Overview, People also ask, Thumbnail, Sitelinks, Bottom ads, Paid sitelinks",90,0,,2,4,11,,https://www.cruiseaway.com.au/travelzoo-exclusive-carnival-repositioning-specials,2026-04-22 13:12:45
cruise family,AU,Australia,English,,false,false,false,true,true,false,,40,0,,2,0,6,,https://www.cruiseaway.com.au/family-cruises,2026-05-01 12:40:42
port lincoln cruises,AU,Australia,English,Port Lincoln (Location),false,true,false,true,true,false,Local pack,40,0,0.33,2,0,7,,https://www.cruiseaway.com.au/cruises/australia/port-lincoln,2026-04-20 15:22:42
short cruise brisbane,AU,Australia,English,Brisbane (Location),false,true,false,true,true,false,"Top ads, Paid sitelinks, Thumbnail",40,1,,2,0,6,,https://www.cruiseaway.com.au/short-cruises,2026-05-05 03:53:53
perth to melbourne cruise,AU,Australia,English,Perth to Melbourne cruise (Work),false,true,false,true,true,true,People also ask,20,0,,2,0,4,,https://www.cruiseaway.com.au/cruises/australia/perth,2026-04-30 04:14:40
cruises to papua new guinea from australia,AU,Australia,English,"Papua New Guinea (Location), Australia (Location)",false,true,false,true,true,false,"People also ask, Video preview",70,0,0.45,2,0,10,,https://www.cruiseaway.com.au/cruises/papua-new-guinea,2026-05-04 01:28:40
hawaii to sydney cruise 2025 price,AU,Australia,English,,false,false,false,true,true,false,"People also ask, Sitelinks, Thumbnail",10,0,,2,0,1,,https://www.cruiseaway.com.au/hawaiian-shores-to-sydney,2026-04-01 20:14:47
australian cruises from brisbane,AU,Australia,English,Brisbane (Location),false,true,false,true,true,false,"Top ads, Paid sitelinks, AI Overview, People also ask",200,1,0.34,2,0,11,,https://www.cruiseaway.com.au/cruises/australia/brisbane,2026-04-21 06:54:54
margaret river cruise from perth,AU,Australia,English,"Margaret River (Location), Perth (Location)",false,true,false,true,true,true,"AI Overview, Top ads, Paid sitelinks, People also ask, Thumbnail, Bottom ads",90,2,0.43,2,0,11,,https://www.cruiseaway.com.au/cruises/australia/margaret-river-busselton,2026-04-16 16:46:27
how to book a cruise,AU,Australia,English,,false,false,false,true,true,true,"AI Overview, Video preview, Thumbnail, People also ask, Sitelinks",40,44,0.53,2,0,1,AI Overview,https://www.cruiseaway.com.au/,2026-05-06 15:48:52
cruises to the mexican riviera,AU,Australia,English,Mexican Riviera (Location),false,false,false,true,true,false,"Top ads, Paid sitelinks, Thumbnail, AI Overview, People also ask",70,0,,2,0,11,,https://www.cruiseaway.com.au/cruise/mexican-riviera-from-australia-with-the-brilliant-lady-18811637,2026-04-25 10:49:03
easter cruises,AU,Australia,English,,false,false,false,true,true,false,Thumbnail,100,0,0.39,2,0,10,,https://www.cruiseaway.com.au/easter-cruises-2026-from-sydney,2026-04-25 15:06:17
best australia cruises 2025,AU,Australia,English,,false,false,false,true,true,false,"Thumbnail, People also ask, Video preview, Bottom ads, Paid sitelinks",40,6,,2,0,7,,https://www.cruiseaway.com.au/cruises/australia,2026-05-05 19:58:52
cruises from australia 2025,AU,Australia,English,,false,false,false,true,true,false,"Thumbnail, AI Overview, People also ask, Discussions and forums",50,54,0.41,2,0,9,,https://www.cruiseaway.com.au/cruises/australia,2026-04-25 13:47:46
best cruise website australia,AU,Australia,English,Australia (Location),false,true,false,true,true,false,"AI Overview, Discussions and forums, People also ask",20,71,,2,0,4,,https://www.cruiseaway.com.au/,2026-05-10 22:15:17
cruise aus to nz,AU,Australia,English,,false,false,false,true,true,false,"Top ads, Paid sitelinks, Thumbnail, AI Overview",20,2,,2,0,3,,https://www.cruiseaway.com.au/cruises-from-sydney-to-new-zealand,2026-04-23 15:05:05
last minute cruise deals all inclusive,AU,Australia,English,,false,false,false,true,true,true,Sitelinks,10,6,,2,0,2,,https://www.cruiseaway.com.au/last-minute-cruises,2026-05-01 15:45:02
cruise brisbane to hawaii 2025,AU,Australia,English,"Brisbane (Location), Hawaii (Location)",false,true,false,true,true,false,"Sitelinks, Thumbnail, People also ask",20,0,,2,0,2,,https://www.cruiseaway.com.au/cruises-from-brisbane-to-hawaii,2026-04-28 14:14:02
3-4 day cruises,AU,Australia,English,,false,false,false,true,true,false,"AI Overview, Thumbnail",20,2,0.29,2,0,4,,https://www.cruiseaway.com.au/short-cruises,2026-04-27 16:02:17
christmas cruises from sydney 2023,AU,Australia,English,Sydney (Location),false,true,false,true,true,false,"Sitelinks, People also ask",30,0,,2,0,4,,https://www.cruiseaway.com.au/christmas-cruises,2026-04-17 16:16:42
cruise to adelaide from melbourne,AU,Australia,English,"Adelaide (Location), Melbourne (Location)",false,true,false,true,true,false,"Top ads, AI Overview, Thumbnail, People also ask, Bottom ads, Paid sitelinks",20,0,,2,0,3,,https://www.cruiseaway.com.au/cruises/adelaide,2026-05-05 20:50:28
red sea cruise,AU,Australia,English,Red Sea (Location),false,false,false,true,true,false,People also ask,100,0,0.51,2,0,11,,https://www.cruiseaway.com.au/cruises/red-sea-cruises,2026-04-13 17:43:27
cruises new york,AU,Australia,English,New York (Location),false,true,false,true,true,false,"Local pack, People also ask",30,0,0.51,2,0,6,,https://www.cruiseaway.com.au/cruises/canada-usa-east-coast/new-york,2026-04-09 10:06:05
cruises from nz,AU,Australia,English,New Zealand (Location),false,true,false,true,true,false,"Thumbnail, AI Overview, People also ask",40,3,0.52,2,0,7,,https://www.cruiseaway.com.au/cruises/new-zealand,2026-04-18 06:08:02
cruises around australia,AU,Australia,English,Australia (Location),false,false,false,true,true,false,"AI Overview, Thumbnail, People also ask, Discussions and forums, Video preview",1200,12,0.36,2,0,24,,https://www.cruiseaway.com.au/short-cruises,2026-04-28 13:37:57
cruises december 2024,AU,Australia,English,,false,false,false,true,true,false,"AI Overview, People also ask",100,57,0.42,2,0,12,,https://www.cruiseaway.com.au/,2026-05-08 08:58:19
cruise to europe from australia,AU,Australia,English,"Europe (Location), Australia (Location)",false,false,false,true,true,false,"Top ads, Paid sitelinks, AI Overview, People also ask, Discussions and forums",80,1,0.38,2,0,11,,https://www.cruiseaway.com.au/europe-ocean-cruises,2026-04-29 07:28:11
brisbane to new zealand cruises,AU,Australia,English,"Brisbane (Location), New Zealand (Location)",false,true,false,true,true,false,"Top ads, Paid sitelinks, Thumbnail, AI Overview, Bottom ads",40,0,,2,0,8,,https://www.cruiseaway.com.au/cruises-from-brisbane-to-new-zealand,2026-05-02 09:16:52
cruise deals from adelaide,AU,Australia,English,Adelaide (Location),false,true,false,true,true,false,AI Overview,40,2,0.20,2,0,8,,https://www.cruiseaway.com.au/last-minute-cruises-from-adelaide,2026-05-05 16:59:02
18 night transpacific cruise,AU,Australia,English,,false,false,false,true,true,true,AI Overview,10,0,,2,0,3,,https://www.cruiseaway.com.au/cruise/luxury-temples-glaciers-17853172,2026-05-10 10:28:58
cruise darwin to sydney,AU,Australia,English,,false,true,false,true,true,false,"AI Overview, People also ask",10,0,,2,0,3,,https://www.cruiseaway.com.au/cruises-from-darwin,2026-05-06 04:17:14
cruising from perth,AU,Australia,English,Perth (Location),false,true,false,true,true,false,"Thumbnail, Knowledge panel, Discussions and forums",10,1,,2,0,2,,https://www.cruiseaway.com.au/cruises/australia/perth,2026-05-06 11:12:23
cruises from sydney in april,AU,Australia,English,Sydney (Location),false,true,false,true,true,false,"Thumbnail, Bottom ads, Paid sitelinks",10,2,,2,0,2,,https://www.cruiseaway.com.au/april-cruises,2026-04-25 23:08:16
cruises from fort lauderdale,AU,Australia,English,Fort Lauderdale (Location),false,true,false,true,true,false,People also ask,100,0,0.52,2,0,11,,https://www.cruiseaway.com.au/cruises/canada-usa-east-coast/fort-lauderdale,2026-04-12 07:43:33
cruises to melbourne,AU,Australia,English,Melbourne (Location),false,true,false,true,true,false,"AI Overview, People also ask, Video preview",30,0,0.43,2,0,7,,https://www.cruiseaway.com.au/sydney-to-melbourne-cruise,2026-04-18 06:19:14
singapore to perth cruise,AU,Australia,English,,false,false,false,true,true,false,"AI Overview, People also ask",30,0,,2,0,7,,https://www.cruiseaway.com.au/cruises-from-singapore-to-australia,2026-05-01 23:47:53
tasmania cruises from melbourne,AU,Australia,English,Melbourne (Location),false,true,false,true,true,false,"Thumbnail, People also ask",30,0,0.27,2,0,6,,https://www.cruiseaway.com.au/cruises/australia/tasmania,2026-05-06 13:59:21
last minute cruises from singapore,AU,Australia,English,Singapore (Location),false,true,false,true,true,true,People also ask,30,3,0.37,2,0,6,,https://www.cruiseaway.com.au/cruises-from-singapore-to-australia,2026-04-25 12:23:53
dravuni,AU,Australia,,Dravuni Island (Location),false,false,false,true,false,false,"People also ask, Knowledge panel, Thumbnail",80,0,2.46,2,0,10,,https://www.cruiseaway.com.au/cruises/south-pacific/dravuni,2026-04-10 21:52:17
last minutes cruise,AU,Australia,English,,false,false,false,true,true,true,,50,4,,2,0,8,,https://www.cruiseaway.com.au/last-minute-cruises,2026-05-04 00:09:47
upcoming cruises,AU,Australia,English,,false,false,false,true,true,false,People also ask,70,45,0.45,2,0,10,,https://www.cruiseaway.com.au/cruises/australia/melbourne,2026-04-09 10:29:55
cruise tour packages,AU,Australia,English,,false,false,false,true,true,false,,70,53,0.57,2,0,10,,https://www.cruiseaway.com.au/fly-cruises,2026-04-30 23:21:02
cruises departing brisbane 2023,AU,Australia,English,Brisbane (Location),false,true,false,true,true,false,"AI Overview, Sitelinks",90,0,0.51,2,0,11,,https://www.cruiseaway.com.au/cruises/australia/brisbane,2026-04-10 07:37:02
2023 cruises from brisbane,AU,Australia,English,Brisbane (Location),false,true,false,true,true,false,"AI Overview, Sitelinks",90,0,0.45,2,0,11,,https://www.cruiseaway.com.au/cruises/australia/brisbane,2026-04-30 04:50:21
cruise ship around australia,AU,Australia,English,,false,false,false,true,true,false,"AI Overview, People also ask, Thumbnail, Video preview, Bottom ads, Paid sitelinks",70,11,0.35,2,0,10,,https://www.cruiseaway.com.au/cruises-around-australia-2027,2026-04-30 12:48:29
7 day cruise australia,AU,Australia,English,Australia (Location),false,true,false,true,true,false,"People also ask, Video preview",30,12,,2,0,5,,https://www.cruiseaway.com.au/7-day-cruises-from-sydney,2026-05-01 02:52:53
tokyo to vancouver cruise,AU,Australia,English,,false,false,false,true,true,false,Thumbnail,30,0,0.72,2,0,5,,https://www.cruiseaway.com.au/cruise/transpacific-from-yokohama-tokyo-japan-with-the-norwegian-jade-18145198,2026-05-07 10:46:13
crusie finder,AU,Australia,English,,false,false,false,true,true,false,"Top ads, Paid sitelinks",30,53,0.22,2,1,5,,https://www.cruiseaway.com.au/cruise-sale-finder,2026-04-13 10:55:11
world cruises from australia 2024,AU,Australia,English,,false,false,false,true,true,false,"Sitelinks, People also ask, Video preview",100,0,0.45,2,0,11,,https://www.cruiseaway.com.au/world-cruises-from-australia,2026-04-09 10:18:02
cruises qld,AU,Australia,English,Queensland (Location),false,true,false,true,true,false,AI Overview,40,0,0.45,2,0,8,,https://www.cruiseaway.com.au/cheap-cruises-from-brisbane,2026-04-26 01:24:24
cruises from brisbane australia,AU,Australia,English,Brisbane (Location),false,true,false,true,true,false,AI Overview,40,0,0.46,2,0,8,,https://www.cruiseaway.com.au/cruises/australia/brisbane,2026-04-15 18:39:17
cruise melbourne to brisbane,AU,Australia,English,,false,true,false,true,true,false,People also ask,40,9,0.23,2,0,7,,https://www.cruiseaway.com.au/short-cruises,2026-05-02 06:43:21
cruises from singapore to brisbane,AU,Australia,English,"Singapore (Location), Brisbane (Location)",false,true,false,true,true,false,"AI Overview, Thumbnail, People also ask",80,0,0.36,2,0,1,AI Overview,https://www.cruiseaway.com.au/singapore-to-brisbane-cruise-2026,2026-05-07 17:12:11
cruises from australia to hawaii,AU,Australia,English,Hawaii (Location),false,false,false,true,true,false,"AI Overview, People also ask",70,0,0.45,2,0,12,,https://www.cruiseaway.com.au/cruises-from-brisbane-to-hawaii,2026-05-08 20:15:34
2 day cruises from brisbane,AU,Australia,English,Brisbane (Location),false,true,false,true,true,false,"AI Overview, Thumbnail",50,0,,2,0,9,,https://www.cruiseaway.com.au/cruise/australia-from-brisbane-australia-with-the-crown-princess-16934363,2026-04-26 17:36:54
cruises around australia from brisbane,AU,Australia,English,Brisbane (Location),false,true,false,true,true,false,"Top ads, Paid sitelinks, AI Overview, Thumbnail, People also ask",50,0,,2,0,9,,https://www.cruiseaway.com.au/28-day-cruise-around-australia,2026-04-26 04:11:53
norway fjords cruise,AU,Australia,English,Norway Fjords (Location),false,false,false,true,true,false,"AI Overview, Thumbnail, People also ask, Video preview",200,3,0.81,2,0,15,,https://www.cruiseaway.com.au/cruises/norwegian-fjords,2026-02-08 00:30:04
cruises ex singapore,AU,Australia,English,Singapore (Location),false,true,false,true,true,false,AI Overview,20,3,,2,0,3,,https://www.cruiseaway.com.au/cruises-from-singapore-to-australia,2026-04-24 12:18:21
cheapest european river cruises,AU,Australia,English,,false,false,false,true,true,false,"AI Overview, Thumbnail, People also ask, Discussions and forums",20,0,,2,0,1,AI Overview,https://www.cruiseaway.com.au/cruises/european-river,2026-05-04 02:29:54
europe cruise from sydney,AU,Australia,English,Sydney (Location),false,true,false,true,true,false,"AI Overview, Thumbnail, People also ask",20,3,0.45,2,0,1,AI Overview,https://www.cruiseaway.com.au/cruise-from-australia-to-europe,2026-05-07 21:51:31
cruise ship to fiji,AU,Australia,English,Fiji (Location),false,false,false,true,true,false,"AI Overview, Thumbnail, Top ads, People also ask, Bottom ads, Paid sitelinks",20,0,0.45,2,0,1,AI Overview,https://www.cruiseaway.com.au/cruises-from-sydney-to-fiji,2026-04-17 13:18:07
3 night cruise sydney,AU,Australia,English,Sydney (Location),false,true,false,true,true,true,"AI Overview, Thumbnail, Video preview, Bottom ads, Paid sitelinks",20,1,,2,0,4,,https://www.cruiseaway.com.au/short-cruises,2026-04-28 22:05:12
cruise 3 nights,AU,Australia,English,,false,false,false,true,true,false,Thumbnail,20,2,,2,0,3,,https://www.cruiseaway.com.au/short-cruises,2026-04-19 00:56:17
3day cruise,AU,Australia,English,,false,false,false,true,true,false,,20,1,,2,0,5,,https://www.cruiseaway.com.au/3-day-cruises-from-melbourne,2026-05-02 21:17:59
lastminute cruises,AU,Australia,English,,false,false,false,true,true,true,"Top ads, Paid sitelinks, Bottom ads",60,6,,2,0,5,,https://www.cruiseaway.com.au/last-minute-cruises,2026-04-23 05:00:52
last minute cruises from miami,AU,Australia,English,Miami (Location),false,true,false,true,true,true,AI Overview,70,2,0.52,2,0,11,,https://www.cruiseaway.com.au/cruises/central-america/miami,2026-04-23 20:26:36
sydney to new zealand cruise time,AU,Australia,English,"Sydney (Location), New Zealand (Location)",false,true,false,true,false,false,"AI Overview, People also ask, Sitelinks",10,1,,2,0,4,,https://www.cruiseaway.com.au/cruises-from-sydney-to-new-zealand,2026-05-10 03:15:30
america cruises,AU,Australia,English,America (Location),false,false,false,true,true,false,"People also ask, Bottom ads",20,2,0.64,2,0,4,,https://www.cruiseaway.com.au/cruises/north-america,2026-04-16 01:51:03
santorini cruises,AU,Australia,English,Santorini (Location),false,true,false,true,true,false,"Top ads, Paid sitelinks, Thumbnail, People also ask, Bottom ads",20,0,1.18,2,0,4,,https://www.cruiseaway.com.au/cruises/mediterranean/santorini,2026-04-28 04:53:54
cruises usa,AU,Australia,English,USA (Location),false,false,false,true,true,false,"People also ask, Thumbnail",20,87,,2,0,4,,https://www.cruiseaway.com.au/cruises/usa-west-coast,2026-04-22 21:08:27
fremantle to exmouth cruise,AU,Australia,English,"Fremantle (Location), Exmouth (Location)",false,true,false,true,true,false,"Top ads, Paid sitelinks, Thumbnail",10,0,0.69,2,0,1,,https://www.cruiseaway.com.au/fremantle-to-exmouth-cruise,2026-05-10 09:35:00
cruises to new guinea from australia,AU,Australia,English,Papua New Guinea (Location),false,false,false,true,true,false,"AI Overview, People also ask",80,0,,2,0,11,,https://www.cruiseaway.com.au/cruises/papua-new-guinea,2026-05-08 21:25:31
family cruise holidays,AU,Australia,English,,false,false,false,true,true,false,"Thumbnail, Discussions and forums",50,0,0.46,2,0,8,,https://www.cruiseaway.com.au/family-cruises,2026-04-24 18:25:08
top end cruises australia,AU,Australia,English,"Top End (Location), Australia (Location)",false,false,false,true,true,false,"AI Overview, Thumbnail, People also ask",50,1,0.68,2,0,9,,https://www.cruiseaway.com.au/28-day-cruise-around-australia,2026-04-28 05:48:56
cruises from sydney to nz,AU,Australia,English,"Sydney (Location), New Zealand (Location)",false,true,false,true,true,false,"Top ads, Paid sitelinks, Thumbnail, AI Overview, People also ask, Bottom ads",30,1,,2,0,5,,https://www.cruiseaway.com.au/cruises-from-sydney-to-new-zealand,2026-04-28 04:45:53
cruise sydney to hong kong,AU,Australia,English,,false,false,false,true,true,false,AI Overview,30,0,,2,0,6,,https://www.cruiseaway.com.au/cruises/asia/hong-kong,2026-04-21 15:42:55
18+ cruises australia,AU,Australia,English,Australia (Location),false,true,false,true,true,false,"People also ask, Video preview",30,11,,2,0,5,,https://www.cruiseaway.com.au/cruises/adult-only-virgin-voyages,2026-04-10 17:07:06
indian cruise,AU,Australia,English,India (Location),false,false,false,true,true,false,"Thumbnail, Bottom ads, Paid sitelinks",30,1,0.50,2,0,5,,https://www.cruiseaway.com.au/cruises/india,2026-04-14 18:55:23
fiji cruises from brisbane,AU,Australia,English,Brisbane (Location),false,true,false,true,true,false,"Thumbnail, AI Overview, People also ask",30,0,0.24,2,0,6,,https://www.cruiseaway.com.au/cruises-to-fiji,2026-05-05 19:37:22
bahamas cruise,AU,Australia,English,Bahamas (Location),false,false,false,true,true,false,"Thumbnail, AI Overview, People also ask, Video preview",400,8,0.39,2,0,17,,https://www.cruiseaway.com.au/cruises/bahamas,2026-02-12 21:35:48
cruise 2023 from sydney,AU,Australia,English,Sydney (Location),false,true,false,true,true,false,"People also ask, Sitelinks",80,10,0.50,2,0,10,,https://www.cruiseaway.com.au/cruises/australia/sydney,2026-05-04 04:22:18
cruiseship,AU,Australia,English,,false,false,false,true,true,false,"Top stories, Thumbnail, People also ask",100,74,0.36,2,0,6,,https://www.cruiseaway.com.au/ships,2026-04-23 05:13:47
honolulu to sydney cruise 2024,AU,Australia,English,,false,true,false,true,true,false,"Sitelinks, People also ask, Video preview",20,0,,2,0,4,,https://www.cruiseaway.com.au/honolulu-to-sydney-cruise,2026-04-23 16:40:02
cruise to singapore from brisbane,AU,Australia,English,"Singapore (Location), Brisbane (Location)",false,true,false,true,true,false,"Top ads, Paid sitelinks, AI Overview, Thumbnail, People also ask",60,0,,2,0,10,,https://www.cruiseaway.com.au/singapore-to-brisbane-cruise-2026,2026-05-01 11:20:28
cruise melbourne to perth,AU,Australia,English,,false,true,false,true,true,false,People also ask,60,0,0.16,2,0,9,,https://www.cruiseaway.com.au/cruises/australia/melbourne,2026-04-27 11:21:52
cruises to the baltic,AU,Australia,English,Baltic (Location),false,false,false,true,true,false,"Top ads, Paid sitelinks, Thumbnail, AI Overview, People also ask",80,0,,2,0,12,,https://www.cruiseaway.com.au/cruises/scandinavia-baltic,2026-05-10 00:05:05
single person cruise,AU,Australia,English,,false,false,false,true,true,false,"Top ads, Paid sitelinks, Thumbnail, Video preview, People also ask",10,0,,2,0,2,,https://www.cruiseaway.com.au/singles-cruises,2026-04-14 22:02:02
cruise from brisbane 2023,AU,Australia,English,Brisbane (Location),false,true,false,true,true,false,"AI Overview, Sitelinks",90,0,0.41,2,0,11,,https://www.cruiseaway.com.au/cruises/australia/brisbane,2026-04-16 06:12:39
cryise deals,AU,Australia,English,,false,false,false,true,true,false,,30,41,,2,0,6,,https://www.cruiseaway.com.au/cruise-deals,2026-04-10 23:10:02
cruise tv australia,AU,Australia,English,Australia (Location),false,true,false,true,false,false,"AI Overview, People also ask, Sitelinks",30,0,,2,0,7,,https://www.cruiseaway.com.au/,2026-04-16 21:57:06
cruise from melbourne to cairns,AU,Australia,English,"Melbourne (Location), Cairns (Location)",false,true,false,true,true,false,"AI Overview, People also ask",50,0,,2,0,9,,https://www.cruiseaway.com.au/3-day-cruises-from-melbourne,2026-05-04 14:36:52
book a cruise sydney,AU,Australia,English,Sydney (Location),false,true,false,false,true,true,Thumbnail,80,41,0.63,2,0,10,,https://www.cruiseaway.com.au/cruises/australia/sydney,2026-04-15 03:16:24
cruises from stockholm,AU,Australia,English,Stockholm (Location),false,true,false,true,true,false,"AI Overview, People also ask",60,0,0.52,2,0,10,,https://www.cruiseaway.com.au/cruises/scandinavia-baltic/stockholm,2026-05-03 10:05:56
cruises from hawaii to brisbane,AU,Australia,English,"Hawaii (Location), Brisbane (Location)",false,true,false,true,true,false,"AI Overview, Thumbnail, People also ask, Video preview",10,0,,2,0,1,AI Overview,https://www.cruiseaway.com.au/cruises-from-brisbane-to-hawaii,2026-05-07 15:24:10
cruise from penang,AU,Australia,English,Penang (Location),false,true,false,true,true,false,"Top ads, Paid sitelinks, AI Overview, Thumbnail, People also ask",10,0,0.38,2,0,3,,https://www.cruiseaway.com.au/cruises/asia/penang,2026-04-16 15:12:25
cheapest cruises from melbourne,AU,Australia,English,Melbourne (Location),false,true,false,true,true,false,"Top ads, Paid sitelinks, People also ask, Thumbnail",10,0,,2,0,2,,https://www.cruiseaway.com.au/cruises/australia/melbourne,2026-04-16 12:12:52
best cruise search engine,AU,Australia,English,,false,false,false,true,true,false,"Top ads, Sitelinks, People also ask, Video preview, Bottom ads, Paid sitelinks",10,66,,2,0,2,,https://www.cruiseaway.com.au/,2026-04-15 21:52:24
cruise from lisbon,AU,Australia,English,Lisbon (Location),false,true,false,true,true,false,AI Overview,10,0,0.52,2,0,2,,https://www.cruiseaway.com.au/cruises/lisbon,2026-04-16 11:05:52
mediterranean cruise deals,AU,Australia,English,Mediterranean (Location),false,false,false,true,true,false,People also ask,80,2,0.95,2,0,10,,https://www.cruiseaway.com.au/celebrity-cruises-mediterranean,2026-04-29 19:43:40
sydney to la cruise,AU,Australia,English,,false,false,false,true,true,false,"AI Overview, Thumbnail, People also ask, Bottom ads, Paid sitelinks",100,0,0.49,2,0,12,,https://www.cruiseaway.com.au/cruise/transpacific-from-los-angeles-california-usa-with-the-grand-princess-18359831,2026-04-30 01:15:28
cruise from australia to thailand,AU,Australia,English,Thailand (Location),false,false,false,true,true,false,"AI Overview, Thumbnail, People also ask",20,0,,2,0,4,,https://www.cruiseaway.com.au/cruises-to-thailand,2026-04-19 05:11:35
cruise short trip,AU,Australia,English,,false,false,false,true,true,false,"Top ads, Paid sitelinks, Thumbnail",20,2,,2,0,3,,https://www.cruiseaway.com.au/short-cruises,2026-04-14 10:22:03
cruising for singles,AU,Australia,English,,false,false,false,true,true,true,"AI Overview, Thumbnail, People also ask, Knowledge panel, Video preview, Sitelinks",20,1,,2,0,1,AI Overview,https://www.cruiseaway.com.au/singles-cruises,2026-04-21 20:57:48
cruise mystery island,AU,Australia,English,Mystery Island (Location),false,false,false,true,true,false,"Thumbnail, People also ask, Discussions and forums",20,0,,2,0,3,,https://www.cruiseaway.com.au/cruises/south-pacific/mystery-island,2026-04-18 08:07:32
cruise family of 5,AU,Australia,English,,false,false,false,true,true,false,"Top ads, Paid sitelinks, Sitelinks, Thumbnail, People also ask, Discussions and forums, Bottom ads",20,0,,2,0,3,,https://www.cruiseaway.com.au/family-cruises,2026-05-05 18:50:09
best cruise prices,AU,Australia,English,,false,false,false,true,true,false,"AI Overview, Thumbnail, Video preview, People also ask",20,55,0.55,2,0,1,AI Overview,https://www.cruiseaway.com.au/cheap-cruises,2026-05-07 23:51:59
sydney to greece cruise,AU,Australia,English,"Sydney (Location), Greece (Location)",false,true,false,true,true,false,People also ask,20,0,0.51,2,0,3,,https://www.cruiseaway.com.au/cruises-to-greece,2026-05-08 03:44:26
cruises to new zealand from sydney 2024,AU,Australia,English,"New Zealand (Location), Sydney (Location)",false,true,false,true,true,false,"Thumbnail, Sitelinks, People also ask",30,0,,2,0,5,,https://www.cruiseaway.com.au/cruise/new-zealand-from-sydney-australia-with-the-carnival-splendor-16931468,2026-05-07 00:42:49
cruises from melbourne to melbourne,AU,Australia,English,Melbourne (Location),false,true,false,true,true,false,"Top ads, Paid sitelinks, Thumbnail",30,0,,2,0,5,,https://www.cruiseaway.com.au/melbourne-to-melbourne-cruise,2026-05-10 10:23:19
cruise bargains,AU,Australia,English,,false,false,false,true,true,false,Thumbnail,40,42,0.45,2,0,7,,https://www.cruiseaway.com.au/cheap-cruises,2026-04-09 14:55:28
family cruises from adelaide,AU,Australia,English,Adelaide (Location),false,true,false,true,true,false,"AI Overview, Thumbnail, Sitelinks, People also ask",40,0,0.29,2,0,8,,https://www.cruiseaway.com.au/family-cruises,2026-05-09 09:36:23
island cruises from melbourne,AU,Australia,English,Melbourne (Location),false,true,false,true,true,false,"Thumbnail, People also ask",30,0,,2,0,6,,https://www.cruiseaway.com.au/cruises/australia/melbourne,2026-04-16 15:18:53
cruises from aus,AU,Australia,English,Australia (Location),false,true,false,true,true,false,"Thumbnail, Bottom ads, Paid sitelinks",30,44,,2,0,6,,https://www.cruiseaway.com.au/cruises/australia,2026-04-24 05:59:28
caribbean cruise ships,AU,Australia,English,Caribbean (Location),false,false,false,true,true,false,"Top ads, Paid sitelinks, AI Overview, People also ask, Thumbnail, Discussions and forums, Top stories, Bottom ads",90,49,0.64,2,0,12,,https://www.cruiseaway.com.au/cruiseline/royal-caribbean-cruises,2026-05-02 11:55:53
cruise in adelaide,AU,Australia,English,Adelaide (Location),false,true,false,true,true,false,"Local pack, People also ask, Bottom ads",60,29,0.23,2,0,10,,https://www.cruiseaway.com.au/cruises/adelaide,2026-04-10 00:26:02
cruise trips australia,AU,Australia,English,Australia (Location),false,true,false,true,true,false,"Top ads, Thumbnail",30,62,0.46,2,0,7,,https://www.cruiseaway.com.au/cruises/australia,2026-04-16 01:02:52
cheap south pacific cruises,AU,Australia,English,South Pacific (Location),false,false,false,true,true,false,"AI Overview, People also ask",50,1,2.07,2,0,9,,https://www.cruiseaway.com.au/cruises-from-sydney-to-south-pacific,2026-05-07 21:53:56
cruises to st. thomas,AU,Australia,English,St. Thomas (Location),false,true,false,true,true,false,People also ask,80,0,,2,0,10,,https://www.cruiseaway.com.au/cruises/caribbean/st-thomas,2026-04-16 06:18:04
kangaroo island from melbourne,AU,Australia,English,"Kangaroo Island (Location), Melbourne (Location)",false,true,false,true,false,false,People also ask,80,0,0.83,2,0,10,,https://www.cruiseaway.com.au/cruise-to-kangaroo-island-from-melbourne,2026-04-30 16:18:58
december cruise from sydney,AU,Australia,English,Sydney (Location),false,true,false,true,true,false,"Top ads, Thumbnail, Bottom ads, Paid sitelinks",40,5,,2,0,7,,https://www.cruiseaway.com.au/cruises-from-sydney-december-2026,2026-04-30 03:31:51
cruises in perth,AU,Australia,English,Perth (Location),false,true,false,true,true,false,People also ask,40,1,0.29,2,0,7,,https://www.cruiseaway.com.au/cruises/australia/perth,2026-05-02 01:28:11
cruise christmas,AU,Australia,English,Christmas (Event),false,false,false,true,true,false,"People also ask, Video preview",70,0,0.52,2,0,10,,https://www.cruiseaway.com.au/royal-caribbean-christmas-cruise-2026-australia,2026-04-11 06:21:48
singles cruises brisbane,AU,Australia,English,Brisbane (Location),false,true,false,true,true,false,"Sitelinks, People also ask",10,0,,2,0,1,,https://www.cruiseaway.com.au/singles-cruises,2026-04-25 04:05:43
august cruise,AU,Australia,English,,false,false,false,true,true,false,AI Overview,20,24,,2,0,6,,https://www.cruiseaway.com.au/august-cruises,2026-05-02 16:13:13
fremantle to albany cruise,AU,Australia,English,"Fremantle (Location), Albany (Location)",false,true,false,true,true,true,People also ask,20,0,,2,0,5,,https://www.cruiseaway.com.au/cruises/australia/albany,2026-05-05 05:02:53
cruises booking,AU,Australia,English,,false,false,false,true,true,true,,20,67,0.30,2,0,5,,https://www.cruiseaway.com.au/,2026-05-03 03:36:33
fiordland national park cruise,AU,Australia,English,Fiordland National Park (Location),false,false,false,true,true,false,"Local pack, Thumbnail",30,0,0.62,2,0,7,,https://www.cruiseaway.com.au/cruises/new-zealand/fiordland-national-park,2026-04-26 18:22:02
cruise singapore to melbourne,AU,Australia,English,,false,false,false,true,true,false,People also ask,30,0,,2,0,6,,https://www.cruiseaway.com.au/cruises-from-singapore-to-australia,2026-05-06 17:18:01
last minute crusies,AU,Australia,English,,false,false,false,true,true,true,People also ask,30,1,0.25,2,0,6,,https://www.cruiseaway.com.au/last-minute-cruises,2026-04-12 05:43:17
singapore to thailand cruise,AU,Australia,English,"Singapore (Location), Thailand (Location)",false,true,false,true,true,false,"AI Overview, Thumbnail, People also ask",40,0,,2,0,1,AI Overview,https://www.cruiseaway.com.au/cruises-to-thailand,2026-04-22 06:43:21
cruise 2023 from brisbane,AU,Australia,English,Brisbane (Location),false,true,false,true,true,false,Sitelinks,80,0,0.43,2,0,10,,https://www.cruiseaway.com.au/cruises/australia/brisbane,2026-04-17 22:05:43
cruises from singapore to fremantle,AU,Australia,English,"Singapore (Location), Fremantle (Location)",false,true,false,true,true,false,"AI Overview, People also ask",50,0,0.42,2,0,9,,https://www.cruiseaway.com.au/cruise/south-east-asia-from-singapore-singapore-with-the-sapphire-princess-18603726,2026-05-10 06:48:46
easter cruises from brisbane,AU,Australia,English,Brisbane (Location),false,true,false,true,true,false,Video preview,60,0,,2,0,9,,https://www.cruiseaway.com.au/april-cruises,2026-05-10 13:57:50
christmas cruises 2024,AU,Australia,English,,false,false,false,true,true,false,"AI Overview, People also ask",20,0,0.41,2,0,5,,https://www.cruiseaway.com.au/christmas-cruises,2026-05-03 12:49:51
cruises 2025 from australia,AU,Australia,English,Australia (Location),false,false,false,true,true,false,AI Overview,20,64,0.45,2,0,5,,https://www.cruiseaway.com.au/cruises/australia,2026-05-09 11:49:26
cruise departing from melbourne,AU,Australia,English,Melbourne (Location),false,true,false,true,true,false,"AI Overview, Thumbnail",20,0,0.63,2,0,5,,https://www.cruiseaway.com.au/cruises/australia/melbourne,2026-04-20 11:18:47
sampler cruise from sydney,AU,Australia,English,Sydney (Location),false,true,false,true,true,false,"Top ads, Paid sitelinks, Thumbnail",20,1,,2,0,4,,https://www.cruiseaway.com.au/short-cruises,2026-05-01 07:41:29
all inclusive cruises 2023,AU,Australia,English,,false,false,false,true,true,false,"AI Overview, People also ask",20,64,0.50,2,0,5,,https://www.cruiseaway.com.au/all-inclusive,2026-05-09 05:50:39
overseas cruises,AU,Australia,English,,false,false,false,true,true,false,"AI Overview, Sitelinks, People also ask",40,58,0.57,2,0,8,,https://www.cruiseaway.com.au/fly-cruises,2026-05-05 06:23:29
vietnam cruises,AU,Australia,English,Vietnam (Location),false,false,false,true,true,false,"AI Overview, Thumbnail, Video preview, Image pack",900,0,0.68,2,0,24,,https://www.cruiseaway.com.au/cruises/vietnam-cruises,2026-05-08 23:42:09
cruise from melbourne,AU,Australia,English,Melbourne (Location),false,true,false,true,true,false,"Thumbnail, Video preview",2500,0,0.23,2,0,9,,https://www.cruiseaway.com.au/cruises/australia/melbourne,2026-05-09 15:22:11
cruise ticket,AU,Australia,English,,false,false,false,true,true,false,People also ask,50,50,0.46,2,0,8,,https://www.cruiseaway.com.au/cheap-cruises,2026-04-29 09:57:17
aus to nz cruise,AU,Australia,English,,false,false,false,true,true,false,"AI Overview, Thumbnail, People also ask, Bottom ads, Paid sitelinks",50,1,0.45,2,0,9,,https://www.cruiseaway.com.au/cruises-from-sydney-to-new-zealand,2026-04-14 20:29:18
long weekend cruise,AU,Australia,English,,false,false,false,true,true,false,,20,2,,2,0,3,,https://www.cruiseaway.com.au/short-cruises,2026-05-02 02:34:01
cruises melbourne to sydney,AU,Australia,English,,false,true,false,true,true,false,"Thumbnail, AI Overview",20,0,,2,0,4,,https://www.cruiseaway.com.au/melbourne-to-sydney-cruise,2026-05-09 22:46:19
buy cruise,AU,Australia,English,,false,false,false,false,true,true,Sitelinks,10,61,0.52,2,0,1,,https://www.cruiseaway.com.au/,2026-04-25 18:41:30
unsold cruises,AU,Australia,English,,false,false,false,true,true,true,People also ask,10,3,,2,0,2,,https://www.cruiseaway.com.au/last-minute-cruises,2026-04-17 02:48:53
australia to greece cruise,AU,Australia,English,,false,false,false,true,true,false,"AI Overview, People also ask, Bottom ads, Paid sitelinks",10,0,0.49,2,0,3,,https://www.cruiseaway.com.au/cruises-to-greece,2026-05-04 10:03:17
best cruises for singles,AU,Australia,English,,false,false,false,true,true,false,"AI Overview, Thumbnail, People also ask, Video preview",10,2,0.57,2,0,3,,https://www.cruiseaway.com.au/singles-cruises,2026-04-19 15:11:58
cheap 3 day cruises,AU,Australia,English,,false,false,false,true,true,false,"People also ask, Bottom ads, Paid sitelinks",10,3,0.46,2,0,2,,https://www.cruiseaway.com.au/short-cruises,2026-04-28 20:54:53
3 day cruise from brisbane to cairns,AU,Australia,English,"Brisbane (Location), Cairns (Location)",false,true,false,true,true,false,"Top ads, AI Overview, Thumbnail, People also ask",60,0,0.37,2,0,10,,https://www.cruiseaway.com.au/short-cruises,2026-05-09 16:26:01
cruise to bali from sydney,AU,Australia,English,"Bali (Location), Sydney (Location)",false,true,false,true,true,false,"Top ads, Paid sitelinks, AI Overview, Thumbnail, People also ask, Bottom ads",60,0,,2,1,10,,https://www.cruiseaway.com.au/cruises/asia/bali,2026-05-06 05:42:34
longest cruise,AU,Australia,English,,false,false,false,true,false,false,"AI Overview, Thumbnail, People also ask, Sitelinks, Bottom ads, Paid sitelinks",70,1,,2,0,11,,https://www.cruiseaway.com.au/princess-cruises-world-cruise-2026,2026-04-21 18:19:02
3 night cruises from sydney,AU,Australia,English,Sydney (Location),false,true,false,true,true,false,"AI Overview, Thumbnail",70,1,0.39,2,0,11,,https://www.cruiseaway.com.au/short-cruises,2026-04-22 11:48:37
cruises to airlie beach from brisbane,AU,Australia,English,"Airlie Beach (Location), Brisbane (Location)",false,true,false,true,true,false,"AI Overview, Thumbnail, People also ask",70,0,,2,0,11,,https://www.cruiseaway.com.au/cruises/australia/airlie-beach,2026-04-18 06:32:35
adult cruise,AU,Australia,English,,false,false,false,true,true,false,"AI Overview, Thumbnail, Video preview, Sitelinks, People also ask, Discussions and forums",90,15,0.38,2,0,12,,https://www.cruiseaway.com.au/cruises/adult-only-virgin-voyages,2026-04-28 06:21:25
cruise june,AU,Australia,English,,false,false,false,true,true,false,,40,10,0.45,2,0,7,,https://www.cruiseaway.com.au/june-cruises,2026-04-12 16:43:02
cruise to bali from brisbane,AU,Australia,English,"Bali (Location), Brisbane (Location)",false,true,false,true,true,false,"AI Overview, People also ask, Thumbnail",20,0,,2,0,7,,https://www.cruiseaway.com.au/cruises/asia/bali,2026-04-14 22:13:01
2 night cruises from brisbane,AU,Australia,English,Brisbane (Location),false,true,false,true,true,true,"AI Overview, Thumbnail",30,0,,2,0,8,,https://www.cruiseaway.com.au/cruise/australia-from-brisbane-australia-with-the-crown-princess-16934363,2026-04-17 12:03:55
cruises over christmas,AU,Australia,English,,false,false,false,true,true,false,People also ask,50,0,0.45,2,0,8,,https://www.cruiseaway.com.au/christmas-cruises-from-sydney-2026,2026-05-08 11:10:05
south pacific cruises from melbourne,AU,Australia,English,Melbourne (Location),false,true,false,true,true,false,"AI Overview, Thumbnail, People also ask, Bottom ads, Paid sitelinks",60,0,0.27,2,0,8,,https://www.cruiseaway.com.au/cruises/australia/melbourne,2026-04-23 18:06:59
how much does it cost to go on a cruise,AU,Australia,English,,false,false,false,true,false,false,"AI Overview, Thumbnail, People also ask, Sitelinks, Video preview, Bottom ads, Paid sitelinks",20,17,0.45,2,0,6,,https://www.cruiseaway.com.au/cruises/australia,2026-04-10 08:55:43
cruises june,AU,Australia,English,,false,false,false,true,true,false,AI Overview,20,12,0.45,2,0,6,,https://www.cruiseaway.com.au/june-cruises,2026-04-27 09:01:21
cruise in singapore,AU,Australia,English,Singapore (Location),false,true,false,true,true,false,"AI Overview, Video preview, Thumbnail, Top ads, Paid sitelinks, People also ask, Bottom ads",20,1,0.18,2,0,1,AI Overview,https://www.cruiseaway.com.au/cruises-from-singapore-to-australia,2026-04-26 07:21:03
smaller cruise ships,AU,Australia,English,,false,false,false,true,false,false,"AI Overview, Video preview, Thumbnail, People also ask",20,0,,2,0,1,AI Overview,https://www.cruiseaway.com.au/small-ship-cruises,2026-05-08 01:57:38
october cruises from brisbane,AU,Australia,English,Brisbane (Location),false,true,false,true,true,false,,60,0,,2,0,9,,https://www.cruiseaway.com.au/cruises/australia/brisbane,2026-05-09 23:44:46
norwegian fjord cruise,AU,Australia,English,Norwegian Fjord (Location),false,false,false,true,true,false,"AI Overview, People also ask",70,3,1.75,2,0,11,,https://www.cruiseaway.com.au/cruises/norwegian-fjords,2026-04-27 14:19:48
japan cruises from australia,AU,Australia,English,,false,false,false,true,true,false,"AI Overview, Thumbnail, People also ask, Discussions and forums",90,0,,2,0,12,,https://www.cruiseaway.com.au/cruise/ultimate-autumn-in-japan-18297062,2026-05-03 19:31:32
cruises fiji,AU,Australia,English,Fiji (Location),false,true,false,true,true,false,"Thumbnail, Local pack, People also ask, Discussions and forums",90,0,0.45,2,0,12,,https://www.cruiseaway.com.au/cruises-from-sydney-to-fiji,2026-05-06 18:02:03
cruises from perth to broome,AU,Australia,English,"Perth (Location), Broome (Location)",false,true,false,true,true,false,"AI Overview, People also ask",60,0,0.46,2,0,10,,https://www.cruiseaway.com.au/cruises/australia/broome,2026-04-17 01:17:11
south australia cruise,AU,Australia,English,South Australia (Location),false,true,false,true,true,false,Local pack,40,0,0.52,2,0,8,,https://www.cruiseaway.com.au/cruises/adelaide,2026-04-21 18:51:27
3 day boat cruise,AU,Australia,English,,false,false,false,true,true,false,"Thumbnail, People also ask",10,2,0.45,2,0,3,,https://www.cruiseaway.com.au/3-day-cruises-from-melbourne,2026-05-05 03:53:02
alaska cruise prices,AU,Australia,English,,false,false,false,true,true,false,"People also ask, Thumbnail",10,0,0.85,2,0,3,,https://www.cruiseaway.com.au/cruises/alaska-cruise,2026-05-05 20:06:04
are cruises all inclusive,AU,Australia,English,,false,false,false,true,false,false,"AI Overview, Thumbnail, People also ask",20,0,,2,0,5,,https://www.cruiseaway.com.au/all-inclusive,2026-04-29 22:10:53
short cruises out of melbourne,AU,Australia,English,Melbourne (Location),false,true,false,true,true,false,"AI Overview, Thumbnail",20,0,,2,0,5,,https://www.cruiseaway.com.au/short-cruises-from-melbourne,2026-04-25 23:47:16
cruise to london,AU,Australia,English,London (Location),false,true,false,true,true,false,"AI Overview, Thumbnail, People also ask",20,0,0.56,2,0,5,,https://www.cruiseaway.com.au/cruises/london,2026-04-14 23:47:27
sydney to newzealand cruise,AU,Australia,English,"Sydney (Location), New Zealand (Location)",false,true,false,true,true,false,"Top ads, Paid sitelinks, Thumbnail, AI Overview, People also ask, Bottom ads",20,1,,2,0,4,,https://www.cruiseaway.com.au/cruises-from-sydney-to-new-zealand,2026-05-10 22:29:10
new years cruise brisbane,AU,Australia,English,Brisbane (Location),false,true,false,true,true,true,"Top ads, Paid sitelinks, Thumbnail",20,0,0.46,2,0,4,,https://www.cruiseaway.com.au/new-years-eve-cruises,2026-05-05 07:50:49
cruise ships leaving melbourne,AU,Australia,English,Melbourne (Location),false,true,false,true,true,false,"Top ads, Paid sitelinks, AI Overview",20,1,,2,0,5,,https://www.cruiseaway.com.au/cruises/australia/melbourne,2026-04-27 22:16:29
last minute cruises from new orleans,AU,Australia,English,New Orleans (Location),false,true,false,true,true,true,"People also ask, Discussions and forums",60,0,,2,0,10,,https://www.cruiseaway.com.au/cruises/american-rivers-/new-orleans,2026-04-25 17:34:17
airlie cruise,AU,Australia,English,Airlie Beach (Location),false,true,false,true,true,false,"Top ads, Paid sitelinks, Thumbnail, People also ask",40,0,0.71,2,0,7,,https://www.cruiseaway.com.au/cruises/australia/airlie-beach,2026-04-30 08:35:28
transpacific cruises from australia,AU,Australia,English,Australia (Location),false,false,false,true,true,false,"AI Overview, Thumbnail, People also ask",40,0,0.47,2,0,8,,https://www.cruiseaway.com.au/cruises/transpacific-cruise,2026-04-18 20:15:45
cruises to bali from australia,AU,Australia,English,"Bali (Location), Australia (Location)",false,true,false,true,true,false,"Top ads, Paid sitelinks, AI Overview, Thumbnail, People also ask",40,0,0.42,2,0,8,,https://www.cruiseaway.com.au/cruises-from-perth-fremantle-to-bali,2026-04-26 23:25:33
cruise sydney tasmania,AU,Australia,English,"Sydney (Location), Tasmania (Location)",false,true,false,true,true,false,"AI Overview, People also ask",30,0,,2,0,7,,https://www.cruiseaway.com.au/cruises-from-sydney-to-tasmania-2026,2026-04-10 09:20:17
last minute cruises from sydney 2023,AU,Australia,English,Sydney (Location),false,true,false,true,true,true,"AI Overview, People also ask",30,0,0.34,2,0,7,,https://www.cruiseaway.com.au/last-minute-cruises-from-sydney,2026-05-06 12:23:21
cruise sale brisbane,AU,Australia,English,Brisbane (Location),false,true,false,true,true,true,,30,2,0.52,2,0,6,,https://www.cruiseaway.com.au/cheap-cruises-from-brisbane,2026-04-20 03:26:56
cruises from sydney january 2024,AU,Australia,English,Sydney (Location),false,true,false,true,true,false,"Sitelinks, People also ask, Video preview",30,34,,2,0,6,,https://www.cruiseaway.com.au/january-cruises,2026-05-01 14:58:36
cruise to tahiti from australia,AU,Australia,English,Tahiti (Location),false,false,false,true,true,false,"AI Overview, Thumbnail, People also ask",90,0,0.50,2,0,12,,https://www.cruiseaway.com.au/cruises/south-pacific/papeete-tahiti,2026-04-15 20:24:43
asia cruises with flights included,AU,Australia,English,,false,false,false,true,true,false,"AI Overview, Thumbnail",50,0,,2,0,10,,https://www.cruiseaway.com.au/cruise/hong-kong-vietnam-thailand-singapore-18046403,2026-05-09 03:40:45
tahiti cruises from papeete,AU,Australia,English,Papeete (Location),false,true,false,true,true,false,"Top ads, Paid sitelinks, Discussions and forums",20,12,,2,0,6,,https://www.cruiseaway.com.au/cruises/south-pacific/papeete-tahiti,2026-05-08 13:30:52
pride cruise,AU,Australia,English,Pride Cruise (Event),false,false,false,true,true,false,,20,15,0.41,2,0,6,,https://www.cruiseaway.com.au/ship/carnival-pride,2026-04-17 01:01:53
3 nights cruise from sydney,AU,Australia,English,Sydney (Location),false,true,false,true,true,false,Video preview,40,1,,2,0,8,,https://www.cruiseaway.com.au/short-cruises,2026-05-02 15:20:19
mystrey island,AU,Australia,English,Mystery Island (Location),false,false,false,true,false,false,"AI Overview, Video preview, Thumbnail, People also ask",20,0,,2,0,6,,https://www.cruiseaway.com.au/cruises/south-pacific/mystery-island,2026-04-27 18:36:29
melbourne kangaroo island cruise,AU,Australia,English,"Melbourne (Location), Kangaroo Island (Location)",false,true,false,true,true,false,"Top ads, AI Overview, Thumbnail, People also ask, Video preview",20,0,,2,0,6,,https://www.cruiseaway.com.au/cruise-to-kangaroo-island-from-melbourne,2026-04-23 06:05:01
cruise trips from sydney,AU,Australia,English,Sydney (Location),false,true,false,true,true,false,"Top ads, Thumbnail",70,13,0.47,2,0,10,,https://www.cruiseaway.com.au/cruises/australia/sydney,2026-05-02 13:03:28
three day cruise from sydney,AU,Australia,English,Sydney (Location),false,true,false,true,true,false,"Top ads, Discussions and forums, Video preview",70,1,,2,0,10,,https://www.cruiseaway.com.au/short-cruises,2026-05-11 14:23:46
low deposit cruises,AU,Australia,English,,false,false,false,true,true,false,"Top ads, Paid sitelinks, Thumbnail",10,26,0.69,2,1,3,,https://www.cruiseaway.com.au/zones/princess-1-deposits,2026-04-29 21:53:27
cheap brisbane cruises,AU,Australia,English,Brisbane (Location),false,true,false,true,true,false,"AI Overview, People also ask",10,2,,2,0,3,,https://www.cruiseaway.com.au/cheap-cruises-from-brisbane,2026-05-04 06:53:41
sydney to canada cruise,AU,Australia,English,"Sydney (Location), Canada (Location)",false,true,false,true,true,false,"AI Overview, Thumbnail, Top ads, Paid sitelinks, Bottom ads",10,0,0.43,2,0,1,AI Overview,https://www.cruiseaway.com.au/cruises/vancouver,2026-05-08 13:41:35
cruise to singapore from perth,AU,Australia,English,"Singapore (Location), Perth (Location)",false,true,false,true,true,false,"Thumbnail, People also ask",10,0,,2,0,3,,https://www.cruiseaway.com.au/cruises-from-perth-to-singapore,2026-05-07 15:08:40
cruise australia to bali,AU,Australia,English,"Australia (Location), Bali (Location)",false,false,false,true,true,false,"AI Overview, Thumbnail, People also ask, Bottom ads, Paid sitelinks",10,0,,2,0,4,,https://www.cruiseaway.com.au/cruises-from-perth-fremantle-to-bali,2026-04-24 11:33:27
cruise to figi,AU,Australia,English,Fiji (Location),false,false,false,true,true,false,"Top ads, Paid sitelinks, Thumbnail, AI Overview, People also ask, Discussions and forums, Bottom ads",10,0,,2,0,3,,https://www.cruiseaway.com.au/cruises-from-sydney-to-fiji,2026-05-03 05:28:53
all inclusive cruise from melbourne,AU,Australia,English,Melbourne (Location),false,true,false,true,true,false,"AI Overview, People also ask",10,1,,2,0,4,,https://www.cruiseaway.com.au/cruises/australia/melbourne,2026-04-23 22:42:41
cruise hong kong to australia,AU,Australia,English,"Hong Kong (Location), Australia (Location)",false,true,false,true,true,false,"AI Overview, People also ask",10,0,0.46,2,0,4,,https://www.cruiseaway.com.au/cruise/australia-from-hong-kong-china-with-the-carnival-luminosa-18556819,2026-04-22 10:22:05
boat cruise from melbourne,AU,Australia,English,Melbourne (Location),false,true,false,true,true,false,"Top ads, Paid sitelinks, Thumbnail, AI Overview, Local pack, Bottom ads",10,2,,2,0,4,,https://www.cruiseaway.com.au/cruises/australia/melbourne,2026-04-12 11:07:28
boat cruises from brisbane,AU,Australia,English,Brisbane (Location),false,true,false,true,true,false,"Thumbnail, People also ask",30,0,0.31,2,0,7,,https://www.cruiseaway.com.au/cruises/australia/brisbane,2026-04-13 22:49:32
short cruises brisbane,AU,Australia,English,Brisbane (Location),false,true,false,true,true,false,AI Overview,30,0,,2,0,8,,https://www.cruiseaway.com.au/short-cruises-from-brisbane-2026,2026-05-06 19:31:50
last minute river cruises,AU,Australia,English,,false,false,false,true,true,true,"Top ads, Paid sitelinks, AI Overview, Thumbnail, People also ask, Discussions and forums",30,1,0.47,2,0,1,AI Overview,https://www.cruiseaway.com.au/river-cruises,2026-05-01 14:02:28
cruise deals from australia,AU,Australia,English,Australia (Location),false,true,false,true,true,true,"Top ads, Paid sitelinks",30,32,0.60,2,0,7,,https://www.cruiseaway.com.au/last-minute-cruises,2026-04-30 05:58:28
cruises 2023,AU,Australia,English,,false,false,false,true,true,false,"Sitelinks, People also ask",30,41,0.45,2,0,7,,https://www.cruiseaway.com.au/cruises,2026-04-29 11:48:28
5 day cruise from brisbane,AU,Australia,English,Brisbane (Location),false,true,false,true,true,false,"Top ads, AI Overview, People also ask, Bottom ads, Paid sitelinks",80,2,,2,0,12,,https://www.cruiseaway.com.au/short-cruises,2026-04-29 20:18:20
2 day cruises from sydney,AU,Australia,English,Sydney (Location),false,true,false,true,true,false,"AI Overview, Thumbnail",50,2,0.38,2,0,10,,https://www.cruiseaway.com.au/short-cruises,2026-04-19 13:24:32
cruises ship,AU,Australia,English,,false,false,false,true,true,false,,20,34,,2,0,5,,https://www.cruiseaway.com.au/ships,2026-04-23 15:47:28
2 night cruise melbourne,AU,Australia,English,Melbourne (Location),false,true,false,true,true,false,"AI Overview, Thumbnail",10,0,,2,0,1,AI Overview,https://www.cruiseaway.com.au/short-cruises-from-melbourne,2026-04-26 12:36:08
cruising solo,AU,Australia,English,,false,false,false,true,true,false,"AI Overview, Video preview, Thumbnail, Discussions and forums, Knowledge panel, People also ask, Sitelinks",10,0,,2,0,3,,https://www.cruiseaway.com.au/singles-cruises,2026-05-06 19:18:44
ship cruises perth,AU,Australia,English,Perth (Location),false,true,false,true,true,false,"AI Overview, Sitelinks",10,1,,2,0,3,,https://www.cruiseaway.com.au/cruises/australia/perth,2026-04-14 09:17:28
last minutes cruises,AU,Australia,English,,false,false,false,true,true,true,"Thumbnail, People also ask",70,6,,2,0,11,,https://www.cruiseaway.com.au/last-minute-cruises,2026-04-15 23:04:15
cruises from bayonne,AU,Australia,English,Bayonne (Location),false,true,false,true,true,false,People also ask,70,0,,2,0,11,,https://www.cruiseaway.com.au/cruise/caribbean-from-cape-liberty-bayonne-new-jersey-usa-with-the-odyssey-of-the-seas-16896687,2026-04-18 18:40:02
crusies from brisbane,AU,Australia,English,Brisbane (Location),false,true,false,true,true,false,"Top ads, Paid sitelinks, People also ask, Bottom ads",50,0,,2,0,9,,https://www.cruiseaway.com.au/cruises/australia/brisbane,2026-04-19 03:27:52
australian cruise companies,AU,Australia,English,,false,false,false,true,true,false,"AI Overview, Thumbnail, People also ask, Knowledge panel, Discussions and forums",50,51,0.53,2,0,1,AI Overview,https://www.cruiseaway.com.au/cruise-lines,2026-04-22 15:38:32
cruise search australia,AU,Australia,English,Australia (Location),false,true,false,true,true,false,"Top ads, Paid sitelinks, Thumbnail",50,67,0.49,2,0,9,,https://www.cruiseaway.com.au/,2026-05-03 12:16:53
cruises circumnavigating australia,AU,Australia,English,Australia (Location),false,false,false,true,true,false,"AI Overview, People also ask, Discussions and forums, Video preview",20,0,0.46,2,0,5,,https://www.cruiseaway.com.au/cruises-around-australia-2027,2026-05-10 11:14:04
cruise newzealand,AU,Australia,English,New Zealand (Location),false,false,false,true,true,false,,20,7,,2,0,4,,https://www.cruiseaway.com.au/new-zealand-cruise-deals,2026-05-01 07:16:25
half world cruise,AU,Australia,English,,false,false,false,true,true,false,"AI Overview, Thumbnail, People also ask",10,0,0.44,2,0,6,,https://www.cruiseaway.com.au/cruise/magnificent-half-world-voyage-18166907,2026-05-05 10:09:02
cruises from australia,AU,Australia,English,Australia (Location),false,true,false,true,true,false,"Thumbnail, People also ask, Discussions and forums, Video preview",900,44,0.43,2,0,23,,https://www.cruiseaway.com.au/cruises-under-999,2026-04-26 08:55:04
cruises from melbourne to sydney,AU,Australia,English,"Melbourne (Location), Sydney (Location)",false,true,false,true,true,false,"Thumbnail, People also ask",30,0,,2,0,7,,https://www.cruiseaway.com.au/melbourne-to-sydney-cruise,2026-05-03 12:59:03
cruises to western australia,AU,Australia,English,Western Australia (Location),false,true,false,true,true,false,"AI Overview, People also ask",20,0,,2,0,7,,https://www.cruiseaway.com.au/cruises/western-australia,2026-04-14 18:04:08
cruise from singapore to perth,AU,Australia,English,"Singapore (Location), Perth (Location)",false,true,false,true,true,true,"AI Overview, Thumbnail, People also ask, Bottom ads, Paid sitelinks",20,0,,2,1,6,,https://www.cruiseaway.com.au/cruises-from-singapore-to-australia,2026-05-01 08:03:29
fremantle to adelaide cruise,AU,Australia,English,,false,true,false,true,true,false,"Thumbnail, People also ask",20,0,0.29,2,0,5,,https://www.cruiseaway.com.au/cruises/adelaide,2026-04-25 10:46:50
cruises to perth australia,AU,Australia,English,"Perth (Location), Australia (Location)",false,true,false,true,true,false,"Top ads, Paid sitelinks, Thumbnail, AI Overview, People also ask, Discussions and forums, Bottom ads",20,0,0.42,2,0,6,,https://www.cruiseaway.com.au/cruises-from-sydney-to-perth,2026-04-27 19:19:28
cruise search engine,AU,Australia,English,,false,false,false,true,true,false,"Sitelinks, People also ask, Discussions and forums",20,59,0.58,2,0,5,,https://www.cruiseaway.com.au/,2026-05-09 16:40:58
brisbane to bali cruise,AU,Australia,English,"Brisbane (Location), Bali (Location)",false,true,false,true,true,false,"AI Overview, Thumbnail, People also ask",20,0,0.44,2,0,6,,https://www.cruiseaway.com.au/cruises/asia/bali,2026-04-21 09:45:53
australia to new zealand cruises,AU,Australia,English,,false,false,false,true,true,false,"Top ads, Paid sitelinks, AI Overview, Thumbnail, People also ask, Bottom ads",40,7,0.45,2,0,9,,https://www.cruiseaway.com.au/cruises-from-sydney-to-new-zealand,2026-04-20 07:51:32
lastminute cruise,AU,Australia,English,,false,false,false,true,true,true,,40,9,0.44,2,0,8,,https://www.cruiseaway.com.au/last-minute-cruises,2026-04-13 04:08:29
round the world cruises from australia,AU,Australia,English,,false,false,false,true,true,false,"AI Overview, Thumbnail, People also ask, Bottom ads, Paid sitelinks",40,0,0.44,2,0,9,,https://www.cruiseaway.com.au/princess-cruises-world-cruise-2026,2026-04-17 22:58:55
ship cruises from brisbane,AU,Australia,English,Brisbane (Location),false,true,false,true,true,false,"Top ads, Paid sitelinks, Thumbnail, AI Overview, People also ask",60,2,,2,0,11,,https://www.cruiseaway.com.au/cruises/australia/brisbane,2026-04-19 14:50:30
cruise around australia from brisbane,AU,Australia,English,Brisbane (Location),false,true,false,true,true,false,"AI Overview, Thumbnail, People also ask",60,0,,2,0,11,,https://www.cruiseaway.com.au/cruises/australia/brisbane,2026-05-03 07:19:18
best cruises from sydney,AU,Australia,English,Sydney (Location),false,true,false,true,true,false,"AI Overview, People also ask, Discussions and forums, Video preview",400,1,0.33,2,0,20,,https://www.cruiseaway.com.au/cruises/australia/sydney,2026-05-08 00:07:29
cruises from melb,AU,Australia,English,Melbourne (Location),false,true,false,true,true,false,"People also ask, Thumbnail",50,0,0.32,2,0,9,,https://www.cruiseaway.com.au/cruises/australia/melbourne,2026-04-24 03:06:11
cruises melbourne to melbourne,AU,Australia,English,Melbourne to Melbourne (Event),false,true,false,true,true,false,AI Overview,30,0,0.45,2,0,9,,https://www.cruiseaway.com.au/melbourne-to-melbourne-cruise,2026-05-09 00:29:09
cruise tasmania from melbourne,AU,Australia,English,"Tasmania (Location), Melbourne (Location)",false,true,false,true,true,false,"AI Overview, Thumbnail, People also ask",30,0,,2,0,7,,https://www.cruiseaway.com.au/cruises/australia/tasmania,2026-04-19 11:41:32
cruise sales finder,AU,Australia,English,,false,false,false,true,true,true,People also ask,10,53,0.42,2,0,2,,https://www.cruiseaway.com.au/cruise-sale-finder,2026-04-20 23:51:17
5 day cruises from brisbane,AU,Australia,English,Brisbane (Location),false,true,false,true,true,false,"Top ads, People also ask",80,1,0.28,2,0,11,,https://www.cruiseaway.com.au/short-cruises,2026-05-10 09:40:43
last minute bahamas cruises,AU,Australia,English,,false,false,false,true,true,true,People also ask,80,0,,2,0,11,,https://www.cruiseaway.com.au/cruises/grand-bahama-island,2026-04-24 12:17:20
cruise from perth to fremantle,AU,Australia,English,"Perth (Location), Fremantle (Location)",false,true,false,true,true,false,"Top ads, Paid sitelinks, Thumbnail",40,0,0.26,2,0,9,,https://www.cruiseaway.com.au/western-australia-cruises-from-perth-fremantle,2026-04-19 18:15:28
cruise noumea vanuatu,AU,Australia,English,"Noumea (Location), Vanuatu (Location)",false,true,false,true,true,false,"AI Overview, Video preview, People also ask, Discussions and forums",10,0,,2,0,4,,https://www.cruiseaway.com.au/cruises/south-pacific/noumea,2026-05-09 23:57:01
cruise perth to melbourne,AU,Australia,English,,false,true,false,true,true,false,People also ask,50,0,0.24,2,0,9,,https://www.cruiseaway.com.au/cruises/australia/perth,2026-04-20 11:45:51
long cruises from sydney,AU,Australia,English,Sydney (Location),false,true,false,true,true,false,"AI Overview, Thumbnail, People also ask",50,1,,2,0,10,,https://www.cruiseaway.com.au/cruises/australia/sydney,2026-05-09 06:48:52
is there a cruise that goes around australia,AU,Australia,English,Australia (Location),false,false,false,true,false,false,"People also ask, Video preview",30,1,,2,0,7,,https://www.cruiseaway.com.au/28-day-cruise-around-australia,2026-04-17 22:48:33
cruise singapore to perth,AU,Australia,English,,false,false,false,true,true,false,"AI Overview, People also ask",30,0,0.39,2,0,8,,https://www.cruiseaway.com.au/exclusive-singapore-perth-with-travelzoo,2026-04-16 02:22:04
cruises from brisbane to pacific islands,AU,Australia,English,"Brisbane (Location), Pacific Islands (Location)",false,true,false,true,true,false,"AI Overview, Thumbnail",30,0,,2,0,8,,https://www.cruiseaway.com.au/south-pacific-cruises-from-brisbane-2027,2026-04-17 15:04:47
last minute cruises from galveston,AU,Australia,English,Galveston (Location),false,true,false,true,true,true,"People also ask, Discussions and forums",50,1,,2,0,10,,https://www.cruiseaway.com.au/cruises/caribbean/galveston,2026-05-02 05:56:32
cruises from jacksonville,AU,Australia,English,Jacksonville (Location),false,true,false,true,true,false,"People also ask, Knowledge panel",70,0,,2,0,11,,https://www.cruiseaway.com.au/cruises/jacksonville,2026-04-14 08:33:12
cruise to exmouth,AU,Australia,English,Exmouth (Location),false,true,false,true,true,false,"Top ads, Paid sitelinks, Thumbnail, People also ask",0,0,,2,0,1,,https://www.cruiseaway.com.au/cruises/exmouth,2026-04-17 00:52:53
cruises sydney to hawaii,AU,Australia,English,,false,true,false,true,true,false,"Thumbnail, AI Overview",30,0,0.30,2,0,7,,https://www.cruiseaway.com.au/cruises-from-sydney-to-hawaii-2027,2026-04-14 09:54:25
cruiseline,AU,Australia,English,,false,false,false,true,true,false,People also ask,50,70,0.50,2,0,6,,https://www.cruiseaway.com.au/cruise-lines,2026-04-24 15:13:14
asian cruises 2025,AU,Australia,English,,false,false,false,true,true,false,"AI Overview, People also ask",60,1,0.39,2,0,11,,https://www.cruiseaway.com.au/cruises/asia,2026-05-03 12:01:26
2 days cruise from sydney,AU,Australia,English,Sydney (Location),false,true,false,true,true,false,AI Overview,60,0,,2,0,3,AI Overview,https://www.cruiseaway.com.au/cruises/australia/sydney,2026-05-11 00:46:29
world cruise from melbourne,AU,Australia,English,Melbourne (Location),false,true,false,true,true,false,"AI Overview, Thumbnail, People also ask",10,0,,2,0,1,AI Overview,https://www.cruiseaway.com.au/cruise/round-the-world-trip-from-melbourne-australia-with-the-crown-princess-17962313,2026-05-11 07:13:29
online cruise booking,AU,Australia,English,,false,false,false,false,true,true,People also ask,10,72,0.72,2,0,3,,https://www.cruiseaway.com.au/,2026-05-07 23:37:56
3 nights cruise,AU,Australia,English,,false,false,false,true,true,false,Video preview,10,1,0.31,2,0,3,,https://www.cruiseaway.com.au/short-cruises,2026-04-18 16:00:15
cruise to geelong,AU,Australia,English,Geelong (Location),false,true,false,true,false,false,"Sitelinks, AI Overview, People also ask",10,1,0.20,2,0,4,,https://www.cruiseaway.com.au/cruises/geelong,2026-05-02 14:31:52
brisbane to seattle cruise,AU,Australia,English,,false,true,false,true,true,false,"Top ads, Paid sitelinks, People also ask",80,0,0.56,2,0,11,,https://www.cruiseaway.com.au/cruises/north-america/seattle,2026-04-10 05:22:42
last minute cruises to antarctica,AU,Australia,English,Antarctica (Location),false,false,false,true,true,true,"AI Overview, Thumbnail, People also ask, Discussions and forums",80,0,,2,0,12,,https://www.cruiseaway.com.au/cruises/antarctic-peninsula,2026-04-17 09:11:47
2025 cruise deals,AU,Australia,English,,false,false,false,true,true,false,Thumbnail,50,48,0.46,2,0,9,,https://www.cruiseaway.com.au/,2026-04-14 19:17:52
sydney to hawaii cruise 2025,AU,Australia,English,,false,true,false,true,true,false,"Top ads, Paid sitelinks, Sitelinks, Thumbnail, People also ask",50,0,0.34,2,0,9,,https://www.cruiseaway.com.au/cruise/hawaii-from-sydney-australia-with-the-grand-princess-18603860,2026-05-04 02:06:28
brisbane new zealand cruise,AU,Australia,English,"Brisbane (Location), New Zealand (Location)",false,true,false,true,true,false,"Top ads, Paid sitelinks, Thumbnail, AI Overview, Bottom ads",20,0,,2,0,6,,https://www.cruiseaway.com.au/cruises-from-brisbane-to-new-zealand,2026-04-23 19:04:54
cruise sydney to tahiti,AU,Australia,English,,false,false,false,true,true,false,"Top ads, AI Overview, Thumbnail, People also ask",20,0,,2,0,6,,https://www.cruiseaway.com.au/cruise/tahitian-nights-to-fiji-18320044,2026-04-26 17:57:02
cruises to thailand from australia,AU,Australia,English,Thailand (Location),false,false,false,true,true,false,"Top ads, AI Overview, Thumbnail, People also ask, Bottom ads, Paid sitelinks",20,0,,2,0,6,,https://www.cruiseaway.com.au/cruises-to-thailand,2026-04-15 16:08:09
cruise to south pacific from sydney,AU,Australia,English,"South Pacific (Location), Sydney (Location)",false,true,false,true,true,false,"AI Overview, Thumbnail, Video preview",20,0,0.76,2,0,1,AI Overview,https://www.cruiseaway.com.au/cruises-from-sydney-to-south-pacific,2026-04-24 21:41:22
hawaii cruises from sydney,AU,Australia,English,Sydney (Location),false,true,false,true,true,false,"AI Overview, People also ask, Video preview",20,0,,2,0,6,,https://www.cruiseaway.com.au/cruises-from-sydney-to-hawaii-2027,2026-04-19 03:17:54
cruise japan to sydney,AU,Australia,English,"Japan (Location), Sydney (Location)",false,true,false,true,true,false,"AI Overview, Discussions and forums, People also ask",20,0,0.46,2,0,5,,https://www.cruiseaway.com.au/cruise/ultimate-autumn-in-japan-18297062,2026-05-08 04:55:05
sydney to noumea cruise,AU,Australia,English,Sydney to Noumea (Event),false,false,false,true,true,false,"AI Overview, People also ask, Video preview",20,0,,2,0,5,,https://www.cruiseaway.com.au/cruises/south-pacific/noumea,2026-04-16 18:41:18
discounted cruises,AU,Australia,English,,false,false,false,true,true,false,"Top ads, Paid sitelinks, AI Overview, Discussions and forums",40,34,0.48,1,0,9,,https://www.cruiseaway.com.au/cheap-cruises,2026-05-03 13:20:52
cruise from australia to japan,AU,Australia,English,"Australia (Location), Japan (Location)",false,false,false,true,true,false,"AI Overview, Thumbnail, People also ask",40,0,0.49,1,0,1,AI Overview,https://www.cruiseaway.com.au/cruise/ultimate-autumn-in-japan-18297062,2026-04-15 17:18:53
find cruises,AU,Australia,English,,false,false,false,true,true,true,"Top ads, Paid sitelinks, Sitelinks",70,62,0.36,1,18,10,,https://www.cruiseaway.com.au/cruise-sale-finder,2026-05-05 06:39:55
short cruises from brisbane 2024,AU,Australia,English,Brisbane (Location),false,true,false,true,true,false,"Sitelinks, Thumbnail, Bottom ads, Paid sitelinks",30,0,,1,0,7,,https://www.cruiseaway.com.au/short-cruises,2026-04-30 14:47:55
weekend cruise brisbane,AU,Australia,English,Brisbane (Location),false,true,false,true,true,false,AI Overview,30,1,,1,0,8,,https://www.cruiseaway.com.au/short-cruises,2026-04-18 09:11:45
sydney to tokyo cruise,AU,Australia,English,,false,false,false,true,true,false,,30,0,0.66,1,0,7,,https://www.cruiseaway.com.au/cruise/circle-pacific-liner-sydney-to-tokyo-18603416,2026-04-12 16:28:28
river cruises in europe 2023,AU,Australia,English,,false,false,false,true,true,false,"Sitelinks, People also ask",80,12,0.94,1,0,11,,https://www.cruiseaway.com.au/cruises/european-river,2026-05-07 08:53:58
australia to fiji,AU,Australia,English,"Australia (Location), Fiji (Location)",false,false,false,true,true,false,"AI Overview, People also ask, Thumbnail, Video preview",450,2,0.23,1,0,16,,https://www.cruiseaway.com.au/cruises-to-fiji,2026-05-01 14:15:08
ruises,AU,Australia,English,,false,false,false,true,true,false,People also ask,30,67,0.44,1,0,8,,https://www.cruiseaway.com.au/cruises,2026-05-08 11:10:08
cruise for family of 5,AU,Australia,English,,false,false,false,true,true,false,"AI Overview, Thumbnail, People also ask, Discussions and forums",60,0,0.34,1,0,11,,https://www.cruiseaway.com.au/family-cruises,2026-05-08 14:06:16
cruise qld,AU,Australia,English,Queensland (Location),false,true,false,true,true,false,People also ask,60,2,0.43,1,0,10,,https://www.cruiseaway.com.au/cruises/australia/brisbane,2026-04-20 19:33:32
cruises to tahiti from australia,AU,Australia,English,Tahiti (Location),false,false,false,true,true,false,"AI Overview, Thumbnail, People also ask",60,0,,1,0,11,,https://www.cruiseaway.com.au/cruises/south-pacific/papeete-tahiti,2026-04-26 12:23:19
18+ cruises,AU,Australia,English,,false,false,false,true,true,false,"Thumbnail, People also ask, Discussions and forums",10,5,,1,0,2,,https://www.cruiseaway.com.au/cruises/adult-only-virgin-voyages,2026-05-06 10:14:15
cruise from melbourne to europe,AU,Australia,English,"Melbourne (Location), Europe (Location)",false,true,false,true,true,false,"Top ads, Paid sitelinks, Thumbnail, People also ask",10,0,0.50,1,0,4,,https://www.cruiseaway.com.au/cruise-from-australia-to-europe,2026-05-01 18:51:02
cruise in thailand package,AU,Australia,English,Thailand (Location),false,false,false,true,true,true,"People also ask, Thumbnail",10,0,0.36,1,0,4,,https://www.cruiseaway.com.au/cruises-to-thailand,2026-04-15 19:51:37
cruise melbourne to nz,AU,Australia,English,,false,true,false,true,true,false,"Thumbnail, AI Overview, People also ask",0,0,,1,0,1,,https://www.cruiseaway.com.au/cruises-from-melbourne-to-new-zealand,2026-05-06 06:55:31
the cheapest cruises,AU,Australia,English,,false,false,false,true,true,false,"Top ads, AI Overview, Thumbnail, People also ask",0,19,1.44,1,0,1,AI Overview,https://www.cruiseaway.com.au/cheap-cruises,2026-04-25 17:40:27
cruise to hawaii from melbourne,AU,Australia,English,"Hawaii (Location), Melbourne (Location)",false,true,false,true,true,false,"Top ads, Thumbnail, People also ask, Bottom ads, Paid sitelinks",60,0,,1,0,10,,https://www.cruiseaway.com.au/cruise/hawaii-from-australia-with-the-pride-of-america-18327122,2026-04-29 20:37:30
themed cruises australia,AU,Australia,English,Australia (Location),false,true,false,true,true,false,"Thumbnail, AI Overview, Bottom ads, Paid sitelinks",60,1,0.51,1,0,11,,https://www.cruiseaway.com.au/themecruises,2026-04-17 16:58:23
cruise melbourne to tasmania,AU,Australia,English,,false,true,false,true,true,false,"Top ads, Paid sitelinks, People also ask",100,0,0.33,1,0,11,,https://www.cruiseaway.com.au/cruises/australia/tasmania,2026-04-14 01:26:35
cruises to hawaii,AU,Australia,English,Hawaii (Location),false,true,false,true,true,false,"Thumbnail, People also ask, AI Overview, Video preview",300,0,0.41,1,0,18,,https://www.cruiseaway.com.au/cruises-from-sydney-to-hawaii-2026,2026-02-10 17:49:58
cruise to alaska from australia,AU,Australia,English,Australia (Location),false,false,false,true,true,false,"AI Overview, Thumbnail, Video preview, People also ask, Bottom ads, Paid sitelinks",50,0,0.52,1,0,10,,https://www.cruiseaway.com.au/cruises/anchorage,2026-04-22 11:10:13
asian river cruises,AU,Australia,English,,false,false,false,true,true,false,"Thumbnail, People also ask, Sitelinks",50,0,0.86,1,0,9,,https://www.cruiseaway.com.au/cruises/asian-rivers,2026-04-22 07:21:41
cruises from.singapore,AU,Australia,English,Singapore (Location),false,true,false,true,true,false,,30,2,,1,0,7,,https://www.cruiseaway.com.au/cruises-from-singapore-to-sydney,2026-04-13 01:01:32
cruises adults only,AU,Australia,English,,false,false,false,true,true,false,"AI Overview, People also ask",20,12,,1,0,6,,https://www.cruiseaway.com.au/cruises/adult-only-virgin-voyages,2026-05-06 21:51:17
5 night cruises,AU,Australia,English,,false,false,false,true,true,false,,20,4,0.32,1,0,6,,https://www.cruiseaway.com.au/short-cruises,2026-05-01 13:57:53
sydney to.fiji,AU,Australia,English,"Sydney (Location), Fiji (Location)",false,true,false,true,true,false,"People also ask, AI Overview, Thumbnail",60,0,,1,0,12,,https://www.cruiseaway.com.au/cruises-from-sydney-to-fiji,2026-05-03 05:24:17
cruise deals from sydney,AU,Australia,English,Sydney (Location),false,true,false,true,true,false,"People also ask, Thumbnail, Video preview",1300,6,0.48,1,0,13,,https://www.cruiseaway.com.au/last-minute-cruises-from-sydney,2026-05-02 09:58:13
cruise lines in australia,AU,Australia,English,Australia (Location),false,true,false,true,true,false,"AI Overview, Thumbnail, Video preview, People also ask",60,22,1.02,1,0,11,,https://www.cruiseaway.com.au/cruises/australia,2026-05-07 19:58:30
cruise to south america,AU,Australia,English,South America (Location),false,false,false,true,true,false,"Thumbnail, AI Overview, People also ask",60,0,1.22,1,0,11,,https://www.cruiseaway.com.au/cruise/glaciers-of-patagonia-buenos-aires-18192423,2026-04-13 19:29:05
family boat cruise,AU,Australia,English,,false,false,false,true,true,false,"Thumbnail, Local pack, People also ask",20,39,0.41,1,0,6,,https://www.cruiseaway.com.au/family-cruises,2026-05-09 07:55:05
cruises in america,AU,Australia,English,,false,false,false,true,true,false,"Top ads, Thumbnail, People also ask",20,14,,1,0,5,,https://www.cruiseaway.com.au/cruises/usa-west-coast,2026-04-10 17:06:02
cheap repositioning cruises,AU,Australia,English,,false,false,false,true,true,false,"AI Overview, Thumbnail, Video preview, Discussions and forums",40,0,0.29,1,1,1,AI Overview,https://www.cruiseaway.com.au/repositioning-cruises,2026-04-29 01:17:38
cruise australia to uk,AU,Australia,English,,false,false,false,true,true,false,"AI Overview, Thumbnail, People also ask, Discussions and forums",50,0,0.73,1,0,10,,https://www.cruiseaway.com.au/cruise/british-isles-with-london-stay-18281387,2026-04-30 11:32:02
cruise 3 days from sydney,AU,Australia,English,Sydney (Location),false,true,false,true,true,false,AI Overview,50,2,,1,0,10,,https://www.cruiseaway.com.au/short-cruises,2026-05-09 14:44:45
cruise departing singapore,AU,Australia,English,Singapore (Location),false,true,false,true,true,false,AI Overview,10,2,0.30,1,0,4,,https://www.cruiseaway.com.au/cruises-from-singapore-to-australia,2026-04-24 08:57:37
sydney to india cruise,AU,Australia,English,"Sydney (Location), India (Location)",false,true,false,true,true,false,"AI Overview, Thumbnail",10,0,,1,0,4,,https://www.cruiseaway.com.au/cruises/india-and-indian-ocean/mumbai-bombay,2026-04-14 09:42:26
cruise from dubrovnik,AU,Australia,English,Dubrovnik (Location),false,true,false,true,true,false,"AI Overview, Thumbnail, People also ask",10,0,,1,0,1,AI Overview,https://www.cruiseaway.com.au/cruises/dubrovnik,2026-05-04 18:29:18
brisbane to honolulu cruise,AU,Australia,English,"Brisbane (Location), Honolulu (Location)",false,true,false,true,true,false,"Top ads, Thumbnail, People also ask",10,0,,1,0,3,,https://www.cruiseaway.com.au/cruises-from-brisbane-to-hawaii,2026-04-28 22:26:53
cruise sydney to eden nsw,AU,Australia,English,"Sydney (Location), Eden, NSW (Location)",false,true,false,true,true,false,People also ask,10,0,,1,0,3,,https://www.cruiseaway.com.au/cruises/australia/eden,2026-05-06 16:28:48
dubrovnik cruises,AU,Australia,English,Dubrovnik (Location),false,true,false,true,true,false,"Thumbnail, AI Overview, People also ask, Local pack",10,0,0.90,1,0,4,,https://www.cruiseaway.com.au/cruises/dubrovnik,2026-04-15 21:21:47
cruise ship from singapore,AU,Australia,English,Singapore (Location),false,true,false,true,true,false,"AI Overview, People also ask, Discussions and forums",10,4,0.46,1,0,4,,https://www.cruiseaway.com.au/cruises-from-singapore-to-australia,2026-04-25 21:24:03
thai cruise,AU,Australia,English,Thailand (Location),false,false,false,true,true,false,"AI Overview, Thumbnail, People also ask",20,0,0.33,1,0,5,,https://www.cruiseaway.com.au/cruises-to-thailand,2026-04-10 00:12:28
cruises to cairns from sydney,AU,Australia,English,"Cairns (Location), Sydney (Location)",false,true,false,true,true,false,"AI Overview, Thumbnail, People also ask",60,0,0.37,1,0,11,,https://www.cruiseaway.com.au/cruises/cairns,2026-04-18 19:32:34
sydney short cruises,AU,Australia,English,Sydney (Location),false,true,false,true,true,false,AI Overview,60,1,,1,0,11,,https://www.cruiseaway.com.au/short-cruises,2026-05-10 08:19:45
cruise 2025 from sydney,AU,Australia,English,Sydney (Location),false,true,false,true,true,false,,60,10,0.47,1,0,10,,https://www.cruiseaway.com.au/short-cruises,2026-05-02 00:11:56
christmas cruises from perth,AU,Australia,English,Perth (Location),false,true,false,true,true,false,"AI Overview, Thumbnail, People also ask, Bottom ads, Paid sitelinks",70,0,,1,0,12,,https://www.cruiseaway.com.au/cruises/australia/perth,2026-04-30 08:46:30
cruises from australia to japan,AU,Australia,English,Japan (Location),false,false,false,true,true,false,"AI Overview, Thumbnail, People also ask, Discussions and forums",70,0,,1,0,12,,https://www.cruiseaway.com.au/cruise/ultimate-autumn-in-japan-18297062,2026-05-07 09:54:52
brisbane to hawaii,AU,Australia,English,"Brisbane (Location), Hawaii (Location)",false,true,false,true,true,false,"AI Overview, Thumbnail, People also ask",1100,0,0.15,1,0,22,,https://www.cruiseaway.com.au/cruises-from-brisbane-to-hawaii,2026-04-28 22:23:08
milford sound cruises,AU,Australia,English,Milford Sound (Location),false,true,false,true,true,true,"Local pack, Thumbnail, Discussions and forums, People also ask, Video preview",500,37,1.74,1,0,22,,https://www.cruiseaway.com.au/cruises/new-zealand/milford-sound,2026-04-26 19:41:15
fiji cruise ships,AU,Australia,English,Fiji (Location),false,true,false,true,true,false,"AI Overview, Thumbnail, People also ask",60,1,0.49,1,0,1,AI Overview,https://www.cruiseaway.com.au/cruises-to-fiji,2026-05-10 08:00:04
last minute cruises from san francisco,AU,Australia,English,San Francisco (Location),false,true,false,true,true,true,"Top ads, Paid sitelinks, Sitelinks, People also ask, Thumbnail",60,2,,1,0,11,,https://www.cruiseaway.com.au/cruises/north-america/san-francisco,2026-04-16 02:53:53
short cruises sydney,AU,Australia,English,Sydney (Location),false,true,false,true,true,false,"Top ads, Paid sitelinks, AI Overview, Thumbnail",50,2,,1,0,10,,https://www.cruiseaway.com.au/short-cruises,2026-04-18 07:28:27
dusky sound cruise,AU,Australia,English,Dusky Sound (Location),false,false,false,true,true,false,"AI Overview, Thumbnail, People also ask",30,0,0.83,1,0,9,,https://www.cruiseaway.com.au/cruises/new-zealand/dusky-sound,2026-05-05 22:27:28
all cruises from brisbane,AU,Australia,English,Brisbane (Location),false,true,false,true,true,false,"Top ads, Paid sitelinks, AI Overview",40,1,,1,0,9,,https://www.cruiseaway.com.au/cruises/australia/brisbane,2026-04-18 21:47:53
cruises to athens,AU,Australia,English,Athens (Location),false,true,false,true,true,false,"Thumbnail, People also ask",40,0,0.97,1,0,8,,https://www.cruiseaway.com.au/cruises-to-greece,2026-05-08 08:15:29
perth to tasmania cruise,AU,Australia,English,"Perth (Location), Tasmania (Location)",false,true,false,true,true,false,"Top ads, Paid sitelinks, People also ask, Bottom ads",20,1,0.28,1,0,6,,https://www.cruiseaway.com.au/cruises/australia/perth,2026-04-24 23:30:05
cruises from melbourne 2023,AU,Australia,English,Melbourne (Location),false,true,false,true,true,false,"People also ask, Thumbnail, Sitelinks",20,1,0.41,1,0,6,,https://www.cruiseaway.com.au/cruises/australia/melbourne,2026-05-05 07:13:45
cruises from singapore 2025,AU,Australia,English,Singapore (Location),false,true,false,true,true,false,"AI Overview, People also ask",70,2,,1,0,12,,https://www.cruiseaway.com.au/cruises-from-singapore-to-australia,2026-05-08 20:00:05
weekend cruise from brisbane,AU,Australia,English,Brisbane (Location),false,true,false,true,true,false,"Thumbnail, AI Overview, People also ask",60,0,,1,0,11,,https://www.cruiseaway.com.au/short-cruises,2026-05-02 10:47:42
australia to nz cruise,AU,Australia,English,,false,false,false,true,true,false,,60,2,0.45,1,0,10,,https://www.cruiseaway.com.au/cruises-from-sydney-to-new-zealand,2026-04-14 12:42:48
cruise trip sydney,AU,Australia,English,Sydney (Location),false,true,false,true,true,true,"Top ads, Paid sitelinks, AI Overview, Thumbnail, Local pack, Bottom ads",60,13,0.51,1,0,12,,https://www.cruiseaway.com.au/cruises/australia/sydney,2026-05-08 04:21:49
hong kong cruises,AU,Australia,English,Hong Kong (Location),false,true,false,true,true,false,"Top ads, Paid sitelinks, Thumbnail, AI Overview",60,0,0.51,1,0,11,,https://www.cruiseaway.com.au/hong-kong-fly-cruise-stay-packages,2026-04-19 12:44:53
cruise from sydney to hong kong,AU,Australia,English,"Sydney (Location), Hong Kong (Location)",false,true,false,true,true,false,"AI Overview, Thumbnail",20,0,0.63,1,0,6,,https://www.cruiseaway.com.au/cruises/asia/hong-kong,2026-04-21 18:13:14
melbourne to gold coast cruise,AU,Australia,English,"Melbourne (Location), Gold Coast (Location)",false,true,false,true,true,false,"Top ads, Paid sitelinks, AI Overview, People also ask, Sitelinks, Bottom ads",20,3,,1,0,6,,https://www.cruiseaway.com.au/short-cruises,2026-04-10 05:00:29
cruise to new york,AU,Australia,English,New York (Location),false,true,false,true,true,false,"People also ask, Video preview, Top stories, Thumbnail",20,0,0.52,1,0,5,,https://www.cruiseaway.com.au/cruise/transpacific-from-new-york-usa-with-the-crown-princess-17289954,2026-05-07 21:05:11
getaway cruise,AU,Australia,English,,false,false,false,true,true,false,"Thumbnail, Bottom ads, Paid sitelinks",30,15,0.46,1,1,7,,https://www.cruiseaway.com.au/short-cruises,2026-04-18 17:58:28
cruise ships around australia,AU,Australia,English,,false,false,false,true,true,false,"Thumbnail, People also ask, Bottom ads, Paid sitelinks",30,22,0.35,1,0,7,,https://www.cruiseaway.com.au/28-day-cruise-around-australia,2026-04-15 17:28:02
cruises from brisbane to south pacific islands,AU,Australia,English,"Brisbane (Location), South Pacific islands (Location)",false,true,false,true,true,false,"AI Overview, Thumbnail, Bottom ads, Paid sitelinks",40,0,,1,0,9,,https://www.cruiseaway.com.au/south-pacific-cruises-from-brisbane-2027,2026-04-23 03:22:17
cruises deals australia,AU,Australia,English,Australia (Location),false,true,false,true,true,false,,40,33,,1,0,8,,https://www.cruiseaway.com.au/cheap-cruises,2026-04-16 13:43:55
cruises for family of 5,AU,Australia,English,,false,false,false,true,true,false,"AI Overview, Thumbnail, People also ask, Discussions and forums",40,0,0.54,1,0,9,,https://www.cruiseaway.com.au/family-cruises,2026-04-27 00:45:02
last min cruises,AU,Australia,English,,false,false,false,true,true,true,People also ask,40,1,0.44,1,0,8,,https://www.cruiseaway.com.au/last-minute-cruises,2026-04-23 15:53:44
australia to japan map,AU,Australia,English,,false,false,false,true,false,false,"Image pack, People also ask",40,0,,1,0,1,Image pack,https://www.cruiseaway.com.au/cruise/grand-tokyo-to-sydney-17864191,2026-05-08 21:03:28
champagne bay vanuatu,AU,Australia,English,"Champagne Bay (Location), Vanuatu (Location)",false,false,false,true,false,false,"Thumbnail, People also ask, Knowledge panel",80,0,0.13,1,0,9,,https://www.cruiseaway.com.au/cruises/south-pacific/champagne-bay,2026-04-20 22:57:26
best european river cruises,AU,Australia,English,,false,false,false,true,true,false,"AI Overview, Thumbnail, Video preview, Sitelinks, People also ask, Discussions and forums",600,17,0.88,1,0,23,,https://www.cruiseaway.com.au/cruises/european-river,2026-04-27 12:37:02
cruise from australia to uk,AU,Australia,English,"Australia (Location), UK (Location)",false,false,false,true,true,false,"AI Overview, Thumbnail, People also ask",50,0,0.45,1,0,11,,https://www.cruiseaway.com.au/cruise/british-isles-with-london-stay-18281387,2026-04-09 09:02:53
cruises brisbane to cairns,AU,Australia,English,"Brisbane (Location), Cairns (Location)",false,true,false,true,true,false,"Top ads, AI Overview, Thumbnail, People also ask, Bottom ads, Paid sitelinks",40,0,0.37,1,0,10,,https://www.cruiseaway.com.au/cruise-from-brisbane-to-cairns,2026-04-14 03:11:04
sydney to tasmania cruises,AU,Australia,English,,false,true,false,true,true,false,AI Overview,20,0,0.53,1,0,7,,https://www.cruiseaway.com.au/cruises-from-sydney-to-tasmania-2026,2026-04-16 05:44:18
cruises hawaii to australia,AU,Australia,English,,false,false,false,true,true,false,"AI Overview, People also ask, Discussions and forums",20,0,,1,0,7,,https://www.cruiseaway.com.au/cruises-from-hawaii-to-sydney,2026-05-10 10:18:56
cruises thailand,AU,Australia,English,Thailand (Location),false,false,false,true,true,true,"Top ads, Paid sitelinks, Thumbnail, People also ask, Local pack, Bottom ads",20,0,0.38,1,0,6,,https://www.cruiseaway.com.au/cruises-to-thailand,2026-05-05 13:00:56
sydney to san francisco cruise,AU,Australia,English,,false,false,false,true,true,false,"Top ads, Paid sitelinks, AI Overview, Thumbnail, People also ask",20,0,0.44,1,0,7,,https://www.cruiseaway.com.au/cruise/transpacific-from-sydney-australia-with-the-carnival-luminosa-18314324,2026-04-20 23:41:34
cruises april 2025,AU,Australia,English,,false,false,false,true,true,false,"People also ask, Thumbnail",10,37,0.49,1,0,2,,https://www.cruiseaway.com.au/april-cruises,2026-04-23 20:44:26
cruise leaving perth,AU,Australia,English,Perth (Location),false,true,false,true,true,false,"Top ads, Paid sitelinks, Knowledge panel, Thumbnail, People also ask",10,1,0.19,1,0,2,,https://www.cruiseaway.com.au/cruises/australia/perth,2026-05-01 00:25:58
cruises to fiji from melbourne,AU,Australia,English,"Fiji (Location), Melbourne (Location)",false,true,false,true,true,false,"AI Overview, People also ask",10,0,,1,0,2,,https://www.cruiseaway.com.au/cruises-to-fiji,2026-05-01 14:23:53
aussie cruise sale finder,AU,Australia,English,,false,false,false,true,true,false,,10,42,0.22,1,0,2,,https://www.cruiseaway.com.au/cruise-sale-finder,2026-05-03 02:31:45
theme cruises,AU,Australia,English,,false,false,false,true,true,false,AI Overview,10,2,0.46,1,0,5,,https://www.cruiseaway.com.au/themecruises,2026-04-26 17:16:40
cruise from sydney to canada,AU,Australia,English,"Sydney (Location), Canada (Location)",false,true,false,true,true,false,"AI Overview, Thumbnail",10,0,0.79,1,0,1,AI Overview,https://www.cruiseaway.com.au/cruises/vancouver,2026-04-10 12:05:10
last minute cruise specials,AU,Australia,English,,false,false,false,true,true,true,"AI Overview, Thumbnail",20,6,0.37,1,0,1,AI Overview,https://www.cruiseaway.com.au/last-minute-cruises,2026-04-27 20:17:19
cruise bookings australia,AU,Australia,English,Australia (Location),false,true,false,false,true,true,Thumbnail,30,69,0.64,1,0,8,,https://www.cruiseaway.com.au/,2026-04-16 14:15:17
cruise from melbourne to perth,AU,Australia,English,"Melbourne (Location), Perth (Location)",false,true,false,true,true,false,"Thumbnail, AI Overview, People also ask",30,0,,1,0,9,,https://www.cruiseaway.com.au/cruises/australia/melbourne,2026-04-24 21:45:27
new years eve cruises brisbane,AU,Australia,English,Brisbane (Location),false,true,false,true,true,true,AI Overview,30,0,0.34,1,0,9,,https://www.cruiseaway.com.au/new-years-eve-cruises,2026-05-11 02:38:40
cruises from norfolk,AU,Australia,English,Norfolk (Location),false,true,false,true,true,false,People also ask,60,0,,1,0,11,,https://www.cruiseaway.com.au/cruises/norfolk,2026-04-29 13:13:53
cruceros sydney,AU,Australia,Spanish,Sydney (Location),false,true,false,true,true,false,"Thumbnail, Local pack, Sitelinks",30,33,,1,0,7,,https://www.cruiseaway.com.au/cruises/australia/sydney,2026-04-13 07:08:32
cruise sydney to honolulu,AU,Australia,English,,false,false,false,true,true,false,"Top ads, Paid sitelinks, AI Overview, Thumbnail",30,0,0.48,1,0,8,,https://www.cruiseaway.com.au/cruises-from-sydney-to-hawaii-2027,2026-04-21 00:05:53
relocation cruises from australia,AU,Australia,English,Australia (Location),false,false,false,true,true,false,"Thumbnail, AI Overview, People also ask, Bottom ads, Paid sitelinks",40,0,,1,3,10,,https://www.cruiseaway.com.au/travelzoo-exclusive-carnival-repositioning-specials,2026-04-27 07:19:36
boat cruises from sydney,AU,Australia,English,Sydney (Location),false,true,false,true,true,false,"Top ads, Paid sitelinks, Thumbnail, Local pack, Discussions and forums",40,47,0.46,1,0,9,,https://www.cruiseaway.com.au/cruises/australia/sydney,2026-05-03 05:14:02
cruise ex brisbane,AU,Australia,English,Brisbane (Location),false,true,false,true,true,false,,40,1,0.49,1,0,9,,https://www.cruiseaway.com.au/cruises/australia/brisbane,2026-04-15 04:15:38
cruises sydney to singapore,AU,Australia,English,,false,false,false,true,true,false,"Top ads, Paid sitelinks, AI Overview, Thumbnail, Bottom ads",40,0,0.45,1,1,10,,https://www.cruiseaway.com.au/cruises-from-singapore-to-sydney,2026-05-05 11:57:27
18+ cruise,AU,Australia,English,,false,false,false,true,true,false,"Thumbnail, Sitelinks",10,10,,1,0,3,,https://www.cruiseaway.com.au/cruises/adult-only-virgin-voyages,2026-04-23 23:28:34
cruises from la to mexico,AU,Australia,English,Los Angeles (Location),false,true,false,true,true,false,"AI Overview, Thumbnail, People also ask, Discussions and forums",10,12,,1,0,4,,https://www.cruiseaway.com.au/cruises-from-la-to-mexico,2026-05-07 03:12:46
new caledonia cruise from melbourne,AU,Australia,English,"New Caledonia (Location), Melbourne (Location)",false,true,false,true,true,false,"AI Overview, People also ask",70,0,0.32,1,0,12,,https://www.cruiseaway.com.au/cruises/south-pacific/noumea,2026-04-14 01:30:09
cruises that leave from brisbane,AU,Australia,English,Brisbane (Location),false,true,false,true,true,false,"AI Overview, People also ask, Thumbnail",70,0,,1,0,12,,https://www.cruiseaway.com.au/cruises/australia/brisbane,2026-04-14 12:53:47
early bird deals,AU,Australia,English,,false,false,false,true,true,true,"People also ask, Discussions and forums",20,0,,1,0,5,,https://www.cruiseaway.com.au/early-bird-cruise-specials,2026-04-10 19:17:17
adult only cruise ships,AU,Australia,English,,false,false,false,true,true,false,"AI Overview, Thumbnail, Video preview, Sitelinks, People also ask, Discussions and forums, Bottom ads, Paid sitelinks",20,7,0.43,1,0,6,,https://www.cruiseaway.com.au/cruises/adult-only-virgin-voyages,2026-05-02 10:51:54
one way cruises to new zealand,AU,Australia,English,New Zealand (Location),false,false,false,true,true,false,"AI Overview, People also ask",20,0,,1,0,6,,https://www.cruiseaway.com.au/cruises-from-sydney-to-new-zealand,2026-04-10 05:53:32
cruise from nz,AU,Australia,English,New Zealand (Location),false,true,false,true,true,false,AI Overview,20,2,0.52,1,0,6,,https://www.cruiseaway.com.au/cruises/new-zealand,2026-04-15 11:18:25
melbourne to queensland cruise,AU,Australia,English,"Melbourne (Location), Queensland (Location)",false,true,false,true,true,false,"Top ads, Paid sitelinks, Thumbnail, Bottom ads",20,1,,1,0,5,,https://www.cruiseaway.com.au/short-cruises,2026-05-09 13:47:29
sydney to tasmania cruise one way,AU,Australia,English,Sydney to Tasmania (Location),false,true,false,true,true,false,"AI Overview, Thumbnail, Sitelinks, People also ask",20,0,,1,0,6,,https://www.cruiseaway.com.au/cruises-sydney-to-tasmania,2026-05-09 08:56:24
tasmania cruise from melbourne price,AU,Australia,English,Melbourne (Location),false,true,false,true,true,false,People also ask,20,0,,1,0,7,,https://www.cruiseaway.com.au/cruises/australia/tasmania,2026-04-21 18:34:19
cruises america,AU,Australia,English,United States (Location),false,false,false,true,true,true,,20,53,,1,0,6,,https://www.cruiseaway.com.au/cruises/usa-west-coast,2026-05-06 08:28:27
los angeles cruises,AU,Australia,English,Los Angeles (Location),false,true,false,true,true,false,"Thumbnail, People also ask, Bottom ads, Paid sitelinks",20,12,0.46,1,0,6,,https://www.cruiseaway.com.au/cruises/north-america/los-angeles,2026-04-20 03:10:17
kangaroo island cruises from melbourne,AU,Australia,English,"Kangaroo Island (Location), Melbourne (Location)",false,true,false,true,true,false,"AI Overview, Thumbnail, Top ads, Paid sitelinks, People also ask, Discussions and forums, Bottom ads",20,0,,1,0,1,AI Overview,https://www.cruiseaway.com.au/cruise-to-kangaroo-island-from-melbourne,2026-04-30 17:06:53
cruise from perth to darwin,AU,Australia,English,"Perth (Location), Darwin (Location)",false,true,false,true,true,false,"Thumbnail, People also ask, AI Overview",20,0,0.34,1,0,7,,https://www.cruiseaway.com.au/western-australia-cruises-from-perth-fremantle,2026-04-28 17:02:47
cruise sydney to los angeles,AU,Australia,English,Sydney to Los Angeles (Event),false,false,false,true,true,false,"AI Overview, People also ask",20,0,0.49,1,0,7,,https://www.cruiseaway.com.au/cruises/north-america/los-angeles,2026-05-01 18:50:44
brisbane cruise ship,AU,Australia,English,Brisbane (Location),false,true,false,true,true,false,Knowledge panel,40,4,0.38,1,0,9,,https://www.cruiseaway.com.au/cruises/australia/brisbane,2026-04-26 18:29:02
round the world cruises,AU,Australia,English,,false,false,false,true,true,false,"AI Overview, Thumbnail, People also ask",50,1,0.57,1,0,11,,https://www.cruiseaway.com.au/round-the-world-cruises/princess,2026-04-11 14:28:33
3-4 day cruises from sydney,AU,Australia,English,Sydney (Location),false,true,false,true,true,false,"Top ads, Paid sitelinks, AI Overview, Thumbnail, People also ask",30,2,,1,0,8,,https://www.cruiseaway.com.au/short-cruises,2026-04-28 21:45:12
cruise to south korea from australia,AU,Australia,English,"South Korea (Location), Australia (Location)",false,false,false,true,true,false,"Top ads, Paid sitelinks, AI Overview, Thumbnail, People also ask",30,0,,1,0,8,,https://www.cruiseaway.com.au/cruises/seoul,2026-05-05 01:51:28
a cruise ship,AU,Australia,English,,false,false,false,true,true,false,"People also ask, Thumbnail, Sitelinks",30,18,,1,0,8,,https://www.cruiseaway.com.au/ships,2026-04-25 22:22:50
cruises from hawaii to sydney 2024,AU,Australia,English,"Hawaii (Location), Sydney (Location)",false,true,false,true,true,false,"AI Overview, Sitelinks, People also ask, Discussions and forums",20,0,0.49,1,0,7,,https://www.cruiseaway.com.au/honolulu-to-sydney-cruise,2026-04-18 22:23:05
cruises from sydney to brisbane,AU,Australia,English,"Sydney (Location), Brisbane (Location)",false,true,false,true,true,false,"People also ask, Bottom ads, Paid sitelinks",60,1,0.36,1,0,11,,https://www.cruiseaway.com.au/short-cruises,2026-04-16 19:40:52
brisbane to japan cruise,AU,Australia,English,"Brisbane (Location), Japan (Location)",false,true,false,true,true,false,"AI Overview, Thumbnail, People also ask, Discussions and forums",60,0,0.46,1,0,12,,https://www.cruiseaway.com.au/cruises-to-japan,2026-05-04 23:19:32
cheap family cruise,AU,Australia,English,,false,false,false,true,true,false,"AI Overview, Thumbnail, Discussions and forums, Bottom ads",10,3,,1,0,5,,https://www.cruiseaway.com.au/family-cruises,2026-04-10 12:54:53
sydney to america cruise,AU,Australia,English,"Sydney (Location), America (Location)",false,true,false,true,true,false,People also ask,40,0,,1,0,9,,https://www.cruiseaway.com.au/cruise/transpacific-from-sydney-australia-with-the-royal-princess-18446909,2026-05-08 13:12:09
sydney weekend cruise,AU,Australia,English,Sydney (Location),false,true,false,true,true,false,"AI Overview, People also ask",40,3,,1,0,10,,https://www.cruiseaway.com.au/short-cruises,2026-05-08 18:14:12
cruises that leave from sydney,AU,Australia,English,Sydney (Location),false,true,false,true,true,false,"AI Overview, Thumbnail, People also ask",30,10,,1,0,9,,https://www.cruiseaway.com.au/cruises/australia/sydney,2026-05-06 08:39:17
cruises brisbane to airlie beach,AU,Australia,English,"Brisbane (Location), Airlie Beach (Location)",false,true,false,true,true,false,"AI Overview, People also ask",30,0,0.53,1,0,9,,https://www.cruiseaway.com.au/cruises/australia/airlie-beach,2026-04-25 13:56:52
cruises sydney to brisbane,AU,Australia,English,,false,true,false,true,true,false,"Top ads, AI Overview, Thumbnail",30,1,,1,0,1,AI Overview,https://www.cruiseaway.com.au/brisbane-to-sydney-cruises,2026-05-05 04:14:27
one way cruise,AU,Australia,English,,false,false,false,true,true,false,"Top ads, Paid sitelinks, Sitelinks, Thumbnail",50,2,0.28,1,2,10,,https://www.cruiseaway.com.au/repositioning-cruises,2026-04-14 22:05:16
cruises pacific,AU,Australia,English,Pacific (Location),false,false,false,true,true,true,,10,0,0.54,1,0,4,,https://www.cruiseaway.com.au/cruises/pacific,2026-05-10 23:27:12
adult cruise ships,AU,Australia,English,,false,false,false,true,true,false,"AI Overview, Thumbnail, Video preview, Sitelinks, People also ask",20,8,,1,0,8,,https://www.cruiseaway.com.au/cruises/adult-only-virgin-voyages,2026-04-27 06:48:53
cruise from sydney to hobart,AU,Australia,English,"Sydney (Location), Hobart (Location)",false,true,false,true,true,false,Thumbnail,50,0,,1,0,10,,https://www.cruiseaway.com.au/cruises-from-sydney-to-tasmania-2026,2026-04-16 06:12:17
australia to new zealand cruise price,AU,Australia,English,,false,false,false,true,true,false,"Thumbnail, People also ask",30,1,0.45,1,0,7,,https://www.cruiseaway.com.au/cruises-from-sydney-to-new-zealand,2026-04-29 03:27:17
whitsunday cruises from sydney,AU,Australia,English,"Whitsunday Cruises (Event), Sydney (Location)",false,true,false,true,true,false,People also ask,30,0,,1,0,7,,https://www.cruiseaway.com.au/cruises/australia/whitsunday-islands,2026-04-26 04:22:53
cruise for family,AU,Australia,English,,false,false,false,true,true,false,"Top ads, AI Overview, Thumbnail, People also ask, Discussions and forums",30,0,,1,0,8,,https://www.cruiseaway.com.au/family-cruises,2026-04-22 00:54:55
cruise ships with water slides australia,AU,Australia,English,Australia (Location),false,true,false,true,true,false,"AI Overview, Thumbnail, People also ask, Discussions and forums, Video preview",30,0,,1,0,8,,https://www.cruiseaway.com.au/ship/carnival-adventure,2026-05-01 23:05:56
mystery island cruise ship schedule,AU,Australia,English,Mystery Island (Location),false,false,false,true,false,false,"People also ask, AI Overview",20,0,0.32,1,0,7,,https://www.cruiseaway.com.au/cruises/south-pacific/mystery-island,2026-05-03 10:41:02
cruise ex sydney,AU,Australia,English,Sydney (Location),false,true,false,true,true,false,Thumbnail,30,12,0.53,1,0,8,,https://www.cruiseaway.com.au/cruises/australia/sydney,2026-05-03 01:42:32
australia cruises from brisbane,AU,Australia,English,Brisbane (Location),false,true,false,true,true,false,"AI Overview, People also ask",30,0,,1,0,9,,https://www.cruiseaway.com.au/cruises/australia/brisbane,2026-04-25 16:53:48
venice cruises,AU,Australia,English,Venice (Location),false,true,false,true,true,false,"Top ads, Thumbnail, People also ask",60,0,1.05,1,0,11,,https://www.cruiseaway.com.au/cruises/mediterranean/venice,2026-04-17 00:12:27
last.minute cruise deals,AU,Australia,English,,false,false,false,true,true,true,"AI Overview, People also ask, Thumbnail",30,6,,1,0,10,,https://www.cruiseaway.com.au/last-minute-cruises,2026-05-04 22:51:02
cruise package deals,AU,Australia,English,,false,false,false,true,true,true,,50,31,0.53,1,0,10,,https://www.cruiseaway.com.au/cheap-cruises,2026-04-10 05:35:47
cruises from darwin to sydney,AU,Australia,English,"Darwin (Location), Sydney (Location)",false,true,false,true,true,false,"AI Overview, Thumbnail, People also ask",10,0,0.47,1,0,1,AI Overview,https://www.cruiseaway.com.au/cruises-from-darwin,2026-04-15 05:15:18
cruises to figi,AU,Australia,English,Fiji (Location),false,false,false,true,true,false,People also ask,10,0,,1,0,3,,https://www.cruiseaway.com.au/cruises-to-fiji,2026-04-28 15:57:41
cruises to south pacific from australia,AU,Australia,English,South Pacific (Location),false,false,false,true,true,false,"Top ads, Paid sitelinks, AI Overview, Thumbnail",10,0,0.56,1,0,4,,https://www.cruiseaway.com.au/cruises-from-sydney-to-south-pacific,2026-05-01 06:58:52
over 18 cruises,AU,Australia,English,,false,false,false,true,true,false,"People also ask, Video preview",10,17,0.52,1,0,3,,https://www.cruiseaway.com.au/cruises/adult-only-virgin-voyages,2026-04-28 19:40:16
cheap river cruises in europe,AU,Australia,English,,false,false,false,true,true,false,"AI Overview, Thumbnail, People also ask, Bottom ads, Paid sitelinks",10,2,0.82,1,0,3,,https://www.cruiseaway.com.au/cruises/european-river,2026-05-05 21:20:56
cruise trip adelaide,AU,Australia,English,Adelaide (Location),false,true,false,true,true,false,"Top ads, Paid sitelinks, Local pack, Thumbnail, People also ask",10,0,0.34,1,0,2,,https://www.cruiseaway.com.au/cruises/adelaide,2026-04-19 22:36:39
amalfi cruise,AU,Australia,English,Amalfi Coast (Location),false,false,false,true,true,false,"Thumbnail, Local pack, People also ask, Discussions and forums, Bottom ads, Paid sitelinks",10,0,0.95,1,0,6,,https://www.cruiseaway.com.au/cruises/amalfi,2026-05-05 10:53:30
day cruise adelaide,AU,Australia,English,Adelaide (Location),false,true,false,true,false,false,"Local pack, People also ask",10,8,0.22,1,0,6,,https://www.cruiseaway.com.au/short-cruises-from-adelaide,2026-05-05 05:57:44
cruise from melb,AU,Australia,English,Melbourne (Location),false,true,false,true,true,false,"Top ads, Paid sitelinks, Thumbnail",40,0,,1,0,9,,https://www.cruiseaway.com.au/cruises/australia/melbourne,2026-05-01 00:59:29
melbourne to perth cruise,AU,Australia,English,,false,true,false,true,true,false,"AI Overview, Thumbnail, People also ask",40,0,,1,0,10,,https://www.cruiseaway.com.au/cruises/australia/perth,2026-04-17 16:00:18
4 day cruise from sydney 2023,AU,Australia,English,Sydney (Location),false,true,false,true,true,false,"Sitelinks, Video preview",30,2,0.36,1,0,7,,https://www.cruiseaway.com.au/short-cruises,2026-05-09 06:15:08
cruises leaving australia,AU,Australia,English,Australia (Location),false,true,false,true,true,false,"AI Overview, People also ask, Discussions and forums, Thumbnail",50,22,0.45,1,0,11,,https://www.cruiseaway.com.au/princess-cruises-australia-2026-2027-season-launch,2026-05-09 10:45:59
au cruises,AU,Australia,English,,false,false,false,true,true,false,Thumbnail,50,61,,1,0,10,,https://www.cruiseaway.com.au/cruises/australia,2026-04-17 13:13:47
cruise perth to singapore,AU,Australia,English,"Perth (Location), Singapore (Location)",false,true,false,true,true,false,People also ask,50,0,,1,0,10,,https://www.cruiseaway.com.au/cruises-from-perth-to-singapore,2026-05-07 06:12:57
cruise 2025,AU,Australia,English,,false,false,false,true,true,false,People also ask,50,60,0.39,1,0,10,,https://www.cruiseaway.com.au/cruises/australia/sydney,2026-05-02 22:02:59
best cruise from brisbane,AU,Australia,English,Brisbane (Location),false,true,false,true,true,false,"AI Overview, Thumbnail, People also ask, Discussions and forums",50,0,,1,0,11,,https://www.cruiseaway.com.au/cruises/australia/brisbane,2026-05-05 15:40:53
last minute cruise bookings,AU,Australia,English,,false,false,false,true,true,true,People also ask,20,6,0.34,1,0,7,,https://www.cruiseaway.com.au/last-minute-cruises,2026-04-23 14:21:32
crucero sydney,AU,Australia,Spanish,Sydney (Location),false,true,false,true,true,false,"Top ads, Paid sitelinks, Thumbnail",20,39,,1,0,7,,https://www.cruiseaway.com.au/cruises/australia/sydney,2026-04-11 12:50:03
last minute cruise ship deals,AU,Australia,English,,false,false,false,true,true,true,AI Overview,20,6,,1,0,8,,https://www.cruiseaway.com.au/last-minute-cruises,2026-05-04 15:48:52
cruise from bne,AU,Australia,English,Brisbane (Location),false,true,false,true,true,false,AI Overview,30,1,,1,0,9,,https://www.cruiseaway.com.au/cruises/australia/brisbane,2026-04-18 02:33:23
cruise in greece,AU,Australia,English,Greece (Location),false,false,false,true,true,false,"Thumbnail, AI Overview, People also ask",20,5,,1,0,7,,https://www.cruiseaway.com.au/cruises-to-greece,2026-05-06 03:52:17
sale cruise,AU,Australia,English,,false,false,false,true,true,false,,20,11,1.26,1,0,6,,https://www.cruiseaway.com.au/cruises-under-999,2026-05-10 04:46:25
cruisers from brisbane,AU,Australia,English,Brisbane (Location),false,true,false,true,true,false,,20,1,,1,0,7,,https://www.cruiseaway.com.au/cruises/australia/brisbane,2026-04-24 04:01:02
brisbane short cruises,AU,Australia,English,Brisbane (Location),false,true,false,true,true,false,,30,0,,1,0,9,,https://www.cruiseaway.com.au/short-cruises-from-brisbane-2026,2026-05-07 14:12:16
cruises around the uk,AU,Australia,English,,false,false,false,true,true,false,"People also ask, Bottom ads, Paid sitelinks",20,1,,1,0,6,,https://www.cruiseaway.com.au/cruises/british-isles,2026-04-18 17:42:38
caribbean australia,AU,Australia,English,"Caribbean (Location), Australia (Location)",false,true,false,true,true,false,"Sitelinks, People also ask",20,11,,1,0,5,,https://www.cruiseaway.com.au/cruiseline/royal-caribbean-cruises,2026-04-16 04:34:26
round the world cruise cost,AU,Australia,English,,false,false,false,true,true,false,"AI Overview, Video preview, Thumbnail, People also ask",10,1,0.40,1,0,5,,https://www.cruiseaway.com.au/round-the-world-cruises/princess,2026-05-09 14:41:12
cruise to noumea from brisbane,AU,Australia,English,"Nouméa (Location), Brisbane (Location)",false,true,false,true,true,true,"AI Overview, Thumbnail, People also ask, Video preview",10,0,0.41,1,0,5,,https://www.cruiseaway.com.au/cruises/south-pacific/noumea,2026-05-04 19:52:57
nile cruise prices,AU,Australia,English,,false,false,false,true,true,false,People also ask,10,0,0.32,1,0,4,,https://www.cruiseaway.com.au/cruises/egypt-nile,2026-04-16 00:39:11
australia to india by ship,AU,Australia,English,,false,false,false,true,false,false,"AI Overview, Thumbnail, People also ask, Sitelinks",10,0,0.33,1,0,1,AI Overview,https://www.cruiseaway.com.au/cruises/india,2026-04-14 19:23:02
cruise kangaroo island from melbourne,AU,Australia,English,"Kangaroo Island (Location), Melbourne (Location)",false,true,false,true,true,false,"Top ads, AI Overview, Thumbnail, People also ask, Bottom ads, Paid sitelinks",10,0,,1,0,5,,https://www.cruiseaway.com.au/cruise-to-kangaroo-island-from-melbourne,2026-04-29 02:44:28
cruises in thailand,AU,Australia,English,Thailand (Location),false,false,false,true,true,false,"AI Overview, People also ask",10,0,0.39,1,0,4,,https://www.cruiseaway.com.au/cruises-to-thailand,2026-04-09 20:38:47
cruises from adelaide,AU,Australia,English,Adelaide (Location),false,true,false,true,true,false,"AI Overview, People also ask, Thumbnail, Video preview",2700,0,0.09,1,0,31,,https://www.cruiseaway.com.au/cruises/australia/adelaide,2026-05-11 02:15:04
australian cruise deals,AU,Australia,English,,false,false,false,true,true,false,"Top ads, Paid sitelinks, Thumbnail",60,47,0.45,1,7,9,,https://www.cruiseaway.com.au/cruises-under-999,2026-04-30 18:02:27
cruise ships to new zealand,AU,Australia,English,New Zealand (Location),false,false,false,true,true,false,"AI Overview, Thumbnail, People also ask",30,2,0.45,1,0,9,,https://www.cruiseaway.com.au/cruises-from-sydney-to-new-zealand,2026-05-06 13:00:44
cruise circumnavigate australia,AU,Australia,English,Australia (Location),false,false,false,true,true,false,"AI Overview, People also ask",30,0,0.43,1,0,9,,https://www.cruiseaway.com.au/28-day-cruise-around-australia,2026-04-16 01:03:05
pacific island cruise from brisbane,AU,Australia,English,Brisbane (Location),false,true,false,true,true,false,"Top ads, Paid sitelinks, AI Overview, Thumbnail",30,0,,1,0,9,,https://www.cruiseaway.com.au/south-pacific-cruises-from-brisbane-2027,2026-05-10 07:02:33
cruises to fremantle,AU,Australia,English,Fremantle (Location),false,true,false,true,true,false,"Top ads, Paid sitelinks, Thumbnail, AI Overview, People also ask, Bottom ads",30,0,,1,0,9,,https://www.cruiseaway.com.au/western-australia-cruises-from-perth-fremantle,2026-05-11 08:13:18
domestic cruises,AU,Australia,English,,false,false,false,true,true,false,"AI Overview, Sitelinks, People also ask",30,39,0.42,1,0,9,,https://www.cruiseaway.com.au/cheap-cruises,2026-04-14 16:28:07
melbourne cruise,AU,Australia,English,Melbourne (Location),false,true,false,true,true,false,"Local pack, Thumbnail, Video preview",350,2,0.29,1,0,20,,https://www.cruiseaway.com.au/cruises/australia/melbourne,2026-04-24 22:04:12
cruise holidays from melbourne,AU,Australia,English,Melbourne (Location),false,true,false,true,true,true,"Top ads, Paid sitelinks, Thumbnail, People also ask, Bottom ads",40,1,0.48,1,1,9,,https://www.cruiseaway.com.au/cruises/australia/melbourne,2026-05-03 18:52:54
brisbane to alaska cruise,AU,Australia,English,"Brisbane (Location), Alaska (Location)",false,true,false,true,true,false,"AI Overview, Thumbnail, People also ask",40,0,0.63,1,0,10,,https://www.cruiseaway.com.au/cruises/alaska-cruise,2026-04-19 00:03:18
australian cruising,AU,Australia,English,,false,false,false,true,true,false,,40,44,,1,0,9,,https://www.cruiseaway.com.au/cruises/australia,2026-04-17 11:08:44
june cruises from brisbane,AU,Australia,English,Brisbane (Location),false,true,false,true,true,false,"People also ask, Bottom ads, Paid sitelinks",40,0,,1,0,9,,https://www.cruiseaway.com.au/cruises/australia/brisbane,2026-05-05 22:24:56
cruises to singapore from sydney,AU,Australia,English,"Singapore (Location), Sydney (Location)",false,true,false,true,true,false,"AI Overview, People also ask, Discussions and forums",40,0,,1,0,10,,https://www.cruiseaway.com.au/cruises-from-singapore-to-sydney,2026-05-04 07:05:13
vanuatu cruises from sydney,AU,Australia,English,Sydney (Location),false,true,false,true,true,false,"People also ask, Video preview",60,0,,1,0,11,,https://www.cruiseaway.com.au/cruises/south-pacific/mystery-island,2026-04-17 16:51:40
cruise australia to hawaii,AU,Australia,English,"Australia (Location), Hawaii (Location)",false,true,false,true,true,false,"Top ads, Paid sitelinks, Thumbnail, AI Overview, People also ask",150,0,0.30,1,0,11,,https://www.cruiseaway.com.au/cruises-from-sydney-to-hawaii-2027,2026-04-20 03:38:33
cheap deals on cruises,AU,Australia,English,,false,false,false,true,true,false,AI Overview,10,28,0.94,1,0,1,,https://www.cruiseaway.com.au/cheap-cruises,2026-05-07 13:06:53
singles cruise over 50,AU,Australia,English,,false,false,false,true,true,false,"AI Overview, Thumbnail, People also ask, Sitelinks, Discussions and forums",10,1,,1,0,2,,https://www.cruiseaway.com.au/singles-cruises,2026-04-25 01:25:46
cruise from brisbane 2025,AU,Australia,English,Brisbane (Location),false,true,false,true,true,false,"AI Overview, Bottom ads, Paid sitelinks",40,1,,1,0,11,,https://www.cruiseaway.com.au/cruises/australia/brisbane,2026-04-27 16:57:56
fiji and south pacific cruise,AU,Australia,English,"Fiji (Location), South Pacific (Location)",false,false,false,true,true,false,"Top ads, Paid sitelinks, AI Overview, Thumbnail, People also ask",20,0,0.46,1,0,8,,https://www.cruiseaway.com.au/cruises-from-sydney-to-fiji,2026-04-09 22:49:36
last minute short cruises from sydney,AU,Australia,English,Sydney (Location),false,true,false,true,true,true,"Top ads, Bottom ads, Paid sitelinks",30,1,0.26,1,2,6,,https://www.cruiseaway.com.au/last-minute-cruises-from-sydney,2026-04-17 22:58:00
cheap cruses,AU,Australia,English,,false,false,false,true,true,false,,10,30,,1,0,6,,https://www.cruiseaway.com.au/cheap-cruises,2026-05-08 05:01:52
cheap river cruises 2024,AU,Australia,English,,false,false,false,true,true,false,"Thumbnail, People also ask, Sitelinks",0,19,,1,0,1,,https://www.cruiseaway.com.au/river-cruises,2026-05-09 23:13:25
cheap river cruises 2023,AU,Australia,English,,false,false,false,true,true,false,"Thumbnail, Sitelinks, People also ask",0,0,0.47,1,0,1,,https://www.cruiseaway.com.au/river-cruises,2026-05-03 07:12:53
cruise on sale,AU,Australia,English,,false,false,false,true,true,false,"Top ads, Paid sitelinks, Thumbnail",60,11,0.45,1,0,8,,https://www.cruiseaway.com.au/cruise-sale-finder,2026-04-23 06:14:54
cruise from brisbane to whitsundays,AU,Australia,English,"Brisbane (Location), Whitsundays (Location)",false,true,false,true,true,false,"AI Overview, Video preview, People also ask",60,1,0.46,1,0,12,,https://www.cruiseaway.com.au/cruises/australia/airlie-beach,2026-04-16 03:05:29
cruise to philippines from australia,AU,Australia,English,Philippines (Location),false,false,false,true,true,false,"AI Overview, Thumbnail, People also ask",40,0,0.36,1,0,11,,https://www.cruiseaway.com.au/cruises/asia/manila,2026-04-10 01:45:50
crew ship,AU,Australia,English,,false,false,false,true,false,false,"AI Overview, Video preview, Thumbnail, People also ask, Top stories",40,72,0.23,1,0,11,,https://www.cruiseaway.com.au/ships,2026-05-03 10:29:53
cruise bali to australia,AU,Australia,English,"Bali (Location), Australia (Location)",false,true,false,true,true,false,"AI Overview, Thumbnail, People also ask",10,0,,1,0,6,,https://www.cruiseaway.com.au/cruise/australia-from-bali-benoa-indonesia-with-the-viking-orion-18113744,2026-04-20 23:46:53
cheap cruise to new zealand,AU,Australia,English,New Zealand (Location),false,false,false,true,true,true,"AI Overview, Thumbnail, Top ads, Paid sitelinks, People also ask, Bottom ads",20,1,,1,0,7,,https://www.cruiseaway.com.au/cruises-from-sydney-to-new-zealand,2026-04-30 13:33:53
boat cruises around australia,AU,Australia,English,,false,false,false,true,true,false,"AI Overview, Thumbnail, People also ask, Local pack",20,47,,1,0,1,AI Overview,https://www.cruiseaway.com.au/28-day-cruise-around-australia,2026-05-09 05:39:46
cruise from melbourne to melbourne,AU,Australia,English,Melbourne (Location),false,true,false,true,true,false,"Thumbnail, AI Overview, Bottom ads, Paid sitelinks",20,0,0.45,1,0,7,,https://www.cruiseaway.com.au/melbourne-to-melbourne-cruise,2026-04-23 14:45:28
cruises from bne,AU,Australia,English,Brisbane (Location),false,true,false,true,true,false,"Top ads, People also ask",30,0,,1,0,8,,https://www.cruiseaway.com.au/cruises/australia/brisbane,2026-04-15 12:43:53
tangalooma moreton island cruise,AU,Australia,English,"Tangalooma (Location), Moreton Island (Location)",false,true,false,true,true,false,"Thumbnail, People also ask, Video preview",30,12,0.55,1,0,8,,https://www.cruiseaway.com.au/cruises/moreton-island,2026-05-07 21:59:52
easter cruise from brisbane,AU,Australia,English,Brisbane (Location),false,true,false,true,true,false,Video preview,30,0,,1,0,9,,https://www.cruiseaway.com.au/april-cruises,2026-04-29 10:13:54
new guinea cruises from brisbane,AU,Australia,English,"New Guinea (Location), Brisbane (Location)",false,true,false,true,true,false,"AI Overview, Thumbnail, Video preview, People also ask, Bottom ads, Paid sitelinks",50,0,,1,0,12,,https://www.cruiseaway.com.au/cruises/papua-new-guinea,2026-04-29 09:23:53
ibiza cruise,AU,Australia,English,Ibiza (Location),false,true,false,true,true,false,"Top ads, Thumbnail, Local pack",40,0,1.04,1,0,10,,https://www.cruiseaway.com.au/cruises/mediterranean/ibiza,2026-05-05 21:58:03
sydney to alaska cruise,AU,Australia,English,"Sydney (Location), Alaska (Location)",false,true,false,true,true,false,"AI Overview, Thumbnail, People also ask, Bottom ads, Paid sitelinks",40,0,0.40,1,0,11,,https://www.cruiseaway.com.au/the-canadian-rockies-and-seattles-skies,2026-04-30 18:04:45
cruise to samoa from australia,AU,Australia,English,"Samoa (Location), Australia (Location)",false,false,false,true,true,false,AI Overview,40,0,,1,0,11,,https://www.cruiseaway.com.au/cruises/south-pacific/apia,2026-04-17 06:01:29
cruise wa,AU,Australia,English,Western Australia (Location),false,true,false,true,true,false,"AI Overview, Thumbnail, Top ads, Paid sitelinks, Bottom ads",40,4,0.57,1,1,1,AI Overview,https://www.cruiseaway.com.au/cruises/australia/perth,2026-04-11 20:36:18
cruise easter,AU,Australia,English,,false,false,false,true,true,true,,20,0,,1,0,7,,https://www.cruiseaway.com.au/easter-cruises-2026-from-sydney,2026-05-01 10:42:32
last min cruise deals,AU,Australia,English,,false,false,false,true,true,true,People also ask,20,4,,1,0,7,,https://www.cruiseaway.com.au/last-minute-cruises,2026-05-04 21:14:17
3 day cruise deals,AU,Australia,English,,false,false,false,true,true,false,,10,3,0.42,1,0,3,,https://www.cruiseaway.com.au/short-cruises,2026-04-30 06:24:52
local cruises australia,AU,Australia,English,Australia (Location),false,true,false,true,true,false,"People also ask, Thumbnail",10,21,0.46,1,0,3,,https://www.cruiseaway.com.au/oz-cruises,2026-04-21 22:56:47
cruceros desde australia,AU,Australia,Spanish,Australia (Location),false,true,false,true,true,false,"Top ads, Paid sitelinks, Bottom ads",10,43,0.37,1,0,3,,https://www.cruiseaway.com.au/cruises/australia,2026-04-27 04:06:28
cruises small ships,AU,Australia,English,,false,false,false,true,true,false,"AI Overview, People also ask, Sitelinks",10,9,,1,0,2,,https://www.cruiseaway.com.au/small-ship-cruises,2026-05-06 18:21:01
cruise liners australia,AU,Australia,English,Australia (Location),false,true,false,true,true,false,"AI Overview, Thumbnail, People also ask",60,20,0.53,1,0,12,,https://www.cruiseaway.com.au/cruises/australia,2026-04-26 02:29:06
mystery island south pacific,AU,Australia,English,Mystery Island (Location),false,false,false,true,false,false,"People also ask, Thumbnail",10,0,,1,0,5,,https://www.cruiseaway.com.au/cruises/south-pacific/mystery-island,2026-05-05 13:17:54
cruising around,AU,Australia,English,,false,false,false,true,true,false,People also ask,10,64,0.45,1,0,5,,https://www.cruiseaway.com.au/cruise-around-australia,2026-04-21 15:45:27
domestic cruise australia,AU,Australia,English,Australia (Location),false,true,false,true,true,false,"AI Overview, Thumbnail, People also ask, Discussions and forums",10,21,0.76,1,0,6,,https://www.cruiseaway.com.au/cruises/australia,2026-05-04 15:37:50
british isle cruises,AU,Australia,English,British Isles (Location),false,false,false,true,true,false,"Thumbnail, Discussions and forums",10,0,0.66,1,0,5,,https://www.cruiseaway.com.au/cruises/british-isles,2026-05-11 08:55:20
cruze ship,AU,Australia,English,,false,false,false,true,true,false,"Top stories, Thumbnail, People also ask",30,66,0.45,1,0,9,,https://www.cruiseaway.com.au/ships,2026-05-09 23:26:25
what cruises leave from melbourne,AU,Australia,English,Melbourne (Location),false,true,false,true,true,false,"AI Overview, Thumbnail, People also ask",30,0,0.23,1,0,10,,https://www.cruiseaway.com.au/cruises/australia/melbourne,2026-05-06 16:08:55
cruises around uk,AU,Australia,English,UK (Location),false,false,false,true,true,false,"Thumbnail, People also ask",50,2,0.68,1,0,11,,https://www.cruiseaway.com.au/cruises/british-isles,2026-05-09 01:26:32
cruise for 3 days,AU,Australia,English,,false,false,false,true,true,false,"AI Overview, People also ask, Video preview",20,2,,1,0,8,,https://www.cruiseaway.com.au/3-day-cruises-from-melbourne,2026-04-24 21:13:04
sydney to hong kong cruise,AU,Australia,English,,false,true,false,true,true,false,"AI Overview, People also ask",30,0,,1,0,9,,https://www.cruiseaway.com.au/cruises/asia/hong-kong,2026-04-22 07:13:02
cruise from sydney to gold coast,AU,Australia,English,"Sydney (Location), Gold Coast (Location)",false,true,false,true,true,false,"Top ads, Paid sitelinks, AI Overview, Bottom ads",30,30,,1,0,9,,https://www.cruiseaway.com.au/short-cruises,2026-04-18 12:47:53
cruise around australia 2025,AU,Australia,English,,false,false,false,true,true,false,"AI Overview, Thumbnail, People also ask",40,7,0.41,1,0,11,,https://www.cruiseaway.com.au/cruises/australia,2026-04-13 00:46:42
cruises to vietnam from australia,AU,Australia,English,Vietnam (Location),false,false,false,true,true,false,"AI Overview, Thumbnail, People also ask, Discussions and forums",40,0,,1,0,1,AI Overview,https://www.cruiseaway.com.au/cruise-to-vietnam-from-australia,2026-04-27 06:58:32
international cruises from brisbane,AU,Australia,English,Brisbane (Location),false,true,false,true,true,false,"Thumbnail, AI Overview, People also ask",40,1,,1,0,11,,https://www.cruiseaway.com.au/cruises/australia/brisbane,2026-04-14 19:17:16
book cruise sydney,AU,Australia,English,Sydney (Location),false,true,false,false,true,true,"Top ads, Local pack",40,18,0.63,1,0,11,,https://www.cruiseaway.com.au/cruises/australia/sydney,2026-04-19 11:46:53
cruises to champagne bay,AU,Australia,English,Champagne Bay (Location),false,false,false,true,true,false,"Top ads, Paid sitelinks, Thumbnail, People also ask",10,0,,1,0,2,,https://www.cruiseaway.com.au/cruises/south-pacific/champagne-bay,2026-05-11 03:03:53
cheap cruises melbourne,AU,Australia,English,Melbourne (Location),false,true,false,true,true,false,,10,1,,1,0,4,,https://www.cruiseaway.com.au/cruises/australia/melbourne,2026-04-18 10:55:32
small cruise ships australia,AU,Australia,English,Australia (Location),false,true,false,true,true,false,"AI Overview, Thumbnail, People also ask",50,5,0.57,1,0,12,,https://www.cruiseaway.com.au/small-ship-cruises,2026-04-11 12:30:30
cruise from malta,AU,Australia,English,Malta (Location),false,true,false,true,true,false,"Top ads, Paid sitelinks, People also ask, Thumbnail, Bottom ads",20,0,,1,0,6,,https://www.cruiseaway.com.au/cruises/valletta,2026-04-14 08:57:53
australia to hawaii cruises,AU,Australia,English,,false,false,false,true,true,false,,20,0,,1,0,6,,https://www.cruiseaway.com.au/cruises-from-sydney-to-hawaii-2027,2026-04-16 05:03:40
cruise discount,AU,Australia,English,,false,false,false,true,true,false,"People also ask, Thumbnail",30,43,1.07,1,0,9,,https://www.cruiseaway.com.au/cheap-cruises,2026-04-20 00:51:02
cruise ticket prices,AU,Australia,English,,false,false,false,true,true,false,"AI Overview, Thumbnail, People also ask",10,28,0.28,1,0,5,,https://www.cruiseaway.com.au/cheap-cruises,2026-04-30 22:36:52
cruise lines sydney,AU,Australia,English,Sydney (Location),false,true,false,true,true,false,"AI Overview, Thumbnail, Local pack, Discussions and forums",20,4,0.55,1,0,8,,https://www.cruiseaway.com.au/cruises/australia/sydney,2026-04-25 05:02:45
cryise ship,AU,Australia,English,,false,false,false,true,true,false,"Top stories, Thumbnail, People also ask",20,57,,1,0,7,,https://www.cruiseaway.com.au/ships,2026-04-12 15:27:18
asia cruises from sydney,AU,Australia,English,Sydney (Location),false,true,false,true,true,false,AI Overview,20,0,,1,0,8,,https://www.cruiseaway.com.au/cruise/delights-of-south-east-asia-inclusive-18178887,2026-04-28 19:59:53
cruise amalfi coast,AU,Australia,English,Amalfi Coast (Location),false,false,false,true,true,false,"AI Overview, Thumbnail",20,0,0.95,1,0,8,,https://www.cruiseaway.com.au/cruises/amalfi,2026-04-28 04:39:24
cruise sites,AU,Australia,English,,false,false,false,true,true,false,"People also ask, Discussions and forums, Thumbnail",20,65,0.46,1,0,7,,https://www.cruiseaway.com.au/,2026-05-02 17:02:28
cruise hawaii to australia,AU,Australia,English,"Hawaii (Location), Australia (Location)",false,true,false,true,true,false,"AI Overview, Thumbnail, People also ask",40,0,0.46,1,0,1,AI Overview,https://www.cruiseaway.com.au/cruises-from-hawaii-to-sydney,2026-04-14 16:28:19
sydney to usa cruise,AU,Australia,English,"Sydney (Location), USA (Location)",false,true,false,true,true,false,"AI Overview, People also ask, Bottom ads, Paid sitelinks",40,0,0.52,1,0,11,,https://www.cruiseaway.com.au/cruise/transpacific-from-sydney-australia-with-the-carnival-luminosa-18314324,2026-04-29 02:38:13
cruises airlie beach,AU,Australia,English,Airlie Beach (Location),false,true,false,true,true,false,"Thumbnail, Local pack",40,2,0.63,1,0,11,,https://www.cruiseaway.com.au/cruises/australia/airlie-beach,2026-05-03 01:30:28
december cruises from melbourne,AU,Australia,English,Melbourne (Location),false,true,false,true,true,false,"People also ask, Bottom ads",40,1,,1,0,10,,https://www.cruiseaway.com.au/cruises/australia/melbourne,2026-04-10 02:30:07
cruises from sydney to hobart,AU,Australia,English,"Sydney (Location), Hobart (Location)",false,true,false,true,true,false,"Top ads, Paid sitelinks, AI Overview, Thumbnail, Bottom ads",40,0,,1,0,11,,https://www.cruiseaway.com.au/cruises-from-sydney-to-tasmania-2026,2026-04-19 20:24:07
cruise from sydney 2025,AU,Australia,English,Sydney (Location),false,true,false,true,true,false,"AI Overview, Thumbnail, Video preview",150,12,0.36,1,0,17,,https://www.cruiseaway.com.au/short-cruises,2026-04-25 03:52:57
solo prices,AU,Australia,English,,false,false,false,true,true,false,Sitelinks,30,0,,1,0,8,,https://www.cruiseaway.com.au/singles-cruises,2026-04-24 11:53:36
sydney to asia cruise,AU,Australia,English,"Sydney (Location), Asia (Location)",false,true,false,true,true,false,"Top ads, Paid sitelinks, AI Overview, Thumbnail",30,0,,1,0,9,,https://www.cruiseaway.com.au/cruise/delights-of-south-east-asia-inclusive-18178887,2026-05-01 00:49:27
cruise to england from australia,AU,Australia,English,"England (Location), Australia (Location)",false,false,false,true,true,false,"AI Overview, People also ask",30,0,,1,0,9,,https://www.cruiseaway.com.au/cruise/british-isles-with-london-stay-18281387,2026-05-07 12:00:46
cruising to new zealand,AU,Australia,English,New Zealand (Location),false,false,false,true,true,false,"Top ads, Paid sitelinks, AI Overview, Thumbnail, People also ask, Bottom ads",30,1,1.27,1,0,9,,https://www.cruiseaway.com.au/cruises-from-sydney-to-new-zealand,2026-04-18 15:45:54
myster island,AU,Australia,English,Mystery Island (Location),false,false,false,true,false,false,"AI Overview, Thumbnail, People also ask, Discussions and forums",30,1,,1,0,9,,https://www.cruiseaway.com.au/cruises/south-pacific/mystery-island,2026-05-11 07:38:51
hawaii cruises,AU,Australia,English,Hawaii (Location),false,true,false,true,true,false,"People also ask, Video preview, Thumbnail",500,0,0.49,1,0,22,,https://www.cruiseaway.com.au/cruises-from-hawaii,2026-05-05 10:18:25
cruises darwin,AU,Australia,English,Darwin (Location),false,true,false,true,true,false,"Top ads, Paid sitelinks, Local pack, Thumbnail",30,24,0.53,1,0,10,,https://www.cruiseaway.com.au/cruises-from-darwin,2026-04-26 12:44:28
short cruises out of sydney,AU,Australia,English,Sydney (Location),false,true,false,true,true,false,"AI Overview, Thumbnail, People also ask",30,1,,1,0,10,,https://www.cruiseaway.com.au/short-cruises,2026-04-22 14:18:47
cruises may 2025,AU,Australia,English,,false,false,false,true,true,false,,30,49,,1,0,9,,https://www.cruiseaway.com.au/may-cruises,2026-04-23 23:20:41
adelaide to melbourne cruise,AU,Australia,English,,false,true,false,true,true,false,AI Overview,40,0,0.24,1,0,11,,https://www.cruiseaway.com.au/cruises/adelaide,2026-04-11 05:17:47
cruise from perth to broome,AU,Australia,English,"Perth (Location), Broome (Location)",false,true,false,true,true,false,"Top ads, Thumbnail, People also ask",40,0,0.46,1,0,10,,https://www.cruiseaway.com.au/cruises/australia/broome,2026-05-10 02:35:06
capetown australia,AU,Australia,English,"Cape Town (Location), Australia (Location)",false,true,false,true,false,false,"AI Overview, People also ask, Discussions and forums",20,0,,1,0,8,,https://www.cruiseaway.com.au/cruises/africa/cape-town,2026-05-09 10:41:18
sydney brisbane cruise,AU,Australia,English,"Sydney (Location), Brisbane (Location)",false,true,false,true,true,false,"AI Overview, Thumbnail",10,1,,1,0,1,AI Overview,https://www.cruiseaway.com.au/brisbane-to-sydney-cruises,2026-04-24 11:15:19
transpacific cruise from sydney,AU,Australia,English,Sydney (Location),false,true,false,true,true,false,"Top ads, AI Overview, Thumbnail",10,0,0.44,1,0,1,AI Overview,https://www.cruiseaway.com.au/cruise/transpacific-from-sydney-australia-with-the-royal-princess-18446906,2026-05-01 22:49:53
cruise komodo island,AU,Australia,English,Komodo Island (Location),false,false,false,true,true,false,"Top ads, Paid sitelinks, Thumbnail",10,2,0.80,1,0,5,,https://www.cruiseaway.com.au/cruises/asia/komodo,2026-04-22 00:46:27
cruises to tangalooma,AU,Australia,English,Tangalooma (Location),false,true,false,true,true,false,"Knowledge panel, People also ask",10,12,,1,0,5,,https://www.cruiseaway.com.au/cruises/moreton-island,2026-04-28 15:32:37
perth to adelaide cruise,AU,Australia,English,Perth to Adelaide (Location),false,true,false,true,true,false,"Thumbnail, People also ask",10,0,0.26,1,0,5,,https://www.cruiseaway.com.au/cruises/adelaide,2026-04-28 20:02:32
cruise turkey,AU,Australia,English,Turkey (Location),false,false,false,true,true,false,People also ask,50,0,0.88,1,0,11,,https://www.cruiseaway.com.au/cruises-to-turkey,2026-04-22 11:36:28
last.minute cruise,AU,Australia,English,,false,false,false,true,true,true,"Top ads, Paid sitelinks, Discussions and forums",20,4,,1,0,7,,https://www.cruiseaway.com.au/last-minute-cruises,2026-04-17 09:48:30
japan to sydney cruise,AU,Australia,English,"Japan (Location), Sydney (Location)",false,true,false,true,true,false,"AI Overview, People also ask",20,0,0.54,1,0,8,,https://www.cruiseaway.com.au/travelzoo-exclusive-sydney-to-japan,2026-05-04 15:58:18
cruise to islands,AU,Australia,English,,false,false,false,true,true,false,"Thumbnail, People also ask, Bottom ads, Paid sitelinks",20,4,0.44,1,0,7,,https://www.cruiseaway.com.au/cruises/south-pacific,2026-05-01 23:01:27
italy cruise 2023,AU,Australia,English,Italy (Location),false,false,false,true,true,false,"Sitelinks, Thumbnail, People also ask",20,0,0.84,1,0,6,,https://www.cruiseaway.com.au/cruise/western-mediterranean-from-rome-civitavecchia-italy-with-the-silver-nova-17822857,2026-04-26 08:47:29
cruises from sydney to honolulu,AU,Australia,English,"Sydney (Location), Honolulu (Location)",false,true,false,true,true,false,"AI Overview, Thumbnail, Top ads, Bottom ads",20,0,,1,0,1,AI Overview,https://www.cruiseaway.com.au/cruises-from-sydney-to-hawaii-2027,2026-04-17 09:43:55
australia cruises from melbourne,AU,Australia,English,Melbourne (Location),false,true,false,true,true,false,"Top ads, AI Overview, Bottom ads, Paid sitelinks",20,0,0.23,1,0,7,,https://www.cruiseaway.com.au/cruises/australia/melbourne,2026-04-10 15:08:52
cruise ship sydney to tasmania,AU,Australia,English,,false,true,false,true,true,false,"AI Overview, Thumbnail, People also ask",20,0,,1,0,1,AI Overview,https://www.cruiseaway.com.au/cruises-from-sydney-to-tasmania-2026,2026-04-10 20:52:56
cruise from new orleans,AU,Australia,English,New Orleans (Location),false,true,false,true,true,false,"AI Overview, Thumbnail",20,1,0.46,1,0,7,,https://www.cruiseaway.com.au/cruises/american-rivers-/new-orleans,2026-04-15 21:53:02
domestic cruise,AU,Australia,English,,false,false,false,true,true,false,"Top ads, Paid sitelinks, Bottom ads",30,18,0.39,1,0,8,,https://www.cruiseaway.com.au/cheap-cruises,2026-04-29 16:27:28
hawaii to sydney cruise 2024,AU,Australia,English,,false,false,false,true,true,false,"Sitelinks, Thumbnail, People also ask, Discussions and forums",30,0,0.62,1,0,8,,https://www.cruiseaway.com.au/honolulu-to-sydney-cruise,2026-04-15 22:06:47
cruise to maldives from australia,AU,Australia,English,Maldives (Location),false,false,false,true,true,false,"People also ask, Thumbnail",40,0,0.45,1,0,10,,https://www.cruiseaway.com.au/cruises/male,2026-05-05 03:21:48
how to become a cruise ship captain,AU,Australia,English,,false,false,false,true,false,false,"AI Overview, People also ask, Video preview, Discussions and forums",30,11,,1,0,10,,https://www.cruiseaway.com.au/blog/cruise-news/cruise-ship-captain/,2026-05-06 23:12:31
milford sound new zealand cruise,AU,Australia,English,"Milford Sound (Location), New Zealand (Location)",false,true,false,true,true,false,"Thumbnail, People also ask",30,44,0.66,1,0,9,,https://www.cruiseaway.com.au/cruises/new-zealand/milford-sound,2026-04-21 12:11:53
overseas cruise,AU,Australia,English,,false,false,false,true,true,false,"Top ads, Sitelinks",20,60,,1,0,7,,https://www.cruiseaway.com.au/fly-cruises,2026-04-17 02:55:53
cruise ship holidays 2024,AU,Australia,English,,false,false,false,true,true,false,"Sitelinks, People also ask",50,33,,1,0,11,,https://www.cruiseaway.com.au/cruises/australia,2026-04-30 11:33:02
cruise deals to australia,AU,Australia,English,Australia (Location),false,false,false,true,true,false,"AI Overview, Thumbnail, People also ask",40,31,1.04,1,0,12,,https://www.cruiseaway.com.au/cheap-cruises,2026-04-14 12:16:02
last minute deals on cruises,AU,Australia,English,,false,false,false,true,true,true,"AI Overview, Thumbnail, Discussions and forums, Bottom ads",10,4,0.67,1,0,1,AI Overview,https://www.cruiseaway.com.au/last-minute-cruises,2026-04-27 19:06:53
easter cruise sydney,AU,Australia,English,Sydney (Location),false,true,false,true,true,false,"AI Overview, Thumbnail",10,0,,1,0,3,,https://www.cruiseaway.com.au/easter-cruises-2026-from-sydney,2026-04-15 19:06:52
10 day cruise new zealand,AU,Australia,English,New Zealand (Location),false,true,false,true,true,false,"AI Overview, Thumbnail, People also ask, Video preview",10,0,,1,0,4,,https://www.cruiseaway.com.au/cruise/new-zealand-from-sydney-australia-with-the-carnival-splendor-16931468,2026-05-03 06:52:31
cruise phuket,AU,Australia,English,Phuket (Location),false,true,false,true,true,false,Local pack,10,0,0.51,1,0,5,,https://www.cruiseaway.com.au/cruises/asia/phuket,2026-05-09 04:33:36
cruize deals,AU,Australia,English,,false,false,false,true,true,false,,10,33,,1,0,4,,https://www.cruiseaway.com.au/cruise-deals,2026-04-22 14:41:52
fiji cruise packages,AU,Australia,English,Fiji (Location),false,true,false,true,true,false,Thumbnail,10,0,,1,0,4,,https://www.cruiseaway.com.au/cruises-from-sydney-to-fiji,2026-05-08 15:04:16
south pacific cruise,AU,Australia,English,South Pacific (Location),false,false,false,true,true,false,"Thumbnail, People also ask, Discussions and forums, Video preview",500,0,0.37,1,0,21,,https://www.cruiseaway.com.au/cruises/south-pacific,2026-04-26 03:55:41
fuji cruise,AU,Australia,English,,false,false,false,true,true,false,People also ask,10,0,,1,0,6,,https://www.cruiseaway.com.au/cruises-from-sydney-to-fiji,2026-04-26 15:37:35
cruise from shanghai,AU,Australia,English,Shanghai (Location),false,true,false,true,true,false,People also ask,40,0,0.36,1,0,10,,https://www.cruiseaway.com.au/cruise/japan-from-shanghai-china-with-the-spectrum-of-the-seas-950206,2026-04-10 14:39:27
cruise leaving melbourne,AU,Australia,English,Melbourne (Location),false,true,false,true,true,false,"AI Overview, Thumbnail",40,0,0.34,1,0,11,,https://www.cruiseaway.com.au/cruises/australia/melbourne,2026-05-06 23:26:52
cruise new years,AU,Australia,English,,false,false,false,true,true,false,,40,0,0.82,1,0,10,,https://www.cruiseaway.com.au/new-years-eve-cruises,2026-04-11 12:54:28
australia cruises,AU,Australia,English,Australia (Location),false,false,false,true,true,false,"Thumbnail, Video preview",1000,48,0.39,1,0,25,,https://www.cruiseaway.com.au/cruises/australia,2026-05-01 21:32:10
easter cruises from melbourne,AU,Australia,English,Melbourne (Location),false,true,false,true,true,false,AI Overview,30,0,,1,0,10,,https://www.cruiseaway.com.au/april-cruises,2026-05-02 17:41:56
island hopping cruise,AU,Australia,English,,false,false,false,true,true,false,"Top ads, Paid sitelinks, Thumbnail",20,0,0.46,1,0,7,,https://www.cruiseaway.com.au/cruises/south-pacific,2026-05-10 00:26:35
best cruises from sydney for families,AU,Australia,English,Sydney (Location),false,true,false,true,true,false,"AI Overview, Video preview, Thumbnail, Sitelinks, People also ask",20,0,,1,0,8,,https://www.cruiseaway.com.au/family-cruises,2026-04-22 09:24:54
cruise from australia to canada,AU,Australia,English,"Australia (Location), Canada (Location)",false,false,false,true,true,false,"Top ads, AI Overview, People also ask, Thumbnail, Bottom ads, Paid sitelinks",20,0,0.51,1,0,9,,https://www.cruiseaway.com.au/cruises/vancouver,2026-04-23 11:24:28
mystery islamd,AU,Australia,English,Mystery Island (Location),false,false,false,true,false,false,"AI Overview, Thumbnail, People also ask, Discussions and forums",20,1,,1,0,9,,https://www.cruiseaway.com.au/cruises/south-pacific/mystery-island,2026-05-09 10:18:37
tasmania cruises 2024,AU,Australia,English,Tasmania (Location),false,true,false,true,true,false,"Thumbnail, People also ask, Video preview",20,0,0.62,1,0,8,,https://www.cruiseaway.com.au/cruises/australia/tasmania,2026-05-08 19:09:43
cruises from india,AU,Australia,English,India (Location),false,false,false,true,true,false,"Thumbnail, People also ask, Discussions and forums, Bottom ads",20,0,0.46,1,0,8,,https://www.cruiseaway.com.au/cruises/india-and-indian-ocean/mumbai-bombay,2026-04-16 15:59:17
3 day cruises from fremantle,AU,Australia,English,Fremantle (Location),false,true,false,true,true,false,"AI Overview, People also ask, Thumbnail",350,1,,1,0,21,,https://www.cruiseaway.com.au/short-cruises,2026-05-02 09:11:45
sydney cruise price,AU,Australia,English,Sydney (Location),false,true,false,true,true,false,"AI Overview, Thumbnail, People also ask",40,49,,1,0,12,,https://www.cruiseaway.com.au/cheap-cruises,2026-04-30 07:05:28
cruises international,AU,Australia,English,,false,false,false,true,true,false,,30,63,0.64,1,0,10,,https://www.cruiseaway.com.au/cruises/australia/sydney,2026-04-18 18:40:29
french cruise line,AU,Australia,English,,false,false,false,true,true,false,People also ask,20,7,,1,0,7,,https://www.cruiseaway.com.au/cruiseline/ponant,2026-04-22 18:45:44
cruise flash sale,AU,Australia,English,,false,false,false,true,true,true,People also ask,20,4,0.54,1,0,7,,https://www.cruiseaway.com.au/cruise-lines-specials,2026-04-27 20:17:54
australia to bali cruise,AU,Australia,English,"Australia (Location), Bali (Location)",false,false,false,true,true,false,"AI Overview, Thumbnail, People also ask",20,0,0.42,1,0,1,AI Overview,https://www.cruiseaway.com.au/cruises/asia/bali,2026-04-10 03:29:29
japan cruise,AU,Australia,English,Japan (Location),false,false,false,true,true,false,"Thumbnail, People also ask, Discussions and forums, Top stories, Video preview",600,0,0.47,1,0,22,,https://www.cruiseaway.com.au/cruises-to-japan,2026-05-06 08:07:19
cruise finer,AU,Australia,English,,false,false,false,true,true,false,"Top ads, Paid sitelinks",10,55,,1,0,5,,https://www.cruiseaway.com.au/cruise-sale-finder,2026-04-29 16:14:54
sydney weekend cruises,AU,Australia,English,Sydney (Location),false,true,false,true,true,false,"Top ads, Paid sitelinks, AI Overview, Thumbnail",10,2,0.38,1,0,6,,https://www.cruiseaway.com.au/short-cruises,2026-04-27 14:15:29
cheap last minute cruises from brisbane,AU,Australia,English,Brisbane (Location),false,true,false,true,true,true,,10,4,,1,0,5,,https://www.cruiseaway.com.au/cheap-cruises-from-brisbane,2026-05-10 09:11:48
cruises companies,AU,Australia,English,,false,false,false,true,true,false,"AI Overview, Video preview, Thumbnail, People also ask, Local pack, Discussions and forums, Bottom ads, Paid sitelinks",20,52,0.54,1,0,1,AI Overview,https://www.cruiseaway.com.au/cruise-lines,2026-04-29 08:45:57
cruising willis island,AU,Australia,English,Willis Island (Location),false,false,false,true,true,false,"AI Overview, Thumbnail, People also ask, Discussions and forums",20,0,,1,0,1,AI Overview,https://www.cruiseaway.com.au/cruises/australia/willis-island,2026-04-30 11:00:44
cruises new years,AU,Australia,English,New Year's Eve (Event),false,false,false,true,true,false,"Top ads, Paid sitelinks, Thumbnail, Bottom ads",20,0,,1,0,6,,https://www.cruiseaway.com.au/new-years-eve-cruises,2026-05-02 17:06:54
cruisedeals,AU,Australia,English,,false,false,false,true,true,false,"People also ask, Thumbnail",40,26,0.97,1,0,11,,https://www.cruiseaway.com.au/cruise-deals,2026-04-16 16:09:39
cruises from sydney 2025,AU,Australia,English,Sydney (Location),false,true,false,true,true,false,"AI Overview, Thumbnail, People also ask",70,10,0.36,1,0,14,,https://www.cruiseaway.com.au/cruises/australia/sydney,2026-05-09 13:21:00
2 night cruise from sydney 2023,AU,Australia,English,Sydney (Location),false,true,false,true,true,false,AI Overview,30,4,0.43,1,0,10,,https://www.cruiseaway.com.au/short-cruises-from-sydney,2026-05-09 22:08:00
cruise victoria,AU,Australia,English,Victoria (Location),false,true,false,true,false,false,Knowledge panel,30,24,0.46,1,0,9,,https://www.cruiseaway.com.au/cruises/victoria,2026-04-15 13:57:13
cruise from sydney deals,AU,Australia,English,,false,true,false,true,true,false,Top ads,30,6,,1,0,9,,https://www.cruiseaway.com.au/cheap-cruises,2026-05-02 10:56:57
cairns cruise ship,AU,Australia,English,Cairns (Location),false,true,false,true,false,false,"People also ask, Knowledge panel, Thumbnail",30,0,,1,0,9,,https://www.cruiseaway.com.au/cruises/australia/cairns,2026-04-19 14:04:02
cruises.from brisbane,AU,Australia,English,Brisbane (Location),false,true,false,true,true,false,Thumbnail,30,0,,1,0,9,,https://www.cruiseaway.com.au/cruises/australia/brisbane,2026-04-16 15:48:24
barcelona cruises,AU,Australia,English,Barcelona (Location),false,true,false,true,true,false,"People also ask, Knowledge panel",30,0,0.73,1,0,9,,https://www.cruiseaway.com.au/cruises/western-europe/barcelona,2026-04-22 18:24:52
cruise within australia,AU,Australia,English,,false,true,false,true,true,false,"AI Overview, People also ask",50,33,0.46,1,0,12,,https://www.cruiseaway.com.au/princess-cruises-australia-2026-2027-season-launch,2026-05-03 21:52:38
cruise ships out of brisbane,AU,Australia,English,Brisbane (Location),false,true,false,true,true,false,"AI Overview, Thumbnail, People also ask",50,2,0.46,1,0,12,,https://www.cruiseaway.com.au/cruises/australia/brisbane,2026-04-23 00:02:03
best cruise ships australia for families,AU,Australia,English,Australia (Location),false,true,false,true,true,false,"AI Overview, Video preview, Thumbnail, People also ask, Discussions and forums",50,0,0.45,1,0,12,,https://www.cruiseaway.com.au/family-cruises,2026-04-25 01:08:02
cruise to honolulu,AU,Australia,English,Honolulu (Location),false,true,false,true,true,false,"AI Overview, Thumbnail, People also ask",20,0,0.52,1,0,10,,https://www.cruiseaway.com.au/cruises-from-sydney-to-hawaii-2027,2026-04-13 20:37:43
cruises great barrier reef,AU,Australia,English,Great Barrier Reef (Location),false,false,false,true,true,false,"Thumbnail, People also ask",40,43,0.56,1,0,10,,https://www.cruiseaway.com.au/cruises/australia/great-barrier-reef,2026-04-27 12:06:17
athens cruises,AU,Australia,English,Athens (Location),false,true,false,true,true,false,Thumbnail,40,0,0.97,1,0,10,,https://www.cruiseaway.com.au/cruises/athens-piraeus,2026-04-28 03:29:17
cruise brisbane to great barrier reef,AU,Australia,English,"Brisbane (Location), Great Barrier Reef (Location)",false,true,false,true,true,false,"Top ads, Paid sitelinks, AI Overview, Thumbnail, Video preview",20,0,,1,1,9,,https://www.cruiseaway.com.au/cruises/australia/great-barrier-reef,2026-04-16 05:53:28
darwin to perth cruise,AU,Australia,English,,false,true,false,true,true,false,"Top ads, Paid sitelinks, AI Overview, Thumbnail",20,0,0.46,1,0,9,,https://www.cruiseaway.com.au/western-australia-cruises-from-perth-fremantle,2026-04-09 20:49:28
best singles cruises to hook up,AU,Australia,English,,false,false,false,true,true,false,"People also ask, Sitelinks, Discussions and forums, Video preview",0,1,0.34,1,0,1,,https://www.cruiseaway.com.au/singles-cruises,2026-05-02 21:03:02
cruises for over 50 singles,AU,Australia,English,,false,false,false,true,true,false,"Sitelinks, People also ask, Discussions and forums",0,1,,1,0,1,,https://www.cruiseaway.com.au/singles-cruises,2026-04-19 09:17:27
christmas cruises 2025,AU,Australia,English,,false,false,false,true,true,false,"AI Overview, People also ask",10,0,0.42,1,0,3,,https://www.cruiseaway.com.au/christmas-cruises-2025,2026-05-02 09:59:50
cruise sale.finder,AU,Australia,English,,false,false,false,true,true,false,,10,33,,1,0,2,,https://www.cruiseaway.com.au/cruise-sale-finder,2026-04-19 19:59:32
cruises to greece from australia,AU,Australia,English,Greece (Location),false,false,false,true,true,false,"Top ads, Paid sitelinks, Thumbnail, People also ask",10,0,0.51,1,0,2,,https://www.cruiseaway.com.au/cruises-to-greece,2026-04-10 17:49:02
cruises to rabaul,AU,Australia,English,Rabaul (Location),false,true,false,true,true,false,"Thumbnail, Bottom ads, Paid sitelinks",10,0,0.39,1,0,2,,https://www.cruiseaway.com.au/cruises/rabaul,2026-05-03 05:21:32
cruise melbourne to melbourne,AU,Australia,English,Melbourne to Melbourne (Event),false,true,false,true,true,false,AI Overview,20,0,,1,0,9,,https://www.cruiseaway.com.au/cruises/australia/melbourne,2026-04-29 05:17:10
brisbane to auckland cruise,AU,Australia,English,,false,true,false,true,true,false,"AI Overview, Thumbnail, People also ask",40,0,0.45,1,0,12,,https://www.cruiseaway.com.au/cruises-from-brisbane-to-new-zealand,2026-04-21 13:48:28
cruise from new zealand to sydney,AU,Australia,English,"New Zealand (Location), Sydney (Location)",false,true,false,true,true,false,"AI Overview, People also ask",40,0,0.46,1,0,12,,https://www.cruiseaway.com.au/cruises-from-sydney-to-new-zealand,2026-04-18 13:21:29
cruises from sudney,AU,Australia,English,Sydney (Location),false,true,false,true,true,false,"Top ads, People also ask, Bottom ads, Paid sitelinks",40,6,,1,0,11,,https://www.cruiseaway.com.au/cruises/australia/sydney,2026-04-22 22:20:27
cruise from airlie beach,AU,Australia,English,Airlie Beach (Location),false,true,false,true,true,false,"Local pack, Thumbnail",20,2,,1,0,8,,https://www.cruiseaway.com.au/cruises/australia/airlie-beach,2026-04-10 14:15:36
cruises from melbourne to adelaide,AU,Australia,English,"Melbourne (Location), Adelaide (Location)",false,true,false,true,true,false,"AI Overview, People also ask",20,0,,1,0,8,,https://www.cruiseaway.com.au/cruises/adelaide,2026-05-04 08:55:23
cruise out of singapore,AU,Australia,English,Singapore (Location),false,true,false,true,true,false,"AI Overview, People also ask",20,4,0.50,1,0,8,,https://www.cruiseaway.com.au/cruises-from-singapore-to-australia,2026-05-10 14:38:08
last minute short cruises,AU,Australia,English,,false,false,false,true,true,true,AI Overview,20,3,,1,0,8,,https://www.cruiseaway.com.au/short-cruises,2026-04-24 07:41:38
world trip cruise,AU,Australia,English,,false,false,false,true,true,false,People also ask,10,0,0.52,1,0,6,,https://www.cruiseaway.com.au/cruise/round-the-world-trip-from-melbourne-australia-with-the-crown-princess-17962313,2026-04-11 22:29:18
adults cruise,AU,Australia,English,,false,false,false,true,true,false,"Sitelinks, People also ask, Image pack",10,11,,1,0,6,,https://www.cruiseaway.com.au/cruises/adult-only-virgin-voyages,2026-05-09 20:06:16
cruise brisbane to brisbane,AU,Australia,English,,false,true,false,true,true,false,"Top ads, Paid sitelinks, Thumbnail, AI Overview, Bottom ads",30,0,0.46,1,0,10,,https://www.cruiseaway.com.au/cruises/australia/brisbane,2026-05-03 03:33:28
cruise dubai,AU,Australia,English,Dubai (Location),false,true,false,true,true,false,People also ask,30,0,0.53,1,0,9,,https://www.cruiseaway.com.au/cruises/middle-east/dubai,2026-04-11 22:23:10
whitsundays cruise from sydney,AU,Australia,English,Sydney (Location),false,true,false,true,true,false,"Top ads, AI Overview, People also ask, Thumbnail",40,0,,1,0,12,,https://www.cruiseaway.com.au/cruises/australia/whitsunday-islands,2026-04-23 09:40:34
cruises from cairns,AU,Australia,English,Cairns (Location),false,true,false,true,true,false,"People also ask, Bottom ads, Paid sitelinks, Thumbnail, Video preview",500,0,0.26,1,0,20,,https://www.cruiseaway.com.au/cruises/australia/cairns,2026-05-04 07:31:03
cruise to tasmania from adelaide,AU,Australia,English,"Tasmania (Location), Adelaide (Location)",false,true,false,true,true,false,AI Overview,20,2,0.27,1,0,10,,https://www.cruiseaway.com.au/cruises/tasmania-cruises,2026-05-05 04:13:53
cheap new zealand cruises,AU,Australia,English,New Zealand (Location),false,false,false,true,true,false,"Thumbnail, AI Overview, People also ask",20,0,0.52,1,0,9,,https://www.cruiseaway.com.au/new-zealand-cruise-deals,2026-04-09 21:01:02
cruise discounts australia,AU,Australia,English,Australia (Location),false,true,false,true,true,false,Thumbnail,20,50,,1,0,8,,https://www.cruiseaway.com.au/cheap-cruises,2026-04-15 06:46:26
melbourne to hawaii cruise,AU,Australia,English,"Melbourne (Location), Hawaii (Location)",false,true,false,true,true,false,"AI Overview, People also ask",20,0,,1,0,9,,https://www.cruiseaway.com.au/cruise/hawaii-from-australia-with-the-pride-of-america-18327122,2026-04-09 15:00:37
cruises from brisbane last minute,AU,Australia,English,Brisbane (Location),false,true,false,true,true,true,AI Overview,20,1,,1,0,9,,https://www.cruiseaway.com.au/cheap-cruises-from-brisbane,2026-04-27 20:31:47
australia to thailand cruise,AU,Australia,English,,false,false,false,true,true,false,"AI Overview, Thumbnail, People also ask, Bottom ads, Paid sitelinks",20,0,0.36,1,0,1,AI Overview,https://www.cruiseaway.com.au/cruises-to-thailand,2026-04-27 16:26:28
cruise moreton bay,AU,Australia,English,Moreton Bay (Location),false,true,false,true,true,true,"Top ads, Paid sitelinks, Local pack, Thumbnail, People also ask",20,11,0.39,1,0,9,,https://www.cruiseaway.com.au/cruises/moreton-island,2026-04-15 04:18:54
cruises on small ships,AU,Australia,English,,false,false,false,true,true,false,"AI Overview, Thumbnail, People also ask",10,4,,1,0,4,,https://www.cruiseaway.com.au/small-ship-cruises,2026-04-17 11:53:55
sydney to milford sound,AU,Australia,English,"Sydney (Location), Milford Sound (Location)",false,true,false,true,true,false,"AI Overview, Thumbnail, People also ask, Sitelinks",10,0,,1,0,1,AI Overview,https://www.cruiseaway.com.au/cruises/new-zealand/milford-sound,2026-04-21 19:33:30
3 day cruise ship deals,AU,Australia,English,,false,false,false,true,true,true,,10,4,,1,0,4,,https://www.cruiseaway.com.au/short-cruises,2026-04-25 14:26:32
cruises to london,AU,Australia,English,London (Location),false,true,false,true,true,false,People also ask,10,0,0.55,1,0,4,,https://www.cruiseaway.com.au/cruises/london,2026-04-19 16:24:47
how much does a 1 week cruise cost,AU,Australia,English,,false,false,false,true,true,false,"People also ask, Sitelinks",10,4,0.35,1,0,4,,https://www.cruiseaway.com.au/cheap-cruises,2026-05-02 07:08:02
cruises for adults,AU,Australia,English,,false,false,false,true,true,false,"AI Overview, Thumbnail, Sitelinks, People also ask, Video preview, Discussions and forums",10,14,,1,0,7,,https://www.cruiseaway.com.au/cruises/adult-only-virgin-voyages,2026-04-19 09:31:09
geelong cruise ship,AU,Australia,English,Geelong (Location),false,true,false,true,false,false,People also ask,10,0,,1,0,6,,https://www.cruiseaway.com.au/cruises/geelong,2026-04-23 19:15:28
all-inclusive cruises 2025,AU,Australia,English,,false,false,false,true,true,false,"People also ask, Thumbnail",10,46,,1,0,6,,https://www.cruiseaway.com.au/all-inclusive,2026-04-30 11:41:47
overnight cruise melbourne,AU,Australia,English,Melbourne (Location),false,true,false,true,false,false,"Thumbnail, People also ask",10,33,0.42,1,0,6,,https://www.cruiseaway.com.au/short-cruises-from-melbourne,2026-05-09 23:52:35
europe river cruises,AU,Australia,English,Europe (Location),false,false,false,true,true,false,"AI Overview, Thumbnail, People also ask, Discussions and forums, Video preview",600,10,0.97,1,0,24,,https://www.cruiseaway.com.au/cruises/european-river,2026-05-04 12:21:56
adelaide cruises,AU,Australia,English,Adelaide (Location),false,true,false,true,true,false,"Thumbnail, Video preview",350,0,0.15,1,0,21,,https://www.cruiseaway.com.au/cruises/adelaide,2026-05-10 10:10:25
passenger ship,AU,Australia,English,,false,false,false,true,false,false,"People also ask, Top stories, Thumbnail",70,12,,1,0,8,,https://www.cruiseaway.com.au/ships,2026-04-25 20:28:40
cruise ship vanuatu,AU,Australia,English,Vanuatu (Location),false,false,false,true,true,false,"AI Overview, Thumbnail, People also ask",30,0,,1,0,10,,https://www.cruiseaway.com.au/cruises/south-pacific/mystery-island,2026-04-28 00:54:54
new orleans cruises,AU,Australia,English,New Orleans (Location),false,true,false,true,true,false,Local pack,30,0,0.52,1,0,10,,https://www.cruiseaway.com.au/cruises/american-rivers-/new-orleans,2026-05-08 11:52:38
mediterranean cruises from southampton,AU,Australia,English,Southampton (Location),false,true,false,true,true,false,"Thumbnail, People also ask, Bottom ads",30,0,0.29,1,0,10,,https://www.cruiseaway.com.au/cruise/western-mediterranean-from-southampton-england-with-the-queen-anne-18637224,2026-05-05 06:05:48
cruises around the british isles,AU,Australia,English,British Isles (Location),false,false,false,true,true,false,"People also ask, Thumbnail",10,3,0.55,1,0,5,,https://www.cruiseaway.com.au/cruises/british-isles,2026-04-20 20:32:27
lifou cruise,AU,Australia,English,Lifou (Location),false,true,false,true,true,false,"People also ask, Thumbnail",10,0,,1,0,5,,https://www.cruiseaway.com.au/cruises/south-pacific/lifou,2026-04-16 04:53:53
family cruise sydney,AU,Australia,English,Sydney (Location),false,true,false,true,true,false,"AI Overview, Local pack, People also ask",10,0,,1,0,4,,https://www.cruiseaway.com.au/family-cruises,2026-04-24 19:46:14
short new year's eve cruises,AU,Australia,English,New Year's Eve (Event),false,false,false,true,true,false,"Thumbnail, Sitelinks, People also ask",10,3,,1,0,3,,https://www.cruiseaway.com.au/new-years-eve-cruises,2026-04-30 03:31:47
christmas cruises 2024 australia,AU,Australia,English,Australia (Location),false,true,false,true,true,false,"AI Overview, Thumbnail, People also ask, Sitelinks",10,0,,1,0,4,,https://www.cruiseaway.com.au/christmas-cruises,2026-04-27 12:43:27
sydney to southampton cruise 2025,AU,Australia,English,Sydney to Southampton (Event),false,false,false,true,true,false,"Thumbnail, People also ask",20,0,,1,0,7,,https://www.cruiseaway.com.au/cunard-winter-summer-season-2025-2027,2026-04-26 00:14:05
cost of cruise ship,AU,Australia,English,,false,false,false,true,false,false,"People also ask, Sitelinks, Thumbnail",30,28,0.26,1,0,10,,https://www.cruiseaway.com.au/,2026-04-16 11:51:29
asia to australia,AU,Australia,English,"Asia (Location), Australia (Location)",false,false,false,true,true,false,People also ask,10,0,,1,0,5,,https://www.cruiseaway.com.au/cruises-from-singapore-to-sydney,2026-05-06 01:03:56
inland passage cruise,AU,Australia,English,Inside Passage (Location),false,false,false,true,true,false,"AI Overview, Thumbnail, People also ask",10,3,,1,0,8,,https://www.cruiseaway.com.au/cruises/alaska-canada-west/inside-passage,2026-04-23 04:14:53
cruises australia to japan,AU,Australia,English,,false,false,false,true,true,false,"Top ads, Paid sitelinks, Thumbnail, AI Overview, People also ask, Bottom ads",20,0,,1,0,9,,https://www.cruiseaway.com.au/cruise/ultimate-autumn-in-japan-18297062,2026-04-14 03:34:53
cruise from hong kong to japan,AU,Australia,English,"Hong Kong (Location), Japan (Location)",false,true,false,true,true,true,"AI Overview, Thumbnail, People also ask, Video preview",20,0,0.49,1,0,9,,https://www.cruiseaway.com.au/cruise/japan-from-hong-kong-china-with-the-coral-princess-18706327,2026-05-06 22:03:34
cruise to india,AU,Australia,English,India (Location),false,false,false,true,true,false,"AI Overview, Thumbnail, People also ask",40,0,0.50,1,0,12,,https://www.cruiseaway.com.au/cruises/india-and-indian-ocean/mumbai-bombay,2026-04-14 22:22:14
brisbane to brisbane cruise,AU,Australia,English,,false,true,false,true,true,false,"Top ads, Thumbnail, People also ask, Bottom ads, Paid sitelinks",40,0,0.46,1,0,11,,https://www.cruiseaway.com.au/cruises/australia/brisbane,2026-05-08 13:40:20
cruise ship sale,AU,Australia,English,,false,false,false,true,true,false,People also ask,40,43,0.30,1,0,11,,https://www.cruiseaway.com.au/cruise-sale-finder,2026-04-11 01:09:03
7 day mediterranean cruise from rome,AU,Australia,English,Rome (Location),false,true,false,true,true,true,"AI Overview, Thumbnail, People also ask, Video preview, Bottom ads, Paid sitelinks",40,0,0.74,1,0,12,,https://www.cruiseaway.com.au/cruise/western-mediterranean-from-rome-civitavecchia-italy-with-the-viking-libra-18308667,2026-04-15 16:41:02
3 day cruises from melbourne 2024,AU,Australia,English,Melbourne (Location),false,true,false,true,true,false,Sitelinks,0,0,,1,0,1,,https://www.cruiseaway.com.au/3-day-cruises-from-melbourne,2026-04-24 22:26:18
queensland cruises 2024,AU,Australia,English,Queensland (Location),false,true,false,true,true,false,Sitelinks,30,3,,1,0,9,,https://www.cruiseaway.com.au/cruises/australia/brisbane,2026-04-26 21:37:07
mystery island noumea,AU,Australia,English,"Mystery Island (Location), Noumea (Location)",false,true,false,true,false,false,"AI Overview, Video preview, Thumbnail, People also ask, Discussions and forums, Sitelinks",30,0,,1,0,10,,https://www.cruiseaway.com.au/cruises/south-pacific/mystery-island,2026-04-24 06:32:41
repositioning cruise deals,AU,Australia,English,,false,false,false,true,true,false,"Discussions and forums, People also ask",30,2,0.22,1,0,9,,https://www.cruiseaway.com.au/repositioning-cruises,2026-04-17 09:30:28
cruise ship to tasmania,AU,Australia,English,Tasmania (Location),false,true,false,true,true,false,"AI Overview, Thumbnail, People also ask, Video preview",30,1,0.38,1,0,11,,https://www.cruiseaway.com.au/cruises/australia/tasmania,2026-05-03 05:25:28
cruises to hobart from sydney,AU,Australia,English,"Hobart (Location), Sydney (Location)",false,true,false,true,true,false,AI Overview,30,0,,1,0,11,,https://www.cruiseaway.com.au/cruises-from-sydney-to-tasmania-2026,2026-04-21 01:55:49
5 night cruise from sydney,AU,Australia,English,Sydney (Location),false,true,false,true,true,false,"Top ads, Paid sitelinks, AI Overview, Thumbnail, People also ask",30,2,0.37,1,0,11,,https://www.cruiseaway.com.au/cruise/australia-from-sydney-australia-with-the-carnival-splendor-17264375,2026-05-08 07:16:37
cruize ship,AU,Australia,English,,false,false,false,true,true,false,"Top stories, Thumbnail, People also ask",20,56,0.31,1,0,8,,https://www.cruiseaway.com.au/ships,2026-05-01 01:32:55
curise ship,AU,Australia,English,,false,false,false,true,true,false,"Top stories, Video preview, Thumbnail, People also ask",20,57,0.27,1,0,8,,https://www.cruiseaway.com.au/ships,2026-04-09 13:41:17
sale cruises,AU,Australia,English,,false,false,false,true,true,false,Knowledge panel,10,29,,1,0,6,,https://www.cruiseaway.com.au/cruises-under-999,2026-04-29 18:07:00
cruise sampler sydney,AU,Australia,English,Sydney (Location),false,true,false,true,true,false,"AI Overview, Thumbnail, Sitelinks",10,2,,1,0,7,,https://www.cruiseaway.com.au/short-cruises,2026-04-22 06:49:31
cruises to tahiti and bora bora,AU,Australia,English,"Tahiti (Location), Bora Bora (Location)",false,false,false,true,true,false,"AI Overview, Thumbnail, People also ask",30,6,0.97,1,0,1,AI Overview,https://www.cruiseaway.com.au/cruises/south-pacific/bora-bora,2026-04-09 16:10:27
cruise from sydney to los angeles,AU,Australia,English,"Sydney (Location), Los Angeles (Location)",false,true,false,true,true,false,"AI Overview, Thumbnail, People also ask, Bottom ads, Paid sitelinks",20,0,0.49,1,0,10,,https://www.cruiseaway.com.au/cruises/north-america/los-angeles,2026-05-05 16:03:28
cruise cairns to brisbane,AU,Australia,English,,false,true,false,true,true,false,"AI Overview, Thumbnail, People also ask",30,0,0.29,1,0,10,,https://www.cruiseaway.com.au/cruises/cairns,2026-05-05 21:42:17
seven seas cruise,AU,Australia,English,,false,false,false,true,true,false,"Top ads, People also ask, Thumbnail, Discussions and forums",30,20,0.67,1,0,9,,https://www.cruiseaway.com.au/cruiseline/regent-seven-seas-cruises,2026-04-30 19:02:05
cruise ship melbourne to brisbane,AU,Australia,English,,false,true,false,true,true,false,"People also ask, Video preview",30,10,0.23,1,0,9,,https://www.cruiseaway.com.au/short-cruises,2026-04-25 12:31:34
one way cruises from sydney,AU,Australia,English,Sydney (Location),false,true,false,true,true,false,"Top ads, Paid sitelinks, People also ask, Bottom ads",30,3,,1,1,9,,https://www.cruiseaway.com.au/repositioning-cruises,2026-04-17 17:43:28
late cruise deals,AU,Australia,English,,false,false,false,true,true,true,,20,4,0.37,1,0,7,,https://www.cruiseaway.com.au/last-minute-cruises,2026-05-07 16:52:05
how to get cheap cruises,AU,Australia,English,,false,false,false,true,true,false,"Top ads, Paid sitelinks, AI Overview, Thumbnail, Video preview, Sitelinks, Discussions and forums, People also ask, Bottom ads",20,12,0.42,1,0,1,AI Overview,https://www.cruiseaway.com.au/cheap-cruises,2026-04-30 03:25:11
cruise booking brisbane,AU,Australia,English,Brisbane (Location),false,true,false,true,true,true,"Top ads, Thumbnail, Local pack",20,19,,1,0,8,,https://www.cruiseaway.com.au/cheap-cruises-from-brisbane,2026-05-02 12:04:02
japan fly cruise packages,AU,Australia,English,Japan (Location),false,false,false,true,true,false,"Top ads, Thumbnail, Sitelinks",20,0,0.79,1,0,8,,https://www.cruiseaway.com.au/exclusive-cruiseaway-ultimate-autumn-in-japan-offer-travelzoo,2026-04-16 00:58:02
sydney short cruise,AU,Australia,English,Sydney (Location),false,true,false,true,true,false,"Top ads, Thumbnail",20,2,,1,0,8,,https://www.cruiseaway.com.au/short-cruises,2026-05-02 10:12:02
cruise perth to adelaide,AU,Australia,English,,false,true,false,true,false,false,People also ask,40,0,0.26,1,0,11,,https://www.cruiseaway.com.au/cruises/adelaide,2026-04-16 13:05:02
tasmania cruises from brisbane,AU,Australia,English,Brisbane (Location),false,true,false,true,true,false,"Top ads, Paid sitelinks, AI Overview, Thumbnail, People also ask",40,0,,1,0,12,,https://www.cruiseaway.com.au/cruises-to-tasmania-from-brisbane,2026-04-29 00:41:54
cruise africa,AU,Australia,English,Africa (Location),false,false,false,true,true,false,"People also ask, AI Overview",30,1,,1,0,11,,https://www.cruiseaway.com.au/cruises/africa,2026-04-29 05:03:32
cruise sydney to perth via darwin,AU,Australia,English,Darwin (Location),false,true,false,true,true,false,"AI Overview, Sitelinks, People also ask",10,0,0.35,1,0,5,,https://www.cruiseaway.com.au/cruises-from-sydney-to-perth,2026-04-14 05:23:02
eden cruise ship,AU,Australia,English,Eden (Location),false,true,false,true,false,false,People also ask,40,0,,1,0,9,,https://www.cruiseaway.com.au/cruises/australia/eden,2026-04-16 04:50:33
melbourne sydney cruise,AU,Australia,English,"Melbourne (Location), Sydney (Location)",false,true,false,true,false,false,"AI Overview, Thumbnail",10,0,,1,0,1,AI Overview,https://www.cruiseaway.com.au/melbourne-to-sydney-cruise,2026-04-26 20:37:45
cruise ships to new zealand from australia,AU,Australia,English,"New Zealand (Location), Australia (Location)",false,false,false,true,true,false,"AI Overview, Thumbnail",10,1,,1,0,6,,https://www.cruiseaway.com.au/cruises-from-sydney-to-new-zealand,2026-05-03 09:09:32
cruises in queensland,AU,Australia,English,Queensland (Location),false,true,false,true,true,false,"AI Overview, Thumbnail",10,0,0.46,1,0,6,,https://www.cruiseaway.com.au/queensland-cruises,2026-04-21 20:33:30
sydney to tangalooma,AU,Australia,English,"Sydney (Location), Tangalooma (Location)",false,true,false,true,false,false,"AI Overview, People also ask, Thumbnail, Bottom ads, Paid sitelinks",10,0,0.14,1,0,6,,https://www.cruiseaway.com.au/cruises/moreton-island,2026-04-28 05:39:29
brisbane new zealand,AU,Australia,English,"Brisbane (Location), New Zealand (Location)",false,true,false,true,true,false,"AI Overview, Thumbnail, People also ask",40,0,0.07,1,0,12,,https://www.cruiseaway.com.au/cruises-from-brisbane-to-new-zealand,2026-04-14 07:16:32
what cruises leave from brisbane,AU,Australia,English,Brisbane (Location),false,true,false,true,false,false,"AI Overview, People also ask",40,1,,1,0,12,,https://www.cruiseaway.com.au/cruises/australia/brisbane,2026-04-20 12:09:54
cruzeiro sydney,AU,Australia,Portuguese,Sydney (Location),false,true,false,true,true,false,"Top ads, Paid sitelinks, Sitelinks, People also ask",10,59,,1,0,5,,https://www.cruiseaway.com.au/cruises/australia/sydney,2026-04-26 23:40:12
cruise ships port lincoln,AU,Australia,English,Port Lincoln (Location),false,true,false,true,false,false,"Thumbnail, People also ask",20,0,,1,0,9,,https://www.cruiseaway.com.au/cruises/australia/port-lincoln,2026-05-04 07:00:12
cruises from sydney to asia,AU,Australia,English,Sydney (Location),false,true,false,true,true,false,"AI Overview, Thumbnail",20,0,0.45,1,0,10,,https://www.cruiseaway.com.au/cruise/delights-of-south-east-asia-inclusive-18178887,2026-05-09 10:42:56
fiji islands cruise,AU,Australia,English,Fiji Islands (Location),false,false,false,true,true,false,,20,32,0.52,1,0,9,,https://www.cruiseaway.com.au/cruises-from-sydney-to-fiji,2026-05-06 16:04:06
last minute cruise sale,AU,Australia,English,,false,false,false,true,true,true,,20,4,0.28,1,0,9,,https://www.cruiseaway.com.au/last-minute-cruises,2026-04-09 11:58:32
cruise hot deals,AU,Australia,English,,false,false,false,true,true,false,,20,20,0.43,1,0,8,,https://www.cruiseaway.com.au/cheap-cruises,2026-04-26 05:14:54
cruise companys,AU,Australia,English,,false,false,false,true,true,false,People also ask,20,61,,1,0,8,,https://www.cruiseaway.com.au/cruise-lines,2026-04-22 15:19:38
cruises from brisbane to japan,AU,Australia,English,"Brisbane (Location), Japan (Location)",false,true,false,true,true,false,"Top ads, Paid sitelinks, AI Overview, Thumbnail, People also ask",30,0,0.43,1,0,11,,https://www.cruiseaway.com.au/cruises-to-japan,2026-04-25 12:55:28
world cruises from brisbane,AU,Australia,English,Brisbane (Location),false,true,false,true,true,false,"Top ads, Paid sitelinks, AI Overview, Thumbnail, People also ask",30,0,0.34,1,0,11,,https://www.cruiseaway.com.au/round-the-world-cruises/princess,2026-04-26 19:53:55
3 day cruises from sydney 2024,AU,Australia,English,Sydney (Location),false,true,false,true,true,true,"Thumbnail, Sitelinks",30,2,0.31,1,0,10,,https://www.cruiseaway.com.au/short-cruises,2026-05-07 19:43:32
cruises from.australia,AU,Australia,English,Australia (Location),false,true,false,true,true,false,"AI Overview, People also ask",30,26,,1,0,11,,https://www.cruiseaway.com.au/cruises-under-999,2026-05-04 18:02:28
cruise fremantle to broome,AU,Australia,English,"Fremantle (Location), Broome (Location)",false,true,false,true,true,false,"Top ads, Paid sitelinks, AI Overview, Thumbnail, People also ask, Bottom ads",30,0,0.29,1,0,11,,https://www.cruiseaway.com.au/cruises/australia/broome,2026-05-03 21:39:53
cruise darwin to perth,AU,Australia,English,Darwin to Perth (Event),false,true,false,true,true,false,"Top ads, Paid sitelinks, Thumbnail, People also ask, Bottom ads",30,0,,1,0,10,,https://www.cruiseaway.com.au/western-australia-cruises-from-perth-fremantle,2026-04-28 02:47:54
cruise to usa from australia,AU,Australia,English,"USA (Location), Australia (Location)",false,false,false,true,true,false,"People also ask, AI Overview",30,0,0.38,1,0,11,,https://www.cruiseaway.com.au/cruise/east-coast-usa-from-australia-with-the-independence-of-the-seas-18331948,2026-04-12 03:00:49
cruceros desde melbourne,AU,Australia,Spanish,Melbourne (Location),false,true,false,true,true,false,"Top ads, Paid sitelinks, Thumbnail",30,1,0.40,1,0,10,,https://www.cruiseaway.com.au/cruises/australia/melbourne,2026-04-24 00:56:09
cruises for singles only,AU,Australia,English,,false,false,false,true,true,false,"AI Overview, Thumbnail, People also ask, Discussions and forums",10,1,,1,0,3,,https://www.cruiseaway.com.au/singles-cruises,2026-05-09 11:11:55
christmas cruises 2024 from brisbane,AU,Australia,English,Brisbane (Location),false,true,false,true,true,false,"Thumbnail, Sitelinks, People also ask",10,0,,1,0,2,,https://www.cruiseaway.com.au/christmas-cruises-from-brisbane,2026-04-23 12:24:29
last minute cruises leaving sydney,AU,Australia,English,Sydney (Location),false,true,false,true,true,true,"Top ads, Paid sitelinks, AI Overview, Thumbnail, Bottom ads",10,0,,1,0,1,AI Overview,https://www.cruiseaway.com.au/last-minute-cruises-from-sydney,2026-05-01 00:06:13
cruise jan 2025,AU,Australia,English,,false,false,false,true,true,false,Top ads,10,43,,1,0,2,,https://www.cruiseaway.com.au/january-cruises,2026-04-25 09:14:27
asian cruise ship tour package,AU,Australia,English,,false,false,false,true,true,false,"People also ask, Bottom ads, Paid sitelinks",30,0,0.45,1,0,11,,https://www.cruiseaway.com.au/asia-cruises-2027,2026-05-02 23:53:54
cruise to milford sound,AU,Australia,English,Milford Sound (Location),false,true,false,true,true,false,"AI Overview, People also ask, Discussions and forums",20,6,0.68,1,0,9,,https://www.cruiseaway.com.au/cruises/new-zealand/milford-sound,2026-05-11 11:10:18
cruises that circumnavigate australia,AU,Australia,English,Australia (Location),false,false,false,true,true,false,"AI Overview, Video preview, Thumbnail, People also ask, Bottom ads, Paid sitelinks",20,0,0.46,1,1,9,,https://www.cruiseaway.com.au/cruises-around-australia-2027,2026-04-22 04:57:17
cruising australia,AU,Australia,English,Australia (Location),false,true,false,true,true,false,"People also ask, Discussions and forums, Bottom ads, Paid sitelinks, Video preview, Thumbnail",450,48,0.46,1,0,19,,https://www.cruiseaway.com.au/cruise-around-australia,2026-04-29 01:52:58
solo cruise deals 2023,AU,Australia,English,,false,false,false,true,true,false,"Sitelinks, People also ask",0,0,0.49,1,0,1,,https://www.cruiseaway.com.au/singles-cruises,2026-04-15 19:30:49
cruising bali,AU,Australia,English,Bali (Location),false,true,false,true,true,true,People also ask,0,0,0.44,1,0,1,,https://www.cruiseaway.com.au/cruises/asia/bali,2026-05-07 01:45:58
the cheapest cruise,AU,Australia,English,,false,false,false,true,true,false,"Top ads, Paid sitelinks, AI Overview, Thumbnail, People also ask",0,12,,1,0,1,AI Overview,https://www.cruiseaway.com.au/cheap-cruises,2026-04-29 10:20:28
cheap cruise deals 2024,AU,Australia,English,,false,false,false,true,true,false,"AI Overview, People also ask",0,38,,1,0,2,,https://www.cruiseaway.com.au/cheap-cruises,2026-05-09 15:27:38
singles cruises over 40 2023,AU,Australia,English,,false,false,false,true,true,false,"Sitelinks, Thumbnail, People also ask, Discussions and forums",0,1,0.37,1,0,1,,https://www.cruiseaway.com.au/singles-cruises,2026-05-03 15:41:28
last minute cruises adelaide,AU,Australia,English,Adelaide (Location),false,true,false,true,true,true,"AI Overview, Thumbnail",0,1,,1,0,1,AI Overview,https://www.cruiseaway.com.au/last-minute-cruises-from-adelaide,2026-05-03 20:41:48
singles cruise 2023,AU,Australia,English,,false,false,false,true,true,false,"People also ask, Thumbnail, Sitelinks",0,1,0.37,1,0,1,,https://www.cruiseaway.com.au/singles-cruises,2026-04-16 17:42:33
cruise and flight packages 2023,AU,Australia,English,,false,false,false,true,true,false,"Sitelinks, Thumbnail",0,45,0.76,1,0,1,,https://www.cruiseaway.com.au/fly-cruises,2026-04-28 02:29:38
repositioning cruise japan to vancouver,AU,Australia,English,"Japan (Location), Vancouver (Location)",false,true,false,true,false,false,"AI Overview, Thumbnail, Sitelinks",20,0,,1,0,8,,https://www.cruiseaway.com.au/cruise/transpacific-from-yokohama-tokyo-japan-with-the-norwegian-jade-18145198,2026-04-10 11:38:53
cruise to dubai,AU,Australia,English,Dubai (Location),false,true,false,true,true,false,"Thumbnail, People also ask",20,0,0.53,1,0,7,,https://www.cruiseaway.com.au/cruises/middle-east/dubai,2026-05-01 23:55:52
3 day cruise adelaide,AU,Australia,English,Adelaide (Location),false,true,false,true,true,false,"AI Overview, Thumbnail, Top ads, Paid sitelinks, People also ask, Bottom ads",10,0,,1,0,7,,https://www.cruiseaway.com.au/short-cruises-from-adelaide,2026-05-05 23:51:53
$1 deposit,AU,Australia,English,,false,false,false,true,true,false,People also ask,10,26,,1,0,6,,https://www.cruiseaway.com.au/zones/princess-1-deposits,2026-05-09 23:56:27
cruise from sydney to brisbane one way,AU,Australia,English,"Sydney (Location), Brisbane (Location)",false,true,false,true,true,false,"AI Overview, Thumbnail, People also ask",30,0,0.44,1,0,1,AI Overview,https://www.cruiseaway.com.au/brisbane-to-sydney-cruises,2026-04-09 23:45:17
cruises singapore to brisbane,AU,Australia,English,,false,false,false,true,true,false,"Top ads, AI Overview, Thumbnail, People also ask",30,0,,1,0,1,AI Overview,https://www.cruiseaway.com.au/singapore-to-brisbane-cruise-2026,2026-04-21 16:41:53
cruise tickets sydney,AU,Australia,English,Sydney (Location),false,true,false,true,true,true,"Top ads, Thumbnail",30,34,0.58,1,0,10,,https://www.cruiseaway.com.au/cruises/australia/sydney,2026-04-23 00:27:18
cruises departing from australia,AU,Australia,English,Australia (Location),false,true,false,true,true,false,"Top ads, Paid sitelinks, People also ask, Thumbnail",30,50,0.45,1,0,10,,https://www.cruiseaway.com.au/cruises/australia,2026-05-03 06:17:28
bora bora australia,AU,Australia,English,"Bora Bora (Location), Australia (Location)",false,false,false,true,true,false,"People also ask, Knowledge panel, Thumbnail, Discussions and forums",40,0,,1,0,11,,https://www.cruiseaway.com.au/cruises/south-pacific/bora-bora,2026-05-02 10:20:48
cruises from darwin to perth,AU,Australia,English,"Darwin (Location), Perth (Location)",false,true,false,true,true,false,"Top ads, AI Overview, Thumbnail, People also ask",20,0,,1,0,10,,https://www.cruiseaway.com.au/cruises-from-darwin-2026,2026-05-11 13:51:47
cruises sydney to cairns,AU,Australia,English,Sydney to Cairns (Event),false,true,false,true,true,false,"AI Overview, Thumbnail, People also ask",20,0,,1,0,10,,https://www.cruiseaway.com.au/cruises/cairns,2026-05-03 13:24:27
vietnam cruise,AU,Australia,English,Vietnam (Location),false,false,false,true,true,false,"AI Overview, People also ask, Thumbnail, Video preview",500,0,0.63,1,0,25,,https://www.cruiseaway.com.au/cruises/asia/ho-chi-minh-city,2026-05-06 00:23:37
cruise from australia to england,AU,Australia,English,"Australia (Location), England (Location)",false,false,false,true,true,false,"Top ads, Paid sitelinks, AI Overview, Thumbnail, People also ask, Bottom ads",30,0,0.38,1,0,10,,https://www.cruiseaway.com.au/cruise/british-isles-with-london-stay-18281387,2026-04-28 03:20:28
short cruises from melbourne 2024,AU,Australia,English,Melbourne (Location),false,true,false,true,true,false,"Sitelinks, People also ask",10,0,,1,0,3,,https://www.cruiseaway.com.au/short-cruises,2026-05-02 15:23:29
cruises jan 2025,AU,Australia,English,,false,false,false,true,true,false,People also ask,10,38,,1,0,3,,https://www.cruiseaway.com.au/january-cruises,2026-04-17 06:31:03
last minute cruise deals departing sydney,AU,Australia,English,Sydney (Location),false,true,false,true,true,true,AI Overview,10,1,,1,0,4,,https://www.cruiseaway.com.au/last-minute-cruises-from-sydney,2026-05-07 17:37:15
cruise sale finder last minute,AU,Australia,English,,false,false,false,true,true,true,"Top ads, Sitelinks, People also ask, Thumbnail",10,6,,1,0,3,,https://www.cruiseaway.com.au/last-minute-cruises,2026-04-25 10:35:28
cruise to perth from melbourne,AU,Australia,English,"Perth (Location), Melbourne (Location)",false,true,false,true,true,false,"AI Overview, People also ask",20,0,,1,0,9,,https://www.cruiseaway.com.au/cruises/australia/melbourne,2026-04-23 16:27:56
cruz ship,AU,Australia,English,,false,false,false,true,true,false,"Top stories, Thumbnail, People also ask, Discussions and forums",20,74,,1,0,8,,https://www.cruiseaway.com.au/ships,2026-05-01 02:00:09
deals on a cruise,AU,Australia,English,,false,false,false,true,true,false,"Top ads, People also ask, Thumbnail",20,36,,1,0,8,,https://www.cruiseaway.com.au/cruise-deals,2026-04-20 12:10:56
best family cruise from sydney,AU,Australia,English,Sydney (Location),false,true,false,true,true,false,"Top ads, AI Overview, Thumbnail, Sitelinks",20,0,,1,0,1,AI Overview,https://www.cruiseaway.com.au/family-cruises,2026-04-30 13:35:29
crusie from brisbane,AU,Australia,English,Brisbane (Location),false,true,false,true,true,false,Thumbnail,20,1,,1,0,8,,https://www.cruiseaway.com.au/cruises/australia/brisbane,2026-04-22 00:31:49
cruise wa coast,AU,Australia,English,Western Australia coast (Location),false,true,false,true,true,false,"AI Overview, Thumbnail",20,1,0.64,1,0,9,,https://www.cruiseaway.com.au/cruises/australia/perth,2026-04-26 17:18:54
cruise fiji islands,AU,Australia,English,Fiji Islands (Location),false,true,false,true,true,false,People also ask,40,0,0.52,1,0,11,,https://www.cruiseaway.com.au/cruises-from-sydney-to-fiji,2026-05-07 20:48:17
cruises from queensland,AU,Australia,English,Queensland (Location),false,true,false,true,true,false,,30,0,0.45,1,0,10,,https://www.cruiseaway.com.au/cruises/australia/brisbane,2026-05-11 13:38:57
perth cruise ship schedule,AU,Australia,English,Perth (Location),false,true,false,true,false,false,,30,2,,1,0,10,,https://www.cruiseaway.com.au/cruises/australia/perth,2026-05-02 14:45:20
repositioning cruise from australia,AU,Australia,English,Australia (Location),false,false,false,true,true,false,"Top ads, Paid sitelinks, AI Overview, People also ask, Thumbnail, Bottom ads",30,0,0.21,1,1,11,,https://www.cruiseaway.com.au/travelzoo-exclusive-carnival-repositioning-specials,2026-04-28 18:20:53
european cruises,AU,Australia,English,,false,false,false,true,true,false,"Top ads, Paid sitelinks, People also ask, Discussions and forums, Thumbnail, Bottom ads",900,0,0.67,1,0,23,,https://www.cruiseaway.com.au/cruises/northern-europe,2026-04-30 06:44:55
cruise eden,AU,Australia,English,Eden (Location),false,true,false,true,true,false,"Thumbnail, People also ask, Knowledge panel",40,0,0.50,1,0,12,,https://www.cruiseaway.com.au/cruises/australia/eden,2026-04-14 22:50:54
cruises departing new zealand,AU,Australia,English,New Zealand (Location),false,true,false,true,true,false,"AI Overview, Thumbnail, People also ask",20,0,0.45,1,0,10,,https://www.cruiseaway.com.au/cruises/new-zealand,2026-05-09 22:45:37
melbourne to japan cruise,AU,Australia,English,"Melbourne (Location), Japan (Location)",false,true,false,true,true,false,"AI Overview, Thumbnail, People also ask",20,0,,1,0,10,,https://www.cruiseaway.com.au/cruise/japan-from-australia-with-the-diamond-princess-18502512,2026-04-22 00:04:02
cruises from brisbane january 2025,AU,Australia,English,Brisbane (Location),false,true,false,true,true,false,"Bottom ads, Paid sitelinks",10,0,0.44,1,0,5,,https://www.cruiseaway.com.au/cruises/australia/brisbane,2026-04-29 06:00:02
cruise finde,AU,Australia,English,,false,false,false,true,true,false,,10,53,,1,0,5,,https://www.cruiseaway.com.au/cruise-sale-finder,2026-04-16 20:52:49
ships cruise,AU,Australia,English,,false,false,false,true,true,false,"AI Overview, Thumbnail",10,65,,1,0,5,,https://www.cruiseaway.com.au/ships,2026-04-10 14:22:32
buy 2 get 2 free cruise,AU,Australia,English,,false,false,false,true,true,true,"AI Overview, Thumbnail, People also ask",10,0,,1,0,8,,https://www.cruiseaway.com.au/cruise-lines-specials/norwegian-buy-one-get-one-half-price,2026-04-23 21:04:24
cruise sydney 3 days,AU,Australia,English,Sydney (Location),false,true,false,true,true,false,"People also ask, Video preview",10,1,,1,0,7,,https://www.cruiseaway.com.au/short-cruises,2026-05-10 15:57:00
cheap world cruises,AU,Australia,English,,false,false,false,true,true,false,AI Overview,10,0,0.37,1,0,8,,https://www.cruiseaway.com.au/princess-cruises-world-cruise-2026,2026-04-09 11:25:35
pacific cruise from brisbane,AU,Australia,English,Brisbane (Location),false,true,false,true,true,false,"Top ads, Paid sitelinks, AI Overview, Video preview, Bottom ads",10,0,,1,0,8,,https://www.cruiseaway.com.au/cruise/south-pacific-from-brisbane-australia-with-the-quantum-of-the-seas-16193242,2026-04-16 04:48:12
cruise sydney to tokyo,AU,Australia,English,,false,false,false,true,true,false,People also ask,10,0,0.66,1,0,7,,https://www.cruiseaway.com.au/cruise/circle-pacific-liner-sydney-to-tokyo-18603416,2026-05-10 11:04:06
mystery idland,AU,Australia,English,Mystery Island (Location),false,false,false,true,false,false,"AI Overview, Video preview, Thumbnail, People also ask",10,1,,1,0,8,,https://www.cruiseaway.com.au/cruises/south-pacific/mystery-island,2026-04-27 19:58:53
cruise from bali to australia,AU,Australia,English,"Bali (Location), Australia (Location)",false,true,false,true,true,false,"AI Overview, Thumbnail, People also ask",20,0,0.50,1,0,10,,https://www.cruiseaway.com.au/cruise/australia-from-bali-benoa-indonesia-with-the-viking-orion-18113744,2026-05-05 02:21:28
cruises to america,AU,Australia,English,America (Location),false,false,false,true,true,false,"AI Overview, People also ask",30,0,,1,0,11,,https://www.cruiseaway.com.au/cruises/north-america,2026-05-05 19:09:05
weekend cruise perth,AU,Australia,English,Perth (Location),false,true,false,true,true,false,People also ask,30,2,0.23,1,0,10,,https://www.cruiseaway.com.au/short-cruises,2026-04-20 15:22:44
piano cruise,AU,Australia,English,,false,false,false,true,true,false,People also ask,30,14,0.46,1,0,10,,https://www.cruiseaway.com.au/cruiseline/po-international,2026-04-21 15:04:17
cruise last minute,AU,Australia,English,,false,false,false,true,true,true,People also ask,10,4,0.44,1,0,8,,https://www.cruiseaway.com.au/last-minute-cruises,2026-04-20 03:29:48
new orleans cruise,AU,Australia,English,New Orleans (Location),false,true,false,true,true,false,"Thumbnail, Local pack, People also ask",10,0,0.52,1,0,7,,https://www.cruiseaway.com.au/cruises/american-rivers-/new-orleans,2026-04-10 02:40:02
phuket cruises,AU,Australia,English,Phuket (Location),false,true,false,true,true,false,Local pack,10,0,0.51,1,0,7,,https://www.cruiseaway.com.au/cruises/asia/phuket,2026-04-23 09:05:17
cruises from newcastle nsw 2024,AU,Australia,English,"Newcastle, New South Wales (Location)",false,true,false,true,true,true,"Sitelinks, People also ask, Thumbnail",10,2,0.33,1,0,2,,https://www.cruiseaway.com.au/cruises/australia/newcastle,2026-05-02 03:15:57
family cruise ships australia,AU,Australia,English,Australia (Location),false,true,false,true,true,false,"Top ads, Paid sitelinks, AI Overview, Thumbnail, People also ask, Sitelinks, Discussions and forums, Bottom ads",10,0,0.45,1,0,1,AI Overview,https://www.cruiseaway.com.au/family-cruises,2026-05-01 15:58:32
cruise from sydney to honolulu,AU,Australia,English,"Sydney (Location), Honolulu (Location)",false,true,false,true,true,false,"Top ads, Paid sitelinks, AI Overview, Thumbnail, People also ask",20,0,,1,0,1,AI Overview,https://www.cruiseaway.com.au/cruises-from-sydney-to-hawaii-2027,2026-04-19 02:23:53
cruise sydney to gold coast,AU,Australia,English,"Sydney (Location), Gold Coast (Location)",false,true,false,true,true,false,"AI Overview, Thumbnail",20,1,,1,0,9,,https://www.cruiseaway.com.au/short-cruises,2026-04-10 10:05:23
cruises at christmas,AU,Australia,English,,false,false,false,true,true,true,"Thumbnail, AI Overview, People also ask",20,0,0.62,1,0,9,,https://www.cruiseaway.com.au/christmas-cruises,2026-04-22 09:07:09
4 day cruise from perth,AU,Australia,English,Perth (Location),false,true,false,true,true,false,"Top ads, Thumbnail, Bottom ads",20,0,0.24,1,0,8,,https://www.cruiseaway.com.au/cruise/australia-from-perth-fremantle-australia-with-the-sapphire-princess-18603679,2026-04-25 11:28:54
cruises out of darwin,AU,Australia,English,Darwin (Location),false,true,false,true,true,false,"Thumbnail, AI Overview, People also ask",20,1,0.39,1,0,9,,https://www.cruiseaway.com.au/cruises-from-darwin,2026-04-19 01:14:18
christmas 2026,AU,Australia,English,,false,false,false,true,false,false,"AI Overview, Thumbnail, Video preview, Knowledge card, People also ask",1500,37,0.13,1,0,1,AI Overview,https://www.cruiseaway.com.au/christmas-cruises-from-sydney-2026,2026-05-05 09:35:26
north queensland cruises,AU,Australia,English,North Queensland (Location),false,true,false,true,true,false,"AI Overview, Thumbnail, People also ask",30,0,0.46,1,0,12,,https://www.cruiseaway.com.au/cruises/cairns,2026-05-09 10:12:14
christmas cruise new zealand,AU,Australia,English,New Zealand (Location),false,true,false,true,true,false,"Thumbnail, People also ask",30,0,,1,0,11,,https://www.cruiseaway.com.au/christmas-cruises-from-sydney-2027,2026-04-14 14:24:34
book cruises online,AU,Australia,English,,false,false,false,false,true,true,"Top ads, Paid sitelinks, Bottom ads",10,73,0.62,1,0,6,,https://www.cruiseaway.com.au/,2026-04-20 21:35:56
3 day cruises sydney,AU,Australia,English,Sydney (Location),false,true,false,true,true,false,"Top ads, Paid sitelinks, AI Overview, Thumbnail",20,1,,1,0,10,,https://www.cruiseaway.com.au/short-cruises,2026-04-22 23:35:16
ship cruises from melbourne,AU,Australia,English,Melbourne (Location),false,true,false,true,true,false,"AI Overview, Local teaser",30,0,,1,0,11,,https://www.cruiseaway.com.au/cruises/australia/melbourne,2026-04-09 16:09:11
cruises deals from sydney,AU,Australia,English,Sydney (Location),false,true,false,true,true,false,,30,6,,1,0,10,,https://www.cruiseaway.com.au/cruises/australia/sydney,2026-05-10 10:54:31
bali day cruise,AU,Australia,English,Bali (Location),false,true,false,true,true,true,"Local teaser, People also ask, Video preview",30,0,0.26,1,0,11,,https://www.cruiseaway.com.au/cruises/asia/bali,2026-04-09 12:24:53
cruise from manila,AU,Australia,English,Manila (Location),false,true,false,true,true,false,"AI Overview, Thumbnail, People also ask, Discussions and forums",30,0,,1,0,1,AI Overview,https://www.cruiseaway.com.au/cruises/asia/manila,2026-05-05 22:52:29
last minite cruises,AU,Australia,English,,false,false,false,true,true,true,People also ask,30,2,,1,0,10,,https://www.cruiseaway.com.au/last-minute-cruises,2026-05-03 08:21:56
christmas cruise from brisbane 2024,AU,Australia,English,Brisbane (Location),false,true,false,true,true,false,Sitelinks,10,0,,1,0,3,,https://www.cruiseaway.com.au/christmas-cruises-from-brisbane,2026-04-16 18:54:47
cheap cruises from sydney 2024,AU,Australia,English,Sydney (Location),false,true,false,true,true,false,Sitelinks,10,6,0.49,1,0,3,,https://www.cruiseaway.com.au/cheap-cruises,2026-04-13 22:35:47
cheap cruises from brisbane 2024,AU,Australia,English,Brisbane (Location),false,true,false,true,true,false,Sitelinks,10,2,,1,0,3,,https://www.cruiseaway.com.au/cheap-cruises-from-brisbane,2026-05-03 22:37:14
overseas cruises from australia,AU,Australia,English,,false,false,false,true,true,false,People also ask,10,59,,1,0,5,,https://www.cruiseaway.com.au/cruises/australia,2026-05-08 19:30:21
school holiday cruise,AU,Australia,English,,false,false,false,true,true,false,People also ask,30,0,,1,0,11,,https://www.cruiseaway.com.au/short-cruises,2026-05-09 08:43:49
cruising new zealand,AU,Australia,English,New Zealand (Location),false,true,false,true,true,false,"AI Overview, Thumbnail, People also ask, Knowledge panel",30,4,0.50,1,0,12,,https://www.cruiseaway.com.au/cruises/new-zealand,2026-05-02 06:53:52
cruise captain,AU,Australia,English,,false,false,false,true,false,false,"People also ask, Thumbnail, Sitelinks",20,22,0.18,1,0,9,,https://www.cruiseaway.com.au/blog/cruise-news/cruise-ship-captain/,2026-04-18 16:06:28
cruise from sydney to america,AU,Australia,English,"Sydney (Location), America (Location)",false,true,false,true,true,false,"AI Overview, People also ask",20,0,0.52,1,0,10,,https://www.cruiseaway.com.au/cruise/latin-glow-passage-of-the-americas-18616611,2026-04-25 16:29:10
crusies from melbourne,AU,Australia,English,Melbourne (Location),false,true,false,true,true,false,People also ask,20,0,,1,0,9,,https://www.cruiseaway.com.au/cruises/australia/melbourne,2026-04-15 10:54:28
cruise around,AU,Australia,English,,false,false,false,true,true,false,"People also ask, Thumbnail",10,19,0.45,1,0,7,,https://www.cruiseaway.com.au/28-day-cruise-around-australia,2026-04-21 14:17:27
cruses from brisbane,AU,Australia,English,Brisbane (Location),false,true,false,true,true,false,"Top ads, Thumbnail, People also ask, Bottom ads, Paid sitelinks",20,0,,1,0,10,,https://www.cruiseaway.com.au/cruises/australia/brisbane,2026-05-08 19:37:59
cruise from new zealand to australia one way,AU,Australia,English,"New Zealand (Location), Australia (Location)",false,false,false,true,true,false,"AI Overview, Thumbnail, People also ask, Bottom ads, Paid sitelinks",20,1,,1,0,10,,https://www.cruiseaway.com.au/cruises/new-zealand,2026-04-22 19:38:44
cruise from adelaide to tasmania,AU,Australia,English,"Adelaide (Location), Tasmania (Location)",false,true,false,true,true,false,"Thumbnail, People also ask, Bottom ads, Paid sitelinks",20,0,0.32,1,0,9,,https://www.cruiseaway.com.au/cruises/tasmania-cruises,2026-04-26 08:34:02
ladt minute cruises,AU,Australia,English,,false,false,false,true,true,true,"Top ads, Thumbnail, People also ask",20,3,,1,0,9,,https://www.cruiseaway.com.au/zones/last-minute-cruises-from-brisbane,2026-04-30 21:17:27
melb cruises,AU,Australia,English,Melbourne (Location),false,true,false,true,true,false,"Local pack, Thumbnail",20,0,,1,0,10,,https://www.cruiseaway.com.au/cruises/australia/melbourne,2026-04-15 05:39:17
cruises to dubai,AU,Australia,English,Dubai (Location),false,true,false,true,true,false,"AI Overview, People also ask",20,0,0.33,1,0,10,,https://www.cruiseaway.com.au/cruises/middle-east/dubai,2026-04-10 05:55:17
last minute cryises,AU,Australia,English,,false,false,false,true,true,true,People also ask,20,2,,1,0,8,,https://www.cruiseaway.com.au/last-minute-cruises,2026-04-27 19:28:00
cruise sydney to port douglas,AU,Australia,English,"Sydney (Location), Port Douglas (Location)",false,true,false,true,true,false,People also ask,20,0,,1,0,8,,https://www.cruiseaway.com.au/cruises/australia/port-douglas,2026-04-19 17:21:44
cruise season australia,AU,Australia,English,Australia (Location),false,true,false,true,false,false,"AI Overview, Thumbnail, Video preview, Top ads, Paid sitelinks, People also ask, Discussions and forums",20,0,,1,0,9,,https://www.cruiseaway.com.au/princess-cruises-australia-2026-2027-season-launch,2026-04-25 04:17:32
round world cruises from australia,AU,Australia,English,,false,false,false,true,true,false,"AI Overview, People also ask",20,0,,1,0,9,,https://www.cruiseaway.com.au/round-the-world-cruises/princess,2026-04-21 20:09:53
caribbean cruise ship,AU,Australia,English,Caribbean (Location),false,false,false,true,true,false,"Top ads, AI Overview, Thumbnail, Video preview, Sitelinks, People also ask, Discussions and forums, Bottom ads, Paid sitelinks",30,58,0.64,1,0,11,,https://www.cruiseaway.com.au/cruiseline/royal-caribbean-cruises,2026-05-03 04:32:28
cruise ships leaving brisbane,AU,Australia,English,Brisbane (Location),false,true,false,true,true,false,"People also ask, Knowledge panel",40,2,0.28,1,0,12,,https://www.cruiseaway.com.au/cruises/australia/brisbane,2026-04-30 05:34:28
best inside passage cruise from vancouver,AU,Australia,English,Vancouver (Location),false,true,false,true,true,true,"AI Overview, Thumbnail, People also ask, Discussions and forums",30,1,,1,0,12,,https://www.cruiseaway.com.au/cruises/alaska-canada-west/inside-passage,2026-05-09 15:25:21
cruise from melbourne to tasmania price,AU,Australia,English,"Melbourne (Location), Tasmania (Location)",false,true,false,true,true,false,"AI Overview, Thumbnail, People also ask, Bottom ads, Paid sitelinks",10,0,0.40,1,0,6,,https://www.cruiseaway.com.au/cruises/australia/tasmania,2026-04-18 02:58:28
hawaii cruise to australia,AU,Australia,English,Australia (Location),false,true,false,true,true,false,"AI Overview, People also ask, Video preview",10,0,,1,0,6,,https://www.cruiseaway.com.au/hawaiian-shores-to-sydney,2026-04-17 16:04:34
christmas cruises from brisbane 2024,AU,Australia,English,Brisbane (Location),false,true,false,true,true,false,"AI Overview, Thumbnail, Video preview, People also ask, Sitelinks",10,0,,1,0,1,AI Overview,https://www.cruiseaway.com.au/christmas-cruises-from-brisbane,2026-04-14 20:00:28
cruise ship geelong,AU,Australia,English,Geelong (Location),false,true,false,true,false,false,People also ask,10,0,,1,0,6,,https://www.cruiseaway.com.au/cruises/geelong,2026-04-22 04:49:09
cruise america to australia,AU,Australia,English,,false,false,false,true,true,false,"Sitelinks, People also ask, AI Overview, Video preview",10,0,0.38,1,0,7,,https://www.cruiseaway.com.au/cruise/transpacific-from-los-angeles-california-usa-with-the-grand-princess-18359831,2026-05-10 11:16:40
cruises from bali to australia,AU,Australia,English,"Bali (Location), Australia (Location)",false,true,false,true,true,false,"Top ads, Paid sitelinks, AI Overview, Thumbnail, People also ask",10,0,0.50,1,0,9,,https://www.cruiseaway.com.au/cruise/australia-from-bali-benoa-indonesia-with-the-viking-orion-18113744,2026-04-30 20:40:28
cruise 7 days,AU,Australia,English,,false,false,false,true,true,false,"AI Overview, Thumbnail, Discussions and forums",10,3,0.41,1,0,9,,https://www.cruiseaway.com.au/7-day-cruises-from-sydney,2026-04-18 15:18:41
cruise companies brisbane,AU,Australia,English,Brisbane (Location),false,true,false,true,true,false,"AI Overview, Thumbnail, People also ask, Discussions and forums",30,10,0.54,1,0,12,,https://www.cruiseaway.com.au/cruises/australia/brisbane,2026-04-25 12:53:04
caribbean cruises 2023,AU,Australia,English,,false,false,false,true,true,false,"Sitelinks, Video preview",20,0,0.78,1,0,10,,https://www.cruiseaway.com.au/cruiseline/royal-caribbean-cruises,2026-05-11 01:26:15
3 night cruise brisbane,AU,Australia,English,Brisbane (Location),false,true,false,true,true,false,"AI Overview, People also ask",20,1,,1,0,11,,https://www.cruiseaway.com.au/short-cruises,2026-05-07 01:55:29
cruise new years eve,AU,Australia,English,,false,false,false,true,true,true,,20,1,,1,0,10,,https://www.cruiseaway.com.au/new-years-eve-cruises,2026-05-01 21:03:00
cruises in india,AU,Australia,English,India (Location),false,true,false,true,true,false,"AI Overview, Thumbnail, People also ask, Discussions and forums",20,0,0.27,1,0,11,,https://www.cruiseaway.com.au/cruises/india,2026-05-04 02:53:02
cruises australia to hawaii,AU,Australia,English,,false,false,false,true,true,false,AI Overview,20,0,0.38,1,0,11,,https://www.cruiseaway.com.au/cruises-from-brisbane-to-hawaii,2026-05-09 20:18:52
eden cruises,AU,Australia,English,Eden (Location),false,true,false,true,false,false,"Thumbnail, Knowledge panel",20,0,0.36,1,0,10,,https://www.cruiseaway.com.au/cruises/australia/eden,2026-05-05 16:01:33
cruise through suez canal,AU,Australia,English,Suez Canal (Location),false,false,false,true,true,false,"AI Overview, Thumbnail, People also ask, Discussions and forums, Bottom ads, Paid sitelinks",10,0,,1,0,1,AI Overview,https://www.cruiseaway.com.au/cruises/africa/suez-canal-passage,2026-04-30 03:06:28
4 day cruise from sydney 2024,AU,Australia,English,Sydney (Location),false,true,false,true,true,false,Sitelinks,10,2,0.35,1,0,3,,https://www.cruiseaway.com.au/short-cruises,2026-05-05 17:30:32
cruises to tasmania 2024,AU,Australia,English,Tasmania (Location),false,true,false,true,true,false,"Thumbnail, People also ask",0,0,0.55,1,0,2,,https://www.cruiseaway.com.au/cruises/australia/tasmania,2026-04-21 03:52:53
cruise suez canal,AU,Australia,English,Suez Canal (Location),false,false,false,true,true,false,"AI Overview, Thumbnail, Top ads, Paid sitelinks, People also ask, Bottom ads",0,0,,1,0,1,AI Overview,https://www.cruiseaway.com.au/cruises/africa/suez-canal-passage,2026-04-23 17:57:37
adults-only cruises from sydney,AU,Australia,English,Sydney (Location),false,true,false,true,true,false,"Sitelinks, People also ask, AI Overview",0,9,0.38,1,0,2,,https://www.cruiseaway.com.au/cruises/adult-only-virgin-voyages,2026-04-23 23:53:28
cruise ship fiji,AU,Australia,English,Fiji (Location),false,true,false,true,true,false,"Local pack, Top stories, Thumbnail, People also ask",20,1,0.45,1,0,10,,https://www.cruiseaway.com.au/cruises-from-sydney-to-fiji,2026-04-14 14:34:52
2025 cruise,AU,Australia,English,,false,false,false,true,true,false,,20,35,0.56,1,0,9,,https://www.cruiseaway.com.au/cruises/australia,2026-04-19 18:35:03
cruise ship from australia,AU,Australia,English,,false,false,false,true,true,false,"AI Overview, Top stories, Thumbnail",20,23,,1,0,10,,https://www.cruiseaway.com.au/cruises/australia,2026-05-11 02:42:54
seattle cruises,AU,Australia,English,Seattle (Location),false,true,false,true,true,false,Local pack,20,0,0.42,1,0,10,,https://www.cruiseaway.com.au/cruises/north-america/seattle,2026-04-29 19:05:28
cruise shops,AU,Australia,English,,false,false,false,true,true,false,"AI Overview, Local pack",20,52,0.32,1,0,10,,https://www.cruiseaway.com.au/ships,2026-05-06 23:01:36
figi cruise,AU,Australia,English,Fiji (Location),false,false,false,true,true,false,Thumbnail,20,0,,1,0,9,,https://www.cruiseaway.com.au/cruises-from-sydney-to-fiji,2026-04-21 19:04:32
bay of island cruises,AU,Australia,English,Bay of Islands (Location),false,true,false,true,false,false,"Local pack, People also ask",20,21,,1,0,10,,https://www.cruiseaway.com.au/cruises/new-zealand/bay-of-islands,2026-05-07 04:51:07
australia cruise,AU,Australia,English,Australia (Location),false,false,false,true,true,false,"People also ask, Top stories, Thumbnail, Discussions and forums, Video preview",700,30,0.41,1,0,26,,https://www.cruiseaway.com.au/short-cruises,2026-05-10 02:47:16
brisbane cruise ships,AU,Australia,English,Brisbane (Location),false,true,false,true,false,false,"People also ask, Knowledge panel",40,4,0.38,1,0,12,,https://www.cruiseaway.com.au/cruises/australia/brisbane,2026-05-08 02:56:12
cruise ship relocation deals,AU,Australia,English,,false,false,false,true,true,false,"Top ads, Paid sitelinks, AI Overview, Thumbnail, Video preview, People also ask",10,2,,1,0,8,,https://www.cruiseaway.com.au/repositioning-cruises,2026-04-24 06:04:54
november deals,AU,Australia,English,,false,false,false,true,true,false,People also ask,10,24,,1,0,7,,https://www.cruiseaway.com.au/november-cruises,2026-04-28 05:42:53
cruse finder,AU,Australia,English,,false,false,false,true,true,false,"Top ads, Paid sitelinks",10,54,,1,0,7,,https://www.cruiseaway.com.au/cruise-sale-finder,2026-04-20 21:02:02
cheistmas cruise,AU,Australia,English,,false,false,false,true,true,true,People also ask,10,0,,1,0,7,,https://www.cruiseaway.com.au/royal-caribbean-christmas-cruise-2026-australia,2026-04-09 14:53:15
pacific ocean cruise,AU,Australia,English,Pacific Ocean (Location),false,false,false,true,true,true,"AI Overview, People also ask",10,7,0.53,1,0,8,,https://www.cruiseaway.com.au/cruises/pacific,2026-05-04 02:43:39
last minute deal cruise,AU,Australia,English,,false,false,false,true,true,true,,10,4,,1,0,7,,https://www.cruiseaway.com.au/last-minute-cruises,2026-05-03 08:02:54
brisbane crusies,AU,Australia,English,Brisbane (Location),false,true,false,true,true,true,"Top ads, Paid sitelinks, Local pack, Thumbnail, Bottom ads",20,1,,1,0,9,,https://www.cruiseaway.com.au/cruises/australia/brisbane,2026-04-20 21:45:42
cruises with water slides,AU,Australia,English,,false,false,false,true,true,false,"AI Overview, Thumbnail, Video preview, People also ask, Discussions and forums",20,0,0.30,1,0,9,,https://www.cruiseaway.com.au/ship/carnival-adventure,2026-05-11 07:53:08
is there a cruise from hawaii to australia,AU,Australia,English,"Hawaii (Location), Australia (Location)",false,true,false,true,false,false,"AI Overview, Thumbnail, People also ask, Bottom ads, Paid sitelinks",10,0,,1,0,6,,https://www.cruiseaway.com.au/cruises/hawaii,2026-04-30 03:00:30
river cruise europe 2025,AU,Australia,English,Europe (Location),false,false,false,true,true,false,People also ask,20,7,1.33,1,0,10,,https://www.cruiseaway.com.au/cruises/european-river,2026-04-17 23:51:23
best 3 day cruises from sydney,AU,Australia,English,Sydney (Location),false,true,false,true,true,false,"AI Overview, Thumbnail, People also ask, Bottom ads, Paid sitelinks",20,1,,1,0,11,,https://www.cruiseaway.com.au/short-cruises,2026-04-25 22:55:44
7 day cruise from brisbane to cairns,AU,Australia,English,"Brisbane (Location), Cairns (Location)",false,true,false,true,true,false,"AI Overview, Thumbnail, Top ads, Paid sitelinks, People also ask, Video preview, Bottom ads",20,0,,1,0,11,,https://www.cruiseaway.com.au/cruise-from-brisbane-to-cairns,2026-05-05 05:06:53
cruise new year,AU,Australia,English,,false,false,false,true,true,false,"Top ads, Paid sitelinks",0,0,,1,0,3,,https://www.cruiseaway.com.au/new-years-eve-cruises,2026-04-13 22:06:48
7 days cruise from sydney,AU,Australia,English,Sydney (Location),false,true,false,true,true,false,"AI Overview, Thumbnail, Bottom ads, Paid sitelinks",20,26,,1,0,1,AI Overview,https://www.cruiseaway.com.au/7-day-cruises-from-sydney,2026-04-23 23:44:39
cruise for families,AU,Australia,English,,false,false,false,true,true,false,"Thumbnail, Discussions and forums, Bottom ads, Paid sitelinks",20,0,,1,0,9,,https://www.cruiseaway.com.au/family-cruises,2026-05-04 16:47:28
short sydney cruises,AU,Australia,English,,false,true,false,true,true,true,"Thumbnail, AI Overview",20,2,,1,0,10,,https://www.cruiseaway.com.au/short-cruises,2026-05-05 15:46:00
cruise ship sales,AU,Australia,English,,false,false,false,true,true,true,Thumbnail,20,35,0.28,1,0,9,,https://www.cruiseaway.com.au/cruise-sale-finder,2026-04-24 05:09:52
cruise miami,AU,Australia,English,Miami (Location),false,true,false,true,true,false,,20,0,0.65,1,0,9,,https://www.cruiseaway.com.au/cruises/central-america/miami,2026-04-21 14:13:52
on a cruise,AU,Australia,English,,false,false,false,true,true,false,"People also ask, Video preview",10,53,,1,0,8,,https://www.cruiseaway.com.au/,2026-04-15 17:16:17
world cruise,AU,Australia,English,,false,false,false,true,true,false,"People also ask, Video preview, Thumbnail",600,8,0.81,1,0,25,,https://www.cruiseaway.com.au/cruises/world-cruises-sectors,2026-05-03 01:49:18
cruise from sydney to singapore 2025,AU,Australia,English,"Sydney (Location), Singapore (Location)",false,true,false,true,true,false,People also ask,30,0,,1,0,11,,https://www.cruiseaway.com.au/cruises-from-singapore-to-sydney,2026-05-11 01:50:20
sydney to caribbean,AU,Australia,English,"Sydney (Location), Caribbean (Location)",false,true,false,true,true,false,"AI Overview, Thumbnail, People also ask",30,0,,1,0,12,,https://www.cruiseaway.com.au/royal-caribbean-cruises-from-sydney-2026,2026-05-07 11:04:27
cruise from copenhagen,AU,Australia,English,Copenhagen (Location),false,true,false,true,true,false,,20,0,0.43,1,0,10,,https://www.cruiseaway.com.au/cruise/transatlantic-from-copenhagen-denmark-with-the-sapphire-princess-17595182,2026-04-26 06:37:28
christmas cruise from melbourne,AU,Australia,English,Melbourne (Location),false,true,false,true,true,false,"AI Overview, Thumbnail, People also ask",20,0,,1,0,1,AI Overview,https://www.cruiseaway.com.au/christmas-cruises,2026-04-28 04:06:30
cruise options,AU,Australia,English,,false,false,false,true,true,false,,20,64,0.46,1,0,10,,https://www.cruiseaway.com.au/cruises/australia/sydney,2026-04-23 10:05:04
5 day cruise australia,AU,Australia,English,Australia (Location),false,true,false,true,true,false,"Video preview, People also ask",20,2,,1,0,10,,https://www.cruiseaway.com.au/short-cruises,2026-05-11 03:49:39
cruise australia to america,AU,Australia,English,,false,false,false,true,true,false,"Top ads, Paid sitelinks, AI Overview, People also ask, Thumbnail",20,0,0.38,1,0,11,,https://www.cruiseaway.com.au/cruise/alaska-north-pacific-crossing-17917262,2026-05-05 03:07:53
british isles cruises 2025,AU,Australia,English,British Isles (Location),false,false,false,true,true,false,"Thumbnail, People also ask",10,0,0.67,1,0,6,,https://www.cruiseaway.com.au/cruises/british-isles,2026-04-20 18:21:24
best cruises to new zealand,AU,Australia,English,New Zealand (Location),false,false,false,true,true,false,"People also ask, Sitelinks",10,0,,1,0,6,,https://www.cruiseaway.com.au/cruise/new-zealand-from-sydney-australia-with-the-celebrity-edge-16429976,2026-05-08 23:24:40
cruise fremantle to darwin,AU,Australia,English,"Fremantle (Location), Darwin (Location)",false,true,false,true,true,false,People also ask,10,0,0.33,1,0,8,,https://www.cruiseaway.com.au/western-australia-cruises-from-perth-fremantle,2026-04-23 08:27:24
cruises to norfolk island from sydney,AU,Australia,English,"Norfolk Island (Location), Sydney (Location)",false,true,false,true,true,false,"Top ads, Paid sitelinks, AI Overview, Thumbnail, People also ask",10,0,,1,0,9,,https://www.cruiseaway.com.au/cruise/south-pacific-from-sydney-australia-with-the-carnival-adventure-18557046,2026-04-16 05:35:09
last minute luxury cruise deals,AU,Australia,English,,false,false,false,true,true,true,"Top ads, Paid sitelinks",10,3,,1,0,8,,https://www.cruiseaway.com.au/last-minute-cruises,2026-05-05 19:23:35
cruise adelaide to sydney,AU,Australia,English,,false,true,false,true,true,false,"People also ask, Video preview",30,0,,1,0,11,,https://www.cruiseaway.com.au/cruises/adelaide,2026-05-05 15:20:29
cruise costs,AU,Australia,English,,false,false,false,true,true,false,"AI Overview, Thumbnail, People also ask",20,12,0.29,1,0,1,AI Overview,https://www.cruiseaway.com.au/cruises-under-999,2026-04-28 18:53:52
round the world cruises from sydney,AU,Australia,English,Sydney (Location),false,true,false,true,true,false,"AI Overview, Thumbnail, People also ask, Video preview",10,0,0.43,1,0,8,,https://www.cruiseaway.com.au/round-the-world-cruises/princess,2026-04-21 01:09:47
christmas cruise 2024 from brisbane,AU,Australia,English,Brisbane (Location),false,true,false,true,true,false,"Thumbnail, Sitelinks",10,0,0.47,1,0,3,,https://www.cruiseaway.com.au/christmas-cruises-from-brisbane,2026-04-19 07:56:27
cruise with water park,AU,Australia,English,,false,false,false,true,true,false,"Top ads, Paid sitelinks, Thumbnail, People also ask, Bottom ads",10,5,0.35,1,0,5,,https://www.cruiseaway.com.au/ship/carnival-adventure,2026-05-04 16:20:28
new zealand cruises,AU,Australia,English,New Zealand (Location),false,false,false,true,true,false,"AI Overview, People also ask, Discussions and forums, Video preview, Thumbnail",1000,3,0.42,1,0,21,,https://www.cruiseaway.com.au/cruises/new-zealand,2026-05-05 17:32:08
3 days cruises from sydney,AU,Australia,English,Sydney (Location),false,true,false,true,true,false,AI Overview,20,1,,1,0,10,,https://www.cruiseaway.com.au/short-cruises,2026-04-18 20:20:39
3 days cruise sydney,AU,Australia,English,Sydney (Location),false,true,false,true,true,false,"Thumbnail, AI Overview, Discussions and forums, Video preview",20,1,,1,0,10,,https://www.cruiseaway.com.au/short-cruises,2026-04-25 16:56:34
cruise from italy,AU,Australia,English,Italy (Location),false,false,false,true,true,false,"Top ads, Paid sitelinks, Thumbnail, People also ask, Bottom ads",20,4,,1,0,9,,https://www.cruiseaway.com.au/cruises/italy,2026-04-30 11:56:54
cruises port lincoln,AU,Australia,English,Port Lincoln (Location),false,true,false,true,true,false,Local pack,20,0,,1,0,10,,https://www.cruiseaway.com.au/cruises/australia/port-lincoln,2026-05-07 08:47:20
cruise sydney to usa,AU,Australia,English,,false,false,false,true,true,false,"Top ads, Paid sitelinks, People also ask, Thumbnail",20,0,0.52,1,0,9,,https://www.cruiseaway.com.au/cruise/transpacific-from-sydney-australia-with-the-carnival-luminosa-18314324,2026-05-09 09:41:10
cruise sale finder,AU,Australia,English,,false,false,false,true,true,false,,0,33,0.42,1,0,2,,https://www.cruiseaway.com.au/cruise-sale-finder,2026-04-14 22:01:28
voyages cruises,AU,Australia,English,,false,false,false,true,true,false,People also ask,10,11,,1,0,7,,https://www.cruiseaway.com.au/cruiseline/virgin-voyages,2026-05-06 20:38:54
cruise ship to hawaii,AU,Australia,English,Hawaii (Location),false,true,false,true,true,false,"AI Overview, Video preview, Thumbnail, People also ask",10,0,,1,0,8,,https://www.cruiseaway.com.au/cruises-from-brisbane-to-hawaii,2026-04-19 03:19:08
cruises that depart from melbourne,AU,Australia,English,Melbourne (Location),false,true,false,true,true,false,"AI Overview, Thumbnail",10,0,,1,0,10,,https://www.cruiseaway.com.au/cruises/australia/melbourne,2026-04-27 15:14:36
cruise from hawaii to australia 2025,AU,Australia,English,"Hawaii (Location), Australia (Location)",false,true,false,true,true,false,People also ask,20,0,0.30,1,0,10,,https://www.cruiseaway.com.au/hawaiian-shores-to-sydney,2026-04-16 17:12:03
pay off cruises australia,AU,Australia,English,Australia (Location),false,true,false,true,true,false,"AI Overview, Thumbnail, People also ask",20,0,,1,0,11,,https://www.cruiseaway.com.au/cheap-cruises,2026-05-08 23:09:08
cruise lines from australia,AU,Australia,English,,false,false,false,true,true,false,"Top ads, Paid sitelinks, People also ask, Thumbnail",20,47,1.02,1,0,10,,https://www.cruiseaway.com.au/princess-cruises-australia-2026-2027-season-launch,2026-05-08 09:42:32
cruise brisbane to hobart,AU,Australia,English,"Brisbane (Location), Hobart (Location)",false,true,false,true,true,false,"Thumbnail, People also ask",30,0,,1,0,11,,https://www.cruiseaway.com.au/cruise/australia-from-brisbane-australia-with-the-grand-princess-18603819,2026-04-21 15:08:47
what cruise ships sail from brisbane,AU,Australia,English,Brisbane (Location),false,true,false,true,false,false,"AI Overview, Thumbnail, People also ask",30,2,0.45,1,0,12,,https://www.cruiseaway.com.au/cruises/australia/brisbane,2026-05-09 04:33:07
cruise ship in australia,AU,Australia,English,Australia (Location),false,true,false,true,true,false,"AI Overview, Thumbnail, People also ask",30,19,0.46,1,0,12,,https://www.cruiseaway.com.au/cruises/australia,2026-04-13 02:38:33
cruise brisbane to new zealand 2024,AU,Australia,English,"Brisbane (Location), New Zealand (Location)",false,true,false,true,true,false,Sitelinks,10,0,0.37,1,0,4,,https://www.cruiseaway.com.au/cruises-from-brisbane-to-new-zealand,2026-04-24 13:04:54
australia hawaii cruise,AU,Australia,English,"Australia (Location), Hawaii (Location)",false,true,false,true,true,false,,10,0,,1,0,6,,https://www.cruiseaway.com.au/cruises-from-sydney-to-hawaii-2027,2026-04-10 06:33:01
sydney to new york cruise,AU,Australia,English,,false,false,false,true,true,false,"AI Overview, People also ask",20,0,0.50,1,0,11,,https://www.cruiseaway.com.au/cruise/east-coast-usa-from-australia-with-the-carnival-venezia-18326633,2026-05-08 04:00:38
cruise ships in fremantle,AU,Australia,English,Fremantle (Location),false,true,false,true,true,false,"People also ask, Knowledge panel",10,2,,0,0,8,,https://www.cruiseaway.com.au/cruises/australia/perth,2026-05-04 19:29:17
nye cruise brisbane,AU,Australia,English,Brisbane (Location),false,true,false,true,true,true,"Thumbnail, Video preview, People also ask",30,0,,0,0,11,,https://www.cruiseaway.com.au/new-years-eve-cruises,2026-04-25 02:23:02
tarent,AU,Australia,English,Taranto (Location),false,false,false,true,false,false,"People also ask, Knowledge panel",20,26,,0,0,9,,https://www.cruiseaway.com.au/cruises/tarent,2026-04-27 01:54:55
last minite cruise,AU,Australia,English,,false,false,false,true,true,true,"Top ads, Paid sitelinks, Thumbnail, Discussions and forums",20,6,,0,0,9,,https://www.cruiseaway.com.au/last-minute-cruises,2026-04-22 18:18:32
sydney cruise 3 days,AU,Australia,English,Sydney (Location),false,true,false,true,true,false,"AI Overview, Video preview",20,1,,0,0,10,,https://www.cruiseaway.com.au/short-cruises,2026-04-10 04:59:17
cruise deals new zealand,AU,Australia,English,New Zealand (Location),false,true,false,true,true,true,"Top ads, Paid sitelinks, Knowledge panel, Thumbnail",20,12,0.52,0,0,9,,https://www.cruiseaway.com.au/new-zealand-cruise-deals,2026-04-28 17:55:28
last minute cruises mediterranean,AU,Australia,English,Mediterranean (Location),false,false,false,true,true,true,"Thumbnail, People also ask",20,2,0.60,0,0,9,,https://www.cruiseaway.com.au/cruises/mediterranean,2026-04-26 08:27:32
5 night cruise from brisbane,AU,Australia,English,Brisbane (Location),false,true,false,true,true,false,"Top ads, Paid sitelinks",20,1,0.28,0,0,10,,https://www.cruiseaway.com.au/short-cruises,2026-04-29 22:26:54
how much is it to go on a cruise,AU,Australia,English,,false,false,false,true,true,false,"AI Overview, People also ask, Thumbnail, Discussions and forums, Video preview",20,18,0.46,0,0,11,,https://www.cruiseaway.com.au/cheap-cruises,2026-05-02 12:22:13
cruise ship australia to new zealand,AU,Australia,English,,false,false,false,true,true,false,"AI Overview, Thumbnail",20,2,0.45,0,0,11,,https://www.cruiseaway.com.au/cruises-from-sydney-to-new-zealand,2026-04-25 23:17:24
cruise ship melbourne to tasmania,AU,Australia,English,,false,true,false,true,true,false,"AI Overview, Video preview, People also ask, Discussions and forums, Bottom ads",20,0,,0,0,11,,https://www.cruiseaway.com.au/cruises/australia/tasmania,2026-05-02 21:45:48
cruise from.singapore,AU,Australia,English,Singapore (Location),false,true,false,true,true,false,"Top ads, Paid sitelinks, AI Overview, People also ask, Thumbnail, Bottom ads",20,3,,0,0,11,,https://www.cruiseaway.com.au/cruises-from-singapore-to-australia,2026-05-05 09:30:39
solo traveller cruises,AU,Australia,English,,false,false,false,true,true,false,"AI Overview, Thumbnail, Discussions and forums, People also ask",20,1,,0,0,11,,https://www.cruiseaway.com.au/singles-cruises,2026-05-08 11:44:28
best last minute cruise deals,AU,Australia,English,,false,false,false,true,true,true,"AI Overview, Thumbnail, People also ask",10,6,0.45,0,0,8,,https://www.cruiseaway.com.au/last-minute-cruises,2026-04-20 06:39:32
new year eve cruises,AU,Australia,English,New Year's Eve (Event),false,false,false,true,true,false,,10,0,,0,0,7,,https://www.cruiseaway.com.au/new-years-eve-cruises,2026-04-14 07:46:48
around the world cruises from sydney,AU,Australia,English,Sydney (Location),false,true,false,true,true,false,"AI Overview, Thumbnail",10,0,,0,0,8,,https://www.cruiseaway.com.au/round-the-world-cruises/princess,2026-04-15 17:44:02
how much are cruise ships,AU,Australia,English,,false,false,false,true,true,false,"AI Overview, Thumbnail, People also ask, Sitelinks",10,12,0.32,0,0,7,,https://www.cruiseaway.com.au/cruises/australia,2026-04-29 03:03:53
pacific island cruise deals,AU,Australia,English,,false,false,false,true,true,true,People also ask,10,0,,0,0,9,,https://www.cruiseaway.com.au/cruises-from-sydney-to-south-pacific,2026-05-05 17:36:31
cruise northern australia,AU,Australia,English,Northern Australia (Location),false,true,false,true,true,false,"People also ask, AI Overview",20,5,0.71,0,0,12,,https://www.cruiseaway.com.au/cruises/australia/darwin,2026-04-12 15:11:17
10 day cruise from melbourne,AU,Australia,English,Melbourne (Location),false,true,false,true,true,false,"AI Overview, Thumbnail, People also ask",20,2,,0,0,12,,https://www.cruiseaway.com.au/cruises/australia/melbourne,2026-05-04 22:41:53
cruise sydney to new caledonia,AU,Australia,English,"Sydney (Location), New Caledonia (Location)",false,true,false,true,true,false,"Top ads, Paid sitelinks, Thumbnail, AI Overview, People also ask, Video preview",20,0,0.40,0,0,12,,https://www.cruiseaway.com.au/cruises/south-pacific/noumea,2026-05-02 22:56:42
cruises to the great barrier reef,AU,Australia,English,Great Barrier Reef (Location),false,false,false,true,true,false,"Thumbnail, AI Overview, People also ask, Discussions and forums",20,11,,0,0,12,,https://www.cruiseaway.com.au/cruises/australia/great-barrier-reef,2026-04-28 23:17:35
cruise to tonga from australia,AU,Australia,English,"Tonga (Location), Australia (Location)",false,true,false,true,true,false,"Top ads, Paid sitelinks, Thumbnail, People also ask",20,0,0.45,0,0,11,,https://www.cruiseaway.com.au/cruises/nuku-alofa,2026-04-15 02:43:33
cruise australia to usa,AU,Australia,English,,false,false,false,true,true,false,"AI Overview, People also ask, Discussions and forums, Video preview",20,0,0.38,0,0,12,,https://www.cruiseaway.com.au/cruise/alaska-north-pacific-crossing-17917262,2026-05-06 19:50:15
bergen cruises,AU,Australia,English,Bergen (Location),false,true,false,true,true,false,"Sitelinks, Local teaser, People also ask, Bottom ads, Paid sitelinks",20,0,0.73,0,0,11,,https://www.cruiseaway.com.au/cruises/northern-europe/bergen,2026-04-10 12:50:06
best inside passage alaska cruise,AU,Australia,English,"Alaska Inside Passage Cruise (Event), Inside Passage (Location)",false,false,false,true,true,false,"AI Overview, Thumbnail, People also ask, Sitelinks",20,0,1.38,0,0,11,,https://www.cruiseaway.com.au/cruises/alaska-canada-west/inside-passage,2026-04-30 03:37:53
cruises exmouth,AU,Australia,English,Exmouth (Location),false,true,false,true,true,false,"Top ads, Knowledge panel, Thumbnail, People also ask",0,0,0.35,0,0,3,,https://www.cruiseaway.com.au/cruises/exmouth,2026-04-19 20:26:28
fremantle to exmouth,AU,Australia,English,"Fremantle (Location), Exmouth (Location)",false,true,false,true,false,false,"People also ask, Thumbnail",0,0,,0,0,3,,https://www.cruiseaway.com.au/fremantle-to-exmouth-cruise,2026-04-30 01:38:32
christmas cruises australia 2024,AU,Australia,English,Australia (Location),false,true,false,true,true,false,"Thumbnail, People also ask, Bottom ads, Paid sitelinks",0,0,,0,0,3,,https://www.cruiseaway.com.au/christmas-cruises,2026-04-22 22:16:31
cruises in december 2024,AU,Australia,English,,false,false,false,true,true,false,"People also ask, Sitelinks",10,4,0.42,0,0,4,,https://www.cruiseaway.com.au/cruises,2026-04-18 00:30:12
usa hawaii,AU,Australia,English,Hawaii (Location),false,true,false,true,false,false,"People also ask, Knowledge panel, Thumbnail, Sitelinks, Video preview",20,0,,0,0,10,,https://www.cruiseaway.com.au/cruise/hawaii-from-los-angeles-california-usa-with-the-crown-princess-18484598,2026-05-09 01:04:04
cruise departing from sydney,AU,Australia,English,Sydney (Location),false,true,false,true,true,false,People also ask,20,11,0.74,0,0,10,,https://www.cruiseaway.com.au/cruises/australia/sydney,2026-04-23 05:23:48
cruise offers,AU,Australia,English,,false,false,false,true,true,false,"Discussions and forums, Knowledge panel, Video preview",500,37,0.50,0,0,4,,https://www.cruiseaway.com.au/cruise-deals,2026-05-01 20:01:36
cruises.from.brisbane,AU,Australia,English,Brisbane (Location),false,true,false,true,true,false,"Thumbnail, People also ask",20,0,,0,0,9,,https://www.cruiseaway.com.au/cruises/australia/brisbane,2026-05-10 22:35:18
can you cruise from australia to england,AU,Australia,English,"Australia (Location), England (Location)",false,false,false,true,true,false,"AI Overview, Thumbnail, People also ask, Sitelinks, Bottom ads, Paid sitelinks",20,0,0.25,0,0,10,,https://www.cruiseaway.com.au/cruise/british-isles-from-australia-with-the-queen-mary-2-18330348,2026-04-27 20:07:02
around the world cruise cost,AU,Australia,English,,false,false,false,true,true,false,"Top ads, Paid sitelinks, People also ask, Thumbnail, Video preview",10,0,0.40,0,0,8,,https://www.cruiseaway.com.au/cruises/world-cruises-sectors,2026-04-28 11:59:53
japan and korea tour from sydney,AU,Australia,English,"Japan and Korea Tour (Event), Sydney (Location)",false,true,false,true,true,false,"Top ads, Paid sitelinks, AI Overview, Thumbnail, People also ask, Bottom ads",10,0,,0,0,9,,https://www.cruiseaway.com.au/travelzoo-exclusive-japan-korea-china,2026-04-24 06:44:48
cruise sydney to cairns one way,AU,Australia,English,Sydney to Cairns (Event),false,true,false,true,true,false,"Top ads, Paid sitelinks, AI Overview, Thumbnail, People also ask, Bottom ads",10,0,0.44,0,0,9,,https://www.cruiseaway.com.au/cruises/cairns,2026-04-27 22:23:28
cruise sydney to whitsundays,AU,Australia,English,"Sydney (Location), Whitsundays (Location)",false,true,false,true,true,false,"Top ads, Paid sitelinks, AI Overview, Thumbnail, People also ask",20,0,,0,0,12,,https://www.cruiseaway.com.au/cruises/australia/whitsunday-islands,2026-04-28 09:04:53
norway cruise,AU,Australia,English,Norway (Location),false,false,false,true,true,false,"People also ask, Discussions and forums, Video preview, Thumbnail",400,53,0.82,0,0,24,,https://www.cruiseaway.com.au/cruises/norwegian-fjords,2026-05-11 11:52:55
honolulu to australia cruise,AU,Australia,English,"Honolulu (Location), Australia (Location)",false,true,false,true,true,false,"AI Overview, Thumbnail",10,0,,0,0,6,,https://www.cruiseaway.com.au/hawaiian-shores-to-sydney,2026-04-10 15:04:36
cruise from singapore to perth australia,AU,Australia,English,"Singapore (Location), Perth, Australia (Location)",false,true,false,true,true,false,"AI Overview, People also ask",10,0,0.39,0,0,6,,https://www.cruiseaway.com.au/cruise/south-east-asia-from-singapore-singapore-with-the-sapphire-princess-18603726,2026-04-14 11:35:27
cruise around australia sydney to sydney,AU,Australia,English,Sydney to Sydney (Event),false,true,false,true,true,false,"Top ads, Paid sitelinks, People also ask, Bottom ads",10,7,,0,0,5,,https://www.cruiseaway.com.au/28-day-cruise-around-australia,2026-05-05 15:57:43
south pacific cruises from sydney 2024,AU,Australia,English,Sydney (Location),false,true,false,true,true,false,,10,0,0.46,0,0,5,,https://www.cruiseaway.com.au/cruises-from-sydney-to-south-pacific,2026-05-11 04:43:28
tasmania cruise packages from melbourne,AU,Australia,English,Melbourne (Location),false,true,false,true,true,false,"AI Overview, Thumbnail, People also ask",10,0,0.41,0,0,6,,https://www.cruiseaway.com.au/cruises/australia/tasmania,2026-04-21 10:28:53
cruises overseas,AU,Australia,English,,false,false,false,true,true,false,"Thumbnail, AI Overview, Sitelinks",20,48,0.57,0,0,11,,https://www.cruiseaway.com.au/cruise-lines,2026-04-22 08:43:17
cruise from sydney to vietnam,AU,Australia,English,"Sydney (Location), Vietnam (Location)",false,true,false,true,true,false,"AI Overview, People also ask",20,0,0.52,0,0,11,,https://www.cruiseaway.com.au/cruise/charms-of-mekong-18654380,2026-04-23 19:17:48
cruises iceland,AU,Australia,English,Iceland (Location),false,false,false,true,true,false,AI Overview,20,0,0.97,0,0,11,,https://www.cruiseaway.com.au/cruises-iceland,2026-04-23 10:22:24
sydney to fremantle cruises,AU,Australia,English,Sydney to Fremantle (Event),false,true,false,true,true,false,"Thumbnail, People also ask, Bottom ads, Paid sitelinks",0,0,0.45,0,0,1,,https://www.cruiseaway.com.au/cruises-from-sydney-to-perth,2026-04-24 16:49:29
1 dollar deposit cruise,AU,Australia,English,,false,false,false,true,true,true,"Top ads, Paid sitelinks, Thumbnail, People also ask",0,9,,0,0,2,,https://www.cruiseaway.com.au/zones/princess-1-deposits,2026-05-04 01:24:28
booked cruise,AU,Australia,English,,false,false,false,true,true,false,,0,67,0.30,0,0,2,,https://www.cruiseaway.com.au/,2026-04-12 21:43:23
small ships cruise,AU,Australia,English,,false,false,false,true,true,false,"AI Overview, Thumbnail, Video preview, People also ask",0,5,,0,0,1,AI Overview,https://www.cruiseaway.com.au/small-ship-cruises,2026-04-25 11:10:28
how much is a cruise to new zealand,AU,Australia,English,New Zealand (Location),false,false,false,true,true,false,"AI Overview, Thumbnail, People also ask",20,1,,0,0,1,AI Overview,https://www.cruiseaway.com.au/cruises-from-sydney-to-new-zealand,2026-04-26 05:07:02
cruises from sydney in september,AU,Australia,English,Sydney (Location),false,true,false,true,true,false,"AI Overview, Thumbnail, People also ask",10,4,0.45,0,0,8,,https://www.cruiseaway.com.au/september-cruises,2026-04-24 10:25:34
cruising ship,AU,Australia,English,,false,false,false,true,true,false,"AI Overview, Thumbnail, People also ask",10,67,,0,0,8,,https://www.cruiseaway.com.au/ships,2026-05-02 14:26:53
circumnavigation cruises of australia,AU,Australia,English,Australia (Location),false,false,false,true,true,false,People also ask,10,0,,0,0,7,,https://www.cruiseaway.com.au/cruises-around-australia-2027,2026-05-06 18:18:15
sydney to dubai cruise,AU,Australia,English,,false,false,false,true,true,false,"Thumbnail, People also ask",10,0,,0,0,7,,https://www.cruiseaway.com.au/cruises/middle-east/dubai,2026-04-25 15:04:32
cruise deals aus,AU,Australia,English,Australia (Location),false,true,false,true,true,false,,10,32,,0,0,9,,https://www.cruiseaway.com.au/cheap-cruises,2026-04-26 05:48:58
cruise tokyo to vancouver,AU,Australia,English,,false,false,false,true,true,false,"AI Overview, Thumbnail, Bottom ads, Paid sitelinks",10,0,0.72,0,0,10,,https://www.cruiseaway.com.au/cruise/transpacific-from-yokohama-tokyo-japan-with-the-norwegian-jade-18145198,2026-05-07 18:43:51
one week cruise,AU,Australia,English,,false,false,false,true,true,false,"Top ads, People also ask, Video preview, Bottom ads",10,5,0.43,0,0,9,,https://www.cruiseaway.com.au/cheap-cruises,2026-05-05 20:17:54
melbourne to fremantle cruise,AU,Australia,English,Melbourne to Fremantle (Event),false,true,false,true,true,false,,10,0,,0,0,9,,https://www.cruiseaway.com.au/cruises/australia/perth,2026-04-27 06:03:04
melbourne to vanuatu cruise,AU,Australia,English,"Melbourne (Location), Vanuatu (Location)",false,true,false,true,true,false,"People also ask, Thumbnail",10,0,,0,0,9,,https://www.cruiseaway.com.au/cruises/south-pacific/mystery-island,2026-05-03 03:25:02
cruises to maldives,AU,Australia,English,Maldives (Location),false,false,false,true,true,false,"Thumbnail, People also ask",10,0,,0,0,9,,https://www.cruiseaway.com.au/cruises/male,2026-05-08 05:30:30
cruise cairns to sydney,AU,Australia,English,,false,true,false,true,true,false,"Top ads, Paid sitelinks, AI Overview, Thumbnail, People also ask, Bottom ads",10,0,,0,0,10,,https://www.cruiseaway.com.au/cruises/cairns,2026-04-30 19:03:33
cheapest world cruise,AU,Australia,English,,false,false,false,true,true,false,"People also ask, Discussions and forums",10,0,0.37,0,0,9,,https://www.cruiseaway.com.au/princess-cruises-world-cruise-2026,2026-04-15 21:01:46
all inclusive cruises 2024,AU,Australia,English,,false,false,false,true,true,false,"People also ask, Sitelinks",20,31,0.50,0,0,11,,https://www.cruiseaway.com.au/all-inclusive,2026-04-26 21:22:45
10 day cruises to the caribbean,AU,Australia,English,Caribbean (Location),false,false,false,true,true,false,"Top ads, Paid sitelinks, People also ask",10,0,,0,0,8,,https://www.cruiseaway.com.au/cruise/caribbean-from-australia-with-the-carnival-celebration-18510539,2026-04-11 19:06:53
flash sale cruises,AU,Australia,English,,false,false,false,true,true,true,,10,3,,0,0,8,,https://www.cruiseaway.com.au/cruise-lines-specials,2026-04-13 19:20:32
cruise singapore to fremantle,AU,Australia,English,,false,false,false,true,true,false,"AI Overview, People also ask",10,0,0.42,0,0,9,,https://www.cruiseaway.com.au/fremantle-to-singapore-cruise-2028,2026-05-06 18:03:29
nz cruise deals,AU,Australia,English,New Zealand (Location),false,false,false,true,true,false,People also ask,10,0,,0,0,6,,https://www.cruiseaway.com.au/All,2026-04-14 00:20:17
brisbane to noumea cruise,AU,Australia,English,"Brisbane (Location), Noumea (Location)",false,true,false,true,true,false,"AI Overview, Thumbnail, People also ask",10,0,0.38,0,0,9,,https://www.cruiseaway.com.au/cruises/south-pacific/noumea,2026-04-09 20:51:03
cruises from melbourne to perth,AU,Australia,English,"Melbourne (Location), Perth (Location)",false,true,false,true,true,false,"Top ads, Paid sitelinks, AI Overview, People also ask",20,0,,0,0,12,,https://www.cruiseaway.com.au/cruises/australia/melbourne,2026-05-02 01:08:53
brisbane cruise departures,AU,Australia,English,Brisbane (Location),false,true,false,true,false,false,Knowledge panel,20,1,,0,0,11,,https://www.cruiseaway.com.au/cruises/australia/brisbane,2026-04-11 21:10:49
cruise leaving from brisbane,AU,Australia,English,Brisbane (Location),false,true,false,true,true,false,"People also ask, Bottom ads, Paid sitelinks",20,0,,0,0,11,,https://www.cruiseaway.com.au/cruises/australia/brisbane,2026-05-05 18:09:53
ceuises,AU,Australia,English,,false,false,false,true,true,false,"Top ads, Paid sitelinks, Thumbnail, People also ask, Video preview",20,62,0.44,0,0,11,,https://www.cruiseaway.com.au/themecruises,2026-05-03 01:40:27
south pacific cruises,AU,Australia,English,South Pacific (Location),false,false,false,true,true,false,"Top ads, Paid sitelinks, People also ask, Discussions and forums, Thumbnail, Video preview",1400,2,0.35,0,0,27,,https://www.cruiseaway.com.au/cruises/south-pacific,2026-04-29 10:59:55
cruise ships departing brisbane,AU,Australia,English,Brisbane (Location),false,true,false,true,false,false,"Top ads, Knowledge panel, People also ask",30,2,0.28,0,0,12,,https://www.cruiseaway.com.au/cruises/australia/brisbane,2026-04-29 13:38:53
greek island cruises,AU,Australia,English,,false,false,false,true,true,false,"Thumbnail, People also ask, Discussions and forums, Video preview",1100,2,0.71,0,0,30,,https://www.cruiseaway.com.au/cruises/greek-islands,2026-04-28 19:27:04
cruises to png from australia,AU,Australia,English,Papua New Guinea (Location),false,false,false,true,true,false,"AI Overview, People also ask",10,1,,0,0,10,,https://www.cruiseaway.com.au/cruises/papua-new-guinea,2026-05-09 06:27:52
cruises to norfolk island from brisbane,AU,Australia,English,"Norfolk Island (Location), Brisbane (Location)",false,true,false,true,true,false,"Top ads, AI Overview, Thumbnail, People also ask, Bottom ads",20,0,0.32,0,0,12,,https://www.cruiseaway.com.au/travelzoo-exclusive-carnival-australia-specials,2026-05-05 15:08:27
3 day cruise out of brisbane,AU,Australia,English,Brisbane (Location),false,true,false,true,true,false,"AI Overview, People also ask",20,0,,0,0,12,,https://www.cruiseaway.com.au/cruises/australia/brisbane,2026-04-30 02:23:27
cruise over christmas,AU,Australia,English,,false,false,false,true,true,false,People also ask,20,0,,0,0,11,,https://www.cruiseaway.com.au/christmas-cruises-from-brisbane,2026-05-08 22:50:15
cruise melbourne to darwin,AU,Australia,English,,false,true,false,true,true,false,"AI Overview, People also ask, Sitelinks",20,0,0.23,0,0,11,,https://www.cruiseaway.com.au/cruises/australia/darwin,2026-04-15 10:06:37
alaska cruise from sydney,AU,Australia,English,Sydney (Location),false,true,false,true,true,false,"AI Overview, Thumbnail, People also ask",20,0,,0,0,11,,https://www.cruiseaway.com.au/the-canadian-rockies-and-seattles-skies,2026-04-30 20:37:10
cruise from honolulu,AU,Australia,English,Honolulu (Location),false,true,false,true,true,false,"Thumbnail, AI Overview, People also ask",20,0,0.39,0,0,11,,https://www.cruiseaway.com.au/honolulu-to-sydney-cruise,2026-05-03 00:54:52
cruise from tokyo to sydney,AU,Australia,English,"Tokyo (Location), Sydney (Location)",false,true,false,true,true,false,"AI Overview, People also ask, Bottom ads, Paid sitelinks",10,0,0.60,0,0,9,,https://www.cruiseaway.com.au/cruise/grand-tokyo-to-sydney-17864191,2026-04-16 15:27:31
best cruise deals from sydney,AU,Australia,English,Sydney (Location),false,true,false,true,true,false,"AI Overview, Thumbnail, People also ask",10,5,0.57,0,0,12,,https://www.cruiseaway.com.au/cruises/australia/sydney,2026-04-23 14:11:28
hawaii to australia cruise 2025,AU,Australia,English,,false,false,false,true,true,false,"AI Overview, People also ask",10,0,,0,0,6,,https://www.cruiseaway.com.au/hawaiian-shores-to-sydney,2026-05-11 03:43:49
cruise from melbourne 2025,AU,Australia,English,Melbourne (Location),false,true,false,true,true,false,"AI Overview, People also ask, Discussions and forums",0,1,0.27,0,0,1,AI Overview,https://www.cruiseaway.com.au/cruises/australia/melbourne,2026-05-04 05:18:33
cruises to tahiti and bora bora from sydney,AU,Australia,English,"Tahiti and Bora Bora (Location), Sydney (Location)",false,true,false,true,true,false,AI Overview,0,0,,0,0,5,,https://www.cruiseaway.com.au/cruises/south-pacific/bora-bora,2026-05-06 17:33:33
christmas cruise 2024 from sydney,AU,Australia,English,Sydney (Location),false,true,false,true,true,false,,0,0,,0,0,4,,https://www.cruiseaway.com.au/christmas-cruises,2026-04-14 12:03:07
cruises from brisbane to perth,AU,Australia,English,"Brisbane (Location), Perth (Location)",false,true,false,true,true,false,"Top ads, Paid sitelinks, Thumbnail, AI Overview, People also ask, Bottom ads",20,0,0.26,0,1,12,,https://www.cruiseaway.com.au/princess-cruises-australia-2026-2027-season-launch,2026-05-04 01:59:29
1 night cruise,AU,Australia,English,,false,false,false,true,true,false,"People also ask, Bottom ads, Paid sitelinks",20,27,0.29,0,0,11,,https://www.cruiseaway.com.au/short-cruises,2026-04-11 08:24:44
adelaide cruise ships,AU,Australia,English,Adelaide (Location),false,true,false,true,false,false,"Thumbnail, Knowledge panel, People also ask",10,0,,0,0,9,,https://www.cruiseaway.com.au/cruises/adelaide,2026-05-03 03:32:31
anchorage to vancouver cruise,AU,Australia,English,"Anchorage (Location), Vancouver (Location)",false,true,false,true,true,false,"AI Overview, Thumbnail, People also ask, Discussions and forums",20,0,0.75,0,0,11,,https://www.cruiseaway.com.au/cruises/anchorage,2026-04-17 21:46:02
cruise ship trips,AU,Australia,English,,false,false,false,true,true,false,"Bottom ads, Paid sitelinks",20,52,0.45,0,0,10,,https://www.cruiseaway.com.au/short-cruises,2026-04-22 17:33:03
tokyo to sydney cruise,AU,Australia,English,,false,false,false,true,true,false,"AI Overview, People also ask",20,0,0.60,0,0,11,,https://www.cruiseaway.com.au/cruise/grand-tokyo-to-sydney-17864191,2026-05-08 02:04:43
australian boat cruises,AU,Australia,English,,false,false,false,true,true,false,"AI Overview, Thumbnail, People also ask, Local pack",20,39,0.45,0,0,11,,https://www.cruiseaway.com.au/cruises/australia,2026-05-07 00:15:45
sydney to fiji flights,AU,Australia,English,,false,true,false,true,true,false,"People also ask, Thumbnail, Video preview",1500,0,0.33,0,0,30,,https://www.cruiseaway.com.au/cruises-from-sydney-to-fiji,2026-05-03 06:40:38
28-day cruise around australia 2023,AU,Australia,English,,false,false,false,true,true,false,"Thumbnail, Sitelinks, People also ask, Video preview",0,0,0.33,0,0,1,,https://www.cruiseaway.com.au/28-day-cruise-around-australia,2026-04-30 14:06:17
new years eve cruises 2024,AU,Australia,English,,false,false,false,true,true,true,"Sitelinks, Video preview",0,0,,0,0,1,,https://www.cruiseaway.com.au/new-years-eve-cruises,2026-05-03 11:01:52
sorrento cruise ship,AU,Australia,English,Sorrento (Location),false,true,false,true,false,false,"People also ask, Thumbnail",0,0,,0,0,1,,https://www.cruiseaway.com.au/cruises/sorrento,2026-05-04 14:23:27
singles cruises over 50 2023,AU,Australia,English,,false,false,false,true,true,false,"People also ask, Thumbnail, Sitelinks, Discussions and forums",0,0,0.37,0,0,1,,https://www.cruiseaway.com.au/singles-cruises,2026-04-16 21:39:29
flight and cruise packages 2024,AU,Australia,English,,false,false,false,true,true,false,"Sitelinks, Bottom ads, Paid sitelinks",0,5,,0,0,1,,https://www.cruiseaway.com.au/fly-cruises,2026-04-27 07:37:02
mini cruise australia,AU,Australia,English,Australia (Location),false,true,false,true,true,false,"Top ads, AI Overview, Thumbnail, People also ask",0,2,0.29,0,0,2,,https://www.cruiseaway.com.au/short-cruises,2026-04-24 01:09:39
cruise sydney to south pacific,AU,Australia,English,"Sydney (Location), South Pacific (Location)",false,true,false,true,true,false,"AI Overview, Thumbnail",0,0,,0,0,1,,https://www.cruiseaway.com.au/cruises-from-sydney-to-south-pacific,2026-05-04 22:47:52
cruise from brisbane to sydney one way,AU,Australia,English,"Brisbane (Location), Sydney (Location)",false,true,false,true,true,false,"Thumbnail, People also ask, Bottom ads, Paid sitelinks",0,8,0.54,0,0,1,,https://www.cruiseaway.com.au/brisbane-to-sydney-cruises,2026-05-03 16:31:53
singles cruises 2023,AU,Australia,English,,false,false,false,true,true,false,"People also ask, Sitelinks, Discussions and forums",0,1,,0,0,1,,https://www.cruiseaway.com.au/singles-cruises,2026-05-02 08:45:17
school holiday cruises australia,AU,Australia,English,Australia (Location),false,true,false,true,true,false,"Thumbnail, Discussions and forums",0,0,,0,0,5,,https://www.cruiseaway.com.au/short-cruises,2026-05-11 00:49:49
sydney to athens cruise,AU,Australia,English,,false,false,false,true,true,false,Thumbnail,10,0,0.78,0,0,6,,https://www.cruiseaway.com.au/cruise/greek-isles-with-rhodes-egypt-18246819,2026-04-26 03:16:02
christmas 2024 cruises,AU,Australia,English,Christmas (Event),false,false,false,true,true,false,"People also ask, Sitelinks",10,0,0.59,0,0,6,,https://www.cruiseaway.com.au/christmas-cruises,2026-04-17 02:39:44
best cruise ships from brisbane,AU,Australia,English,Brisbane (Location),false,true,false,true,true,false,"AI Overview, Thumbnail, Video preview, People also ask, Sitelinks, Discussions and forums",20,0,,0,0,12,,https://www.cruiseaway.com.au/cruises/australia/brisbane,2026-04-23 13:03:28
go on a cruise,AU,Australia,English,,false,false,false,true,true,true,People also ask,20,68,0.46,0,0,11,,https://www.cruiseaway.com.au/,2026-05-06 03:48:30
cruises to eden nsw,AU,Australia,English,"Eden, NSW (Location)",false,true,false,true,true,false,"Top ads, Paid sitelinks, Thumbnail, People also ask, Local pack, Bottom ads",0,0,,0,0,3,,https://www.cruiseaway.com.au/cruises/australia/eden,2026-04-15 22:29:28
singapore cruises 2024,AU,Australia,English,Singapore (Location),false,true,false,true,true,false,"Thumbnail, People also ask, Sitelinks",0,0,0.40,0,0,3,,https://www.cruiseaway.com.au/cruises/asia/singapore,2026-04-22 02:23:48
cruise from sydney to tangalooma,AU,Australia,English,"Sydney (Location), Tangalooma (Location)",false,true,false,true,true,false,"AI Overview, Video preview, People also ask, Bottom ads, Paid sitelinks",0,0,,0,0,3,,https://www.cruiseaway.com.au/cruises/moreton-island,2026-05-03 23:24:36
january cruises from melbourne,AU,Australia,English,Melbourne (Location),false,true,false,true,true,false,People also ask,10,2,,0,0,8,,https://www.cruiseaway.com.au/cruises/australia/melbourne,2026-05-09 17:44:35
conflict island tours,AU,Australia,English,Conflict Islands (Location),false,false,false,true,false,false,"Thumbnail, People also ask, Discussions and forums",10,0,,0,0,8,,https://www.cruiseaway.com.au/cruises/conflict-islands,2026-04-17 02:56:32
cruise ships from singapore,AU,Australia,English,Singapore (Location),false,true,false,true,true,false,"People also ask, Thumbnail, Bottom ads, Paid sitelinks",10,4,0.45,0,0,10,,https://www.cruiseaway.com.au/cruises-from-singapore-to-australia,2026-04-28 06:39:40
cruise adelaide to tasmania,AU,Australia,English,"Adelaide (Location), Tasmania (Location)",false,true,false,true,true,false,"Top ads, Paid sitelinks, People also ask, Thumbnail, Bottom ads",10,0,0.30,0,0,10,,https://www.cruiseaway.com.au/cruises/tasmania-cruises,2026-04-28 02:56:28
around australia cruises from brisbane,AU,Australia,English,Brisbane (Location),false,true,false,true,true,false,"AI Overview, Thumbnail, People also ask",10,0,,0,0,11,,https://www.cruiseaway.com.au/cruises/australia/brisbane,2026-04-28 12:41:27
new zealand fjord cruise,AU,Australia,English,New Zealand (Location),false,false,false,true,true,false,"Top ads, Paid sitelinks, People also ask",10,1,0.71,0,0,10,,https://www.cruiseaway.com.au/cruises/new-zealand/fiordland-national-park,2026-04-09 20:45:48
cruise inside passage from vancouver,AU,Australia,English,"Inside Passage (Location), Vancouver (Location)",false,true,false,true,true,false,"Thumbnail, AI Overview, People also ask",10,1,,0,0,10,,https://www.cruiseaway.com.au/cruises/alaska-canada-west/inside-passage,2026-04-18 00:34:12
brisbane to cairns cruises,AU,Australia,English,,false,true,false,true,true,false,"Thumbnail, AI Overview, People also ask",10,0,,0,0,10,,https://www.cruiseaway.com.au/cruise-from-brisbane-to-cairns,2026-04-30 12:50:47
relocation cruises from sydney,AU,Australia,English,Sydney (Location),false,true,false,true,true,false,AI Overview,10,1,,0,0,10,,https://www.cruiseaway.com.au/repositioning-cruises,2026-04-20 11:11:45
cruise ship from australia to new zealand,AU,Australia,English,New Zealand (Location),false,false,false,true,true,false,"Top ads, Paid sitelinks, AI Overview, Thumbnail",10,1,,0,0,10,,https://www.cruiseaway.com.au/cruises-from-sydney-to-new-zealand,2026-04-29 18:40:28
cheap european river cruises 2024,AU,Australia,English,,false,false,false,true,true,false,"Thumbnail, Sitelinks, People also ask",0,4,0.84,0,0,4,,https://www.cruiseaway.com.au/cruises/european-river,2026-05-10 21:53:04
pacific islands cruise from brisbane,AU,Australia,English,Brisbane (Location),false,true,false,true,true,false,"AI Overview, Thumbnail, People also ask, Video preview",10,0,,0,0,8,,https://www.cruiseaway.com.au/south-pacific-cruises-from-brisbane-2027,2026-04-10 16:12:10
2026 world cruises,AU,Australia,English,,false,false,false,true,true,false,"AI Overview, People also ask",10,1,,0,0,8,,https://www.cruiseaway.com.au/princess-cruises-world-cruise-2026,2026-04-17 10:30:52
cruise to new york from australia,AU,Australia,English,"New York (Location), Australia (Location)",false,true,false,true,true,false,"AI Overview, Thumbnail, People also ask",10,0,0.52,0,0,8,,https://www.cruiseaway.com.au/cruise/transpacific-from-new-york-usa-with-the-crown-princess-17289954,2026-04-17 17:23:32
cruises from melbourne to queensland,AU,Australia,English,"Melbourne (Location), Queensland (Location)",false,true,false,true,true,false,"AI Overview, Thumbnail, People also ask",20,2,,0,0,12,,https://www.cruiseaway.com.au/short-cruises,2026-04-30 01:53:32
lifou,AU,Australia,,Lifou (Location),false,false,false,true,false,false,"AI Overview, People also ask, Knowledge panel, Thumbnail, Image pack, Video preview",2600,0,0.23,0,0,31,,https://www.cruiseaway.com.au/cruises/south-pacific/lifou,2026-05-09 18:48:37
cruise ship company,AU,Australia,English,,false,false,false,true,false,false,"AI Overview, People also ask",10,48,1.24,0,0,11,,https://www.cruiseaway.com.au/cruise-lines,2026-04-16 16:35:42
fly cruise packages 2024,AU,Australia,English,,false,false,false,true,true,false,Sitelinks,0,7,1.07,0,0,3,,https://www.cruiseaway.com.au/fly-cruises,2026-04-14 07:03:12
solo cruise deals 2024,AU,Australia,English,,false,false,false,true,true,false,"Sitelinks, People also ask",0,3,0.67,0,0,3,,https://www.cruiseaway.com.au/singles-cruises,2026-05-07 10:31:20
solo cruises 2023,AU,Australia,English,,false,false,false,true,true,false,"Sitelinks, People also ask",0,0,0.52,0,0,3,,https://www.cruiseaway.com.au/singles-cruises,2026-04-18 19:28:42
international cruise from sydney,AU,Australia,English,Sydney (Location),false,true,false,true,true,false,"AI Overview, People also ask",20,4,0.47,0,0,12,,https://www.cruiseaway.com.au/cruises/australia/sydney,2026-04-28 03:28:54
vancouver to sydney cruise,AU,Australia,English,,false,false,false,true,true,false,"AI Overview, Thumbnail, People also ask",20,0,0.50,0,0,12,,https://www.cruiseaway.com.au/cruises/vancouver,2026-04-16 04:06:36
new cruise ships coming to australia,AU,Australia,English,Australia (Location),false,true,false,true,false,false,"AI Overview, Thumbnail, Top ads, Paid sitelinks, People also ask, Bottom ads",20,0,,0,0,12,,https://www.cruiseaway.com.au/princess-cruises-australia-2026-2027-season-launch,2026-04-22 02:52:27
no kids cruises,AU,Australia,English,,false,false,false,true,false,false,"Top ads, AI Overview, Thumbnail, People also ask, Sitelinks, Video preview, Bottom ads, Paid sitelinks",20,4,,0,0,12,,https://www.cruiseaway.com.au/cruiseline/virgin-voyages,2026-04-24 21:51:29
cruises to samoa from australia,AU,Australia,English,Samoa (Location),false,false,false,true,true,false,"AI Overview, People also ask",20,0,0.45,0,0,12,,https://www.cruiseaway.com.au/cruises/south-pacific/apia,2026-04-19 18:43:52
one way cruise sydney to brisbane,AU,Australia,English,,false,true,false,true,true,false,"Top ads, Paid sitelinks, People also ask, Bottom ads",20,0,0.45,0,0,11,,https://www.cruiseaway.com.au/sydney-to-brisbane-cruises,2026-04-24 16:26:54
cruise from japan to sydney,AU,Australia,English,"Japan (Location), Sydney (Location)",false,true,false,true,true,false,"AI Overview, People also ask, Discussions and forums",20,0,,0,0,12,,https://www.cruiseaway.com.au/travelzoo-exclusive-sydney-to-japan,2026-05-07 04:35:10
cruises from honolulu to australia,AU,Australia,English,"Honolulu (Location), Australia (Location)",false,true,false,true,true,false,"Top ads, Paid sitelinks, Thumbnail, People also ask",10,0,0.69,0,0,9,,https://www.cruiseaway.com.au/hawaiian-shores-to-sydney,2026-04-23 10:02:29
cruises miami,AU,Australia,English,Miami (Location),false,true,false,true,true,false,"Thumbnail, AI Overview, Bottom ads, Paid sitelinks",10,4,0.65,0,0,10,,https://www.cruiseaway.com.au/cruises/central-america/miami,2026-04-16 16:02:12
cruise ship moreton island,AU,Australia,English,Moreton Island (Location),false,true,false,true,false,false,"People also ask, Knowledge panel",10,1,,0,0,9,,https://www.cruiseaway.com.au/cruises/moreton-island,2026-04-12 14:27:33
travel agent for cruises,AU,Australia,English,,false,false,false,true,true,false,"People also ask, Knowledge panel",20,41,1.13,0,0,12,,https://www.cruiseaway.com.au/about-us,2026-04-11 06:55:27
no single supplement cruises 2023,AU,Australia,English,,false,false,false,true,true,false,"Thumbnail, Sitelinks, People also ask, Bottom ads, Paid sitelinks",0,0,0.58,0,0,5,,https://www.cruiseaway.com.au/singles-cruises,2026-04-30 12:50:27
christmas 2024 cruises from sydney,AU,Australia,English,Sydney (Location),false,true,false,true,true,false,"Thumbnail, People also ask",0,0,,0,0,5,,https://www.cruiseaway.com.au/christmas-cruises-from-australia,2026-04-22 02:38:47
cruises christmas 2024,AU,Australia,English,Christmas (Event),false,false,false,true,true,false,"Thumbnail, People also ask, Discussions and forums",0,1,0.47,0,0,5,,https://www.cruiseaway.com.au/christmas-cruises,2026-04-26 20:07:32
3 day cruise from brisbane 2024,AU,Australia,English,Brisbane (Location),false,true,false,true,true,false,Sitelinks,10,1,,0,0,6,,https://www.cruiseaway.com.au/short-cruises,2026-05-01 07:44:54
christmas in july cruise sydney,AU,Australia,English,"Christmas in July (Event), Sydney (Location)",false,true,false,true,true,true,"Top ads, Thumbnail, People also ask, Bottom ads, Paid sitelinks",10,0,,0,0,6,,https://www.cruiseaway.com.au/spectacular-grinchmas-in-july-sailings,2026-05-01 07:09:28
christmas cruise australia 2024,AU,Australia,English,Australia (Location),false,true,false,true,true,false,"Sitelinks, People also ask",10,0,,0,0,6,,https://www.cruiseaway.com.au/christmas-cruises,2026-05-09 03:50:31
family friendly cruises from sydney,AU,Australia,English,Sydney (Location),false,true,false,true,true,false,"Top ads, AI Overview, Thumbnail, People also ask, Discussions and forums",10,0,,0,0,7,,https://www.cruiseaway.com.au/family-cruises,2026-05-10 23:41:23
australia to england cruise,AU,Australia,English,,false,false,false,true,true,false,"Top ads, Paid sitelinks, AI Overview, Thumbnail, People also ask, Bottom ads",20,0,0.38,0,0,12,,https://www.cruiseaway.com.au/cruise/british-isles-from-australia-with-the-queen-mary-2-18330348,2026-04-19 14:32:02
cruise from melbourne to queensland,AU,Australia,English,"Melbourne (Location), Queensland (Location)",false,true,false,true,true,false,"AI Overview, People also ask",20,10,,0,0,12,,https://www.cruiseaway.com.au/short-cruises,2026-04-19 04:20:39
special cruise deals,AU,Australia,English,,false,false,false,true,true,false,AI Overview,10,22,0.45,0,0,11,,https://www.cruiseaway.com.au/cheap-cruises,2026-05-11 13:36:54
cruise from barcelona to italy,AU,Australia,English,"Barcelona (Location), Italy (Location)",false,true,false,true,true,false,"Thumbnail, People also ask, Discussions and forums, Bottom ads, Paid sitelinks",10,0,0.72,0,0,10,,https://www.cruiseaway.com.au/cruise/western-mediterranean-from-barcelona-spain-with-the-seven-seas-voyager-17664843,2026-04-29 23:33:52
cruise brisbane to port douglas,AU,Australia,English,"Brisbane (Location), Port Douglas (Location)",false,true,false,true,true,false,People also ask,10,0,,0,0,10,,https://www.cruiseaway.com.au/cruise/australia-from-brisbane-australia-with-the-carnival-luminosa-16938652,2026-04-22 02:40:52
cruises from brisbane in december,AU,Australia,English,Brisbane (Location),false,true,false,true,true,false,"AI Overview, People also ask, Bottom ads, Paid sitelinks",10,0,0.45,0,0,11,,https://www.cruiseaway.com.au/christmas-cruises-from-brisbane,2026-04-30 11:27:54
cruise deals au,AU,Australia,English,Australia (Location),false,true,false,true,true,false,"Top ads, Paid sitelinks, Thumbnail, AI Overview, Bottom ads",10,47,,0,0,11,,https://www.cruiseaway.com.au/cheap-cruises,2026-04-29 12:58:54
unsold cruise tickets,AU,Australia,English,,false,false,false,true,true,true,"Top ads, Paid sitelinks, People also ask",10,6,,0,0,10,,https://www.cruiseaway.com.au/last-minute-cruises,2026-04-15 01:05:52
cruise and flight packages 2024,AU,Australia,English,,false,false,false,true,true,false,"Thumbnail, Sitelinks, People also ask",0,19,0.59,0,0,2,,https://www.cruiseaway.com.au/fly-cruises,2026-04-22 23:56:28
cruise melbourne to fiji,AU,Australia,English,,false,true,false,true,true,false,"AI Overview, Thumbnail, People also ask, Video preview",0,0,,0,0,1,AI Overview,https://www.cruiseaway.com.au/cruises-to-fiji,2026-05-01 22:53:54
christmas cruise 2025,AU,Australia,English,,false,false,false,true,true,false,"AI Overview, Video preview, Thumbnail, People also ask",0,0,0.42,0,0,3,,https://www.cruiseaway.com.au/christmas-cruises-2025,2026-04-29 09:58:36
college fjord,AU,Australia,English,College Fjord (Location),false,false,false,true,false,false,"People also ask, Knowledge panel, Thumbnail",30,0,,0,0,10,,https://www.cruiseaway.com.au/cruises/college-fjord,2026-04-10 12:48:30
2 night cruise brisbane,AU,Australia,English,Brisbane (Location),false,true,false,true,true,false,"AI Overview, Thumbnail",10,0,0.44,0,0,8,,https://www.cruiseaway.com.au/cruise/australia-from-brisbane-australia-with-the-crown-princess-16934363,2026-04-26 14:49:11
asian cruise from singapore,AU,Australia,English,Singapore (Location),false,true,false,true,true,false,"AI Overview, People also ask",10,16,0.52,0,0,12,,https://www.cruiseaway.com.au/cruise/south-east-asia-from-singapore-singapore-with-the-royal-princess-18607309,2026-04-15 22:27:33
thailand cruises 2024,AU,Australia,English,Thailand (Location),false,false,false,true,true,false,"Thumbnail, People also ask, Sitelinks",0,0,0.42,0,0,4,,https://www.cruiseaway.com.au/cruises/asia/laem-chabang-bangkok,2026-05-03 06:05:55
cheap cruise deals from melbourne,AU,Australia,English,Melbourne (Location),false,true,false,true,true,false,,0,2,,0,0,4,,https://www.cruiseaway.com.au/cruises/australia/melbourne,2026-04-16 10:03:28
4-day moreton island cruise,AU,Australia,English,Moreton Island (Location),false,true,false,true,true,false,Discussions and forums,0,0,0.34,0,0,4,,https://www.cruiseaway.com.au/cruises/moreton-island,2026-04-18 17:30:44
xmas cruises 2024,AU,Australia,English,,false,false,false,true,true,false,"Sitelinks, People also ask",0,0,0.35,0,0,4,,https://www.cruiseaway.com.au/christmas-cruises,2026-04-19 01:02:28
cruises melbourne to perth,AU,Australia,English,,false,true,false,true,true,false,People also ask,10,0,0.36,0,0,9,,https://www.cruiseaway.com.au/cruises/australia/melbourne,2026-04-27 11:35:40
cruise packages 2025,AU,Australia,English,,false,false,false,true,true,false,People also ask,10,58,,0,0,9,,https://www.cruiseaway.com.au/fly-cruises,2026-05-02 18:41:17
cruise for christmas,AU,Australia,English,Christmas (Event),false,false,false,true,true,true,People also ask,10,0,,0,0,10,,https://www.cruiseaway.com.au/christmas-cruises-from-sydney-2026,2026-04-27 11:56:40
cairns to brisbane cruise,AU,Australia,English,,false,true,false,true,true,false,"AI Overview, Thumbnail, People also ask",10,0,0.45,0,0,11,,https://www.cruiseaway.com.au/cruises/cairns,2026-05-09 21:06:50
sydney to melbourne cruise price,AU,Australia,English,Sydney to Melbourne (Location),false,true,false,true,true,false,"AI Overview, People also ask",10,0,,0,0,11,,https://www.cruiseaway.com.au/cheap-cruises,2026-05-07 08:56:42
luxury cruises,AU,Australia,English,,false,false,false,true,true,false,"AI Overview, People also ask, Discussions and forums, Thumbnail, Video preview",900,75,0.84,0,0,29,,https://www.cruiseaway.com.au/luxury-ocean-cruise-lines,2026-05-10 13:31:12
cheap family cruises 2024,AU,Australia,English,,false,false,false,true,true,false,Sitelinks,0,1,0.53,0,0,2,,https://www.cruiseaway.com.au/family-cruises,2026-04-26 18:35:28
cruise from cairns to sydney,AU,Australia,English,"Cairns (Location), Sydney (Location)",false,true,false,true,true,false,"Top ads, People also ask, Thumbnail, Bottom ads, Paid sitelinks",10,0,,0,0,11,,https://www.cruiseaway.com.au/cruises/cairns,2026-04-21 11:33:52
can you swim from australia to papua new guinea,AU,Australia,English,"Australia (Location), Papua New Guinea (Location)",false,false,false,true,false,false,"AI Overview, Thumbnail, Sitelinks, People also ask",10,1,,0,0,12,,https://www.cruiseaway.com.au/cruises/papua-new-guinea,2026-04-24 04:04:20
solo cruises 2024,AU,Australia,English,,false,false,false,true,true,false,"Sitelinks, People also ask, Discussions and forums, Video preview",0,0,0.77,0,0,4,,https://www.cruiseaway.com.au/singles-cruises,2026-04-16 22:33:29
cruise departures brisbane,AU,Australia,English,Brisbane (Location),false,true,false,true,true,false,"Knowledge panel, People also ask",20,2,,0,0,12,,https://www.cruiseaway.com.au/cruises/australia/brisbane,2026-04-24 20:02:40
cruises from brisbane 2022,AU,Australia,English,Brisbane (Location),false,true,false,true,true,false,"People also ask, Sitelinks",10,0,0.47,0,0,9,,https://www.cruiseaway.com.au/cruises/australia/brisbane,2026-04-28 08:09:18
hawaiian cruises from australia,AU,Australia,English,Australia (Location),false,false,false,true,true,false,"Thumbnail, People also ask",10,0,,0,0,9,,https://www.cruiseaway.com.au/cruises-from-sydney-to-hawaii-2027,2026-05-10 22:57:31
cruises australia to europe,AU,Australia,English,,false,false,false,true,true,false,"Top ads, Paid sitelinks, People also ask",10,0,0.45,0,0,9,,https://www.cruiseaway.com.au/cruise-from-australia-to-europe,2026-05-01 23:28:27
cruise barcelona,AU,Australia,English,Barcelona (Location),false,true,false,true,true,false,Thumbnail,10,0,0.74,0,0,10,,https://www.cruiseaway.com.au/cruises/western-europe/barcelona,2026-05-09 18:19:03
cruise fremantle to melbourne,AU,Australia,English,,false,true,false,true,true,false,"Thumbnail, People also ask",10,0,,0,0,10,,https://www.cruiseaway.com.au/cruises/australia/perth,2026-04-27 17:01:59
cruise from australia to los angeles,AU,Australia,English,"Australia (Location), Los Angeles (Location)",false,true,false,true,true,false,"People also ask, Thumbnail",10,0,0.46,0,0,7,,https://www.cruiseaway.com.au/cruises/north-america/los-angeles,2026-05-08 12:19:36
conflict islands tours,AU,Australia,English,Conflict Islands (Location),false,false,false,true,false,false,"Thumbnail, People also ask, Discussions and forums",10,0,0.09,0,0,7,,https://www.cruiseaway.com.au/cruises/conflict-islands,2026-05-09 14:54:29
single cruises for seniors,AU,Australia,English,,false,false,false,true,true,false,"AI Overview, Thumbnail, Video preview, People also ask, Discussions and forums",0,0,0.46,0,0,7,,https://www.cruiseaway.com.au/singles-cruises,2026-05-01 07:09:22
cruise from melbourne to hawaii,AU,Australia,English,"Melbourne (Location), Hawaii (Location)",false,true,false,true,true,false,"Top ads, Paid sitelinks, AI Overview, Thumbnail, People also ask, Bottom ads",10,0,0.35,0,0,12,,https://www.cruiseaway.com.au/cruise/hawaii-from-australia-with-the-celebrity-edge-18502042,2026-05-10 15:06:21
cruise ships new zealand,AU,Australia,English,New Zealand (Location),false,true,false,true,true,false,"AI Overview, People also ask",10,3,0.45,0,0,12,,https://www.cruiseaway.com.au/cruises/new-zealand,2026-04-20 20:30:55
cruise ship in cairns,AU,Australia,English,Cairns (Location),false,true,false,true,false,false,"People also ask, Knowledge panel, Video preview",20,0,,0,0,12,,https://www.cruiseaway.com.au/cruises/australia/cairns,2026-04-16 09:41:09
japan cruise 2023,AU,Australia,English,Japan (Location),false,false,false,true,true,false,"Thumbnail, Sitelinks, People also ask",0,0,0.65,0,0,3,,https://www.cruiseaway.com.au/cruise/whispers-of-coastal-japan-18776654,2026-04-17 14:07:17
family cruises 2023,AU,Australia,English,,false,false,false,true,true,false,Sitelinks,0,0,0.51,0,0,3,,https://www.cruiseaway.com.au/family-cruises,2026-05-10 03:33:24
cook island cruises from sydney,AU,Australia,English,Sydney (Location),false,true,false,true,true,false,"AI Overview, Thumbnail, People also ask",0,0,,0,0,1,AI Overview,https://www.cruiseaway.com.au/cruises/south-pacific/rarotonga,2026-05-03 20:50:28
new zealand cruise,AU,Australia,English,New Zealand (Location),false,false,false,true,true,false,"People also ask, Image pack, Video preview, Thumbnail",2500,2,0.42,0,0,16,,https://www.cruiseaway.com.au/new-zealand-cruise-deals,2026-05-08 21:46:05
cruise us,AU,Australia,English,United States (Location),false,false,false,true,true,false,"Top ads, Thumbnail, People also ask, Top stories",10,50,,0,0,8,,https://www.cruiseaway.com.au/cruises/usa-west-coast,2026-04-28 20:03:53
pacific cruise deals,AU,Australia,English,Pacific (Location),false,false,false,true,true,false,,10,1,0.63,0,0,8,,https://www.cruiseaway.com.au/cruises-from-sydney-to-south-pacific,2026-05-03 21:05:38
cruise christmas 2024,AU,Australia,English,Christmas (Event),false,false,false,true,true,false,"Thumbnail, People also ask",10,0,0.47,0,0,8,,https://www.cruiseaway.com.au/christmas-cruises-from-australia,2026-05-11 01:10:10
last minute cruises departing brisbane,AU,Australia,English,Brisbane (Location),false,true,false,true,true,true,,10,0,,0,0,8,,https://www.cruiseaway.com.au/cheap-cruises-from-brisbane,2026-04-18 10:48:16
over 50 cruises,AU,Australia,English,,false,false,false,true,true,false,"AI Overview, Thumbnail, Sitelinks, People also ask, Bottom ads, Paid sitelinks",10,0,0.52,0,0,9,,https://www.cruiseaway.com.au/singles-cruises,2026-04-17 14:54:02
cruise honolulu to australia,AU,Australia,English,Honolulu to Australia cruise (Work),false,true,false,true,true,true,"Top ads, People also ask",0,0,0.69,0,0,5,,https://www.cruiseaway.com.au/hawaiian-shores-to-sydney,2026-05-09 06:28:03
cruise ship melbourne to sydney,AU,Australia,English,,false,true,false,true,true,false,"Top ads, Paid sitelinks, AI Overview, People also ask, Video preview",0,2,,0,0,6,,https://www.cruiseaway.com.au/melbourne-to-sydney-cruise,2026-04-29 10:17:53
cruises honolulu to sydney,AU,Australia,English,,false,false,false,true,true,false,"AI Overview, Thumbnail, People also ask",0,0,,0,0,6,,https://www.cruiseaway.com.au/hawaiian-shores-to-sydney,2026-04-09 22:47:56
cruises from adelaide to melbourne,AU,Australia,English,"Adelaide (Location), Melbourne (Location)",false,true,false,true,true,false,"AI Overview, People also ask",0,0,,0,0,6,,https://www.cruiseaway.com.au/cruises/adelaide,2026-04-24 02:04:44
cruzeiro saindo de sydney,AU,Australia,Portuguese,Sydney (Location),false,true,false,true,true,false,"Top ads, Paid sitelinks, AI Overview, Thumbnail",0,0,0.31,0,0,6,,https://www.cruiseaway.com.au/cruises/australia/sydney,2026-04-19 04:23:36
cruise from dubai through suez canal,AU,Australia,English,"Dubai (Location), Suez Canal (Location)",false,true,false,true,true,false,"People also ask, Bottom ads",0,0,0.60,0,0,5,,https://www.cruiseaway.com.au/cruise/middle-east-from-dubai-united-arab-emirates-with-the-silver-shadow-18107018,2026-04-17 02:28:54
cruises to hawaii from melbourne,AU,Australia,English,"Hawaii (Location), Melbourne (Location)",false,true,false,true,true,false,"AI Overview, Thumbnail, Top ads, Paid sitelinks, People also ask, Bottom ads",10,0,0.35,0,0,11,,https://www.cruiseaway.com.au/cruise/hawaii-from-australia-with-the-pride-of-america-18327122,2026-05-03 22:59:53
south pacific cruise from melbourne,AU,Australia,English,Melbourne (Location),false,true,false,true,true,false,"AI Overview, Thumbnail, People also ask",10,1,,0,0,12,,https://www.cruiseaway.com.au/cruises/south-pacific,2026-04-18 00:44:38
cruise from darwin to perth,AU,Australia,English,"Darwin (Location), Perth (Location)",false,true,false,true,true,false,"AI Overview, People also ask",10,0,0.51,0,0,12,,https://www.cruiseaway.com.au/western-australia-cruises-from-perth-fremantle,2026-04-16 23:29:17
boat cruise from perth,AU,Australia,English,Perth (Location),false,true,false,true,true,false,Local pack,10,0,0.24,0,0,10,,https://www.cruiseaway.com.au/cruises/australia/perth,2026-05-07 20:05:16
cruise australia to london,AU,Australia,English,"Australia (Location), London (Location)",false,true,false,true,true,false,"AI Overview, Thumbnail, People also ask",10,0,0.43,0,0,10,,https://www.cruiseaway.com.au/cruise/british-isles-with-london-stay-18281387,2026-04-28 09:27:57
new year cruises 2024,AU,Australia,English,,false,false,false,true,true,false,"Sitelinks, People also ask",0,0,0.51,0,0,3,,https://www.cruiseaway.com.au/new-years-eve-cruises,2026-04-27 15:14:00
cairns cruise ships,AU,Australia,English,Cairns (Location),false,true,false,true,false,false,"People also ask, Knowledge panel",10,0,,0,0,12,,https://www.cruiseaway.com.au/cruises/australia/cairns,2026-04-29 23:10:41
river cruise europe,AU,Australia,English,Europe (Location),false,false,false,true,true,false,"AI Overview, Thumbnail, People also ask, Discussions and forums, Bottom ads, Paid sitelinks, Video preview",600,21,0.97,0,0,28,,https://www.cruiseaway.com.au/cruises/european-river,2026-04-30 05:50:09
caribbean cruise,AU,Australia,English,Caribbean (Location),false,false,false,true,true,false,"Thumbnail, People also ask, Discussions and forums, Video preview",1000,59,0.50,0,0,30,,https://www.cruiseaway.com.au/cruise/caribbean-from-australia-with-the-icon-of-the-seas-18667818,2026-05-04 10:10:44
cruise islands pacific,AU,Australia,English,Pacific (Location),false,false,false,true,true,false,"AI Overview, Thumbnail, People also ask",10,1,,0,0,12,,https://www.cruiseaway.com.au/cruises/south-pacific,2026-04-30 06:35:02
from sydney to fiji,AU,Australia,English,"Sydney (Location), Fiji (Location)",false,true,false,true,true,false,"Top ads, Thumbnail, People also ask, Bottom ads, Paid sitelinks",10,0,,0,0,11,,https://www.cruiseaway.com.au/cruises-from-sydney-to-fiji,2026-05-03 11:44:27
cruises melbourne to adelaide,AU,Australia,English,,false,true,false,true,true,false,"AI Overview, People also ask",0,0,0.34,0,0,8,,https://www.cruiseaway.com.au/cruises/adelaide,2026-04-27 11:10:56
cruise ship cruise ship,AU,Australia,English,,false,false,false,true,true,false,"Top stories, Thumbnail",0,60,,0,0,7,,https://www.cruiseaway.com.au/ships,2026-04-22 20:19:47
relocation cruises to australia,AU,Australia,English,Australia (Location),false,false,false,true,true,false,"AI Overview, People also ask",0,1,,0,0,8,,https://www.cruiseaway.com.au/repositioning-cruises,2026-04-15 22:36:49
3 day cruises from brisbane 2024,AU,Australia,English,Brisbane (Location),false,true,false,true,true,false,AI Overview,0,1,0.44,0,0,8,,https://www.cruiseaway.com.au/short-cruises,2026-05-02 11:46:49
sampler cruises from melbourne,AU,Australia,English,Melbourne (Location),false,true,false,true,true,false,,0,0,,0,0,7,,https://www.cruiseaway.com.au/short-cruises,2026-05-08 05:25:18
best cruise lines,AU,Australia,English,,false,false,false,true,true,false,"AI Overview, People also ask, Discussions and forums, Thumbnail, Video preview, Image pack",450,4,0.53,0,0,29,,https://www.cruiseaway.com.au/,2026-05-11 09:31:39
cruise from thailand to australia,AU,Australia,English,"Thailand (Location), Australia (Location)",false,false,false,true,true,false,"AI Overview, Thumbnail, People also ask",10,0,,0,0,12,,https://www.cruiseaway.com.au/cruise/south-east-asia-from-bangkok-klong-toey-thailand-with-the-nautica-18138894,2026-04-27 10:04:21
unsold cabins on cruises,AU,Australia,English,,false,false,false,true,true,false,"Top ads, Paid sitelinks, People also ask, Sitelinks, Discussions and forums, Bottom ads",0,1,,0,0,4,,https://www.cruiseaway.com.au/last-minute-cruises,2026-04-19 01:03:28
cruises from brisbane december 2024,AU,Australia,English,Brisbane (Location),false,true,false,true,true,true,,10,0,0.30,0,0,9,,https://www.cruiseaway.com.au/cruises/australia/brisbane,2026-05-03 11:13:38
cruise port lincoln,AU,Australia,English,Port Lincoln (Location),false,true,false,true,true,false,"Thumbnail, Local pack, People also ask",10,0,0.33,0,0,10,,https://www.cruiseaway.com.au/cruises/australia/port-lincoln,2026-04-09 23:51:50
cruise to queensland from melbourne,AU,Australia,English,"Queensland (Location), Melbourne (Location)",false,true,false,true,true,false,"AI Overview, Thumbnail, People also ask",10,10,,0,0,1,AI Overview,https://www.cruiseaway.com.au/short-cruises,2026-04-19 02:53:34
sydney new zealand cruises,AU,Australia,English,"Sydney (Location), New Zealand (Location)",false,true,false,true,true,false,Knowledge panel,10,1,1.12,0,0,9,,https://www.cruiseaway.com.au/cruises-from-sydney-to-new-zealand,2026-05-05 09:45:10
drop and go cruises,AU,Australia,English,,false,false,false,true,true,true,"People also ask, Sitelinks",10,24,,0,0,9,,https://www.cruiseaway.com.au/,2026-04-17 15:58:28
cruise for sale,AU,Australia,English,,false,false,false,true,true,true,Thumbnail,10,28,0.43,0,0,9,,https://www.cruiseaway.com.au/,2026-04-25 13:02:47
cruises east coast,AU,Australia,English,East Coast (Location),false,true,false,true,true,false,"AI Overview, Thumbnail, People also ask, Discussions and forums, Local pack",0,1,,0,0,6,,https://www.cruiseaway.com.au/cruises/australia,2026-05-07 21:46:09
mediterranean cruises 2025 all inclusive,AU,Australia,English,,false,false,false,true,true,false,"Thumbnail, People also ask",10,1,,0,0,11,,https://www.cruiseaway.com.au/mediterranean-cruises-2026,2026-05-09 09:16:44
fort lauderdale cruises,AU,Australia,English,Fort Lauderdale (Location),false,true,false,true,true,false,"AI Overview, Thumbnail, Local pack, People also ask, Bottom ads, Paid sitelinks",10,0,0.52,0,0,13,,https://www.cruiseaway.com.au/cruises/canada-usa-east-coast/fort-lauderdale,2026-05-05 22:48:13
night cruises sydney,AU,Australia,English,Sydney (Location),false,true,false,true,true,true,"Thumbnail, People also ask",10,12,0.40,0,0,10,,https://www.cruiseaway.com.au/short-cruises,2026-05-02 03:54:47
los angeles to mexico,AU,Australia,English,"Los Angeles (Location), Mexico (Location)",false,true,false,true,true,false,"People also ask, Thumbnail",20,0,,0,0,11,,https://www.cruiseaway.com.au/cruises-from-la-to-mexico,2026-05-07 10:29:14
cruises japan to australia,AU,Australia,English,,false,false,false,true,true,false,"Top ads, Paid sitelinks, AI Overview, Thumbnail, People also ask, Bottom ads",10,0,0.51,0,0,12,,https://www.cruiseaway.com.au/cruise/australia-from-tokyo-japan-with-the-silver-moon-18716569,2026-04-18 08:54:27
cruise last minute sale,AU,Australia,English,,false,false,false,true,true,true,,10,6,,0,0,9,,https://www.cruiseaway.com.au/last-minute-cruises,2026-04-19 15:37:45
cruises from brisbane september 2024,AU,Australia,English,Brisbane (Location),false,true,false,true,true,false,,10,0,0.47,0,0,9,,https://www.cruiseaway.com.au/cruises/australia/brisbane,2026-05-06 09:34:29
cruise ships that leave from melbourne,AU,Australia,English,Melbourne (Location),false,true,false,true,true,false,"AI Overview, Thumbnail, People also ask",10,0,,0,0,10,,https://www.cruiseaway.com.au/cruises/australia/melbourne,2026-05-01 06:20:57
cruises from melbourne to hawaii,AU,Australia,English,"Melbourne (Location), Hawaii (Location)",false,true,false,true,true,false,"AI Overview, Thumbnail, People also ask",0,0,0.37,0,0,9,,https://www.cruiseaway.com.au/cruise/hawaii-from-australia-with-the-crown-princess-18669353,2026-04-24 18:14:29
cruise brisbane to cairns one way,AU,Australia,English,,false,true,false,true,true,false,"AI Overview, Thumbnail, People also ask",0,0,0.37,0,0,6,,https://www.cruiseaway.com.au/cruises/cairns,2026-05-03 07:42:15
cruises from brisbane january 2024,AU,Australia,English,Brisbane (Location),false,true,false,true,true,false,People also ask,10,3,0.46,0,0,10,,https://www.cruiseaway.com.au/cruises/australia/brisbane,2026-04-25 15:35:33
whitsunday cruise from sydney,AU,Australia,English,Sydney (Location),false,true,false,true,true,false,"AI Overview, Thumbnail, People also ask, Bottom ads, Paid sitelinks",10,0,0.49,0,0,11,,https://www.cruiseaway.com.au/cruises/australia/whitsunday-islands,2026-04-27 10:11:21
fusina venice,AU,Australia,English,"Fusina (Location), Venice (Location)",false,true,false,true,false,false,"People also ask, Sitelinks",10,0,,0,0,10,,https://www.cruiseaway.com.au/cruises/mediterranean/fusina-venice,2026-04-30 00:33:17
cruise south pacific from australia,AU,Australia,English,South Pacific (Location),false,false,false,true,true,false,"AI Overview, Thumbnail",10,1,0.64,0,0,1,AI Overview,https://www.cruiseaway.com.au/cruises-from-sydney-to-south-pacific,2026-04-30 22:58:35
fly and cruise deals 2024,AU,Australia,English,,false,false,false,true,true,false,AI Overview,0,20,,0,0,3,,https://www.cruiseaway.com.au/fly-cruises,2026-05-06 00:30:03
cheap ship fare,AU,Australia,English,,false,false,false,true,true,false,People also ask,0,11,,0,0,2,,https://www.cruiseaway.com.au/cheap-cruises,2026-04-22 17:19:16
last minute cruises 2023,AU,Australia,English,,false,false,false,true,true,true,AI Overview,0,5,0.41,0,0,3,,https://www.cruiseaway.com.au/last-minute-cruises,2026-05-06 04:04:12
new years cruise 2023,AU,Australia,English,,false,false,false,true,true,false,Sitelinks,0,1,0.47,0,0,2,,https://www.cruiseaway.com.au/new-years-eve-cruises,2026-04-24 19:20:14
cruises to singapore 2024,AU,Australia,English,Singapore (Location),false,true,false,true,true,false,"Sitelinks, People also ask",0,1,0.46,0,0,2,,https://www.cruiseaway.com.au/cruises/asia/singapore,2026-05-03 12:21:31
adult only cruises 2023,AU,Australia,English,,false,false,false,true,true,false,"People also ask, Discussions and forums",0,0,0.40,0,0,2,,https://www.cruiseaway.com.au/cruises/adult-only-virgin-voyages,2026-04-21 17:36:18
cruises from sydney september 2024,AU,Australia,English,Sydney (Location),false,true,false,true,true,false,Sitelinks,10,12,0.47,0,0,9,,https://www.cruiseaway.com.au/september-cruises,2026-04-23 18:16:17
amsterdam to basel river cruise,AU,Australia,English,Amsterdam to Basel (Event),false,true,false,true,true,false,"AI Overview, People also ask, Thumbnail, Video preview",900,2,1.00,0,0,34,,https://www.cruiseaway.com.au/cruises/basel,2026-05-02 04:04:04
cruise in april 2024,AU,Australia,English,,false,false,false,true,true,false,"People also ask, Sitelinks, Thumbnail, Discussions and forums",0,43,,0,0,5,,https://www.cruiseaway.com.au/april-cruises,2026-05-03 22:25:28
fly cruise deals 2024,AU,Australia,English,,false,false,false,true,true,false,"Thumbnail, Sitelinks",0,43,0.83,0,0,5,,https://www.cruiseaway.com.au/fly-cruises,2026-05-07 00:22:23
cruise finder,AU,Australia,English,,false,false,false,true,true,true,"People also ask, Thumbnail",10,56,0.34,0,0,5,,https://www.cruiseaway.com.au/cruise-sale-finder,2026-05-08 02:54:57
sydney to hawaii,AU,Australia,English,"Sydney (Location), Hawaii (Location)",false,true,false,true,true,false,"People also ask, Bottom ads, Paid sitelinks, Video preview, Thumbnail",1900,0,0.19,0,0,30,,https://www.cruiseaway.com.au/cruises-from-sydney-to-hawaii-2026,2026-04-29 19:18:19
new year cruises 2023,AU,Australia,English,,false,false,false,true,true,false,Sitelinks,0,0,0.47,0,0,2,,https://www.cruiseaway.com.au/new-years-eve-cruises,2026-05-10 17:12:40
family cruises 2024,AU,Australia,English,,false,false,false,true,true,false,"Sitelinks, People also ask, Video preview",0,0,0.46,0,0,2,,https://www.cruiseaway.com.au/family-cruises,2026-05-04 05:03:57
single cruises 2023,AU,Australia,English,,false,false,false,true,true,false,"Sitelinks, People also ask, Thumbnail",0,0,,0,0,2,,https://www.cruiseaway.com.au/singles-cruises,2026-04-18 04:51:57
suez canal cruises 2024,AU,Australia,English,Suez Canal (Location),false,false,false,true,true,false,"Sitelinks, People also ask, Thumbnail",0,0,0.62,0,0,2,,https://www.cruiseaway.com.au/cruises/africa/suez-canal-passage,2026-04-24 12:39:15
flight and cruise packages 2023,AU,Australia,English,,false,false,false,true,true,true,Sitelinks,0,2,0.59,0,0,2,,https://www.cruiseaway.com.au/fly-cruises,2026-05-04 08:20:39
nile river cruise,AU,Australia,English,Nile River (Location),false,false,false,true,true,false,"AI Overview, People also ask, Discussions and forums, Video preview, Knowledge panel, Thumbnail",900,13,0.73,0,0,35,,https://www.cruiseaway.com.au/cruises/egypt-nile,2026-05-05 07:27:30
cook islands cruise ship schedule,AU,Australia,English,Cook Islands (Location),false,true,false,true,false,false,"Thumbnail, AI Overview, People also ask",10,0,0.37,0,0,11,,https://www.cruiseaway.com.au/cruises/south-pacific/rarotonga,2026-04-18 04:23:01
cruise hawaii to sydney 2025,AU,Australia,English,"Hawaii (Location), Sydney (Location)",false,true,false,true,true,false,"People also ask, Video preview",10,0,,0,0,10,,https://www.cruiseaway.com.au/hawaiian-shores-to-sydney,2026-04-23 08:25:52
2024 cruises from australia,AU,Australia,English,,false,false,false,true,true,false,"People also ask, Thumbnail",10,44,0.45,0,0,10,,https://www.cruiseaway.com.au/,2026-04-27 15:31:40
mediterranean cruises,AU,Australia,English,Mediterranean (Location),false,false,false,true,true,false,"AI Overview, People also ask, Discussions and forums, Video preview",1100,4,0.77,0,0,36,,https://www.cruiseaway.com.au/mediterranean-cruises-2026,2026-05-02 23:25:27
december cruises 2024,AU,Australia,English,,false,false,false,true,true,false,"Sitelinks, People also ask",0,1,,0,0,6,,https://www.cruiseaway.com.au/christmas-cruises,2026-04-09 13:09:32
cruise from usa to australia 2023,AU,Australia,English,"USA (Location), Australia (Location)",false,false,false,true,true,false,"People also ask, Sitelinks",0,2,0.45,0,0,6,,https://www.cruiseaway.com.au/cruise/usa-west-coast-from-australia-with-the-eurodam-18477375,2026-05-08 14:13:50
fly cruise hawaii 2023,AU,Australia,English,Hawaii (Location),false,true,false,true,true,false,"Sitelinks, People also ask, Bottom ads, Paid sitelinks",0,1,0.73,0,0,6,,https://www.cruiseaway.com.au/cruise-to-hawaii-from-australia,2026-04-26 03:07:58
cruises ticket,AU,Australia,English,,false,false,false,true,true,false,"Top ads, Paid sitelinks, Sitelinks",0,45,,0,0,6,,https://www.cruiseaway.com.au/cruises/australia/brisbane,2026-04-29 21:57:26
cruise ship from melbourne to tasmania,AU,Australia,English,"Melbourne (Location), Tasmania (Location)",false,true,false,true,true,false,"AI Overview, People also ask, Video preview",10,0,,0,0,12,,https://www.cruiseaway.com.au/cruises/australia/tasmania,2026-04-29 13:50:49
what cruise line goes to fiji,AU,Australia,English,Fiji (Location),false,false,false,true,true,false,People also ask,10,0,0.61,0,0,11,,https://www.cruiseaway.com.au/cruises-to-fiji,2026-04-21 06:20:36
singapore cruises 2023,AU,Australia,English,Singapore (Location),false,true,false,true,true,false,People also ask,0,1,0.46,0,0,3,,https://www.cruiseaway.com.au/cruises/asia/singapore,2026-05-08 15:37:16
mallorca cruise ship,AU,Australia,English,Mallorca (Location),false,true,false,true,true,false,"Knowledge panel, People also ask",0,0,,0,0,3,,https://www.cruiseaway.com.au/cruises/palma-de-mallorca,2026-04-10 10:05:31
cruises in january 2024,AU,Australia,English,,false,false,false,true,true,false,"People also ask, Sitelinks",0,41,0.45,0,0,3,,https://www.cruiseaway.com.au/cruises,2026-04-04 22:52:22
ocean cruises 2023,AU,Australia,English,,false,false,false,true,true,false,"AI Overview, Thumbnail, Sitelinks",0,68,0.52,0,0,1,AI Overview,https://www.cruiseaway.com.au/luxury-ocean-cruise-lines,2026-04-19 04:42:55
best nile river cruises 2023,AU,Australia,English,,false,false,false,true,true,true,"Thumbnail, Sitelinks, Discussions and forums, People also ask",0,0,0.98,0,0,6,,https://www.cruiseaway.com.au/cruises/egypt-nile,2026-05-03 19:49:28
cheap river cruises europe 2024,AU,Australia,English,Europe (Location),false,false,false,true,true,false,"People also ask, Thumbnail, Sitelinks",0,4,,0,0,6,,https://www.cruiseaway.com.au/river-cruises,2026-05-10 23:26:20
cruises 2022,AU,Australia,English,,false,false,false,true,true,false,"People also ask, Sitelinks",0,65,0.45,0,0,6,,https://www.cruiseaway.com.au/,2026-04-27 05:52:55
cheap cruise deals 2023,AU,Australia,English,,false,false,false,true,true,false,"Sitelinks, People also ask",0,37,0.42,0,0,3,,https://www.cruiseaway.com.au/cheap-cruises,2026-04-19 19:33:02
circumnavigate australia cruise 2024,AU,Australia,English,Australia (Location),false,false,false,true,true,false,Sitelinks,0,0,0.44,0,0,3,,https://www.cruiseaway.com.au/28-day-cruise-around-australia,2026-05-08 09:13:08
singapore cruise,AU,Australia,English,Singapore (Location),false,true,false,true,true,false,"Thumbnail, People also ask, Discussions and forums, Video preview",500,2,0.45,0,0,32,,https://www.cruiseaway.com.au/cruises/asia/singapore,2026-04-28 00:49:39
christmas cruises from melbourne 2024,AU,Australia,English,Melbourne (Location),false,true,false,true,true,false,"Top ads, Paid sitelinks, People also ask, Thumbnail, Bottom ads",10,0,0.37,0,0,11,,https://www.cruiseaway.com.au/christmas-cruises,2026-04-28 04:07:28
christmas cruise from sydney 2024,AU,Australia,English,Sydney (Location),false,true,false,true,true,false,"Top ads, Thumbnail, People also ask, Sitelinks, Bottom ads",10,0,0.47,0,0,11,,https://www.cruiseaway.com.au/christmas-cruises-from-australia,2026-04-28 10:37:28
cruise ships kangaroo island,AU,Australia,English,Kangaroo Island (Location),false,true,false,true,true,false,"People also ask, Discussions and forums, Knowledge panel",10,0,,0,0,11,,https://www.cruiseaway.com.au/cruises/australia/kangaroo-island,2026-05-07 10:27:17
christmas and new year cruises 2024,AU,Australia,English,,false,false,false,true,true,false,"Sitelinks, People also ask",10,0,1.85,0,0,11,,https://www.cruiseaway.com.au/christmas-cruises,2026-04-29 00:44:28
cruises from brisbane june 2024,AU,Australia,English,Brisbane (Location),false,true,false,true,true,false,"Bottom ads, Paid sitelinks",0,0,,0,0,10,,https://www.cruiseaway.com.au/cruises/australia/brisbane,2026-04-28 08:51:53
african cruises with safari,AU,Australia,English,,false,false,false,true,true,false,People also ask,0,3,,0,0,10,,https://www.cruiseaway.com.au/safari-dreams-savannah-skies,2026-04-18 01:19:44
europe cruise,AU,Australia,English,Europe (Location),false,false,false,true,true,false,"People also ask, Discussions and forums, Video preview, Thumbnail",600,2,0.71,0,0,34,,https://www.cruiseaway.com.au/cruise-deals-europe,2026-05-05 07:37:27
cruises from cruise,AU,Australia,English,,false,false,false,true,true,false,People also ask,0,57,,0,0,7,,https://www.cruiseaway.com.au/cruises/australia/brisbane,2026-04-26 03:20:27
cruises to milford sounds,AU,Australia,English,Milford Sound (Location),false,true,false,true,true,false,"AI Overview, Video preview, Thumbnail, People also ask, Bottom ads, Paid sitelinks",0,45,,0,0,8,,https://www.cruiseaway.com.au/cruises/new-zealand/milford-sound,2026-05-07 01:17:49
cruise ship in brisbane,AU,Australia,English,Brisbane (Location),false,true,false,true,true,false,"Knowledge panel, People also ask",10,3,,0,0,12,,https://www.cruiseaway.com.au/cruises/australia/brisbane,2026-04-16 12:50:56
cruises to fiji 2024,AU,Australia,English,Fiji (Location),false,false,false,true,true,false,"Thumbnail, People also ask, Sitelinks, Bottom ads, Paid sitelinks",0,0,0.46,0,0,4,,https://www.cruiseaway.com.au/cruises-from-sydney-to-fiji,2026-04-29 07:20:53
short cruises from adelaide 2024,AU,Australia,English,Adelaide (Location),false,true,false,true,true,false,"Thumbnail, Sitelinks, People also ask, Bottom ads, Paid sitelinks",0,2,0.24,0,0,4,,https://www.cruiseaway.com.au/short-cruises,2026-04-20 08:08:52
singapore cruise 2024,AU,Australia,English,Singapore (Location),false,true,false,true,true,false,"People also ask, Sitelinks",0,3,0.45,0,0,4,,https://www.cruiseaway.com.au/cruises/asia/singapore,2026-05-06 21:22:04
3 day cruise from sydney 2024,AU,Australia,English,Sydney (Location),false,true,false,true,true,false,"Sitelinks, Thumbnail, Bottom ads, Paid sitelinks",0,2,0.35,0,0,4,,https://www.cruiseaway.com.au/short-cruises,2026-05-05 08:45:28
cruise ships red sea,AU,Australia,English,Red Sea (Location),false,false,false,true,true,false,People also ask,0,0,,0,0,4,,https://www.cruiseaway.com.au/cruises/red-sea-cruises,2026-04-05 04:06:28
cruise from southampton to australia 2024,AU,Australia,English,"Southampton (Location), Australia (Location)",false,true,false,true,true,false,"People also ask, Sitelinks, Thumbnail",0,0,,0,0,4,,https://www.cruiseaway.com.au/cruise/round-the-world-trip-from-southampton-england-with-the-arcadia-18426142,2026-04-22 19:41:49
japan korea cruise 2024,AU,Australia,English,"Japan (Location), South Korea (Location)",false,false,false,true,true,true,"Sitelinks, Discussions and forums, People also ask, Video preview",0,0,,0,0,4,,https://www.cruiseaway.com.au/travelzoo-exclusive-japan-korea-china,2026-05-04 18:46:57
voyages cruise,AU,Australia,English,,false,false,false,true,true,false,People also ask,0,11,,0,0,9,,https://www.cruiseaway.com.au/cruiseline/virgin-voyages,2026-04-18 20:01:47
sampler cruise sydney,AU,Australia,English,Sydney (Location),false,true,false,true,true,false,Sitelinks,0,2,,0,0,5,,https://www.cruiseaway.com.au/short-cruises,2026-04-29 07:22:03
cruise of greece,AU,Australia,English,Greece (Location),false,false,false,true,true,false,"Top ads, Paid sitelinks, People also ask, Bottom ads",0,0,0.69,0,0,10,,https://www.cruiseaway.com.au/cruises-to-greece,2026-04-15 03:51:44
fiji cruises 2024,AU,Australia,English,,false,false,false,true,true,true,Sitelinks,0,1,0.51,0,0,7,,https://www.cruiseaway.com.au/cruises-from-sydney-to-fiji,2026-05-10 14:53:35
cruises in december 2023,AU,Australia,English,,false,false,false,true,true,false,"People also ask, Sitelinks",0,9,0.48,0,0,7,,https://www.cruiseaway.com.au/cruises/australia/sydney,2026-04-09 19:15:02
cruise finder 2024,AU,Australia,English,,false,false,false,true,true,false,Sitelinks,0,65,0.45,0,0,7,,https://www.cruiseaway.com.au/cruises,2026-04-13 23:04:29
short cruises 2024,AU,Australia,English,,false,false,false,true,true,true,"Sitelinks, Thumbnail, People also ask",0,1,0.45,0,0,4,,https://www.cruiseaway.com.au/short-cruises,2026-05-05 21:18:17
luxury cruise mediterranean,AU,Australia,English,Mediterranean (Location),false,false,false,true,true,false,"AI Overview, Thumbnail, People also ask, Sitelinks, Video preview",500,5,0.90,0,0,34,,https://www.cruiseaway.com.au/cruise/luxury-mediterranean-greek-isles-18594643,2026-04-27 01:59:24
cruise holidays 2024,AU,Australia,English,,false,false,false,true,true,false,"Thumbnail, Sitelinks",0,50,0.63,0,0,9,,https://www.cruiseaway.com.au/cruises,2026-05-04 18:04:02
cheap european river cruises 2023,AU,Australia,English,,false,false,false,true,true,false,"Sitelinks, People also ask, Discussions and forums",0,9,0.67,0,0,9,,https://www.cruiseaway.com.au/river-cruises,2026-04-10 23:47:30
cruises australia 2024,AU,Australia,English,Australia (Location),false,true,false,true,true,false,"Sitelinks, People also ask, Video preview",0,11,0.54,0,0,11,,https://www.cruiseaway.com.au/cruises,2026-04-30 14:12:32
cruises from melbourne around australia,AU,Australia,English,Melbourne (Location),false,true,false,true,true,false,People also ask,0,0,,0,0,8,,https://www.cruiseaway.com.au/cruises/australia/melbourne,2026-04-24 15:30:46
best australian cruise deals,AU,Australia,English,,false,false,false,true,true,false,"AI Overview, People also ask",0,32,,0,0,9,,https://www.cruiseaway.com.au/cruises/australia/melbourne,2026-04-26 11:21:50
sydney sampler cruise,AU,Australia,English,"Sydney Sampler Cruise (Event), Sydney (Location)",false,true,false,true,true,true,,0,1,,0,0,5,,https://www.cruiseaway.com.au/short-cruises,2026-04-23 10:01:52
sample cruise sydney,AU,Australia,English,Sydney (Location),false,true,false,true,true,false,"Sitelinks, People also ask",0,2,,0,0,5,,https://www.cruiseaway.com.au/short-cruises,2026-04-27 18:55:53
discount cruises 2024,AU,Australia,English,,false,false,false,true,true,false,,0,33,,0,0,5,,https://www.cruiseaway.com.au/,2026-05-11 12:18:54
cruise brisbane to cairns 2024,AU,Australia,English,,false,true,false,true,true,false,"Sitelinks, People also ask",0,0,,0,0,5,,https://www.cruiseaway.com.au/cruises/cairns,2026-04-12 20:48:54
is willis island part of australia,AU,Australia,English,Willis Island (Location),false,false,false,true,false,false,"AI Overview, Thumbnail, People also ask",0,0,,0,0,11,,https://www.cruiseaway.com.au/cruises/australia/willis-island,2026-04-29 09:56:52
2025 european river cruises,AU,Australia,English,,false,false,false,true,true,false,"Thumbnail, People also ask, Bottom ads",0,7,,0,0,10,,https://www.cruiseaway.com.au/cruises/european-river,2026-05-03 23:42:53
2 days cruise trip from sydney,AU,Australia,English,Sydney (Location),false,true,false,true,true,false,,0,1,0.43,0,0,10,,https://www.cruiseaway.com.au/short-cruises,2026-04-20 02:43:12
southeast asia cruises from singapore,AU,Australia,English,"Southeast Asia (Location), Singapore (Location)",false,true,false,true,true,false,"Top ads, Paid sitelinks, AI Overview, Thumbnail, People also ask",0,6,,0,0,12,,https://www.cruiseaway.com.au/cruise/south-east-asia-from-singapore-singapore-with-the-carnival-adventure-18152442,2026-04-28 06:00:53
march cruises 2024,AU,Australia,English,,false,false,false,true,true,false,"Sitelinks, People also ask",0,57,,0,0,8,,https://www.cruiseaway.com.au/march-cruises,2026-04-29 02:41:28
cruises in november 2024,AU,Australia,English,,false,false,false,true,true,false,"People also ask, Sitelinks",0,62,0.45,0,0,8,,https://www.cruiseaway.com.au/,2026-04-21 20:12:48
cruise from australia to uk 2024,AU,Australia,English,United Kingdom (Location),false,false,false,true,true,false,"People also ask, Sitelinks, Bottom ads, Paid sitelinks",0,1,0.45,0,0,8,,https://www.cruiseaway.com.au/cruise/british-isles-with-london-stay-18281387,2026-04-26 11:55:02
crown princess,AU,Australia,English,,false,false,false,true,false,false,"Thumbnail, People also ask, Video preview, Image pack",2800,1,0.14,0,0,8,,https://www.cruiseaway.com.au/ship/crown-princess,2026-05-09 15:57:19
all-inclusive family cruises 2024,AU,Australia,English,,false,false,false,true,true,true,"Sitelinks, Thumbnail, People also ask",0,4,,0,0,5,,https://www.cruiseaway.com.au/all-inclusive,2026-05-05 03:16:02
cruise holidays 2022,AU,Australia,English,,false,false,false,true,true,false,Sitelinks,0,65,,0,0,5,,https://www.cruiseaway.com.au/,2026-04-22 06:18:11
cruise in september 2024,AU,Australia,English,,false,false,false,true,true,false,"People also ask, Sitelinks",0,29,0.46,0,0,5,,https://www.cruiseaway.com.au/september-cruises,2026-04-14 12:55:12
all-inclusive family cruises 2023,AU,Australia,English,,false,false,false,true,true,true,"Thumbnail, Sitelinks, People also ask",0,0,0.45,0,0,5,,https://www.cruiseaway.com.au/all-inclusive,2026-05-03 14:36:53
amalfi coast cruises 2024,AU,Australia,English,Amalfi Coast (Location),false,false,false,true,true,false,"Thumbnail, Sitelinks",0,0,1.08,0,0,5,,https://www.cruiseaway.com.au/cruises/amalfi,2026-04-25 11:23:54
single senior cruises 2023,AU,Australia,English,,false,false,false,true,true,false,"People also ask, Sitelinks, Video preview",0,3,0.36,0,0,5,,https://www.cruiseaway.com.au/singles-cruises,2026-04-19 07:14:53
fiji flights from sydney,AU,Australia,English,Sydney (Location),false,true,false,true,true,false,"Thumbnail, People also ask, Video preview",400,0,0.33,0,0,31,,https://www.cruiseaway.com.au/cruises-from-sydney-to-fiji,2026-04-28 13:37:34
cruise from singapore 2024,AU,Australia,English,Singapore (Location),false,true,false,true,true,false,"People also ask, Thumbnail, Sitelinks",0,3,0.34,0,0,9,,https://www.cruiseaway.com.au/cruises/asia/singapore,2026-04-26 02:33:03
cruises january 2024,AU,Australia,English,,false,false,false,true,true,true,"AI Overview, People also ask",0,37,0.45,0,0,10,,https://www.cruiseaway.com.au/cruises,2026-05-08 08:01:50
cruise from singapore to fremantle,AU,Australia,English,"Singapore (Location), Fremantle (Location)",false,true,false,true,true,false,"Top ads, Paid sitelinks, AI Overview, Thumbnail, People also ask",0,0,0.45,0,0,10,,https://www.cruiseaway.com.au/cruises-from-singapore-to-australia,2026-05-05 05:45:53
cruises march 2024,AU,Australia,English,,false,false,false,true,true,false,"Thumbnail, People also ask, Bottom ads, Paid sitelinks",0,59,0.45,0,0,6,,https://www.cruiseaway.com.au/,2026-05-01 22:53:54
may cruises 2023,AU,Australia,English,,false,false,false,true,true,false,"Sitelinks, Thumbnail, People also ask",0,26,,0,0,6,,https://www.cruiseaway.com.au/princess-cruises-half-world-cruise-and-liners-2026,2026-04-23 05:14:27
best christmas cruises 2024,AU,Australia,English,,false,false,false,true,true,false,People also ask,0,0,,0,0,6,,https://www.cruiseaway.com.au/christmas-cruises,2026-04-30 13:15:02
cruises from copenhagen 2024,AU,Australia,English,Copenhagen (Location),false,true,false,true,true,false,"Sitelinks, Thumbnail, People also ask",0,0,,0,0,6,,https://www.cruiseaway.com.au/cruise/europe-from-copenhagen-denmark-with-the-marina-17825540,2026-05-02 14:43:53
short cruises adelaide,AU,Australia,English,Adelaide (Location),false,true,false,true,true,false,"Thumbnail, People also ask",0,0,0.23,0,0,6,,https://www.cruiseaway.com.au/short-cruises-from-adelaide,2026-04-30 12:45:28
xmas cruise 2024,AU,Australia,English,,false,false,false,true,true,false,"People also ask, Sitelinks",0,0,,0,0,6,,https://www.cruiseaway.com.au/christmas-cruises,2026-04-14 12:41:39
april 2024 cruises,AU,Australia,English,,false,false,false,true,true,false,"AI Overview, People also ask, Discussions and forums",0,51,0.45,0,0,7,,https://www.cruiseaway.com.au/april-cruises,2026-05-09 07:50:30
cruise to nowhere fremantle,AU,Australia,English,Fremantle (Location),false,true,false,true,true,false,"Sitelinks, People also ask",0,3,,0,0,10,,https://www.cruiseaway.com.au/short-cruises,2026-04-26 04:18:58
july cruises 2023,AU,Australia,English,,false,false,false,true,true,true,"Sitelinks, People also ask",0,36,0.46,0,0,9,,https://www.cruiseaway.com.au/july-cruises,2026-05-06 02:57:52
cruises in september 2024,AU,Australia,English,,false,false,false,true,true,false,"Sitelinks, People also ask",0,59,0.46,0,0,9,,https://www.cruiseaway.com.au/cruises/australia,2026-05-10 22:05:13
dravuni island,AU,Australia,English,Dravuni Island (Location),false,true,false,true,false,false,"AI Overview, Video preview, Thumbnail, People also ask, Knowledge panel",600,0,0.37,0,0,34,,https://www.cruiseaway.com.au/cruises/south-pacific/dravuni,2026-04-28 07:13:44
cruises from valletta 2024,AU,Australia,English,Valletta (Location),false,true,false,true,true,false,"Sitelinks, People also ask",0,0,,0,0,6,,https://www.cruiseaway.com.au/cruises/valletta,2026-05-04 03:01:34
cruises april 2023,AU,Australia,English,,false,false,false,true,true,false,"Sitelinks, People also ask",0,10,0.79,0,0,6,,https://www.cruiseaway.com.au/april-cruises,2026-04-23 15:39:52
august 2024 cruises,AU,Australia,English,,false,false,false,true,true,false,Sitelinks,0,47,0.45,0,0,6,,https://www.cruiseaway.com.au/august-cruises,2026-05-11 07:49:29
july cruises 2024,AU,Australia,English,,false,false,false,true,true,false,"People also ask, Sitelinks",0,45,,0,0,6,,https://www.cruiseaway.com.au/cruises,2026-04-10 03:38:02
holiday cruises 2024,AU,Australia,English,,false,false,false,true,true,false,"Sitelinks, People also ask",0,31,0.62,0,0,6,,https://www.cruiseaway.com.au/cruises,2026-05-02 01:23:00
cruise from singapore,AU,Australia,English,Singapore (Location),false,true,false,true,true,false,"AI Overview, People also ask, Video preview, Thumbnail",700,2,0.41,0,0,38,,https://www.cruiseaway.com.au/cruises-from-singapore-2027,2026-05-04 11:10:11
cruise 1st,AU,Australia,English,,false,false,false,true,true,false,"Sitelinks, People also ask, Video preview",700,30,0.59,0,0,6,,https://www.cruiseaway.com.au/,2026-04-28 20:04:29
australian cruises 2023,AU,Australia,English,,false,false,false,true,true,false,Sitelinks,0,13,0.46,0,0,10,,https://www.cruiseaway.com.au/princess-cruises-australia-2026-2027-season-launch,2026-05-02 10:22:33
adult cruises sydney,AU,Australia,English,Sydney (Location),false,true,false,true,true,false,"AI Overview, Sitelinks, People also ask",0,58,,0,0,11,,https://www.cruiseaway.com.au/cruises/adult-only-virgin-voyages,2026-04-26 16:54:47
cruises brisbane to brisbane,AU,Australia,English,,false,true,false,true,true,false,AI Overview,0,0,,0,0,11,,https://www.cruiseaway.com.au/cruises/australia/brisbane,2026-05-06 22:29:10
cruise melbourne to hawaii,AU,Australia,English,,false,true,false,true,true,false,"Thumbnail, People also ask",0,0,,0,0,10,,https://www.cruiseaway.com.au/cruise/hawaii-from-australia-with-the-pride-of-america-18327122,2026-04-29 20:00:14
cruise deal 2024,AU,Australia,English,,false,false,false,true,true,false,"Thumbnail, Bottom ads, Paid sitelinks",0,12,0.54,0,0,10,,https://www.cruiseaway.com.au/cruises,2026-04-28 19:16:28
july 2024 cruises,AU,Australia,English,,false,false,false,true,true,false,"Sitelinks, People also ask",0,46,0.45,0,0,7,,https://www.cruiseaway.com.au/cruises,2026-05-02 05:01:03
all inclusive caribbean cruises 2023,AU,Australia,English,,false,false,false,true,true,false,Sitelinks,0,1,0.65,0,0,7,,https://www.cruiseaway.com.au/cruiseline/royal-caribbean-cruises,2026-04-14 11:56:04
2 for 1 cruise deals 2023,AU,Australia,English,,false,false,false,true,true,true,"Sitelinks, People also ask, Bottom ads, Paid sitelinks",0,12,0.45,0,0,7,,https://www.cruiseaway.com.au/short-cruises,2026-04-15 19:23:47
adelaide cruises 2024,AU,Australia,English,Adelaide (Location),false,true,false,true,true,false,"Sitelinks, People also ask",0,2,,0,0,7,,https://www.cruiseaway.com.au/cruises/adelaide,2026-05-02 06:13:08
sampler cruise brisbane,AU,Australia,English,Brisbane (Location),false,true,false,true,true,false,"People also ask, Bottom ads, Paid sitelinks",0,0,0.43,0,0,7,,https://www.cruiseaway.com.au/short-cruises-from-brisbane-2026,2026-04-23 11:52:30
cruise from rome to greece 2024,AU,Australia,English,"Rome (Location), Greece (Location)",false,true,false,true,true,false,"Sitelinks, People also ask, Video preview",0,0,,0,0,7,,https://www.cruiseaway.com.au/cruise/mediterranean-sea-from-rome-civitavecchia-italy-with-the-sun-princess-18451315,2026-04-16 19:42:53
adult cruises 2023,AU,Australia,English,,false,false,false,true,true,false,People also ask,0,9,0.43,0,0,7,,https://www.cruiseaway.com.au/cruises/adult-only-virgin-voyages,2026-05-10 11:52:06
october 2024 cruises,AU,Australia,English,,false,false,false,true,true,false,"People also ask, Sitelinks, Bottom ads, Paid sitelinks",0,56,0.45,0,0,7,,https://www.cruiseaway.com.au/cruises/australia/perth,2026-04-18 10:37:41
cheapcruises,AU,Australia,English,,false,false,false,true,true,false,"Top ads, Knowledge panel, Sitelinks, People also ask, Bottom ads, Paid sitelinks",20,14,1.44,0,0,3,,https://www.cruiseaway.com.au/cheap-cruises,2026-04-29 12:24:54
norwegian fjords cruise 2023 all inclusive,AU,Australia,English,Norwegian Fjords (Location),false,false,false,true,true,false,"AI Overview, Thumbnail, People also ask, Sitelinks",0,5,0.65,0,0,11,,https://www.cruiseaway.com.au/cruises/norwegian-fjords,2026-04-27 08:14:20
discount cruises 2023,AU,Australia,English,,false,false,false,true,true,false,Sitelinks,0,39,0.49,0,0,10,,https://www.cruiseaway.com.au/,2026-04-19 01:30:21
cheap cruises 2023,AU,Australia,English,,false,false,false,true,true,false,"Thumbnail, People also ask, Sitelinks",0,32,0.45,0,0,10,,https://www.cruiseaway.com.au/cheap-cruises,2026-05-01 09:28:28
christmas cruises 2023,AU,Australia,English,,false,false,false,true,true,false,"People also ask, Sitelinks",0,0,0.52,0,0,10,,https://www.cruiseaway.com.au/christmas-cruises,2026-04-28 00:07:59
cruises around australia 2023,AU,Australia,English,,false,false,false,true,true,false,"Sitelinks, People also ask, Video preview",0,11,0.46,0,0,10,,https://www.cruiseaway.com.au/cruise-around-australia,2026-04-09 10:48:24
cruises in april 2023,AU,Australia,English,,false,false,false,true,true,false,"People also ask, Sitelinks, Bottom ads, Paid sitelinks",0,13,0.62,0,0,7,,https://www.cruiseaway.com.au/april-cruises,2026-04-26 04:10:27
cruises in august 2023,AU,Australia,English,,false,false,false,true,true,true,"Sitelinks, People also ask",0,53,0.52,0,0,7,,https://www.cruiseaway.com.au/august-cruises,2026-05-04 04:52:42
brisbane to airlie beach,AU,Australia,English,"Brisbane (Location), Airlie Beach (Location)",false,true,false,true,false,false,"AI Overview, People also ask, Video preview, Thumbnail",1100,0,0.24,0,0,35,,https://www.cruiseaway.com.au/cruises/australia/airlie-beach,2026-05-06 11:13:47
cruise september 2024,AU,Australia,English,,false,false,false,true,true,false,"People also ask, Sitelinks",0,56,,0,0,11,,https://www.cruiseaway.com.au/cruises/australia/brisbane,2026-04-10 11:18:58
cruises in july 2023,AU,Australia,English,,false,false,false,true,true,false,People also ask,0,1,0.52,0,0,11,,https://www.cruiseaway.com.au/july-cruises,2026-05-11 09:31:13
cruise november 2024,AU,Australia,English,,false,false,false,true,true,false,People also ask,0,57,0.46,0,0,11,,https://www.cruiseaway.com.au/cruises/australia/brisbane,2026-05-02 17:22:44
july 2023 cruises,AU,Australia,English,,false,false,false,true,true,false,"Sitelinks, People also ask",0,21,,0,0,8,,https://www.cruiseaway.com.au/cruises,2026-05-06 07:00:06
4-day cruise from sydney to moreton island,AU,Australia,English,"Sydney (Location), Moreton Island (Location)",false,true,false,true,true,false,"AI Overview, Thumbnail, People also ask, Video preview",0,0,0.35,0,0,9,,https://www.cruiseaway.com.au/cruises/moreton-island,2026-04-19 01:45:29
cruises adelaide to adelaide,AU,Australia,English,Adelaide to Adelaide cruise (Event),false,true,false,true,true,false,,0,0,,0,0,8,,https://www.cruiseaway.com.au/cruises/adelaide,2026-04-19 23:30:53
12 night south pacific cruise,AU,Australia,English,South Pacific (Location),false,false,false,true,true,true,"Thumbnail, People also ask, Bottom ads, Paid sitelinks",0,0,,0,0,8,,https://www.cruiseaway.com.au/cruise/south-pacific-from-sydney-australia-with-the-celebrity-solstice-17913418,2026-05-01 22:09:28
cruise melbourne to auckland one way,AU,Australia,English,,false,true,false,true,true,false,"Top ads, Paid sitelinks, People also ask, Thumbnail, Sitelinks",0,0,,0,0,11,,https://www.cruiseaway.com.au/cruises-from-melbourne-to-new-zealand,2026-05-03 11:31:52
short cruises 2023,AU,Australia,English,,false,false,false,true,true,true,Sitelinks,0,0,0.45,0,0,8,,https://www.cruiseaway.com.au/short-cruises,2026-04-10 09:04:28
cruises feb 2024,AU,Australia,English,,false,false,false,true,true,false,"Thumbnail, Sitelinks, People also ask",0,43,0.45,0,0,8,,https://www.cruiseaway.com.au/cruises,2026-04-16 06:00:47
british isles cruises from southampton 2024,AU,Australia,English,"British Isles (Location), Southampton (Location)",false,true,false,true,true,false,Sitelinks,0,0,,0,0,8,,https://www.cruiseaway.com.au/cruises/british-isles/southampton,2026-04-29 02:54:37
adult cruises 2024,AU,Australia,English,,false,false,false,true,true,false,"People also ask, Thumbnail, Sitelinks, Video preview, Discussions and forums",0,13,,0,0,8,,https://www.cruiseaway.com.au/cruises/adult-only-virgin-voyages,2026-04-15 22:40:31
crusies 2024,AU,Australia,English,,false,false,false,true,true,false,"Sitelinks, People also ask",0,26,0.45,0,0,8,,https://www.cruiseaway.com.au/cruises,2026-04-18 02:16:40
relocation cruises 2023,AU,Australia,English,,false,false,false,true,true,false,Sitelinks,0,2,0.13,0,0,8,,https://www.cruiseaway.com.au/repositioning-cruises,2026-05-06 17:05:24
all inclusive christmas cruises 2023,AU,Australia,English,,false,false,false,true,true,true,"Thumbnail, Sitelinks, People also ask",0,0,0.45,0,0,9,,https://www.cruiseaway.com.au/christmas-cruises,2026-05-05 09:15:02
uk cruises 2024,AU,Australia,English,,false,true,false,true,true,false,"People also ask, Video preview, Sitelinks",0,2,0.64,0,0,9,,https://www.cruiseaway.com.au/celebrity-cruises-british-isles,2026-05-10 00:38:08
southeast asia cruises 2023,AU,Australia,English,Southeast Asia (Location),false,false,false,true,true,false,"Thumbnail, Sitelinks",0,1,0.61,0,0,9,,https://www.cruiseaway.com.au/cruise/christmas-in-southeast-asia-18193086,2026-04-22 05:44:56
cruises for christmas 2024,AU,Australia,English,Christmas (Event),false,false,false,true,true,false,"People also ask, Video preview",0,0,,0,0,9,,https://www.cruiseaway.com.au/christmas-cruises,2026-05-11 14:25:43
halong bay cruise packages,AU,Australia,English,Halong Bay (Location),false,false,false,true,true,false,People also ask,0,37,0.60,0,0,9,,https://www.cruiseaway.com.au/cruises/asia/hanoi-halong-bay,2026-04-26 06:29:46
repositioning cruises 2023,AU,Australia,English,,false,false,false,true,true,false,"Sitelinks, People also ask",0,3,0.22,0,0,9,,https://www.cruiseaway.com.au/repositioning-cruises,2026-04-18 21:17:27
cruises broome to darwin,AU,Australia,English,Broome to Darwin (Event),false,true,false,true,true,false,"People also ask, Thumbnail, Video preview",600,7,0.89,0,0,9,People also ask,https://www.cruiseaway.com.au/cruises/australia/broome,2026-04-29 16:53:31
adult only cruises 2024,AU,Australia,English,,false,false,false,true,true,false,"Video preview, Sitelinks, People also ask",0,38,0.44,0,0,9,,https://www.cruiseaway.com.au/cruises/adult-only-virgin-voyages,2026-05-04 23:58:33
pacific island cruises 2023,AU,Australia,English,,false,false,false,true,true,false,"Sitelinks, People also ask",0,0,0.46,0,0,9,,https://www.cruiseaway.com.au/cruises/south-pacific,2026-04-17 12:44:11
december cruises 2023,AU,Australia,English,,false,false,false,true,true,false,"Sitelinks, People also ask, Thumbnail",0,1,0.46,0,0,9,,https://www.cruiseaway.com.au/cruises/australia/sydney,2026-05-03 08:03:53
cruises nov 2023,AU,Australia,English,,false,false,false,true,true,false,"People also ask, Sitelinks",0,1,0.45,0,0,9,,https://www.cruiseaway.com.au/cruises,2026-04-24 18:58:45
cruises for christmas 2023,AU,Australia,English,Christmas (Event),false,false,false,true,true,false,"Thumbnail, People also ask, Sitelinks, Bottom ads, Paid sitelinks",0,0,0.52,0,0,9,,https://www.cruiseaway.com.au/christmas-cruises,2026-04-24 05:15:28
cruise april 2024,AU,Australia,English,,false,false,false,true,true,false,"Sitelinks, People also ask, Video preview",0,57,0.45,0,0,9,,https://www.cruiseaway.com.au/april-cruises,2026-05-09 04:57:09
cruise prices 2024,AU,Australia,English,,false,false,false,true,true,false,"People also ask, Sitelinks",0,22,,0,0,9,,https://www.cruiseaway.com.au/cruises/australia/perth,2026-05-11 00:49:29
cruises february 2024,AU,Australia,English,,false,false,false,true,true,false,"People also ask, Sitelinks",0,44,,0,0,9,,https://www.cruiseaway.com.au/cruises,2026-04-16 00:02:29
cruises to fiji 2023,AU,Australia,English,Fiji (Location),false,false,false,true,true,false,"AI Overview, Sitelinks, Thumbnail",0,0,0.46,0,0,11,,https://www.cruiseaway.com.au/cruise/luxury-fiji-papua-new-guinea-darwin-expedition-17996072,2026-04-19 17:57:47
best italy cruises 2023,AU,Australia,English,,false,false,false,true,true,false,"AI Overview, People also ask, Discussions and forums",0,0,0.82,0,0,11,,https://www.cruiseaway.com.au/cruises/italy,2026-05-08 09:22:09
cruises in july 2024,AU,Australia,English,,false,false,false,true,true,false,"AI Overview, Thumbnail, People also ask, Sitelinks",0,45,0.46,0,0,11,,https://www.cruiseaway.com.au/cruises,2026-04-23 23:08:57
november cruises 2024,AU,Australia,English,,false,false,false,true,true,false,"AI Overview, Thumbnail, People also ask, Sitelinks",0,56,,0,0,11,,https://www.cruiseaway.com.au/cruises/australia/brisbane,2026-04-15 09:45:54
cruise from sydney to papua new guinea,AU,Australia,English,"Sydney (Location), Papua New Guinea (Location)",false,true,false,true,true,false,"Top ads, Paid sitelinks, AI Overview, Thumbnail, People also ask",0,0,0.38,0,0,11,,https://www.cruiseaway.com.au/cruises/papua-new-guinea,2026-04-18 10:46:53
book cruises australia,AU,Australia,English,Australia (Location),false,true,false,false,true,true,,0,73,,0,0,10,,https://www.cruiseaway.com.au/,2026-05-10 22:11:45
cruises from hobart 2024,AU,Australia,English,,false,true,false,true,true,true,"People also ask, Sitelinks",0,0,0.46,0,0,10,,https://www.cruiseaway.com.au/cruises/australia/tasmania,2026-05-04 08:35:39
cruises from melbourne december 2024,AU,Australia,English,Melbourne (Location),false,true,false,true,true,false,"Sitelinks, Thumbnail, People also ask, Bottom ads, Paid sitelinks",0,22,,0,0,10,,https://www.cruiseaway.com.au/cruises/australia/melbourne,2026-05-03 17:20:53
2 for 1 cruise deals 2017,AU,Australia,English,,false,false,false,true,true,false,"People also ask, Thumbnail, Sitelinks",0,1,,0,0,11,,https://www.cruiseaway.com.au/cruise/southern-caribbean-islander-17715610,2026-04-22 15:35:02
cruises dec 2024,AU,Australia,English,,false,false,false,true,true,false,Sitelinks,0,40,0.45,0,0,10,,https://www.cruiseaway.com.au/cruises,2026-04-25 01:15:03
cruises january 2023,AU,Australia,English,,false,false,false,true,true,false,"Sitelinks, People also ask, Video preview",0,7,0.45,0,0,10,,https://www.cruiseaway.com.au/cruises/australia/sydney,2026-04-22 08:21:12
cruise september 2023,AU,Australia,English,,false,false,false,true,true,false,"Sitelinks, People also ask",0,10,0.46,0,0,10,,https://www.cruiseaway.com.au/cruises/australia/sydney,2026-04-13 07:02:27
cruise november 2023,AU,Australia,English,,false,false,false,true,true,false,"People also ask, Sitelinks",0,28,0.45,0,0,10,,https://www.cruiseaway.com.au/november-cruises,2026-04-15 21:02:25
cruise june 2023,AU,Australia,English,,false,false,false,true,true,false,"Sitelinks, People also ask",0,14,0.43,0,0,10,,https://www.cruiseaway.com.au/cruises/australia/sydney,2026-04-26 16:43:19
cruises from darwin 2024,AU,Australia,English,Darwin (Location),false,true,false,true,true,false,"Sitelinks, People also ask",0,0,,0,0,10,,https://www.cruiseaway.com.au/cruises-from-darwin,2026-05-03 20:31:02
cruises november 2023,AU,Australia,English,,false,false,false,true,true,false,"Sitelinks, People also ask",0,30,0.45,0,0,10,,https://www.cruiseaway.com.au/,2026-04-21 02:41:32
cruise august 2024,AU,Australia,English,,false,false,false,true,true,false,"AI Overview, Thumbnail, Sitelinks, People also ask",0,49,0.45,0,0,11,,https://www.cruiseaway.com.au/cruises,2026-04-24 23:51:34
cruises in october 2024,AU,Australia,English,,false,false,false,true,true,false,"Sitelinks, People also ask",0,57,0.45,0,0,10,,https://www.cruiseaway.com.au/october-cruises,2026-05-05 10:38:14
new year cruise 2023,AU,Australia,English,,false,false,false,true,true,false,"Sitelinks, People also ask, Video preview",0,0,0.47,0,0,10,,https://www.cruiseaway.com.au/new-years-eve-cruise-2026,2026-04-17 19:20:00
amazon river cruises,AU,Australia,English,,false,false,false,true,true,false,"AI Overview, People also ask, Discussions and forums, Video preview, Thumbnail",450,12,0.52,0,0,39,,https://www.cruiseaway.com.au/cruises/amazon/amazon-river,2026-05-03 08:10:25
cruise in june 2024,AU,Australia,English,,false,false,false,true,true,false,"People also ask, Sitelinks",0,12,,0,0,11,,https://www.cruiseaway.com.au/cruises,2026-04-20 11:16:02
october cruises 2024,AU,Australia,English,,false,false,false,true,true,false,"People also ask, Sitelinks",0,56,,0,0,11,,https://www.cruiseaway.com.au/cruises/australia/perth,2026-04-20 01:42:27
cruises from cape town 2024,AU,Australia,English,Cape Town (Location),false,true,false,true,true,false,"Thumbnail, People also ask",0,0,0.52,0,0,11,,https://www.cruiseaway.com.au/cruises/africa/cape-town,2026-05-04 01:06:17
cruise jan 2024,AU,Australia,English,,false,false,false,true,true,false,"Sitelinks, People also ask",0,52,0.46,0,0,11,,https://www.cruiseaway.com.au/cruises,2026-04-23 18:57:02
cruise adelaide to fremantle,AU,Australia,English,,false,true,false,true,true,false,People also ask,0,0,,0,0,11,,https://www.cruiseaway.com.au/cruises/australia/perth,2026-04-28 18:01:28
cruise may 2023,AU,Australia,English,,false,false,false,true,true,false,"People also ask, Thumbnail, Sitelinks, Bottom ads, Paid sitelinks",0,9,0.51,0,0,11,,https://www.cruiseaway.com.au/,2026-04-23 14:43:30
book a cruise 2024,AU,Australia,English,,false,false,false,false,true,true,"Sitelinks, People also ask",0,67,,0,0,11,,https://www.cruiseaway.com.au/,2026-04-28 03:26:59
short cruises from fremantle 2024,AU,Australia,English,Fremantle (Location),false,true,false,true,true,false,"Sitelinks, Thumbnail, People also ask",0,3,0.18,0,0,11,,https://www.cruiseaway.com.au/short-cruises,2026-04-26 15:40:28
montgomery reef,AU,Australia,English,Montgomery Reef (Location),false,false,false,true,false,false,"AI Overview, People also ask, Thumbnail, Image pack, Video preview",1200,2,0.20,0,0,42,,https://www.cruiseaway.com.au/cruises/montgomery-reef,2026-05-11 11:57:07
alaska cruises from vancouver 2024,AU,Australia,English,Vancouver (Location),false,true,false,true,true,false,"People also ask, Sitelinks",0,3,1.43,0,0,11,,https://www.cruiseaway.com.au/cruises-from-vancouver-to-alaska,2026-05-10 23:22:41
october 2023 cruises,AU,Australia,English,,false,false,false,true,true,false,"People also ask, Sitelinks, Thumbnail",0,22,0.46,0,0,11,,https://www.cruiseaway.com.au/october-cruises,2026-05-05 21:42:02
cruise from usa to australia 2024,AU,Australia,English,"USA (Location), Australia (Location)",false,false,false,true,true,false,"People also ask, Sitelinks",0,34,0.37,0,0,11,,https://www.cruiseaway.com.au/,2026-04-22 12:40:08
flights to hawaii from brisbane,AU,Australia,English,"Hawaii (Location), Brisbane (Location)",false,true,false,true,true,true,People also ask,500,0,0.15,0,0,41,,https://www.cruiseaway.com.au/cruises-from-brisbane-to-hawaii,2026-05-07 16:41:13
alaska cruise,AU,Australia,English,Alaska (Location),false,true,false,true,true,true,"People also ask, Bottom ads, Paid sitelinks, Thumbnail, Video preview",1200,2,0.70,0,0,38,,https://www.cruiseaway.com.au/cruises/alaska-cruise,2026-05-02 04:29:06
mediterranean cruise,AU,Australia,English,,false,false,false,true,true,false,"People also ask, Thumbnail, Video preview",1800,3,0.77,0,0,50,,https://www.cruiseaway.com.au/cruises/mediterranean,2026-05-03 16:02:48
milford sound cruise,AU,Australia,English,Milford Sound (Location),false,true,false,true,false,false,"People also ask, Video preview, Thumbnail",5100,50,1.74,0,0,35,,https://www.cruiseaway.com.au/cruises/new-zealand/milford-sound,2026-05-05 00:47:06
royal,AU,Australia,English,,false,false,false,true,false,false,"Sitelinks, People also ask, Top stories, Thumbnail",3300,76,0.13,0,0,15,,https://www.cruiseaway.com.au/cruiseline/royal-caribbean-cruises,2026-05-11 03:09:48
alaska cruises 2025,AU,Australia,English,,false,false,false,true,true,false,"Thumbnail, People also ask, AI Overview, Video preview",200,1,,0,0,43,,https://www.cruiseaway.com.au/cruises/alaska-cruise,2026-02-13 21:43:24
cruisefinder,AU,Australia,English,,false,false,false,true,true,false,"Top ads, Paid sitelinks, People also ask, Bottom ads",150,53,0.34,0,0,6,,https://www.cruiseaway.com.au/cruise-sale-finder,2026-04-18 01:11:05
melbourne cruises,AU,Australia,English,Melbourne (Location),false,true,false,true,true,false,"Local pack, Thumbnail, Video preview",400,2,0.29,0,0,14,,https://www.cruiseaway.com.au/cruises/australia/melbourne,2026-05-01 17:31:00
japan cruises,AU,Australia,English,Japan (Location),false,false,false,true,true,false,"People also ask, Discussions and forums, Bottom ads, Paid sitelinks, Video preview, Thumbnail",600,3,0.45,0,0,47,,https://www.cruiseaway.com.au/cruises/asia/yokohama-tokyo,2026-05-02 02:12:30
adriatic cruises,AU,Australia,English,Adriatic Sea (Location),false,false,false,true,true,true,"Thumbnail, People also ask, Video preview",200,0,0.73,0,0,46,,https://www.cruiseaway.com.au/cruises/adriatic,2026-02-14 20:18:00
sydney cruises,AU,Australia,English,Sydney (Location),false,true,false,true,true,false,"Local pack, People also ask, Thumbnail, Video preview",1200,48,0.41,0,0,18,,https://www.cruiseaway.com.au/cruises/australia/sydney,2026-05-03 00:51:32
hong kong packages,AU,Australia,English,Hong Kong (Location),false,true,false,true,false,false,"Thumbnail, AI Overview, Video preview",200,0,0.35,0,0,48,,https://www.cruiseaway.com.au/hong-kong-fly-cruise-stay-packages,2026-04-25 21:54:11
caribbean cruises,AU,Australia,English,Caribbean (Location),false,false,false,true,true,false,"Thumbnail, People also ask, Discussions and forums, Bottom ads, Paid sitelinks",3400,3,0.50,0,0,25,,https://www.cruiseaway.com.au/cruiseline/royal-caribbean-cruises,2026-05-05 20:00:17
lastminutecruises,AU,Australia,English,,false,false,false,true,true,true,Video preview,20,3,,0,0,5,,https://www.cruiseaway.com.au/last-minute-cruises,2026-04-22 11:32:37
nile cruises,AU,Australia,English,Nile (Location),false,false,false,true,true,false,"Thumbnail, People also ask, Video preview",250,15,0.87,0,0,59,,https://www.cruiseaway.com.au/cruises/egypt-nile,2026-02-09 13:48:48
cruise holidays,AU,Australia,English,,false,false,false,true,true,false,"Thumbnail, People also ask, Video preview",900,66,0.31,0,0,12,,https://www.cruiseaway.com.au/cruises,2026-04-28 01:14:21
antarctica tours,AU,Australia,English,,false,false,false,true,true,false,"Thumbnail, People also ask, Video preview",450,22,0.96,0,0,71,,https://www.cruiseaway.com.au/cruises/antarctica,2026-02-08 14:32:20
cruise sydney,AU,Australia,English,Sydney (Location),false,true,false,true,true,false,"Local pack, Thumbnail, Video preview",1900,27,0.41,0,0,17,,https://www.cruiseaway.com.au/cruises/australia/sydney,2026-05-06 22:08:14
auscruising,AU,Australia,English,,false,false,false,true,true,false,"Sitelinks, People also ask, Bottom ads, Paid sitelinks",10,0,,0,0,6,,https://www.cruiseaway.com.au/oz-cruises,2026-04-17 08:34:27
broome to darwin cruise,AU,Australia,English,"Broome (Location), Darwin (Location)",false,true,false,true,true,false,"AI Overview, Thumbnail, People also ask, Video preview",200,2,1.00,0,0,75,,https://www.cruiseaway.com.au/cruises/australia/broome,2026-02-17 20:46:48
orincess,AU,Australia,English,,false,false,false,true,false,false,"Sitelinks, People also ask",30,59,0.09,0,0,7,,https://www.cruiseaway.com.au/zones/princess-cruises-from-australia,2026-04-21 08:37:17
cruise.ship,AU,Australia,English,,false,false,false,true,true,false,"Top stories, Thumbnail, People also ask",20,21,,0,0,7,,https://www.cruiseaway.com.au/ships,2026-05-01 05:26:53
willis island,AU,Australia,English,Willis Island (Location),false,false,false,true,false,false,"AI Overview, People also ask, Knowledge panel, Thumbnail, Image pack, Video preview",3100,1,0.78,0,0,52,,https://www.cruiseaway.com.au/cruises/australia/willis-island,2026-05-08 19:56:15
last minute deals,AU,Australia,English,,false,false,false,true,true,true,"Sitelinks, Discussions and forums",1000,13,0.24,0,0,9,,https://www.cruiseaway.com.au/last-minute-cruises,2026-05-06 17:20:41
princesss,AU,Australia,English,,false,false,false,true,false,false,"Thumbnail, Sitelinks, People also ask",100,57,0.20,0,0,8,,https://www.cruiseaway.com.au/zones/princess-cruises-from-australia,2026-04-22 23:00:02
cruise.finder,AU,Australia,English,,false,false,false,true,true,false,"Bottom ads, Paid sitelinks",10,54,,0,0,8,,https://www.cruiseaway.com.au/cruise-sale-finder,2026-04-22 13:38:27
lifou island,AU,Australia,English,Lifou Island (Location),false,false,false,true,false,false,"People also ask, Knowledge panel, Thumbnail, Image pack, Video preview",1700,0,0.15,0,0,41,,https://www.cruiseaway.com.au/cruises/south-pacific/lifou,2026-05-09 21:21:02
boreal,AU,Australia,English,,false,false,false,true,false,false,"AI Overview, Thumbnail, People also ask, Knowledge panel, Video preview",700,0,0.07,0,0,21,,https://www.cruiseaway.com.au/ship/le-boreal,2026-04-28 10:46:08
norwe,AU,Australia,English,Norway (Location),false,false,false,true,false,false,People also ask,40,85,,0,0,9,,https://www.cruiseaway.com.au/cruiseline/norwegian-cruise-line,2026-04-20 11:35:17
priness,AU,Australia,English,,false,false,false,true,true,false,"Sitelinks, People also ask",90,61,0.20,0,0,9,,https://www.cruiseaway.com.au/zones/princess-cruises-from-australia,2026-04-13 12:18:53
oceania,AU,Australia,English,Oceania (Location),false,false,false,true,false,false,"AI Overview, People also ask, Image pack, Thumbnail",11000,54,0.65,0,0,25,,https://www.cruiseaway.com.au/cruiseline/oceania-cruises,2026-05-09 19:56:10
ncl.com.au,AU,Australia,,,false,false,true,true,true,false,"Top ads, Thumbnail, People also ask, Bottom ads",20,25,0.63,0,0,11,,https://www.cruiseaway.com.au/cruiseline/norwegian-cruise-line,2026-04-21 09:58:28
cruise first,AU,Australia,English,,false,false,false,true,true,false,"Sitelinks, People also ask, Discussions and forums, Video preview, Thumbnail",1000,10,0.63,0,0,21,,https://www.cruiseaway.com.au/,2026-05-09 01:13:09
sydney princess cruises,AU,Australia,English,Sydney (Location),false,true,false,true,true,false,"Sitelinks, Discussions and forums, Thumbnail, Video preview",1300,1,0.53,0,0,33,,https://www.cruiseaway.com.au/cruises/australia/sydney,2026-04-29 01:12:37
scenic cruises,AU,Australia,English,,false,false,false,true,true,false,"People also ask, Discussions and forums, Thumbnail, Video preview",2200,15,1.13,0,0,37,,https://www.cruiseaway.com.au/cruiseline/scenic-tours,2026-05-09 18:34:46
whitsunday cruises,AU,Australia,English,Whitsundays (Location),false,true,false,true,true,false,"Sitelinks, Video preview",900,1,0.17,0,0,46,,https://www.cruiseaway.com.au/cruises/australia/whitsunday-islands,2026-04-26 19:20:30
cruise to tasmania from sydney 2024,AU,Australia,English,"Tasmania (Location), Sydney (Location)",false,true,false,true,true,false,"Sitelinks, People also ask",0,0,,0,0,7,,https://www.cruiseaway.com.au/cruises/australia/tasmania,2026-04-20 12:46:53
cruises from melbourne to new zealand 2024,AU,Australia,English,"Melbourne (Location), New Zealand (Location)",false,true,false,true,true,false,"People also ask, Sitelinks",0,0,,0,0,1,,https://www.cruiseaway.com.au/cruises-from-melbourne-to-new-zealand,2026-04-23 19:07:32
tasmania cruises 2024 from sydney,AU,Australia,English,Sydney (Location),false,true,false,true,true,false,"Top ads, Paid sitelinks, Sitelinks, Thumbnail",0,0,,0,0,9,,https://www.cruiseaway.com.au/cruises/australia/tasmania,2026-04-27 08:44:03
european cruises from australia,AU,Australia,English,,false,false,false,true,true,false,"Top ads, Paid sitelinks, AI Overview, Thumbnail, People also ask",150,5,0.35,0,0,1,AI Overview,https://www.cruiseaway.com.au/cruise-from-australia-to-europe,2026-04-11 05:52:45
easter holiday cruises 2024,AU,Australia,English,,false,false,false,true,true,false,"Thumbnail, People also ask, Sitelinks",0,8,,0,0,5,,https://www.cruiseaway.com.au/short-cruises,2026-04-17 06:47:56
new year's eve cruise 2023,AU,Australia,English,New Year's Eve (Event),false,false,false,true,true,false,Sitelinks,0,0,0.49,0,0,2,,https://www.cruiseaway.com.au/new-years-eve-cruises,2026-04-26 12:59:18
repositioning cruises 2024 from australia,AU,Australia,English,Australia (Location),false,false,false,true,true,false,"Thumbnail, AI Overview, Sitelinks",0,1,,0,0,11,,https://www.cruiseaway.com.au/repositioning-cruises,2026-04-21 09:21:22
cruise in february 2024,AU,Australia,English,,false,false,false,true,true,false,People also ask,0,44,,0,0,9,,https://www.cruiseaway.com.au/cruises,2026-05-08 10:40:39
cruise from brisbane to new zealand 2024,AU,Australia,English,"Brisbane (Location), New Zealand (Location)",false,true,false,true,true,false,"Sitelinks, People also ask",0,0,,0,0,4,,https://www.cruiseaway.com.au/cruises-from-brisbane-to-new-zealand,2026-05-01 21:51:12
is there a cruise that goes all around australia?,AU,Australia,English,Australia (Location),false,false,false,true,true,false,"AI Overview, Thumbnail, People also ask, Video preview",0,0,,0,0,1,AI Overview,https://www.cruiseaway.com.au/cruise-around-australia,2026-04-20 10:01:24
cruise to vietnam from australia,AU,Australia,English,"Vietnam (Location), Australia (Location)",false,false,false,true,true,false,"AI Overview, Thumbnail, People also ask",200,0,0.43,0,0,1,AI Overview,https://www.cruiseaway.com.au/cruise-to-vietnam-from-australia,2026-04-26 13:52:52
cruise ships from cairns,AU,Australia,English,Cairns (Location),false,true,false,true,true,false,"Top ads, Paid sitelinks, AI Overview, Thumbnail, People also ask, Bottom ads",10,0,0.35,0,0,1,AI Overview,https://www.cruiseaway.com.au/cruises/australia/cairns,2026-04-23 08:36:53
cruises from australia june 2024,AU,Australia,English,Australia (Location),false,true,false,true,true,true,"Top ads, Thumbnail, People also ask",0,10,,0,0,11,,https://www.cruiseaway.com.au/cruises/australia,2026-05-03 19:02:46
taster cruises 2023,AU,Australia,English,,false,false,false,true,true,true,"Sitelinks, People also ask",0,2,0.42,0,0,2,,https://www.cruiseaway.com.au/short-cruises,2026-05-01 09:40:58
repositioning cruise australia to usa,AU,Australia,English,,false,false,false,true,true,false,"AI Overview, Thumbnail, Video preview, People also ask, Sitelinks",30,1,0.14,0,0,1,AI Overview,https://www.cruiseaway.com.au/repositioning-cruises,2026-04-14 03:02:03
sydney to nz cruises 2024,AU,Australia,English,,false,true,false,true,true,false,"Sitelinks, People also ask",0,0,,0,0,8,,https://www.cruiseaway.com.au/cruises-from-sydney-to-new-zealand,2026-05-03 09:33:27
cruising around australia 2023,AU,Australia,English,Australia (Location),false,false,false,true,true,false,"Sitelinks, People also ask, Video preview",0,0,0.46,0,0,4,,https://www.cruiseaway.com.au/28-day-cruise-around-australia,2026-04-22 19:30:07
milford sound cruise ship,AU,Australia,English,Milford Sound (Location),false,true,false,true,true,false,"AI Overview, Thumbnail, People also ask",20,49,,0,0,1,AI Overview,https://www.cruiseaway.com.au/cruises/new-zealand/milford-sound,2026-04-19 09:31:42
short cruises from melbourne jan 2024,AU,Australia,English,Melbourne (Location),false,true,false,true,true,false,"Sitelinks, Thumbnail, People also ask, Bottom ads, Paid sitelinks",0,3,,0,0,5,,https://www.cruiseaway.com.au/short-cruises,2026-04-19 11:15:29
cruises from brisbane in april 2024,AU,Australia,English,Brisbane (Location),false,true,false,true,true,false,Sitelinks,0,0,,0,0,9,,https://www.cruiseaway.com.au/cruises/australia/brisbane,2026-04-25 19:10:28
3 day cruise from sydney january 2024,AU,Australia,English,Sydney (Location),false,true,false,true,true,false,"Sitelinks, People also ask",0,4,,0,0,4,,https://www.cruiseaway.com.au/short-cruises,2026-04-21 18:06:27
world cruise 2024 from sydney,AU,Australia,English,Sydney (Location),false,true,false,true,true,false,"Sitelinks, People also ask",0,0,0.45,0,0,10,,https://www.cruiseaway.com.au/cruise/round-the-world-trip-from-sydney-australia-with-the-arcadia-18426106,2026-04-09 12:54:32
pride cruises 2023,AU,Australia,English,Pride Cruises (Event),false,false,false,true,false,false,"Sitelinks, Video preview, People also ask",0,0,0.41,0,0,10,,https://www.cruiseaway.com.au/ship/carnival-pride,2026-04-17 20:15:02
cruise around australia from sydney,AU,Australia,English,Sydney (Location),false,true,false,true,true,false,"AI Overview, Thumbnail, People also ask, Video preview",50,15,0.45,0,0,1,AI Overview,https://www.cruiseaway.com.au/28-day-cruise-around-australia,2026-04-20 06:01:15
turkey cruises 2024,AU,Australia,English,Turkey (Location),false,false,false,true,true,false,"Sitelinks, People also ask",0,0,,0,0,7,,https://www.cruiseaway.com.au/cruises-to-turkey,2026-05-06 01:19:28
cruise fremantle to sydney via darwin,AU,Australia,English,Darwin (Location),false,true,false,true,true,false,"Top ads, Paid sitelinks",0,0,0.45,0,0,4,,https://www.cruiseaway.com.au/cruise/northern-explorer-18598165,2026-05-10 23:27:40
new zealand cruise january 2024,AU,Australia,English,New Zealand (Location),false,false,false,true,true,false,"Sitelinks, Thumbnail",0,1,,0,0,9,,https://www.cruiseaway.com.au/cruise/new-zealand-from-sydney-australia-with-the-carnival-splendor-16931468,2026-04-23 18:17:23
cheap cruises from melbourne 2024,AU,Australia,English,Melbourne (Location),false,true,false,true,true,false,"AI Overview, Thumbnail, Sitelinks, People also ask",0,2,,0,0,3,,https://www.cruiseaway.com.au/cruises/australia/melbourne,2026-04-10 10:29:34
singapore to sydney cruise 2023,AU,Australia,English,,false,false,false,true,true,false,"Sitelinks, Video preview, Thumbnail, People also ask, Bottom ads, Paid sitelinks",0,0,0.36,0,0,1,,https://www.cruiseaway.com.au/cruises-from-singapore-to-sydney,2026-04-30 16:11:28
cruises from thailand 2024,AU,Australia,English,,false,false,false,true,true,false,"People also ask, Thumbnail",0,0,,0,0,4,,https://www.cruiseaway.com.au/cruises/asia/laem-chabang-bangkok,2026-04-25 18:36:17
best cruises from brisbane 2024,AU,Australia,English,Brisbane (Location),false,true,false,true,true,false,"AI Overview, People also ask, Sitelinks, Thumbnail",0,0,,0,0,10,,https://www.cruiseaway.com.au/cruises/australia/brisbane,2026-04-19 04:41:20
cruises departing cairns 2024,AU,Australia,English,Cairns (Location),false,true,false,true,true,false,"Sitelinks, People also ask, Thumbnail",0,0,,0,0,7,,https://www.cruiseaway.com.au/cruises/australia/cairns,2026-05-02 13:00:17
cruises from sydney in march 2024,AU,Australia,English,Sydney (Location),false,true,false,true,true,false,"Sitelinks, People also ask",0,10,0.45,0,0,8,,https://www.cruiseaway.com.au/cruises/australia/sydney,2026-04-22 08:37:54
brisbane cruises march 2024,AU,Australia,English,Brisbane (Location),false,true,false,true,true,false,,0,0,,0,0,9,,https://www.cruiseaway.com.au/cruises/australia/brisbane,2026-05-03 12:13:17
new zealand cruises from sydney 2024,AU,Australia,English,Sydney (Location),false,true,false,true,true,true,AI Overview,0,0,,0,0,8,,https://www.cruiseaway.com.au/cruise/new-zealand-from-sydney-australia-with-the-carnival-splendor-16931468,2026-05-03 08:53:02
new zealand cruise from sydney 2024,AU,Australia,English,"New Zealand (Location), Sydney (Location)",false,true,false,true,true,false,Sitelinks,0,1,0.45,0,0,7,,https://www.cruiseaway.com.au/cruise/new-zealand-from-sydney-australia-with-the-carnival-splendor-16931468,2026-05-08 05:03:55
cruise from melbourne to new zealand 2024,AU,Australia,English,"Melbourne (Location), New Zealand (Location)",false,true,false,true,true,false,"AI Overview, People also ask",0,0,,0,0,2,,https://www.cruiseaway.com.au/cruises-from-melbourne-to-new-zealand,2026-05-07 00:40:04
hawaii to sydney cruise 2023,AU,Australia,English,,false,false,false,true,true,false,"Sitelinks, People also ask",0,0,0.53,0,0,2,,https://www.cruiseaway.com.au/hawaiian-shores-to-sydney,2026-04-09 08:19:32
cruise from australia to japan in 2024,AU,Australia,English,Japan (Location),false,false,false,true,true,false,"Sitelinks, People also ask, Discussions and forums, Bottom ads, Paid sitelinks",0,0,0.53,0,0,5,,https://www.cruiseaway.com.au/travelzoo-exclusive-sydney-to-japan,2026-04-26 13:44:36
january 2024 cruises from sydney,AU,Australia,English,Sydney (Location),false,true,false,true,true,false,"Sitelinks, People also ask, Video preview",0,12,0.45,0,0,5,,https://www.cruiseaway.com.au/january-cruises,2026-05-08 06:10:12
cruises from sydney october 2023,AU,Australia,English,Sydney (Location),false,true,false,true,true,false,"Sitelinks, People also ask",0,33,0.45,0,0,7,,https://www.cruiseaway.com.au/cruises/australia/sydney,2026-04-20 18:52:32
south pacific cruises 2024 from sydney,AU,Australia,English,Sydney (Location),false,true,false,true,true,false,Sitelinks,0,0,,0,0,4,,https://www.cruiseaway.com.au/cruises-from-sydney-to-south-pacific,2026-04-18 05:52:53
31-day transpacific from brisbane australia,AU,Australia,English,Brisbane (Location),false,true,false,true,true,false,"People also ask, Bottom ads, Paid sitelinks",0,0,,0,0,11,,https://www.cruiseaway.com.au/cruise/transpacific-from-australia-with-the-westerdam-18425449,2026-04-24 01:52:59
brisbane to cairns cruise 2024,AU,Australia,English,,false,true,false,true,true,false,"Sitelinks, People also ask, Thumbnail, Bottom ads, Paid sitelinks",0,0,,0,0,4,,https://www.cruiseaway.com.au/cruises/cairns,2026-04-28 19:14:53
cruise fremantle to brisbane,AU,Australia,English,,false,true,false,true,true,false,"Top ads, Paid sitelinks, Thumbnail, People also ask, Bottom ads",0,0,0.33,0,0,7,,https://www.cruiseaway.com.au/princess-cruises-australia-2026-2027-season-launch,2026-05-08 18:25:56
$1 deposit cruises 2024,AU,Australia,English,,false,false,false,true,true,false,"Sitelinks, Thumbnail, People also ask, Bottom ads",0,9,,0,0,1,,https://www.cruiseaway.com.au/zones/princess-1-deposits,2026-05-03 07:00:28
cruise from brisbane july 2024,AU,Australia,English,Brisbane (Location),false,true,false,true,true,false,,0,0,,0,0,9,,https://www.cruiseaway.com.au/cruises/australia/brisbane,2026-04-14 05:03:17
cruise from sydney january 2024,AU,Australia,English,Sydney (Location),false,true,false,true,true,false,Sitelinks,0,10,0.45,0,0,9,,https://www.cruiseaway.com.au/january-cruises-from-sydney,2026-04-16 09:18:28
cruise from brisbane to sydney 2023,AU,Australia,English,"Brisbane (Location), Sydney (Location)",false,true,false,true,true,false,Sitelinks,0,1,0.43,0,0,1,,https://www.cruiseaway.com.au/brisbane-to-sydney-cruises,2026-04-18 07:51:28
cruises south australia,AU,Australia,English,South Australia (Location),false,true,false,true,true,false,"Top ads, AI Overview, Thumbnail, People also ask",100,3,,0,0,1,AI Overview,https://www.cruiseaway.com.au/cruises/adelaide,2026-04-28 14:30:53
cruises from sydney around australia,AU,Australia,English,Sydney (Location),false,true,false,true,true,false,"AI Overview, Thumbnail, People also ask",80,4,,0,0,1,AI Overview,https://www.cruiseaway.com.au/28-day-cruise-around-australia,2026-04-19 05:32:32
cruises january 2024 australia,AU,Australia,English,Australia (Location),false,true,false,true,true,false,"Sitelinks, People also ask, Thumbnail",0,45,0.45,0,0,4,,https://www.cruiseaway.com.au/january-cruises,2026-05-05 10:50:50
cruises from brisbane november 2023,AU,Australia,English,Brisbane (Location),false,true,false,true,true,false,Sitelinks,0,0,0.45,0,0,10,,https://www.cruiseaway.com.au/cruises/australia/brisbane,2026-04-25 16:51:30
family cruises from sydney 2024,AU,Australia,English,Sydney (Location),false,true,false,true,true,false,"Sitelinks, People also ask",0,3,,0,0,2,,https://www.cruiseaway.com.au/family-cruises,2026-05-04 18:18:16
cruise singapore to australia 2024,AU,Australia,English,,false,false,false,true,true,false,Sitelinks,0,0,,0,0,1,,https://www.cruiseaway.com.au/cruises-from-singapore-to-sydney,2026-05-08 19:02:22
cruises from brisbane in august 2023,AU,Australia,English,Brisbane (Location),false,true,false,true,true,false,"Sitelinks, People also ask",0,0,,0,0,11,,https://www.cruiseaway.com.au/cruises/australia/brisbane,2026-04-15 03:37:17
cruises from istanbul 2024,AU,Australia,English,Istanbul (Location),false,true,false,true,true,false,Sitelinks,0,0,0.80,0,0,9,,https://www.cruiseaway.com.au/cruises/istanbul,2026-04-21 13:54:31
seattle to sydney cruise 2024,AU,Australia,English,,false,true,false,true,true,false,"People also ask, Sitelinks",0,0,0.55,0,0,6,,https://www.cruiseaway.com.au/cruise/legendary-south-pacific-crossing-seattle-to-sydney-18606764,2026-04-26 12:00:32
brisbane to hawaii cruise 2024,AU,Australia,English,"Brisbane (Location), Hawaii (Location)",false,true,false,true,true,false,"AI Overview, Thumbnail, Sitelinks, People also ask",0,0,0.45,0,0,3,,https://www.cruiseaway.com.au/cruises-from-brisbane-to-hawaii,2026-04-23 04:40:13
cruise sydney to new zealand december 2023,AU,Australia,English,,false,true,false,true,true,false,"Sitelinks, People also ask",0,0,,0,0,2,,https://www.cruiseaway.com.au/cruises-from-sydney-to-new-zealand,2026-04-26 14:42:16
last minute cruise cancellation deals 2023,AU,Australia,English,,false,false,false,true,true,true,"Sitelinks, People also ask, Thumbnail",0,2,,0,0,2,,https://www.cruiseaway.com.au/last-minute-cruises,2026-05-08 16:30:47
cruises out of singapore 2023,AU,Australia,English,Singapore (Location),false,true,false,true,true,false,"AI Overview, People also ask",0,9,0.44,0,0,7,,https://www.cruiseaway.com.au/cruises/asia/singapore,2026-04-30 11:06:39
cruise to fiji 2024,AU,Australia,English,,false,false,false,true,true,false,"Thumbnail, People also ask, Sitelinks",0,0,,0,0,3,,https://www.cruiseaway.com.au/cruises-from-sydney-to-fiji,2026-05-07 17:33:43
cruises from sydney to south pacific 2024,AU,Australia,English,"Sydney (Location), South Pacific (Location)",false,true,false,true,true,false,"Thumbnail, Sitelinks",0,0,,0,0,2,,https://www.cruiseaway.com.au/cruises-from-sydney-to-south-pacific,2026-05-04 01:26:17
cruises october 2023 from sydney,AU,Australia,English,Sydney (Location),false,true,false,true,true,false,Sitelinks,0,4,0.45,0,0,8,,https://www.cruiseaway.com.au/october-cruises,2026-05-07 13:24:49
cruise from melbourne december 2023,AU,Australia,English,Melbourne (Location),false,true,false,true,true,false,"Sitelinks, People also ask",0,3,,0,0,10,,https://www.cruiseaway.com.au/cruises/australia/melbourne,2026-04-09 17:12:46
cruise vancouver to sydney 2024,AU,Australia,English,,false,false,false,true,true,false,"Sitelinks, People also ask",0,0,,0,0,8,,https://www.cruiseaway.com.au/cruises/vancouver,2026-05-06 08:24:15
fremantle to exmouth cruise 2024,AU,Australia,English,Fremantle to Exmouth (Event),false,true,false,true,true,false,"Thumbnail, Sitelinks, People also ask, Bottom ads, Paid sitelinks",0,0,,0,0,1,,https://www.cruiseaway.com.au/fremantle-to-exmouth-cruise,2026-04-25 03:25:06
cruises departing australia 2024,AU,Australia,English,Australia (Location),false,true,false,true,true,false,"AI Overview, People also ask",0,28,,0,0,8,,https://www.cruiseaway.com.au/cruises/australia,2026-05-02 14:58:28
cruises from singapore to australia 2023,AU,Australia,English,"Singapore (Location), Australia (Location)",false,true,false,true,true,false,"Top ads, Paid sitelinks, Sitelinks, People also ask",0,0,0.40,0,0,1,,https://www.cruiseaway.com.au/cruises-from-singapore-to-australia,2026-04-29 07:08:43
cruises easter 2024,AU,Australia,English,,false,false,false,true,true,false,"Sitelinks, Video preview, People also ask",0,34,,0,0,11,,https://www.cruiseaway.com.au/cruises,2026-04-26 19:17:30
cruises from sydney to hobart 2024,AU,Australia,English,"Sydney (Location), Hobart (Location)",false,true,false,true,true,false,Sitelinks,0,0,,0,0,10,,https://www.cruiseaway.com.au/cruises/australia/tasmania,2026-04-09 13:36:02
cruises south pacific 2023,AU,Australia,English,South Pacific (Location),false,false,false,true,true,false,"Top ads, Thumbnail, Sitelinks, Bottom ads, Paid sitelinks",0,0,0.64,0,0,5,,https://www.cruiseaway.com.au/cruises-from-sydney-to-south-pacific,2026-04-30 08:40:52
3 day cruise brisbane 2024,AU,Australia,English,Brisbane (Location),false,true,false,true,true,false,"Sitelinks, Video preview",0,1,,0,0,8,,https://www.cruiseaway.com.au/cruises/australia/brisbane,2026-04-18 23:00:58
december 2023 cruises from sydney,AU,Australia,English,Sydney (Location),false,true,false,true,true,false,"Sitelinks, People also ask",0,34,0.46,0,0,7,,https://www.cruiseaway.com.au/cruises/australia/sydney,2026-04-21 01:29:58
cruise brisbane to hawaii 2023,AU,Australia,English,"Brisbane (Location), Hawaii (Location)",false,true,false,true,true,false,"Sitelinks, People also ask, Thumbnail",0,0,,0,0,1,,https://www.cruiseaway.com.au/cruises-from-brisbane-to-hawaii,2026-05-05 06:07:03
cruise from brisbane july 2023,AU,Australia,English,Brisbane (Location),false,true,false,true,true,false,"People also ask, Sitelinks",0,1,,0,0,9,,https://www.cruiseaway.com.au/cruises/australia/brisbane,2026-04-17 09:48:17
australia celebrity,AU,Australia,English,Australia (Location),false,false,false,true,false,false,"AI Overview, Video preview, Thumbnail, People also ask",20,2,,0,0,1,AI Overview,https://www.cruiseaway.com.au/cruiseline/celebrity-cruises,2026-04-10 02:41:47
brisbane to singapore cruise 2024,AU,Australia,English,,false,true,false,true,true,false,"Sitelinks, People also ask",0,0,0.46,0,0,10,,https://www.cruiseaway.com.au/cruises/asia/singapore,2026-04-30 00:20:09
western australia cruises 2024,AU,Australia,English,Western Australia (Location),false,true,false,true,true,false,Sitelinks,0,1,0.75,0,0,2,,https://www.cruiseaway.com.au/cruises/australia/perth,2026-04-15 12:27:27
cruises ex brisbane 2024,AU,Australia,English,Brisbane (Location),false,true,false,true,true,false,"People also ask, Bottom ads, Paid sitelinks",0,0,,0,0,10,,https://www.cruiseaway.com.au/cruises/australia/brisbane,2026-05-04 13:54:28
cruises out of singapore 2024,AU,Australia,English,Singapore (Location),false,true,false,true,true,false,"Sitelinks, People also ask",0,2,0.45,0,0,9,,https://www.cruiseaway.com.au/cruises/asia/singapore,2026-05-01 08:34:33
cruises tasmania 2024,AU,Australia,English,Tasmania (Location),false,true,false,true,true,false,"Video preview, Sitelinks, People also ask",0,0,,0,0,3,,https://www.cruiseaway.com.au/cruises/australia/tasmania,2026-04-24 12:24:27
cruise from hawaii to australia 2024,AU,Australia,English,"Hawaii (Location), Australia (Location)",false,true,false,true,true,false,"Top ads, Paid sitelinks, Sitelinks, Thumbnail, People also ask, Discussions and forums, Image pack",0,0,0.60,0,0,9,,https://www.cruiseaway.com.au/cruises-from-hawaii-to-sydney,2026-05-10 05:58:32
september cruises 2023,AU,Australia,English,,false,false,false,true,true,false,"People also ask, Sitelinks, Bottom ads, Paid sitelinks",0,30,0.45,0,0,10,,https://www.cruiseaway.com.au/cruises/australia/sydney,2026-04-19 15:45:05
$1 deposit cruises 2023,AU,Australia,English,,false,false,false,true,true,false,"Sitelinks, Thumbnail, People also ask",0,0,0.54,0,0,2,,https://www.cruiseaway.com.au/zones/princess-1-deposits,2026-04-19 03:34:20
nye cruises 2023,AU,Australia,English,,false,false,false,true,true,true,"Sitelinks, Video preview, People also ask",0,1,0.45,0,0,1,,https://www.cruiseaway.com.au/new-years-eve-cruises,2026-04-28 03:58:43
cruise on sale 2024,AU,Australia,English,,false,false,false,true,true,true,Sitelinks,0,41,,0,0,9,,https://www.cruiseaway.com.au/cruises,2026-04-22 02:26:27
cruises out of melbourne,AU,Australia,English,Melbourne (Location),false,true,false,true,true,false,"AI Overview, Thumbnail, Bottom ads, Paid sitelinks",200,0,0.22,0,0,1,AI Overview,https://www.cruiseaway.com.au/cruises/australia/melbourne,2026-04-22 09:32:17
short cruises australia 2024,AU,Australia,English,Australia (Location),false,true,false,true,true,false,Sitelinks,0,2,,0,0,1,,https://www.cruiseaway.com.au/short-cruises,2026-04-16 00:22:47
cruises leaving sydney april 2023,AU,Australia,English,Sydney (Location),false,true,false,true,true,false,"Sitelinks, People also ask",0,10,,0,0,8,,https://www.cruiseaway.com.au/april-cruises,2026-05-01 07:46:53
last minute cruises from brisbane 2023,AU,Australia,English,Brisbane (Location),false,true,false,true,true,true,Sitelinks,0,0,0.42,0,0,9,,https://www.cruiseaway.com.au/cheap-cruises-from-brisbane,2026-04-20 23:18:54
cruise darwin to broome,AU,Australia,English,,false,true,false,true,true,false,"Top ads, AI Overview, People also ask",150,5,1.10,0,0,8,People also ask,https://www.cruiseaway.com.au/cruises/australia/broome,2026-05-05 09:52:26
fremantle cruise 2024,AU,Australia,English,Fremantle (Location),false,true,false,true,true,false,Sitelinks,0,0,,0,0,9,,https://www.cruiseaway.com.au/cruises/australia/perth,2026-04-27 18:35:52
cruises leaving from brisbane 2024,AU,Australia,English,Brisbane (Location),false,true,false,true,true,false,AI Overview,0,0,,0,0,11,,https://www.cruiseaway.com.au/cruises/australia/brisbane,2026-04-30 03:23:14
cruises from melbourne april 2024,AU,Australia,English,Melbourne (Location),false,true,false,true,true,false,"Sitelinks, Thumbnail",0,20,,0,0,4,,https://www.cruiseaway.com.au/cruises/australia/melbourne,2026-04-20 00:50:32
cruise dec 2024,AU,Australia,English,,false,false,false,true,true,false,"Sitelinks, People also ask",0,57,0.45,0,0,11,,https://www.cruiseaway.com.au/cruises,2026-05-07 21:52:14
cruise from australia to europe 2023,AU,Australia,English,Europe (Location),false,false,false,true,true,false,"Thumbnail, People also ask, Sitelinks, Bottom ads, Paid sitelinks",0,0,0.45,0,0,6,,https://www.cruiseaway.com.au/cruise-from-australia-to-europe,2026-04-19 09:26:45
singapore cruise 2023,AU,Australia,English,Singapore (Location),false,true,false,true,true,false,"Sitelinks, People also ask, Video preview",0,1,0.46,0,0,4,,https://www.cruiseaway.com.au/cruises/asia/singapore,2026-04-14 18:32:28
cruise sydney to fiji 2024,AU,Australia,English,,false,true,false,true,true,false,"Thumbnail, Sitelinks, People also ask, Bottom ads, Paid sitelinks",0,0,0.45,0,0,1,,https://www.cruiseaway.com.au/cruises-from-sydney-to-fiji,2026-04-18 22:07:28
cruise 2024 from melbourne,AU,Australia,English,Melbourne (Location),false,true,false,true,true,false,Sitelinks,0,22,,0,0,7,,https://www.cruiseaway.com.au/cruises/australia/melbourne,2026-05-07 03:22:10
cruises from brisbane to nz 2024,AU,Australia,English,"Brisbane (Location), New Zealand (Location)",false,true,false,true,true,false,"Sitelinks, People also ask",0,0,,0,0,2,,https://www.cruiseaway.com.au/cruises-from-brisbane-to-new-zealand,2026-04-18 19:32:54
christmas 2024 cruises from brisbane,AU,Australia,English,Brisbane (Location),false,true,false,true,true,false,"Top ads, Paid sitelinks, Sitelinks, People also ask, Thumbnail",0,0,,0,0,5,,https://www.cruiseaway.com.au/christmas-cruises-from-australia,2026-05-05 02:17:03
cruises from sydney february 2024,AU,Australia,English,Sydney (Location),false,true,false,true,true,false,"People also ask, Thumbnail, Sitelinks",0,5,,0,0,11,,https://www.cruiseaway.com.au/cruises/australia/sydney,2026-05-03 11:58:53
cruises on sale 2024,AU,Australia,English,,false,false,false,true,true,false,Sitelinks,0,24,,0,0,9,,https://www.cruiseaway.com.au/cruises,2026-05-05 15:03:28
3 day cruise from adelaide 2023,AU,Australia,English,Adelaide (Location),false,true,false,true,true,false,"AI Overview, Sitelinks, People also ask, Thumbnail",0,1,,0,0,8,,https://www.cruiseaway.com.au/short-cruises,2026-04-15 23:11:47
can you visit willis island,AU,Australia,English,Willis Island (Location),false,false,false,true,false,false,"People also ask, Thumbnail",0,0,,0,0,8,,https://www.cruiseaway.com.au/cruises/australia/willis-island,2026-04-18 23:20:56
cruise sale finder sydney,AU,Australia,English,Sydney (Location),false,true,false,true,true,false,People also ask,0,17,0.40,0,0,2,,https://www.cruiseaway.com.au/cruise-sale-finder,2026-04-13 17:42:53
cruises melbourne 2024,AU,Australia,English,Melbourne (Location),false,true,false,true,true,false,Sitelinks,0,43,,0,0,7,,https://www.cruiseaway.com.au/cruises/australia/melbourne,2026-04-23 19:32:32
short cruises from brisbane january 2024,AU,Australia,English,Brisbane (Location),false,true,false,true,true,false,"Sitelinks, People also ask, Thumbnail",0,0,,0,0,6,,https://www.cruiseaway.com.au/short-cruises,2026-04-24 14:23:32
cruises ex melbourne 2024,AU,Australia,English,Melbourne (Location),false,true,false,true,true,false,"Top ads, Paid sitelinks, Sitelinks, Thumbnail, People also ask",0,1,,0,0,4,,https://www.cruiseaway.com.au/cruises/australia/melbourne,2026-05-09 15:45:36
short cruises from sydney april 2023,AU,Australia,English,Sydney (Location),false,true,false,true,true,false,Sitelinks,0,1,0.41,0,0,3,,https://www.cruiseaway.com.au/short-cruises,2026-04-30 08:51:57
cruise from europe to australia 2023,AU,Australia,English,Australia (Location),false,false,false,true,true,false,"People also ask, Sitelinks",0,1,0.19,0,0,6,,https://www.cruiseaway.com.au/cruises/transatlantic,2026-04-22 13:25:02
3 night sampler cruise,AU,Australia,English,3 Night Sampler Cruise (Event),false,false,false,true,true,true,"Top ads, Video preview",0,0,0.35,0,0,3,,https://www.cruiseaway.com.au/short-cruises,2026-05-01 18:05:53
cruise from singapore 2023,AU,Australia,English,Singapore (Location),false,true,false,true,true,false,"AI Overview, Thumbnail, People also ask",0,5,0.46,0,0,5,,https://www.cruiseaway.com.au/cruises/asia/singapore,2026-04-10 12:47:58
brisbane to new zealand cruise 2024,AU,Australia,English,"Brisbane (Location), New Zealand (Location)",false,true,false,true,true,false,"Sitelinks, People also ask",0,8,,0,0,6,,https://www.cruiseaway.com.au/cruises-from-brisbane-to-new-zealand,2026-05-08 17:40:38
great barrier reef cruises from sydney 2023,AU,Australia,English,"Great Barrier Reef (Location), Sydney (Location)",false,true,false,true,true,false,"Thumbnail, Sitelinks",0,0,0.60,0,0,3,,https://www.cruiseaway.com.au/cruises/australia/great-barrier-reef,2026-04-15 02:10:20
cruises in march 2024 from sydney,AU,Australia,English,Sydney (Location),false,true,false,true,true,false,"AI Overview, Sitelinks, People also ask",0,8,,0,0,10,,https://www.cruiseaway.com.au/march-cruises,2026-04-15 17:13:52
3 day sampler cruises from sydney,AU,Australia,English,Sydney (Location),false,true,false,true,true,false,"Top ads, Sitelinks",0,2,0.45,0,0,6,,https://www.cruiseaway.com.au/short-cruises,2026-04-22 15:49:36
cheap cruises australia 2023,AU,Australia,English,Australia (Location),false,true,false,true,true,false,"Sitelinks, People also ask, Bottom ads, Paid sitelinks",0,35,0.51,0,0,1,,https://www.cruiseaway.com.au/cheap-cruises,2026-05-02 10:45:30
christmas cruise australia 2023,AU,Australia,English,Australia (Location),false,true,false,true,true,false,Sitelinks,0,0,0.46,0,0,9,,https://www.cruiseaway.com.au/christmas-cruises,2026-05-07 08:01:17
cruise brisbane to fremantle 2023,AU,Australia,English,,false,true,false,true,true,false,"People also ask, Thumbnail, Sitelinks, Bottom ads, Paid sitelinks",0,0,0.25,0,0,10,,https://www.cruiseaway.com.au/princess-cruises-australia-2026-2027-season-launch,2026-04-15 21:48:29
perth to sydney cruise 2024,AU,Australia,English,,false,true,false,true,true,false,Sitelinks,0,0,,0,0,1,,https://www.cruiseaway.com.au/cruises-from-perth-fremantle-to-sydney,2026-05-01 11:06:19
cruise from brisbane december 2024,AU,Australia,English,Brisbane (Location),false,true,false,true,true,false,"Top ads, People also ask, Bottom ads, Paid sitelinks",0,0,,0,0,9,,https://www.cruiseaway.com.au/cruises/australia/brisbane,2026-04-10 09:44:27
xmas cruises 2024 from brisbane,AU,Australia,English,Brisbane (Location),false,true,false,true,true,false,"AI Overview, Sitelinks",0,0,,0,0,5,,https://www.cruiseaway.com.au/christmas-cruises,2026-04-22 10:28:32
cruise from brisbane may 2024,AU,Australia,English,Brisbane (Location),false,true,false,true,true,false,People also ask,0,0,,0,0,11,,https://www.cruiseaway.com.au/cruises/australia/brisbane,2026-05-05 13:54:02
cruise from brisbane to hawaii 2023,AU,Australia,English,"Brisbane (Location), Hawaii (Location)",false,true,false,true,true,false,"Sitelinks, People also ask",0,0,0.46,0,0,1,,https://www.cruiseaway.com.au/cruises-from-brisbane-to-hawaii,2026-04-22 13:56:52
brisbane to fiji cruise 2024,AU,Australia,English,"Brisbane (Location), Fiji (Location)",false,true,false,true,true,false,Sitelinks,0,0,0.50,0,0,4,,https://www.cruiseaway.com.au/cruises-to-fiji,2026-04-22 15:18:28
cruises from sydney in april 2023,AU,Australia,English,Sydney (Location),false,true,false,true,true,false,"Sitelinks, People also ask",0,9,,0,0,7,,https://www.cruiseaway.com.au/cruises-from-sydney-april-2026,2026-04-19 18:26:28
cruises from perth to singapore 2024,AU,Australia,English,"Perth (Location), Singapore (Location)",false,true,false,true,true,false,"Top ads, Sitelinks, People also ask",0,0,,0,0,9,,https://www.cruiseaway.com.au/cruises-from-perth-to-singapore,2026-05-09 03:56:21
discounted cruises 2023,AU,Australia,English,,false,false,false,true,true,true,Sitelinks,0,41,0.57,0,0,9,,https://www.cruiseaway.com.au/,2026-04-23 05:25:23
cruise trip brisbane,AU,Australia,English,Brisbane (Location),false,true,false,true,true,false,AI Overview,0,0,0.45,0,0,9,,https://www.cruiseaway.com.au/cruises/australia/brisbane,2026-04-14 21:19:43
hawaii cruises 2024 from australia,AU,Australia,English,,false,false,false,true,true,false,"Sitelinks, People also ask",0,0,0.46,0,0,9,,https://www.cruiseaway.com.au/cruises-from-brisbane-to-hawaii,2026-04-29 13:55:51
cruises from townsville 2024,AU,Australia,English,Townsville (Location),false,true,false,true,true,false,"People also ask, Sitelinks",0,9,,0,0,6,,https://www.cruiseaway.com.au/cruises/australia/townsville,2026-04-23 12:50:53
cruise from cairns 2023,AU,Australia,English,Cairns (Location),false,true,false,true,true,false,"Sitelinks, People also ask",0,0,0.49,0,0,9,,https://www.cruiseaway.com.au/cruises/australia/cairns,2026-05-07 16:18:40
cruises july 2023 australia,AU,Australia,English,Australia (Location),false,true,false,true,true,false,"Top ads, Paid sitelinks, Sitelinks, Thumbnail, People also ask",0,46,0.45,0,0,7,,https://www.cruiseaway.com.au/princess-cruises-australia-2026-2027-season-launch,2026-05-03 03:15:28
fremantle to exmouth cruise 2023,AU,Australia,English,"Fremantle (Location), Exmouth (Location)",false,true,false,true,true,false,Sitelinks,0,0,0.31,0,0,1,,https://www.cruiseaway.com.au/fremantle-to-exmouth-cruise,2026-04-10 09:33:23
cruises out of fremantle 2024,AU,Australia,English,Fremantle (Location),false,true,false,true,true,false,Sitelinks,0,2,0.38,0,0,9,,https://www.cruiseaway.com.au/cruises/australia/perth,2026-04-16 13:49:50
cruise hawaii to sydney 2023,AU,Australia,English,"Hawaii (Location), Sydney (Location)",false,true,false,true,true,false,"Sitelinks, Thumbnail",0,0,0.45,0,0,4,,https://www.cruiseaway.com.au/honolulu-to-sydney-cruise,2026-04-30 15:29:22
kangaroo island cruise ship schedule,AU,Australia,English,Kangaroo Island (Location),false,false,false,true,false,false,People also ask,40,0,,0,0,5,People also ask,https://www.cruiseaway.com.au/cruises/australia/kangaroo-island,2026-05-05 17:53:01
cruise package deals 2024,AU,Australia,English,,false,false,false,true,true,false,Sitelinks,0,19,,0,0,10,,https://www.cruiseaway.com.au/cruises,2026-04-16 10:40:03
cruise depart melbourne,AU,Australia,English,Melbourne (Location),false,true,false,true,true,false,"AI Overview, Thumbnail",0,0,,0,0,9,,https://www.cruiseaway.com.au/cruises/australia/melbourne,2026-05-11 06:25:19
sydney to japan cruise 2024,AU,Australia,English,,false,true,false,true,true,false,"Thumbnail, Sitelinks, People also ask, Discussions and forums",0,0,0.45,0,0,6,,https://www.cruiseaway.com.au/travelzoo-exclusive-sydney-to-japan,2026-04-29 00:21:34
repositioning cruises 2023 to australia,AU,Australia,English,Australia (Location),false,false,false,true,true,false,"Sitelinks, People also ask",0,1,0.37,0,0,6,,https://www.cruiseaway.com.au/repositioning-cruises,2026-04-13 22:14:41
cruises 2024 from melbourne,AU,Australia,English,Melbourne (Location),false,true,false,true,true,false,Sitelinks,0,3,0.46,0,0,10,,https://www.cruiseaway.com.au/cruises/australia/melbourne,2026-05-01 17:31:43
cruise from brisbane feb 2024,AU,Australia,English,Brisbane (Location),false,true,false,true,true,false,,0,0,,0,0,9,,https://www.cruiseaway.com.au/cruises/australia/brisbane,2026-04-15 06:59:54
cruises departing singapore 2024,AU,Australia,English,Singapore (Location),false,true,false,true,true,false,"Sitelinks, Thumbnail",0,1,,0,0,4,,https://www.cruiseaway.com.au/cruises/asia/singapore,2026-04-17 14:59:17
cruises from genoa 2024,AU,Australia,English,Genoa (Location),false,true,false,true,true,false,"Sitelinks, People also ask",0,0,,0,0,3,,https://www.cruiseaway.com.au/cruise/western-mediterranean-from-genoa-italy-with-the-msc-grandiosa-15637059,2026-05-04 17:31:54
perth cruises 2023,AU,Australia,English,Perth (Location),false,true,false,true,true,false,"Thumbnail, Sitelinks",0,1,0.45,0,0,9,,https://www.cruiseaway.com.au/cruises/australia/perth,2026-05-07 10:39:06
best cruise agents australia,AU,Australia,English,Australia (Location),false,true,false,true,true,false,"Top ads, Paid sitelinks, AI Overview, Thumbnail, Discussions and forums, People also ask, Local pack",80,47,0.62,0,1,1,AI Overview,https://www.cruiseaway.com.au/,2026-05-03 12:45:53
cruises from brisbane to cairns 2024,AU,Australia,English,"Brisbane (Location), Cairns (Location)",false,true,false,true,true,false,"AI Overview, People also ask, Thumbnail, Sitelinks",0,0,0.42,0,0,9,,https://www.cruiseaway.com.au/cruises/cairns,2026-04-23 21:46:09
sydney cruises april 2023,AU,Australia,English,Sydney (Location),false,true,false,true,true,false,Sitelinks,0,33,,0,0,9,,https://www.cruiseaway.com.au/cruises/australia/sydney,2026-04-23 11:10:03
sydney to melbourne cruise,AU,Australia,English,Sydney to Melbourne (Location),false,true,false,true,true,false,"AI Overview, People also ask",200,0,0.22,0,0,9,People also ask,https://www.cruiseaway.com.au/sydney-to-melbourne-cruise,2026-05-03 14:05:43
cruise from sydney august 2023,AU,Australia,English,Sydney (Location),false,true,false,true,true,false,"AI Overview, Thumbnail, Sitelinks, People also ask",0,9,0.45,0,0,10,,https://www.cruiseaway.com.au/cruises/australia/sydney,2026-04-09 22:47:19
june 2023 cruises from sydney,AU,Australia,English,Sydney (Location),false,true,false,true,true,false,"Sitelinks, People also ask",0,34,,0,0,9,,https://www.cruiseaway.com.au/cruises/australia/sydney,2026-05-02 17:57:00
pacific cruises from sydney 2024,AU,Australia,English,Sydney (Location),false,true,false,true,true,false,"Sitelinks, People also ask",0,0,,0,0,4,,https://www.cruiseaway.com.au/cruises-from-sydney-to-south-pacific,2026-04-27 18:19:17
unsold cruise cabins 2023,AU,Australia,English,,false,false,false,true,true,true,"Sitelinks, People also ask",0,3,0.31,0,0,2,,https://www.cruiseaway.com.au/last-minute-cruises,2026-05-03 08:11:32
cruises from australia september 2024,AU,Australia,English,Australia (Location),false,false,false,true,true,false,"Top ads, Paid sitelinks, Sitelinks, Thumbnail, People also ask, Bottom ads",0,33,,0,0,11,,https://www.cruiseaway.com.au/princess-cruises-australia-2026-2027-season-launch,2026-04-28 15:59:54
yacht repositioning,AU,Australia,English,,false,false,false,true,false,false,People also ask,0,3,,0,0,2,,https://www.cruiseaway.com.au/repositioning-cruises,2026-04-30 22:32:35
best british isles cruises 2024,AU,Australia,English,British Isles (Location),false,false,false,true,true,false,"AI Overview, Thumbnail, Sitelinks, People also ask, Discussions and forums",0,0,,0,0,1,AI Overview,https://www.cruiseaway.com.au/cruises/british-isles,2026-04-19 08:12:29
cruises from brisbane to fiji 2024,AU,Australia,English,"Brisbane (Location), Fiji (Location)",false,true,false,true,true,false,"Thumbnail, Sitelinks, People also ask, Bottom ads, Paid sitelinks",0,0,,0,0,7,,https://www.cruiseaway.com.au/cruises-to-fiji,2026-04-19 10:40:53
qld cruises 2024,AU,Australia,English,,false,true,false,true,true,false,,0,0,,0,0,9,,https://www.cruiseaway.com.au/cruises/australia/airlie-beach,2026-04-18 08:19:28
cruise sydney to new zealand november 2023,AU,Australia,English,,false,true,false,true,true,false,"Sitelinks, Thumbnail, People also ask",0,0,,0,0,11,,https://www.cruiseaway.com.au/cruises-from-sydney-to-new-zealand,2026-05-03 19:03:17
cruise december 2023 sydney,AU,Australia,English,Sydney (Location),false,true,false,true,true,false,"Sitelinks, Thumbnail",0,12,,0,0,9,,https://www.cruiseaway.com.au/cruises/australia/sydney,2026-04-23 05:00:36
fremantle to fremantle cruises 2024,AU,Australia,English,Fremantle to Fremantle (Event),false,true,false,true,true,false,"People also ask, Thumbnail, Sitelinks, Bottom ads, Paid sitelinks",0,1,,0,0,4,,https://www.cruiseaway.com.au/cruises/australia/perth,2026-04-18 10:06:53
cruises from turkey 2024,AU,Australia,English,Turkey (Location),false,false,false,true,true,false,"People also ask, Sitelinks",0,0,,0,0,7,,https://www.cruiseaway.com.au/cruise/mediterranean-sea-from-istanbul-turkey-with-the-sun-princess-18451252,2026-04-09 09:39:28
cruises within australia,AU,Australia,English,Australia (Location),false,true,false,true,true,false,"AI Overview, Thumbnail, People also ask, Bottom ads, Paid sitelinks",150,28,0.45,0,0,1,AI Overview,https://www.cruiseaway.com.au/oz-cruises,2026-04-30 16:15:31
all-inclusive cruises july 2023,AU,Australia,English,,false,false,false,true,true,false,"Sitelinks, Thumbnail, People also ask",0,34,,0,0,1,,https://www.cruiseaway.com.au/all-inclusive,2026-04-30 23:56:10
cruise singapore to perth 2023,AU,Australia,English,,false,false,false,true,true,false,"Sitelinks, People also ask, Thumbnail",0,0,0.40,0,0,6,,https://www.cruiseaway.com.au/cruises-from-singapore-to-australia,2026-04-23 13:41:14
singapore to fremantle cruises 2024,AU,Australia,English,,false,false,false,true,true,false,"Sitelinks, People also ask, Thumbnail",0,0,,0,0,8,,https://www.cruiseaway.com.au/cruise/south-east-asia-from-singapore-singapore-with-the-sapphire-princess-18603726,2026-05-08 02:06:59
cruise from brisbane april 2024,AU,Australia,English,Brisbane (Location),false,true,false,true,true,false,Sitelinks,0,0,0.45,0,0,7,,https://www.cruiseaway.com.au/cruises/australia/brisbane,2026-04-22 05:00:28
repositioning cruises to australia 2023,AU,Australia,English,Australia (Location),false,false,false,true,false,false,"Sitelinks, People also ask",0,1,0.35,0,0,11,,https://www.cruiseaway.com.au/travelzoo-exclusive-carnival-repositioning-specials,2026-05-05 10:57:53
cruise from brisbane march 2024,AU,Australia,English,Brisbane (Location),false,true,false,true,true,false,,0,0,,0,0,8,,https://www.cruiseaway.com.au/cruises/australia/brisbane,2026-04-25 02:32:36
sydney cruises february 2024,AU,Australia,English,Sydney (Location),false,true,false,true,true,false,,0,5,,0,0,9,,https://www.cruiseaway.com.au/cruises/australia/sydney,2026-04-17 15:22:08
australia to hawaii cruise 2023,AU,Australia,English,,false,false,false,true,true,false,"Sitelinks, People also ask",0,0,0.45,0,0,5,,https://www.cruiseaway.com.au/cruise/hawaii-from-australia-with-the-emerald-princess-18512023,2026-05-10 02:16:14
cruises out of sydney december 2023,AU,Australia,English,Sydney (Location),false,true,false,true,true,false,"Sitelinks, People also ask, Bottom ads, Paid sitelinks",0,10,,0,0,8,,https://www.cruiseaway.com.au/cruises/australia/sydney,2026-05-04 13:51:28
sydney to new zealand cruise 2023,AU,Australia,English,,false,true,false,true,true,false,"Sitelinks, People also ask",0,4,0.46,0,0,1,,https://www.cruiseaway.com.au/cruises-from-sydney-to-new-zealand,2026-04-27 13:09:54
cruises departing singapore 2023,AU,Australia,English,Singapore (Location),false,true,false,true,true,false,Sitelinks,0,2,0.52,0,0,4,,https://www.cruiseaway.com.au/cruises/asia/singapore,2026-05-08 08:39:36
best 3 day cruises from sydney 2024,AU,Australia,English,Sydney (Location),false,true,false,true,true,false,Sitelinks,0,1,0.37,0,0,8,,https://www.cruiseaway.com.au/short-cruises,2026-05-04 02:43:17
december cruises from sydney 2023,AU,Australia,English,Sydney (Location),false,true,false,true,true,true,Sitelinks,0,10,0.45,0,0,7,,https://www.cruiseaway.com.au/cruises/australia/sydney,2026-05-06 10:27:20
cruises leaving australia 2024,AU,Australia,English,,false,false,false,true,true,false,"Top ads, Paid sitelinks, Thumbnail, People also ask, Bottom ads",0,36,,0,0,6,,https://www.cruiseaway.com.au/,2026-05-09 12:49:55
cruises in april 2024 from sydney,AU,Australia,English,Sydney (Location),false,true,false,true,true,false,"AI Overview, Sitelinks, People also ask",0,10,,0,0,12,,https://www.cruiseaway.com.au/short-cruises,2026-04-14 13:36:55
sydney cruises april 2024,AU,Australia,English,Sydney (Location),false,true,false,true,true,false,Sitelinks,0,12,,0,0,9,,https://www.cruiseaway.com.au/april-cruises,2026-04-25 00:51:03
cruises from fremantle to singapore 2023,AU,Australia,English,"Fremantle (Location), Singapore (Location)",false,true,false,true,true,false,"Thumbnail, Sitelinks, People also ask",0,0,0.31,0,0,6,,https://www.cruiseaway.com.au/fremantle-to-singapore-cruise-2028,2026-04-26 01:24:16
cruise from sydney september 2023,AU,Australia,English,Sydney (Location),false,true,false,true,true,false,"Sitelinks, People also ask",0,18,0.45,0,0,8,,https://www.cruiseaway.com.au/cruises/australia/sydney,2026-04-25 23:24:57
fly cruise japan 2024,AU,Australia,English,Japan (Location),false,false,false,true,true,false,Sitelinks,0,0,0.96,0,0,7,,https://www.cruiseaway.com.au/travelzoo-exclusive-sydney-to-japan,2026-05-06 19:46:11
book cruise melbourne,AU,Australia,English,Melbourne (Location),false,true,false,false,true,true,"AI Overview, Thumbnail, Local pack",0,39,0.61,0,0,1,AI Overview,https://www.cruiseaway.com.au/cruises/australia/melbourne,2026-04-12 22:13:02
new zealand cruises 2024 from sydney,AU,Australia,English,"New Zealand (Location), Sydney (Location)",false,true,false,true,true,false,"Thumbnail, Sitelinks",0,0,,0,0,4,,https://www.cruiseaway.com.au/cruises-from-sydney-to-new-zealand,2026-04-28 16:24:37
cruise perth to cairns,AU,Australia,English,"Perth (Location), Cairns (Location)",false,true,false,true,true,false,Thumbnail,0,0,,0,0,5,,https://www.cruiseaway.com.au/cruises/cairns,2026-04-16 19:56:55
cruises june july 2024,AU,Australia,English,,false,false,false,true,true,false,"Sitelinks, People also ask",0,57,,0,0,4,,https://www.cruiseaway.com.au/,2026-04-21 21:23:09
cruises december 2023 australia,AU,Australia,English,Australia (Location),false,true,false,true,true,false,"Top ads, Paid sitelinks, Sitelinks, People also ask",0,10,,0,0,7,,https://www.cruiseaway.com.au/december-cruises,2026-04-24 09:48:49
cruises singapore to sydney 2024,AU,Australia,English,,false,false,false,true,true,false,"Sitelinks, Thumbnail, People also ask",0,0,,0,0,2,,https://www.cruiseaway.com.au/cruises-from-singapore-to-sydney,2026-04-22 03:35:28
easter cruises 2024,AU,Australia,English,,false,false,false,true,true,false,"Sitelinks, Video preview, People also ask",0,21,,0,0,5,,https://www.cruiseaway.com.au/cruises/australia/brisbane,2026-04-11 07:25:09
adults-only cruises australia 2023,AU,Australia,English,Australia (Location),false,true,false,true,true,false,"People also ask, Sitelinks",0,19,0.50,0,0,4,,https://www.cruiseaway.com.au/cruises/adult-only-virgin-voyages,2026-04-10 12:57:57
cruise from sydney to fiji 2024,AU,Australia,English,"Sydney (Location), Fiji (Location)",false,true,false,true,true,false,Sitelinks,0,0,,0,0,1,,https://www.cruiseaway.com.au/cruises-from-sydney-to-fiji,2026-04-27 11:09:36
cruise fremantle to sydney 2024,AU,Australia,English,,false,true,false,true,true,false,AI Overview,0,0,,0,0,5,,https://www.cruiseaway.com.au/cruises-from-perth-fremantle-to-sydney,2026-05-11 01:53:05
cruises in may 2023 from sydney,AU,Australia,English,Sydney (Location),false,true,false,true,true,false,Sitelinks,0,7,0.45,0,0,7,,https://www.cruiseaway.com.au/cruises/australia/sydney,2026-05-09 17:39:17
cruises out of cairns 2024,AU,Australia,English,Cairns (Location),false,true,false,true,true,false,"Sitelinks, People also ask",0,0,,0,0,7,,https://www.cruiseaway.com.au/cruises/australia/cairns,2026-04-14 08:43:31
cruises from melbourne to fiji 2024,AU,Australia,English,"Melbourne (Location), Fiji (Location)",false,true,false,true,true,true,"Sitelinks, People also ask",0,0,0.42,0,0,1,,https://www.cruiseaway.com.au/cruises-to-fiji,2026-05-09 10:40:12
cruises from melbourne february 2024,AU,Australia,English,Melbourne (Location),false,true,false,true,true,false,"People also ask, Sitelinks, Bottom ads, Paid sitelinks",0,3,0.45,0,0,8,,https://www.cruiseaway.com.au/cruises/australia/melbourne,2026-05-01 17:51:46
cruise ship deals sydney,AU,Australia,English,Sydney (Location),false,true,false,true,true,false,Top ads,0,3,,0,0,10,,https://www.cruiseaway.com.au/cheap-cruises,2026-04-22 07:42:27
cruises sydney to new zealand 2024,AU,Australia,English,,false,true,false,true,true,false,"AI Overview, People also ask",0,1,0.49,0,0,6,,https://www.cruiseaway.com.au/cruise/new-zealand-from-sydney-australia-with-the-carnival-splendor-16931468,2026-05-10 12:29:06
short cruise from sydney 2024,AU,Australia,English,Sydney (Location),false,true,false,true,true,false,Sitelinks,0,2,0.37,0,0,4,,https://www.cruiseaway.com.au/short-cruises,2026-04-24 01:15:53
xmas cruises 2023 from brisbane,AU,Australia,English,Brisbane (Location),false,true,false,true,true,false,Sitelinks,0,0,,0,0,1,,https://www.cruiseaway.com.au/christmas-cruises-from-brisbane,2026-05-11 02:17:23
last minute cruise from sydney 2023,AU,Australia,English,Sydney (Location),false,true,false,true,true,true,Sitelinks,0,1,,0,0,2,,https://www.cruiseaway.com.au/last-minute-cruises-from-sydney,2026-04-17 18:19:02
sydney cruises july 2023,AU,Australia,English,Sydney (Location),false,true,false,true,true,false,Sitelinks,0,30,0.46,0,0,8,,https://www.cruiseaway.com.au/cruises/australia/sydney,2026-04-14 13:03:29
cruises leaving sydney january 2024,AU,Australia,English,Sydney (Location),false,true,false,true,true,false,"Sitelinks, Video preview",0,5,,0,0,7,,https://www.cruiseaway.com.au/cruises/australia/sydney,2026-04-09 11:49:53
cruises from melbourne december 2023,AU,Australia,English,Melbourne (Location),false,true,false,true,true,false,"Sitelinks, People also ask",0,1,0.42,0,0,10,,https://www.cruiseaway.com.au/cruises/australia/melbourne,2026-05-06 18:19:38
cruises leaving from melbourne 2024,AU,Australia,English,Melbourne (Location),false,true,false,true,true,false,Sitelinks,0,1,,0,0,7,,https://www.cruiseaway.com.au/cruises/australia/melbourne,2026-04-21 22:36:27
cruise to new zealand from sydney 2024,AU,Australia,English,"New Zealand (Location), Sydney (Location)",false,true,false,true,true,false,"Thumbnail, People also ask",0,2,0.50,0,0,5,,https://www.cruiseaway.com.au/cruise/new-zealand-from-sydney-australia-with-the-carnival-splendor-16931468,2026-05-09 11:44:36
unsold luxury cruise tickets,AU,Australia,English,,false,false,false,true,true,true,"Sitelinks, People also ask, Discussions and forums",0,5,,0,0,1,,https://www.cruiseaway.com.au/last-minute-cruises,2026-05-11 05:56:36
cruises leaving brisbane january 2024,AU,Australia,English,,false,true,false,true,true,false,AI Overview,0,0,,0,0,10,,https://www.cruiseaway.com.au/cruises/australia/brisbane,2026-04-15 13:58:57
cruise fiji 2024,AU,Australia,English,Fiji (Location),false,false,false,true,true,false,"People also ask, Sitelinks",0,12,0.54,0,0,4,,https://www.cruiseaway.com.au/cruises-from-sydney-to-fiji,2026-05-07 14:26:59
cruise from brisbane to europe,AU,Australia,English,"Brisbane (Location), Europe (Location)",false,true,false,true,true,false,"AI Overview, People also ask",150,0,0.63,0,0,9,People also ask,https://www.cruiseaway.com.au/cruise-from-australia-to-europe,2026-05-08 21:10:57
cruise to fiji from sydney 2024,AU,Australia,English,"Fiji (Location), Sydney (Location)",false,true,false,true,true,false,"Bottom ads, Paid sitelinks",0,0,,0,0,1,,https://www.cruiseaway.com.au/cruises-from-sydney-to-fiji,2026-04-29 15:06:12
exmouth cruise 2023,AU,Australia,English,Exmouth (Location),false,true,false,true,true,false,"Sitelinks, People also ask",0,0,,0,0,11,,https://www.cruiseaway.com.au/cruises/exmouth,2026-04-10 11:58:35
easter cruise 2024 from melbourne,AU,Australia,English,Melbourne (Location),false,true,false,true,true,false,Sitelinks,0,4,,0,0,7,,https://www.cruiseaway.com.au/short-cruises,2026-05-05 17:38:44
cruise fremantle to cairns,AU,Australia,English,"Fremantle (Location), Cairns (Location)",false,true,false,true,true,false,Sitelinks,0,0,0.29,0,0,4,,https://www.cruiseaway.com.au/western-australia-cruises-from-perth-fremantle,2026-04-25 16:53:47
singapore to sydney cruise 2024,AU,Australia,English,,false,false,false,true,true,false,"AI Overview, People also ask",0,0,0.40,0,0,2,,https://www.cruiseaway.com.au/cruises-from-singapore-to-sydney,2026-05-06 17:14:26
melbourne to sydney cruise 2023,AU,Australia,English,,false,true,false,true,true,false,"Sitelinks, People also ask",0,0,0.45,0,0,1,,https://www.cruiseaway.com.au/melbourne-to-sydney-cruise,2026-04-20 20:56:32
cruise brisbane to hawaii 2024,AU,Australia,English,"Brisbane (Location), Hawaii (Location)",false,true,false,true,true,false,"Sitelinks, People also ask",0,0,0.51,0,0,1,,https://www.cruiseaway.com.au/cruises-from-brisbane-to-hawaii,2026-04-19 17:58:33
cruise out of melbourne,AU,Australia,English,Melbourne (Location),false,true,false,true,true,false,"Top ads, Paid sitelinks, AI Overview, Thumbnail, People also ask",40,0,0.32,0,0,1,AI Overview,https://www.cruiseaway.com.au/cruises/australia/melbourne,2026-04-28 22:55:02
cruise 2024 australia,AU,Australia,English,Australia (Location),false,false,false,true,true,false,"Sitelinks, Thumbnail, People also ask",0,31,0.46,0,0,9,,https://www.cruiseaway.com.au/cruises/australia,2026-04-26 04:25:02
cruise sydney to tokyo 2024,AU,Australia,English,,false,false,false,true,true,false,"Thumbnail, Sitelinks, People also ask",0,0,,0,0,5,,https://www.cruiseaway.com.au/travelzoo-exclusive-sydney-to-japan,2026-04-28 17:15:20
cruisesale finder,AU,Australia,English,,false,false,false,true,true,false,"Top ads, Sitelinks, People also ask",0,2,,0,0,2,,https://www.cruiseaway.com.au/cruise-sale-finder,2026-04-27 19:31:54
cruise april 2024 from sydney,AU,Australia,English,Sydney (Location),false,true,false,true,true,false,Sitelinks,0,6,,0,0,10,,https://www.cruiseaway.com.au/april-cruises,2026-05-05 03:48:32
perth cruises 2024,AU,Australia,English,Perth (Location),false,true,false,true,true,false,,0,2,0.40,0,0,3,,https://www.cruiseaway.com.au/cruises/australia/perth,2026-05-09 07:55:31
cruises from australia december 2024,AU,Australia,English,Australia (Location),false,false,false,true,true,false,Sitelinks,0,46,,0,0,9,,https://www.cruiseaway.com.au/,2026-04-24 01:59:13
cruises from sydney dec 2023,AU,Australia,English,Sydney (Location),false,true,false,true,true,false,Sitelinks,0,18,0.46,0,0,8,,https://www.cruiseaway.com.au/cruises/australia/sydney,2026-05-11 03:15:38
2023 christmas cruises,AU,Australia,English,,false,false,false,true,true,false,"People also ask, Sitelinks, Video preview",0,0,0.61,0,0,8,,https://www.cruiseaway.com.au/christmas-cruises,2026-04-27 20:46:02
cruises australia december 2023,AU,Australia,English,Australia (Location),false,true,false,true,true,false,"Sitelinks, People also ask",0,9,,0,0,10,,https://www.cruiseaway.com.au/cruises/australia/sydney,2026-05-06 03:05:03
cruises from brisbane christmas 2023,AU,Australia,English,Brisbane (Location),false,true,false,true,true,false,"Sitelinks, Thumbnail, People also ask, Bottom ads, Paid sitelinks",0,0,0.40,0,0,1,,https://www.cruiseaway.com.au/christmas-cruises-from-brisbane,2026-04-24 11:41:54
cruise from brisbane june 2024,AU,Australia,English,Brisbane (Location),false,true,false,true,true,false,Sitelinks,0,1,,0,0,9,,https://www.cruiseaway.com.au/cruises/australia/brisbane,2026-05-09 17:19:42
cruise tasmania 2024,AU,Australia,English,Tasmania (Location),false,true,false,true,true,false,"Thumbnail, People also ask, Sitelinks",0,0,,0,0,3,,https://www.cruiseaway.com.au/cruises/australia/tasmania,2026-05-02 09:09:02
cruises from australia to europe 2024,AU,Australia,English,Europe (Location),false,false,false,true,true,false,"Sitelinks, People also ask",0,5,0.46,0,0,4,,https://www.cruiseaway.com.au/cruise-from-australia-to-europe,2026-04-26 15:00:07
melbourne to new zealand cruise 2024,AU,Australia,English,"Melbourne (Location), New Zealand (Location)",false,true,false,true,true,false,"Sitelinks, Thumbnail, People also ask",0,0,0.45,0,0,1,,https://www.cruiseaway.com.au/cruises-from-melbourne-to-new-zealand,2026-04-22 05:52:02
cruise from hawaii to sydney 2024,AU,Australia,English,"Hawaii (Location), Sydney (Location)",false,true,false,true,true,true,"Sitelinks, People also ask, Discussions and forums",0,0,0.52,0,0,7,,https://www.cruiseaway.com.au/cruises-from-hawaii-to-sydney,2026-05-02 22:50:59
cruises from sydney to perth 2024,AU,Australia,English,"Sydney (Location), Perth (Location)",false,true,false,true,true,false,"Sitelinks, Thumbnail, People also ask",0,0,,0,0,1,,https://www.cruiseaway.com.au/cruises-from-sydney-to-perth,2026-05-07 09:04:05
cruises from brisbane april 2024,AU,Australia,English,Brisbane (Location),false,true,false,true,true,false,AI Overview,0,3,,0,0,10,,https://www.cruiseaway.com.au/cruises/australia/brisbane,2026-05-10 00:20:18
australia cruise covid requirements,AU,Australia,English,Australia (Location),false,false,false,true,false,false,People also ask,0,3,,0,0,6,,https://www.cruiseaway.com.au/covid-19-travel-updates,2026-05-07 22:03:00
cruises leaving melbourne 2024,AU,Australia,English,Melbourne (Location),false,true,false,true,true,false,People also ask,0,3,,0,0,8,,https://www.cruiseaway.com.au/cruises/australia/melbourne,2026-05-07 10:16:30
cruises in january 2024 from sydney,AU,Australia,English,Sydney (Location),false,true,false,true,true,false,Sitelinks,0,33,,0,0,10,,https://www.cruiseaway.com.au/january-cruises,2026-04-21 20:01:32
cruise from sydney september 2024,AU,Australia,English,,false,true,false,true,true,false,"Sitelinks, Bottom ads, Paid sitelinks",0,10,,0,0,8,,https://www.cruiseaway.com.au/september-cruises,2026-04-17 08:52:02
cruises from sydney in july 2024,AU,Australia,English,Sydney (Location),false,true,false,true,true,false,"People also ask, Thumbnail, Sitelinks",0,11,,0,0,11,,https://www.cruiseaway.com.au/short-cruises,2026-04-26 13:47:53
brisbane to sydney cruise 2024,AU,Australia,English,Brisbane to Sydney cruise (Work),false,true,false,true,true,true,Sitelinks,0,8,,0,0,1,,https://www.cruiseaway.com.au/brisbane-to-sydney-cruises,2026-05-09 07:53:00
cruise depart from melbourne,AU,Australia,English,Melbourne (Location),false,true,false,true,true,false,"Top ads, AI Overview, Thumbnail, Bottom ads, Paid sitelinks",20,1,,0,0,1,AI Overview,https://www.cruiseaway.com.au/cruises/australia/melbourne,2026-04-18 03:44:28
cruises from singapore january 2024,AU,Australia,English,Singapore (Location),false,true,false,true,true,false,,0,3,0.37,0,0,8,,https://www.cruiseaway.com.au/cruises/asia/singapore,2026-04-25 10:08:55
australia day 3 day cruise,AU,Australia,English,Australia Day (Event),false,false,false,true,true,false,,0,2,,0,0,3,,https://www.cruiseaway.com.au/short-cruises,2026-05-07 17:41:55
last minute cruise no single supplement,AU,Australia,English,,false,false,false,true,true,true,"Top ads, Paid sitelinks, AI Overview, Thumbnail",40,4,,0,0,1,AI Overview,https://www.cruiseaway.com.au/singles-cruises,2026-04-10 15:40:55
cruises from singapore february 2024,AU,Australia,English,Singapore (Location),false,true,false,true,true,false,"Thumbnail, People also ask, Bottom ads, Paid sitelinks",0,2,,0,0,4,,https://www.cruiseaway.com.au/cruises/asia/singapore,2026-04-14 11:35:28
cruises march 2024 australia,AU,Australia,English,Australia (Location),false,true,false,true,true,false,Sitelinks,0,21,,0,0,7,,https://www.cruiseaway.com.au/short-cruises,2026-04-29 02:09:47
boat cruises 2016,AU,Australia,English,,false,false,false,true,false,false,"Sitelinks, People also ask",0,0,,0,0,1,,https://www.cruiseaway.com.au/blog/cruise-news/best-cruising-2016/,2026-04-14 14:07:28
cruise xmas 2024,AU,Australia,English,Christmas (Event),false,false,false,true,true,false,"Sitelinks, People also ask",0,0,,0,0,7,,https://www.cruiseaway.com.au/christmas-cruises,2026-04-20 19:25:02
cook island cruises 2024,AU,Australia,English,,false,false,false,true,true,false,"Sitelinks, People also ask",0,0,,0,0,1,,https://www.cruiseaway.com.au/cruises/south-pacific/rarotonga,2026-04-24 20:26:20
cruises in australia 2023,AU,Australia,English,Australia (Location),false,true,false,true,true,false,"Sitelinks, People also ask, Video preview",0,12,0.56,0,0,10,,https://www.cruiseaway.com.au/cruises/australia/sydney,2026-04-10 03:42:17
australian cruises 2024 from melbourne,AU,Australia,English,Melbourne (Location),false,true,false,true,true,false,"AI Overview, Sitelinks, People also ask",0,21,,0,0,7,,https://www.cruiseaway.com.au/cruises/australia/melbourne,2026-04-14 21:41:43
cruises december 2023 from sydney,AU,Australia,English,Sydney (Location),false,true,false,true,true,false,"Top ads, Paid sitelinks, Sitelinks, People also ask",0,35,0.46,0,0,8,,https://www.cruiseaway.com.au/cruises/australia/sydney,2026-04-29 04:41:28
cruises from fremantle january 2024,AU,Australia,English,Fremantle (Location),false,true,false,true,true,false,AI Overview,0,1,0.37,0,0,10,,https://www.cruiseaway.com.au/cruises/australia/perth,2026-05-08 02:29:17
cruise prices 2016,AU,Australia,English,,false,false,false,true,true,false,"People also ask, Sitelinks, Thumbnail",0,2,,0,0,9,,https://www.cruiseaway.com.au/blog/cruise-news/best-cruising-2016/,2026-04-22 16:18:36
january 2024 cruises from brisbane,AU,Australia,English,Brisbane (Location),false,true,false,true,true,false,Thumbnail,0,0,0.46,0,0,9,,https://www.cruiseaway.com.au/cruises/australia/brisbane,2026-04-14 20:33:03
cruises out of australia 2024,AU,Australia,English,Australia (Location),false,true,false,true,true,false,"AI Overview, People also ask",0,39,,0,0,6,,https://www.cruiseaway.com.au/,2026-05-11 03:20:51
round australia cruises 2024,AU,Australia,English,,false,false,false,true,true,false,"Top ads, Thumbnail, Sitelinks, People also ask, Bottom ads, Paid sitelinks",0,2,0.45,0,0,4,,https://www.cruiseaway.com.au/28-day-cruise-around-australia,2026-04-14 01:07:15
hawaii to brisbane cruise 2023,AU,Australia,English,,false,false,false,true,true,false,"Sitelinks, People also ask",0,0,0.45,0,0,3,,https://www.cruiseaway.com.au/cruises-from-brisbane-to-hawaii,2026-05-07 13:18:10
ferry repositioning,AU,Australia,English,,false,false,false,true,true,false,"People also ask, Discussions and forums, Thumbnail, Bottom ads, Paid sitelinks",0,1,,0,0,3,,https://www.cruiseaway.com.au/repositioning-cruises,2026-04-28 15:44:53
2024 australian cruises,AU,Australia,English,Australia (Location),false,false,false,true,true,false,Sitelinks,0,11,0.58,0,0,6,,https://www.cruiseaway.com.au/cruises/australia,2026-04-22 04:01:03
wa cruises,AU,Australia,English,Western Australia (Location),false,true,false,true,true,false,"Top ads, Paid sitelinks, AI Overview, Thumbnail, Bottom ads",150,4,0.40,0,0,1,AI Overview,https://www.cruiseaway.com.au/cruises/australia/perth,2026-04-25 21:40:54
cruises from brisbane february 2024,AU,Australia,English,Brisbane (Location),false,true,false,true,true,false,,0,0,0.46,0,0,8,,https://www.cruiseaway.com.au/cruises/australia/brisbane,2026-05-07 19:06:53
cruises from brisbane may 2024,AU,Australia,English,Brisbane (Location),false,true,false,true,true,false,People also ask,0,3,,0,0,10,,https://www.cruiseaway.com.au/cruises/australia/brisbane,2026-04-10 19:54:57
cruises in december 2023 from sydney,AU,Australia,English,Sydney (Location),false,true,false,true,true,false,"Sitelinks, People also ask",0,6,0.60,0,0,8,,https://www.cruiseaway.com.au/cruises/australia/sydney,2026-05-04 08:02:46
cruises from america,AU,Australia,English,,false,false,false,true,true,false,"AI Overview, Thumbnail",80,50,0.65,0,0,1,AI Overview,https://www.cruiseaway.com.au/cruises/usa-west-coast,2026-04-26 08:10:56
cruise ship from australia to europe,AU,Australia,English,"Australia (Location), Europe (Location)",false,false,false,true,true,false,"AI Overview, Thumbnail, People also ask",10,1,0.26,0,0,1,AI Overview,https://www.cruiseaway.com.au/cruise-from-australia-to-europe,2026-04-19 09:37:32
cruise january 2024 from sydney,AU,Australia,English,Sydney (Location),false,true,false,true,true,false,"Sitelinks, Video preview",0,7,0.46,0,0,5,,https://www.cruiseaway.com.au/january-cruises,2026-05-04 17:11:53
australian cruises january 2024,AU,Australia,English,,false,false,false,true,true,false,"People also ask, Sitelinks",0,32,0.45,0,0,5,,https://www.cruiseaway.com.au/january-cruises,2026-05-09 10:19:20
australian cruises april 2024,AU,Australia,English,,false,false,false,true,true,false,"Sitelinks, People also ask",0,47,,0,0,6,,https://www.cruiseaway.com.au/april-cruises,2026-04-22 06:18:37
fremantle to singapore cruise 2024,AU,Australia,English,,false,true,false,true,true,false,"Sitelinks, People also ask",0,0,0.37,0,0,9,,https://www.cruiseaway.com.au/cruises/australia/perth,2026-04-20 18:01:03
cruises from sydney june 2023,AU,Australia,English,Sydney (Location),false,true,false,true,true,false,Sitelinks,0,6,0.54,0,0,10,,https://www.cruiseaway.com.au/cruises/australia/sydney,2026-05-09 12:03:41
3 day cruises qld,AU,Australia,English,Queensland (Location),false,true,false,true,true,false,People also ask,0,1,,0,0,11,,https://www.cruiseaway.com.au/cruises/australia/brisbane,2026-04-30 06:51:03
cruises jan 24,AU,Australia,English,,false,false,false,true,true,false,,0,31,0.45,0,0,8,,https://www.cruiseaway.com.au/january-cruises,2026-04-22 08:08:45
adelaide to fremantle cruise 2024,AU,Australia,English,,false,true,false,true,true,false,"Sitelinks, People also ask",0,0,0.35,0,0,10,,https://www.cruiseaway.com.au/cruises/australia/perth,2026-04-19 16:50:47
cruise perth to sydney 2024,AU,Australia,English,,false,true,false,true,true,false,AI Overview,0,0,,0,0,1,,https://www.cruiseaway.com.au/cruises-from-perth-fremantle-to-sydney,2026-05-06 14:21:14
cruises from sydney november 2023,AU,Australia,English,Sydney (Location),false,true,false,true,true,false,"Sitelinks, People also ask",0,34,0.45,0,0,6,,https://www.cruiseaway.com.au/cruises/australia/sydney,2026-05-04 04:28:34
singapore to brisbane cruise 2024,AU,Australia,English,,false,false,false,true,true,false,"Sitelinks, People also ask",0,0,0.45,0,0,4,,https://www.cruiseaway.com.au/cruises-from-singapore-to-australia,2026-04-24 08:43:11
cruise from sydney to vancouver 2024,AU,Australia,English,"Sydney (Location), Vancouver (Location)",false,true,false,true,true,false,Sitelinks,0,4,,0,0,2,,https://www.cruiseaway.com.au/cruises/vancouver,2026-05-03 11:13:32
cruises out of brisbane march 2024,AU,Australia,English,Brisbane (Location),false,true,false,true,true,false,Sitelinks,0,1,,0,0,7,,https://www.cruiseaway.com.au/cruises/australia/brisbane,2026-04-17 09:50:36
sydney to hobart cruise 2024,AU,Australia,English,Sydney to Hobart (Event),false,true,false,true,true,false,"Thumbnail, Sitelinks",0,0,,0,0,6,,https://www.cruiseaway.com.au/cruises/australia/tasmania,2026-04-16 01:59:43
pacific cruise from melbourne,AU,Australia,English,Melbourne (Location),false,true,false,true,true,false,"AI Overview, Thumbnail, People also ask",0,2,,0,0,1,AI Overview,https://www.cruiseaway.com.au/cruises/australia/melbourne,2026-05-07 00:20:21
one-way cruise from australia to new zealand,AU,Australia,English,"Australia (Location), New Zealand (Location)",false,false,false,true,true,false,"AI Overview, People also ask, Discussions and forums",0,0,0.45,0,0,4,,https://www.cruiseaway.com.au/cruises-from-sydney-to-new-zealand,2026-05-10 15:39:06
cruises departing sydney march 2024,AU,Australia,English,Sydney (Location),false,true,false,true,true,false,Sitelinks,0,5,,0,0,10,,https://www.cruiseaway.com.au/cruises/australia/sydney,2026-05-05 22:03:03
cruises sydney to asia 2023,AU,Australia,English,,false,true,false,true,true,false,"Top ads, Sitelinks",0,0,,0,0,7,,https://www.cruiseaway.com.au/cruise/queen-of-victoria-to-singapore-17821802,2026-04-09 17:51:53
perth to broome cruise 2023,AU,Australia,English,Perth to Broome (Event),false,true,false,true,true,false,"Thumbnail, Sitelinks, People also ask",0,0,0.38,0,0,2,,https://www.cruiseaway.com.au/cruises/australia/broome,2026-04-28 16:13:53
3 day cruise from sydney 2023,AU,Australia,English,Sydney (Location),false,true,false,true,true,false,Sitelinks,0,1,0.45,0,0,7,,https://www.cruiseaway.com.au/short-cruises,2026-04-24 04:30:29
cruises from brisbane to hawaii 2023,AU,Australia,English,"Brisbane (Location), Hawaii (Location)",false,true,false,true,true,false,"Sitelinks, People also ask",0,0,0.42,0,0,1,,https://www.cruiseaway.com.au/cruises-from-brisbane-to-hawaii,2026-04-27 20:28:58
cruises from singapore december 2023,AU,Australia,English,Singapore (Location),false,true,false,true,true,false,"Top ads, People also ask, Thumbnail, Sitelinks",0,1,0.46,0,0,6,,https://www.cruiseaway.com.au/cruises/asia/singapore,2026-04-18 10:03:02
cruises from brisbane august 2024,AU,Australia,English,Brisbane (Location),false,true,false,true,true,false,,0,0,0.45,0,0,9,,https://www.cruiseaway.com.au/cruises/australia/brisbane,2026-05-11 12:11:53
cruises from.brisbane 2024,AU,Australia,English,Brisbane (Location),false,true,false,true,true,false,,0,0,,0,0,10,,https://www.cruiseaway.com.au/cruises/australia/brisbane,2026-05-05 03:06:17
2 night cruise from sydney 2024,AU,Australia,English,Sydney (Location),false,true,false,true,true,false,Sitelinks,0,6,,0,0,5,,https://www.cruiseaway.com.au/short-cruises,2026-04-18 06:37:47
cruises july 2024 from australia,AU,Australia,English,,false,false,false,true,true,false,"AI Overview, Sitelinks",0,65,,0,0,7,,https://www.cruiseaway.com.au/,2026-04-27 23:17:59
cruise to moreton island 2024,AU,Australia,English,Moreton Island (Location),false,true,false,true,true,false,"Sitelinks, People also ask, Video preview",0,0,,0,0,2,,https://www.cruiseaway.com.au/cruises/moreton-island,2026-04-22 19:27:02
cruise sydney to fremantle 2024,AU,Australia,English,Sydney to Fremantle (Event),false,true,false,true,true,false,"People also ask, Sitelinks",0,0,0.46,0,0,5,,https://www.cruiseaway.com.au/cruises-from-sydney-to-perth,2026-04-11 13:15:02
cruise from sydney july 2024,AU,Australia,English,Sydney (Location),false,true,false,true,true,false,"Sitelinks, People also ask",0,10,,0,0,10,,https://www.cruiseaway.com.au/cruises/australia/sydney,2026-04-17 19:04:20
dream lines australia,AU,Australia,English,Australia (Location),false,false,false,true,false,false,"AI Overview, Thumbnail, People also ask, Sitelinks, Discussions and forums",0,22,,0,0,1,AI Overview,https://www.cruiseaway.com.au/about-us,2026-04-20 02:36:02
easter cruise 2024 from brisbane,AU,Australia,English,Brisbane (Location),false,true,false,true,true,false,"Sitelinks, People also ask",0,0,,0,0,10,,https://www.cruiseaway.com.au/short-cruises,2026-04-18 04:54:36
cruise deals october 2023,AU,Australia,English,,false,false,false,true,true,false,Sitelinks,0,24,0.45,0,0,5,,https://www.cruiseaway.com.au/cruises/australia/sydney,2026-04-19 21:07:07
can you cruise from australia to europe,AU,Australia,English,"Australia (Location), Europe (Location)",false,false,false,true,false,false,"AI Overview, Thumbnail, People also ask, Discussions and forums",100,0,0.35,0,0,1,AI Overview,https://www.cruiseaway.com.au/cruise-from-australia-to-europe,2026-04-18 17:43:16
new caledonia cruise 2024,AU,Australia,English,New Caledonia (Location),false,false,false,true,true,false,"Thumbnail, Sitelinks",0,0,0.45,0,0,6,,https://www.cruiseaway.com.au/cruises/south-pacific/noumea,2026-05-01 05:33:53
cruise fremantle to cairns 2024,AU,Australia,English,,false,true,false,true,true,false,Sitelinks,0,0,,0,0,3,,https://www.cruiseaway.com.au/cruises/australia/perth,2026-05-10 15:49:51
easter cruises 2024 from sydney,AU,Australia,English,Sydney (Location),false,true,false,true,true,false,Sitelinks,0,2,,0,0,10,,https://www.cruiseaway.com.au/easter-cruises-2026-from-sydney,2026-04-09 12:49:29
cruises departing melbourne 2023,AU,Australia,English,Melbourne (Location),false,true,false,true,true,false,"Sitelinks, People also ask",0,0,0.42,0,0,9,,https://www.cruiseaway.com.au/cruises/australia/melbourne,2026-04-20 00:20:27
what cruises circumnavigate australia in 2024?,AU,Australia,English,,false,false,false,true,false,false,"People also ask, Sitelinks, Video preview, Discussions and forums",0,0,,0,0,5,,https://www.cruiseaway.com.au/cruise-around-australia,2026-04-15 22:32:54
weekend cruises melbourne,AU,Australia,English,Melbourne (Location),false,true,false,true,true,false,"AI Overview, Thumbnail, Local pack",0,0,,0,0,1,AI Overview,https://www.cruiseaway.com.au/3-day-cruises-from-melbourne,2026-05-05 09:56:53
xmas cruises from brisbane 2023,AU,Australia,English,Brisbane (Location),false,true,false,true,true,false,"Sitelinks, People also ask",0,0,,0,0,1,,https://www.cruiseaway.com.au/christmas-cruises-from-brisbane,2026-05-09 07:13:22
cruises from brisbane july 2024,AU,Australia,English,Brisbane (Location),false,true,false,true,true,false,"Top ads, Paid sitelinks, People also ask, Bottom ads",0,1,,0,0,11,,https://www.cruiseaway.com.au/cruises/australia/brisbane,2026-05-01 11:41:02
cruise from sydney to tasmania 2024,AU,Australia,English,"Sydney (Location), Tasmania (Location)",false,true,false,true,true,false,"Sitelinks, People also ask",0,0,,0,0,8,,https://www.cruiseaway.com.au/cruises-sydney-to-tasmania,2026-05-11 07:34:37
brisbane to hawaii cruise 2023,AU,Australia,English,,false,true,false,true,true,false,"Sitelinks, People also ask, Bottom ads, Paid sitelinks",0,0,0.45,0,0,1,,https://www.cruiseaway.com.au/cruises-from-brisbane-to-hawaii,2026-04-18 14:46:28
australia to singapore cruise,AU,Australia,English,,false,false,false,true,true,false,"AI Overview, Thumbnail, Top ads, Paid sitelinks, People also ask, Bottom ads",80,0,0.37,0,0,1,AI Overview,https://www.cruiseaway.com.au/cruises-from-singapore-to-sydney,2026-04-20 16:38:01
cruise from melbourne jan 2024,AU,Australia,English,Melbourne (Location),false,true,false,true,true,false,"Thumbnail, People also ask, Sitelinks",0,6,,0,0,8,,https://www.cruiseaway.com.au/cruises/australia/melbourne,2026-04-23 21:01:38
cruise from sydney to new zealand 2024,AU,Australia,English,"Sydney (Location), New Zealand (Location)",false,true,false,true,true,false,"AI Overview, Thumbnail, People also ask, Sitelinks",0,0,,0,0,7,,https://www.cruiseaway.com.au/cruise/new-zealand-from-sydney-australia-with-the-carnival-splendor-16931468,2026-04-21 20:38:15
cruises from sydney to cairns 2023,AU,Australia,English,"Sydney (Location), Cairns (Location)",false,true,false,true,true,false,"Sitelinks, People also ask, Thumbnail",0,0,0.45,0,0,10,,https://www.cruiseaway.com.au/cruises/cairns,2026-05-10 21:48:13
xmas 2024 cruises,AU,Australia,English,Christmas (Event),false,false,false,true,true,false,"Top ads, Paid sitelinks, People also ask, Thumbnail, Bottom ads",0,0,,0,0,4,,https://www.cruiseaway.com.au/christmas-cruises-from-australia,2026-05-03 07:08:06
new zealand cruises 2024 from brisbane,AU,Australia,English,Brisbane (Location),false,true,false,true,true,false,Sitelinks,0,0,,0,0,5,,https://www.cruiseaway.com.au/cruises-from-brisbane-to-new-zealand,2026-04-28 10:47:54
inside passage cruises 2023,AU,Australia,English,Inside Passage (Location),false,false,false,true,true,false,"Sitelinks, People also ask",0,0,0.87,0,0,11,,https://www.cruiseaway.com.au/cruises/alaska-canada-west/inside-passage,2026-05-01 10:30:27
cruises from singapore to australia 2024,AU,Australia,English,"Singapore (Location), Australia (Location)",false,true,false,true,true,false,"Sitelinks, People also ask",0,0,0.38,0,0,1,,https://www.cruiseaway.com.au/cruises-from-singapore-to-australia,2026-05-11 03:21:50
cruize prices from sydney,AU,Australia,English,Sydney (Location),false,true,false,true,true,false,"AI Overview, Thumbnail",0,3,,0,0,9,,https://www.cruiseaway.com.au/cheap-cruises,2026-04-27 12:42:28
discounted cruises 2024,AU,Australia,English,,false,false,false,true,true,false,"AI Overview, People also ask",0,24,,0,0,9,,https://www.cruiseaway.com.au/cruises,2026-05-02 03:58:01
cruises in september 2023 from sydney,AU,Australia,English,Sydney (Location),false,true,false,true,true,false,Sitelinks,0,17,0.45,0,0,5,,https://www.cruiseaway.com.au/cruises/australia/sydney,2026-04-20 07:16:47
cruises 2024 brisbane,AU,Australia,English,Brisbane (Location),false,true,false,true,true,false,,0,0,,0,0,9,,https://www.cruiseaway.com.au/cruises/australia/brisbane,2026-05-08 19:24:21
cruise from sydney christmas 2023,AU,Australia,English,Sydney (Location),false,true,false,true,true,false,"Sitelinks, Video preview",0,0,,0,0,8,,https://www.cruiseaway.com.au/christmas-cruises,2026-04-14 15:10:17
cheap christmas cruises 2023,AU,Australia,English,,false,false,false,true,true,false,"Sitelinks, People also ask",0,0,0.52,0,0,2,,https://www.cruiseaway.com.au/christmas-cruises,2026-04-27 17:44:47
cruises hawaii to brisbane,AU,Australia,English,"Hawaii (Location), Brisbane (Location)",false,true,false,true,true,false,"Top ads, Paid sitelinks, Thumbnail, People also ask, Video preview",0,0,,0,0,2,,https://www.cruiseaway.com.au/cruises-from-brisbane-to-hawaii,2026-05-08 04:42:24
cruises from melbourne march 2024,AU,Australia,English,Melbourne (Location),false,true,false,true,true,false,"Sitelinks, People also ask, Thumbnail, Bottom ads, Paid sitelinks",0,6,,0,0,10,,https://www.cruiseaway.com.au/cruises/australia/melbourne,2026-04-15 13:42:28
cruise sydney to europe 2024,AU,Australia,English,,false,true,false,true,true,false,"Sitelinks, People also ask, Thumbnail, Bottom ads, Paid sitelinks",0,3,,0,0,6,,https://www.cruiseaway.com.au/cruise-from-australia-to-europe,2026-04-24 08:01:02
cruises from sydney to japan 2024,AU,Australia,English,"Sydney (Location), Japan (Location)",false,true,false,true,true,false,"Sitelinks, Bottom ads, Paid sitelinks",0,0,,0,0,3,,https://www.cruiseaway.com.au/travelzoo-exclusive-sydney-to-japan,2026-04-15 04:01:32
3 night cruise from sydney 2024,AU,Australia,English,Sydney (Location),false,true,false,true,true,false,Sitelinks,0,3,,0,0,3,,https://www.cruiseaway.com.au/short-cruises,2026-04-20 06:33:28
cruise from hawaii to australia 2023,AU,Australia,English,"Hawaii (Location), Australia (Location)",false,true,false,true,true,true,"Sitelinks, People also ask, Thumbnail",0,0,0.46,0,0,8,,https://www.cruiseaway.com.au/honolulu-to-sydney-cruise,2026-05-05 15:54:57
cruises leaving perth 2024,AU,Australia,English,Perth (Location),false,true,false,true,true,false,Sitelinks,0,3,,0,0,2,,https://www.cruiseaway.com.au/cruises/australia/perth,2026-05-03 14:53:28
cruises from sydney in june 2023,AU,Australia,English,Sydney (Location),false,true,false,true,true,false,"Top ads, Paid sitelinks, Sitelinks, People also ask, Thumbnail",0,4,,0,0,9,,https://www.cruiseaway.com.au/cruises/australia/sydney,2026-04-19 00:10:02
cruise honolulu to brisbane,AU,Australia,English,,false,false,false,true,true,false,"People also ask, Video preview",0,0,0.42,0,0,9,,https://www.cruiseaway.com.au/cruises-from-brisbane-to-hawaii,2026-04-15 12:01:06
fiji cruise 2024,AU,Australia,English,,false,false,false,true,true,false,Sitelinks,0,12,0.51,0,0,5,,https://www.cruiseaway.com.au/cruises-from-sydney-to-fiji,2026-04-28 07:35:56
cruise from sydney to perth 2024,AU,Australia,English,"Sydney (Location), Perth (Location)",false,true,false,true,true,false,"Sitelinks, People also ask",0,0,0.43,0,0,1,,https://www.cruiseaway.com.au/cruises-from-sydney-to-perth,2026-05-02 12:56:02
cruises from fremantle to singapore 2024,AU,Australia,English,"Fremantle (Location), Singapore (Location)",false,true,false,true,true,false,"Sitelinks, People also ask",0,0,,0,0,7,,https://www.cruiseaway.com.au/cruises/australia/perth,2026-04-15 04:21:21
cruises from brisbane easter 2024,AU,Australia,English,Brisbane (Location),false,true,false,true,true,false,"Thumbnail, People also ask",0,12,,0,0,9,,https://www.cruiseaway.com.au/cruises/australia/brisbane,2026-04-23 21:08:05
cruises from australia to asia 2023,AU,Australia,English,Asia (Location),false,false,false,true,true,false,"Top ads, Paid sitelinks, Sitelinks, Thumbnail, People also ask",0,0,0.49,0,0,8,,https://www.cruiseaway.com.au/cruise/south-east-asia-from-sydney-australia-with-the-vista-18766736,2026-04-25 12:44:28
cruises from newcastle nsw 2023,AU,Australia,English,"Newcastle, NSW (Location)",false,true,false,true,true,false,"Sitelinks, People also ask, Thumbnail",0,0,0.46,0,0,3,,https://www.cruiseaway.com.au/cruises/australia/newcastle,2026-05-10 14:37:24
cruise sydney to vancouver 2024,AU,Australia,English,,false,false,false,true,true,false,"AI Overview, Sitelinks",0,0,0.52,0,0,3,,https://www.cruiseaway.com.au/cruises/vancouver,2026-04-14 19:42:41
lembar,AU,Australia,Indonesian,Lembar (Location),false,true,false,true,false,false,"AI Overview, Thumbnail, Knowledge card, People also ask",50,0,,0,0,1,AI Overview,https://www.cruiseaway.com.au/cruises/asia/lembar,2026-04-12 22:47:18
new year's cruise 2023,AU,Australia,English,,false,false,false,true,true,false,"Thumbnail, Sitelinks",0,1,0.61,0,0,9,,https://www.cruiseaway.com.au/new-years-eve-cruises,2026-04-27 23:25:53
cruises january 2024 from sydney,AU,Australia,English,Sydney (Location),false,true,false,true,true,false,Sitelinks,0,7,,0,0,5,,https://www.cruiseaway.com.au/january-cruises,2026-04-25 01:52:38
cruises 2024 deals,AU,Australia,English,,false,false,false,true,true,false,Sitelinks,0,35,,0,0,9,,https://www.cruiseaway.com.au/cruises,2026-04-25 10:34:04
broome cruises,AU,Australia,English,Broome (Location),false,true,false,true,true,false,"People also ask, Knowledge panel",200,3,0.59,0,0,10,People also ask,https://www.cruiseaway.com.au/cruises/australia/broome,2026-05-07 04:08:36
melbourne to sydney cruise 2024,AU,Australia,English,,false,true,false,true,true,false,"Sitelinks, People also ask",0,36,,0,0,6,,https://www.cruiseaway.com.au/melbourne-to-sydney-cruise,2026-04-17 08:19:28
"fly, stay & cruise packages 2024",AU,Australia,English,,false,false,false,true,true,false,Sitelinks,0,2,,0,0,1,,https://www.cruiseaway.com.au/fly-cruises,2026-04-10 20:03:58
sampler cruises from brisbane,AU,Australia,English,Brisbane (Location),false,true,false,true,true,false,"AI Overview, Sitelinks, People also ask",0,0,,0,0,10,,https://www.cruiseaway.com.au/short-cruises,2026-04-20 02:20:52
nz cruises 2023,AU,Australia,English,,false,false,false,true,true,false,"Sitelinks, People also ask, Video preview",0,1,0.52,0,0,11,,https://www.cruiseaway.com.au/cruises/new-zealand,2026-05-08 10:48:07
cruise from sydney may 2023,AU,Australia,English,Sydney (Location),false,true,false,true,true,false,"Sitelinks, People also ask, Bottom ads, Paid sitelinks",0,10,,0,0,10,,https://www.cruiseaway.com.au/cruises/australia/sydney,2026-04-27 11:42:54
cruise from sydney to singapore 2023,AU,Australia,English,"Sydney (Location), Singapore (Location)",false,true,false,true,true,false,"Sitelinks, People also ask, Thumbnail",0,0,0.44,0,0,8,,https://www.cruiseaway.com.au/cruise/queen-of-victoria-to-singapore-17821802,2026-05-05 16:46:53
28 day cruise around australia 2024 from sydney,AU,Australia,English,Sydney (Location),false,true,false,true,true,false,"Sitelinks, People also ask",0,4,,0,0,2,,https://www.cruiseaway.com.au/28-day-cruise-around-australia,2026-04-27 08:28:15
cruises from brisbane january 2023,AU,Australia,English,Brisbane (Location),false,true,false,true,true,false,"Sitelinks, People also ask",0,0,0.45,0,0,10,,https://www.cruiseaway.com.au/cruises/australia/brisbane,2026-04-15 22:14:10
cruises from brisbane to fiji 2023,AU,Australia,English,"Brisbane (Location), Fiji (Location)",false,true,false,true,true,false,"Sitelinks, People also ask",0,0,0.35,0,0,11,,https://www.cruiseaway.com.au/cruises-to-fiji,2026-05-11 07:10:27
cruises from sydney dec 2024,AU,Australia,English,Sydney (Location),false,true,false,true,true,false,"Sitelinks, People also ask",0,10,,0,0,10,,https://www.cruiseaway.com.au/short-cruises,2026-05-02 16:24:53
south australian cruises,AU,Australia,English,South Australia (Location),false,true,false,true,true,false,"AI Overview, Thumbnail, People also ask",150,2,,0,0,1,AI Overview,https://www.cruiseaway.com.au/cruises/adelaide,2026-05-11 03:44:19
3 day cruises from brisbane 2023,AU,Australia,English,Brisbane (Location),false,true,false,true,true,false,"Sitelinks, Thumbnail",0,0,0.35,0,0,10,,https://www.cruiseaway.com.au/cruises/australia/brisbane,2026-05-08 13:21:52
cruise nz 2023,AU,Australia,English,New Zealand (Location),false,false,false,true,true,false,"Sitelinks, People also ask, Video preview",0,0,0.52,0,0,11,,https://www.cruiseaway.com.au/cruises/new-zealand,2026-04-24 03:24:04
cruise deals jan 2024,AU,Australia,English,,false,false,false,true,true,false,Sitelinks,0,49,,0,0,9,,https://www.cruiseaway.com.au/january-cruises,2026-04-28 06:39:02
sydney to vancouver cruise 2024,AU,Australia,English,,false,false,false,true,true,false,"Sitelinks, People also ask",0,0,0.50,0,0,1,,https://www.cruiseaway.com.au/cruises/vancouver,2026-05-04 18:21:38
cruise from australia 2024,AU,Australia,English,Australia (Location),false,false,false,true,true,false,"Sitelinks, Video preview, People also ask",0,24,0.45,0,0,7,,https://www.cruiseaway.com.au/,2026-05-09 16:30:16
christmas 2023 cruises,AU,Australia,English,Christmas (Event),false,false,false,true,true,false,"People also ask, Sitelinks",0,0,0.61,0,0,8,,https://www.cruiseaway.com.au/xmas-cruises-to-new-zealand,2026-05-07 11:04:26
cruises to papua new guinea 2024,AU,Australia,English,Papua New Guinea (Location),false,false,false,true,true,false,"Sitelinks, Thumbnail, People also ask",0,1,0.49,0,0,11,,https://www.cruiseaway.com.au/cruises/papua-new-guinea,2026-04-29 10:18:02
cruises leaving from melbourne 2023,AU,Australia,English,Melbourne (Location),false,true,false,true,true,false,Sitelinks,0,1,0.46,0,0,6,,https://www.cruiseaway.com.au/cruises/australia/melbourne,2026-05-08 06:15:27
sydney to fiji cruise 2024,AU,Australia,English,,false,true,false,true,true,false,"Sitelinks, Thumbnail, Bottom ads, Paid sitelinks",0,0,,0,0,1,,https://www.cruiseaway.com.au/cruises-from-sydney-to-fiji,2026-04-30 17:33:28
family cruises australia 2024,AU,Australia,English,Australia (Location),false,true,false,true,true,false,"Sitelinks, Thumbnail, People also ask",0,0,,0,0,4,,https://www.cruiseaway.com.au/family-cruises,2026-05-02 19:37:17
2024 cruises from fremantle,AU,Australia,English,Fremantle (Location),false,true,false,true,true,false,"AI Overview, Thumbnail, Sitelinks, People also ask",0,2,0.41,0,0,1,AI Overview,https://www.cruiseaway.com.au/cruises/australia/perth,2026-04-15 15:39:41
cruises from singapore to brisbane 2024,AU,Australia,English,"Singapore (Location), Brisbane (Location)",false,true,false,true,true,false,"Top ads, Paid sitelinks, Thumbnail, People also ask, Sitelinks, Discussions and forums",0,0,,0,0,10,,https://www.cruiseaway.com.au/cruises-from-singapore-to-australia,2026-05-02 00:24:54
hawaiian island cruises 2023,AU,Australia,English,,false,false,false,true,true,false,"Sitelinks, People also ask",0,1,0.52,0,0,9,,https://www.cruiseaway.com.au/cruise-to-hawaii-from-australia,2026-04-24 23:45:18
japan cruises 2024 from tokyo,AU,Australia,English,Tokyo (Location),false,true,false,true,true,false,Sitelinks,0,0,0.74,0,0,8,,https://www.cruiseaway.com.au/cruises/asia/yokohama-tokyo,2026-04-18 11:03:27
cruise from singapore to sydney 2024,AU,Australia,English,"Singapore (Location), Sydney (Location)",false,true,false,true,true,false,"Sitelinks, People also ask",0,0,,0,0,1,,https://www.cruiseaway.com.au/cruises-from-singapore-to-sydney,2026-05-06 08:04:16
cruise lines australia,AU,Australia,English,Australia (Location),false,true,false,true,true,false,"AI Overview, Thumbnail, People also ask, Discussions and forums",500,48,0.50,0,0,1,AI Overview,https://www.cruiseaway.com.au/cruises/australia,2026-04-18 06:23:15
cruises from sydney september 2023,AU,Australia,English,Sydney (Location),false,true,false,true,true,false,"Sitelinks, People also ask",0,38,0.45,0,0,7,,https://www.cruiseaway.com.au/cruises/australia/sydney,2026-04-21 01:20:45
bali cruises 2024,AU,Australia,English,Bali (Location),false,true,false,true,true,false,"Thumbnail, Sitelinks, People also ask, Bottom ads, Paid sitelinks",0,0,0.46,0,0,5,,https://www.cruiseaway.com.au/cruises/asia/bali,2026-05-05 21:03:52
hong kong to sydney cruise 2024,AU,Australia,English,,false,false,false,true,true,false,"Top ads, People also ask, Sitelinks",0,0,,0,0,11,,https://www.cruiseaway.com.au/cruises/asia/hong-kong,2026-04-20 03:11:28
cruises from brisbane november 2024,AU,Australia,English,Brisbane (Location),false,true,false,true,true,false,,0,0,,0,0,9,,https://www.cruiseaway.com.au/cruises/australia/brisbane,2026-04-21 01:34:03
world cruise from sydney 2024,AU,Australia,English,Sydney (Location),false,true,false,true,true,false,"Sitelinks, People also ask, Video preview",0,0,,0,0,9,,https://www.cruiseaway.com.au/cruise/round-the-world-trip-from-sydney-australia-with-the-crown-princess-17920797,2026-05-06 07:09:31
world cruises from sydney 2023,AU,Australia,English,Sydney (Location),false,true,false,true,true,false,AI Overview,0,0,0.37,0,0,10,,https://www.cruiseaway.com.au/princess-cruises-half-world-cruise-and-liners-2026,2026-05-08 14:23:51
cruises from melbourne november 2023,AU,Australia,English,Melbourne (Location),false,true,false,true,true,false,"Top ads, Sitelinks, People also ask",0,7,,0,0,10,,https://www.cruiseaway.com.au/cruises/australia/melbourne,2026-04-23 06:27:47
cruises from brisbane october 2024,AU,Australia,English,Brisbane (Location),false,true,false,true,true,false,AI Overview,0,0,0.45,0,0,10,,https://www.cruiseaway.com.au/cruises/australia/brisbane,2026-05-09 06:42:49
new years eve cruises 2023,AU,Australia,English,,false,false,false,true,true,true,"Thumbnail, Sitelinks, People also ask",0,0,0.52,0,0,10,,https://www.cruiseaway.com.au/new-years-eve-cruises,2026-05-05 17:45:26
cruises from melbourne september 2023,AU,Australia,English,Melbourne (Location),false,true,false,true,true,false,"Sitelinks, Thumbnail, People also ask",0,1,,0,0,7,,https://www.cruiseaway.com.au/cruises/australia/melbourne,2026-05-11 08:53:02
perth to broome cruise 2024,AU,Australia,English,,false,true,false,true,true,false,"Sitelinks, People also ask",0,0,,0,0,4,,https://www.cruiseaway.com.au/cruises/australia/broome,2026-04-25 15:28:53
christmas cruise brisbane 2023,AU,Australia,English,Brisbane (Location),false,true,false,true,true,false,Sitelinks,0,0,,0,0,1,,https://www.cruiseaway.com.au/christmas-cruises-from-brisbane,2026-04-27 10:01:38
short cruises from sydney november 2023,AU,Australia,English,Sydney (Location),false,true,false,true,true,false,Thumbnail,0,3,0.45,0,0,3,,https://www.cruiseaway.com.au/short-cruises,2026-04-16 01:41:32
hawaii to brisbane cruise 2024,AU,Australia,English,,false,false,false,true,true,false,"People also ask, Sitelinks, Bottom ads",0,0,0.46,0,0,10,,https://www.cruiseaway.com.au/cruises-from-brisbane-to-hawaii,2026-04-23 18:31:13
australian cruises september 2023,AU,Australia,English,,false,false,false,true,true,false,"Sitelinks, People also ask, Thumbnail",0,12,0.46,0,0,9,,https://www.cruiseaway.com.au/september-cruises,2026-04-14 20:17:06
cruise ship tours australia,AU,Australia,English,Australia (Location),false,true,false,true,true,false,"AI Overview, Thumbnail, People also ask, Discussions and forums",10,68,,0,0,1,AI Overview,https://www.cruiseaway.com.au/cruises/australia,2026-05-01 09:13:02
cruise singapore to brisbane 2024,AU,Australia,English,,false,false,false,true,true,false,"Top ads, Paid sitelinks, Thumbnail, People also ask, Sitelinks, Bottom ads",0,0,0.46,0,0,11,,https://www.cruiseaway.com.au/cruises-from-singapore-to-australia,2026-05-02 04:52:36
easter cruises 2023 from sydney,AU,Australia,,,false,false,false,false,false,false,Sitelinks,,0,,0,0,6,,https://www.cruiseaway.com.au/easter-cruises-2026-from-sydney,2026-04-10 00:54:19
cruise to singapore 2024,AU,Australia,English,Singapore (Location),false,false,false,true,true,false,"AI Overview, People also ask, Video preview",0,1,,0,0,7,,https://www.cruiseaway.com.au/cruises/asia/singapore,2026-05-10 06:13:55
cruises from sydney february 2023,AU,Australia,English,,false,true,false,true,true,false,"Sitelinks, People also ask",0,9,1.00,0,0,10,,https://www.cruiseaway.com.au/cruises/australia/sydney,2026-04-23 13:12:02
cruises from singapore to sydney 2024,AU,Australia,English,"Singapore (Location), Sydney (Location)",false,true,false,true,true,false,"Top ads, Paid sitelinks, Thumbnail, Sitelinks, People also ask, Bottom ads",0,0,,0,0,2,,https://www.cruiseaway.com.au/cruises-from-singapore-to-sydney,2026-04-27 23:41:28
brisbane cruises september 2023,AU,Australia,English,Brisbane (Location),false,true,false,true,true,false,"Sitelinks, People also ask",0,0,,0,0,10,,https://www.cruiseaway.com.au/cruises/australia/brisbane,2026-04-23 15:01:07
3 day cruise 2024,AU,Australia,English,,false,false,false,true,true,false,"Sitelinks, Video preview",0,4,,0,0,3,,https://www.cruiseaway.com.au/short-cruises,2026-04-24 09:40:08
cruises from melbourne to new zealand 2023,AU,Australia,English,"Melbourne (Location), New Zealand (Location)",false,true,false,true,true,false,"AI Overview, People also ask",0,0,0.45,0,0,2,,https://www.cruiseaway.com.au/cruises-from-melbourne-to-new-zealand,2026-05-01 20:08:26
cruises to fiji from sydney 2024,AU,Australia,English,"Fiji (Location), Sydney (Location)",false,true,false,true,true,false,Sitelinks,0,0,0.46,0,0,1,,https://www.cruiseaway.com.au/cruises-from-sydney-to-fiji,2026-05-04 07:17:36
5 day cruise from sydney 2023,AU,Australia,English,Sydney (Location),false,true,false,true,true,false,"AI Overview, Sitelinks",0,2,0.35,0,0,9,,https://www.cruiseaway.com.au/short-cruises,2026-04-16 04:07:16
cruises from brisbane august 2023,AU,Australia,English,Brisbane (Location),false,true,false,true,true,false,"Sitelinks, People also ask",0,1,0.40,0,0,8,,https://www.cruiseaway.com.au/cruises/australia/brisbane,2026-05-04 23:25:53
cheap cruises from sydney 2023,AU,Australia,English,Sydney (Location),false,true,false,true,true,false,"Sitelinks, People also ask",0,11,0.48,0,0,4,,https://www.cruiseaway.com.au/cheap-cruises,2026-04-15 08:32:49
cruise from europe to australia 2024,AU,Australia,English,Australia (Location),false,false,false,true,true,false,"People also ask, Sitelinks",0,23,,0,0,11,,https://www.cruiseaway.com.au/,2026-04-10 04:08:56
cruises to new zealand from brisbane 2024,AU,Australia,English,"New Zealand (Location), Brisbane (Location)",false,true,false,true,true,false,"Sitelinks, People also ask, Thumbnail, Bottom ads, Paid sitelinks",0,9,0.45,0,0,1,,https://www.cruiseaway.com.au/cruises-from-brisbane-to-new-zealand,2026-04-16 06:34:53
cruises around tasmania 2024,AU,Australia,English,Tasmania (Location),false,true,false,true,true,false,"People also ask, Thumbnail, Sitelinks",0,0,,0,0,5,,https://www.cruiseaway.com.au/cruises/australia/tasmania,2026-05-07 23:02:48
cruises dec 2023,AU,Australia,English,,false,false,false,true,true,false,Sitelinks,0,0,0.52,0,0,6,,https://www.cruiseaway.com.au/cruises/australia/sydney,2026-04-22 09:52:17
cruises feb 2024 australia,AU,Australia,English,Australia (Location),false,true,false,true,true,false,"Sitelinks, People also ask",0,29,0.45,0,0,10,,https://www.cruiseaway.com.au/cruises/australia,2026-04-11 12:08:28
south australia cruise ship,AU,Australia,English,South Australia (Location),false,true,false,true,true,false,People also ask,0,1,,0,0,8,,https://www.cruiseaway.com.au/cruises/adelaide,2026-04-09 13:00:32
cruise from sydney to tasmania 2023,AU,Australia,English,"Sydney (Location), Tasmania (Location)",false,true,false,true,true,false,"Sitelinks, People also ask",0,0,0.46,0,0,10,,https://www.cruiseaway.com.au/cruises/australia/tasmania,2026-05-03 11:30:28
cruises australia april 2024,AU,Australia,English,Australia (Location),false,true,false,true,true,true,"AI Overview, People also ask",0,37,0.45,0,0,2,,https://www.cruiseaway.com.au/april-cruises,2026-05-04 11:43:44
cruises from sydney to new zealand december 2023,AU,Australia,English,"Sydney (Location), New Zealand (Location)",false,true,false,true,true,false,"Sitelinks, People also ask",0,3,,0,0,7,,https://www.cruiseaway.com.au/cruises-from-sydney-to-new-zealand,2026-04-20 09:26:14
last minute cruises perth,AU,Australia,English,Perth (Location),false,true,false,true,true,true,"AI Overview, Thumbnail, People also ask, Bottom ads, Paid sitelinks",0,0,,0,0,1,AI Overview,https://www.cruiseaway.com.au/cruises/australia/perth,2026-04-21 17:54:53
adults-only cruises australia 2024,AU,Australia,English,Australia (Location),false,true,false,true,true,false,"People also ask, Sitelinks, Thumbnail, Bottom ads",0,12,,0,0,5,,https://www.cruiseaway.com.au/cruises/adult-only-virgin-voyages,2026-04-27 21:41:06
cruise singapore to australia 2023,AU,Australia,English,,false,false,false,true,true,false,"Sitelinks, Thumbnail, People also ask",0,0,0.54,0,0,1,,https://www.cruiseaway.com.au/cruises-from-singapore-to-australia,2026-04-27 16:30:41
cruises from sydney 2023 december,AU,Australia,English,Sydney (Location),false,true,false,true,true,false,Sitelinks,0,10,,0,0,8,,https://www.cruiseaway.com.au/cruises/australia/sydney,2026-04-26 12:01:28
3 day cruises from adelaide 2024,AU,Australia,English,Adelaide (Location),false,true,false,true,true,false,"AI Overview, Thumbnail, Sitelinks, People also ask",0,1,,0,0,10,,https://www.cruiseaway.com.au/short-cruises,2026-04-24 03:22:28
cruises in july 2024 from sydney,AU,Australia,English,Sydney (Location),false,true,false,true,true,false,,0,10,,0,0,9,,https://www.cruiseaway.com.au/cruises/australia/sydney,2026-05-06 14:00:04
australian christmas cruises 2023,AU,Australia,English,,false,false,false,true,true,false,"Sitelinks, Thumbnail",0,0,0.71,0,0,8,,https://www.cruiseaway.com.au/christmas-cruises,2026-05-06 07:06:49
sydney cruises march 2024,AU,Australia,English,Sydney (Location),false,true,false,true,true,false,Sitelinks,0,5,,0,0,9,,https://www.cruiseaway.com.au/cruises/australia/sydney,2026-04-16 12:09:17
cheap cruises from brisbane 2023,AU,Australia,English,Brisbane (Location),false,true,false,true,true,false,"Sitelinks, Thumbnail",0,2,0.43,0,0,2,,https://www.cruiseaway.com.au/cheap-cruises-from-brisbane,2026-04-10 00:45:03
cruises 2023 from melbourne,AU,Australia,English,Melbourne (Location),false,true,false,true,true,false,"Thumbnail, Sitelinks",0,1,0.50,0,0,7,,https://www.cruiseaway.com.au/cruises/australia/melbourne,2026-04-23 20:39:02
cruises from brisbane to cairns 2023,AU,Australia,English,"Brisbane (Location), Cairns (Location)",false,true,false,true,true,false,"Sitelinks, People also ask",0,0,0.35,0,0,10,,https://www.cruiseaway.com.au/cruise-from-brisbane-to-cairns,2026-04-15 13:55:28
honolulu to sydney cruise 2023,AU,Australia,English,,false,true,false,true,true,false,"Sitelinks, People also ask",0,0,0.59,0,0,1,,https://www.cruiseaway.com.au/honolulu-to-sydney-cruise,2026-05-11 08:06:00
cruise sydney december 2023,AU,Australia,English,Sydney (Location),false,true,false,true,true,false,Sitelinks,0,10,,0,0,8,,https://www.cruiseaway.com.au/cruises/australia/sydney,2026-04-25 11:06:31
cruises from new zealand 2023,AU,Australia,English,New Zealand (Location),false,true,false,true,true,false,"AI Overview, People also ask",0,25,0.54,0,0,10,,https://www.cruiseaway.com.au/cruises/new-zealand,2026-05-09 18:03:22
cruises from brisbane april 2023,AU,Australia,English,Brisbane (Location),false,true,false,true,true,false,Sitelinks,0,1,0.35,0,0,9,,https://www.cruiseaway.com.au/cruises/australia/brisbane,2026-04-22 00:45:32
cruises ex sydney 2023,AU,Australia,English,Sydney (Location),false,true,false,true,true,false,"AI Overview, Sitelinks, People also ask",0,34,0.41,0,0,10,,https://www.cruiseaway.com.au/cruises/australia/sydney,2026-04-27 17:22:21
short christmas cruises 2023,AU,Australia,English,,false,false,false,true,true,false,"Sitelinks, People also ask, Thumbnail",0,0,,0,0,5,,https://www.cruiseaway.com.au/christmas-cruises,2026-04-16 11:28:02
christmas cruise 2023 from sydney,AU,Australia,English,Sydney (Location),false,true,false,true,true,false,"Sitelinks, People also ask",0,0,0.46,0,0,9,,https://www.cruiseaway.com.au/christmas-cruises,2026-04-18 16:55:46
cruises from brisbane jan 2024,AU,Australia,English,Brisbane (Location),false,true,false,true,true,false,,0,0,,0,0,8,,https://www.cruiseaway.com.au/cruises/australia/brisbane,2026-04-16 20:00:17
cruise september 2023 australia,AU,Australia,English,Australia (Location),false,true,false,true,true,false,"Sitelinks, People also ask",0,7,,0,0,8,,https://www.cruiseaway.com.au/cruises/australia/sydney,2026-04-14 02:29:17
cruises new years eve 2023,AU,Australia,English,,false,false,false,true,true,false,Sitelinks,0,3,0.49,0,0,1,,https://www.cruiseaway.com.au/new-years-eve-cruises,2026-04-29 09:09:02
cruises departing cairns 2023,AU,Australia,English,Cairns (Location),false,true,false,true,true,false,"Top ads, Paid sitelinks, Sitelinks, People also ask",0,1,0.44,0,0,7,,https://www.cruiseaway.com.au/cruises/australia/cairns,2026-04-20 21:52:27
new zealand cruises from brisbane 2023,AU,Australia,English,Brisbane (Location),false,true,false,true,true,false,"Thumbnail, Sitelinks, People also ask",0,0,0.44,0,0,11,,https://www.cruiseaway.com.au/cruises-from-brisbane-to-new-zealand,2026-05-06 19:20:48
cruises to new zealand from sydney 2023,AU,Australia,English,"New Zealand (Location), Sydney (Location)",false,true,false,true,true,false,"AI Overview, People also ask",0,0,1.04,0,0,1,AI Overview,https://www.cruiseaway.com.au/cruises-from-sydney-to-new-zealand,2026-05-11 04:42:28
repositioning cruises from australia 2023,AU,Australia,English,,false,false,false,true,true,false,"Sitelinks, People also ask, Bottom ads, Paid sitelinks",0,1,0.28,0,0,4,,https://www.cruiseaway.com.au/repositioning-cruises,2026-04-27 20:34:18
cruise from barcelona 2024,AU,Australia,English,Barcelona (Location),false,true,false,true,true,false,"Sitelinks, People also ask",0,0,,0,0,8,,https://www.cruiseaway.com.au/cruise/mediterranean-sea-from-barcelona-spain-with-the-sun-princess-18636248,2026-04-24 17:36:36
last minute cruises australia 2023,AU,Australia,English,Australia (Location),false,true,false,true,true,true,"Sitelinks, Thumbnail",0,5,0.44,0,0,3,,https://www.cruiseaway.com.au/last-minute-cruises,2026-04-14 17:53:55
cruises 2024 from australia,AU,Australia,English,Australia (Location),false,true,false,true,true,true,Sitelinks,0,45,,0,0,5,,https://www.cruiseaway.com.au/,2026-05-06 15:16:30
cruise in january 2024,AU,Australia,English,,false,false,false,true,true,false,"People also ask, Thumbnail, Sitelinks, Bottom ads, Paid sitelinks",0,44,0.45,0,0,8,,https://www.cruiseaway.com.au/january-cruises,2026-05-01 02:23:02
cruises july 2024 australia,AU,Australia,English,Australia (Location),false,true,false,true,true,false,"Sitelinks, People also ask",0,15,,0,0,9,,https://www.cruiseaway.com.au/short-cruises,2026-04-10 01:20:08
western australia cruises 2023,AU,Australia,English,Western Australia (Location),false,true,false,true,true,false,Sitelinks,0,1,0.53,0,0,4,,https://www.cruiseaway.com.au/cruises/australia/perth,2026-04-22 00:29:27
christmas cruises 2023 from brisbane,AU,Australia,English,Brisbane (Location),false,true,false,true,true,false,Sitelinks,0,0,0.45,0,0,3,,https://www.cruiseaway.com.au/christmas-cruises-from-brisbane,2026-04-09 19:41:02
7 day cruises from sydney 2023,AU,Australia,English,Sydney (Location),false,true,false,true,true,false,"AI Overview, Sitelinks",0,4,0.47,0,0,1,,https://www.cruiseaway.com.au/7-day-cruises-from-sydney,2026-04-18 12:00:32
cruises newcastle,AU,Australia,English,Newcastle (Location),false,true,false,true,true,false,"AI Overview, Thumbnail, Top ads, Knowledge panel, People also ask, Bottom ads",100,7,0.34,0,2,1,AI Overview,https://www.cruiseaway.com.au/cruises/australia/newcastle,2026-05-01 23:35:53
christmas cruise 2023 australia,AU,Australia,English,Australia (Location),false,true,false,true,true,false,"Sitelinks, People also ask",0,0,0.45,0,0,11,,https://www.cruiseaway.com.au/christmas-cruises,2026-04-18 21:41:40
cruises from australia september 2023,AU,Australia,English,Australia (Location),false,false,false,true,true,false,"Sitelinks, People also ask",0,35,0.45,0,0,6,,https://www.cruiseaway.com.au/september-cruises,2026-04-29 22:49:17
cruise australia to japan 2024,AU,Australia,English,,false,false,false,true,true,false,"Sitelinks, People also ask",0,0,,0,0,6,,https://www.cruiseaway.com.au/travelzoo-exclusive-sydney-to-japan,2026-05-10 03:58:14
cruises to papua new guinea from sydney,AU,Australia,English,"Papua New Guinea (Location), Sydney (Location)",false,true,false,true,true,false,"Top ads, Paid sitelinks, AI Overview, Thumbnail, People also ask, Bottom ads",30,0,,0,0,1,AI Overview,https://www.cruiseaway.com.au/cruises/papua-new-guinea,2026-05-05 16:59:58
cruises may 2024 from brisbane,AU,Australia,English,Brisbane (Location),false,true,false,true,true,false,,0,0,,0,0,7,,https://www.cruiseaway.com.au/cruises/australia/brisbane,2026-05-01 21:23:20
cruises from melbourne january 2024,AU,Australia,English,Melbourne (Location),false,true,false,true,true,false,"AI Overview, People also ask",0,22,0.43,0,0,8,,https://www.cruiseaway.com.au/cruises/australia/melbourne,2026-05-07 05:56:05
3 day cruises from sydney 2023,AU,Australia,English,Sydney (Location),false,true,false,true,true,false,AI Overview,0,1,0.45,0,0,8,,https://www.cruiseaway.com.au/short-cruises,2026-05-09 21:52:10
australia to europe cruise,AU,Australia,English,,false,false,false,true,true,false,"AI Overview, Thumbnail, People also ask",150,18,0.45,0,0,1,AI Overview,https://www.cruiseaway.com.au/cruise-from-australia-to-europe,2026-04-10 00:58:21
5 day cruise from sydney 2024,AU,Australia,English,Sydney (Location),false,true,false,true,true,false,Sitelinks,0,3,0.34,0,0,10,,https://www.cruiseaway.com.au/short-cruises,2026-04-17 06:24:02
cruise singapore to sydney 2024,AU,Australia,English,,false,false,false,true,true,false,"Top ads, Paid sitelinks, Sitelinks, People also ask, Bottom ads",0,0,0.44,0,0,1,,https://www.cruiseaway.com.au/cruises-from-singapore-to-sydney,2026-05-01 22:20:02
short cruise from sydney 2023,AU,Australia,English,Sydney (Location),false,true,false,true,true,false,AI Overview,0,3,0.45,0,0,5,,https://www.cruiseaway.com.au/short-cruises,2026-05-09 16:57:59
cruise singapore to perth 2024,AU,Australia,English,,false,false,false,true,true,false,"Sitelinks, Thumbnail, People also ask",0,0,,0,0,5,,https://www.cruiseaway.com.au/exclusive-singapore-perth-with-travelzoo,2026-05-11 08:05:02
cruises from brisbane in january 2024,AU,Australia,English,Brisbane (Location),false,true,false,true,true,false,"People also ask, Thumbnail",0,0,,0,0,10,,https://www.cruiseaway.com.au/cruises/australia/brisbane,2026-04-22 17:13:17
cruises from.sydney 2024,AU,Australia,English,Sydney (Location),false,true,false,true,true,false,"AI Overview, People also ask",0,5,0.46,0,0,11,,https://www.cruiseaway.com.au/cruises/australia/sydney,2026-05-09 22:59:25
cruise deals september 2023,AU,Australia,English,,false,false,false,true,true,false,"AI Overview, Thumbnail, Sitelinks, People also ask",0,33,0.45,0,0,1,AI Overview,https://www.cruiseaway.com.au/september-cruises,2026-05-08 01:49:19
cruise sydney to tasmania 2024,AU,Australia,English,,false,true,false,true,true,false,"People also ask, Sitelinks",0,0,,0,0,10,,https://www.cruiseaway.com.au/cruises/tasmania-cruises,2026-04-25 02:31:32
cruises leaving sydney 2023,AU,Australia,English,Sydney (Location),false,true,false,true,true,false,"Top ads, Paid sitelinks, Sitelinks",0,6,0.51,0,0,8,,https://www.cruiseaway.com.au/cruises/australia/sydney,2026-04-27 02:09:28
cruises departing melbourne 2024,AU,Australia,English,Melbourne (Location),false,true,false,true,true,false,"People also ask, Thumbnail, Sitelinks",0,2,0.46,0,0,8,,https://www.cruiseaway.com.au/cruises/australia/melbourne,2026-04-14 13:18:39
cruises from brisbane feb 2024,AU,Australia,English,Brisbane (Location),false,true,false,true,true,false,,0,0,,0,0,10,,https://www.cruiseaway.com.au/cruises/australia/brisbane,2026-05-02 22:58:56
cruises from hawaii to sydney 2023,AU,Australia,English,"Hawaii (Location), Sydney (Location)",false,true,false,true,true,false,"Sitelinks, People also ask, Video preview",0,0,0.42,0,0,3,,https://www.cruiseaway.com.au/honolulu-to-sydney-cruise,2026-04-21 20:16:03
cruises from fremantle january 2023,AU,Australia,English,Fremantle (Location),false,true,false,true,true,false,"AI Overview, Thumbnail, Sitelinks, People also ask",0,1,0.45,0,0,1,AI Overview,https://www.cruiseaway.com.au/cruises/australia/perth,2026-04-14 08:21:22
april cruises 2024,AU,Australia,English,,false,false,false,true,true,false,"People also ask, Sitelinks, Thumbnail",0,44,,0,0,9,,https://www.cruiseaway.com.au/april-cruises,2026-04-29 15:58:02
cruise to tasmania 2024,AU,Australia,English,Tasmania (Location),false,true,false,true,true,false,Sitelinks,0,0,,0,0,4,,https://www.cruiseaway.com.au/cruises/australia/tasmania,2026-05-03 01:09:03
cruise december 2023 from sydney,AU,Australia,English,Sydney (Location),false,true,false,true,true,false,"Sitelinks, Thumbnail",0,10,,0,0,8,,https://www.cruiseaway.com.au/cruises/australia/sydney,2026-05-05 13:14:53
brisbane cruises february 2024,AU,Australia,English,Brisbane (Location),false,true,false,true,true,false,,0,0,,0,0,10,,https://www.cruiseaway.com.au/cruises/australia/brisbane,2026-05-09 07:55:21
sydney cruises december 2023,AU,Australia,English,Sydney (Location),false,true,false,true,true,false,"Sitelinks, People also ask",0,9,,0,0,8,,https://www.cruiseaway.com.au/cruises/australia/sydney,2026-04-14 10:14:28
cruises 2024 from perth,AU,Australia,English,Perth (Location),false,true,false,true,true,false,Sitelinks,0,21,,0,0,2,,https://www.cruiseaway.com.au/cruises/australia/perth,2026-04-30 05:33:28
cruises from sydney to fiji 2024,AU,Australia,English,"Sydney (Location), Fiji (Location)",false,true,false,true,true,false,"Top ads, Thumbnail, Sitelinks",0,0,0.44,0,0,1,,https://www.cruiseaway.com.au/cruises-from-sydney-to-fiji,2026-04-14 09:17:28
cruises leaving fremantle 2024,AU,Australia,English,Fremantle (Location),false,true,false,true,true,false,"Thumbnail, Sitelinks, People also ask",0,1,,0,0,11,,https://www.cruiseaway.com.au/cruises/australia/perth,2026-04-16 11:14:15
cruise from singapore to australia 2024,AU,Australia,English,"Singapore (Location), Australia (Location)",false,true,false,true,true,false,"Sitelinks, People also ask, Video preview",0,0,,0,0,3,,https://www.cruiseaway.com.au/cruises-from-singapore-to-sydney,2026-04-16 18:10:56
one-way cruise sydney to new zealand,AU,Australia,English,,false,true,false,true,true,false,"AI Overview, Thumbnail, People also ask",0,1,0.45,0,0,1,AI Overview,https://www.cruiseaway.com.au/cruises-from-sydney-to-new-zealand,2026-04-24 14:18:28
cruises from sydney to cairns 2024,AU,Australia,English,"Sydney (Location), Cairns (Location)",false,true,false,true,true,false,"Sitelinks, People also ask, Video preview",0,0,,0,0,10,,https://www.cruiseaway.com.au/cruises/cairns,2026-05-09 15:07:43
melbourne to tasmania cruises,AU,Australia,English,,false,true,false,true,true,false,AI Overview,0,0,,0,0,9,,https://www.cruiseaway.com.au/cruises/australia/tasmania,2026-04-23 04:55:18
cruises from sydney in december 2023,AU,Australia,English,Sydney (Location),false,true,false,true,true,false,"Top ads, Paid sitelinks, Thumbnail, Sitelinks, People also ask, Bottom ads",0,18,0.46,0,0,9,,https://www.cruiseaway.com.au/cruises/australia/sydney,2026-05-01 15:56:29
last minute cruises from melbourne 2023,AU,Australia,English,Melbourne (Location),false,true,false,true,true,true,Sitelinks,0,1,,0,0,5,,https://www.cruiseaway.com.au/last-minute-cruises,2026-04-10 03:28:25
4 day cruise adelaide,AU,Australia,English,Adelaide (Location),false,true,false,true,true,false,"Top ads, Paid sitelinks, Thumbnail",0,0,0.23,0,0,9,,https://www.cruiseaway.com.au/short-cruises,2026-04-18 06:06:28
cruise sydney to europe 2023,AU,Australia,English,,false,true,false,true,true,false,"Top ads, Paid sitelinks, Sitelinks, People also ask, Bottom ads",0,0,0.45,0,0,4,,https://www.cruiseaway.com.au/cruise-from-australia-to-europe,2026-05-09 09:05:08
cruise from sydney february 2024,AU,Australia,English,Sydney (Location),false,true,false,true,true,false,"Sitelinks, People also ask",0,12,,0,0,11,,https://www.cruiseaway.com.au/cruises/australia/sydney,2026-05-05 01:15:02
christmas cruises from brisbane 2023,AU,Australia,English,Brisbane (Location),false,true,false,true,true,false,"Sitelinks, Thumbnail, People also ask",0,0,0.45,0,0,2,,https://www.cruiseaway.com.au/christmas-cruises-from-brisbane,2026-04-20 07:16:17
cruises march 2024 from brisbane,AU,Australia,English,Brisbane (Location),false,true,false,true,true,false,,0,0,,0,0,8,,https://www.cruiseaway.com.au/cruises/australia/brisbane,2026-04-24 19:23:40
fiji cruises from brisbane 2024,AU,Australia,English,Brisbane (Location),false,true,false,true,true,false,"Thumbnail, People also ask, Sitelinks",0,0,,0,0,5,,https://www.cruiseaway.com.au/cruises-to-fiji,2026-05-04 14:20:47
cruise from sydney june 2023,AU,Australia,English,Sydney (Location),false,true,false,true,true,false,"Sitelinks, People also ask",0,10,0.54,0,0,11,,https://www.cruiseaway.com.au/cruises/australia/sydney,2026-05-07 11:04:08
31 day transpacific cruise,AU,Australia,English,,false,false,false,true,true,false,"Thumbnail, Video preview",0,0,,0,0,3,,https://www.cruiseaway.com.au/cruise/transpacific-from-australia-with-the-westerdam-18425449,2026-04-24 19:02:58
cruise july 2023,AU,Australia,English,,false,false,false,true,true,false,"Sitelinks, People also ask",0,39,0.45,0,0,9,,https://www.cruiseaway.com.au/cruises/australia/sydney,2026-05-08 02:50:07
3 or 4 day cruises from sydney,AU,Australia,English,Sydney (Location),false,true,false,true,true,false,"AI Overview, Thumbnail",70,1,0.40,0,0,1,AI Overview,https://www.cruiseaway.com.au/short-cruises,2026-04-10 13:54:47
cruises new zealand 2023,AU,Australia,English,New Zealand (Location),false,false,false,true,true,false,"People also ask, Sitelinks",0,2,0.52,0,0,11,,https://www.cruiseaway.com.au/cruises/new-zealand,2026-04-26 13:50:13
sydney to tasmania cruise 2024 price,AU,Australia,English,Sydney to Tasmania cruise (Event),false,true,false,true,true,false,"People also ask, Sitelinks, Bottom ads, Paid sitelinks",0,0,,0,0,6,,https://www.cruiseaway.com.au/cruises-sydney-to-tasmania,2026-05-09 08:24:11
sydney to melbourne cruise 2023,AU,Australia,English,Sydney to Melbourne (Location),false,true,false,true,true,false,"Sitelinks, People also ask, Thumbnail",0,0,0.46,0,0,5,,https://www.cruiseaway.com.au/sydney-to-melbourne-cruise,2026-05-06 05:06:16
cruises leaving singapore 2024,AU,Australia,English,Singapore (Location),false,true,false,true,true,false,"Bottom ads, Paid sitelinks",0,5,0.45,0,0,8,,https://www.cruiseaway.com.au/cruises/asia/singapore,2026-04-27 22:19:25
new zealand cruises from brisbane 2024,AU,Australia,English,Brisbane (Location),false,true,false,true,true,false,"Sitelinks, People also ask",0,0,0.46,0,0,4,,https://www.cruiseaway.com.au/cruises-from-brisbane-to-new-zealand,2026-04-10 10:49:28
cruises from australia to europe,AU,Australia,English,"Australia (Location), Europe (Location)",false,false,false,true,true,false,"AI Overview, Thumbnail, People also ask",80,3,0.45,0,0,1,AI Overview,https://www.cruiseaway.com.au/cruise-from-australia-to-europe,2026-05-07 11:47:17
cruises to moreton island 2024,AU,Australia,English,Moreton Island (Location),false,true,false,true,true,false,"Sitelinks, Thumbnail, People also ask, Video preview",0,2,,0,0,2,,https://www.cruiseaway.com.au/cruises/moreton-island,2026-04-30 17:54:29
best short cruises from sydney 2024,AU,Australia,English,Sydney (Location),false,true,false,true,true,false,Sitelinks,0,1,,0,0,4,,https://www.cruiseaway.com.au/short-cruises,2026-04-23 21:51:52
7 day cruise from sydney 2024,AU,Australia,English,Sydney (Location),false,true,false,true,true,false,Sitelinks,0,3,0.41,0,0,1,,https://www.cruiseaway.com.au/7-day-cruises-from-sydney,2026-04-23 16:20:50
cruises from singapore may 2024,AU,Australia,English,Singapore (Location),false,true,false,true,true,false,Top ads,0,5,0.43,0,0,10,,https://www.cruiseaway.com.au/cruises/asia/singapore,2026-04-26 04:43:10
cruises from brisbane to singapore 2024,AU,Australia,English,"Brisbane (Location), Singapore (Location)",false,true,false,true,true,false,"Top ads, Paid sitelinks, Sitelinks, Thumbnail, People also ask",0,1,,0,0,10,,https://www.cruiseaway.com.au/cruises/asia/singapore,2026-04-18 23:32:45
cruise from brisbane january 2024,AU,Australia,English,Brisbane (Location),false,true,false,true,true,false,People also ask,0,0,0.45,0,0,10,,https://www.cruiseaway.com.au/cruises/australia/brisbane,2026-05-04 12:12:02
3 day cruise from brisbane 2023,AU,Australia,English,Brisbane (Location),false,true,false,true,true,false,"Sitelinks, People also ask",0,1,0.40,0,0,9,,https://www.cruiseaway.com.au/short-cruises,2026-04-23 08:55:29
cruise from sydney july 2023,AU,Australia,English,Sydney (Location),false,true,false,true,true,false,"AI Overview, Thumbnail, Sitelinks, People also ask",0,10,0.45,0,0,11,,https://www.cruiseaway.com.au/cruises/australia/sydney,2026-04-26 15:52:25
perth to darwin cruise 2023,AU,Australia,English,Perth to Darwin (Location),false,true,false,true,true,false,"Sitelinks, People also ask",0,0,0.40,0,0,6,,https://www.cruiseaway.com.au/western-australia-cruises-from-perth-fremantle,2026-05-09 10:32:18
cruises from sydney to adelaide 2024,AU,Australia,English,"Sydney (Location), Adelaide (Location)",false,true,false,true,true,false,"Sitelinks, People also ask",0,0,,0,0,4,,https://www.cruiseaway.com.au/cruises/adelaide,2026-05-06 17:08:32
cruises to europe from australia,AU,Australia,English,"Europe (Location), Australia (Location)",false,false,false,true,true,false,"Top ads, Paid sitelinks, AI Overview, Thumbnail, People also ask",40,2,0.45,0,0,1,AI Overview,https://www.cruiseaway.com.au/cruise-from-australia-to-europe,2026-05-11 05:20:55
5 day cruise brisbane,AU,Australia,English,Brisbane (Location),false,true,false,true,true,false,Top ads,0,2,,0,0,10,,https://www.cruiseaway.com.au/short-cruises,2026-04-14 05:20:53
is mystery island in vanuatu,AU,Australia,English,Mystery Island (Location),false,false,false,true,false,false,"AI Overview, Thumbnail, People also ask, Video preview, Sitelinks",40,0,,0,0,1,AI Overview,https://www.cruiseaway.com.au/cruises/south-pacific/mystery-island,2026-04-29 05:18:53
singapore to perth cruise 2024,AU,Australia,English,,false,false,false,true,true,false,"Sitelinks, Thumbnail, People also ask",0,0,,0,0,11,,https://www.cruiseaway.com.au/exclusive-singapore-perth-with-travelzoo,2026-04-21 17:04:28
cruise to hawaii from australia 2024,AU,Australia,English,Hawaii (Location),false,false,false,true,true,false,"Sitelinks, People also ask",0,0,,0,0,5,,https://www.cruiseaway.com.au/cruises-from-sydney-to-hawaii-2026,2026-04-28 14:36:17
cruises april 2024 from brisbane,AU,Australia,English,Brisbane (Location),false,true,false,true,true,false,,0,1,,0,0,10,,https://www.cruiseaway.com.au/cruises/australia/brisbane,2026-04-25 12:34:05
january cruises 2024,AU,Australia,English,,false,false,false,true,true,false,"Sitelinks, People also ask, Thumbnail",0,57,0.45,0,0,7,,https://www.cruiseaway.com.au/january-cruises,2026-05-11 07:02:39
queensland cruises 2023,AU,Australia,English,Queensland (Location),false,true,false,true,true,false,Sitelinks,0,0,0.45,0,0,9,,https://www.cruiseaway.com.au/queensland-cruises,2026-05-04 04:26:43
cruises from hobart 2023,AU,Australia,English,Hobart (Location),false,true,false,true,true,false,"People also ask, Sitelinks, Video preview",0,0,0.43,0,0,9,,https://www.cruiseaway.com.au/cruises/australia/tasmania,2026-04-16 17:54:37
cruise hawaii to brisbane 2023,AU,Australia,English,,false,false,false,true,true,false,"AI Overview, Thumbnail, Sitelinks, People also ask",0,0,0.37,0,0,4,,https://www.cruiseaway.com.au/cruises-from-brisbane-to-hawaii,2026-04-21 22:13:16
australia to hawaii cruise 2024,AU,Australia,English,,false,false,false,true,true,false,"Sitelinks, Thumbnail, People also ask, Bottom ads",0,0,,0,0,7,,https://www.cruiseaway.com.au/cruise-to-hawaii-from-australia,2026-04-18 12:46:53
cruise deals 2024 from sydney,AU,Australia,English,Sydney (Location),false,true,false,true,true,false,"Sitelinks, Bottom ads, Paid sitelinks",0,14,0.64,0,0,10,,https://www.cruiseaway.com.au/short-cruises,2026-04-27 19:45:28
last minute cruises cruises,AU,Australia,English,,false,false,false,true,true,true,,0,6,,0,0,2,,https://www.cruiseaway.com.au/last-minute-cruises,2026-04-24 10:05:31
cruises from singapore april 2024,AU,Australia,English,Singapore (Location),false,true,false,true,true,false,"Top ads, People also ask, Sitelinks, Bottom ads, Paid sitelinks",0,13,,0,0,5,,https://www.cruiseaway.com.au/cruises/asia/singapore,2026-04-22 00:30:14
amalfi coast cruise 2024,AU,Australia,English,Amalfi Coast (Location),false,false,false,true,true,false,"Thumbnail, Sitelinks, People also ask",0,0,1.12,0,0,9,,https://www.cruiseaway.com.au/cruises/amalfi,2026-04-14 23:16:30
cruises june 2023 from brisbane,AU,Australia,English,Brisbane (Location),false,true,false,true,true,false,"Top ads, Paid sitelinks, Sitelinks",0,2,,0,0,10,,https://www.cruiseaway.com.au/cruises/australia/brisbane,2026-04-28 04:31:29
cruise in august 2023,AU,Australia,English,,false,false,false,true,true,false,"Sitelinks, People also ask",0,2,0.52,0,0,11,,https://www.cruiseaway.com.au/cruises,2026-04-20 11:00:56
cruises departing sydney january 2024,AU,Australia,English,Sydney (Location),false,true,false,true,true,false,"Thumbnail, Sitelinks, People also ask, Bottom ads, Paid sitelinks",0,13,,0,0,10,,https://www.cruiseaway.com.au/january-cruises,2026-04-25 00:09:29
"cherry blossom cruise, japan 2023",AU,Australia,English,Japan (Location),false,false,false,true,true,true,"Thumbnail, People also ask, Sitelinks",0,0,,0,0,8,,https://www.cruiseaway.com.au/exclusive-snow-monkeys-cherry-blossoms-package-with-travelzoo,2026-04-23 18:09:29
