Keyword,Country,Location,Language,Entities,Branded,Local,Navigational,Informational,Commercial,Transactional,SERP features,Volume,KD,CPC,Organic traffic,Paid traffic,Current position,Current position kind,Current URL,Updated
cruises from sydney,AU,Australia,English,Sydney (Location),false,true,false,true,true,false,"People also ask, Thumbnail, Video preview",8700,5,0.32,3402,0,1,,https://www.ozcruising.com.au/departing/sydney/cruises,2026-05-09 15:05:27
cruise from sydney,AU,Australia,English,Sydney (Location),false,true,false,true,true,false,"Thumbnail, Video preview",5100,5,0.32,1262,0,1,,https://www.ozcruising.com.au/departing/sydney/cruises,2026-05-09 23:41:51
cruise deals,AU,Australia,English,,false,false,false,true,true,false,"Discussions and forums, Thumbnail, Video preview",4300,30,0.50,914,0,2,,https://www.ozcruising.com.au/cruise-specials,2026-05-06 06:16:58
last minute cruises,AU,Australia,English,,false,false,false,true,true,true,"Thumbnail, People also ask",3700,4,0.43,884,0,3,,https://www.ozcruising.com.au/popular/last-minute/cruises,2026-05-06 22:00:15
cruises from adelaide,AU,Australia,English,Adelaide (Location),false,true,false,true,true,false,"AI Overview, People also ask, Thumbnail, Video preview",2700,0,0.09,580,0,2,,https://www.ozcruising.com.au/departing/adelaide/cruises,2026-05-11 02:15:04
cruises australia,AU,Australia,English,Australia (Location),false,true,false,true,true,false,"Discussions and forums, Video preview, Thumbnail",2300,61,0.46,466,0,2,,https://www.ozcruising.com.au/,2026-05-06 20:21:36
cruises from brisbane 2024,AU,Australia,English,Brisbane (Location),false,true,false,true,true,false,"AI Overview, Thumbnail, Sitelinks, Video preview",6700,0,0.33,404,0,7,,https://www.ozcruising.com.au/departing/brisbane/cruises,2026-05-09 21:30:55
cruise australia,AU,Australia,English,Australia (Location),false,true,false,true,true,false,"Thumbnail, People also ask, Top stories, Discussions and forums, Video preview",1800,44,0.46,381,0,2,,https://www.ozcruising.com.au/,2026-04-26 23:11:59
cruises from brisbane 2026,AU,Australia,English,Brisbane (Location),false,true,false,true,true,false,"People also ask, Thumbnail",6200,0,0.45,370,0,6,,https://www.ozcruising.com.au/departing/brisbane/cruises,2026-05-05 15:40:44
cruises from sydney to new zealand,AU,Australia,English,"Sydney (Location), New Zealand (Location)",false,true,false,true,true,false,"People also ask, Thumbnail, Video preview",900,1,0.43,359,0,1,,https://www.ozcruising.com.au/region/new-zealand/departing-sydney/cruises,2026-05-11 10:48:51
sydney cruises,AU,Australia,English,Sydney (Location),false,true,false,true,true,false,"Local pack, People also ask, Thumbnail, Video preview",1200,48,0.41,323,0,2,,https://www.ozcruising.com.au/departing/sydney/cruises,2026-05-03 00:51:32
sydney to new zealand cruise,AU,Australia,English,"Sydney (Location), New Zealand (Location)",false,true,false,true,true,false,"Thumbnail, AI Overview, Video preview",800,1,0.43,300,0,1,,https://www.ozcruising.com.au/region/new-zealand/departing-sydney/cruises,2026-04-28 12:28:16
cruise sydney to new zealand,AU,Australia,English,,false,true,false,true,true,false,"AI Overview, Thumbnail, People also ask, Discussions and forums, Video preview",600,0,0.47,292,0,1,AI Overview,https://www.ozcruising.com.au/region/new-zealand/departing-sydney/cruises,2026-05-06 07:24:44
cruises from sydney 2024,AU,Australia,English,Sydney (Location),false,true,false,true,true,false,"AI Overview, People also ask, Video preview",2400,5,0.31,288,0,3,,https://www.ozcruising.com.au/departing/sydney/cruises,2026-05-08 16:34:38
cruise from sydney to new zealand,AU,Australia,English,"Sydney (Location), New Zealand (Location)",false,true,false,true,true,false,"Thumbnail, People also ask, Video preview",700,1,0.43,281,0,1,,https://www.ozcruising.com.au/region/new-zealand/departing-sydney/cruises,2026-04-28 15:09:19
cruise to new zealand from sydney,AU,Australia,English,"New Zealand (Location), Sydney (Location)",false,true,false,true,true,false,"AI Overview, People also ask, Thumbnail, Video preview",600,0,0.43,265,0,1,,https://www.ozcruising.com.au/region/new-zealand/departing-sydney/cruises,2026-05-01 12:11:02
cruises from brisbane,AU,Australia,English,Brisbane (Location),false,true,false,true,true,false,"People also ask, Discussions and forums, Video preview",8800,0,0.33,264,0,6,,https://www.ozcruising.com.au/departing/brisbane/cruises,2026-05-06 02:23:36
cruise sale,AU,Australia,English,,false,false,false,true,true,false,Thumbnail,800,24,0.49,260,0,2,,https://www.ozcruising.com.au/cruise-specials,2026-05-10 01:25:58
cruise booking,AU,Australia,English,,false,false,false,false,true,true,,450,72,0.50,239,0,1,,https://www.ozcruising.com.au/,2026-05-05 17:08:00
cruise from brisbane,AU,Australia,English,Brisbane (Location),false,true,false,true,true,false,"Image pack, Thumbnail, Video preview",2800,0,0.33,224,0,5,,https://www.ozcruising.com.au/departing/brisbane/cruises,2026-05-08 16:13:28
cruises to new zealand from sydney,AU,Australia,English,"New Zealand (Location), Sydney (Location)",false,true,false,true,true,false,"AI Overview, People also ask, Thumbnail, Video preview",500,0,0.43,205,0,2,,https://www.ozcruising.com.au/region/new-zealand/departing-sydney/cruises,2026-05-07 05:08:34
short cruises from sydney,AU,Australia,English,Sydney (Location),false,true,false,true,true,false,"AI Overview, Discussions and forums, Thumbnail, Video preview",1400,1,0.27,184,0,5,,https://www.ozcruising.com.au/short/departing-sydney/cruises,2026-05-11 14:32:50
sydney to hawaii cruise,AU,Australia,English,"Sydney (Location), Hawaii (Location)",false,true,false,true,true,false,"Thumbnail, People also ask",450,0,0.40,183,0,1,,https://www.ozcruising.com.au/region/hawaii/departing-australia/cruises,2026-04-19 04:20:54
new zealand cruises from sydney,AU,Australia,English,"New Zealand (Location), Sydney (Location)",false,true,false,true,true,false,"Thumbnail, People also ask",400,1,0.43,181,0,1,,https://www.ozcruising.com.au/region/new-zealand/departing-sydney/cruises,2026-04-25 17:27:21
cruises from brisbane 2025,AU,Australia,English,Brisbane (Location),false,true,false,true,true,false,"AI Overview, Thumbnail, People also ask",2400,1,0.35,180,0,6,,https://www.ozcruising.com.au/departing/brisbane/cruises,2026-05-07 10:56:46
cruises sydney,AU,Australia,English,Sydney (Location),false,true,false,true,true,false,"Thumbnail, People also ask, Discussions and forums",1300,58,0.41,180,0,2,,https://www.ozcruising.com.au/departing/sydney/cruises,2026-05-07 14:37:12
cruises from australia,AU,Australia,English,Australia (Location),false,true,false,true,true,false,"Thumbnail, People also ask, Discussions and forums, Video preview",900,44,0.43,172,0,2,,https://www.ozcruising.com.au/,2026-04-26 08:55:04
cruise sales,AU,Australia,English,,false,false,false,true,true,true,"AI Overview, Thumbnail",600,21,0.49,172,0,2,,https://www.ozcruising.com.au/cruise-specials,2026-05-02 03:12:35
cruise from adelaide,AU,Australia,English,Adelaide (Location),false,true,false,true,true,false,"Thumbnail, Video preview",800,2,0.09,158,0,2,,https://www.ozcruising.com.au/departing/adelaide/cruises,2026-04-28 21:56:49
cruises to new zealand,AU,Australia,English,New Zealand (Location),false,false,false,true,true,false,"AI Overview, People also ask, Discussions and forums, Video preview, Thumbnail",1200,1,0.38,147,0,5,,https://www.ozcruising.com.au/region/new-zealand/departing-sydney/cruises,2026-05-03 04:45:47
new years cruise,AU,Australia,English,,false,false,false,true,true,false,People also ask,350,0,0.38,146,0,1,,https://www.ozcruising.com.au/popular/new-years-eve/cruises,2026-05-04 03:03:02
new zealand cruises from brisbane,AU,Australia,English,"New Zealand (Location), Brisbane (Location)",false,true,false,true,true,false,"AI Overview, Thumbnail, People also ask",350,0,0.33,140,0,1,AI Overview,https://www.ozcruising.com.au/region/new-zealand/departing-brisbane/cruises,2026-04-14 00:52:02
new zealand cruise,AU,Australia,English,New Zealand (Location),false,false,false,true,true,false,"People also ask, Image pack, Video preview, Thumbnail",2500,2,0.42,138,0,5,,https://www.ozcruising.com.au/region/new-zealand/departing-sydney/cruises,2026-05-08 21:46:05
cruise ships australia,AU,Australia,English,Australia (Location),false,true,false,true,true,false,"AI Overview, Thumbnail, People also ask, Discussions and forums, Video preview",1600,19,0.38,133,0,5,,https://www.ozcruising.com.au/,2026-04-26 21:21:46
brisbane cruises,AU,Australia,English,Brisbane (Location),false,true,false,true,true,false,"Local pack, Discussions and forums, Thumbnail, Video preview",2300,0,0.33,131,0,7,,https://www.ozcruising.com.au/departing/brisbane/cruises,2026-05-06 08:32:29
cruise to new zealand from brisbane,AU,Australia,English,"New Zealand (Location), Brisbane (Location)",false,true,false,true,true,false,"AI Overview, People also ask",250,0,0.33,131,0,2,,https://www.ozcruising.com.au/region/new-zealand/departing-brisbane/cruises,2026-05-01 22:58:15
brisbane to new zealand cruise,AU,Australia,English,"Brisbane (Location), New Zealand (Location)",false,true,false,true,true,false,People also ask,300,0,0.39,130,0,1,,https://www.ozcruising.com.au/region/new-zealand/departing-brisbane/cruises,2026-05-08 00:51:44
cruise brisbane,AU,Australia,English,Brisbane (Location),false,true,false,true,true,false,"Thumbnail, Discussions and forums, Video preview",1800,4,0.33,125,0,6,,https://www.ozcruising.com.au/departing/brisbane/cruises,2026-04-25 20:29:22
cruise from brisbane to new zealand,AU,Australia,English,"Brisbane (Location), New Zealand (Location)",false,true,false,true,true,false,"AI Overview, People also ask, Thumbnail",250,8,0.37,125,0,1,,https://www.ozcruising.com.au/region/new-zealand/departing-brisbane/cruises,2026-04-12 05:54:29
australia cruise,AU,Australia,English,Australia (Location),false,false,false,true,true,false,"People also ask, Top stories, Thumbnail, Discussions and forums, Video preview",700,30,0.41,124,0,2,,https://www.ozcruising.com.au/,2026-05-10 02:47:16
new years eve cruise,AU,Australia,English,New Year's Eve (Event),false,false,false,true,true,false,People also ask,250,0,0.46,122,0,1,,https://www.ozcruising.com.au/popular/new-years-eve/cruises,2026-05-04 01:23:27
sydney to nz cruise,AU,Australia,English,"Sydney (Location), New Zealand (Location)",false,true,false,true,true,false,"AI Overview, Video preview, Bottom ads, Paid sitelinks",350,0,0.43,120,0,1,,https://www.ozcruising.com.au/region/new-zealand/departing-sydney/cruises,2026-04-17 21:06:37
cruise specials,AU,Australia,English,,false,false,false,true,true,false,,350,31,0.50,113,0,2,,https://www.ozcruising.com.au/cruise-specials,2026-04-29 10:25:44
sydney cruise,AU,Australia,English,Sydney (Location),false,true,false,true,true,false,"Thumbnail, Video preview",2400,42,0.41,111,0,7,,https://www.ozcruising.com.au/departing/sydney/cruises,2026-05-08 17:31:32
new zealand cruise from sydney,AU,Australia,English,"New Zealand (Location), Sydney (Location)",false,true,false,true,true,false,"AI Overview, Thumbnail, Discussions and forums, Bottom ads, Paid sitelinks, Video preview",600,0,0.43,109,0,1,,https://www.ozcruising.com.au/region/new-zealand/departing-sydney/cruises,2026-04-27 00:05:30
cruises to new zealand from brisbane,AU,Australia,English,"New Zealand (Location), Brisbane (Location)",false,true,false,true,true,false,"AI Overview, People also ask",250,0,0.33,107,0,1,,https://www.ozcruising.com.au/region/new-zealand/departing-brisbane/cruises,2026-05-04 02:09:15
cruises from sydney 2026,AU,Australia,English,Sydney (Location),false,true,false,true,true,false,"Top ads, Paid sitelinks, Video preview, Thumbnail",4800,0,0.46,106,0,12,,https://www.ozcruising.com.au/departure/December-2026/cruises,2026-05-09 02:24:32
melbourne cruises,AU,Australia,English,Melbourne (Location),false,true,false,true,true,false,"Local pack, Thumbnail, Video preview",400,2,0.29,106,0,3,,https://www.ozcruising.com.au/departing/melbourne/cruises,2026-05-01 17:31:00
christmas cruises from sydney,AU,Australia,English,Sydney (Location),false,true,false,true,true,false,"AI Overview, People also ask, Thumbnail",900,0,0.32,102,0,4,,https://www.ozcruising.com.au/popular/christmas/cruises,2026-05-03 14:14:02
australia cruises,AU,Australia,English,Australia (Location),false,false,false,true,true,false,"Thumbnail, Video preview",1000,48,0.39,100,0,4,,https://www.ozcruising.com.au/,2026-05-01 21:32:10
cruise packing list,AU,Australia,English,,false,false,false,true,false,false,"Thumbnail, Sitelinks, Discussions and forums",200,1,0.11,96,0,1,,https://www.ozcruising.com.au/blog/cruise-packing-list-pdf-and-excel-checklist,2026-04-15 22:11:58
nz cruises from sydney,AU,Australia,English,Sydney (Location),false,true,false,true,true,false,"AI Overview, Bottom ads, Paid sitelinks",250,0,0.47,96,0,1,,https://www.ozcruising.com.au/region/new-zealand/departing-sydney/cruises,2026-05-01 22:42:47
cruises from melbourne,AU,Australia,English,Melbourne (Location),false,true,false,true,true,false,"People also ask, Thumbnail, Video preview",3800,0,0.23,95,0,9,,https://www.ozcruising.com.au/departing/melbourne/cruises,2026-05-07 22:31:45
cruises brisbane,AU,Australia,English,Brisbane (Location),false,true,false,true,true,false,"Discussions and forums, Video preview",1200,0,0.33,95,0,5,,https://www.ozcruising.com.au/departing/brisbane/cruises,2026-05-10 07:16:46
2026 cruises,AU,Australia,English,,false,false,false,true,true,false,"Thumbnail, Video preview",800,35,0.37,92,0,3,,https://www.ozcruising.com.au/departure/July-2026/cruises,2026-05-04 07:06:59
cruise fremantle,AU,Australia,English,Fremantle (Location),false,true,false,true,true,false,AI Overview,150,2,0.11,90,0,1,,https://www.ozcruising.com.au/departing/fremantle/cruises,2026-04-26 05:50:34
new zealand cruise from brisbane,AU,Australia,English,"New Zealand (Location), Brisbane (Location)",false,true,false,true,true,false,AI Overview,250,0,0.33,88,0,1,,https://www.ozcruising.com.au/region/new-zealand/departing-brisbane/cruises,2026-05-07 14:45:24
australian cruises from sydney,AU,Australia,English,Sydney (Location),false,true,false,true,true,false,"Thumbnail, AI Overview, People also ask",200,5,0.60,88,0,5,,https://www.ozcruising.com.au/departing/sydney/cruises,2026-04-17 20:57:55
cruise brisbane to new zealand,AU,Australia,English,"Brisbane (Location), New Zealand (Location)",false,true,false,true,true,false,Thumbnail,250,0,0.39,88,0,1,,https://www.ozcruising.com.au/region/new-zealand/departing-brisbane/cruises,2026-04-21 21:50:27
cruises from sydney to hawaii,AU,Australia,English,"Sydney (Location), Hawaii (Location)",false,true,false,true,true,false,"AI Overview, Thumbnail, Discussions and forums",250,0,0.40,84,0,1,AI Overview,https://www.ozcruising.com.au/region/hawaii/departing-australia/cruises,2026-04-24 21:58:00
adelaide cruise,AU,Australia,English,Adelaide (Location),false,true,false,true,true,false,"Local pack, Thumbnail, People also ask",200,2,0.13,83,0,1,,https://www.ozcruising.com.au/departing/adelaide/cruises,2026-04-18 07:54:57
cruise to hawaii from australia,AU,Australia,English,Hawaii (Location),false,false,false,true,true,false,AI Overview,150,0,0.30,80,0,2,,https://www.ozcruising.com.au/region/hawaii/departing-australia/cruises,2026-04-30 12:40:24
south pacific cruises from brisbane,AU,Australia,English,Brisbane (Location),false,true,false,true,true,false,"AI Overview, Thumbnail, People also ask",200,0,0.36,79,0,2,,https://www.ozcruising.com.au/region/south-pacific/departing-brisbane/cruises,2026-04-09 21:52:36
book cruise,AU,Australia,English,,false,false,false,false,true,true,"Bottom ads, Paid sitelinks",250,67,0.50,77,0,1,,https://www.ozcruising.com.au/,2026-04-12 02:29:33
cruises fremantle,AU,Australia,English,Fremantle (Location),false,true,false,true,true,false,Thumbnail,150,2,0.30,72,0,1,,https://www.ozcruising.com.au/departing/fremantle/cruises,2026-04-15 20:04:07
how much does a cruise ship cost,AU,Australia,English,,false,false,false,true,false,false,"AI Overview, People also ask",200,1,0.14,72,0,2,,https://www.ozcruising.com.au/blog/how-much-does-a-cruise-ship-cost-to-build,2026-05-01 09:46:48
cruises queensland,AU,Australia,English,Queensland (Location),false,true,false,true,true,false,"Thumbnail, AI Overview, Local pack",200,0,0.42,70,0,1,,https://www.ozcruising.com.au/departing/brisbane/cruises,2026-04-11 03:21:50
south pacific cruises,AU,Australia,English,South Pacific (Location),false,false,false,true,true,false,"Top ads, Paid sitelinks, People also ask, Discussions and forums, Thumbnail, Video preview",1400,2,0.35,70,0,4,,https://www.ozcruising.com.au/region/south-pacific/departing-sydney/cruises,2026-04-29 10:59:55
cruise sydney new zealand,AU,Australia,English,"Sydney (Location), New Zealand (Location)",false,true,false,true,true,false,"AI Overview, Discussions and forums",200,0,1.11,70,0,1,,https://www.ozcruising.com.au/region/new-zealand/departing-sydney/cruises,2026-05-11 11:08:58
december cruises from brisbane,AU,Australia,English,Brisbane (Location),false,true,false,true,true,false,"Thumbnail, People also ask",200,0,0.37,69,0,1,,https://www.ozcruising.com.au/departing/brisbane/cruises,2026-04-15 05:36:28
south pacific cruises from sydney,AU,Australia,English,Sydney (Location),false,true,false,true,true,false,"AI Overview, Thumbnail, People also ask",500,0,0.48,68,0,3,,https://www.ozcruising.com.au/region/south-pacific/departing-sydney/cruises,2026-04-15 22:54:07
pacific cruises from sydney,AU,Australia,English,Sydney (Location),false,true,false,true,true,false,"AI Overview, People also ask",200,4,0.39,68,0,1,AI Overview,https://www.ozcruising.com.au/region/south-pacific/departing-sydney/cruises,2026-05-01 07:58:41
cruises around australia,AU,Australia,English,Australia (Location),false,false,false,true,true,false,"AI Overview, Thumbnail, People also ask, Discussions and forums, Video preview",1200,12,0.36,67,0,8,,https://www.ozcruising.com.au/,2026-04-28 13:37:57
short cruises from melbourne,AU,Australia,English,Melbourne (Location),false,true,false,true,true,false,"People also ask, Thumbnail, Video preview",700,0,0.21,67,0,5,,https://www.ozcruising.com.au/short/departing-melbourne/cruises,2026-05-03 05:34:56
find a cruise,AU,Australia,English,,false,false,false,true,true,true,,450,71,0.46,66,370,2,,https://www.ozcruising.com.au/,2026-04-27 13:20:56
oz cruise deals,AU,Australia,English,,false,false,false,true,true,false,"Top ads, Sitelinks",100,30,0.42,66,10,1,,https://www.ozcruising.com.au/cruise-specials,2026-04-11 11:54:48
cruise from sydney to hawaii,AU,Australia,English,"Sydney (Location), Hawaii (Location)",false,true,false,true,true,false,"AI Overview, Thumbnail, People also ask, Video preview",200,0,0.40,65,0,2,,https://www.ozcruising.com.au/region/hawaii/departing-australia/cruises,2026-04-11 19:51:02
short cruises,AU,Australia,English,,false,false,false,true,true,false,"People also ask, Thumbnail, Video preview",800,2,0.28,64,0,5,,https://www.ozcruising.com.au/short/cruises,2026-04-30 21:14:04
cruises departing sydney,AU,Australia,English,Sydney (Location),false,true,false,true,true,false,"Discussions and forums, Thumbnail, Video preview",400,9,0.37,64,0,2,,https://www.ozcruising.com.au/departing/sydney/cruises,2026-05-07 06:29:29
cruises in may,AU,Australia,English,,false,false,false,true,true,false,"Top ads, Paid sitelinks, AI Overview, People also ask, Bottom ads",150,30,0.45,63,0,1,,https://www.ozcruising.com.au/departure/May-2026/cruises,2026-04-17 00:21:27
cruising cruise,AU,Australia,English,,false,false,false,true,true,false,People also ask,150,69,0.37,63,5,1,,https://www.ozcruising.com.au/,2026-04-22 03:34:17
cruise cruising,AU,Australia,English,,false,false,false,true,true,false,"People also ask, Thumbnail",150,67,0.37,62,0,1,,https://www.ozcruising.com.au/,2026-04-26 08:27:17
fremantle cruises,AU,Australia,English,Fremantle (Location),false,true,false,true,true,false,"AI Overview, Local pack",400,2,0.11,62,0,3,,https://www.ozcruising.com.au/departing/fremantle/cruises,2026-05-07 19:41:27
cruises to hawaii from australia,AU,Australia,English,Hawaii (Location),false,false,false,true,true,false,"AI Overview, Thumbnail, People also ask",150,0,0.28,59,0,2,,https://www.ozcruising.com.au/region/hawaii/departing-australia/cruises,2026-05-08 09:44:20
7 day cruise from brisbane,AU,Australia,English,Brisbane (Location),false,true,false,true,true,false,"AI Overview, People also ask, Discussions and forums",400,0,0.34,59,0,3,,https://www.ozcruising.com.au/departing/brisbane/cruises,2026-05-04 15:16:50
cruise from fremantle,AU,Australia,English,Fremantle (Location),false,true,false,true,true,false,"AI Overview, Discussions and forums",450,1,0.09,59,0,5,,https://www.ozcruising.com.au/departing/fremantle/cruises,2026-05-03 20:19:12
cruise ship cost,AU,Australia,English,,false,false,false,true,true,false,"AI Overview, Thumbnail, People also ask, Sitelinks, Discussions and forums",150,9,0.35,58,0,1,AI Overview,https://www.ozcruising.com.au/blog/how-much-does-a-cruise-ship-cost-to-build,2026-04-28 17:23:17
queensland cruises,AU,Australia,English,Queensland (Location),false,true,false,true,true,false,"Top ads, Paid sitelinks, AI Overview, Thumbnail, Bottom ads",200,1,0.29,57,0,2,,https://www.ozcruising.com.au/departing/brisbane/cruises,2026-04-19 08:01:42
adelaide cruises,AU,Australia,English,Adelaide (Location),false,true,false,true,true,false,"Thumbnail, Video preview",350,0,0.15,57,0,2,,https://www.ozcruising.com.au/departing/adelaide/cruises,2026-05-10 10:10:25
cruise sydney to new zealand 2023,AU,Australia,English,,false,true,false,true,true,false,"People also ask, Sitelinks",150,1,0.45,57,0,1,,https://www.ozcruising.com.au/region/new-zealand/departing-sydney/cruises,2026-04-21 19:08:02
nz cruise from sydney,AU,Australia,English,Sydney (Location),false,true,false,true,true,false,People also ask,150,2,0.45,56,0,1,,https://www.ozcruising.com.au/region/new-zealand/departing-sydney/cruises,2026-04-21 06:34:02
cruises from brisbane to new zealand,AU,Australia,English,"Brisbane (Location), New Zealand (Location)",false,true,false,true,true,false,"People also ask, Thumbnail, Bottom ads, Paid sitelinks",350,0,0.33,56,0,1,,https://www.ozcruising.com.au/region/new-zealand/departing-brisbane/cruises,2026-04-26 06:42:29
cruises leaving from sydney,AU,Australia,English,Sydney (Location),false,true,false,true,true,false,People also ask,150,13,0.45,56,0,1,,https://www.ozcruising.com.au/departing/sydney/cruises,2026-05-02 14:11:53
short cruises from brisbane,AU,Australia,English,Brisbane (Location),false,true,false,true,true,false,"Top ads, AI Overview, Thumbnail, Video preview",800,0,0.27,55,0,2,,https://www.ozcruising.com.au/short/departing-brisbane/cruises,2026-04-29 12:49:10
cruises departing from brisbane,AU,Australia,English,Brisbane (Location),false,true,false,true,true,false,"Top ads, Paid sitelinks, Thumbnail, People also ask, Discussions and forums, Bottom ads",150,0,0.31,55,4,1,,https://www.ozcruising.com.au/departing/brisbane/cruises,2026-05-01 18:22:28
hawaii cruise from australia,AU,Australia,English,Australia (Location),false,false,false,true,true,false,"AI Overview, Thumbnail, People also ask",150,0,0.36,55,0,1,AI Overview,https://www.ozcruising.com.au/region/hawaii/departing-australia/cruises,2026-04-21 08:35:05
cruises from fremantle,AU,Australia,English,Fremantle (Location),false,true,false,true,true,false,"Top ads, Paid sitelinks, Thumbnail, Video preview",1000,2,0.10,54,0,5,,https://www.ozcruising.com.au/departing/fremantle/cruises,2026-05-05 01:13:44
cruise deals australia,AU,Australia,English,Australia (Location),false,true,false,true,true,false,Thumbnail,250,56,0.49,54,0,2,,https://www.ozcruising.com.au/cruise-specials,2026-04-26 05:34:19
cruises out of brisbane,AU,Australia,English,Brisbane (Location),false,true,false,true,true,false,Thumbnail,450,0,0.36,54,0,3,,https://www.ozcruising.com.au/departing/brisbane/cruises,2026-04-10 19:57:42
brisbane cruise,AU,Australia,English,Brisbane (Location),false,true,false,true,true,false,"Local pack, Thumbnail, Discussions and forums, Video preview",1200,11,0.33,54,0,9,,https://www.ozcruising.com.au/departing/brisbane/cruises,2026-04-26 00:03:51
short cruises australia,AU,Australia,English,Australia (Location),false,true,false,true,true,false,Thumbnail,300,3,0.41,54,0,2,,https://www.ozcruising.com.au/short/cruises,2026-04-10 21:30:51
cruises to nz from sydney,AU,Australia,English,"New Zealand (Location), Sydney (Location)",false,true,false,true,true,false,"People also ask, Bottom ads, Paid sitelinks",150,1,0.45,53,0,1,,https://www.ozcruising.com.au/region/new-zealand/departing-sydney/cruises,2026-04-24 09:28:06
sydney new zealand cruise,AU,Australia,English,"Sydney (Location), New Zealand (Location)",false,true,false,true,true,false,"AI Overview, Video preview",150,1,,53,0,1,,https://www.ozcruising.com.au/region/new-zealand/departing-sydney/cruises,2026-04-20 19:13:17
australia to hawaii cruise,AU,Australia,English,,false,false,false,true,true,false,"AI Overview, Thumbnail, People also ask",100,0,0.30,53,0,2,,https://www.ozcruising.com.au/region/hawaii/departing-australia/cruises,2026-04-27 15:53:33
cruise 2026,AU,Australia,English,,false,false,false,true,true,false,"Sitelinks, People also ask, Video preview, Thumbnail",1400,36,0.43,53,0,8,,https://www.ozcruising.com.au/departure/July-2026/cruises,2026-05-06 03:54:44
cruise search,AU,Australia,English,,false,false,false,true,true,false,Thumbnail,300,66,0.49,53,0,2,,https://www.ozcruising.com.au/,2026-04-26 02:24:28
cruises from sydney december 2023,AU,Australia,English,Sydney (Location),false,true,false,true,true,false,Sitelinks,150,5,0.46,51,0,1,,https://www.ozcruising.com.au/departing/sydney/cruises,2026-04-10 03:19:17
cruise deals from sydney,AU,Australia,English,Sydney (Location),false,true,false,true,true,false,"People also ask, Thumbnail, Video preview",1300,6,0.48,51,0,6,,https://www.ozcruising.com.au/departing/sydney/cruises,2026-05-02 09:58:13
pacific island cruises from brisbane,AU,Australia,English,Brisbane (Location),false,true,false,true,true,false,"Top ads, Paid sitelinks, AI Overview, Thumbnail, People also ask",150,0,0.46,50,0,1,AI Overview,https://www.ozcruising.com.au/region/south-pacific/departing-brisbane/cruises,2026-04-17 09:16:55
cruise bookings,AU,Australia,English,,false,false,false,false,true,true,Local pack,150,72,0.61,50,0,1,,https://www.ozcruising.com.au/,2026-04-09 23:19:04
cruise to new zealand,AU,Australia,English,New Zealand (Location),false,false,false,true,true,false,"People also ask, Video preview, Thumbnail",1300,2,0.38,50,0,9,,https://www.ozcruising.com.au/region/new-zealand/departing-sydney/cruises,2026-05-01 13:56:19
cruising from brisbane,AU,Australia,English,Brisbane (Location),false,true,false,true,true,false,"Thumbnail, AI Overview",400,0,0.33,50,0,3,,https://www.ozcruising.com.au/departing/brisbane/cruises,2026-04-18 21:34:11
cruises from brisbane to new zealand 2023,AU,Australia,English,"Brisbane (Location), New Zealand (Location)",false,true,false,true,true,false,"Top ads, Paid sitelinks, Sitelinks, Thumbnail, People also ask, Bottom ads",150,0,0.45,49,0,1,,https://www.ozcruising.com.au/region/new-zealand/departing-brisbane/cruises,2026-05-09 07:25:11
cruise holiday,AU,Australia,English,,false,false,false,true,true,false,Thumbnail,350,61,0.40,49,0,2,,https://www.ozcruising.com.au/,2026-04-22 07:51:22
cruising from sydney,AU,Australia,English,Sydney (Location),false,true,false,true,true,false,"AI Overview, Discussions and forums",400,5,0.32,49,0,2,,https://www.ozcruising.com.au/departing/sydney/cruises,2026-05-03 22:15:22
last minute cruise deals australia,AU,Australia,English,Australia (Location),false,true,false,true,true,true,"People also ask, Thumbnail",700,2,0.39,46,0,7,,https://www.ozcruising.com.au/popular/last-minute/cruises,2026-05-05 10:10:36
cruises to new zealand 2025,AU,Australia,English,New Zealand (Location),false,false,false,true,true,false,"AI Overview, Thumbnail, People also ask",150,0,0.42,46,0,1,AI Overview,https://www.ozcruising.com.au/region/new-zealand/departing-sydney/cruises,2026-04-12 11:06:29
cruise from australia to hawaii,AU,Australia,English,Hawaii (Location),false,false,false,true,true,false,"AI Overview, People also ask",100,0,0.45,46,0,1,,https://www.ozcruising.com.au/region/hawaii/departing-australia/cruises,2026-05-07 12:41:15
cruises from sydney july 2023,AU,Australia,English,Sydney (Location),false,true,false,true,true,false,"Sitelinks, People also ask",150,4,0.45,45,0,1,,https://www.ozcruising.com.au/departing/sydney/cruises,2026-04-13 06:54:29
book a cruise,AU,Australia,English,,false,false,false,false,true,true,,400,66,0.50,45,0,3,,https://www.ozcruising.com.au/,2026-05-10 16:47:59
cruize,AU,Australia,English,,false,false,false,true,true,false,People also ask,150,8,0.39,45,0,1,,https://www.ozcruising.com.au/,2026-05-06 15:04:16
cruises jan 2024,AU,Australia,English,,false,false,false,true,true,false,"Thumbnail, People also ask, Sitelinks",100,40,0.46,45,0,1,,https://www.ozcruising.com.au/,2026-04-14 13:30:18
aus cruise,AU,Australia,English,Australia (Location),false,true,false,true,true,false,"Thumbnail, People also ask",100,70,0.38,45,0,1,,https://www.ozcruising.com.au/,2026-04-09 08:39:10
cruise deal,AU,Australia,English,,false,false,false,true,true,false,Thumbnail,300,52,0.48,44,0,3,,https://www.ozcruising.com.au/cruise-specials,2026-04-14 07:38:55
cruises sydney to new zealand,AU,Australia,English,,false,true,false,true,true,false,"Top ads, Paid sitelinks, Thumbnail, People also ask, Bottom ads",100,1,0.45,44,0,1,,https://www.ozcruising.com.au/region/new-zealand/departing-sydney/cruises,2026-04-22 01:44:04
last minute cruise,AU,Australia,English,,false,false,false,true,true,true,"People also ask, Discussions and forums, Thumbnail, Video preview",600,4,0.43,44,0,7,,https://www.ozcruising.com.au/popular/last-minute/cruises,2026-05-10 13:10:42
cruise to nz from brisbane,AU,Australia,English,Brisbane (Location),false,true,false,false,true,true,"Top ads, Paid sitelinks, AI Overview, Thumbnail, People also ask, Bottom ads",100,0,0.45,44,0,1,,https://www.ozcruising.com.au/region/new-zealand/departing-brisbane/cruises,2026-05-09 07:59:13
cruise to hawaii from sydney,AU,Australia,English,"Hawaii (Location), Sydney (Location)",false,true,false,true,true,false,"People also ask, Discussions and forums, Bottom ads, Paid sitelinks",200,0,0.40,43,0,1,,https://www.ozcruising.com.au/region/hawaii/departing-australia/cruises,2026-04-30 06:51:23
pacific cruises from brisbane,AU,Australia,English,Brisbane (Location),false,true,false,true,true,false,"Top ads, Paid sitelinks, AI Overview, Thumbnail, People also ask, Bottom ads",100,0,0.42,43,0,2,,https://www.ozcruising.com.au/region/south-pacific/departing-brisbane/cruises,2026-04-30 08:42:27
cruise checklist,AU,Australia,English,,false,false,false,true,false,false,"AI Overview, Thumbnail, Discussions and forums",80,5,0.11,43,0,1,AI Overview,https://www.ozcruising.com.au/blog/cruise-packing-list-pdf-and-excel-checklist,2026-04-28 20:21:13
3 day cruise from sydney,AU,Australia,English,Sydney (Location),false,true,false,true,true,true,"Thumbnail, Video preview",1300,2,0.35,43,0,9,,https://www.ozcruising.com.au/short/departing-sydney/cruises,2026-05-06 00:24:48
cruise leaving from sydney,AU,Australia,English,Sydney (Location),false,true,false,true,true,false,AI Overview,100,10,,42,0,1,,https://www.ozcruising.com.au/departing/sydney/cruises,2026-05-10 09:38:47
melbourne cup cruise,AU,Australia,English,Melbourne Cup (Event),false,false,false,true,true,false,"People also ask, Thumbnail, Video preview",700,0,0.45,42,0,5,,https://www.ozcruising.com.au/popular/melbourne-cup/cruises,2026-05-05 23:42:14
cruie,AU,Australia,English,,false,false,false,true,true,false,People also ask,40,72,0.27,42,0,1,,https://www.ozcruising.com.au/,2026-05-01 01:26:00
south pacific cruise,AU,Australia,English,South Pacific (Location),false,false,false,true,true,false,"Thumbnail, People also ask, Discussions and forums, Video preview",500,0,0.37,42,0,4,,https://www.ozcruising.com.au/region/south-pacific/departing-sydney/cruises,2026-04-26 03:55:41
cruise companies australia,AU,Australia,English,Australia (Location),false,true,false,true,true,false,"AI Overview, Thumbnail, People also ask, Discussions and forums, Bottom ads, Paid sitelinks",150,28,0.50,42,0,2,,https://www.ozcruising.com.au/,2026-04-24 14:40:27
cruises from melbourne 2026,AU,Australia,English,Melbourne (Location),false,true,false,true,true,false,"AI Overview, People also ask, Thumbnail, Video preview",2500,0,0.29,41,0,13,,https://www.ozcruising.com.au/departing/melbourne/cruises,2026-04-26 10:36:47
cruises leaving melbourne,AU,Australia,English,Melbourne (Location),false,true,false,true,true,false,,250,0,0.25,41,0,2,,https://www.ozcruising.com.au/departing/melbourne/cruises,2026-05-04 18:53:56
weekend cruise,AU,Australia,English,,false,false,false,true,true,false,,250,4,0.31,41,0,3,,https://www.ozcruising.com.au/weekend/cruises,2026-04-30 17:40:50
sydney to moreton island cruise,AU,Australia,English,"Sydney (Location), Moreton Island (Location)",false,true,false,true,true,true,"Top ads, Paid sitelinks, People also ask, Video preview, Bottom ads",500,0,0.21,41,0,5,,https://www.ozcruising.com.au/cruise/cl26-sl28jan26,2026-04-29 13:09:12
3 day cruises from fremantle,AU,Australia,English,Fremantle (Location),false,true,false,true,true,false,"AI Overview, People also ask, Thumbnail",350,1,,40,0,4,,https://www.ozcruising.com.au/short-cruises,2026-05-02 09:11:45
weekend cruise sydney,AU,Australia,English,Sydney (Location),false,true,false,true,true,false,,250,2,0.33,40,0,3,,https://www.ozcruising.com.au/weekend/departing-sydney/cruises,2026-05-08 16:28:36
cruises from sydney july 2024,AU,Australia,English,Sydney (Location),false,true,false,true,true,false,Sitelinks,100,18,0.47,39,0,1,,https://www.ozcruising.com.au/departing/sydney/cruises,2026-05-08 17:02:14
april cruises from sydney,AU,Australia,English,Sydney (Location),false,true,false,true,true,false,,100,2,0.42,39,0,1,,https://www.ozcruising.com.au/departing/sydney/cruises,2026-04-15 16:35:51
cruises departing melbourne,AU,Australia,English,Melbourne (Location),false,true,false,true,true,false,Thumbnail,250,0,0.25,39,0,2,,https://www.ozcruising.com.au/departing/melbourne/cruises,2026-04-20 02:44:36
christmas cruise,AU,Australia,English,Christmas (Event),false,false,false,true,true,false,"Thumbnail, Video preview",1000,0,0.36,39,0,8,,https://www.ozcruising.com.au/popular/christmas/cruises,2026-05-07 09:43:33
book a cruise from sydney,AU,Australia,English,Sydney (Location),false,true,false,false,true,true,"AI Overview, Thumbnail",100,43,0.88,39,0,1,,https://www.ozcruising.com.au/departing/sydney/cruises,2026-05-09 22:10:55
cheap cruises australia,AU,Australia,English,Australia (Location),false,true,false,true,true,false,"Thumbnail, Video preview",450,35,0.34,39,0,5,,https://www.ozcruising.com.au/cruise-specials,2026-05-07 23:41:35
cruises 2026,AU,Australia,English,,false,false,false,true,true,false,"Discussions and forums, Bottom ads, Paid sitelinks, Video preview, Thumbnail",3000,56,0.43,38,0,13,,https://www.ozcruising.com.au/departure/July-2026/cruises,2026-05-04 06:55:36
cruise adelaide,AU,Australia,English,Adelaide (Location),false,true,false,true,true,false,Local pack,300,1,0.13,38,0,3,,https://www.ozcruising.com.au/departing/adelaide/cruises,2026-04-06 03:17:27
3 night cruise from brisbane,AU,Australia,English,Brisbane (Location),false,true,false,true,true,false,"AI Overview, Thumbnail",300,1,0.31,38,0,3,,https://www.ozcruising.com.au/short/departing-brisbane/cruises,2026-04-13 23:21:40
cruise sydney to hawaii,AU,Australia,English,,false,true,false,true,true,false,"Top ads, Paid sitelinks, AI Overview, Thumbnail, People also ask",200,0,0.40,38,23,1,,https://www.ozcruising.com.au/region/hawaii/departing-australia/cruises,2026-04-22 01:25:31
nz cruises from brisbane,AU,Australia,English,Brisbane (Location),false,true,false,true,true,false,"AI Overview, Thumbnail, People also ask",100,0,0.37,37,0,1,AI Overview,https://www.ozcruising.com.au/region/new-zealand/departing-brisbane/cruises,2026-05-02 08:40:03
cruises from australia to hawaii,AU,Australia,English,Hawaii (Location),false,false,false,true,true,false,"AI Overview, People also ask",70,0,0.45,37,0,1,,https://www.ozcruising.com.au/region/hawaii/departing-australia/cruises,2026-05-08 20:15:34
short cruise from sydney,AU,Australia,English,Sydney (Location),false,true,false,true,true,false,AI Overview,250,2,0.27,36,0,2,,https://www.ozcruising.com.au/short/departing-sydney/cruises,2026-05-10 13:32:28
cruise australia to hawaii 2024,AU,Australia,English,"Australia (Location), Hawaii (Location)",false,true,false,true,true,false,"AI Overview, Thumbnail, Sitelinks, People also ask",100,0,,36,0,1,AI Overview,https://www.ozcruising.com.au/region/hawaii/departing-australia/cruises,2026-04-25 01:41:18
7 day cruises from brisbane,AU,Australia,English,Brisbane (Location),false,true,false,true,true,false,"AI Overview, Thumbnail, Top ads, Paid sitelinks, People also ask, Discussions and forums, Bottom ads",100,0,0.38,36,0,2,,https://www.ozcruising.com.au/departing/brisbane/cruises,2026-05-05 22:21:28
cruise booking australia,AU,Australia,English,Australia (Location),false,true,false,false,true,true,"Top ads, Paid sitelinks",100,71,0.50,36,0,1,,https://www.ozcruising.com.au/,2026-04-12 22:55:48
last minute cruises from brisbane,AU,Australia,English,Brisbane (Location),false,true,false,true,true,true,Thumbnail,450,3,0.32,36,0,6,,https://www.ozcruising.com.au/popular/last-minute/cruises,2026-05-03 19:14:56
cheap cruises,AU,Australia,English,,false,false,false,true,true,false,"Top ads, Paid sitelinks, Discussions and forums, Thumbnail, Bottom ads, Video preview",1400,20,0.28,35,0,5,,https://www.ozcruising.com.au/cruise-specials,2026-04-25 05:40:37
nz cruise from brisbane,AU,Australia,English,Brisbane (Location),false,true,false,true,true,false,"AI Overview, Thumbnail",100,0,,35,0,2,,https://www.ozcruising.com.au/region/new-zealand/departing-brisbane/cruises,2026-04-21 03:59:02
2025 cruises from brisbane,AU,Australia,English,Brisbane (Location),false,true,false,true,true,false,AI Overview,100,0,0.37,35,0,1,,https://www.ozcruising.com.au/departing/brisbane/cruises,2026-04-12 18:31:47
cheap cruises from brisbane,AU,Australia,English,Brisbane (Location),false,true,false,true,true,false,Thumbnail,700,3,0.31,35,0,9,,https://www.ozcruising.com.au/cruise-specials,2026-05-01 23:36:17
australian cruises,AU,Australia,English,,false,false,false,true,true,false,"People also ask, Top stories, Thumbnail, Discussions and forums, Bottom ads, Paid sitelinks, Video preview",900,31,0.47,35,0,5,,https://www.ozcruising.com.au/,2026-05-09 03:46:41
one way cruise from australia to new zealand,AU,Australia,English,"Australia (Location), New Zealand (Location)",false,false,false,true,true,false,"Top ads, Paid sitelinks, AI Overview, Thumbnail, People also ask, Discussions and forums",90,0,0.45,34,0,2,,https://www.ozcruising.com.au/popular/one-way/cruises,2026-05-07 22:58:47
new year cruises australia,AU,Australia,English,Australia (Location),false,true,false,true,true,false,"Top ads, Paid sitelinks, Thumbnail",90,0,0.48,34,0,1,,https://www.ozcruising.com.au/popular/new-years-eve/cruises,2026-04-19 10:29:21
cruises leaving sydney,AU,Australia,English,Sydney (Location),false,true,false,true,true,false,,250,10,0.37,34,0,2,,https://www.ozcruising.com.au/departing/sydney/cruises,2026-05-06 06:42:33
cruise queensland,AU,Australia,English,Queensland (Location),false,true,false,true,true,false,"Thumbnail, AI Overview",90,45,0.45,33,0,1,,https://www.ozcruising.com.au/departing/brisbane/cruises,2026-04-16 11:25:31
cruise sydney to new zealand 2024,AU,Australia,English,,false,true,false,true,true,false,"Thumbnail, People also ask, Discussions and forums, Bottom ads, Paid sitelinks",90,0,0.46,33,0,1,,https://www.ozcruising.com.au/region/new-zealand/departing-sydney/cruises,2026-05-01 18:59:53
cruise to pacific islands from sydney,AU,Australia,English,"Pacific Islands (Location), Sydney (Location)",false,true,false,true,true,false,"AI Overview, Video preview",90,0,0.62,33,0,1,,https://www.ozcruising.com.au/region/south-pacific/departing-sydney/cruises,2026-04-27 01:16:32
cruise lines australia,AU,Australia,English,Australia (Location),false,true,false,true,true,false,"AI Overview, Thumbnail, People also ask, Discussions and forums",500,48,0.50,33,0,1,AI Overview,https://www.ozcruising.com.au/,2026-04-18 06:23:15
brisbane to sydney cruise,AU,Australia,English,,false,true,false,true,true,false,AI Overview,300,8,0.31,33,0,3,,https://www.ozcruising.com.au/short/departing-brisbane/cruises,2026-04-30 22:37:24
cruise websites australia,AU,Australia,English,Australia (Location),false,true,false,true,true,false,"AI Overview, Discussions and forums, People also ask",90,69,,33,0,1,,https://www.ozcruising.com.au/,2026-04-13 05:11:32
cruise to nz,AU,Australia,English,New Zealand (Location),false,false,false,true,true,false,"Thumbnail, AI Overview, People also ask, Discussions and forums",300,0,0.42,33,0,3,,https://www.ozcruising.com.au/region/new-zealand/departing-sydney/cruises,2026-04-10 08:02:20
cruising australia,AU,Australia,English,Australia (Location),false,true,false,true,true,false,"People also ask, Discussions and forums, Bottom ads, Paid sitelinks, Video preview, Thumbnail",450,48,0.46,32,0,2,,https://www.ozcruising.com.au/,2026-04-29 01:52:58
cruise new zealand from sydney,AU,Australia,English,"New Zealand (Location), Sydney (Location)",false,true,false,true,true,false,"Top ads, Paid sitelinks, Thumbnail",90,0,,32,0,1,,https://www.ozcruising.com.au/region/new-zealand/departing-sydney/cruises,2026-05-09 10:36:56
4 day cruise from sydney,AU,Australia,English,Sydney (Location),false,true,false,true,true,false,"AI Overview, Video preview, Thumbnail",600,1,0.35,32,0,8,,https://www.ozcruising.com.au/short/departing-sydney/cruises,2026-04-30 18:54:02
cruise ship australia,AU,Australia,English,Australia (Location),false,true,false,true,true,false,"People also ask, Discussions and forums",350,49,0.38,32,0,5,,https://www.ozcruising.com.au/,2026-05-03 04:59:14
3 night cruise from sydney,AU,Australia,English,Sydney (Location),false,true,false,true,true,false,"AI Overview, Thumbnail, Discussions and forums, Video preview",250,0,0.33,31,0,4,,https://www.ozcruising.com.au/short/departing-sydney/cruises,2026-04-13 00:37:42
world cruise,AU,Australia,English,,false,false,false,true,true,false,"People also ask, Video preview, Thumbnail",600,8,0.81,31,0,7,,https://www.ozcruising.com.au/theme/world/cruises,2026-05-03 01:49:18
south pacific cruise from sydney,AU,Australia,English,Sydney (Location),false,true,false,true,true,false,AI Overview,80,0,0.53,30,0,2,,https://www.ozcruising.com.au/region/south-pacific/departing-sydney/cruises,2026-04-16 04:00:02
melbourne cup cruises,AU,Australia,English,Melbourne Cup (Event),false,false,false,true,true,false,"Thumbnail, People also ask, Discussions and forums",150,0,0.76,30,0,3,,https://www.ozcruising.com.au/popular/melbourne-cup/cruises,2026-05-03 01:20:47
cheap cruise,AU,Australia,English,,false,false,false,true,true,false,,300,30,0.28,30,0,4,,https://www.ozcruising.com.au/cruise-specials,2026-05-09 00:37:08
australian cruise,AU,Australia,English,,false,false,false,true,true,false,"People also ask, Discussions and forums",400,48,0.47,30,0,5,,https://www.ozcruising.com.au/,2026-05-03 10:50:55
cruises brisbane to new zealand,AU,Australia,English,"Brisbane (Location), New Zealand (Location)",false,true,false,true,true,false,"AI Overview, Bottom ads, Paid sitelinks",80,0,0.45,29,0,1,,https://www.ozcruising.com.au/region/new-zealand/departing-brisbane/cruises,2026-04-19 02:03:17
cruises from sydney australia,AU,Australia,English,Sydney (Location),false,true,false,true,true,false,"AI Overview, Thumbnail",150,4,0.34,29,0,2,,https://www.ozcruising.com.au/departing/sydney/cruises,2026-04-14 14:54:29
singapore to brisbane cruise,AU,Australia,English,,false,false,false,true,true,false,"AI Overview, Thumbnail",200,0,0.36,29,0,3,,https://www.ozcruising.com.au/cruise/cl26-lm30nov26.1,2026-04-20 06:02:08
one way cruises,AU,Australia,English,,false,false,false,true,false,false,"People also ask, Discussions and forums, Video preview",80,0,0.28,29,0,1,,https://www.ozcruising.com.au/popular/one-way/cruises,2026-05-10 09:16:24
last minute cruises australia,AU,Australia,English,Australia (Location),false,true,false,true,true,true,People also ask,500,2,0.40,29,46,8,,https://www.ozcruising.com.au/popular/last-minute/cruises,2026-05-06 19:48:54
sydney to new zealand cruise price,AU,Australia,English,,false,true,false,true,true,false,"AI Overview, People also ask",200,0,0.42,29,0,3,,https://www.ozcruising.com.au/region/new-zealand/departing-sydney/cruises,2026-05-07 10:43:56
september cruises from brisbane,AU,Australia,English,Brisbane (Location),false,true,false,true,true,false,"Top ads, AI Overview, Thumbnail, People also ask",80,0,0.46,29,0,2,,https://www.ozcruising.com.au/departing/brisbane/cruises,2026-04-16 01:52:52
cruise ship deals,AU,Australia,English,,false,false,false,true,true,false,"Discussions and forums, Bottom ads",350,32,0.38,29,0,3,,https://www.ozcruising.com.au/cruise-specials,2026-04-29 09:30:11
discount cruises,AU,Australia,English,,false,false,false,true,true,false,"People also ask, Discussions and forums",250,30,0.50,28,0,5,,https://www.ozcruising.com.au/cruise-specials,2026-05-02 05:13:52
book a cruise sydney,AU,Australia,English,Sydney (Location),false,true,false,false,true,true,Thumbnail,80,41,0.63,28,0,1,,https://www.ozcruising.com.au/departing/sydney/cruises,2026-04-15 03:16:24
cruises departing australia,AU,Australia,English,Australia (Location),false,true,false,true,true,false,"AI Overview, People also ask, Bottom ads, Paid sitelinks",200,35,0.45,28,0,2,,https://www.ozcruising.com.au/,2026-05-09 09:10:42
pacific cruises,AU,Australia,English,Pacific (Location),false,false,false,true,true,false,"Thumbnail, Video preview",500,0,0.30,28,0,5,,https://www.ozcruising.com.au/region/south-pacific/departing-sydney/cruises,2026-05-11 07:46:28
cruises 2025,AU,Australia,English,,false,false,false,true,true,false,"AI Overview, Thumbnail, Video preview",2200,52,0.39,28,0,14,,https://www.ozcruising.com.au/departing/brisbane/cruises,2026-05-06 09:01:10
short cruise,AU,Australia,English,,false,false,false,true,true,true,Thumbnail,250,2,0.28,28,0,4,,https://www.ozcruising.com.au/short/cruises,2026-04-25 14:07:36
cruise around australia,AU,Australia,English,Australia (Location),false,false,false,true,true,false,"AI Overview, Thumbnail, People also ask, Discussions and forums, Video preview",1100,12,0.36,28,0,12,,https://www.ozcruising.com.au/,2026-04-27 11:13:53
hawaii cruise from sydney,AU,Australia,English,Sydney (Location),false,true,false,true,true,false,People also ask,80,0,0.40,28,0,1,,https://www.ozcruising.com.au/region/hawaii/departing-australia/cruises,2026-05-05 05:36:29
cruis,AU,Australia,English,,false,false,false,true,true,false,People also ask,200,72,0.33,28,0,1,,https://www.ozcruising.com.au/,2026-04-11 06:29:54
cruising,AU,Australia,English,,false,false,false,true,true,false,"AI Overview, People also ask, Discussions and forums, Video preview",1000,70,0.33,27,0,3,,https://www.ozcruising.com.au/,2026-05-05 13:57:22
hawaii cruises,AU,Australia,English,Hawaii (Location),false,true,false,true,true,false,"People also ask, Video preview, Thumbnail",500,0,0.49,27,0,7,,https://www.ozcruising.com.au/region/hawaii/departing-australia/cruises,2026-05-05 10:18:25
new year cruises from sydney,AU,Australia,English,Sydney (Location),false,true,false,true,true,false,"Thumbnail, Knowledge panel",80,6,,27,0,1,,https://www.ozcruising.com.au/popular/new-years-eve/cruises,2026-04-14 03:29:32
december cruises from sydney,AU,Australia,English,Sydney (Location),false,true,false,true,true,false,"AI Overview, People also ask",250,5,0.35,27,0,4,,https://www.ozcruising.com.au/popular/christmas/cruises,2026-05-01 11:08:50
cruises from los angeles to hawaii,AU,Australia,English,"Los Angeles (Location), Hawaii (Location)",false,true,false,true,true,false,"Thumbnail, People also ask",70,8,0.53,27,0,1,,https://www.ozcruising.com.au/region/hawaii/departing-los-angeles/cruises,2026-04-20 17:41:17
brisbane to nz cruise,AU,Australia,English,"Brisbane (Location), New Zealand (Location)",false,true,false,true,true,false,"Thumbnail, AI Overview, People also ask",70,0,0.45,27,0,1,,https://www.ozcruising.com.au/region/new-zealand/departing-brisbane/cruises,2026-04-25 12:40:02
july cruises,AU,Australia,English,,false,false,false,true,true,false,"Top ads, Paid sitelinks, Thumbnail, AI Overview, Discussions and forums, Bottom ads",70,12,0.45,27,4,1,,https://www.ozcruising.com.au/departure/July-2026/cruises,2026-05-01 13:11:02
3 day cruises from sydney,AU,Australia,English,Sydney (Location),false,true,false,true,true,false,"Thumbnail, AI Overview, Discussions and forums, Video preview",600,0,0.35,26,0,9,,https://www.ozcruising.com.au/short-cruises/departing-from-sydney,2026-04-26 07:22:00
one way cruise to new zealand,AU,Australia,English,New Zealand (Location),false,false,false,true,true,true,"AI Overview, Thumbnail, People also ask",70,1,0.27,26,0,1,AI Overview,https://www.ozcruising.com.au/popular/one-way/cruises,2026-04-19 23:11:40
cruise singapore to brisbane,AU,Australia,English,,false,false,false,true,true,false,"AI Overview, People also ask",200,0,0.36,26,0,3,,https://www.ozcruising.com.au/cruise/cl26-lm30nov26.1,2026-05-04 22:24:11
cruises departing brisbane,AU,Australia,English,Brisbane (Location),false,true,false,true,true,false,"Bottom ads, Paid sitelinks",300,0,0.35,25,0,3,,https://www.ozcruising.com.au/departing/brisbane/cruises,2026-04-30 00:27:04
pacific island cruise,AU,Australia,English,,false,false,false,true,true,false,"AI Overview, Thumbnail",300,0,0.27,25,0,1,AI Overview,https://www.ozcruising.com.au/region/south-pacific/departing-sydney/cruises,2026-04-26 14:46:08
how fast does a cruise ship go,AU,Australia,English,,false,false,false,true,false,false,"AI Overview, Thumbnail, Video preview, People also ask",70,0,,25,0,1,AI Overview,https://www.ozcruising.com.au/blog/how-fast-does-a-cruise-ship-travel,2026-05-01 14:48:28
short cruise from melbourne,AU,Australia,English,Melbourne (Location),false,true,false,true,true,false,"Top ads, Paid sitelinks, AI Overview, Thumbnail",150,0,0.33,25,5,3,,https://www.ozcruising.com.au/short-cruises/departing-from-melbourne,2026-04-19 17:32:33
new years cruise australia,AU,Australia,English,Australia (Location),false,true,false,true,true,false,"Top ads, Paid sitelinks",70,1,0.48,25,3,1,,https://www.ozcruising.com.au/popular/new-years-eve/cruises,2026-04-12 14:14:10
cruise sale australia,AU,Australia,English,Australia (Location),false,true,false,true,true,false,,150,47,0.54,25,0,2,,https://www.ozcruising.com.au/cruise-specials,2026-05-09 21:37:25
hawaii cruise,AU,Australia,English,Hawaii (Location),false,true,false,true,true,false,"Thumbnail, Discussions and forums, Video preview",600,0,0.50,25,0,8,,https://www.ozcruising.com.au/region/hawaii/departing-australia/cruises,2026-04-27 23:20:17
cruise to nz from sydney,AU,Australia,English,"New Zealand (Location), Sydney (Location)",false,true,false,true,true,false,"Top ads, AI Overview, People also ask, Bottom ads, Paid sitelinks",150,1,0.43,24,0,2,,https://www.ozcruising.com.au/region/new-zealand/departing-sydney/cruises,2026-04-10 20:06:10
cruises adelaide,AU,Australia,English,Adelaide (Location),false,true,false,true,true,false,"Thumbnail, People also ask",150,1,0.13,24,0,2,,https://www.ozcruising.com.au/departing/adelaide/cruises,2026-04-18 01:01:27
new years cruises,AU,Australia,English,,false,false,false,true,true,true,,70,0,0.45,24,0,1,,https://www.ozcruising.com.au/popular/new-years-eve/cruises,2026-04-23 17:05:02
brisbane cruising,AU,Australia,English,Brisbane (Location),false,true,false,true,true,false,Thumbnail,150,8,0.46,24,0,2,,https://www.ozcruising.com.au/departing/brisbane/cruises,2026-04-20 22:41:03
moreton island cruise from sydney,AU,Australia,English,"Moreton Island (Location), Sydney (Location)",false,true,false,true,true,false,"Thumbnail, Video preview, People also ask",600,0,0.21,24,0,8,,https://www.ozcruising.com.au/cruise/cl25-sl16jul25,2026-02-11 22:48:20
weekend cruises from sydney,AU,Australia,English,Sydney (Location),false,true,false,true,true,false,"Thumbnail, AI Overview, People also ask, Bottom ads, Paid sitelinks",250,1,0.32,24,0,3,,https://www.ozcruising.com.au/weekend/departing-sydney/cruises,2026-04-26 05:39:38
sydney to new zealand cruises,AU,Australia,English,"Sydney (Location), New Zealand (Location)",false,true,false,true,true,false,"Thumbnail, AI Overview",70,0,,24,0,1,,https://www.ozcruising.com.au/region/new-zealand/departing-sydney/cruises,2026-05-05 00:21:55
cruise from melbourne to new zealand,AU,Australia,English,"Melbourne (Location), New Zealand (Location)",false,true,false,true,true,false,"Top ads, Paid sitelinks, AI Overview, Thumbnail, People also ask, Discussions and forums",250,0,0.41,24,0,5,,https://www.ozcruising.com.au/region/new-zealand/departing-melbourne/cruises,2026-04-21 18:29:37
cruise to new zealand from australia,AU,Australia,English,"New Zealand (Location), Australia (Location)",false,false,false,true,true,false,"AI Overview, Thumbnail, People also ask",300,1,0.42,24,0,6,,https://www.ozcruising.com.au/region/new-zealand/departing-sydney/cruises,2026-04-11 01:21:26
cruises out of sydney australia,AU,Australia,English,Sydney (Location),false,true,false,true,true,false,"AI Overview, Thumbnail, People also ask",150,7,0.42,24,0,3,,https://www.ozcruising.com.au/departing/sydney/cruises,2026-05-02 08:51:40
july cruises from brisbane,AU,Australia,English,Brisbane (Location),false,true,false,true,true,false,People also ask,60,0,,23,0,1,,https://www.ozcruising.com.au/departing/brisbane/cruises,2026-04-10 12:15:53
cruises departing from sydney,AU,Australia,English,Sydney (Location),false,true,false,true,true,false,AI Overview,150,18,0.42,23,0,2,,https://www.ozcruising.com.au/departing/sydney/cruises,2026-05-02 06:49:42
new zealand cruise from melbourne,AU,Australia,English,"New Zealand (Location), Melbourne (Location)",false,true,false,true,true,false,"AI Overview, Thumbnail, People also ask, Discussions and forums",250,0,0.41,23,0,4,,https://www.ozcruising.com.au/region/new-zealand/departing-melbourne/cruises,2026-04-21 18:38:08
last minute cruise deals,AU,Australia,English,,false,false,false,true,true,true,"People also ask, Bottom ads, Thumbnail",1300,4,0.36,23,0,11,,https://www.ozcruising.com.au/popular/last-minute/cruises,2026-05-04 13:24:55
nz cruise,AU,Australia,English,New Zealand (Location),false,false,false,true,true,false,"Thumbnail, People also ask",400,2,0.43,23,0,5,,https://www.ozcruising.com.au/region/new-zealand/departing-sydney/cruises,2026-04-19 06:42:31
cruise in july,AU,Australia,English,,false,false,false,true,true,false,"AI Overview, People also ask",60,37,0.45,23,0,1,,https://www.ozcruising.com.au/departure/July-2026/cruises,2026-04-30 00:10:47
cruise book,AU,Australia,English,,false,false,false,true,true,true,"Discussions and forums, Bottom ads",60,61,0.61,23,0,1,,https://www.ozcruising.com.au/,2026-05-05 23:13:54
cruises from melbourne to new zealand,AU,Australia,English,"Melbourne (Location), New Zealand (Location)",false,true,false,true,true,false,"AI Overview, People also ask",150,0,0.41,23,0,2,,https://www.ozcruising.com.au/region/new-zealand/departing-melbourne/cruises,2026-04-13 12:16:02
cruise australia to new zealand,AU,Australia,English,"Australia (Location), New Zealand (Location)",false,false,false,true,true,false,AI Overview,200,2,0.42,23,0,3,,https://www.ozcruising.com.au/region/new-zealand/departing-sydney/cruises,2026-05-08 05:40:42
hawaii cruises from australia,AU,Australia,English,,false,false,false,true,true,false,"Top ads, Paid sitelinks, AI Overview, Thumbnail, People also ask, Bottom ads",60,0,0.45,23,0,1,,https://www.ozcruising.com.au/region/hawaii/departing-australia/cruises,2026-04-26 03:29:53
cruises to nz from brisbane,AU,Australia,English,"New Zealand (Location), Brisbane (Location)",false,true,false,true,true,false,"AI Overview, Thumbnail",60,0,0.45,23,0,1,AI Overview,https://www.ozcruising.com.au/region/new-zealand/departing-brisbane/cruises,2026-04-26 22:38:56
3 day cruises from brisbane,AU,Australia,English,Brisbane (Location),false,true,false,true,true,false,"AI Overview, Video preview",350,0,0.38,22,0,7,,https://www.ozcruising.com.au/short/departing-brisbane/cruises,2026-04-29 04:10:29
cruise ships in australia,AU,Australia,English,Australia (Location),false,true,false,true,true,false,"Top ads, Paid sitelinks, AI Overview, Thumbnail, People also ask, Bottom ads",150,21,0.46,22,0,3,,https://www.ozcruising.com.au/,2026-04-16 11:58:02
new year cruises,AU,Australia,English,,false,false,false,true,true,false,"Top ads, Thumbnail, Bottom ads, Paid sitelinks",100,0,0.45,22,0,1,,https://www.ozcruising.com.au/popular/new-years-eve/cruises,2026-04-24 11:01:49
0z cruising,AU,Australia,English,,false,false,false,true,true,false,"Sitelinks, Discussions and forums, People also ask, Video preview",60,0,,22,0,1,,https://www.ozcruising.com.au/,2026-05-06 15:54:52
cruises for sale,AU,Australia,English,,false,false,false,true,true,true,"Thumbnail, Knowledge panel, People also ask",150,23,1.26,22,0,2,,https://www.ozcruising.com.au/cruise-specials,2026-05-09 05:03:53
cruise from rome,AU,Australia,English,Rome (Location),false,true,false,true,true,false,Thumbnail,150,0,0.84,22,0,2,,https://www.ozcruising.com.au/region/mediterranean/departing-rome/cruises,2026-04-19 09:19:03
cruises from hong kong,AU,Australia,English,Hong Kong (Location),false,true,false,true,true,false,"People also ask, Image pack",200,0,0.42,22,14,4,,https://www.ozcruising.com.au/region/asia/departing-hong-kong/cruises,2026-05-08 13:26:51
sydney to brisbane cruise,AU,Australia,English,Sydney to Brisbane (Location),false,true,false,true,true,false,"AI Overview, Thumbnail",300,0,0.32,22,0,8,,https://www.ozcruising.com.au/departing/sydney/cruises,2026-04-21 02:40:59
cruise ship from sydney,AU,Australia,English,Sydney (Location),false,true,false,true,true,false,"Top ads, Paid sitelinks, Thumbnail, AI Overview, People also ask, Bottom ads",200,14,0.31,22,0,3,,https://www.ozcruising.com.au/departing/sydney/cruises,2026-04-14 10:27:02
australia cruise ships,AU,Australia,English,Australia (Location),false,false,false,true,true,false,"AI Overview, Thumbnail, People also ask, Top stories",200,28,0.38,22,0,4,,https://www.ozcruising.com.au/,2026-04-20 18:49:17
australia day cruise,AU,Australia,English,Australia Day (Event),false,false,false,true,true,true,Thumbnail,200,1,0.43,22,0,4,,https://www.ozcruising.com.au/theme/australia-day/cruises,2026-04-26 08:57:52
cruises to hawaii,AU,Australia,English,Hawaii (Location),false,true,false,true,true,false,"Thumbnail, People also ask, Discussions and forums, Video preview",300,0,0.41,22,0,9,,https://www.ozcruising.com.au/region/hawaii/departing-australia/cruises,2026-04-13 08:31:18
cruises out of sydney,AU,Australia,English,Sydney (Location),false,true,false,true,true,false,"Top ads, Paid sitelinks, People also ask, Discussions and forums, Bottom ads",300,13,0.42,22,0,2,,https://www.ozcruising.com.au/departing/sydney/cruises,2026-04-29 15:52:55
book a cruise australia,AU,Australia,English,Australia (Location),false,true,false,false,true,true,"Top ads, Paid sitelinks, Bottom ads",100,72,0.62,21,0,2,,https://www.ozcruising.com.au/,2026-05-05 22:27:02
cruise discounts,AU,Australia,English,,false,false,false,true,true,false,Thumbnail,150,41,0.52,21,0,3,,https://www.ozcruising.com.au/cruise-specials,2026-05-04 03:57:14
cruise brisbane to auckland one way,AU,Australia,English,,false,true,false,true,true,false,"AI Overview, Thumbnail, People also ask",100,8,0.45,21,0,3,,https://www.ozcruising.com.au/popular/one-way/cruises,2026-05-06 11:43:38
cruise to hawaii from melbourne,AU,Australia,English,"Hawaii (Location), Melbourne (Location)",false,true,false,true,true,false,"Top ads, Thumbnail, People also ask, Bottom ads, Paid sitelinks",60,0,,21,0,1,,https://www.ozcruising.com.au/region/hawaii/departing-australia/cruises,2026-04-29 20:37:30
cruises to hawaii from sydney,AU,Australia,English,"Hawaii (Location), Sydney (Location)",false,true,false,true,true,false,"AI Overview, People also ask",100,0,0.40,21,0,3,,https://www.ozcruising.com.au/region/hawaii/departing-australia/cruises,2026-04-10 07:14:15
cruises to new zealand from melbourne,AU,Australia,English,"New Zealand (Location), Melbourne (Location)",false,true,false,true,true,false,"AI Overview, People also ask",150,0,0.41,21,0,3,,https://www.ozcruising.com.au/region/new-zealand/departing-melbourne/cruises,2026-05-07 05:01:14
find a cruise australia,AU,Australia,English,Australia (Location),false,true,false,true,true,false,"Top ads, Thumbnail, People also ask, Discussions and forums, Bottom ads, Paid sitelinks",150,66,0.52,21,6,2,,https://www.ozcruising.com.au/,2026-04-23 07:55:27
3 day cruises,AU,Australia,English,,false,false,false,true,true,false,"People also ask, Discussions and forums, Thumbnail",450,0,0.35,21,0,7,,https://www.ozcruising.com.au/short-cruises,2026-04-16 14:29:26
christmas cruises,AU,Australia,English,Christmas (Event),false,false,false,true,true,false,"Top ads, Paid sitelinks, Thumbnail, Bottom ads, Video preview",800,0,0.36,21,0,7,,https://www.ozcruising.com.au/popular/christmas/cruises,2026-04-28 03:38:52
cruise tour,AU,Australia,English,,false,false,false,true,true,false,People also ask,250,69,0.48,21,0,5,,https://www.ozcruising.com.au/cruise-specials,2026-04-27 17:04:23
sydney to sydney cruise,AU,Australia,English,Sydney to Sydney cruise (Event),false,true,false,true,true,false,"Top ads, Paid sitelinks, AI Overview, Thumbnail",200,4,0.46,21,3,4,,https://www.ozcruising.com.au/departing/sydney/cruises,2026-05-05 05:29:52
cruise booking sydney,AU,Australia,English,Sydney (Location),false,true,false,false,true,true,"Top ads, Thumbnail, People also ask",150,46,0.61,21,0,2,,https://www.ozcruising.com.au/departing/sydney/cruises,2026-05-10 21:21:41
cruise deals from sydney 2023,AU,Australia,English,Sydney (Location),false,true,false,true,true,false,Sitelinks,150,13,0.60,21,0,2,,https://www.ozcruising.com.au/departing/sydney/cruises,2026-04-11 07:15:17
cruises in july,AU,Australia,English,,false,false,false,true,true,false,,200,10,0.44,20,0,4,,https://www.ozcruising.com.au/departure/July-2026/cruises,2026-05-04 03:51:18
cruises departing from melbourne,AU,Australia,English,Melbourne (Location),false,true,false,true,true,false,Thumbnail,150,0,0.34,20,0,2,,https://www.ozcruising.com.au/departing/melbourne/cruises,2026-05-02 23:30:17
sydney hawaii cruise,AU,Australia,English,"Sydney (Location), Hawaii (Location)",false,true,false,true,true,false,"AI Overview, Thumbnail, Video preview",60,0,,20,0,2,,https://www.ozcruising.com.au/region/hawaii/departing-australia/cruises,2026-05-09 10:05:55
october cruises from brisbane,AU,Australia,English,Brisbane (Location),false,true,false,true,true,false,,60,0,,20,0,1,,https://www.ozcruising.com.au/departing/brisbane/cruises,2026-05-09 23:44:46
cruise to new zealand from melbourne,AU,Australia,English,"New Zealand (Location), Melbourne (Location)",false,true,false,true,true,false,"Thumbnail, People also ask",150,0,0.41,20,0,3,,https://www.ozcruising.com.au/region/new-zealand/departing-melbourne/cruises,2026-04-14 09:11:21
melbourne cup cruise from sydney,AU,Australia,English,"Melbourne Cup (Event), Sydney (Location)",false,true,false,true,true,false,"Thumbnail, People also ask",150,0,0.49,20,0,2,,https://www.ozcruising.com.au/popular/melbourne-cup/cruises,2026-04-22 13:22:27
3 day cruise from brisbane,AU,Australia,English,Brisbane (Location),false,true,false,true,true,false,,300,1,0.37,20,0,7,,https://www.ozcruising.com.au/short/departing-brisbane/cruises,2026-04-11 20:31:06
island cruises from sydney,AU,Australia,English,Sydney (Location),false,true,false,true,true,false,"People also ask, Video preview",60,0,0.41,20,0,1,,https://www.ozcruising.com.au/region/south-pacific/departing-sydney/cruises,2026-04-25 01:23:02
cruise from australia,AU,Australia,English,Australia (Location),false,false,false,true,true,false,"Discussions and forums, Bottom ads, Paid sitelinks",450,44,0.43,20,0,4,,https://www.ozcruising.com.au/,2026-04-29 18:37:28
2 night cruise from sydney,AU,Australia,English,Sydney (Location),false,true,false,true,true,false,AI Overview,150,0,0.36,20,0,3,,https://www.ozcruising.com.au/short-cruises/departing-from-sydney,2026-04-28 04:25:10
cruise specials australia,AU,Australia,English,Australia (Location),false,true,false,true,true,false,"Top ads, People also ask, Thumbnail, Bottom ads, Paid sitelinks",150,51,0.46,20,10,3,,https://www.ozcruising.com.au/cruise-specials,2026-05-01 07:58:28
melbourne to melbourne cruise,AU,Australia,English,Melbourne to Melbourne cruise (Event),false,true,false,true,true,false,"Top ads, Paid sitelinks, Thumbnail, AI Overview",150,0,0.45,20,3,4,,https://www.ozcruising.com.au/departing/melbourne/cruises,2026-04-10 15:04:42
how fast do cruise ships go,AU,Australia,English,,false,false,false,true,false,false,"AI Overview, Thumbnail, People also ask, Sitelinks, Video preview",90,0,,20,0,1,AI Overview,https://www.ozcruising.com.au/blog/how-fast-does-a-cruise-ship-travel,2026-04-28 20:00:54
cruises 2025 from brisbane,AU,Australia,English,Brisbane (Location),false,true,false,true,true,false,"Top ads, Paid sitelinks, Bottom ads",150,0,0.37,20,3,3,,https://www.ozcruising.com.au/departing/brisbane/cruises,2026-04-30 08:55:53
new zealand cruises from melbourne,AU,Australia,English,"New Zealand (Location), Melbourne (Location)",false,true,false,true,true,false,"Top ads, Paid sitelinks, Thumbnail, AI Overview, People also ask, Bottom ads",250,0,0.36,20,0,2,,https://www.ozcruising.com.au/region/new-zealand/departing-melbourne/cruises,2026-04-23 21:44:11
how much does it cost to build a cruise ship,AU,Australia,English,,false,false,false,true,false,false,"AI Overview, Thumbnail, People also ask, Sitelinks, Discussions and forums, Video preview",50,2,,20,0,2,,https://www.ozcruising.com.au/blog/how-much-does-a-cruise-ship-cost-to-build,2026-04-24 23:38:27
cruise new zealand 2025,AU,Australia,English,New Zealand (Location),false,false,false,true,true,false,"AI Overview, Thumbnail, People also ask",150,0,0.42,20,0,1,AI Overview,https://www.ozcruising.com.au/region/new-zealand/departing-sydney/cruises,2026-04-12 13:00:54
cruising deals,AU,Australia,English,,false,false,false,true,true,false,"Top ads, Paid sitelinks, Thumbnail, People also ask, Discussions and forums, Bottom ads",150,42,0.97,20,0,2,,https://www.ozcruising.com.au/cruise-specials,2026-05-05 06:18:16
cruises melbourne,AU,Australia,English,Melbourne (Location),false,true,false,true,true,false,"Video preview, Thumbnail",250,0,0.28,19,0,5,,https://www.ozcruising.com.au/departing/melbourne/cruises,2026-05-09 20:53:11
last minute cruises from sydney,AU,Australia,English,Sydney (Location),false,true,false,true,true,true,"Bottom ads, Paid sitelinks, Thumbnail",400,1,0.32,19,0,7,,https://www.ozcruising.com.au/popular/last-minute/cruises,2026-05-11 13:31:09
crusie,AU,Australia,English,,false,false,false,true,true,false,"People also ask, Thumbnail, Video preview",600,73,0.33,19,0,5,,https://www.ozcruising.com.au/,2026-04-28 03:12:05
cruises to nz,AU,Australia,English,New Zealand (Location),false,false,false,true,true,false,"People also ask, Discussions and forums",200,1,0.42,19,0,4,,https://www.ozcruising.com.au/region/new-zealand/departing-sydney/cruises,2026-05-03 07:57:41
cruises from sydney april 2023,AU,Australia,English,Sydney (Location),false,true,false,true,true,false,"Sitelinks, People also ask",150,10,0.45,19,0,2,,https://www.ozcruising.com.au/departing/sydney/cruises,2026-04-30 08:24:28
sydney to honolulu cruise,AU,Australia,English,Sydney to Honolulu (Event),false,false,false,true,true,false,"AI Overview, Thumbnail",150,0,0.48,19,0,1,AI Overview,https://www.ozcruising.com.au/region/hawaii/departing-australia/cruises,2026-05-03 08:01:47
cruises from sydney may 2023,AU,Australia,English,Sydney (Location),false,true,false,true,true,false,Sitelinks,150,5,,19,0,2,,https://www.ozcruising.com.au/departing/sydney/cruises,2026-05-08 02:42:16
australian cruise companies,AU,Australia,English,,false,false,false,true,true,false,"AI Overview, Thumbnail, People also ask, Knowledge panel, Discussions and forums",50,51,0.53,19,0,2,,https://www.ozcruising.com.au/,2026-04-22 15:38:32
how much do cruise ships cost,AU,Australia,English,,false,false,false,true,false,false,"AI Overview, Thumbnail, People also ask, Video preview, Sitelinks",50,1,0.42,19,0,2,,https://www.ozcruising.com.au/blog/how-much-does-a-cruise-ship-cost-to-build,2026-04-19 11:23:30
cruising from sydney australia,AU,Australia,English,Sydney (Location),false,true,false,true,true,false,"AI Overview, Thumbnail, Local pack",150,4,0.34,19,0,1,AI Overview,https://www.ozcruising.com.au/departing/sydney/cruises,2026-04-11 04:08:27
book cruise from sydney,AU,Australia,English,Sydney (Location),false,true,false,false,true,true,"Top ads, Paid sitelinks, Bottom ads",150,10,,19,0,2,,https://www.ozcruising.com.au/departing/sydney/cruises,2026-05-05 06:20:27
cruising 2025,AU,Australia,English,,false,false,false,true,true,false,"AI Overview, People also ask",150,59,,19,0,3,,https://www.ozcruising.com.au/,2026-04-15 23:02:32
melbourne to new zealand cruise,AU,Australia,English,"Melbourne (Location), New Zealand (Location)",false,true,false,true,true,false,"Thumbnail, People also ask, Discussions and forums",150,0,0.41,19,0,4,,https://www.ozcruising.com.au/region/new-zealand/departing-melbourne/cruises,2026-04-25 23:42:48
cruise ship speed,AU,Australia,English,,false,false,false,true,false,false,"AI Overview, People also ask, Discussions and forums",50,0,,19,0,2,,https://www.ozcruising.com.au/blog/how-fast-does-a-cruise-ship-travel,2026-05-03 13:15:44
cruise tours australia,AU,Australia,English,Australia (Location),false,true,false,true,true,false,"AI Overview, People also ask, Thumbnail, Local pack",150,68,0.46,18,0,2,,https://www.ozcruising.com.au/,2026-05-07 05:21:14
cruise trip australia,AU,Australia,English,Australia (Location),false,false,false,true,true,false,People also ask,150,52,0.46,18,0,3,,https://www.ozcruising.com.au/,2026-05-04 18:21:34
south pacific cruises 2025,AU,Australia,English,South Pacific (Location),false,false,false,true,true,false,"Top ads, Paid sitelinks, People also ask, Thumbnail, Bottom ads",200,0,0.30,18,0,4,,https://www.ozcruising.com.au/region/south-pacific/departing-sydney/cruises,2026-04-13 05:22:42
cruises leaving from melbourne,AU,Australia,English,Melbourne (Location),false,true,false,true,true,false,"Thumbnail, People also ask",100,0,0.25,18,0,2,,https://www.ozcruising.com.au/departing/melbourne/cruises,2026-04-28 02:12:18
cruise south pacific,AU,Australia,English,South Pacific (Location),false,false,false,true,true,false,"Thumbnail, People also ask, Discussions and forums",200,0,0.37,18,0,5,,https://www.ozcruising.com.au/region/south-pacific/departing-sydney/cruises,2026-04-28 03:50:40
deals on cruises,AU,Australia,English,,false,false,false,true,true,false,People also ask,100,37,0.45,18,0,2,,https://www.ozcruising.com.au/cruise-specials,2026-05-10 17:21:11
cruising from australia,AU,Australia,English,,false,false,false,true,true,false,"Thumbnail, AI Overview, People also ask",50,45,0.42,18,0,1,,https://www.ozcruising.com.au/,2026-04-10 13:02:38
one way cruise,AU,Australia,English,,false,false,false,true,true,false,"Top ads, Paid sitelinks, Sitelinks, Thumbnail",50,2,0.28,18,0,1,,https://www.ozcruising.com.au/popular/one-way/cruises,2026-04-14 22:05:16
cruises to honolulu,AU,Australia,English,Honolulu (Location),false,true,false,true,true,false,"AI Overview, People also ask, Discussions and forums",50,0,0.52,18,0,1,,https://www.ozcruising.com.au/region/hawaii/departing-australia/cruises,2026-05-07 07:20:26
cruises from sydney to new zealand 2024,AU,Australia,English,"Sydney (Location), New Zealand (Location)",false,true,false,true,true,false,"Sitelinks, People also ask",100,1,0.46,18,0,2,,https://www.ozcruising.com.au/region/new-zealand/departing-sydney/cruises,2026-05-08 15:35:11
cruise from sydney 2024,AU,Australia,English,,false,true,false,true,true,false,Sitelinks,150,10,0.43,18,0,3,,https://www.ozcruising.com.au/departing/sydney/cruises,2026-04-20 18:11:56
january cruises,AU,Australia,English,,false,false,false,true,true,false,,100,31,0.38,18,2,2,,https://www.ozcruising.com.au/departure/january-2027/cruises,2026-05-01 03:49:11
last minute cruises brisbane,AU,Australia,English,Brisbane (Location),false,true,false,true,true,true,AI Overview,150,3,0.35,18,0,5,,https://www.ozcruising.com.au/popular/last-minute/cruises,2026-05-02 14:14:56
cruise booking sites,AU,Australia,English,,false,false,false,true,true,true,Discussions and forums,150,71,0.61,18,0,3,,https://www.ozcruising.com.au/,2026-05-06 10:30:41
june cruises from sydney,AU,Australia,English,Sydney (Location),false,true,false,true,true,false,"Top ads, Paid sitelinks, AI Overview, People also ask, Thumbnail",50,5,,18,0,1,,https://www.ozcruising.com.au/departing/sydney/cruises,2026-05-06 01:18:54
cruise sales australia,AU,Australia,English,Australia (Location),false,true,false,true,true,false,,100,51,0.50,18,0,2,,https://www.ozcruising.com.au/cruise-specials,2026-04-11 18:10:29
brisbane to brisbane cruises,AU,Australia,English,,false,true,false,true,true,false,AI Overview,200,0,0.46,18,0,5,,https://www.ozcruising.com.au/departing/brisbane/cruises,2026-05-09 18:04:44
new years eve cruises,AU,Australia,English,,false,false,false,true,true,true,AI Overview,150,1,0.46,18,0,2,,https://www.ozcruising.com.au/popular/new-years-eve/cruises,2026-05-07 04:58:21
international cruises from australia,AU,Australia,English,,false,false,false,true,true,false,"AI Overview, People also ask",150,66,0.43,18,0,4,,https://www.ozcruising.com.au/,2026-04-13 22:02:29
cruise holidays from sydney,AU,Australia,English,Sydney (Location),false,true,false,true,true,false,"AI Overview, Thumbnail, Bottom ads, Paid sitelinks",100,18,0.42,18,0,2,,https://www.ozcruising.com.au/departing/sydney/cruises,2026-04-15 07:07:28
cruises from brisbane to new zealand 2024,AU,Australia,English,"Brisbane (Location), New Zealand (Location)",false,true,false,true,true,false,"Sitelinks, People also ask, Bottom ads, Paid sitelinks",100,8,0.46,18,0,2,,https://www.ozcruising.com.au/region/new-zealand/departing-brisbane/cruises,2026-04-20 16:00:29
cruise ship melbourne,AU,Australia,English,Melbourne (Location),false,true,false,true,true,false,"AI Overview, Local pack, Thumbnail, Video preview",450,1,0.25,18,0,3,AI Overview,https://www.ozcruising.com.au/departing/melbourne/cruises,2026-05-02 06:45:31
cruises in adelaide,AU,Australia,English,Adelaide (Location),false,true,false,true,true,false,"Top ads, Paid sitelinks, Local pack, Thumbnail",100,10,0.23,17,0,3,,https://www.ozcruising.com.au/departing/adelaide/cruises,2026-04-22 11:38:31
international cruises,AU,Australia,English,,false,false,false,true,true,false,"People also ask, Thumbnail",100,62,0.62,17,0,2,,https://www.ozcruising.com.au/,2026-05-06 22:04:51
cruise new zealand from brisbane,AU,Australia,English,"New Zealand (Location), Brisbane (Location)",false,true,false,true,true,false,AI Overview,50,0,,17,0,2,,https://www.ozcruising.com.au/region/new-zealand/departing-brisbane/cruises,2026-05-04 05:12:52
last minute cruises from melbourne,AU,Australia,English,Melbourne (Location),false,true,false,true,true,true,,450,3,0.30,17,0,9,,https://www.ozcruising.com.au/popular/last-minute/cruises,2026-04-12 01:21:21
short cruises from sydney 2023,AU,Australia,English,Sydney (Location),false,true,false,true,true,false,AI Overview,150,2,0.45,17,0,4,,https://www.ozcruising.com.au/short/departing-sydney/cruises,2026-05-07 14:41:11
cruise from perth to sydney,AU,Australia,English,"Perth (Location), Sydney (Location)",false,true,false,true,true,false,"AI Overview, Thumbnail, People also ask, Discussions and forums",150,0,0.28,17,0,4,,https://www.ozcruising.com.au/departing/fremantle/cruises,2026-04-26 03:53:17
cruise offers 2024,AU,Australia,English,,false,false,false,true,true,false,"AI Overview, Thumbnail, People also ask",100,24,0.50,17,0,3,,https://www.ozcruising.com.au/cruise-specials,2026-04-23 17:56:09
cruise deals sydney,AU,Australia,English,Sydney (Location),false,true,false,true,true,false,,200,6,0.46,17,0,5,,https://www.ozcruising.com.au/departing/sydney/cruises,2026-05-03 04:43:12
south pacific cruises from australia,AU,Australia,English,South Pacific (Location),false,false,false,true,true,false,People also ask,150,0,0.41,17,0,3,,https://www.ozcruising.com.au/region/south-pacific/departing-sydney/cruises,2026-05-07 07:42:56
ocean liner vs cruise ship,AU,Australia,English,,false,false,false,true,false,false,"AI Overview, Thumbnail, Video preview, People also ask, Discussions and forums",150,1,,17,0,4,,https://www.ozcruising.com.au/blog/what-is-the-difference-between-a-cruise-ship-and-an-ocean-liner,2026-05-05 15:25:47
nz cruises,AU,Australia,English,New Zealand (Location),false,false,false,true,true,false,"People also ask, Discussions and forums",350,23,0.43,17,0,7,,https://www.ozcruising.com.au/,2026-05-10 16:16:23
cruise fremantle to sydney,AU,Australia,English,,false,true,false,true,true,false,"AI Overview, Thumbnail",150,0,0.27,17,0,5,,https://www.ozcruising.com.au/cruise/pc27-h727,2026-05-09 18:58:38
pacific island cruises,AU,Australia,English,,false,false,false,true,true,false,"Thumbnail, Bottom ads, Paid sitelinks",300,0,0.27,17,0,4,,https://www.ozcruising.com.au/region/south-pacific/departing-sydney/cruises,2026-04-20 20:15:17
cruises september 2023,AU,Australia,English,,false,false,false,true,true,false,"Sitelinks, People also ask",150,12,0.46,17,0,3,,https://www.ozcruising.com.au/departing/sydney/cruises,2026-04-15 16:11:17
cruises out of fremantle,AU,Australia,English,Fremantle (Location),false,true,false,true,true,false,,100,2,0.08,17,0,2,,https://www.ozcruising.com.au/departing/fremantle/cruises,2026-05-09 04:03:25
2 day cruise sydney,AU,Australia,English,Sydney (Location),false,true,false,true,true,false,AI Overview,150,2,0.45,17,0,4,,https://www.ozcruising.com.au/short-cruises/departing-from-sydney,2026-04-22 20:06:14
cruises from sydney march 2023,AU,Australia,English,Sydney (Location),false,true,false,true,true,false,"Sitelinks, People also ask",100,10,0.49,17,0,2,,https://www.ozcruising.com.au/departing/sydney/cruises,2026-04-26 08:18:48
best cruise deals australia,AU,Australia,English,Australia (Location),false,true,false,true,true,false,"AI Overview, People also ask",90,54,0.58,17,0,2,,https://www.ozcruising.com.au/cruise-specials,2026-05-10 21:33:32
cruises from melbourne 2025,AU,Australia,English,Melbourne (Location),false,true,false,true,true,false,"AI Overview, People also ask, Thumbnail",1100,1,0.27,17,0,13,,https://www.ozcruising.com.au/,2026-05-01 05:00:39
cruise ship holidays australia,AU,Australia,English,Australia (Location),false,true,false,true,true,false,"Top ads, Paid sitelinks, Thumbnail, AI Overview, People also ask, Bottom ads",150,54,0.45,17,0,3,,https://www.ozcruising.com.au/,2026-04-28 22:30:03
cruise pacific islands,AU,Australia,English,Pacific Islands (Location),false,false,false,true,true,false,"Thumbnail, AI Overview",150,0,0.31,17,0,4,,https://www.ozcruising.com.au/region/south-pacific/departing-sydney/cruises,2026-04-23 20:31:54
cruises from sydney in july,AU,Australia,English,Sydney (Location),false,true,false,true,true,false,"AI Overview, Thumbnail, Top ads, Paid sitelinks, People also ask, Bottom ads",100,4,,17,0,3,,https://www.ozcruising.com.au/departing/sydney/cruises,2026-04-20 03:13:53
comedy cruise brisbane,AU,Australia,English,Brisbane (Location),false,true,false,true,true,false,"People also ask, Video preview, Thumbnail",450,15,0.39,17,0,9,,https://www.ozcruising.com.au/theme/comedy/cruises,2026-04-30 12:08:05
cruises in australia,AU,Australia,English,Australia (Location),false,true,false,true,true,false,"Thumbnail, People also ask, Bottom ads, Paid sitelinks",350,23,0.43,17,0,5,,https://www.ozcruising.com.au/,2026-04-23 11:41:28
cruise deals australia 2024,AU,Australia,English,Australia (Location),false,true,false,true,true,true,"Thumbnail, Sitelinks",100,34,,17,0,2,,https://www.ozcruising.com.au/cruise-specials,2026-04-28 05:32:46
asia cruises from australia,AU,Australia,English,,false,false,false,true,true,false,"Top ads, Paid sitelinks, AI Overview",100,0,0.44,17,0,3,,https://www.ozcruising.com.au/region/asia/departing-australia/cruises,2026-04-13 22:38:28
weekend cruises from brisbane,AU,Australia,English,Brisbane (Location),false,true,false,true,true,false,AI Overview,100,0,0.36,16,0,2,,https://www.ozcruising.com.au/short/departing-brisbane/cruises,2026-04-20 09:17:27
cruises from sydney december 2024,AU,Australia,English,Sydney (Location),false,true,false,true,true,false,"Sitelinks, Thumbnail, People also ask",100,8,,16,0,2,,https://www.ozcruising.com.au/departing/sydney/cruises,2026-05-05 04:33:27
cruise melbourne,AU,Australia,English,Melbourne (Location),false,true,false,true,true,false,"Thumbnail, Local pack",300,2,0.29,16,0,7,,https://www.ozcruising.com.au/departing/melbourne/cruises,2026-05-11 06:58:02
cruises july,AU,Australia,English,,false,false,false,true,true,false,"Thumbnail, Discussions and forums",50,9,0.45,16,0,1,,https://www.ozcruising.com.au/departure/july-2026/cruises,2026-04-19 09:03:45
australian cruisers,AU,Australia,English,,false,false,false,true,true,false,Thumbnail,50,36,0.90,16,0,1,,https://www.ozcruising.com.au/,2026-05-10 01:54:09
cruise from singapore to brisbane,AU,Australia,English,"Singapore (Location), Brisbane (Location)",false,true,false,true,true,false,"AI Overview, Thumbnail, People also ask, Discussions and forums, Bottom ads, Paid sitelinks",100,0,0.41,16,7,3,,https://www.ozcruising.com.au/cruise/cl26-lm30nov26.1,2026-04-27 11:56:17
cruise deals from sydney 2024,AU,Australia,English,Sydney (Location),false,true,false,true,true,false,"Sitelinks, People also ask",100,11,,16,0,2,,https://www.ozcruising.com.au/departing/sydney/cruises,2026-04-17 00:18:56
cruise australia to hawaii,AU,Australia,English,"Australia (Location), Hawaii (Location)",false,true,false,true,true,false,"Top ads, Paid sitelinks, Thumbnail, AI Overview, People also ask",150,0,0.30,16,6,1,,https://www.ozcruising.com.au/region/hawaii/departing-australia/cruises,2026-04-20 03:38:33
cruise july,AU,Australia,English,,false,false,false,true,true,false,,70,9,0.45,16,0,1,,https://www.ozcruising.com.au/departure/july-2026/cruises,2026-05-10 02:37:13
cruises from malta,AU,Australia,English,Malta (Location),false,true,false,true,true,false,"People also ask, AI Overview, Discussions and forums, Bottom ads, Paid sitelinks",100,0,0.58,16,3,2,,https://www.ozcruising.com.au/region/mediterranean/departing-malta/cruises,2026-05-07 15:35:35
cruceros desde sydney,AU,Australia,Spanish,Sydney (Location),false,true,false,true,true,false,"AI Overview, Thumbnail, Bottom ads, Paid sitelinks",150,46,0.34,16,0,4,,https://www.ozcruising.com.au/departing/sydney/cruises,2026-04-29 01:18:48
cruise packages australia,AU,Australia,English,Australia (Location),false,true,false,true,true,false,AI Overview,150,33,0.50,16,0,4,,https://www.ozcruising.com.au/cruise-specials,2026-04-16 20:24:03
new zealand cruises from australia,AU,Australia,English,"New Zealand (Location), Australia (Location)",false,false,false,true,true,false,"Top ads, Paid sitelinks, People also ask",150,4,0.45,16,0,3,,https://www.ozcruising.com.au/region/new-zealand/departing-sydney/cruises,2026-04-27 20:01:13
new zealand cruises from melbourne 2023,AU,Australia,English,Melbourne (Location),false,true,false,true,true,false,"Sitelinks, People also ask, Thumbnail",100,2,0.45,16,0,2,,https://www.ozcruising.com.au/region/new-zealand/departing-melbourne/cruises,2026-04-28 09:04:47
cruise trip from sydney,AU,Australia,English,Sydney (Location),false,true,false,true,true,false,People also ask,100,31,0.34,16,0,2,,https://www.ozcruising.com.au/departing/sydney/cruises,2026-05-03 08:49:02
short cruises from australia,AU,Australia,English,Australia (Location),false,false,false,true,true,false,,40,2,,16,0,1,,https://www.ozcruising.com.au/short/cruises,2026-04-26 18:18:02
how much does a cruise ship cost to build,AU,Australia,English,,false,false,false,true,false,false,"AI Overview, Thumbnail, People also ask, Discussions and forums, Video preview",40,2,,16,0,1,AI Overview,https://www.ozcruising.com.au/blog/how-much-does-a-cruise-ship-cost-to-build,2026-05-01 03:51:54
brisbane to new zealand cruises,AU,Australia,English,"Brisbane (Location), New Zealand (Location)",false,true,false,true,true,false,"Top ads, Paid sitelinks, Thumbnail, AI Overview, Bottom ads",40,0,,16,0,1,,https://www.ozcruising.com.au/region/new-zealand/departing-brisbane/cruises,2026-05-02 09:16:52
cruises 2023 from sydney,AU,Australia,English,Sydney (Location),false,true,false,true,true,false,"Sitelinks, Thumbnail",150,47,0.50,16,0,3,,https://www.ozcruising.com.au/departing/sydney/cruises,2026-05-02 16:22:57
3 night cruise,AU,Australia,English,,false,false,false,true,true,true,Video preview,150,1,0.37,16,0,3,,https://www.ozcruising.com.au/short-cruises,2026-04-22 02:59:52
cruises ex sydney,AU,Australia,English,Sydney (Location),false,true,false,true,true,false,,150,5,0.53,15,3,3,,https://www.ozcruising.com.au/departing/sydney/cruises,2026-04-25 23:55:03
cruises in june 2023,AU,Australia,English,,false,false,false,true,true,false,"Sitelinks, People also ask",100,29,0.45,15,0,2,,https://www.ozcruising.com.au/departing/sydney/cruises,2026-04-29 09:26:29
july cruises from sydney,AU,Australia,English,Sydney (Location),false,true,false,true,true,false,"Top ads, Paid sitelinks, AI Overview, Thumbnail, People also ask",90,4,0.45,15,1,3,,https://www.ozcruising.com.au/departure/july-2026/cruises,2026-04-30 13:20:02
10 night south pacific cruise,AU,Australia,English,South Pacific (Location),false,false,false,true,true,true,People also ask,150,0,0.94,15,0,3,,https://www.ozcruising.com.au/cruise/cl27-aq09jan27,2026-05-07 21:26:24
cruises march 2023,AU,Australia,English,,false,false,false,true,true,false,People also ask,150,17,0.45,15,0,3,,https://www.ozcruising.com.au/departing/sydney/cruises,2026-04-25 11:30:54
book cruises,AU,Australia,English,,false,false,false,false,true,true,People also ask,100,69,0.61,15,0,2,,https://www.ozcruising.com.au/,2026-05-06 21:05:45
deals cruises,AU,Australia,English,,false,false,false,true,true,false,Thumbnail,100,30,0.97,15,0,2,,https://www.ozcruising.com.au/cruise-specials,2026-04-28 04:46:24
cruise sydney to melbourne one way,AU,Australia,English,,false,true,false,true,true,false,"AI Overview, People also ask, Thumbnail",100,0,0.45,15,7,2,,https://www.ozcruising.com.au/popular/one-way/cruises,2026-04-14 22:33:36
book cruise sydney,AU,Australia,English,Sydney (Location),false,true,false,false,true,true,"Top ads, Local pack",40,18,0.63,15,0,1,,https://www.ozcruising.com.au/departing/sydney/cruises,2026-04-19 11:46:53
brisbane to airlie beach cruise,AU,Australia,English,"Brisbane (Location), Airlie Beach (Location)",false,true,false,true,true,false,"AI Overview, People also ask",250,0,0.36,15,0,8,,https://www.ozcruising.com.au/cruise/cl26-eq14jul26,2026-04-30 23:56:18
cruise cruises,AU,Australia,English,,false,false,false,true,true,false,"Thumbnail, Local pack",150,63,0.38,15,0,3,,https://www.ozcruising.com.au/,2026-05-11 10:22:03
cruising from melbourne,AU,Australia,English,Melbourne (Location),false,true,false,true,true,false,AI Overview,400,0,,15,0,9,,https://www.ozcruising.com.au/departing/melbourne/cruises,2026-05-11 06:41:44
cruises from sydney january 2025,AU,Australia,English,Sydney (Location),false,true,false,true,true,false,,150,5,0.42,15,0,3,,https://www.ozcruising.com.au/departing/sydney/cruises,2026-04-11 06:09:28
brisbane cruises 2025,AU,Australia,English,Brisbane (Location),false,true,false,true,true,false,"AI Overview, Thumbnail",150,0,0.29,15,0,4,,https://www.ozcruising.com.au/departing/brisbane/cruises,2026-04-14 23:24:26
mutiny on the bounty cruise,AU,Australia,English,Mutiny on the Bounty (Event),false,false,false,true,true,false,"AI Overview, People also ask",200,0,0.40,15,0,6,,https://www.ozcruising.com.au/cruise/cl26-eq01aug26,2026-05-06 20:27:43
discount cruises australia,AU,Australia,English,Australia (Location),false,true,false,true,true,false,"People also ask, Thumbnail, Bottom ads, Paid sitelinks",150,31,0.45,15,0,2,,https://www.ozcruising.com.au/cruise-specials,2026-04-22 23:06:10
cruise brisbane to airlie beach,AU,Australia,English,"Brisbane (Location), Airlie Beach (Location)",false,true,false,true,true,false,"Thumbnail, People also ask",250,0,0.39,15,0,6,,https://www.ozcruising.com.au/departing/brisbane/cruises,2026-04-27 18:45:54
cruise ship deals australia,AU,Australia,English,Australia (Location),false,true,false,true,true,false,,150,46,0.50,15,0,4,,https://www.ozcruising.com.au/cruise-specials,2026-04-14 22:59:55
cruises from sydney 2023,AU,Australia,English,Sydney (Location),false,true,false,true,true,false,"AI Overview, Sitelinks, People also ask",150,30,0.48,15,0,4,,https://www.ozcruising.com.au/departing/sydney/cruises,2026-04-15 06:45:17
pacific islands cruise,AU,Australia,English,Pacific Islands (Location),false,false,false,true,true,false,"Thumbnail, People also ask",150,0,0.27,15,0,4,,https://www.ozcruising.com.au/region/south-pacific/departing-sydney/cruises,2026-04-20 18:21:43
cruise liner,AU,Australia,English,,false,false,false,true,true,false,"AI Overview, Thumbnail, People also ask",250,69,0.47,15,0,5,,https://www.ozcruising.com.au/,2026-04-27 19:42:17
new years cruise from sydney,AU,Australia,English,Sydney (Location),false,true,false,true,true,true,People also ask,100,9,,15,0,2,,https://www.ozcruising.com.au/popular/new-years-eve/cruises,2026-04-10 20:30:07
cruise from sydney april 2023,AU,Australia,English,Sydney (Location),false,true,false,true,true,false,Sitelinks,100,10,0.45,15,0,2,,https://www.ozcruising.com.au/departing/sydney/cruises,2026-04-22 18:30:32
3 day cruise brisbane,AU,Australia,English,Brisbane (Location),false,true,false,true,true,false,,200,1,0.36,15,0,5,,https://www.ozcruising.com.au/short/departing-brisbane/cruises,2026-04-13 05:29:02
how much is a cruise ship,AU,Australia,English,,false,false,false,true,false,false,People also ask,150,11,0.17,15,0,4,,https://www.ozcruising.com.au/blog/how-much-does-a-cruise-ship-cost-to-build,2026-04-24 07:10:28
3 night cruises from brisbane,AU,Australia,English,Brisbane (Location),false,true,false,true,true,false,,100,0,,14,0,3,,https://www.ozcruising.com.au/short/departing-brisbane/cruises,2026-05-06 22:39:56
cruises from sydney around australia,AU,Australia,English,Sydney (Location),false,true,false,true,true,false,"AI Overview, Thumbnail, People also ask",80,4,,14,0,3,,https://www.ozcruising.com.au/departing/sydney/cruises,2026-04-19 05:32:32
short cruise from brisbane,AU,Australia,English,Brisbane (Location),false,true,false,true,true,false,,100,0,0.34,14,0,2,,https://www.ozcruising.com.au/short/departing-brisbane/cruises,2026-04-20 09:32:53
best cruise from sydney to new zealand,AU,Australia,English,"Sydney (Location), New Zealand (Location)",false,true,false,true,true,false,"AI Overview, Thumbnail, Top ads, Paid sitelinks, People also ask, Sitelinks, Bottom ads",100,0,0.45,14,0,3,,https://www.ozcruising.com.au/region/new-zealand/departing-sydney/cruises,2026-04-30 22:55:02
2023 cruise deals,AU,Australia,English,,false,false,false,true,true,false,"Sitelinks, People also ask",200,31,0.54,14,0,5,,https://www.ozcruising.com.au/departing/sydney/cruises,2026-04-23 13:32:40
4 day cruise from brisbane,AU,Australia,English,Brisbane (Location),false,true,false,true,true,false,"AI Overview, People also ask",250,1,0.41,14,0,7,,https://www.ozcruising.com.au/short/departing-brisbane/cruises,2026-04-24 05:57:25
cruise ship from melbourne,AU,Australia,English,Melbourne (Location),false,true,false,true,true,false,,150,0,0.45,14,0,4,,https://www.ozcruising.com.au/departing/melbourne/cruises,2026-05-02 12:32:32
cruises departing fremantle,AU,Australia,English,Fremantle (Location),false,true,false,true,true,false,AI Overview,90,2,0.10,14,0,2,,https://www.ozcruising.com.au/departing/fremantle/cruises,2026-04-14 16:38:02
cruise from.sydney,AU,Australia,English,Sydney (Location),false,true,false,true,true,false,"AI Overview, Thumbnail",100,5,,14,0,3,,https://www.ozcruising.com.au/departing/sydney/cruises,2026-04-11 20:35:14
aus cruising,AU,Australia,English,Australia (Location),false,true,false,true,true,false,"Sitelinks, Bottom ads, Paid sitelinks",40,56,0.38,14,4,1,,https://www.ozcruising.com.au/,2026-04-27 13:56:40
pacific island cruise from sydney,AU,Australia,English,Sydney (Location),false,true,false,true,true,false,,40,0,,14,0,1,,https://www.ozcruising.com.au/region/south-pacific/departing-sydney/cruises,2026-04-14 22:21:30
moreton island cruise,AU,Australia,English,Moreton Island (Location),false,true,false,true,true,false,"Thumbnail, People also ask, Discussions and forums, Video preview",1300,10,0.36,14,0,14,,https://www.ozcruising.com.au/cruise/cl26-sl28jan26,2026-05-09 06:12:23
cruise 2024 from sydney,AU,Australia,English,Sydney (Location),false,true,false,true,true,false,"Sitelinks, People also ask",100,1,0.49,14,0,3,,https://www.ozcruising.com.au/departing/sydney/cruises,2026-05-07 02:16:27
cruises from rome,AU,Australia,English,Rome (Location),false,true,false,true,true,false,Discussions and forums,250,0,0.57,14,0,6,,https://www.ozcruising.com.au/region/mediterranean/departing-rome/cruises,2026-05-06 17:13:53
ship tour,AU,Australia,English,,false,false,false,true,true,false,"AI Overview, Thumbnail, People also ask",100,48,0.46,14,0,4,,https://www.ozcruising.com.au/,2026-05-06 18:00:10
cruise to nz from australia,AU,Australia,English,"New Zealand (Location), Australia (Location)",false,false,false,true,true,false,"AI Overview, Thumbnail, People also ask",200,1,0.45,14,0,6,,https://www.ozcruising.com.au/region/new-zealand/departing-sydney/cruises,2026-05-08 06:34:27
cruise packing checklist,AU,Australia,English,,false,false,false,true,false,false,"AI Overview, Thumbnail, Top ads, Paid sitelinks, Sitelinks, People also ask, Video preview, Bottom ads",40,0,0.19,14,0,1,AI Overview,https://www.ozcruising.com.au/blog/cruise-packing-list-pdf-and-excel-checklist,2026-05-06 02:25:08
sydney australia cruises,AU,Australia,English,"Sydney (Location), Australia (Location)",false,true,false,true,true,false,"AI Overview, Thumbnail",150,13,0.46,14,0,6,,https://www.ozcruising.com.au/departing/sydney/cruises,2026-05-08 14:12:55
cruises leaving from brisbane,AU,Australia,English,Brisbane (Location),false,true,false,true,true,false,"Top ads, Thumbnail, People also ask, AI Overview, Discussions and forums",150,0,0.35,14,4,4,,https://www.ozcruising.com.au/departing/brisbane/cruises,2026-04-28 07:23:53
cruise sydney to nz,AU,Australia,English,,false,true,false,true,true,false,"AI Overview, People also ask",90,0,0.45,14,0,2,,https://www.ozcruising.com.au/region/new-zealand/departing-sydney/cruises,2026-04-10 05:01:47
australia cruise lines,AU,Australia,English,Australia (Location),false,false,false,true,true,false,"AI Overview, Thumbnail, People also ask, Discussions and forums",90,27,0.75,14,0,3,,https://www.ozcruising.com.au/,2026-05-10 22:24:19
xmas cruises from sydney,AU,Australia,English,Sydney (Location),false,true,false,true,true,true,"AI Overview, People also ask",150,0,0.42,14,0,5,,https://www.ozcruising.com.au/popular/christmas/cruises,2026-05-05 19:40:49
cruise trip melbourne,AU,Australia,English,Melbourne (Location),false,true,false,true,true,false,"AI Overview, Local pack",200,1,0.47,14,0,8,,https://www.ozcruising.com.au/departing/melbourne/cruises,2026-05-01 17:59:54
cruises departing brisbane 2023,AU,Australia,English,Brisbane (Location),false,true,false,true,true,false,"AI Overview, Sitelinks",90,0,0.51,13,0,3,,https://www.ozcruising.com.au/departing/brisbane/cruises,2026-04-10 07:37:02
cruise special,AU,Australia,English,,false,false,false,true,true,false,"Top ads, Thumbnail, Bottom ads, Paid sitelinks",100,35,1.66,13,2,3,,https://www.ozcruising.com.au/cruise-specials,2026-05-02 15:22:39
cruise trip,AU,Australia,English,,false,false,false,true,true,false,"Thumbnail, People also ask",350,67,0.35,13,0,6,,https://www.ozcruising.com.au/cruise-specials,2026-04-24 03:35:32
black friday cruise deals,AU,Australia,English,Black Friday (Event),false,false,false,true,true,true,"AI Overview, People also ask",90,4,0.51,13,0,2,,https://www.ozcruising.com.au/sale/black-friday/cruises,2026-05-03 18:28:26
cruise to pacific islands,AU,Australia,English,Pacific Islands (Location),false,false,false,true,true,false,"AI Overview, People also ask",150,0,0.46,13,0,4,,https://www.ozcruising.com.au/region/south-pacific/departing-sydney/cruises,2026-05-04 02:20:36
cruises august 2024,AU,Australia,English,,false,false,false,true,true,false,"Sitelinks, People also ask",150,46,0.45,13,0,3,,https://www.ozcruising.com.au/,2026-05-03 10:26:16
cruises ex brisbane 2023,AU,Australia,English,Brisbane (Location),false,true,false,true,true,false,Sitelinks,100,0,0.52,13,0,3,,https://www.ozcruising.com.au/departing/brisbane/cruises,2026-04-14 05:54:54
cruise black friday deals,AU,Australia,English,,false,false,false,true,true,true,People also ask,80,3,,13,0,2,,https://www.ozcruising.com.au/sale/black-friday/cruises,2026-05-06 12:47:55
cruises from.sydney,AU,Australia,English,Sydney (Location),false,true,false,true,true,false,"Top ads, Paid sitelinks, Thumbnail, People also ask, Discussions and forums, Bottom ads",200,8,0.34,13,0,6,,https://www.ozcruising.com.au/departing/sydney/cruises,2026-04-24 09:40:29
what to pack for a cruise checklist pdf,AU,Australia,English,,false,false,false,true,false,false,People also ask,200,0,,13,0,5,,https://www.ozcruising.com.au/blog/cruise-packing-list-pdf-and-excel-checklist,2026-04-15 07:02:07
what to pack for a cruise checklist,AU,Australia,English,,false,false,false,true,false,false,"AI Overview, Thumbnail, People also ask, Discussions and forums",40,0,0.07,13,0,2,,https://www.ozcruising.com.au/blog/cruise-packing-list-pdf-and-excel-checklist,2026-04-27 19:55:54
how fast can a cruise ship go,AU,Australia,English,,false,false,false,true,false,false,"AI Overview, Thumbnail, Video preview, People also ask, Sitelinks",40,0,,13,0,1,AI Overview,https://www.ozcruising.com.au/blog/how-fast-does-a-cruise-ship-travel,2026-04-24 21:33:47
australian cruising,AU,Australia,English,,false,false,false,true,true,false,,40,44,,13,0,1,,https://www.ozcruising.com.au/,2026-04-17 11:08:44
last minute cruise from sydney,AU,Australia,English,Sydney (Location),false,true,false,true,true,true,"AI Overview, People also ask",200,1,,13,0,8,,https://www.ozcruising.com.au/popular/last-minute/cruises,2026-04-22 11:34:02
cruise lines from sydney,AU,Australia,English,Sydney (Location),false,true,false,true,true,false,"AI Overview, Thumbnail, People also ask, Discussions and forums",150,31,0.55,13,0,1,AI Overview,https://www.ozcruising.com.au/departing/sydney/cruises,2026-05-10 22:24:36
cruise websites,AU,Australia,English,,false,false,false,true,true,false,"Top ads, Paid sitelinks, Thumbnail, People also ask, Bottom ads",100,71,0.46,13,9,2,,https://www.ozcruising.com.au/,2026-05-06 06:04:02
2024 cruise deals,AU,Australia,English,,false,false,false,true,true,false,Sitelinks,150,40,0.58,13,0,5,,https://www.ozcruising.com.au/cruise-specials,2026-05-09 10:55:04
cruise ship booking,AU,Australia,English,,false,false,false,false,true,true,"Top ads, Paid sitelinks, People also ask, Bottom ads",150,68,0.45,13,0,4,,https://www.ozcruising.com.au/,2026-04-18 00:22:53
cruise phone number,AU,Australia,English,,false,false,false,true,false,false,People also ask,100,2,0.41,13,0,3,,https://www.ozcruising.com.au/contact-us,2026-04-26 22:46:44
cruise from sydney 2023,AU,Australia,English,Sydney (Location),false,true,false,true,true,false,"Sitelinks, Video preview",150,9,0.45,13,0,4,,https://www.ozcruising.com.au/departing/sydney/cruises,2026-05-11 07:38:19
cruise au,AU,Australia,English,Australia (Location),false,true,false,true,true,false,"Top ads, Paid sitelinks, People also ask, Thumbnail, Bottom ads",90,68,0.45,13,3,2,,https://www.ozcruising.com.au/,2026-04-30 11:55:53
cruises from sydney may 2024,AU,Australia,English,Sydney (Location),false,true,false,true,true,false,"Sitelinks, People also ask",90,5,0.45,13,0,2,,https://www.ozcruising.com.au/departing/sydney/cruises,2026-04-25 00:17:53
sydney cruising,AU,Australia,English,Sydney (Location),false,true,false,true,true,false,"AI Overview, Thumbnail",90,0,0.48,13,0,3,,https://www.ozcruising.com.au/departing/sydney/cruises,2026-04-22 00:27:02
cruise departing melbourne,AU,Australia,English,Melbourne (Location),false,true,false,true,true,false,,90,0,0.25,13,0,3,,https://www.ozcruising.com.au/departing/melbourne/cruises,2026-05-11 09:14:46
cruises from brisbane to south pacific islands,AU,Australia,English,"Brisbane (Location), South Pacific islands (Location)",false,true,false,true,true,false,"AI Overview, Thumbnail, Bottom ads, Paid sitelinks",40,0,,13,0,1,AI Overview,https://www.ozcruising.com.au/region/south-pacific/departing-brisbane/cruises,2026-04-23 03:22:17
ship cruises from sydney,AU,Australia,English,Sydney (Location),false,true,false,true,true,false,"Top ads, Paid sitelinks, Thumbnail, People also ask, Bottom ads",40,13,,13,0,1,,https://www.ozcruising.com.au/departing/sydney/cruises,2026-04-15 03:19:31
sydney to hawaii cruises,AU,Australia,English,"Sydney (Location), Hawaii (Location)",false,true,false,true,true,false,"Top ads, Paid sitelinks, AI Overview, Thumbnail, People also ask",40,0,0.51,13,1,1,AI Overview,https://www.ozcruising.com.au/region/hawaii/departing-australia/cruises,2026-04-23 15:58:36
cruise august,AU,Australia,English,,false,false,false,true,true,false,"Top ads, Paid sitelinks, Thumbnail, AI Overview, Discussions and forums",40,8,,13,0,1,,https://www.ozcruising.com.au/departure/august-2026/cruises,2026-05-08 11:39:22
cruise to moreton island from sydney,AU,Australia,English,"Moreton Island (Location), Sydney (Location)",false,true,false,true,true,false,"Top ads, Paid sitelinks, Thumbnail, People also ask, Video preview",150,0,0.45,13,5,5,,https://www.ozcruising.com.au/cruise,2026-04-16 05:44:53
cruise brisbane to sydney one way,AU,Australia,English,,false,true,false,true,true,false,"Top ads, Paid sitelinks, People also ask, Thumbnail",100,0,0.29,13,3,3,,https://www.ozcruising.com.au/popular/one-way/cruises,2026-05-10 14:12:44
australia cruises from sydney,AU,Australia,English,Sydney (Location),false,true,false,true,true,false,AI Overview,90,1,,12,0,2,,https://www.ozcruising.com.au/departing/sydney/cruises,2026-05-08 16:20:32
cruise leaving sydney,AU,Australia,English,,false,true,false,true,true,false,"Top ads, Paid sitelinks, Discussions and forums, Thumbnail",90,13,0.35,12,0,2,,https://www.ozcruising.com.au/departing/sydney/cruises,2026-05-01 02:19:52
cruises december 2024,AU,Australia,English,,false,false,false,true,true,false,"AI Overview, People also ask",100,57,0.42,12,0,4,,https://www.ozcruising.com.au/,2026-05-08 08:58:19
cruises from australia 2023,AU,Australia,English,,false,false,false,true,true,false,"People also ask, Thumbnail",150,5,0.51,12,0,4,,https://www.ozcruising.com.au/departing/sydney/cruises,2026-05-05 04:51:03
cruise bookings australia,AU,Australia,English,Australia (Location),false,true,false,false,true,true,Thumbnail,30,69,0.64,12,0,1,,https://www.ozcruising.com.au/,2026-04-16 14:15:17
one way cruise sydney to new zealand,AU,Australia,English,,false,true,false,true,true,false,"Top ads, Paid sitelinks, AI Overview, Thumbnail, People also ask",30,0,,12,1,1,AI Overview,https://www.ozcruising.com.au/popular/one-way/cruises,2026-05-01 13:11:03
packing list for cruise,AU,Australia,English,,false,false,false,true,false,false,"AI Overview, Thumbnail, People also ask, Sitelinks",30,2,,12,0,1,AI Overview,https://www.ozcruising.com.au/blog/cruise-packing-list-pdf-and-excel-checklist,2026-05-06 00:26:43
cruise deals australia 2023,AU,Australia,English,Australia (Location),false,true,false,true,true,false,Sitelinks,150,49,0.49,12,0,4,,https://www.ozcruising.com.au/cruise-specials,2026-05-11 08:34:28
september cruises from sydney,AU,Australia,English,Sydney (Location),false,true,false,true,true,false,"Top ads, Paid sitelinks, AI Overview, Thumbnail, Bottom ads",80,1,0.46,12,0,1,AI Overview,https://www.ozcruising.com.au/departing/sydney/cruises,2026-05-11 12:36:04
nye cruises,AU,Australia,English,,false,false,false,true,true,true,Thumbnail,80,2,0.45,12,0,2,,https://www.ozcruising.com.au/popular/new-years-eve/cruises,2026-04-13 11:42:25
cruise australia sydney,AU,Australia,English,"Australia (Location), Sydney (Location)",false,true,false,true,true,false,Local pack,150,5,,12,4,4,,https://www.ozcruising.com.au/departing/sydney/cruises,2026-05-08 05:52:53
cruises on sale,AU,Australia,English,,false,false,false,true,true,false,Thumbnail,100,12,1.26,12,0,2,,https://www.ozcruising.com.au/cruise-specials,2026-04-26 16:28:23
cruise companies,AU,Australia,English,,false,false,false,true,true,false,"People also ask, Thumbnail",500,41,0.58,12,0,9,,https://www.ozcruising.com.au/,2026-05-03 08:45:47
cruise sydney to brisbane,AU,Australia,English,,false,true,false,true,true,false,"AI Overview, People also ask, Thumbnail, Bottom ads, Paid sitelinks",200,0,0.31,12,0,6,,https://www.ozcruising.com.au/departing/sydney/cruises,2026-04-24 23:27:37
2 night cruises from sydney,AU,Australia,English,Sydney (Location),false,true,false,true,true,false,"Top ads, Paid sitelinks, AI Overview, Thumbnail",100,1,0.34,12,1,4,,https://www.ozcruising.com.au/short/departing-sydney/cruises,2026-05-11 08:53:53
4 night cruises,AU,Australia,English,,false,false,false,true,true,false,Thumbnail,100,2,0.36,12,0,3,,https://www.ozcruising.com.au/short/cruises,2026-05-06 09:36:17
2 night cruise from brisbane,AU,Australia,English,Brisbane (Location),false,true,false,true,true,false,"AI Overview, Thumbnail, People also ask",80,0,,12,0,1,AI Overview,https://www.ozcruising.com.au/short/departing-brisbane/cruises,2026-04-11 01:41:55
melbourne cup cruises from sydney,AU,Australia,English,"Melbourne Cup (Event), Sydney (Location)",false,true,false,true,true,false,"Thumbnail, People also ask",80,0,0.40,12,0,2,,https://www.ozcruising.com.au/popular/melbourne-cup/cruises,2026-04-14 07:20:29
cruises from.brisbane,AU,Australia,English,Brisbane (Location),false,true,false,true,true,false,People also ask,150,0,0.31,12,0,5,,https://www.ozcruising.com.au/departing/brisbane/cruises,2026-04-11 06:28:20
4 night cruise from sydney,AU,Australia,English,Sydney (Location),false,true,false,true,true,true,"AI Overview, People also ask, Bottom ads, Paid sitelinks",100,1,0.34,12,0,4,,https://www.ozcruising.com.au/short/departing-sydney/cruises,2026-04-09 19:25:52
new year cruise,AU,Australia,English,,false,false,false,true,true,false,People also ask,80,0,0.38,12,0,2,,https://www.ozcruising.com.au/popular/new-years-eve/cruises,2026-04-10 05:05:47
airlie beach cruises,AU,Australia,English,Airlie Beach (Location),false,true,false,true,true,false,"Top ads, Paid sitelinks, Local pack, Thumbnail, People also ask, Discussions and forums",150,0,0.63,12,0,6,,https://www.ozcruising.com.au/cruise/cl26-eq14jul26,2026-05-03 23:10:05
cruises leaving brisbane,AU,Australia,English,Brisbane (Location),false,true,false,true,true,false,"Thumbnail, People also ask",300,0,0.35,12,0,8,,https://www.ozcruising.com.au/departing/brisbane/cruises,2026-04-20 23:32:47
deals on cruise,AU,Australia,English,,false,false,false,true,true,true,AI Overview,90,53,,12,0,3,,https://www.ozcruising.com.au/cruise-specials,2026-04-30 19:16:24
tasmania cruises,AU,Australia,English,Tasmania (Location),false,true,false,true,true,false,"Top ads, Thumbnail, People also ask, Discussions and forums",400,0,0.38,12,0,5,,https://www.ozcruising.com.au/region/tasmania/cruises,2026-04-26 09:37:03
pacific island cruises from sydney,AU,Australia,English,Sydney (Location),false,true,false,true,true,false,"Thumbnail, AI Overview",80,0,0.42,12,0,2,,https://www.ozcruising.com.au/region/south-pacific/departing-sydney/cruises,2026-04-16 16:53:17
australia cruise deals,AU,Australia,English,Australia (Location),false,false,false,true,true,false,"Top ads, Thumbnail, Discussions and forums, Bottom ads",150,47,0.49,12,0,2,,https://www.ozcruising.com.au/cruise-specials,2026-05-10 08:29:58
cruises june 2023,AU,Australia,English,,false,false,false,true,true,false,"Top ads, Paid sitelinks, People also ask",150,4,0.45,12,0,4,,https://www.ozcruising.com.au/departing/sydney/cruises,2026-04-18 10:11:53
november cruises from sydney,AU,Australia,English,Sydney (Location),false,true,false,true,true,false,"AI Overview, Thumbnail, People also ask",80,1,0.45,12,0,3,,https://www.ozcruising.com.au/departing/sydney/cruises,2026-05-11 04:41:42
sampler cruises from sydney,AU,Australia,English,Sydney (Location),false,true,false,true,true,false,"AI Overview, Thumbnail, Sitelinks",20,2,0.32,12,0,2,,https://www.ozcruising.com.au/short-cruises/departing-from-sydney,2026-04-21 14:11:30
new zealand cruises from melbourne 2024,AU,Australia,English,Melbourne (Location),false,true,false,true,true,false,"People also ask, Sitelinks",100,0,0.46,12,0,3,,https://www.ozcruising.com.au/region/new-zealand/departing-melbourne/cruises,2026-04-16 14:40:53
cruise company australia,AU,Australia,English,Australia (Location),false,true,false,true,true,false,"AI Overview, Thumbnail, Top ads, Paid sitelinks, People also ask, Discussions and forums, Bottom ads",30,58,0.53,12,0,2,,https://www.ozcruising.com.au/,2026-05-03 13:14:54
cruises from brisbane to pacific islands,AU,Australia,English,"Brisbane (Location), Pacific Islands (Location)",false,true,false,true,true,false,"AI Overview, Thumbnail",30,0,,12,0,1,AI Overview,https://www.ozcruising.com.au/region/south-pacific/departing-brisbane/cruises,2026-04-17 15:04:47
july cruise,AU,Australia,English,,false,false,false,true,true,false,"Thumbnail, Discussions and forums",30,39,,12,0,1,,https://www.ozcruising.com.au/departure/july-2026/cruises,2026-04-25 18:01:05
hot cruise deals,AU,Australia,English,,false,false,false,true,true,false,"Thumbnail, AI Overview",30,21,0.31,12,0,1,,https://www.ozcruising.com.au/cruise-specials,2026-04-21 08:51:48
new zealand cruises 2025,AU,Australia,English,New Zealand (Location),false,false,false,true,true,false,"AI Overview, People also ask, Discussions and forums",80,0,,12,0,3,,https://www.ozcruising.com.au/region/new-zealand/departing-sydney/cruises,2026-05-03 07:55:25
august cruises,AU,Australia,English,,false,false,false,true,true,false,AI Overview,80,21,0.46,12,0,3,,https://www.ozcruising.com.au/departure/august-2026/cruises,2026-04-23 20:35:17
cruise cheap,AU,Australia,English,,false,false,false,true,true,false,Video preview,80,12,0.28,12,0,3,,https://www.ozcruising.com.au/cruise-specials,2026-05-05 17:12:30
cruise departing sydney,AU,Australia,English,Sydney (Location),false,true,false,true,true,false,,150,5,0.37,12,0,4,,https://www.ozcruising.com.au/departing/sydney/cruises,2026-04-09 19:58:03
cruise ships from sydney,AU,Australia,English,Sydney (Location),false,true,false,true,true,false,"AI Overview, People also ask, Discussions and forums",150,32,0.40,11,0,6,,https://www.ozcruising.com.au/departing/sydney/cruises,2026-05-03 14:05:31
cruise to hawaii,AU,Australia,English,Hawaii (Location),false,true,false,true,true,false,"Thumbnail, People also ask, Discussions and forums",350,0,0.41,11,0,8,,https://www.ozcruising.com.au/region/hawaii/departing-australia/cruises,2026-04-28 07:54:11
do you need a passport to go on a cruise,AU,Australia,English,,false,false,false,true,false,false,"AI Overview, Video preview, People also ask, Discussions and forums, Sitelinks",200,0,0.72,11,0,5,,https://www.ozcruising.com.au/blog/cruises-you-can-take-without-a-passport,2026-04-10 01:18:27
cruises ex melbourne,AU,Australia,English,Melbourne (Location),false,true,false,true,true,false,"Top ads, Paid sitelinks, Thumbnail, People also ask",100,0,0.41,11,1,3,,https://www.ozcruising.com.au/departing/melbourne/cruises,2026-05-04 22:53:28
cruises from melbourne australia,AU,Australia,English,Melbourne (Location),false,true,false,true,true,false,Thumbnail,100,0,0.25,11,0,4,,https://www.ozcruising.com.au/departing/melbourne/cruises,2026-04-30 08:12:32
cruise pacific,AU,Australia,English,Pacific (Location),false,false,false,true,true,false,Thumbnail,100,0,0.60,11,0,4,,https://www.ozcruising.com.au/region/south-pacific/departing-sydney/cruises,2026-05-11 13:37:26
5 day cruises from sydney,AU,Australia,English,Sydney (Location),false,true,false,true,true,false,"AI Overview, People also ask",150,2,0.30,11,0,6,,https://www.ozcruising.com.au/short/departing-sydney/cruises,2026-04-10 15:03:28
last minute cruises from australia,AU,Australia,English,,false,false,false,true,true,true,"Thumbnail, People also ask",200,3,0.42,11,0,8,,https://www.ozcruising.com.au/popular/last-minute/cruises,2026-04-30 18:15:18
aussie cruise deals,AU,Australia,English,,false,false,false,true,true,false,"Top ads, Paid sitelinks, Thumbnail, Bottom ads",100,46,,11,0,3,,https://www.ozcruising.com.au/cruise-specials,2026-04-16 06:25:33
cruise sydney to brisbane one way,AU,Australia,English,,false,true,false,true,true,false,"AI Overview, Thumbnail, People also ask",150,0,0.46,11,0,1,AI Overview,https://www.ozcruising.com.au/popular/one-way/cruises,2026-04-18 14:57:31
airlie beach cruise from brisbane,AU,Australia,English,"Airlie Beach (Location), Brisbane (Location)",false,true,false,true,true,false,AI Overview,150,0,0.48,11,0,6,,https://www.ozcruising.com.au/cruise/cl26-eq14jul26,2026-05-08 09:10:17
cheap 3 day cruise sydney,AU,Australia,English,Sydney (Location),false,true,false,true,true,false,"AI Overview, Thumbnail",100,3,0.36,11,0,5,,https://www.ozcruising.com.au/short/departing-sydney/cruises,2026-05-07 01:12:14
cruises from syd,AU,Australia,English,Sydney (Location),false,true,false,true,true,false,"Top ads, Paid sitelinks, Thumbnail, People also ask",30,44,,11,1,1,,https://www.ozcruising.com.au/departing/sydney/cruises,2026-04-20 22:54:28
cruises from australia to south pacific islands,AU,Australia,English,South Pacific Islands (Location),false,false,false,true,true,false,AI Overview,100,1,0.54,11,0,3,,https://www.ozcruising.com.au/region/south-pacific/departing-sydney/cruises,2026-05-08 04:00:45
new zealand cruise 2025,AU,Australia,English,New Zealand (Location),false,false,false,true,true,false,"Thumbnail, People also ask",80,1,0.41,11,0,2,,https://www.ozcruising.com.au/region/new-zealand/departing-sydney/cruises,2026-04-30 07:22:17
cruceros en australia,AU,Australia,Spanish,Australia (Location),false,true,false,true,true,false,"Top ads, Paid sitelinks, People also ask",100,31,,11,0,4,,https://www.ozcruising.com.au/,2026-05-05 06:45:09
south pacific islands cruise,AU,Australia,English,South Pacific Islands (Location),false,false,false,true,true,false,"AI Overview, Thumbnail, People also ask",100,0,0.45,11,0,4,,https://www.ozcruising.com.au/region/south-pacific/departing-sydney/cruises,2026-04-12 15:11:33
short cruises from fremantle,AU,Australia,English,Fremantle (Location),false,true,false,true,true,false,"AI Overview, Thumbnail, Top ads, Paid sitelinks, Bottom ads",150,1,0.15,11,0,4,,https://www.ozcruising.com.au/short-cruises,2026-04-29 09:58:53
hawaiian cruises,AU,Australia,English,,false,false,false,true,true,false,"People also ask, Discussions and forums, Video preview",150,0,0.59,11,0,6,,https://www.ozcruising.com.au/region/hawaii/departing-australia/cruises,2026-05-06 12:13:06
cruises aus,AU,Australia,English,Australia (Location),false,true,false,true,true,false,People also ask,100,46,0.45,11,0,4,,https://www.ozcruising.com.au/,2026-04-18 19:46:34
2 day cruise from sydney,AU,Australia,English,Sydney (Location),false,true,false,true,true,false,"AI Overview, Thumbnail, Bottom ads, Paid sitelinks",90,0,0.38,11,0,4,,https://www.ozcruising.com.au/short-cruises/departing-from-sydney,2026-04-23 14:49:20
cruise melbourne to new zealand,AU,Australia,English,,false,true,false,true,true,false,"AI Overview, People also ask",90,0,0.36,11,0,5,,https://www.ozcruising.com.au/region/new-zealand/departing-melbourne/cruises,2026-04-17 01:06:27
cruise deals from brisbane,AU,Australia,English,Brisbane (Location),false,true,false,true,true,false,"Thumbnail, Bottom ads, Paid sitelinks",400,5,0.44,11,0,6,,https://www.ozcruising.com.au/cruise-specials,2026-04-28 03:25:53
2024 cruises from sydney,AU,Australia,English,Sydney (Location),false,true,false,true,true,false,"People also ask, Sitelinks",150,10,0.45,11,0,5,,https://www.ozcruising.com.au/departing/sydney/cruises,2026-05-08 13:40:54
cheap cruises from melbourne,AU,Australia,English,Melbourne (Location),false,true,false,true,true,false,"People also ask, Thumbnail",600,0,0.22,11,0,13,,https://www.ozcruising.com.au/departing/melbourne/cruises,2026-05-08 14:20:46
perth to bali cruise,AU,Australia,English,"Perth (Location), Bali (Location)",false,true,false,true,true,false,"AI Overview, People also ask",250,0,,11,0,8,,https://www.ozcruising.com.au/cruise/pc27-h801,2026-05-07 18:27:52
cruise from singapore to sydney,AU,Australia,English,"Singapore (Location), Sydney (Location)",false,true,false,true,true,false,"AI Overview, Thumbnail, People also ask, Video preview",150,0,0.40,11,0,8,,https://www.ozcruising.com.au/one-way-cruises/singapore-to-sydney,2026-04-21 02:56:48
3 day cruise sydney,AU,Australia,English,Sydney (Location),false,true,false,true,true,false,"Thumbnail, Discussions and forums, People also ask",200,1,0.31,11,0,7,,https://www.ozcruising.com.au/short/departing-sydney/cruises,2026-04-19 00:56:01
cruises from,AU,Australia,English,,false,false,false,true,true,false,People also ask,90,61,0.52,11,0,3,,https://www.ozcruising.com.au/,2026-04-18 20:21:31
cruise holiday australia,AU,Australia,English,Australia (Location),false,true,false,true,true,false,Thumbnail,90,61,,11,0,3,,https://www.ozcruising.com.au/,2026-04-19 06:21:10
do you need a passport for a cruise,AU,Australia,English,,false,false,false,true,false,false,"AI Overview, Thumbnail, People also ask, Sitelinks",100,0,0.36,11,0,5,,https://www.ozcruising.com.au/blog/cruises-you-can-take-without-a-passport,2026-04-24 18:15:29
cruises out of adelaide,AU,Australia,English,Adelaide (Location),false,true,false,true,true,false,"Top ads, Thumbnail, People also ask, Bottom ads",70,2,0.14,11,0,2,,https://www.ozcruising.com.au/departing/adelaide/cruises,2026-04-28 23:07:28
cruises from brisbane to new zealand 2025,AU,Australia,English,"Brisbane (Location), New Zealand (Location)",false,true,false,true,true,false,"Thumbnail, People also ask",70,9,0.38,11,0,2,,https://www.ozcruising.com.au/region/new-zealand/departing-brisbane/cruises,2026-04-25 15:22:27
cruise ships from australia,AU,Australia,English,,false,false,false,true,true,false,"Top ads, Paid sitelinks, People also ask, Thumbnail, Top stories, Bottom ads",100,50,0.46,11,2,4,,https://www.ozcruising.com.au/,2026-05-05 13:28:28
station pier,AU,Australia,English,Station Pier (Location),false,false,false,true,false,false,"People also ask, Image pack, Knowledge panel, Thumbnail, Video preview",700,1,0.05,11,0,9,,https://www.ozcruising.com.au/blog/things-you-need-to-know-about-melbourne-cruise-ship-terminal,2026-05-09 18:09:48
pacific cruises australia,AU,Australia,English,Australia (Location),false,false,false,true,true,true,People also ask,100,1,0.48,11,0,4,,https://www.ozcruising.com.au/region/south-pacific/departing-sydney/cruises,2026-04-21 11:39:17
28 day cruise around australia 2024,AU,Australia,English,,false,false,false,true,true,false,"People also ask, Sitelinks, Thumbnail, Bottom ads, Paid sitelinks",200,0,0.42,11,6,6,,https://www.ozcruising.com.au/cruise/pc26-3610.2,2026-04-23 12:07:33
pacific island cruise from brisbane,AU,Australia,English,Brisbane (Location),false,true,false,true,true,false,"Top ads, Paid sitelinks, AI Overview, Thumbnail",30,0,,11,0,2,,https://www.ozcruising.com.au/region/south-pacific/departing-brisbane/cruises,2026-05-10 07:02:33
new years eve cruises australia,AU,Australia,English,Australia (Location),false,true,false,true,true,false,"Top ads, Paid sitelinks",30,0,0.47,11,1,1,,https://www.ozcruising.com.au/popular/new-years-eve/cruises,2026-04-23 00:28:27
cruises to south pacific from sydney,AU,Australia,English,"South Pacific (Location), Sydney (Location)",false,true,false,true,true,false,"AI Overview, Thumbnail, People also ask",30,0,,11,0,1,AI Overview,https://www.ozcruising.com.au/region/south-pacific/departing-sydney/cruises,2026-04-26 06:38:47
cruise may,AU,Australia,English,,false,false,false,true,true,false,"Top ads, AI Overview, Thumbnail",30,31,0.45,11,0,1,,https://www.ozcruising.com.au/departure/may-2026/cruises,2026-05-02 04:03:54
cruises departing from australia,AU,Australia,English,Australia (Location),false,true,false,true,true,false,"Top ads, Paid sitelinks, People also ask, Thumbnail",30,50,0.45,11,0,1,,https://www.ozcruising.com.au/,2026-05-03 06:17:28
auscruising,AU,Australia,English,,false,false,false,true,true,false,"Sitelinks, People also ask, Bottom ads, Paid sitelinks",10,0,,10,1,1,,https://www.ozcruising.com.au/,2026-04-17 08:34:27
cruise sydney to adelaide,AU,Australia,English,Sydney to Adelaide (Event),false,true,false,true,true,false,"AI Overview, People also ask",150,0,0.34,10,0,6,,https://www.ozcruising.com.au/cruise/pc28-a807b,2026-05-02 16:59:01
brisbane to whitsundays cruise,AU,Australia,English,"Brisbane (Location), Whitsundays (Location)",false,true,false,true,true,false,"AI Overview, Thumbnail, People also ask",100,1,0.45,10,0,5,,https://www.ozcruising.com.au/short/departing-brisbane/cruises,2026-04-29 14:59:17
whitsundays cruise from brisbane,AU,Australia,English,Brisbane (Location),false,true,false,true,true,true,"AI Overview, Thumbnail, People also ask, Video preview",100,1,0.36,10,0,5,,https://www.ozcruising.com.au/short/departing-brisbane/cruises,2026-05-04 00:19:32
cruise out of sydney,AU,Australia,English,Sydney (Location),false,true,false,true,true,false,"AI Overview, Thumbnail, People also ask",70,32,0.45,10,0,2,,https://www.ozcruising.com.au/departing/sydney/cruises,2026-04-20 06:09:25
cruise new zealand 2023,AU,Australia,English,New Zealand (Location),false,false,false,true,true,false,"Sitelinks, People also ask",100,3,0.52,10,0,4,,https://www.ozcruising.com.au/region/new-zealand/departing-sydney/cruises,2026-04-15 16:54:23
deals cruise,AU,Australia,English,,false,false,false,true,true,false,AI Overview,70,44,,10,0,3,,https://www.ozcruising.com.au/cruise-specials,2026-04-21 09:19:30
2 day cruise,AU,Australia,English,,false,false,false,true,true,false,,100,0,0.33,10,0,4,,https://www.ozcruising.com.au/short/departing-brisbane/cruises,2026-04-24 23:05:38
australia cruising,AU,Australia,English,Australia (Location),false,false,false,true,true,false,"Top ads, Paid sitelinks, People also ask",40,53,0.45,10,5,1,,https://www.ozcruising.com.au/,2026-04-11 01:32:36
cruises to australia,AU,Australia,English,Australia (Location),false,false,false,true,true,false,People also ask,150,6,0.37,10,0,6,,https://www.ozcruising.com.au/,2026-04-14 23:27:42
cruise from sydney to moreton island,AU,Australia,English,"Sydney (Location), Moreton Island (Location)",false,true,false,true,true,false,"AI Overview, Thumbnail, Video preview, People also ask, Discussions and forums",90,0,,10,2,1,AI Overview,https://www.ozcruising.com.au/cruise/cl26-sl28jan26,2026-04-29 19:13:10
cruises sydney australia,AU,Australia,English,"Sydney (Location), Australia (Location)",false,true,false,true,true,false,"AI Overview, Thumbnail, Local pack",150,56,0.46,10,0,7,,https://www.ozcruising.com.au/departing/sydney/cruises,2026-04-28 19:12:35
cruises to queensland from sydney,AU,Australia,English,"Queensland (Location), Sydney (Location)",false,true,false,true,true,false,"Top ads, AI Overview",30,3,,10,0,1,,https://www.ozcruising.com.au/departing/sydney/cruises,2026-04-11 14:40:31
cruises from bne,AU,Australia,English,Brisbane (Location),false,true,false,true,true,false,"Top ads, People also ask",30,0,,10,0,1,,https://www.ozcruising.com.au/departing/brisbane/cruises,2026-04-15 12:43:53
sydney cruise to new zealand,AU,Australia,English,"Sydney (Location), New Zealand (Location)",false,true,false,true,true,false,"Top ads, Paid sitelinks, AI Overview, Thumbnail, Bottom ads",30,1,,10,0,1,,https://www.ozcruising.com.au/region/new-zealand/departing-sydney/cruises,2026-04-22 00:26:54
cruise brisbane to nz,AU,Australia,English,"Brisbane (Location), New Zealand (Location)",false,true,false,true,true,false,"AI Overview, Thumbnail, People also ask, Bottom ads, Paid sitelinks",30,0,,10,0,1,,https://www.ozcruising.com.au/region/new-zealand/departing-brisbane/cruises,2026-04-21 14:46:53
cruuse,AU,Australia,English,,false,false,false,true,true,false,People also ask,30,72,0.27,10,1,1,,https://www.ozcruising.com.au/,2026-05-02 09:26:32
cruise weekend,AU,Australia,English,,false,false,false,true,true,false,"Top ads, Paid sitelinks, Thumbnail",30,1,0.23,10,0,1,,https://www.ozcruising.com.au/weekend/departing-sydney/cruises,2026-05-02 16:42:28
sydney cruise deals,AU,Australia,English,Sydney (Location),false,true,false,true,true,false,Thumbnail,200,9,0.37,10,0,6,,https://www.ozcruising.com.au/departing/sydney/cruises,2026-04-15 18:47:32
cruises leaving adelaide,AU,Australia,English,Adelaide (Location),false,true,false,true,true,false,"Top ads, Paid sitelinks",70,1,0.23,10,0,2,,https://www.ozcruising.com.au/departing/adelaide/cruises,2026-05-08 21:33:29
comedy cruise adelaide,AU,Australia,English,Adelaide (Location),false,true,false,true,true,false,,70,27,0.35,10,0,2,,https://www.ozcruising.com.au/theme/comedy/cruises,2026-04-17 17:10:47
island cruises from brisbane,AU,Australia,English,Brisbane (Location),false,true,false,true,true,false,"AI Overview, People also ask, Video preview",70,0,0.39,10,0,3,,https://www.ozcruising.com.au/region/cruises,2026-04-16 00:28:48
cruise from melbourne,AU,Australia,English,Melbourne (Location),false,true,false,true,true,false,"Thumbnail, Video preview",2500,0,0.23,10,316,7,,https://www.ozcruising.com.au/departing/melbourne/cruises,2026-05-09 15:22:11
last minute cruises from adelaide,AU,Australia,English,Adelaide (Location),false,true,false,true,true,true,"AI Overview, Thumbnail, People also ask",350,0,0.14,10,0,11,,https://www.ozcruising.com.au/popular/last-minute/cruises,2026-04-13 01:45:24
cheap cruises from sydney,AU,Australia,English,Sydney (Location),false,true,false,true,true,false,"Top ads, Paid sitelinks, Thumbnail",300,3,0.32,10,0,7,,https://www.ozcruising.com.au/departing/sydney/cruises,2026-04-25 13:51:48
holiday cruise deals,AU,Australia,English,,false,false,false,true,true,false,People also ask,100,37,0.59,10,0,5,,https://www.ozcruising.com.au/cruise-specials,2026-05-03 20:03:16
cruises out of sydney 2023,AU,Australia,English,Sydney (Location),false,true,false,true,true,false,Sitelinks,100,33,0.57,10,0,4,,https://www.ozcruising.com.au/departing/sydney/cruises,2026-04-28 13:25:29
cruises departing brisbane 2024,AU,Australia,English,Brisbane (Location),false,true,false,true,true,false,,100,0,,10,0,4,,https://www.ozcruising.com.au/departing/brisbane/cruises,2026-05-08 15:08:30
cruise ship brisbane,AU,Australia,English,Brisbane (Location),false,true,false,true,true,false,"Thumbnail, Knowledge panel",400,3,0.34,10,0,9,,https://www.ozcruising.com.au/departing/brisbane/cruises,2026-04-17 00:18:48
cruise offer,AU,Australia,English,,false,false,false,true,true,false,"Top ads, Paid sitelinks, Thumbnail",150,30,0.51,10,0,5,,https://www.ozcruising.com.au/cruise-specials,2026-05-01 06:07:28
cruise deals deals,AU,Australia,English,,false,false,false,true,true,false,"AI Overview, Bottom ads, Paid sitelinks",80,43,,10,0,4,,https://www.ozcruising.com.au/cruise-specials,2026-04-23 14:58:46
cruise islands,AU,Australia,English,,false,false,false,true,true,false,"AI Overview, Thumbnail, People also ask",100,0,0.36,10,0,5,,https://www.ozcruising.com.au/region/south-pacific/departing-sydney/cruises,2026-04-27 09:02:02
cruise from,AU,Australia,English,,false,false,false,true,true,false,,90,76,0.52,10,0,4,,https://www.ozcruising.com.au/,2026-04-21 13:32:04
cruise company,AU,Australia,English,,false,false,false,true,true,false,"AI Overview, People also ask",80,66,0.59,10,0,4,,https://www.ozcruising.com.au/,2026-05-07 10:25:16
cruises.,AU,Australia,English,,false,false,false,true,true,false,People also ask,80,73,0.37,10,0,3,,https://www.ozcruising.com.au/,2026-04-22 19:31:52
cruises south pacific,AU,Australia,English,South Pacific (Location),false,false,false,true,true,false,"AI Overview, People also ask, Video preview",80,0,0.27,10,0,3,,https://www.ozcruising.com.au/region/south-pacific/departing-sydney/cruises,2026-05-11 13:11:34
14 day new zealand cruise,AU,Australia,English,New Zealand (Location),false,false,false,true,true,false,"AI Overview, Thumbnail, People also ask",90,0,0.46,10,0,5,,https://www.ozcruising.com.au/cruise/pc26-a701.1,2026-05-11 14:27:26
online cruise travel agent,AU,Australia,English,,false,false,false,true,true,false,,90,67,1.26,10,0,4,,https://www.ozcruising.com.au/,2026-04-22 21:42:32
cruise sydney,AU,Australia,English,Sydney (Location),false,true,false,true,true,false,"Local pack, Thumbnail, Video preview",1900,27,0.41,10,0,6,,https://www.ozcruising.com.au/departing/sydney/cruises,2026-05-06 22:08:14
cruise sydney australia,AU,Australia,English,"Sydney (Location), Australia (Location)",false,true,false,true,true,false,AI Overview,100,53,,10,0,6,,https://www.ozcruising.com.au/departing/sydney/cruises,2026-04-13 21:13:39
cruises deals,AU,Australia,English,,false,false,false,true,true,false,Thumbnail,90,33,0.50,10,0,4,,https://www.ozcruising.com.au/cruise-specials,2026-04-16 17:41:53
cruises from singapore to brisbane,AU,Australia,English,"Singapore (Location), Brisbane (Location)",false,true,false,true,true,false,"AI Overview, Thumbnail, People also ask",80,0,0.36,10,0,4,,https://www.ozcruising.com.au/cruise/cl26-lm30nov26.1,2026-05-07 17:12:11
cruises out of brisbane 2023,AU,Australia,English,Brisbane (Location),false,true,false,true,true,false,"AI Overview, Sitelinks",80,1,0.49,10,0,4,,https://www.ozcruising.com.au/departing/brisbane/cruises,2026-04-18 14:35:18
cruise trips,AU,Australia,English,,false,false,false,true,true,false,"People also ask, Thumbnail, Discussions and forums",100,72,0.45,10,0,4,,https://www.ozcruising.com.au/,2026-04-14 13:58:29
cruise vacation cruises,AU,Australia,English,,false,false,false,true,true,false,,150,54,0.33,10,0,5,,https://www.ozcruising.com.au/cruise-specials,2026-04-16 05:37:53
cruise sale from sydney,AU,Australia,English,Sydney (Location),false,true,false,true,true,true,"Top ads, Paid sitelinks, Thumbnail, Bottom ads",150,9,0.47,10,2,6,,https://www.ozcruising.com.au/departing/sydney/cruises,2026-04-28 15:54:29
cruise 2023 from brisbane,AU,Australia,English,Brisbane (Location),false,true,false,true,true,false,Sitelinks,80,0,0.43,10,0,3,,https://www.ozcruising.com.au/departing/brisbane/cruises,2026-04-17 22:05:43
2024 cruises australia,AU,Australia,English,Australia (Location),false,true,false,true,true,false,"AI Overview, Thumbnail, People also ask",150,5,0.45,9,0,7,,https://www.ozcruising.com.au/departing/sydney/cruises,2026-04-10 08:44:57
cruises from sydney january 2023,AU,Australia,English,Sydney (Location),false,true,false,true,true,false,"People also ask, Sitelinks, Bottom ads, Paid sitelinks",150,17,0.46,9,0,5,,https://www.ozcruising.com.au/departing/sydney/cruises,2026-04-30 15:26:13
4 day cruises from brisbane,AU,Australia,English,Brisbane (Location),false,true,false,true,true,false,"AI Overview, People also ask, Bottom ads, Paid sitelinks",150,1,0.37,9,0,6,,https://www.ozcruising.com.au/short/departing-brisbane/cruises,2026-04-14 18:08:21
cruise singapore to sydney,AU,Australia,English,,false,false,false,true,true,false,"AI Overview, Thumbnail, People also ask",150,0,0.40,9,0,8,,https://www.ozcruising.com.au/one-way-cruises/singapore-to-sydney,2026-04-11 21:41:02
cruises from sydney to nz,AU,Australia,English,"Sydney (Location), New Zealand (Location)",false,true,false,true,true,false,"Top ads, Paid sitelinks, Thumbnail, AI Overview, People also ask, Bottom ads",30,1,,9,0,1,,https://www.ozcruising.com.au/region/new-zealand/departing-sydney/cruises,2026-04-28 04:45:53
aussie cruising,AU,Australia,English,,false,false,false,true,true,false,"Top ads, Paid sitelinks, Sitelinks, People also ask",30,24,0.45,9,1,1,,https://www.ozcruising.com.au/,2026-05-05 06:18:53
ox cruising,AU,Australia,English,,false,false,false,true,true,false,"Top ads, Paid sitelinks, Sitelinks, People also ask, Discussions and forums, Video preview, Bottom ads",30,0,0.50,9,3,1,,https://www.ozcruising.com.au/,2026-05-07 21:25:32
cruises from australia to asia,AU,Australia,English,Asia (Location),false,false,false,true,true,false,"Thumbnail, People also ask, Bottom ads, Paid sitelinks",30,1,0.45,9,0,1,,https://www.ozcruising.com.au/region/asia/departing-australia/cruises,2026-04-21 23:19:31
cruises from brisbane to nz,AU,Australia,English,"Brisbane (Location), New Zealand (Location)",false,true,false,true,true,false,AI Overview,30,0,,9,0,1,,https://www.ozcruising.com.au/region/new-zealand/departing-brisbane/cruises,2026-04-17 13:24:17
brisbane 3 day cruise,AU,Australia,English,Brisbane (Location),false,true,false,true,true,false,,80,1,,9,0,3,,https://www.ozcruising.com.au/short/departing-brisbane/cruises,2026-04-22 12:45:40
cruise ships from melbourne,AU,Australia,English,Melbourne (Location),false,true,false,true,true,false,"Top ads, Paid sitelinks, AI Overview, Thumbnail, People also ask, Discussions and forums",80,1,0.45,9,3,1,AI Overview,https://www.ozcruising.com.au/departing/melbourne/cruises,2026-04-28 18:32:02
cruises out of australia,AU,Australia,English,Australia (Location),false,true,false,true,true,false,"AI Overview, People also ask",80,34,0.46,9,0,3,,https://www.ozcruising.com.au/,2026-04-22 12:19:29
cruise in january,AU,Australia,English,,false,false,false,true,true,false,,150,41,,9,0,5,,https://www.ozcruising.com.au/departure/January-2027/cruises,2026-04-01 02:44:29
cruising brisbane,AU,Australia,English,Brisbane (Location),false,true,false,true,true,false,"Local pack, Thumbnail",250,10,0.33,9,0,9,,https://www.ozcruising.com.au/departing/brisbane/cruises,2026-04-16 04:45:37
cruises from brisbane 2023,AU,Australia,English,Brisbane (Location),false,true,false,true,true,false,"AI Overview, Thumbnail, Sitelinks, People also ask, Bottom ads, Paid sitelinks",100,0,0.45,9,0,6,,https://www.ozcruising.com.au/departing/brisbane/cruises,2026-04-29 11:05:29
last minute cruise from brisbane,AU,Australia,English,Brisbane (Location),false,true,false,true,true,true,,150,1,,9,0,6,,https://www.ozcruising.com.au/popular/last-minute/cruises,2026-05-06 09:36:22
cruise ship sydney,AU,Australia,English,Sydney (Location),false,true,false,true,true,false,"Thumbnail, Discussions and forums, Video preview",900,14,0.43,9,0,13,,https://www.ozcruising.com.au/departing/sydney/cruises,2026-04-26 00:10:16
various cruise deals,AU,Australia,English,,false,false,false,true,true,false,Top ads,80,43,,9,0,3,,https://www.ozcruising.com.au/cruise-specials,2026-04-27 00:36:05
melbourne to auckland cruise,AU,Australia,English,,false,true,false,true,true,false,"AI Overview, People also ask",60,0,0.45,9,0,2,,https://www.ozcruising.com.au/region/new-zealand/departing-melbourne/cruises,2026-04-20 21:28:57
cruise travel,AU,Australia,English,,false,false,false,true,true,false,"Knowledge panel, Thumbnail, Top stories, Bottom ads, Paid sitelinks",200,62,0.61,9,0,7,,https://www.ozcruising.com.au/,2026-04-16 17:17:07
sydney australia cruise,AU,Australia,English,"Sydney (Location), Australia (Location)",false,true,false,true,true,false,Thumbnail,100,36,,9,0,5,,https://www.ozcruising.com.au/departing/sydney/cruises,2026-04-23 23:47:12
cruises may 2024,AU,Australia,English,,false,false,false,true,true,false,"Thumbnail, People also ask",100,43,0.45,9,0,5,,https://www.ozcruising.com.au/,2026-04-16 11:26:33
cruises may 2023,AU,Australia,English,,false,false,false,true,true,false,"Sitelinks, People also ask",100,5,0.51,9,0,4,,https://www.ozcruising.com.au/departing/sydney/cruises,2026-04-20 00:54:02
cruises in january,AU,Australia,English,,false,false,false,true,true,false,AI Overview,60,45,0.33,9,0,3,,https://www.ozcruising.com.au/departure/january-2028/cruises,2026-05-10 05:06:34
cruise january,AU,Australia,English,,false,false,false,true,true,false,"Top ads, Paid sitelinks, Thumbnail, Sitelinks",60,22,0.44,9,0,2,,https://www.ozcruising.com.au/departure/january-2027/cruises,2026-04-19 08:40:52
cruises 2024 from sydney,AU,Australia,English,Sydney (Location),false,true,false,true,true,false,"Thumbnail, Sitelinks, Bottom ads, Paid sitelinks",100,5,0.51,9,0,5,,https://www.ozcruising.com.au/departing/sydney/cruises,2026-05-05 12:44:05
new years cruises australia,AU,Australia,English,Australia (Location),false,true,false,true,true,false,,30,0,,9,0,1,,https://www.ozcruising.com.au/popular/new-years-eve/cruises,2026-05-04 07:52:35
one way cruises from sydney,AU,Australia,English,Sydney (Location),false,true,false,true,true,false,"Top ads, Paid sitelinks, People also ask, Bottom ads",30,3,,9,0,1,,https://www.ozcruising.com.au/popular/one-way/cruises,2026-04-17 17:43:28
october cruises from sydney,AU,Australia,English,Sydney (Location),false,true,false,true,true,false,"Thumbnail, AI Overview",100,31,0.42,9,0,5,,https://www.ozcruising.com.au/departing/sydney/cruises,2026-05-01 16:19:54
christmas cruises australia,AU,Australia,English,Australia (Location),false,true,false,true,true,false,"AI Overview, People also ask",200,0,0.36,9,0,8,,https://www.ozcruising.com.au/popular/christmas/cruises,2026-04-29 06:48:42
south pacific cruises 2024,AU,Australia,English,,false,false,false,true,true,false,"Sitelinks, People also ask, Video preview",100,0,0.33,9,0,4,,https://www.ozcruising.com.au/region/south-pacific/departing-sydney/cruises,2026-04-25 00:24:29
find cruises,AU,Australia,English,,false,false,false,true,true,true,"Top ads, Paid sitelinks, Sitelinks",70,62,0.36,9,0,2,,https://www.ozcruising.com.au/,2026-05-05 06:39:55
cruise for cheap,AU,Australia,English,,false,false,false,true,true,false,"Top ads, Paid sitelinks, Thumbnail, Local pack",100,2,,9,2,5,,https://www.ozcruising.com.au/cruise-specials,2026-04-16 12:19:24
cruise perth to sydney,AU,Australia,English,,false,true,false,true,true,false,People also ask,80,0,0.21,9,0,3,,https://www.ozcruising.com.au/departing/fremantle/cruises,2026-05-11 09:18:18
weekend cruises from melbourne,AU,Australia,English,Melbourne (Location),false,true,false,true,true,false,"Top ads, Paid sitelinks, AI Overview, Thumbnail",100,0,0.25,9,3,5,,https://www.ozcruising.com.au/short-cruises/departing-from-melbourne,2026-04-24 22:54:10
international cruise,AU,Australia,English,,false,false,false,true,true,false,"Top ads, Knowledge panel, Thumbnail, People also ask, Discussions and forums",100,53,0.62,9,0,4,,https://www.ozcruising.com.au/,2026-04-26 18:00:02
best 3 day cruises from fremantle,AU,Australia,English,Fremantle (Location),false,true,false,true,true,false,"AI Overview, People also ask",200,1,0.17,9,0,8,,https://www.ozcruising.com.au/short-cruises,2026-05-04 06:13:13
cruise trips from melbourne,AU,Australia,English,Melbourne (Location),false,true,false,true,true,false,,150,1,0.45,9,0,6,,https://www.ozcruising.com.au/departing/melbourne/cruises,2026-05-10 04:28:11
cruise finders,AU,Australia,English,,false,false,false,true,true,false,Sitelinks,60,53,0.22,9,0,2,,https://www.ozcruising.com.au/,2026-04-15 01:14:47
kangaroo island cruise,AU,Australia,English,Kangaroo Island (Location),false,false,false,true,true,false,"Top ads, Discussions and forums",200,0,0.33,9,0,7,,https://www.ozcruising.com.au/cruise/cl28-aq10mar28,2026-04-29 06:08:55
weekend cruises,AU,Australia,English,,false,false,false,true,true,false,"Thumbnail, Bottom ads, Paid sitelinks",150,1,0.32,9,32,3,,https://www.ozcruising.com.au/weekend/departing-sydney/cruises,2026-04-22 16:22:53
cruises from sydney to pacific islands,AU,Australia,English,"Sydney (Location), Pacific Islands (Location)",false,true,false,true,true,false,"AI Overview, People also ask",20,0,,9,0,1,,https://www.ozcruising.com.au/region/south-pacific/departing-sydney/cruises,2026-04-10 14:29:07
how are cruise ships powered,AU,Australia,English,,false,false,false,true,false,false,"AI Overview, Thumbnail, Video preview, People also ask, Discussions and forums",20,0,,9,0,1,AI Overview,https://www.ozcruising.com.au/blog/how-are-cruise-ships-powered,2026-04-17 22:28:35
cruise new years eve,AU,Australia,English,,false,false,false,true,true,true,,20,1,,9,0,1,,https://www.ozcruising.com.au/popular/new-years-eve/cruises,2026-05-01 21:03:00
may cruises,AU,Australia,English,,false,false,false,true,true,false,"Top ads, AI Overview, Thumbnail",20,41,0.45,9,0,1,,https://www.ozcruising.com.au/departure/may-2026/cruises,2026-05-01 15:58:01
cruises australia to hawaii,AU,Australia,English,,false,false,false,true,true,false,AI Overview,20,0,0.38,9,0,1,,https://www.ozcruising.com.au/region/hawaii/departing-australia/cruises,2026-05-09 20:18:52
cruises from sydney to moreton island,AU,Australia,English,"Sydney (Location), Moreton Island (Location)",false,true,false,true,true,false,"AI Overview, People also ask, Discussions and forums, Video preview",70,0,,9,0,4,,https://www.ozcruising.com.au/cruise/cl26-sl28jan26,2026-05-01 12:51:18
adelaide to adelaide cruises,AU,Australia,English,Adelaide to Adelaide (Event),false,true,false,true,true,false,"AI Overview, Thumbnail",70,0,0.24,9,0,4,,https://www.ozcruising.com.au/departing/adelaide/cruises,2026-04-20 14:45:52
australia cruises 2024,AU,Australia,English,Australia (Location),false,false,false,true,true,false,"AI Overview, Thumbnail, Sitelinks, People also ask",150,10,0.36,9,0,6,,https://www.ozcruising.com.au/,2026-04-24 14:50:51
cruise april 2023,AU,Australia,English,,false,false,false,true,true,false,"Sitelinks, People also ask",100,35,0.45,9,0,4,,https://www.ozcruising.com.au/departing/sydney/cruises,2026-04-23 12:01:25
singapore to sydney cruise,AU,Australia,English,,false,false,false,true,true,false,AI Overview,250,1,0.40,9,0,11,,https://www.ozcruising.com.au/one-way-cruises/singapore-to-sydney,2026-05-01 07:24:03
cruise to norfolk island,AU,Australia,English,Norfolk Island (Location),false,true,false,true,true,false,"AI Overview, Thumbnail, People also ask",100,0,0.36,9,0,7,,https://www.ozcruising.com.au/cruise/cl27-aq15jul27,2026-04-28 19:56:54
island cruise,AU,Australia,English,,false,false,false,true,true,false,,90,4,0.26,9,0,4,,https://www.ozcruising.com.au/region/south-pacific/departing-sydney/cruises,2026-05-07 12:58:42
cruise holidays from brisbane,AU,Australia,English,Brisbane (Location),false,true,false,true,true,false,,90,2,0.49,9,0,4,,https://www.ozcruising.com.au/departing/brisbane/cruises,2026-04-24 05:35:10
cruises to new guinea from brisbane,AU,Australia,English,"Papua New Guinea (Location), Brisbane (Location)",false,true,false,true,true,false,"AI Overview, Thumbnail, People also ask, Video preview",150,0,,9,0,7,,https://www.ozcruising.com.au/cruise/cl26-eq09jun26.1,2026-04-26 21:30:28
cruises in june 2024,AU,Australia,English,,false,false,false,true,true,false,"Sitelinks, People also ask",150,44,0.45,9,0,5,,https://www.ozcruising.com.au/,2026-04-24 12:19:16
cruises departing auckland 2023,AU,Australia,English,Auckland (Location),false,true,false,true,true,false,"Sitelinks, Thumbnail",150,0,0.52,9,0,5,,https://www.ozcruising.com.au/departing/auckland/cruises,2026-04-30 22:03:32
sydney to queensland cruise,AU,Australia,English,"Sydney (Location), Queensland (Location)",false,true,false,true,true,false,,60,4,0.42,9,0,2,,https://www.ozcruising.com.au/departing/sydney/cruises,2026-04-10 20:22:27
2 day cruise brisbane,AU,Australia,English,Brisbane (Location),false,true,false,true,true,false,"Top ads, Paid sitelinks, Thumbnail",90,0,,8,3,4,,https://www.ozcruising.com.au/short/departing-brisbane/cruises,2026-04-27 21:23:02
2025 cruises,AU,Australia,English,,false,false,false,true,true,false,Video preview,200,33,0.35,8,0,7,,https://www.ozcruising.com.au/departing/sydney/cruises,2026-04-13 02:16:18
cruise around pacific islands,AU,Australia,English,Pacific Islands (Location),false,false,false,true,true,false,Thumbnail,100,0,0.46,8,0,5,,https://www.ozcruising.com.au/region/south-pacific/departing-sydney/cruises,2026-05-02 12:58:04
queensland cruise,AU,Australia,English,Queensland (Location),false,true,false,true,true,false,"Thumbnail, Discussions and forums",150,9,0.29,8,0,6,,https://www.ozcruising.com.au/departing/brisbane/cruises,2026-04-20 14:58:21
cruise to airlie beach from brisbane,AU,Australia,English,"Airlie Beach (Location), Brisbane (Location)",false,true,false,true,true,false,"AI Overview, Thumbnail, Video preview, People also ask",150,0,0.47,8,0,7,,https://www.ozcruising.com.au/cruise/cl26-eq14jul26,2026-04-26 15:34:47
cruises from rome 2023,AU,Australia,English,Rome (Location),false,true,false,true,true,false,"Sitelinks, People also ask",100,0,0.84,8,0,5,,https://www.ozcruising.com.au/region/mediterranean/departing-rome/cruises,2026-04-13 22:40:50
sydney short cruises,AU,Australia,English,Sydney (Location),false,true,false,true,true,false,AI Overview,60,1,,8,0,2,,https://www.ozcruising.com.au/short/departing-sydney/cruises,2026-05-10 08:19:45
cruises brisbane 2023,AU,Australia,English,Brisbane (Location),false,true,false,true,true,false,"AI Overview, Thumbnail, Sitelinks",90,0,0.50,8,0,5,,https://www.ozcruising.com.au/departing/brisbane/cruises,2026-04-20 11:11:09
aussie cruise,AU,Australia,English,,false,false,false,true,true,false,"Top ads, Thumbnail",20,42,0.45,8,1,1,,https://www.ozcruising.com.au/,2026-04-22 16:16:43
cruise from brisbane to nz,AU,Australia,English,"Brisbane (Location), New Zealand (Location)",false,true,false,true,true,false,"Top ads, Paid sitelinks, Thumbnail, AI Overview, People also ask, Bottom ads",20,0,,8,1,1,,https://www.ozcruising.com.au/region/new-zealand/departing-brisbane/cruises,2026-04-25 18:47:53
fremantle cruise,AU,Australia,English,Fremantle (Location),false,true,false,true,true,false,"Top ads, Knowledge panel, Thumbnail, Discussions and forums",250,3,0.11,8,0,5,,https://www.ozcruising.com.au/departing/fremantle/cruises,2026-04-24 20:50:28
cruises august 2023,AU,Australia,English,,false,false,false,true,true,false,"Sitelinks, People also ask",150,56,0.52,8,0,6,,https://www.ozcruising.com.au/departing/sydney/cruises,2026-05-06 19:24:53
january cruise,AU,Australia,English,,false,false,false,true,true,false,Discussions and forums,50,11,,8,0,2,,https://www.ozcruising.com.au/departure/january-2027/cruises,2026-05-05 03:27:02
2023 cruises,AU,Australia,English,,false,false,false,true,true,false,"People also ask, Thumbnail",150,8,0.45,8,0,7,,https://www.ozcruising.com.au/departing/sydney/cruises,2026-05-06 07:24:17
short break cruises from sydney,AU,Australia,English,Sydney (Location),false,true,false,true,true,false,,60,3,0.44,8,0,2,,https://www.ozcruising.com.au/short/departing-sydney/cruises,2026-05-11 06:58:48
cruising from adelaide,AU,Australia,English,Adelaide (Location),false,true,false,true,true,false,AI Overview,60,1,,8,0,2,,https://www.ozcruising.com.au/departing/adelaide/cruises,2026-05-02 23:09:53
last minute cruises sydney,AU,Australia,English,Sydney (Location),false,true,false,true,true,true,"Bottom ads, Paid sitelinks, Thumbnail",200,2,0.29,8,0,7,,https://www.ozcruising.com.au/popular/last-minute/cruises,2026-05-04 06:45:32
australian cruises from brisbane,AU,Australia,English,Brisbane (Location),false,true,false,true,true,false,"Top ads, Paid sitelinks, AI Overview, People also ask",200,1,0.34,8,0,4,,https://www.ozcruising.com.au/departing/brisbane/cruises,2026-04-21 06:54:54
find cruise,AU,Australia,English,,false,false,false,true,true,false,,50,59,0.49,8,0,2,,https://www.ozcruising.com.au/,2026-04-27 06:32:52
cruise from brisbane 2023,AU,Australia,English,Brisbane (Location),false,true,false,true,true,false,"AI Overview, Sitelinks",90,0,0.41,8,0,5,,https://www.ozcruising.com.au/departing/brisbane/cruises,2026-04-16 06:12:39
state of origin cruise 2023,AU,Australia,English,State of Origin (Event),false,false,false,true,true,false,"Sitelinks, Video preview, People also ask",80,0,,8,0,3,,https://www.ozcruising.com.au/theme/state-of-origin/cruises,2026-04-14 21:53:53
cruise offers australia,AU,Australia,English,Australia (Location),false,true,false,true,true,false,Sitelinks,150,50,0.44,8,0,6,,https://www.ozcruising.com.au/cruise-specials,2026-05-08 08:53:15
cruise out of brisbane,AU,Australia,English,Brisbane (Location),false,true,false,true,true,false,"People also ask, Thumbnail",70,0,0.46,8,0,3,,https://www.ozcruising.com.au/departing/brisbane/cruises,2026-04-13 11:15:03
crusie deals,AU,Australia,English,,false,false,false,true,true,false,AI Overview,60,43,,8,0,2,,https://www.ozcruising.com.au/cruise-specials,2026-04-13 08:58:05
black friday cruise sales,AU,Australia,English,Black Friday (Event),false,false,false,true,true,true,"Thumbnail, Sitelinks, People also ask, Bottom ads, Paid sitelinks",60,0,,8,0,2,,https://www.ozcruising.com.au/sale/black-friday/cruises,2026-05-04 21:15:02
cruises july 2023,AU,Australia,English,,false,false,false,true,true,false,"Sitelinks, People also ask",100,18,0.45,8,0,5,,https://www.ozcruising.com.au/departing/sydney/cruises,2026-04-26 04:34:56
cruise packages 2024,AU,Australia,English,,false,false,false,true,true,false,Thumbnail,100,36,0.58,8,0,5,,https://www.ozcruising.com.au/cruise-specials,2026-05-09 21:05:38
best cruise deals 2024,AU,Australia,English,,false,false,false,true,true,false,"People also ask, Sitelinks",150,33,0.56,8,0,6,,https://www.ozcruising.com.au/cruise-specials,2026-04-21 10:27:29
cruises from sydney to south pacific,AU,Australia,English,"Sydney (Location), South Pacific (Location)",false,true,false,true,true,false,"AI Overview, People also ask, Video preview",20,0,0.53,8,0,1,,https://www.ozcruising.com.au/region/south-pacific/departing-sydney/cruises,2026-04-20 00:25:52
australia to asia cruise,AU,Australia,English,,false,false,false,true,true,false,"Top ads, Paid sitelinks, Thumbnail, People also ask, Discussions and forums, Bottom ads",20,0,,8,0,1,,https://www.ozcruising.com.au/region/asia/departing-australia/cruises,2026-04-25 15:17:13
fly cruise deals,AU,Australia,English,,false,false,false,true,true,false,,150,6,0.58,8,0,8,,https://www.ozcruising.com.au/cruise-specials,2026-04-24 12:12:22
cruise leaving brisbane,AU,Australia,English,Brisbane (Location),false,true,false,true,true,false,"Top ads, Paid sitelinks, Thumbnail, People also ask, Top stories, Bottom ads",100,3,0.52,8,0,5,,https://www.ozcruising.com.au/departing/brisbane/cruises,2026-04-18 22:59:55
cruises,AU,Australia,English,,false,false,false,true,true,false,"Top ads, Paid sitelinks, People also ask, Thumbnail, Bottom ads",12000,72,0.33,8,0,21,,https://www.ozcruising.com.au/,2026-05-09 05:58:53
hawaii cruise to sydney,AU,Australia,English,Sydney (Location),false,true,false,true,true,false,"AI Overview, Thumbnail, Bottom ads, Paid sitelinks",150,0,,8,9,7,,https://www.ozcruising.com.au/region/hawaii/departing-australia/cruises,2026-05-01 02:20:33
cruises departing adelaide,AU,Australia,English,Adelaide (Location),false,true,false,true,true,false,"Top ads, Paid sitelinks, Thumbnail",100,2,0.24,8,0,2,,https://www.ozcruising.com.au/departing/adelaide/cruises,2026-04-12 08:00:54
christmas cruises from melbourne,AU,Australia,English,Melbourne (Location),false,true,false,true,true,false,"AI Overview, Thumbnail, People also ask",90,0,0.27,8,21,7,,https://www.ozcruising.com.au/popular/christmas/cruises,2026-05-10 14:36:44
moreton bay cruise from sydney,AU,Australia,English,"Moreton Bay Cruise (Event), Sydney (Location)",false,true,false,true,true,false,"AI Overview, Thumbnail, People also ask, Video preview, Bottom ads, Paid sitelinks",150,1,0.33,8,0,7,,https://www.ozcruising.com.au/cruise/cl26-sl28jan26,2026-04-23 03:32:41
5 day cruise from brisbane,AU,Australia,English,Brisbane (Location),false,true,false,true,true,false,"Top ads, AI Overview, People also ask, Bottom ads, Paid sitelinks",80,2,,8,0,5,,https://www.ozcruising.com.au/short/departing-brisbane/cruises,2026-04-29 20:18:20
search cruises,AU,Australia,English,,false,false,false,true,true,false,,50,53,0.41,8,0,2,,https://www.ozcruising.com.au/,2026-04-04 12:24:48
last minute cruises departing sydney,AU,Australia,English,Sydney (Location),false,true,false,true,true,true,"AI Overview, Thumbnail",200,2,0.29,8,0,9,,https://www.ozcruising.com.au/popular/last-minute/cruises,2026-04-17 13:55:49
cruises cruise ships,AU,Australia,English,,false,false,false,true,true,true,People also ask,150,63,0.38,8,0,6,,https://www.ozcruising.com.au/,2026-05-05 15:09:51
booking cruise,AU,Australia,English,,false,false,false,true,true,true,People also ask,40,67,0.58,8,0,2,,https://www.ozcruising.com.au/,2026-04-14 22:30:30
3 days cruise from sydney,AU,Australia,English,Sydney (Location),false,true,false,true,true,false,"AI Overview, Thumbnail, Bottom ads, Paid sitelinks",150,0,0.35,8,0,8,,https://www.ozcruising.com.au/short-cruises/departing-from-sydney,2026-04-21 23:29:00
cruise sydney to perth 2024,AU,Australia,English,,false,true,false,true,true,false,"AI Overview, Sitelinks, Thumbnail, People also ask",100,0,0.49,8,0,6,,https://www.ozcruising.com.au/departing/sydney/cruises,2026-04-12 06:25:47
australian cruises from melbourne,AU,Australia,English,Melbourne (Location),false,true,false,true,true,false,"AI Overview, People also ask",100,0,0.43,8,0,6,,https://www.ozcruising.com.au/departing/melbourne/cruises,2026-04-25 08:38:53
2023 cruises from sydney,AU,Australia,English,Sydney (Location),false,true,false,true,true,false,"AI Overview, Sitelinks",100,8,0.46,8,0,6,,https://www.ozcruising.com.au/departing/sydney/cruises,2026-04-15 01:35:18
crusie australia,AU,Australia,English,Australia (Location),false,true,false,true,true,false,"Top stories, Thumbnail, People also ask",40,40,,8,0,1,,https://www.ozcruising.com.au/,2026-05-09 03:42:00
3 night cruises,AU,Australia,English,,false,false,false,true,true,true,"Top ads, Thumbnail",100,1,0.32,8,0,5,,https://www.ozcruising.com.au/short-cruises/departing-from-sydney,2026-04-23 13:45:28
cruise sydney to vancouver,AU,Australia,English,Sydney to Vancouver (Event),false,false,false,true,true,false,"Thumbnail, AI Overview, People also ask",100,0,0.43,8,0,6,,https://www.ozcruising.com.au/cruise/pc26-x610a,2026-05-01 22:02:33
melbourne cup cruise 2025,AU,Australia,English,Melbourne Cup (Event),false,false,false,true,true,false,"Thumbnail, People also ask, Discussions and forums",100,0,0.30,8,0,5,,https://www.ozcruising.com.au/popular/melbourne-cup/cruises,2026-05-03 11:12:28
cruises that leave from melbourne,AU,Australia,English,Melbourne (Location),false,true,false,true,true,false,"Top ads, Paid sitelinks, AI Overview, Thumbnail",70,0,0.32,8,1,4,,https://www.ozcruising.com.au/departing/melbourne/cruises,2026-05-03 00:28:28
short cruise australia,AU,Australia,English,Australia (Location),false,true,false,true,true,false,,50,2,,8,0,2,,https://www.ozcruising.com.au/short/cruises,2026-04-14 15:56:32
cruise sites,AU,Australia,English,,false,false,false,true,true,false,"People also ask, Discussions and forums, Thumbnail",20,65,0.46,8,0,1,,https://www.ozcruising.com.au/,2026-05-02 17:02:28
cruise from sydney to brisbane,AU,Australia,English,"Sydney (Location), Brisbane (Location)",false,true,false,true,true,false,"AI Overview, People also ask",200,0,0.32,8,4,9,,https://www.ozcruising.com.au/departing/sydney/cruises,2026-04-19 01:59:53
price cruise,AU,Australia,English,,false,false,false,true,true,false,"AI Overview, Thumbnail, People also ask",300,31,,8,0,12,,https://www.ozcruising.com.au/cruise-specials,2026-04-26 20:09:17
cruise brisbane to sydney,AU,Australia,English,,false,true,false,true,true,false,"AI Overview, Bottom ads, Paid sitelinks",150,8,0.30,8,0,8,,https://www.ozcruising.com.au/short/departing-brisbane/cruises,2026-04-30 15:47:09
4 night cruise from brisbane,AU,Australia,English,Brisbane (Location),false,true,false,true,true,false,,80,0,0.34,8,0,4,,https://www.ozcruising.com.au/short/departing-brisbane/cruises,2026-04-19 06:23:19
cruises 2023 from brisbane,AU,Australia,English,Brisbane (Location),false,true,false,true,true,false,"AI Overview, Sitelinks",80,0,0.61,8,0,5,,https://www.ozcruising.com.au/departing/brisbane/cruises,2026-04-29 10:44:02
3 day cruise from fremantle,AU,Australia,English,Fremantle (Location),false,true,false,true,true,false,"AI Overview, Thumbnail, People also ask, Bottom ads, Paid sitelinks",150,0,0.23,8,0,7,,https://www.ozcruising.com.au/short-cruises,2026-04-26 20:07:29
cruises cheap,AU,Australia,English,,false,false,false,true,true,false,"Top ads, Paid sitelinks",150,30,,8,2,6,,https://www.ozcruising.com.au/cruise-specials,2026-05-05 00:06:28
cruises in august,AU,Australia,English,,false,false,false,true,true,false,"Top ads, Paid sitelinks, AI Overview, People also ask, Thumbnail",50,12,0.46,7,0,2,,https://www.ozcruising.com.au/departure/august-2026/cruises,2026-04-30 12:32:53
crusies from sydney,AU,Australia,English,Sydney (Location),false,true,false,true,true,false,"Top ads, Paid sitelinks, People also ask, Thumbnail, Discussions and forums",50,45,,7,1,2,,https://www.ozcruising.com.au/departing/sydney/cruises,2026-04-30 11:59:08
cruise brisbane to auckland,AU,Australia,English,"Brisbane (Location), Auckland (Location)",false,true,false,true,true,false,"AI Overview, Thumbnail, People also ask",50,8,0.45,7,0,3,,https://www.ozcruising.com.au/region/new-zealand/departing-brisbane/cruises,2026-05-10 21:33:18
australia to new zealand cruise,AU,Australia,English,,false,false,false,true,true,false,"AI Overview, People also ask",300,1,0.42,7,0,11,,https://www.ozcruising.com.au/region/new-zealand/departing-sydney/cruises,2026-05-03 05:11:13
cruises to the south pacific,AU,Australia,English,South Pacific (Location),false,false,false,true,true,false,AI Overview,100,2,,7,0,6,,https://www.ozcruising.com.au/region/south-pacific/departing-sydney/cruises,2026-04-29 05:27:19
cruise 2023 from sydney,AU,Australia,English,Sydney (Location),false,true,false,true,true,false,"People also ask, Sitelinks",80,10,0.50,7,0,4,,https://www.ozcruising.com.au/departing/sydney/cruises,2026-05-04 04:22:18
cruise deals 2023,AU,Australia,English,,false,false,false,true,true,false,"Thumbnail, Sitelinks, People also ask",150,41,0.54,7,0,7,,https://www.ozcruising.com.au/cruise-specials,2026-05-02 14:23:47
cruise ship holidays,AU,Australia,English,,false,false,false,true,true,false,"Thumbnail, People also ask",150,62,0.40,7,0,7,,https://www.ozcruising.com.au/,2026-04-29 00:17:44
venice to barcelona cruise,AU,Australia,English,"Venice (Location), Barcelona (Location)",false,true,false,true,true,false,"AI Overview, Thumbnail, People also ask",100,0,0.67,7,0,1,AI Overview,https://www.ozcruising.com.au/cruise/vo26-ose260714a,2026-05-09 09:01:57
cruises au,AU,Australia,English,Australia (Location),false,true,false,true,true,false,"Bottom ads, Paid sitelinks",50,64,0.45,7,0,2,,https://www.ozcruising.com.au/,2026-04-22 21:22:27
cruise perth to brisbane,AU,Australia,English,,false,true,false,true,true,false,"Top ads, Thumbnail, AI Overview, People also ask",50,0,0.21,7,0,2,,https://www.ozcruising.com.au/cruise/pc27-a712a.1,2026-05-09 13:24:52
cruises leaving from adelaide,AU,Australia,English,Adelaide (Location),false,true,false,true,true,false,"Top ads, Paid sitelinks, Thumbnail, People also ask",50,1,0.07,7,0,2,,https://www.ozcruising.com.au/departing/adelaide/cruises,2026-04-30 22:06:28
cruise in australia,AU,Australia,English,Australia (Location),false,true,false,true,true,false,"AI Overview, People also ask, Discussions and forums",150,24,0.43,7,0,9,,https://www.ozcruising.com.au/,2026-05-04 08:24:24
sydney to auckland cruise,AU,Australia,English,,false,true,false,true,true,false,People also ask,150,0,0.43,7,0,7,,https://www.ozcruising.com.au/region/new-zealand/departing-sydney/cruises,2026-04-13 21:37:32
cruise liners,AU,Australia,English,,false,false,false,true,true,false,"AI Overview, Thumbnail, Video preview, People also ask",350,55,0.47,7,0,9,,https://www.ozcruising.com.au/,2026-04-20 03:24:54
cruise from new zealand to australia one way,AU,Australia,English,"New Zealand (Location), Australia (Location)",false,false,false,true,true,false,"AI Overview, Thumbnail, People also ask, Bottom ads, Paid sitelinks",20,1,,7,0,1,AI Overview,https://www.ozcruising.com.au/popular/one-way/cruises,2026-04-22 19:38:44
brisbane new zealand cruise,AU,Australia,English,"Brisbane (Location), New Zealand (Location)",false,true,false,true,true,false,"Top ads, Paid sitelinks, Thumbnail, AI Overview, Bottom ads",20,0,,7,0,1,,https://www.ozcruising.com.au/region/new-zealand/departing-brisbane/cruises,2026-04-23 19:04:54
sydney to queenstown cruise,AU,Australia,English,"Sydney (Location), Queenstown (Location)",false,true,false,true,true,false,"AI Overview, People also ask",20,0,,7,1,1,,https://www.ozcruising.com.au/region/new-zealand/departing-sydney/cruises,2026-05-05 09:35:52
cruises.from sydney,AU,Australia,English,Sydney (Location),false,true,false,true,true,false,People also ask,20,2,,7,0,1,,https://www.ozcruising.com.au/departing/sydney/cruises,2026-05-11 04:52:43
cruise to south pacific from sydney,AU,Australia,English,"South Pacific (Location), Sydney (Location)",false,true,false,true,true,false,"AI Overview, Thumbnail, Video preview",20,0,0.76,7,0,1,AI Overview,https://www.ozcruising.com.au/region/south-pacific/departing-sydney/cruises,2026-04-24 21:41:22
hawaii cruises from sydney,AU,Australia,English,Sydney (Location),false,true,false,true,true,false,"AI Overview, People also ask, Video preview",20,0,,7,0,1,,https://www.ozcruising.com.au/region/hawaii/departing-australia/cruises,2026-04-19 03:17:54
cruise from hawaii to sydney,AU,Australia,English,"Hawaii (Location), Sydney (Location)",false,true,false,true,true,false,"AI Overview, Thumbnail, People also ask, Video preview, Discussions and forums",150,0,0.42,7,0,9,,https://www.ozcruising.com.au/region/hawaii/departing-australia/cruises,2026-05-07 05:57:08
nz cruises from melbourne,AU,Australia,English,Melbourne (Location),false,true,false,true,true,false,"AI Overview, Thumbnail, People also ask",50,0,0.45,7,0,1,AI Overview,https://www.ozcruising.com.au/region/new-zealand/departing-melbourne/cruises,2026-04-28 14:09:52
sydney to hawaii cruise 2025,AU,Australia,English,,false,true,false,true,true,false,"Top ads, Paid sitelinks, Sitelinks, Thumbnail, People also ask",50,0,0.34,7,2,2,,https://www.ozcruising.com.au/region/hawaii/departing-australia/cruises,2026-05-04 02:06:28
cruise deals brisbane,AU,Australia,English,Brisbane (Location),false,true,false,true,true,false,"Thumbnail, Discussions and forums",150,3,0.43,7,0,8,,https://www.ozcruising.com.au/cruise-specials,2026-05-08 19:06:06
cruises 2023 australia,AU,Australia,English,Australia (Location),false,true,false,true,true,false,Sitelinks,150,50,0.46,7,0,7,,https://www.ozcruising.com.au/departing/sydney/cruises,2026-04-17 03:41:28
venice to istanbul cruise,AU,Australia,English,,false,false,false,true,true,false,"AI Overview, Thumbnail, Video preview, People also ask",150,0,0.89,7,0,8,,https://www.ozcruising.com.au/cruise/vo26-ose260811a,2026-04-28 00:28:39
cruise sale sydney,AU,Australia,English,Sydney (Location),false,true,false,true,true,false,"Thumbnail, People also ask",100,6,0.47,7,0,6,,https://www.ozcruising.com.au/departing/sydney/cruises,2026-05-05 13:01:32
cruise from brisbane to sydney,AU,Australia,English,"Brisbane (Location), Sydney (Location)",false,true,false,true,true,false,"AI Overview, Thumbnail, People also ask",100,8,0.32,7,0,1,AI Overview,https://www.ozcruising.com.au/short/departing-brisbane/cruises,2026-04-19 04:36:46
whitsunday cruise from brisbane,AU,Australia,English,Brisbane (Location),false,true,false,true,true,false,"AI Overview, Thumbnail, People also ask",80,1,,7,0,5,,https://www.ozcruising.com.au/short/departing-brisbane/cruises,2026-04-19 18:07:17
cruises leaving brisbane 2023,AU,Australia,English,Brisbane (Location),false,true,false,true,true,false,AI Overview,90,0,0.36,7,0,6,,https://www.ozcruising.com.au/departing/brisbane/cruises,2026-05-07 21:14:42
cruise finder by date,AU,Australia,English,,false,false,false,true,true,false,"Top ads, Paid sitelinks, Sitelinks, People also ask, Bottom ads",80,50,0.45,7,4,4,,https://www.ozcruising.com.au/,2026-05-02 02:57:53
pacific cruise from sydney,AU,Australia,English,Sydney (Location),false,true,false,true,true,false,"AI Overview, Thumbnail",50,0,0.60,7,0,1,AI Overview,https://www.ozcruising.com.au/region/south-pacific/departing-sydney/cruises,2026-04-26 02:29:57
short cruise sydney,AU,Australia,English,Sydney (Location),false,true,false,true,true,false,"Thumbnail, AI Overview",50,2,,7,0,2,,https://www.ozcruising.com.au/short/departing-sydney/cruises,2026-04-18 11:34:17
cruise march 2023,AU,Australia,English,,false,false,false,true,true,false,"Sitelinks, People also ask",100,22,,7,0,5,,https://www.ozcruising.com.au/departing/sydney/cruises,2026-05-03 02:55:17
cruise from.brisbane,AU,Australia,English,Brisbane (Location),false,true,false,true,true,false,"Thumbnail, People also ask, Discussions and forums",100,0,0.35,7,1,6,,https://www.ozcruising.com.au/departing/brisbane/cruises,2026-04-28 00:42:48
australia cruises 2023,AU,Australia,English,Australia (Location),false,false,false,true,true,false,"Sitelinks, People also ask, Video preview",150,13,0.46,7,0,7,,https://www.ozcruising.com.au/departing/sydney/cruises,2026-04-22 12:09:31
cruises 2024 from brisbane,AU,Australia,English,Brisbane (Location),false,true,false,true,true,false,"AI Overview, Thumbnail",90,0,0.62,7,0,6,,https://www.ozcruising.com.au/departing/brisbane/cruises,2026-04-28 21:08:53
cruise sales from sydney,AU,Australia,English,Sydney (Location),false,true,false,true,true,false,,90,6,0.47,7,0,5,,https://www.ozcruising.com.au/departing/sydney/cruises,2026-05-10 08:35:36
cruises within australia,AU,Australia,English,Australia (Location),false,true,false,true,true,false,"AI Overview, Thumbnail, People also ask, Bottom ads, Paid sitelinks",150,28,0.45,7,1,8,,https://www.ozcruising.com.au/,2026-04-30 16:15:31
boat cruise australia,AU,Australia,English,Australia (Location),false,true,false,true,true,false,"Top ads, Paid sitelinks, People also ask, Thumbnail, Discussions and forums",100,67,0.45,7,0,6,,https://www.ozcruising.com.au/,2026-04-22 12:57:17
cruisers australia,AU,Australia,English,Australia (Location),false,true,false,true,true,false,"Thumbnail, Bottom ads, Paid sitelinks",70,61,,7,0,4,,https://www.ozcruising.com.au/,2026-04-24 13:29:34
ship trip,AU,Australia,English,,false,false,false,true,true,false,"Thumbnail, People also ask",80,71,,7,0,5,,https://www.ozcruising.com.au/,2026-04-20 16:51:02
state of origin cruise,AU,Australia,English,State of Origin (Event),false,false,false,true,true,false,Video preview,20,0,0.46,7,0,1,,https://www.ozcruising.com.au/theme/state-of-origin/cruises,2026-04-18 10:27:28
perth to sydney cruise,AU,Australia,English,,false,true,false,true,true,false,"AI Overview, Thumbnail, People also ask",60,0,0.18,7,0,4,,https://www.ozcruising.com.au/departing/fremantle/cruises,2026-04-21 02:36:34
qld cruises,AU,Australia,English,Queensland (Location),false,true,false,true,true,false,"Thumbnail, AI Overview, Discussions and forums",90,9,0.27,7,0,6,,https://www.ozcruising.com.au/departing/brisbane/cruises,2026-05-04 06:46:39
cruise sydney to moreton island,AU,Australia,English,"Sydney (Location), Moreton Island (Location)",false,true,false,true,true,false,"Top ads, Paid sitelinks, AI Overview, Thumbnail, Video preview, People also ask",90,1,,7,3,6,,https://www.ozcruising.com.au/cruise/cl26-sl28jan26,2026-04-26 02:16:29
2023 cruises from brisbane,AU,Australia,English,Brisbane (Location),false,true,false,true,true,false,"AI Overview, Sitelinks",90,0,0.45,7,0,6,,https://www.ozcruising.com.au/departing/brisbane/cruises,2026-04-30 04:50:21
cruise lines from brisbane,AU,Australia,English,Brisbane (Location),false,true,false,true,true,false,"Top ads, Paid sitelinks, AI Overview, Thumbnail, People also ask",100,0,0.49,7,0,7,,https://www.ozcruising.com.au/departing/brisbane/cruises,2026-04-24 01:31:29
cruise ship speed km/h,AU,Australia,English,,false,false,false,true,false,false,"AI Overview, Thumbnail, Video preview, People also ask",20,0,,7,0,1,AI Overview,https://www.ozcruising.com.au/blog/how-fast-does-a-cruise-ship-travel,2026-04-17 16:55:52
cruise departing from sydney,AU,Australia,English,Sydney (Location),false,true,false,true,true,false,People also ask,20,11,0.74,7,0,1,,https://www.ozcruising.com.au/departing/sydney/cruises,2026-04-23 05:23:48
new years eve cruise australia,AU,Australia,English,Australia (Location),false,true,false,true,true,false,,20,6,0.47,7,0,1,,https://www.ozcruising.com.au/popular/new-years-eve/cruises,2026-05-10 09:07:01
cruises leaving australia,AU,Australia,English,Australia (Location),false,true,false,true,true,false,"AI Overview, People also ask, Discussions and forums, Thumbnail",50,22,0.45,7,0,2,,https://www.ozcruising.com.au/,2026-05-09 10:45:59
au cruises,AU,Australia,English,,false,false,false,true,true,false,Thumbnail,50,61,,7,0,2,,https://www.ozcruising.com.au/,2026-04-17 13:13:47
all cruises from sydney,AU,Australia,English,Sydney (Location),false,true,false,true,true,false,Thumbnail,50,7,,7,0,2,,https://www.ozcruising.com.au/departing/sydney/cruises,2026-05-06 10:26:13
cruises in november,AU,Australia,English,,false,false,false,true,true,false,"Thumbnail, AI Overview",150,9,0.45,7,0,8,,https://www.ozcruising.com.au/departure/november-2026/cruises,2026-05-07 01:29:07
cruise aus,AU,Australia,English,Australia (Location),false,true,false,true,true,false,"Thumbnail, Bottom ads, Paid sitelinks",70,57,0.45,7,0,4,,https://www.ozcruising.com.au/,2026-04-29 22:34:01
cruises singapore to sydney,AU,Australia,English,Singapore to Sydney (Location),false,true,false,true,true,true,People also ask,50,74,,7,0,2,,https://www.ozcruising.com.au/,2026-05-03 12:35:32
cruise ticket,AU,Australia,English,,false,false,false,true,true,false,People also ask,50,50,0.46,7,0,2,,https://www.ozcruising.com.au/cruise-specials,2026-04-29 09:57:17
cruise to nz from melbourne,AU,Australia,English,"New Zealand (Location), Melbourne (Location)",false,true,false,true,true,false,"AI Overview, People also ask",50,0,,7,0,2,,https://www.ozcruising.com.au/region/new-zealand/departing-melbourne/cruises,2026-04-18 18:30:27
aus to nz cruise,AU,Australia,English,,false,false,false,true,true,false,"AI Overview, Thumbnail, People also ask, Bottom ads, Paid sitelinks",50,1,0.45,7,0,3,,https://www.ozcruising.com.au/region/new-zealand/departing-sydney/cruises,2026-04-14 20:29:18
new year eve cruise,AU,Australia,English,New Year's Eve (Event),false,false,false,true,true,true,Knowledge panel,50,11,0.45,7,0,2,,https://www.ozcruising.com.au/popular/new-years-eve/cruises,2026-04-20 12:25:57
south pacific cruise from brisbane,AU,Australia,English,Brisbane (Location),false,true,false,true,true,false,"AI Overview, Thumbnail, Video preview, People also ask",50,0,,7,0,3,,https://www.ozcruising.com.au/region/south-pacific/departing-brisbane/cruises,2026-04-18 23:35:07
cruise ship tickets,AU,Australia,English,,false,false,false,true,true,true,People also ask,100,61,0.45,7,0,7,,https://www.ozcruising.com.au/cruise-specials,2026-04-10 20:51:19
7 day cruise from sydney,AU,Australia,English,Sydney (Location),false,true,false,true,true,false,"AI Overview, Thumbnail, People also ask, Bottom ads, Paid sitelinks, Video preview, Sitelinks",450,0,0.34,7,0,14,,https://www.ozcruising.com.au/departing/sydney/cruises,2026-04-25 01:58:31
christmas cruises from brisbane,AU,Australia,English,Brisbane (Location),false,true,false,true,true,false,"People also ask, Bottom ads, Paid sitelinks, Thumbnail, Video preview",600,0,0.30,7,0,12,,https://www.ozcruising.com.au/popular/christmas/cruises,2026-04-29 19:58:38
mini cruises from sydney,AU,Australia,English,Sydney (Location),false,true,false,true,true,false,AI Overview,50,3,0.32,7,0,3,,https://www.ozcruising.com.au/short/departing-sydney/cruises,2026-04-14 04:47:52
short cruises sydney,AU,Australia,English,Sydney (Location),false,true,false,true,true,false,"Top ads, Paid sitelinks, AI Overview, Thumbnail",50,2,,7,0,2,,https://www.ozcruising.com.au/short/departing-sydney/cruises,2026-04-18 07:28:27
cruise tasmania,AU,Australia,English,Tasmania (Location),false,true,false,true,true,false,"Thumbnail, Local pack, People also ask",300,2,0.38,7,0,12,,https://www.ozcruising.com.au/region/tasmania/cruises,2026-04-24 17:19:31
cruises leaving brisbane today,AU,Australia,English,Brisbane (Location),false,true,false,true,false,false,People also ask,70,2,,7,0,4,,https://www.ozcruising.com.au/departing/brisbane/cruises,2026-04-14 12:03:55
cruise out of fremantle,AU,Australia,English,Fremantle (Location),false,true,false,true,true,false,"AI Overview, Thumbnail, People also ask, Discussions and forums",20,1,,7,0,2,,https://www.ozcruising.com.au/departing/fremantle/cruises,2026-05-10 16:20:24
sydney to newzealand cruise,AU,Australia,English,"Sydney (Location), New Zealand (Location)",false,true,false,true,true,false,"Top ads, Paid sitelinks, Thumbnail, AI Overview, People also ask, Bottom ads",20,1,,7,0,1,,https://www.ozcruising.com.au/region/new-zealand/departing-sydney/cruises,2026-05-10 22:29:10
cruise from australia to asia,AU,Australia,English,"Australia (Location), Asia (Location)",false,false,false,true,true,false,,20,0,,7,0,1,,https://www.ozcruising.com.au/region/asia/departing-australia/cruises,2026-05-09 05:51:55
cruise offers 2023,AU,Australia,English,,false,false,false,true,true,false,"Top ads, Sitelinks",150,27,0.46,6,0,7,,https://www.ozcruising.com.au/departing/sydney/cruises,2026-04-16 04:17:08
cruise.,AU,Australia,English,,false,false,false,true,true,false,Thumbnail,100,75,,6,0,6,,https://www.ozcruising.com.au/,2026-04-19 13:03:32
cruise from hong kong,AU,Australia,English,Hong Kong (Location),false,true,false,true,true,false,"Thumbnail, People also ask, AI Overview",80,0,0.24,6,0,5,,https://www.ozcruising.com.au/region/asia/departing-hong-kong/cruises,2026-05-06 21:39:05
january cruises from brisbane,AU,Australia,English,Brisbane (Location),false,true,false,true,true,false,,70,0,,6,0,4,,https://www.ozcruising.com.au/departing/brisbane/cruises,2026-05-09 19:00:23
cruise from brisbane to whitsundays,AU,Australia,English,"Brisbane (Location), Whitsundays (Location)",false,true,false,true,true,false,"AI Overview, Video preview, People also ask",60,1,0.46,6,0,4,,https://www.ozcruising.com.au/short/departing-brisbane/cruises,2026-04-16 03:05:29
brisbane to auckland cruise,AU,Australia,English,,false,true,false,true,true,false,"AI Overview, Thumbnail, People also ask",40,0,0.45,6,0,3,,https://www.ozcruising.com.au/region/new-zealand/departing-brisbane/cruises,2026-04-21 13:48:28
cruises from sudney,AU,Australia,English,Sydney (Location),false,true,false,true,true,false,"Top ads, People also ask, Bottom ads, Paid sitelinks",40,6,,6,0,2,,https://www.ozcruising.com.au/departing/sydney/cruises,2026-04-22 22:20:27
new year's eve cruises,AU,Australia,English,,false,false,false,true,true,false,"Thumbnail, People also ask",40,1,,6,0,2,,https://www.ozcruising.com.au/popular/new-years-eve/cruises,2026-04-21 12:01:33
cruise packages from melbourne,AU,Australia,English,Melbourne (Location),false,true,false,true,true,false,Thumbnail,100,1,,6,0,6,,https://www.ozcruising.com.au/departing/melbourne/cruises,2026-04-19 16:09:32
4 day cruise brisbane to airlie beach,AU,Australia,English,"Brisbane (Location), Airlie Beach (Location)",false,true,false,true,true,false,"AI Overview, Thumbnail",150,0,0.44,6,0,9,,https://www.ozcruising.com.au/short/departing-brisbane/cruises,2026-05-10 13:42:14
cruises to tasmania,AU,Australia,English,Tasmania (Location),false,true,false,true,true,false,"AI Overview, Discussions and forums, People also ask",300,1,0.38,6,0,12,,https://www.ozcruising.com.au/region/tasmania/cruises,2026-05-07 18:59:48
cruise ships from fremantle,AU,Australia,English,Fremantle (Location),false,true,false,true,true,false,"Thumbnail, AI Overview, People also ask",90,2,,6,0,6,,https://www.ozcruising.com.au/departing/fremantle/cruises,2026-04-28 14:43:28
best cruise deals from brisbane,AU,Australia,English,Brisbane (Location),false,true,false,true,true,false,"Top ads, Paid sitelinks, Thumbnail, People also ask",150,11,0.63,6,0,8,,https://www.ozcruising.com.au/cruise-specials,2026-04-30 03:13:27
sampler cruise,AU,Australia,English,,false,false,false,true,true,false,People also ask,50,0,0.33,6,0,3,,https://www.ozcruising.com.au/short-cruises/departing-from-sydney,2026-04-29 09:43:46
cruise ship finder,AU,Australia,English,,false,false,false,true,false,false,,150,43,0.45,6,0,8,,https://www.ozcruising.com.au/,2026-05-02 22:37:53
last minute cruise cancellation deals,AU,Australia,English,,false,false,false,true,true,true,"AI Overview, Thumbnail, Sitelinks",600,6,0.25,6,0,15,,https://www.ozcruising.com.au/popular/last-minute/cruises,2026-05-05 23:33:29
cruise ship from brisbane,AU,Australia,English,Brisbane (Location),false,true,false,true,true,false,"Top ads, Paid sitelinks, Thumbnail, AI Overview, People also ask",150,3,0.39,6,3,9,,https://www.ozcruising.com.au/departing/brisbane/cruises,2026-04-22 20:44:33
cruise departing brisbane,AU,Australia,English,Brisbane (Location),false,true,false,true,true,false,,150,0,0.46,6,0,6,,https://www.ozcruising.com.au/departing/brisbane/cruises,2026-05-07 05:29:34
2 day cruises from sydney,AU,Australia,English,Sydney (Location),false,true,false,true,true,false,"AI Overview, Thumbnail",50,2,0.38,6,0,4,,https://www.ozcruising.com.au/short/departing-sydney/cruises,2026-04-19 13:24:32
cruise last minute cruises,AU,Australia,English,,false,false,false,true,true,true,"AI Overview, Thumbnail, Bottom ads",100,6,,6,1,1,AI Overview,https://www.ozcruising.com.au/popular/last-minute/cruises,2026-05-02 00:46:53
one way cruises to new zealand,AU,Australia,English,New Zealand (Location),false,false,false,true,true,false,"AI Overview, People also ask",20,0,,6,0,1,,https://www.ozcruising.com.au/popular/one-way/cruises,2026-04-10 05:53:32
cruise from malta,AU,Australia,English,Malta (Location),false,true,false,true,true,false,"Top ads, Paid sitelinks, People also ask, Thumbnail, Bottom ads",20,0,,6,0,1,,https://www.ozcruising.com.au/region/mediterranean/departing-malta/cruises,2026-04-14 08:57:53
australia to hawaii cruises,AU,Australia,English,,false,false,false,true,true,false,,20,0,,6,0,1,,https://www.ozcruising.com.au/region/hawaii/departing-australia/cruises,2026-04-16 05:03:40
cruises departing cairns,AU,Australia,English,Cairns (Location),false,true,false,true,true,false,"Top ads, Paid sitelinks, Thumbnail, People also ask, Bottom ads",150,0,0.39,6,35,7,,https://www.ozcruising.com.au/departing/cairns/cruises,2026-04-29 13:10:12
cruise destinations from sydney,AU,Australia,English,Sydney (Location),false,true,false,true,true,false,"Thumbnail, People also ask",40,29,0.57,6,0,2,,https://www.ozcruising.com.au/departing/sydney/cruises,2026-04-21 18:44:17
cruise to whitsundays from brisbane,AU,Australia,English,"Whitsundays (Location), Brisbane (Location)",false,true,false,true,true,false,"AI Overview, Thumbnail, Top ads, People also ask, Bottom ads",80,3,0.46,6,0,6,,https://www.ozcruising.com.au/short/departing-brisbane/cruises,2026-04-17 23:13:27
cruise line,AU,Australia,English,,false,false,false,true,true,false,"Top stories, Thumbnail, Video preview",1200,65,0.47,6,0,14,,https://www.ozcruising.com.au/,2026-05-09 13:22:15
2 night cruise from melbourne,AU,Australia,English,Melbourne (Location),false,true,false,true,true,false,"AI Overview, Thumbnail",150,0,0.28,6,0,8,,https://www.ozcruising.com.au/short-cruises/departing-from-melbourne,2026-04-29 22:34:29
2 day cruises from brisbane,AU,Australia,English,Brisbane (Location),false,true,false,true,true,false,"AI Overview, Thumbnail",50,0,,6,0,4,,https://www.ozcruising.com.au/short/departing-brisbane/cruises,2026-04-26 17:36:54
cruise search australia,AU,Australia,English,Australia (Location),false,true,false,true,true,false,"Top ads, Paid sitelinks, Thumbnail",50,67,0.49,6,5,3,,https://www.ozcruising.com.au/,2026-05-03 12:16:53
cruises that leave from brisbane,AU,Australia,English,Brisbane (Location),false,true,false,true,true,false,"AI Overview, People also ask, Thumbnail",70,0,,6,0,4,,https://www.ozcruising.com.au/departing/brisbane/cruises,2026-04-14 12:53:47
ship cruise,AU,Australia,English,,false,false,false,true,true,false,"People also ask, Discussions and forums",70,72,0.45,6,0,4,,https://www.ozcruising.com.au/,2026-04-29 19:05:38
new years cruise from brisbane,AU,Australia,English,Brisbane (Location),false,true,false,true,true,false,"Top ads, Paid sitelinks, Thumbnail",100,0,0.42,6,0,6,,https://www.ozcruising.com.au/popular/new-years-eve/cruises,2026-04-26 10:46:03
pacific cruise,AU,Australia,English,Pacific (Location),false,false,false,true,true,false,"AI Overview, Thumbnail, People also ask, Video preview",200,0,0.31,6,0,9,,https://www.ozcruising.com.au/region/south-pacific/departing-sydney/cruises,2026-04-23 22:40:25
january cruises from sydney,AU,Australia,English,Sydney (Location),false,true,false,true,true,false,AI Overview,40,4,0.36,6,0,2,,https://www.ozcruising.com.au/departing/sydney/cruises,2026-04-12 19:44:47
cruise adelaide to melbourne,AU,Australia,English,,false,true,false,true,true,false,"Top ads, Paid sitelinks, AI Overview, Thumbnail",40,0,0.24,6,0,2,,https://www.ozcruising.com.au/departing/adelaide/cruises,2026-04-26 22:45:52
december cruises from melbourne,AU,Australia,English,Melbourne (Location),false,true,false,true,true,false,"People also ask, Bottom ads",40,1,,6,0,2,,https://www.ozcruising.com.au/departing/melbourne/cruises,2026-04-10 02:30:07
last minute cruises from brisbane 2024,AU,Australia,English,Brisbane (Location),false,true,false,true,true,true,Sitelinks,150,1,0.36,6,0,7,,https://www.ozcruising.com.au/popular/last-minute/cruises,2026-04-29 01:01:56
cruise from brisbane to airlie beach,AU,Australia,English,"Brisbane (Location), Airlie Beach (Location)",false,true,false,true,true,false,"Top ads, Paid sitelinks, AI Overview, Thumbnail, People also ask, Video preview",150,0,,6,0,8,,https://www.ozcruising.com.au/departing/brisbane/cruises,2026-05-05 07:10:03
europe cruise from australia,AU,Australia,English,,false,false,false,true,true,false,"AI Overview, Thumbnail, People also ask",100,0,0.38,6,2,7,,https://www.ozcruising.com.au/cruise/pc26-y629.2,2026-05-08 21:58:17
best cruises from sydney,AU,Australia,English,Sydney (Location),false,true,false,true,true,false,"AI Overview, People also ask, Discussions and forums, Video preview",400,1,0.33,6,0,14,,https://www.ozcruising.com.au/departing/sydney/cruises,2026-05-08 00:07:29
short australian cruises,AU,Australia,English,,false,false,false,true,true,false,"AI Overview, Top ads, Paid sitelinks, Bottom ads",50,3,0.39,6,0,4,,https://www.ozcruising.com.au/short/cruises,2026-04-29 06:50:45
weekend cruise from sydney,AU,Australia,English,Sydney (Location),false,true,false,true,true,false,Top ads,50,2,0.38,6,1,3,,https://www.ozcruising.com.au/weekend/departing-sydney/cruises,2026-04-25 09:53:29
cruise deal sydney,AU,Australia,English,Sydney (Location),false,true,false,true,true,false,"Thumbnail, Bottom ads, Paid sitelinks",100,6,,6,0,7,,https://www.ozcruising.com.au/departing/sydney/cruises,2026-04-30 09:12:43
cruises in brisbane,AU,Australia,English,Brisbane (Location),false,true,false,true,true,false,Local pack,100,0,0.56,6,0,8,,https://www.ozcruising.com.au/departing/brisbane/cruises,2026-04-21 23:39:17
cruises last minute,AU,Australia,English,,false,false,false,true,true,true,,150,8,0.44,6,0,7,,https://www.ozcruising.com.au/popular/last-minute/cruises,2026-05-07 17:06:38
australia cruise ship,AU,Australia,English,Australia (Location),false,false,false,true,true,false,People also ask,100,16,0.85,6,0,7,,https://www.ozcruising.com.au/,2026-04-19 07:42:34
cruise ships australia 2024,AU,Australia,English,Australia (Location),false,true,false,true,true,false,"People also ask, Video preview",100,1,,6,0,7,,https://www.ozcruising.com.au/,2026-04-24 13:18:51
cruises 2024 australia,AU,Australia,English,Australia (Location),false,true,false,true,true,false,Thumbnail,150,23,0.46,6,0,8,,https://www.ozcruising.com.au/,2026-04-29 17:29:12
10 day cruise from brisbane,AU,Australia,English,Brisbane (Location),false,true,false,true,true,false,"AI Overview, Thumbnail, People also ask",50,0,,6,0,4,,https://www.ozcruising.com.au/departing/brisbane/cruises,2026-05-03 11:15:48
long cruises from sydney,AU,Australia,English,Sydney (Location),false,true,false,true,true,false,"AI Overview, Thumbnail, People also ask",50,1,,6,0,4,,https://www.ozcruising.com.au/departing/sydney/cruises,2026-05-09 06:48:52
april cruise,AU,Australia,English,,false,false,false,true,true,false,"Top ads, Paid sitelinks, Thumbnail, People also ask",40,11,,6,0,2,,https://www.ozcruising.com.au/departure/April-2026/cruises,2026-04-10 00:18:03
international cruise deals,AU,Australia,English,,false,false,false,true,true,false,,80,45,0.35,6,0,5,,https://www.ozcruising.com.au/,2026-05-09 21:53:01
aus cruises,AU,Australia,English,Australia (Location),false,true,false,true,true,false,"Thumbnail, People also ask",80,27,0.39,6,0,4,,https://www.ozcruising.com.au/,2026-04-23 03:21:44
tipping on a cruise,AU,Australia,English,,false,false,false,true,false,false,"AI Overview, Thumbnail, People also ask, Discussions and forums, Sitelinks",80,0,0.10,6,0,7,,https://www.ozcruising.com.au/blog/do-you-need-to-tip-on-australian-cruise-ships,2026-05-02 06:14:56
cruise ship departing brisbane today,AU,Australia,English,Brisbane (Location),false,true,false,true,false,false,"People also ask, Thumbnail",100,2,,6,0,6,,https://www.ozcruising.com.au/departing/brisbane/cruises,2026-04-29 20:12:53
2 days cruise from sydney,AU,Australia,English,Sydney (Location),false,true,false,true,true,false,AI Overview,60,0,,6,0,5,,https://www.ozcruising.com.au/short/departing-sydney/cruises,2026-05-11 00:46:29
crusise,AU,Australia,English,,false,false,false,true,true,false,"Top ads, Paid sitelinks, People also ask",60,69,,6,0,4,,https://www.ozcruising.com.au/,2026-04-30 14:09:53
south pacific cruise deals,AU,Australia,English,South Pacific (Location),false,false,false,true,true,false,,200,1,0.64,6,0,9,,https://www.ozcruising.com.au/region/south-pacific/departing-sydney/cruises,2026-05-08 05:57:38
cruise south pacific from sydney,AU,Australia,English,"South Pacific (Location), Sydney (Location)",false,true,false,true,true,false,"AI Overview, Video preview, Bottom ads, Paid sitelinks",20,0,0.53,6,0,1,,https://www.ozcruising.com.au/region/south-pacific/departing-sydney/cruises,2026-04-23 18:50:53
short cruises around australia,AU,Australia,English,,false,false,false,true,true,false,"AI Overview, Thumbnail, People also ask",30,3,,6,0,1,AI Overview,https://www.ozcruising.com.au/short/cruises,2026-05-06 08:32:46
cruise from sydney january 2023,AU,Australia,English,Sydney (Location),false,true,false,true,true,false,,100,10,0.46,6,0,7,,https://www.ozcruising.com.au/departing/sydney/cruises,2026-05-09 15:03:27
cruises from brisbane to airlie beach,AU,Australia,English,"Brisbane (Location), Airlie Beach (Location)",false,true,false,true,true,false,"AI Overview, Thumbnail, Top ads, People also ask, Bottom ads, Paid sitelinks",100,0,,6,2,7,,https://www.ozcruising.com.au/departing/brisbane/cruises,2026-04-23 17:27:54
discount cruise deals,AU,Australia,English,,false,false,false,true,true,true,"AI Overview, People also ask, Discussions and forums",40,22,0.52,6,6,4,,https://www.ozcruising.com.au/cruise-specials,2026-05-10 01:34:04
new zealand cruises,AU,Australia,English,New Zealand (Location),false,false,false,true,true,false,"AI Overview, People also ask, Discussions and forums, Video preview, Thumbnail",1000,3,0.42,6,0,14,,https://www.ozcruising.com.au/region/new-zealand/cruises,2026-05-05 17:32:08
cruises from perth to sydney,AU,Australia,English,"Perth (Location), Sydney (Location)",false,true,false,true,true,false,"AI Overview, Thumbnail, People also ask",50,0,0.28,6,0,4,,https://www.ozcruising.com.au/departing/fremantle/cruises,2026-04-23 20:44:23
cruceros desde brisbane,AU,Australia,Spanish,Brisbane (Location),false,true,false,true,true,false,Thumbnail,60,6,0.34,6,0,4,,https://www.ozcruising.com.au/departing/brisbane/cruises,2026-04-18 18:44:28
short cruises from sydney 2024,AU,Australia,English,Sydney (Location),false,true,false,true,true,false,Sitelinks,40,3,0.25,6,0,2,,https://www.ozcruising.com.au/short/departing-sydney/cruises,2026-04-13 14:10:42
discounted cruises,AU,Australia,English,,false,false,false,true,true,false,"Top ads, Paid sitelinks, AI Overview, Discussions and forums",40,34,0.48,6,0,2,,https://www.ozcruising.com.au/cruise-specials,2026-05-03 13:20:52
cruise ship sydney to new zealand,AU,Australia,English,,false,true,false,true,true,false,AI Overview,40,0,0.45,6,0,2,,https://www.ozcruising.com.au/region/new-zealand/departing-sydney/cruises,2026-05-07 01:24:39
cheap australian cruises,AU,Australia,English,,false,false,false,true,true,false,"Top ads, Paid sitelinks, Thumbnail, Bottom ads",50,22,0.95,6,0,3,,https://www.ozcruising.com.au/cruise-specials,2026-04-14 11:37:46
cruceros,AU,Australia,Spanish,,false,false,false,true,true,false,People also ask,80,91,0.21,6,0,5,,https://www.ozcruising.com.au/,2026-05-01 01:06:21
qld cruise,AU,Australia,English,Queensland (Location),false,true,false,true,true,false,"Top ads, Paid sitelinks, Thumbnail, Discussions and forums",80,2,0.45,6,0,5,,https://www.ozcruising.com.au/departing/brisbane/cruises,2026-04-28 05:40:56
pacific cruises from australia,AU,Australia,English,,false,false,false,true,true,false,"Top ads, AI Overview, Thumbnail, People also ask",60,0,,6,0,5,,https://www.ozcruising.com.au/region/south-pacific/departing-sydney/cruises,2026-04-18 11:50:28
november cruises,AU,Australia,English,,false,false,false,true,true,false,AI Overview,60,3,0.29,6,0,5,,https://www.ozcruising.com.au/departure/November-2026/cruises,2026-04-10 16:07:28
ocean liner,AU,Australia,English,,false,false,false,true,false,false,"AI Overview, Video preview, Thumbnail, People also ask",400,8,0.14,6,0,1,AI Overview,https://www.ozcruising.com.au/blog/what-is-the-difference-between-a-cruise-ship-and-an-ocean-liner,2026-04-19 20:57:01
cruise packages from sydney,AU,Australia,English,Sydney (Location),false,true,false,true,true,false,People also ask,100,22,0.57,6,0,7,,https://www.ozcruising.com.au/departing/sydney/cruises,2026-04-22 16:12:11
cruise 2024 deals,AU,Australia,English,,false,false,false,true,true,false,"Sitelinks, Thumbnail, People also ask, Bottom ads, Paid sitelinks",100,12,0.57,6,0,7,,https://www.ozcruising.com.au/cruise-specials,2026-04-15 05:45:36
xmas cruise,AU,Australia,English,Christmas (Event),false,false,false,true,true,true,"Top ads, Thumbnail",150,0,0.49,6,0,8,,https://www.ozcruising.com.au/popular/christmas/cruises,2026-04-23 07:16:53
cruise holidays 2023,AU,Australia,English,,false,false,false,true,true,false,"Sitelinks, People also ask",150,46,0.59,6,0,8,,https://www.ozcruising.com.au/departing/sydney/cruises,2026-04-21 00:26:23
december cruise from sydney,AU,Australia,English,Sydney (Location),false,true,false,true,true,false,"Top ads, Thumbnail, Bottom ads, Paid sitelinks",40,5,,6,0,2,,https://www.ozcruising.com.au/departing/sydney/cruises,2026-04-30 03:31:51
cruise new years,AU,Australia,English,,false,false,false,true,true,false,,40,0,0.82,6,0,2,,https://www.ozcruising.com.au/popular/new-years-eve/cruises,2026-04-11 12:54:28
cruises leaving sydney today,AU,Australia,English,Sydney (Location),false,true,false,true,true,false,People also ask,150,36,0.30,6,0,10,,https://www.ozcruising.com.au/departing/sydney/cruises,2026-05-01 01:25:53
boat cruise to new zealand,AU,Australia,English,New Zealand (Location),false,false,false,true,true,false,"Top ads, Thumbnail, AI Overview, People also ask",90,4,,6,0,7,,https://www.ozcruising.com.au/region/new-zealand/departing-sydney/cruises,2026-05-05 05:52:54
last minute cruise deals from sydney,AU,Australia,English,Sydney (Location),false,true,false,true,true,true,"Bottom ads, Paid sitelinks",150,2,0.42,6,0,8,,https://www.ozcruising.com.au/popular/last-minute/cruises,2026-04-29 17:44:00
cruise 2023 deals,AU,Australia,English,,false,false,false,true,true,false,Sitelinks,100,31,0.56,6,0,6,,https://www.ozcruising.com.au/cruise-specials,2026-04-25 17:58:52
cruise sydney hawaii,AU,Australia,English,"Sydney (Location), Hawaii (Location)",false,true,false,true,true,false,"Top ads, Paid sitelinks, AI Overview",50,0,,6,0,4,,https://www.ozcruising.com.au/region/hawaii/departing-australia/cruises,2026-04-14 04:56:53
cruise new zealand,AU,Australia,English,New Zealand (Location),false,false,false,true,true,false,"Thumbnail, People also ask, AI Overview, Discussions and forums, Video preview",600,2,0.49,6,0,17,,https://www.ozcruising.com.au/region/new-zealand/departing-sydney/cruises,2026-04-26 19:31:05
difference between ocean liner and cruise ship,AU,Australia,English,,false,false,false,true,false,false,"AI Overview, Thumbnail, People also ask, Sitelinks",30,1,,6,0,1,AI Overview,https://www.ozcruising.com.au/blog/what-is-the-difference-between-a-cruise-ship-and-an-ocean-liner,2026-05-11 02:44:06
cruise hawaii,AU,Australia,English,Hawaii (Location),false,true,false,true,true,false,"People also ask, AI Overview, Discussions and forums, Bottom ads, Paid sitelinks",200,0,0.58,5,0,8,,https://www.ozcruising.com.au/region/hawaii/departing-australia/cruises,2026-04-29 21:27:53
cruises from.melbourne,AU,Australia,English,Melbourne (Location),false,true,false,true,true,true,People also ask,90,0,,5,0,6,,https://www.ozcruising.com.au/departing/melbourne/cruises,2026-05-04 07:05:58
last minute cruising,AU,Australia,English,,false,false,false,true,true,true,Thumbnail,50,5,0.44,5,4,2,,https://www.ozcruising.com.au/popular/last-minute/cruises,2026-04-23 00:37:23
brisbane short cruises,AU,Australia,English,Brisbane (Location),false,true,false,true,true,false,,30,0,,5,0,2,,https://www.ozcruising.com.au/short/departing-brisbane/cruises,2026-05-07 14:12:16
average cruise ship speed,AU,Australia,English,,false,false,false,true,false,false,"AI Overview, Thumbnail, People also ask, Sitelinks",20,0,,5,0,1,AI Overview,https://www.ozcruising.com.au/blog/how-fast-does-a-cruise-ship-travel,2026-05-02 13:12:53
do you need a passport for a cruise in australia,AU,Australia,English,Australia (Location),false,true,false,true,false,false,"AI Overview, Thumbnail, People also ask, Sitelinks, Discussions and forums, Bottom ads",50,0,,5,0,4,,https://www.ozcruising.com.au/blog/cruises-you-can-take-without-a-passport,2026-04-25 10:17:57
australian cruise ships,AU,Australia,English,,false,false,false,true,true,false,"AI Overview, People also ask, Top stories, Thumbnail, Discussions and forums",200,19,0.38,5,0,4,People also ask,https://www.ozcruising.com.au/,2026-05-06 11:06:13
cheap cruise brisbane,AU,Australia,English,Brisbane (Location),false,true,false,true,true,false,"AI Overview, Local pack",100,2,,5,0,8,,https://www.ozcruising.com.au/cruise-specials,2026-05-04 13:54:01
cruises to south pacific,AU,Australia,English,South Pacific (Location),false,false,false,true,true,false,Thumbnail,100,1,,5,0,7,,https://www.ozcruising.com.au/region/south-pacific/departing-sydney/cruises,2026-04-15 07:14:42
south australian cruises,AU,Australia,English,South Australia (Location),false,true,false,true,true,false,"AI Overview, Thumbnail, People also ask",150,2,,5,0,10,,https://www.ozcruising.com.au/departing/adelaide/cruises,2026-05-11 03:44:19
cruise december,AU,Australia,English,,false,false,false,true,true,false,"Top ads, Thumbnail, Bottom ads, Paid sitelinks",150,8,0.40,5,2,9,,https://www.ozcruising.com.au/departure/December-2026/cruises,2026-05-03 11:19:27
new zealand cruise 2024,AU,Australia,English,New Zealand (Location),false,false,false,true,true,false,"Top ads, Sitelinks, Thumbnail, People also ask",100,3,0.52,5,0,7,,https://www.ozcruising.com.au/region/new-zealand/departing-sydney/cruises,2026-05-11 02:30:22
cruises to asia from australia,AU,Australia,English,"Asia (Location), Australia (Location)",false,false,false,true,true,false,"Top ads, Paid sitelinks, AI Overview, Thumbnail",70,0,0.54,5,0,3,,https://www.ozcruising.com.au/region/asia/departing-australia/cruises,2026-04-25 22:19:29
7 night south pacific cruise,AU,Australia,English,South Pacific (Location),false,false,false,true,true,true,Video preview,50,0,,5,0,4,,https://www.ozcruising.com.au/region/south-pacific/departing-brisbane/cruises,2026-05-06 03:58:31
sydney 3 day cruise,AU,Australia,English,Sydney (Location),false,true,false,true,true,true,"AI Overview, Video preview",90,0,0.45,5,0,7,,https://www.ozcruising.com.au/short/departing-sydney/cruises,2026-04-14 12:21:05
cruises in june,AU,Australia,English,,false,false,false,true,true,false,"AI Overview, People also ask",90,8,0.47,5,0,7,,https://www.ozcruising.com.au/departure/June-2026/cruises,2026-05-09 10:29:44
cruises january,AU,Australia,English,,false,false,false,true,true,false,"Thumbnail, Discussions and forums",50,9,0.44,5,0,3,,https://www.ozcruising.com.au/departure/January-2027/cruises,2026-05-10 12:55:08
9 night south pacific cruise,AU,Australia,English,South Pacific (Location),false,false,false,true,true,true,"Thumbnail, Discussions and forums",50,0,0.85,5,0,3,,https://www.ozcruising.com.au/cruise/cl26-sl18sep26,2026-04-27 22:11:53
cruise to honolulu,AU,Australia,English,Honolulu (Location),false,true,false,true,true,false,"AI Overview, Thumbnail, People also ask",20,0,0.52,5,0,1,AI Overview,https://www.ozcruising.com.au/region/hawaii/departing-australia/cruises,2026-04-13 20:37:43
food and wine cruise,AU,Australia,English,,false,false,false,true,true,true,"Thumbnail, Sitelinks, Discussions and forums",10,0,0.48,5,0,1,,https://www.ozcruising.com.au/theme/food-and-wine/cruises,2026-04-24 22:56:02
2 night cruises from brisbane,AU,Australia,English,Brisbane (Location),false,true,false,true,true,true,"AI Overview, Thumbnail",30,0,,5,0,1,AI Overview,https://www.ozcruising.com.au/short/departing-brisbane/cruises,2026-04-17 12:03:55
all cruises from brisbane,AU,Australia,English,Brisbane (Location),false,true,false,true,true,false,"Top ads, Paid sitelinks, AI Overview",40,1,,5,0,2,,https://www.ozcruising.com.au/departing/brisbane/cruises,2026-04-18 21:47:53
book cruise australia,AU,Australia,English,Australia (Location),false,true,false,false,true,true,"Top ads, People also ask, Bottom ads",40,70,0.62,5,1,2,,https://www.ozcruising.com.au/,2026-05-03 12:42:53
short cruise brisbane,AU,Australia,English,Brisbane (Location),false,true,false,true,true,false,"Top ads, Paid sitelinks, Thumbnail",40,1,,5,0,2,,https://www.ozcruising.com.au/short/departing-brisbane/cruises,2026-05-05 03:53:53
cruises from brisbane march 2023,AU,Australia,English,Brisbane (Location),false,true,false,true,true,false,"Sitelinks, Thumbnail, People also ask, Bottom ads, Paid sitelinks",150,1,0.42,5,0,8,,https://www.ozcruising.com.au/departing/brisbane/cruises,2026-04-20 01:29:41
cruises leaving from cairns,AU,Australia,English,Cairns (Location),false,true,false,true,true,false,"AI Overview, People also ask",60,0,,5,0,4,,https://www.ozcruising.com.au/departing/cairns/cruises,2026-05-09 12:11:30
weekend cruise from brisbane,AU,Australia,English,Brisbane (Location),false,true,false,true,true,false,"Thumbnail, AI Overview, People also ask",60,0,,5,0,4,,https://www.ozcruising.com.au/short/departing-brisbane/cruises,2026-05-02 10:47:42
cryise,AU,Australia,English,,false,false,false,true,true,false,"Thumbnail, Top stories, Video preview",150,72,0.33,5,0,9,,https://www.ozcruising.com.au/,2026-04-19 17:11:32
cruise deals from brisbane 2023,AU,Australia,English,Brisbane (Location),false,true,false,true,true,false,Sitelinks,150,13,0.46,5,0,8,,https://www.ozcruising.com.au/departing/brisbane/cruises,2026-04-20 17:43:54
4 day cruises from sydney,AU,Australia,English,Sydney (Location),false,true,false,true,true,false,"AI Overview, Thumbnail",150,1,0.35,5,0,10,,https://www.ozcruising.com.au/short/departing-sydney/cruises,2026-04-13 13:03:53
cruising from fremantle,AU,Australia,English,Fremantle (Location),false,true,false,true,true,false,People also ask,50,1,,5,0,4,,https://www.ozcruising.com.au/departing/fremantle/cruises,2026-05-03 21:45:30
christmas cruise australia,AU,Australia,English,Australia (Location),false,true,false,true,true,false,"Top ads, Paid sitelinks, Thumbnail, People also ask",150,0,0.36,5,2,9,,https://www.ozcruising.com.au/popular/cruises,2026-04-15 03:38:28
cruises leaving fremantle,AU,Australia,English,Fremantle (Location),false,true,false,true,true,false,People also ask,70,1,0.13,5,0,5,,https://www.ozcruising.com.au/departing/fremantle/cruises,2026-04-16 17:49:54
australia to nz cruise,AU,Australia,English,,false,false,false,true,true,false,,60,2,0.45,5,0,4,,https://www.ozcruising.com.au/region/new-zealand/departing-sydney/cruises,2026-04-14 12:42:48
cheap cruises from adelaide,AU,Australia,English,Adelaide (Location),false,true,false,true,true,false,People also ask,150,2,0.16,5,0,9,,https://www.ozcruising.com.au/departing/adelaide/cruises,2026-04-22 23:44:28
cruises from australia 2024,AU,Australia,English,,false,false,false,true,true,false,"People also ask, Sitelinks",100,28,0.41,5,0,6,,https://www.ozcruising.com.au/,2026-05-05 20:53:43
cruises around australia from sydney,AU,Australia,English,Sydney (Location),false,true,false,true,true,false,"AI Overview, Thumbnail, People also ask",40,7,,5,0,3,,https://www.ozcruising.com.au/departing/sydney/cruises,2026-05-06 19:59:28
cruises deals australia,AU,Australia,English,Australia (Location),false,true,false,true,true,false,,40,33,,5,0,2,,https://www.ozcruising.com.au/cruise-specials,2026-04-16 13:43:55
cruise vancouver to sydney,AU,Australia,English,,false,false,false,true,true,false,"People also ask, AI Overview",150,0,0.50,5,0,10,,https://www.ozcruising.com.au/cruise/pc27-1733a,2026-04-16 12:34:06
cruises around australia 2024,AU,Australia,English,,false,false,false,true,true,false,"People also ask, Sitelinks, Video preview",150,20,0.32,5,0,9,,https://www.ozcruising.com.au/cruise-specials,2026-04-26 20:30:28
cruise ship companies,AU,Australia,English,,false,false,false,true,true,false,"AI Overview, Thumbnail, People also ask, Discussions and forums",150,16,0.50,5,0,1,AI Overview,https://www.ozcruising.com.au/,2026-04-29 16:20:02
pacific cruise from brisbane,AU,Australia,English,Brisbane (Location),false,true,false,true,true,false,"Top ads, Paid sitelinks, AI Overview, Video preview, Bottom ads",10,0,,5,0,1,,https://www.ozcruising.com.au/region/south-pacific/departing-brisbane/cruises,2026-04-16 04:48:12
cruising websites,AU,Australia,English,,false,false,false,true,true,false,"Top ads, Thumbnail, AI Overview, Discussions and forums, People also ask, Bottom ads, Paid sitelinks",10,71,0.46,5,0,2,,https://www.ozcruising.com.au/,2026-04-17 02:49:53
hot deals cruises,AU,Australia,English,,false,false,false,true,true,true,"Thumbnail, Sitelinks",10,3,,5,0,1,,https://www.ozcruising.com.au/cruise-specials,2026-05-06 17:12:57
boat cruise from melbourne,AU,Australia,English,Melbourne (Location),false,true,false,true,true,false,"Top ads, Paid sitelinks, Thumbnail, AI Overview, Local pack, Bottom ads",10,2,,5,0,1,,https://www.ozcruising.com.au/departing/melbourne/cruises,2026-04-12 11:07:28
cruise deals from brisbane 2024,AU,Australia,English,Brisbane (Location),false,true,false,true,true,false,"AI Overview, Sitelinks",150,12,,5,0,9,,https://www.ozcruising.com.au/departing/brisbane/cruises,2026-04-22 23:03:32
cruise from sydney to pacific islands,AU,Australia,English,"Sydney (Location), Pacific Islands (Location)",false,true,false,true,true,false,"Top ads, Bottom ads, Paid sitelinks",20,0,,5,0,1,,https://www.ozcruising.com.au/region/south-pacific/departing-sydney/cruises,2026-04-15 03:28:32
melbourne cruise terminal,AU,Australia,English,Melbourne (Location),false,true,false,true,false,false,"AI Overview, Thumbnail, People also ask, Knowledge panel",150,1,0.43,5,0,1,AI Overview,https://www.ozcruising.com.au/blog/things-you-need-to-know-about-melbourne-cruise-ship-terminal,2026-04-12 14:49:48
cruises from brisbane to papua new guinea,AU,Australia,English,"Brisbane (Location), Papua New Guinea (Location)",false,true,false,true,true,false,"Top ads, Paid sitelinks, AI Overview, Thumbnail, People also ask, Video preview",100,0,0.30,5,0,8,,https://www.ozcruising.com.au/cruise/cl26-eq09jun26.1,2026-04-30 21:47:02
cruises september 2024,AU,Australia,English,,false,false,false,true,true,false,"Top ads, Paid sitelinks, People also ask, Thumbnail, Bottom ads",100,58,,5,0,7,,https://www.ozcruising.com.au/,2026-04-18 17:10:06
4 night cruises from brisbane,AU,Australia,English,Brisbane (Location),false,true,false,true,true,false,"Top ads, Paid sitelinks, Thumbnail, People also ask, Bottom ads",40,0,0.45,5,0,3,,https://www.ozcruising.com.au/short/departing-brisbane/cruises,2026-04-12 22:09:56
cruise ships leaving from melbourne,AU,Australia,English,Melbourne (Location),false,true,false,true,false,false,AI Overview,40,2,0.42,5,0,3,,https://www.ozcruising.com.au/departing/melbourne/cruises,2026-04-24 00:05:47
cruise trips from sydney,AU,Australia,English,Sydney (Location),false,true,false,true,true,false,"Top ads, Thumbnail",70,13,0.47,5,1,5,,https://www.ozcruising.com.au/departing/sydney/cruises,2026-05-02 13:03:28
hawaii cruise 2025,AU,Australia,English,,false,true,false,true,true,false,"AI Overview, People also ask",150,0,0.61,5,0,10,,https://www.ozcruising.com.au/region/hawaii/departing-australia/cruises,2026-04-30 13:43:35
short cruises brisbane,AU,Australia,English,Brisbane (Location),false,true,false,true,true,false,AI Overview,30,0,,5,0,2,,https://www.ozcruising.com.au/short/departing-brisbane/cruises,2026-05-06 19:31:50
cruise deals from australia,AU,Australia,English,Australia (Location),false,true,false,true,true,true,"Top ads, Paid sitelinks",30,32,0.60,5,0,2,,https://www.ozcruising.com.au/cruise-specials,2026-04-30 05:58:28
cruises ex brisbane,AU,Australia,English,Brisbane (Location),false,true,false,true,true,false,"Local pack, Bottom ads, Paid sitelinks",50,0,0.49,5,0,4,,https://www.ozcruising.com.au/departing/brisbane/cruises,2026-04-26 23:42:02
last minutes cruise,AU,Australia,English,,false,false,false,true,true,true,,50,4,,5,0,4,,https://www.ozcruising.com.au/popular/last-minute/cruises,2026-05-04 00:09:47
cruises from sydney to queensland,AU,Australia,English,"Sydney (Location), Queensland (Location)",false,true,false,true,true,false,"Top ads, Paid sitelinks, Thumbnail, Bottom ads",70,0,0.42,5,1,5,,https://www.ozcruising.com.au/departing/sydney/cruises,2026-04-22 12:32:40
cruise from sydney to nz,AU,Australia,English,"Sydney (Location), New Zealand (Location)",false,true,false,true,true,false,AI Overview,30,1,,5,0,3,,https://www.ozcruising.com.au/region/new-zealand/departing-sydney/cruises,2026-04-16 09:35:28
last minutes cruises,AU,Australia,English,,false,false,false,true,true,true,"Thumbnail, People also ask",70,6,,5,0,6,,https://www.ozcruising.com.au/popular/last-minute/cruises,2026-04-15 23:04:15
cheap cruise deals from sydney,AU,Australia,English,Sydney (Location),false,true,false,true,true,false,,100,6,0.47,5,0,9,,https://www.ozcruising.com.au/departing/sydney/cruises,2026-05-11 01:58:07
cruise from sydney to queensland,AU,Australia,English,"Sydney (Location), Queensland (Location)",false,true,false,true,true,false,"Top ads, Paid sitelinks, AI Overview, Thumbnail, People also ask",50,0,0.42,5,0,1,AI Overview,https://www.ozcruising.com.au/departing/sydney/cruises,2026-04-28 22:50:28
mini cruises,AU,Australia,English,,false,false,false,true,true,false,,50,1,0.32,5,2,4,,https://www.ozcruising.com.au/short/cruises,2026-05-10 14:02:28
do i need a passport for a cruise,AU,Australia,English,,false,false,false,true,false,false,"AI Overview, Video preview, People also ask, Discussions and forums, Sitelinks, Bottom ads",50,0,0.35,5,0,5,,https://www.ozcruising.com.au/blog/cruises-you-can-take-without-a-passport,2026-04-09 22:36:14
nye cruise,AU,Australia,English,,false,false,false,true,true,false,,40,10,0.45,5,0,2,,https://www.ozcruising.com.au/popular/new-years-eve/cruises,2026-04-16 23:51:30
cruises in australian waters,AU,Australia,English,Australian waters (Location),false,true,false,true,true,false,People also ask,150,31,0.57,5,0,8,,https://www.ozcruising.com.au/,2026-05-03 07:10:54
cruise discount,AU,Australia,English,,false,false,false,true,true,false,"People also ask, Thumbnail",30,43,1.07,5,0,2,,https://www.ozcruising.com.au/cruise-specials,2026-04-20 00:51:02
cruises in october,AU,Australia,English,,false,false,false,true,true,false,AI Overview,60,5,0.42,5,0,7,,https://www.ozcruising.com.au/departure/October-2027/cruises,2026-04-14 10:41:32
melbourne to new zealand,AU,Australia,English,"Melbourne (Location), New Zealand (Location)",false,true,false,true,true,false,"People also ask, Thumbnail",2700,0,0.14,5,0,19,,https://www.ozcruising.com.au/region/new-zealand/departing-melbourne/cruises,2026-05-05 10:29:37
overseas cruises,AU,Australia,English,,false,false,false,true,true,false,"AI Overview, Sitelinks, People also ask",40,58,0.57,5,0,3,,https://www.ozcruising.com.au/,2026-05-05 06:23:29
new zealand cruise from australia,AU,Australia,English,"New Zealand (Location), Australia (Location)",false,false,false,true,true,false,,100,3,0.45,5,0,7,,https://www.ozcruising.com.au/region/new-zealand/departing-sydney/cruises,2026-05-10 12:01:31
brisbane to melbourne cruise,AU,Australia,English,,false,true,false,true,true,false,People also ask,80,0,0.25,5,0,6,,https://www.ozcruising.com.au/departing/brisbane/cruises,2026-04-15 21:30:40
9 day cruise from sydney,AU,Australia,English,Sydney (Location),false,true,false,true,true,false,"AI Overview, Thumbnail",80,0,,5,0,7,,https://www.ozcruising.com.au/departing/sydney/cruises,2026-04-18 14:17:54
cheapest cruises australia,AU,Australia,English,Australia (Location),false,true,false,true,true,false,People also ask,50,30,0.50,5,0,4,,https://www.ozcruising.com.au/cruise-specials,2026-04-14 06:19:02
hong kong cruise,AU,Australia,English,Hong Kong (Location),false,true,false,true,true,false,"People also ask, Knowledge panel, Discussions and forums",150,0,0.51,5,0,9,,https://www.ozcruising.com.au/region/asia/departing-hong-kong/cruises,2026-05-08 06:05:38
october cruises,AU,Australia,English,,false,false,false,true,true,false,"Top ads, Paid sitelinks, People also ask, Discussions and forums",100,4,0.49,5,0,7,,https://www.ozcruising.com.au/departure/october-2026/cruises,2026-04-29 03:15:33
cruise ships from adelaide,AU,Australia,English,Adelaide (Location),false,true,false,true,true,false,"People also ask, Local teaser",30,0,,5,0,2,,https://www.ozcruising.com.au/departing/adelaide/cruises,2026-04-10 15:27:28
last minute cruises to australia,AU,Australia,English,Australia (Location),false,false,false,true,true,true,,80,2,0.37,5,0,6,,https://www.ozcruising.com.au/popular/last-minute/cruises,2026-05-08 15:06:37
cruises from sydney to brisbane,AU,Australia,English,"Sydney (Location), Brisbane (Location)",false,true,false,true,true,false,"People also ask, Bottom ads, Paid sitelinks",60,1,0.36,5,2,5,,https://www.ozcruising.com.au/departing/sydney/cruises,2026-04-16 19:40:52
online cruise booking,AU,Australia,English,,false,false,false,false,true,true,People also ask,10,72,0.72,5,0,1,,https://www.ozcruising.com.au/,2026-05-07 23:37:56
packing list for a cruise,AU,Australia,English,,false,false,false,true,false,false,"AI Overview, Thumbnail, Video preview, Sitelinks, Discussions and forums",10,2,,5,0,2,,https://www.ozcruising.com.au/blog/cruise-packing-list-pdf-and-excel-checklist,2026-04-23 22:58:18
world cruises,AU,Australia,English,,false,false,false,true,true,false,"People also ask, Discussions and forums, Bottom ads, Thumbnail, Video preview",500,34,0.81,5,0,13,,https://www.ozcruising.com.au/theme/world/cruises,2026-04-30 12:26:44
aussie cruises,AU,Australia,English,,false,false,false,true,true,false,"Top ads, Paid sitelinks, Knowledge panel, Thumbnail, People also ask, Bottom ads",70,29,0.43,5,11,2,,https://www.ozcruising.com.au/,2026-04-21 10:13:27
short cruises out of brisbane,AU,Australia,English,Brisbane (Location),false,true,false,true,true,false,"AI Overview, Thumbnail, People also ask",40,0,,5,0,1,AI Overview,https://www.ozcruising.com.au/short/departing-brisbane/cruises,2026-04-29 11:15:54
sydney weekend cruise,AU,Australia,English,Sydney (Location),false,true,false,true,true,false,"AI Overview, People also ask",40,3,,5,1,3,,https://www.ozcruising.com.au/weekend/departing-sydney/cruises,2026-05-08 18:14:12
cruises from brisbane today,AU,Australia,English,Brisbane (Location),false,true,false,true,false,false,People also ask,40,3,,5,0,3,,https://www.ozcruising.com.au/departing/brisbane/cruises,2026-04-30 10:36:53
cruises that leave from sydney,AU,Australia,English,Sydney (Location),false,true,false,true,true,false,"AI Overview, Thumbnail, People also ask",30,10,,5,0,1,AI Overview,https://www.ozcruising.com.au/departing/sydney/cruises,2026-05-06 08:39:17
short cruises out of sydney,AU,Australia,English,Sydney (Location),false,true,false,true,true,false,"AI Overview, Thumbnail, People also ask",30,1,,5,0,3,,https://www.ozcruising.com.au/short-cruises/departing-from-sydney,2026-04-22 14:18:47
cruises june 2024,AU,Australia,English,,false,false,false,true,true,false,"Top ads, Paid sitelinks, People also ask, Sitelinks, Bottom ads",100,49,0.45,5,0,8,,https://www.ozcruising.com.au/departing/sydney/cruises,2026-04-27 17:16:27
easter cruises from sydney,AU,Australia,English,Sydney (Location),false,true,false,true,true,false,"Thumbnail, Discussions and forums",100,0,0.51,5,0,8,,https://www.ozcruising.com.au/short/departing-sydney/cruises,2026-05-11 10:27:38
book cruise from brisbane,AU,Australia,English,Brisbane (Location),false,true,false,false,true,true,People also ask,50,2,,5,0,5,,https://www.ozcruising.com.au/departing/brisbane/cruises,2026-05-11 02:57:07
australia day cruises,AU,Australia,English,Australia Day (Event),false,false,false,true,true,false,"AI Overview, Thumbnail, People also ask, Discussions and forums",100,1,0.43,5,0,10,,https://www.ozcruising.com.au/theme/australia-day/cruises,2026-04-21 06:27:04
cruises leaving from fremantle,AU,Australia,English,Fremantle (Location),false,true,false,true,true,false,"Top ads, Knowledge panel, Thumbnail, People also ask, Bottom ads, Paid sitelinks",50,1,0.28,5,0,2,,https://www.ozcruising.com.au/departing/fremantle/cruises,2026-04-14 14:04:15
international cruises from sydney,AU,Australia,English,Sydney (Location),false,true,false,true,true,false,People also ask,60,1,0.47,5,0,5,,https://www.ozcruising.com.au/departing/sydney/cruises,2026-05-06 18:26:24
curises,AU,Australia,English,,false,false,false,true,true,false,"Thumbnail, People also ask",80,64,0.44,5,0,6,,https://www.ozcruising.com.au/,2026-04-16 16:11:34
cruises from australia to europe,AU,Australia,English,"Australia (Location), Europe (Location)",false,false,false,true,true,false,"AI Overview, Thumbnail, People also ask",80,3,0.45,5,0,7,,https://www.ozcruising.com.au/,2026-05-07 11:47:17
cruses from brisbane,AU,Australia,English,Brisbane (Location),false,true,false,true,true,false,"Top ads, Thumbnail, People also ask, Bottom ads, Paid sitelinks",20,0,,5,1,1,,https://www.ozcruising.com.au/departing/brisbane/cruises,2026-05-08 19:37:59
cruise ship holiday packages,AU,Australia,English,,false,false,false,true,true,false,Thumbnail,150,46,0.55,5,0,9,,https://www.ozcruising.com.au/cruise-specials,2026-04-29 21:59:38
cruise ship price,AU,Australia,English,,false,false,false,true,true,false,"AI Overview, Thumbnail, People also ask, Sitelinks",200,17,0.40,5,0,12,,https://www.ozcruising.com.au/cruise-specials,2026-04-17 19:11:13
cruise trip from brisbane,AU,Australia,English,Brisbane (Location),false,true,false,true,true,false,"Bottom ads, Paid sitelinks",60,2,,5,0,5,,https://www.ozcruising.com.au/departing/brisbane/cruises,2026-04-10 04:46:34
cheapest cruise deals,AU,Australia,English,,false,false,false,true,true,false,"People also ask, Video preview",50,22,0.46,5,0,5,,https://www.ozcruising.com.au/cruise-specials,2026-04-26 05:03:36
ship speed,AU,Australia,English,,false,false,false,true,false,false,"AI Overview, People also ask, Sitelinks",40,2,,5,0,4,,https://www.ozcruising.com.au/blog/how-fast-does-a-cruise-ship-travel,2026-04-28 17:45:02
cruise deals from fremantle,AU,Australia,English,Fremantle (Location),false,true,false,true,true,true,"Top ads, Paid sitelinks, Thumbnail",100,1,0.39,5,0,8,,https://www.ozcruising.com.au/departing/fremantle/cruises,2026-04-19 05:41:54
christmas cruise deals,AU,Australia,English,Christmas (Event),false,false,false,true,true,false,"Thumbnail, AI Overview, People also ask",100,0,0.61,5,0,9,,https://www.ozcruising.com.au/popular/christmas/cruises,2026-04-17 10:35:21
cruise ex sydney,AU,Australia,English,Sydney (Location),false,true,false,true,true,false,Thumbnail,30,12,0.53,5,0,2,,https://www.ozcruising.com.au/departing/sydney/cruises,2026-05-03 01:42:32
crusies australia,AU,Australia,English,Australia (Location),false,true,false,true,true,false,Video preview,30,37,0.45,5,0,2,,https://www.ozcruising.com.au/,2026-05-06 07:21:12
island cruise from sydney,AU,Australia,English,Sydney (Location),false,true,false,true,true,false,"AI Overview, Thumbnail, Discussions and forums",30,0,,5,0,3,,https://www.ozcruising.com.au/region/south-pacific/departing-sydney/cruises,2026-04-25 22:20:32
10 day cruise from sydney,AU,Australia,English,Sydney (Location),false,true,false,true,true,false,"AI Overview, Thumbnail",100,0,0.35,5,0,9,,https://www.ozcruising.com.au/departing/sydney/cruises,2026-04-11 02:47:46
boat cruises australia,AU,Australia,English,Australia (Location),false,true,false,true,true,false,"AI Overview, Thumbnail, People also ask, Discussions and forums, Local pack",50,60,0.29,5,0,5,,https://www.ozcruising.com.au/,2026-05-09 02:52:46
honolulu to sydney cruise,AU,Australia,English,,false,true,false,true,true,false,"AI Overview, Thumbnail, Video preview, Bottom ads",90,0,0.33,5,21,8,,https://www.ozcruising.com.au/cruise/cc27-eg10oct27,2026-04-20 08:58:39
last minute cruise cancellation deals from sydney,AU,Australia,English,Sydney (Location),false,true,false,true,true,true,"AI Overview, Thumbnail, Top ads, Paid sitelinks, People also ask, Bottom ads",250,2,0.38,4,0,12,,https://www.ozcruising.com.au/popular/last-minute/cruises,2026-04-18 12:18:21
cruise from perth,AU,Australia,English,Perth (Location),false,true,false,true,true,false,Thumbnail,1200,1,0.11,4,0,20,,https://www.ozcruising.com.au/departing/fremantle/cruises,2026-05-06 07:19:14
cruise december 2024,AU,Australia,English,,false,false,false,true,true,true,People also ask,90,8,0.42,4,0,7,,https://www.ozcruising.com.au/departing/sydney/cruises,2026-05-03 03:57:20
cruise 2024 from brisbane,AU,Australia,English,Brisbane (Location),false,true,false,true,true,false,"Top ads, People also ask, Bottom ads, Paid sitelinks",100,3,,4,0,8,,https://www.ozcruising.com.au/departing/brisbane/cruises,2026-04-28 15:47:28
cruises brisbane australia,AU,Australia,English,"Brisbane (Location), Australia (Location)",false,true,false,true,true,false,"Top ads, Paid sitelinks, Thumbnail, Local pack",100,4,,4,0,9,,https://www.ozcruising.com.au/departing/brisbane/cruises,2026-04-17 20:07:30
cruise leaving melbourne,AU,Australia,English,Melbourne (Location),false,true,false,true,true,false,"AI Overview, Thumbnail",40,0,0.34,4,0,3,,https://www.ozcruising.com.au/departing/melbourne/cruises,2026-05-06 23:26:52
cruise from.melbourne,AU,Australia,English,Melbourne (Location),false,true,false,true,true,false,"Top ads, Paid sitelinks, Thumbnail",70,0,,4,1,6,,https://www.ozcruising.com.au/departing/melbourne/cruises,2026-04-12 20:42:43
cruise trip from melbourne,AU,Australia,English,Melbourne (Location),false,true,false,true,true,true,"Top ads, Paid sitelinks, Thumbnail",70,3,0.45,4,1,6,,https://www.ozcruising.com.au/departing/melbourne/cruises,2026-05-09 12:42:09
last minute cruise sydney,AU,Australia,English,Sydney (Location),false,true,false,true,true,true,,90,1,,4,0,7,,https://www.ozcruising.com.au/popular/last-minute/cruises,2026-04-09 08:08:17
cruise sydney to perth 2023,AU,Australia,English,Sydney to Perth (Event),false,true,false,true,true,false,"Sitelinks, Thumbnail, People also ask, Bottom ads, Paid sitelinks",90,0,0.33,4,0,7,,https://www.ozcruising.com.au/departing/sydney/cruises,2026-04-12 21:25:53
cruises may,AU,Australia,English,,false,false,false,true,true,false,,20,34,0.45,4,0,1,,https://www.ozcruising.com.au/departure/may-2026/cruises,2026-05-02 12:33:18
cruises search,AU,Australia,English,,false,false,false,true,true,true,,30,73,,4,0,2,,https://www.ozcruising.com.au/,2026-05-07 06:47:25
melbourne to nz cruise,AU,Australia,English,"Melbourne (Location), New Zealand (Location)",false,true,false,true,true,false,"AI Overview, People also ask",30,0,,4,0,2,,https://www.ozcruising.com.au/region/new-zealand/departing-melbourne/cruises,2026-05-08 19:19:20
cruise ship specials,AU,Australia,English,,false,false,false,true,true,false,"Top ads, Thumbnail, Bottom ads, Paid sitelinks",30,32,0.47,4,0,2,,https://www.ozcruising.com.au/cruise-specials,2026-04-27 03:52:57
discount cruise,AU,Australia,English,,false,false,false,true,true,false,"Video preview, Bottom ads, Paid sitelinks",30,21,1.07,4,0,2,,https://www.ozcruising.com.au/cruise-specials,2026-04-16 06:25:45
2024 cruises from brisbane,AU,Australia,English,Brisbane (Location),false,true,false,true,true,false,People also ask,100,1,0.53,4,0,8,,https://www.ozcruising.com.au/departing/brisbane/cruises,2026-05-08 11:04:25
3 days cruise from brisbane,AU,Australia,English,Brisbane (Location),false,true,false,true,true,false,"AI Overview, People also ask, Bottom ads, Paid sitelinks",90,1,,4,0,8,,https://www.ozcruising.com.au/short/departing-brisbane/cruises,2026-04-22 12:01:04
cruise about australia,AU,Australia,English,Australia (Location),false,false,false,true,true,true,People also ask,40,28,0.79,4,0,3,,https://www.ozcruising.com.au/,2026-05-05 01:57:53
cruises international,AU,Australia,English,,false,false,false,true,true,false,,30,63,0.64,4,0,3,,https://www.ozcruising.com.au/,2026-04-18 18:40:29
difference between cruise ship and ocean liner,AU,Australia,English,,false,false,false,true,false,false,"AI Overview, People also ask",10,1,,4,0,2,,https://www.ozcruising.com.au/blog/what-is-the-difference-between-a-cruise-ship-and-an-ocean-liner,2026-05-10 09:20:31
cruises from brisbane in december,AU,Australia,English,Brisbane (Location),false,true,false,true,true,false,"AI Overview, People also ask, Bottom ads, Paid sitelinks",10,0,0.45,4,0,1,,https://www.ozcruising.com.au/departing/brisbane/cruises,2026-04-30 11:27:54
how much to build a cruise ship,AU,Australia,English,,false,false,false,true,false,false,"People also ask, Sitelinks, Discussions and forums",10,2,,4,0,1,,https://www.ozcruising.com.au/blog/how-much-does-a-cruise-ship-cost-to-build,2026-05-06 14:16:09
cruise from melbourne to hawaii,AU,Australia,English,"Melbourne (Location), Hawaii (Location)",false,true,false,true,true,false,"Top ads, Paid sitelinks, AI Overview, Thumbnail, People also ask, Bottom ads",10,0,0.35,4,0,2,,https://www.ozcruising.com.au/region/hawaii/departing-australia/cruises,2026-05-10 15:06:21
cruise ship packing list,AU,Australia,English,,false,false,false,true,false,false,"AI Overview, Sitelinks",10,1,,4,0,1,,https://www.ozcruising.com.au/blog/cruise-packing-list-pdf-and-excel-checklist,2026-04-23 00:09:52
easter cruises from brisbane,AU,Australia,English,Brisbane (Location),false,true,false,true,true,false,Video preview,60,0,,4,0,5,,https://www.ozcruising.com.au/short/departing-brisbane/cruises,2026-05-10 13:57:50
november cruises from brisbane,AU,Australia,English,Brisbane (Location),false,true,false,true,true,false,"AI Overview, People also ask",60,0,,4,0,6,,https://www.ozcruising.com.au/departing/brisbane/cruises,2026-04-24 19:09:53
hawaii cruises 2025,AU,Australia,English,,false,true,false,true,true,false,"AI Overview, Thumbnail, People also ask, Video preview, Sitelinks",60,0,0.49,4,0,6,,https://www.ozcruising.com.au/region/hawaii/departing-australia/cruises,2026-05-11 08:56:44
cruise sydney to auckland,AU,Australia,English,,false,true,false,true,true,false,"AI Overview, People also ask, Bottom ads, Paid sitelinks",60,0,0.45,4,0,6,,https://www.ozcruising.com.au/region/new-zealand/departing-sydney/cruises,2026-04-24 11:19:45
last minute australia cruises,AU,Australia,English,Australia (Location),false,false,false,true,true,true,"Top ads, Paid sitelinks, Thumbnail, Bottom ads",100,3,0.32,4,3,8,,https://www.ozcruising.com.au/popular/last-minute/cruises,2026-04-15 18:18:09
cruise ship propeller,AU,Australia,English,,false,false,false,true,false,false,"People also ask, Sitelinks",40,0,,4,0,3,,https://www.ozcruising.com.au/blog/how-are-cruise-ships-powered,2026-04-09 16:40:53
round trip cruises from sydney,AU,Australia,English,Sydney (Location),false,true,false,true,true,false,"AI Overview, Thumbnail, People also ask",40,5,0.48,4,0,4,,https://www.ozcruising.com.au/departing/sydney/cruises,2026-05-06 15:11:50
cruise booking melbourne,AU,Australia,English,Melbourne (Location),false,true,false,false,true,true,"Thumbnail, Local pack, Bottom ads, Paid sitelinks",90,42,0.59,4,0,8,,https://www.ozcruising.com.au/,2026-04-27 07:10:45
cruise to eden from sydney,AU,Australia,English,"Eden (Location), Sydney (Location)",false,true,false,true,true,false,"AI Overview, People also ask, Video preview, Bottom ads, Paid sitelinks",70,0,0.40,4,0,7,,https://www.ozcruising.com.au/cruise/pc26-x607,2026-04-29 02:43:40
7 day cruise from melbourne,AU,Australia,English,Melbourne (Location),false,true,false,true,true,false,"AI Overview, People also ask, Thumbnail, Video preview, Sitelinks",400,2,0.21,4,0,15,,https://www.ozcruising.com.au/departing/melbourne/cruises,2026-05-05 14:08:50
pacific ocean cruises,AU,Australia,English,Pacific Ocean (Location),false,false,false,true,true,false,People also ask,100,0,0.53,4,0,8,,https://www.ozcruising.com.au/region/south-pacific/departing-sydney/cruises,2026-05-08 01:49:07
best cruise from sydney,AU,Australia,English,Sydney (Location),false,true,false,true,true,false,"AI Overview, Thumbnail, People also ask, Discussions and forums",200,10,0.51,4,0,11,,https://www.ozcruising.com.au/departing/sydney/cruises,2026-04-21 03:40:17
3 day cruise from brisbane to cairns,AU,Australia,English,"Brisbane (Location), Cairns (Location)",false,true,false,true,true,false,"Top ads, AI Overview, Thumbnail, People also ask",60,0,0.37,4,0,1,AI Overview,https://www.ozcruising.com.au/short/departing-brisbane/cruises,2026-05-09 16:26:01
cruises in new zealand,AU,Australia,English,New Zealand (Location),false,true,false,true,true,false,People also ask,100,2,0.50,4,0,8,,https://www.ozcruising.com.au/region/new-zealand/departing-sydney/cruises,2026-04-10 21:07:53
cruises in january 2025,AU,Australia,English,,false,false,false,true,true,false,"People also ask, Bottom ads, Paid sitelinks",100,28,0.34,4,0,8,,https://www.ozcruising.com.au/,2026-05-05 00:53:02
fly and cruise deals,AU,Australia,English,,false,false,false,true,true,false,People also ask,70,5,0.56,4,0,7,,https://www.ozcruising.com.au/cruise-specials,2026-04-27 06:40:28
australian cruise deals,AU,Australia,English,,false,false,false,true,true,false,"Top ads, Paid sitelinks, Thumbnail",60,47,0.45,4,0,3,,https://www.ozcruising.com.au/cruise-specials,2026-04-30 18:02:27
cruisedeals,AU,Australia,English,,false,false,false,true,true,false,"People also ask, Thumbnail",40,26,0.97,4,0,4,,https://www.ozcruising.com.au/cruise-specials,2026-04-16 16:09:39
cruises finder,AU,Australia,English,,false,false,false,true,true,false,,30,65,0.22,4,0,2,,https://www.ozcruising.com.au/,2026-04-24 14:02:43
3 night cruises from sydney,AU,Australia,English,Sydney (Location),false,true,false,true,true,false,"AI Overview, Thumbnail",70,1,0.39,4,0,7,,https://www.ozcruising.com.au/short-cruises/departing-from-sydney,2026-04-22 11:48:37
cruises singapore to brisbane,AU,Australia,English,,false,false,false,true,true,false,"Top ads, AI Overview, Thumbnail, People also ask",30,0,,4,1,3,,https://www.ozcruising.com.au/cruise/cl26-lm30nov26.1,2026-04-21 16:41:53
2 night cruise from sydney 2023,AU,Australia,English,Sydney (Location),false,true,false,true,true,false,AI Overview,30,4,0.43,4,0,3,,https://www.ozcruising.com.au/short/departing-sydney/cruises,2026-05-09 22:08:00
cruise ship from sydney to new zealand,AU,Australia,English,"Sydney (Location), New Zealand (Location)",false,true,false,true,true,false,"People also ask, Bottom ads, Paid sitelinks",30,0,,4,0,2,,https://www.ozcruising.com.au/region/new-zealand/departing-sydney/cruises,2026-05-09 11:07:27
cruise trips from brisbane,AU,Australia,English,Brisbane (Location),false,true,false,true,true,false,"Thumbnail, Bottom ads, Paid sitelinks",60,9,0.46,4,0,6,,https://www.ozcruising.com.au/departing/brisbane/cruises,2026-04-24 14:42:02
cheap cruise from brisbane,AU,Australia,English,Brisbane (Location),false,true,false,true,true,false,,70,6,,4,0,7,,https://www.ozcruising.com.au/cruise-specials,2026-04-10 03:26:47
cruise from hawaii to australia,AU,Australia,English,"Hawaii (Location), Australia (Location)",false,true,false,true,true,false,"AI Overview, Thumbnail, Discussions and forums",90,0,0.24,4,0,8,,https://www.ozcruising.com.au/region/hawaii/departing-australia/cruises,2026-04-27 13:42:31
cruise january 2025,AU,Australia,English,,false,false,false,true,true,false,"People also ask, Thumbnail",100,35,0.40,4,0,8,,https://www.ozcruising.com.au/departing/sydney/cruises,2026-04-20 15:49:02
short cruise from fremantle,AU,Australia,English,Fremantle (Location),false,true,false,true,true,false,"AI Overview, Thumbnail",40,1,0.22,4,0,4,,https://www.ozcruising.com.au/short-cruises,2026-04-28 14:01:42
7 night cruise from brisbane,AU,Australia,English,Brisbane (Location),false,true,false,true,true,false,"AI Overview, Thumbnail, People also ask",50,0,,4,0,5,,https://www.ozcruising.com.au/departing/brisbane/cruises,2026-05-06 15:13:53
australia and new zealand cruises 2025,AU,Australia,English,Australia and New Zealand (Location),false,false,false,true,true,false,"Thumbnail, People also ask",150,2,0.42,4,0,9,,https://www.ozcruising.com.au/,2026-04-18 05:31:17
new year cruises from brisbane,AU,Australia,English,Brisbane (Location),false,true,false,true,true,false,Thumbnail,60,0,0.49,4,0,5,,https://www.ozcruising.com.au/popular/new-years-eve/cruises,2026-04-14 16:10:53
cruises to nz from australia,AU,Australia,English,New Zealand (Location),false,false,false,true,true,false,"Top ads, Paid sitelinks, AI Overview, Thumbnail",70,1,,4,0,7,,https://www.ozcruising.com.au/region/new-zealand/departing-sydney/cruises,2026-04-15 22:36:04
cruise trip to new zealand,AU,Australia,English,New Zealand (Location),false,false,false,true,true,false,"AI Overview, Thumbnail, People also ask, Discussions and forums",100,2,0.46,4,0,9,,https://www.ozcruising.com.au/region/new-zealand/departing-sydney/cruises,2026-04-27 00:01:37
cruise holiday packages,AU,Australia,English,,false,false,false,true,true,false,"Top ads, Thumbnail",150,52,0.40,4,0,10,,https://www.ozcruising.com.au/cruise-specials,2026-04-27 04:02:57
2025 cruises from australia,AU,Australia,English,Australia (Location),false,false,false,true,true,false,"AI Overview, Thumbnail",150,49,0.37,4,0,11,,https://www.ozcruising.com.au/departing/sydney/cruises,2026-04-16 15:00:33
cruise on sale,AU,Australia,English,,false,false,false,true,true,false,"Top ads, Paid sitelinks, Thumbnail",60,11,0.45,4,0,2,,https://www.ozcruising.com.au/cruise-specials,2026-04-23 06:14:54
cruise sydney 2023,AU,Australia,English,Sydney (Location),false,true,false,true,true,false,Sitelinks,90,43,0.55,4,0,7,,https://www.ozcruising.com.au/departing/sydney/cruises,2026-04-18 23:18:34
cruise trip sydney,AU,Australia,English,Sydney (Location),false,true,false,true,true,true,"Top ads, Paid sitelinks, AI Overview, Thumbnail, Local pack, Bottom ads",60,13,0.51,4,2,6,,https://www.ozcruising.com.au/departing/sydney/cruises,2026-05-08 04:21:49
short break cruises,AU,Australia,English,,false,false,false,true,true,true,Thumbnail,40,3,0.45,4,0,4,,https://www.ozcruising.com.au/short/cruises,2026-04-14 18:20:02
cruise from brisbane 2025,AU,Australia,English,Brisbane (Location),false,true,false,true,true,false,"AI Overview, Bottom ads, Paid sitelinks",40,1,,4,0,5,,https://www.ozcruising.com.au/departing/brisbane/cruises,2026-04-27 16:57:56
moreton island cruises from sydney,AU,Australia,English,"Moreton Island (Location), Sydney (Location)",false,true,false,true,true,false,"Top ads, AI Overview, Thumbnail, People also ask, Discussions and forums, Bottom ads, Paid sitelinks",40,0,,4,0,1,AI Overview,https://www.ozcruising.com.au/cruise/cl26-sl28jan26,2026-05-05 22:36:54
short cruise deals,AU,Australia,English,,false,false,false,true,true,false,,40,3,0.39,4,0,3,,https://www.ozcruising.com.au/short/cruises,2026-04-23 10:33:23
cruise around australia from melbourne,AU,Australia,English,Melbourne (Location),false,true,false,true,true,false,"AI Overview, Thumbnail, People also ask, Video preview, Bottom ads, Paid sitelinks",150,1,0.30,4,9,10,,https://www.ozcruising.com.au/departing/melbourne/cruises,2026-04-22 05:28:29
cheap cruises sydney,AU,Australia,English,Sydney (Location),false,true,false,true,true,false,People also ask,50,3,0.25,4,0,6,,https://www.ozcruising.com.au/departing/sydney/cruises,2026-05-04 03:58:34
brisbane cruises 2023,AU,Australia,English,Brisbane (Location),false,true,false,true,true,false,Sitelinks,90,0,0.44,4,0,7,,https://www.ozcruising.com.au/departing/brisbane/cruises,2026-05-07 01:23:37
cruise in august,AU,Australia,English,,false,false,false,true,true,false,"AI Overview, Thumbnail",30,4,,4,0,1,AI Overview,https://www.ozcruising.com.au/departure/august-2026/cruises,2026-04-27 19:42:42
cruises march 2025,AU,Australia,English,,false,false,false,true,true,false,"Thumbnail, People also ask, Bottom ads, Paid sitelinks",100,52,0.47,4,0,8,,https://www.ozcruising.com.au/,2026-05-05 07:16:53
cruose,AU,Australia,English,,false,false,false,true,true,false,"People also ask, Knowledge panel",20,74,0.27,4,0,2,,https://www.ozcruising.com.au/,2026-04-12 12:31:27
booking cruises,AU,Australia,English,,false,false,false,false,true,true,"Sitelinks, People also ask",40,67,0.30,4,0,4,,https://www.ozcruising.com.au/,2026-04-19 09:13:08
cruise liners australia,AU,Australia,English,Australia (Location),false,true,false,true,true,false,"AI Overview, Thumbnail, People also ask",60,20,0.53,4,0,1,AI Overview,https://www.ozcruising.com.au/,2026-04-26 02:29:06
melbourne cruise port,AU,Australia,English,Melbourne (Location),false,true,false,true,false,false,"AI Overview, Thumbnail, People also ask, Knowledge panel",70,1,0.23,4,0,7,,https://www.ozcruising.com.au/blog/things-you-need-to-know-about-melbourne-cruise-ship-terminal,2026-04-12 06:13:32
three day cruise from sydney,AU,Australia,English,Sydney (Location),false,true,false,true,true,false,"Top ads, Discussions and forums, Video preview",70,1,,4,1,6,,https://www.ozcruising.com.au/short/departing-sydney/cruises,2026-05-11 14:23:46
cruise ship vs ocean liner,AU,Australia,English,,false,false,false,true,false,false,"AI Overview, People also ask, Thumbnail, Discussions and forums",30,1,,4,0,4,,https://www.ozcruising.com.au/blog/what-is-the-difference-between-a-cruise-ship-and-an-ocean-liner,2026-04-16 18:23:32
cost of a cruise ship,AU,Australia,English,,false,false,false,true,false,false,"Image pack, People also ask, Discussions and forums",30,10,,4,0,3,,https://www.ozcruising.com.au/blog/how-much-does-a-cruise-ship-cost-to-build,2026-05-08 11:22:09
black friday cruise sale,AU,Australia,English,Black Friday (Event),false,false,false,true,true,true,Sitelinks,30,3,,4,0,3,,https://www.ozcruising.com.au/sale/black-friday/cruises,2026-04-13 18:38:17
cruise sydney to melbourne,AU,Australia,English,Sydney to Melbourne (Event),false,true,false,true,true,false,"AI Overview, People also ask, Bottom ads",100,0,0.26,4,0,9,,https://www.ozcruising.com.au/departing/sydney/cruises,2026-04-23 03:58:27
cruises cruise ship,AU,Australia,English,,false,false,false,true,true,false,People also ask,150,57,0.38,4,0,9,,https://www.ozcruising.com.au/,2026-04-11 11:00:10
book a cruise from brisbane,AU,Australia,English,Brisbane (Location),false,true,false,false,true,true,"Top ads, Paid sitelinks, Thumbnail, Bottom ads",70,11,0.64,4,0,6,,https://www.ozcruising.com.au/departing/brisbane/cruises,2026-05-03 12:42:28
cruises departing from adelaide,AU,Australia,English,Adelaide (Location),false,true,false,true,true,false,"Thumbnail, People also ask",30,1,0.23,4,0,2,,https://www.ozcruising.com.au/departing/adelaide/cruises,2026-04-17 15:13:02
cruise departing adelaide,AU,Australia,English,Adelaide (Location),false,true,false,true,true,false,AI Overview,30,2,0.23,4,0,2,,https://www.ozcruising.com.au/departing/adelaide/cruises,2026-05-08 03:36:58
crusie finder,AU,Australia,English,,false,false,false,true,true,false,"Top ads, Paid sitelinks",30,53,0.22,4,1,2,,https://www.ozcruising.com.au/,2026-04-13 10:55:11
fun cruises,AU,Australia,English,,false,false,false,true,true,false,"Sitelinks, People also ask",30,1,0.47,4,0,2,,https://www.ozcruising.com.au/cruise-specials,2026-04-15 07:02:49
cruise ships departing melbourne,AU,Australia,English,Melbourne (Location),false,true,false,true,true,false,"AI Overview, Local pack",40,1,,4,0,5,,https://www.ozcruising.com.au/departing/melbourne/cruises,2026-04-25 19:07:28
cruises in july from sydney,AU,Australia,English,Sydney (Location),false,true,false,true,true,false,"Top ads, Paid sitelinks, AI Overview, Thumbnail, People also ask",20,0,,4,0,1,AI Overview,https://www.ozcruising.com.au/departing/sydney/cruises,2026-05-11 12:14:49
cruise sydney to london 2024,AU,Australia,English,,false,false,false,true,true,false,"Thumbnail, Sitelinks, People also ask",150,0,,4,0,10,,https://www.ozcruising.com.au/departing/sydney/cruises,2026-04-23 09:00:45
crusies from brisbane,AU,Australia,English,Brisbane (Location),false,true,false,true,true,false,"Top ads, Paid sitelinks, People also ask, Bottom ads",50,0,,4,0,5,,https://www.ozcruising.com.au/departing/brisbane/cruises,2026-04-19 03:27:52
norfolk island cruises,AU,Australia,English,Norfolk Island (Location),false,true,false,true,true,false,"AI Overview, Thumbnail, People also ask",50,0,0.34,4,0,6,,https://www.ozcruising.com.au/cruise/cl27-aq15jul27,2026-05-09 18:25:47
sydney to gold coast cruise,AU,Australia,English,"Sydney (Location), Gold Coast (Location)",false,true,false,true,true,false,"AI Overview, Thumbnail, Sitelinks",70,13,0.44,4,0,7,,https://www.ozcruising.com.au/departing/sydney/cruises,2026-04-23 09:37:56
australian open cruise 2024,AU,Australia,English,Australian Open (Event),false,false,false,true,true,false,"Sitelinks, People also ask, Thumbnail",100,0,0.57,4,0,8,,https://www.ozcruising.com.au/theme/australian-open/cruises,2026-05-08 03:50:50
cruises leaving brisbane 2024,AU,Australia,English,Brisbane (Location),false,true,false,true,true,false,"Top ads, Paid sitelinks, People also ask, Thumbnail",100,0,,4,2,8,,https://www.ozcruising.com.au/departing/brisbane/cruises,2026-04-23 07:17:53
do you need a passport to cruise around australia,AU,Australia,English,,false,false,false,true,false,false,"AI Overview, Thumbnail, People also ask, Discussions and forums, Sitelinks",30,0,,4,0,4,,https://www.ozcruising.com.au/blog/cruises-you-can-take-without-a-passport,2026-05-11 14:10:34
cruises leaving from australia,AU,Australia,English,Australia (Location),false,true,false,true,true,false,"AI Overview, Thumbnail, People also ask",30,50,0.45,4,0,3,,https://www.ozcruising.com.au/,2026-04-13 16:33:39
fremantle to fremantle cruises,AU,Australia,English,Fremantle to Fremantle (Event),false,true,false,true,true,false,AI Overview,30,3,0.31,4,0,4,,https://www.ozcruising.com.au/departing/fremantle/cruises,2026-04-17 14:09:27
cost of cruise ship,AU,Australia,English,,false,false,false,true,false,false,"People also ask, Sitelinks, Thumbnail",30,28,0.26,4,0,3,,https://www.ozcruising.com.au/blog/how-much-does-a-cruise-ship-cost-to-build,2026-04-16 11:51:29
cruise short,AU,Australia,English,,false,false,false,true,true,true,,20,1,,4,1,2,,https://www.ozcruising.com.au/short/cruises,2026-05-10 23:44:24
crusing,AU,Australia,English,,false,false,false,true,true,false,"AI Overview, People also ask, Sitelinks",40,34,0.44,4,0,2,,https://www.ozcruising.com.au/,2026-04-24 15:11:29
cruises april,AU,Australia,English,,false,false,false,true,true,false,"Thumbnail, Discussions and forums",40,11,0.45,4,0,4,,https://www.ozcruising.com.au/departure/April-2027/cruises,2026-04-29 06:39:09
cruise ship sale,AU,Australia,English,,false,false,false,true,true,false,People also ask,40,43,0.30,4,0,4,,https://www.ozcruising.com.au/cruise-specials,2026-04-11 01:09:03
cruises in 2023,AU,Australia,English,,false,false,false,true,true,false,"People also ask, Thumbnail",150,2,0.46,4,0,9,,https://www.ozcruising.com.au/popular/princess-2023-world-cruise/cruises,2026-04-27 20:31:54
travel cruise,AU,Australia,English,,false,false,false,true,true,false,"Top ads, Paid sitelinks, Thumbnail, Local pack",60,52,0.52,4,0,6,,https://www.ozcruising.com.au/,2026-05-07 12:45:59
cruise around australia 2024,AU,Australia,English,,false,false,false,true,true,false,"People also ask, Video preview",100,5,0.32,4,0,8,,https://www.ozcruising.com.au/,2026-04-18 09:52:17
cruise from japan,AU,Australia,English,Japan (Location),false,false,false,true,true,false,"Top ads, Paid sitelinks, People also ask, AI Overview, Thumbnail, Discussions and forums, Bottom ads",50,0,0.47,4,0,6,,https://www.ozcruising.com.au/region/asia/departing-japan/cruises,2026-05-01 04:02:55
cruise ship holiday,AU,Australia,English,,false,false,false,true,true,false,,30,55,0.45,4,0,4,,https://www.ozcruising.com.au/cruise-specials,2026-04-28 17:03:56
cruises to new zealand 2023,AU,Australia,English,New Zealand (Location),false,false,false,true,true,false,"Thumbnail, People also ask, Sitelinks, Bottom ads, Paid sitelinks",150,2,0.52,4,0,9,,https://www.ozcruising.com.au/region/new-zealand/departing-sydney/cruises,2026-04-27 06:13:28
ship cruises from melbourne,AU,Australia,English,Melbourne (Location),false,true,false,true,true,false,"AI Overview, Local teaser",30,0,,4,0,2,,https://www.ozcruising.com.au/departing/melbourne/cruises,2026-04-09 16:09:11
cheap short cruises from sydney,AU,Australia,English,Sydney (Location),false,true,false,true,true,false,"People also ask, Bottom ads, Paid sitelinks",30,3,,4,0,2,,https://www.ozcruising.com.au/short-cruises/departing-from-sydney,2026-04-23 08:25:32
cruises from freemantle,AU,Australia,English,Fremantle (Location),false,true,false,true,true,false,"Thumbnail, AI Overview",30,1,,4,0,2,,https://www.ozcruising.com.au/departing/fremantle/cruises,2026-04-19 00:26:18
aus open cruise,AU,Australia,English,Australian Open (Event),false,false,false,true,true,false,,30,0,,4,0,2,,https://www.ozcruising.com.au/theme/australian-open/cruises,2026-04-16 09:58:50
cruise brisbane to hawaii,AU,Australia,English,"Brisbane (Location), Hawaii (Location)",false,true,false,true,true,false,"AI Overview, People also ask",80,0,0.28,4,0,8,,https://www.ozcruising.com.au/region/hawaii/departing-australia/cruises,2026-04-15 15:31:44
5 day cruises from brisbane,AU,Australia,English,Brisbane (Location),false,true,false,true,true,false,"Top ads, People also ask",80,1,0.28,4,0,7,,https://www.ozcruising.com.au/short/departing-brisbane/cruises,2026-05-10 09:40:43
best short cruises from sydney,AU,Australia,English,Sydney (Location),false,true,false,true,true,false,"AI Overview, People also ask",150,1,0.45,4,0,11,,https://www.ozcruising.com.au/short/departing-sydney/cruises,2026-05-07 19:10:22
cruises december,AU,Australia,English,,false,false,false,true,true,false,Thumbnail,60,4,0.45,4,0,6,,https://www.ozcruising.com.au/departure/December-2026/cruises,2026-04-15 04:08:35
cruise 2024,AU,Australia,English,,false,false,false,true,true,false,"Thumbnail, People also ask",100,59,0.41,4,0,8,,https://www.ozcruising.com.au/cruise-specials,2026-05-05 19:07:42
cruise to tasmania from brisbane,AU,Australia,English,"Tasmania (Location), Brisbane (Location)",false,true,false,true,true,false,"AI Overview, People also ask",200,0,0.26,4,0,12,,https://www.ozcruising.com.au/cruise/pc26-a644.1,2026-05-09 07:53:38
cryise deals,AU,Australia,English,,false,false,false,true,true,false,,30,41,,4,0,3,,https://www.ozcruising.com.au/cruise-specials,2026-04-10 23:10:02
cruise from brisbane to hawaii,AU,Australia,English,"Brisbane (Location), Hawaii (Location)",false,true,false,true,true,false,"Top ads, Paid sitelinks, AI Overview, Thumbnail, People also ask",40,0,0.49,4,0,5,,https://www.ozcruising.com.au/region/hawaii/departing-australia/cruises,2026-04-25 23:55:36
cruise brisbane to whitsundays,AU,Australia,English,"Brisbane (Location), Whitsundays (Location)",false,true,false,true,true,false,"Top ads, AI Overview, Thumbnail, People also ask, Bottom ads, Paid sitelinks",40,1,0.46,4,0,1,AI Overview,https://www.ozcruising.com.au/short/departing-brisbane/cruises,2026-05-05 13:27:54
how fast do cruise ships travel,AU,Australia,English,,false,false,false,true,false,false,"AI Overview, People also ask, Sitelinks, Thumbnail",20,0,,4,0,2,,https://www.ozcruising.com.au/blog/how-fast-does-a-cruise-ship-travel,2026-04-21 23:08:25
cruises sydney to hawaii,AU,Australia,English,,false,true,false,true,true,false,"Thumbnail, AI Overview",30,0,0.30,4,0,2,,https://www.ozcruising.com.au/region/hawaii/departing-australia/cruises,2026-04-14 09:54:25
last minute south pacific cruises,AU,Australia,English,South Pacific (Location),false,false,false,true,true,true,"Top ads, Paid sitelinks, AI Overview, Thumbnail, People also ask, Bottom ads",100,1,0.27,4,2,9,,https://www.ozcruising.com.au/popular/last-minute/cruises,2026-05-03 03:19:28
unsold cruise cabins australia,AU,Australia,English,Australia (Location),false,true,false,true,true,true,"People also ask, Sitelinks",60,1,0.28,4,0,6,,https://www.ozcruising.com.au/popular/last-minute/cruises,2026-05-06 18:57:45
cruise from sydney 2025,AU,Australia,English,Sydney (Location),false,true,false,true,true,false,"AI Overview, Thumbnail, Video preview",150,12,0.36,4,0,11,,https://www.ozcruising.com.au/departing/sydney/cruises,2026-04-25 03:52:57
book cruise online,AU,Australia,English,,false,false,false,false,true,true,"Top ads, Paid sitelinks, People also ask, Discussions and forums",60,68,0.72,4,0,4,,https://www.ozcruising.com.au/,2026-04-22 12:49:32
cruises july 2024,AU,Australia,English,,false,false,false,true,true,false,"Thumbnail, People also ask",100,40,0.45,4,0,9,,https://www.ozcruising.com.au/departing/sydney/cruises,2026-05-04 23:15:03
great barrier reef cruise from sydney,AU,Australia,English,"Great Barrier Reef (Location), Sydney (Location)",false,true,false,true,true,false,"Top ads, AI Overview, Thumbnail, People also ask, Bottom ads, Paid sitelinks",150,0,0.42,4,0,11,,https://www.ozcruising.com.au/departing/sydney/cruises,2026-04-19 17:00:28
australia to europe cruise,AU,Australia,English,,false,false,false,true,true,false,"AI Overview, Thumbnail, People also ask",150,18,0.45,4,0,11,,https://www.ozcruising.com.au/,2026-04-10 00:58:21
cruises to new zealand from sydney 2024,AU,Australia,English,"New Zealand (Location), Sydney (Location)",false,true,false,true,true,false,"Thumbnail, Sitelinks, People also ask",30,0,,4,0,2,,https://www.ozcruising.com.au/region/new-zealand/departing-sydney/cruises,2026-05-07 00:42:49
cruise deals from sydney to new zealand,AU,Australia,English,"Sydney (Location), New Zealand (Location)",false,true,false,true,true,false,"Top ads, Paid sitelinks, AI Overview, Thumbnail, Bottom ads",30,0,,4,0,1,AI Overview,https://www.ozcruising.com.au/region/new-zealand/departing-sydney/cruises,2026-05-04 22:36:53
cruise website,AU,Australia,English,,false,false,true,true,true,true,"AI Overview, Thumbnail, Discussions and forums",30,70,0.46,4,0,2,,https://www.ozcruising.com.au/,2026-04-19 23:43:42
pacific islands cruise from sydney,AU,Australia,English,"Pacific Islands (Location), Sydney (Location)",false,true,false,true,true,false,AI Overview,30,0,0.57,4,0,2,,https://www.ozcruising.com.au/region/south-pacific/departing-sydney/cruises,2026-05-07 05:49:11
xmas cruises from melbourne,AU,Australia,English,Melbourne (Location),false,true,false,true,true,false,"Top ads, Paid sitelinks, AI Overview, Thumbnail, People also ask",30,0,,4,1,3,,https://www.ozcruising.com.au/popular/christmas/cruises,2026-04-27 19:57:11
one way cruises from australia,AU,Australia,English,Australia (Location),false,false,false,true,true,false,"AI Overview, People also ask",30,1,,4,0,2,,https://www.ozcruising.com.au/popular/one-way/cruises,2026-05-07 16:46:52
black friday cruise,AU,Australia,English,Black Friday (Event),false,false,false,true,true,true,"Top ads, Thumbnail, Discussions and forums",30,3,,4,0,3,,https://www.ozcruising.com.au/sale/black-friday/cruises,2026-04-20 03:01:27
june cruises,AU,Australia,English,,false,false,false,true,true,false,,40,12,0.45,4,0,4,,https://www.ozcruising.com.au/departure/june-2026/cruises,2026-04-26 23:57:28
cruise from honolulu to sydney,AU,Australia,English,"Honolulu (Location), Sydney (Location)",false,true,false,true,true,false,"AI Overview, Thumbnail, People also ask",40,0,0.54,4,0,5,,https://www.ozcruising.com.au/cruise/cc27-eg10oct27,2026-04-10 09:02:47
2023 cruises australia,AU,Australia,English,Australia (Location),false,true,false,true,true,false,People also ask,100,16,0.46,4,0,9,,https://www.ozcruising.com.au/departing/sydney/cruises,2026-04-25 00:58:41
cruise australia to europe,AU,Australia,English,,false,false,false,true,true,false,"AI Overview, Thumbnail, People also ask",80,6,0.37,4,0,9,,https://www.ozcruising.com.au/,2026-04-30 14:53:13
december cruise,AU,Australia,English,,false,false,false,true,true,false,People also ask,80,0,0.40,4,0,8,,https://www.ozcruising.com.au/departure/December-2026/cruises,2026-05-08 11:49:46
weekend cruise brisbane,AU,Australia,English,Brisbane (Location),false,true,false,true,true,false,AI Overview,30,1,,4,0,3,,https://www.ozcruising.com.au/short/departing-brisbane/cruises,2026-04-18 09:11:45
how much cruise ship cost,AU,Australia,English,,false,false,false,true,false,false,"AI Overview, Thumbnail, People also ask, Discussions and forums, Sitelinks, Video preview",10,3,0.23,4,0,1,AI Overview,https://www.ozcruising.com.au/blog/how-much-does-a-cruise-ship-cost-to-build,2026-04-29 21:07:54
cruises out of melbourne,AU,Australia,English,Melbourne (Location),false,true,false,true,true,false,"AI Overview, Thumbnail, Bottom ads, Paid sitelinks",200,0,0.22,4,0,9,,https://www.ozcruising.com.au/departing/melbourne/cruises,2026-04-22 09:32:17
comedy cruise from sydney,AU,Australia,English,Sydney (Location),false,true,false,true,true,false,"AI Overview, Thumbnail, People also ask, Video preview",50,18,,4,0,5,,https://www.ozcruising.com.au/theme/comedy/cruises,2026-04-28 18:07:41
comedy cruise from brisbane,AU,Australia,English,Brisbane (Location),false,true,false,true,true,false,"AI Overview, People also ask, Thumbnail, Discussions and forums",50,14,,4,0,6,,https://www.ozcruising.com.au/theme/comedy/cruises,2026-04-21 20:03:30
cruise trips australia,AU,Australia,English,Australia (Location),false,true,false,true,true,false,"Top ads, Thumbnail",30,62,0.46,4,0,4,,https://www.ozcruising.com.au/,2026-04-16 01:02:52
cruise to queensland from sydney,AU,Australia,English,"Queensland (Location), Sydney (Location)",false,true,false,true,true,false,AI Overview,40,9,,4,0,6,,https://www.ozcruising.com.au/departing/sydney/cruises,2026-04-17 10:20:33
cruise deals to australia,AU,Australia,English,Australia (Location),false,false,false,true,true,false,"AI Overview, Thumbnail, People also ask",40,31,1.04,4,0,6,,https://www.ozcruising.com.au/cruise-specials,2026-04-14 12:16:02
cruise qld,AU,Australia,English,Queensland (Location),false,true,false,true,true,false,People also ask,60,2,0.43,4,0,6,,https://www.ozcruising.com.au/departing/brisbane/cruises,2026-04-20 19:33:32
cruise cost,AU,Australia,English,,false,false,false,true,true,false,People also ask,80,26,0.29,4,0,8,,https://www.ozcruising.com.au/cruise-specials,2026-04-14 15:28:17
cruises 2023,AU,Australia,English,,false,false,false,true,true,false,"Sitelinks, People also ask",30,41,0.45,4,0,3,,https://www.ozcruising.com.au/departing/sydney/cruises,2026-04-29 11:48:28
pacific islands cruises,AU,Australia,English,Pacific Islands (Location),false,false,false,true,true,false,AI Overview,40,0,0.54,4,0,5,,https://www.ozcruising.com.au/region/south-pacific/departing-sydney/cruises,2026-04-14 10:50:25
booking a cruise,AU,Australia,English,,false,false,false,true,true,true,"Bottom ads, Paid sitelinks",40,64,0.30,4,0,4,,https://www.ozcruising.com.au/,2026-04-16 22:47:31
august cruise,AU,Australia,English,,false,false,false,true,true,false,AI Overview,20,24,,4,0,4,,https://www.ozcruising.com.au/departing/sydney/cruises,2026-05-02 16:13:13
cruise this weekend,AU,Australia,English,,false,false,false,true,true,true,"Bottom ads, Paid sitelinks",20,3,,4,0,3,,https://www.ozcruising.com.au/weekend/cruises,2026-04-16 03:50:29
cruise holidays australia,AU,Australia,English,Australia (Location),false,true,false,true,true,false,"Thumbnail, People also ask",200,56,0.46,4,0,11,,https://www.ozcruising.com.au/,2026-04-11 05:17:45
cruise to asia from australia,AU,Australia,English,Asia (Location),false,false,false,true,true,false,"AI Overview, Thumbnail, People also ask",30,0,,4,2,1,AI Overview,https://www.ozcruising.com.au/region/asia/departing-australia/cruises,2026-05-08 10:00:21
cruise from perth to brisbane,AU,Australia,English,"Perth (Location), Brisbane (Location)",false,true,false,true,true,false,"Top ads, Paid sitelinks, AI Overview, People also ask, Thumbnail, Bottom ads",30,0,0.21,4,0,3,,https://www.ozcruising.com.au/cruise/pc27-a712a.1,2026-05-01 20:06:27
cruise hot deals,AU,Australia,English,,false,false,false,true,true,false,,20,20,0.43,4,0,1,,https://www.ozcruising.com.au/cruise-specials,2026-04-26 05:14:54
how fast does a cruise ship travel,AU,Australia,English,,false,false,false,true,false,false,"AI Overview, Thumbnail, People also ask, Sitelinks",20,0,,4,0,1,AI Overview,https://www.ozcruising.com.au/blog/how-fast-does-a-cruise-ship-travel,2026-05-07 05:59:50
melbourne cup.cruise,AU,Australia,English,Melbourne Cup (Event),false,false,false,true,true,false,"People also ask, Bottom ads, Paid sitelinks",20,0,,4,0,2,,https://www.ozcruising.com.au/popular/melbourne-cup/cruises,2026-04-27 21:34:54
7 day cruise packing list pdf,AU,Australia,English,,false,false,false,true,false,false,"AI Overview, Thumbnail, People also ask",20,0,,4,0,3,,https://www.ozcruising.com.au/blog/cruise-packing-list-pdf-and-excel-checklist,2026-04-10 07:59:37
cruise line australia,AU,Australia,English,Australia (Location),false,true,false,true,true,false,"AI Overview, Thumbnail, People also ask",40,50,,4,0,6,,https://www.ozcruising.com.au/,2026-05-02 07:33:12
last minute cruise deals brisbane,AU,Australia,English,Brisbane (Location),false,true,false,true,true,true,"Top ads, Paid sitelinks",70,3,0.36,4,2,7,,https://www.ozcruising.com.au/popular/last-minute/cruises,2026-04-27 10:08:02
cruise brisbane to singapore,AU,Australia,English,,false,true,false,true,true,false,"AI Overview, Bottom ads",100,0,0.39,4,11,10,,https://www.ozcruising.com.au/cruise/cl26-lm30nov26.1,2026-05-10 23:01:46
cruises from singapore to fremantle,AU,Australia,English,"Singapore (Location), Fremantle (Location)",false,true,false,true,true,false,"AI Overview, People also ask",50,0,0.42,3,0,6,,https://www.ozcruising.com.au/cruise/pc27-h726,2026-05-10 06:48:46
cruise in may,AU,Australia,English,,false,false,false,true,true,false,"Top ads, Paid sitelinks, People also ask",30,28,,3,0,4,,https://www.ozcruising.com.au/departure/May-2026/cruises,2026-04-14 23:27:08
hawaii cruise from brisbane,AU,Australia,English,Brisbane (Location),false,true,false,true,true,false,"Top ads, Paid sitelinks, AI Overview, Thumbnail, People also ask, Bottom ads",40,0,,3,0,5,,https://www.ozcruising.com.au/region/hawaii/departing-australia/cruises,2026-05-11 06:39:47
cruises perth to sydney 2023,AU,Australia,English,,false,true,false,true,true,false,"Sitelinks, People also ask",100,0,0.43,3,0,9,,https://www.ozcruising.com.au/departing/fremantle/cruises,2026-04-12 02:08:02
cruises from rome 2024,AU,Australia,English,Rome (Location),false,true,false,true,true,false,"Sitelinks, People also ask",100,0,0.82,3,0,9,,https://www.ozcruising.com.au/region/mediterranean/departing-rome/cruises,2026-04-13 19:47:36
singapore to australia cruise,AU,Australia,English,,false,false,false,true,true,false,"AI Overview, Thumbnail, People also ask",150,0,0.34,3,0,12,,https://www.ozcruising.com.au/one-way-cruises/singapore-to-sydney,2026-04-11 10:16:29
cruises to new zealand 2024,AU,Australia,English,New Zealand (Location),false,false,false,true,true,false,"People also ask, Sitelinks, Thumbnail, Video preview",100,1,0.32,3,0,9,,https://www.ozcruising.com.au/region/new-zealand/departing-sydney/cruises,2026-05-05 13:08:56
2024 cruises from melbourne,AU,Australia,English,Melbourne (Location),false,true,false,true,true,false,"Top ads, People also ask, Sitelinks, Thumbnail, Bottom ads, Paid sitelinks",100,22,0.45,3,0,9,,https://www.ozcruising.com.au/,2026-04-22 15:30:31
cruise australia 2024,AU,Australia,English,Australia (Location),false,false,false,true,true,false,"Thumbnail, People also ask, Sitelinks",100,19,0.54,3,0,9,,https://www.ozcruising.com.au/,2026-04-24 01:53:54
cruises from brisbane to whitsundays,AU,Australia,English,"Brisbane (Location), Whitsundays (Location)",false,true,false,true,true,false,"AI Overview, People also ask",30,1,0.46,3,0,4,,https://www.ozcruising.com.au/short/departing-brisbane/cruises,2026-04-25 20:27:47
cruise from sydney to brisbane one way,AU,Australia,English,"Sydney (Location), Brisbane (Location)",false,true,false,true,true,false,"AI Overview, Thumbnail, People also ask",30,0,0.44,3,0,4,,https://www.ozcruising.com.au/popular/one-way/cruises,2026-04-09 23:45:17
cruises from.adelaide,AU,Australia,English,Adelaide (Location),false,true,false,true,true,false,"AI Overview, Thumbnail, People also ask",30,1,,3,0,3,,https://www.ozcruising.com.au/departing/adelaide/cruises,2026-05-01 20:37:32
black friday cruises,AU,Australia,English,Black Friday (Event),false,false,false,true,true,false,"Thumbnail, AI Overview, People also ask, Discussions and forums",30,3,,3,0,3,,https://www.ozcruising.com.au/sale/black-friday/cruises,2026-04-09 15:15:25
cruise auckland to sydney one way,AU,Australia,English,,false,true,false,true,true,false,AI Overview,30,0,,3,0,4,,https://www.ozcruising.com.au/popular/one-way/cruises,2026-04-26 11:29:39
brisbane to hawaii cruise,AU,Australia,English,"Brisbane (Location), Hawaii (Location)",false,true,false,true,true,false,"AI Overview, Thumbnail, Top ads, Paid sitelinks, People also ask, Bottom ads",200,0,0.28,3,0,11,,https://www.ozcruising.com.au/region/hawaii/departing-australia/cruises,2026-04-09 11:15:02
athens to venice cruise,AU,Australia,English,Athens to Venice (Event),false,false,false,true,true,false,"Top ads, Paid sitelinks, AI Overview, Thumbnail, People also ask",100,0,0.80,3,0,10,,https://www.ozcruising.com.au/cruise/ac25-pr-12jul25-10,2026-04-23 03:47:27
discount cruises from sydney,AU,Australia,English,Sydney (Location),false,true,false,true,true,true,"Bottom ads, Paid sitelinks",50,3,0.42,3,0,5,,https://www.ozcruising.com.au/departing/sydney/cruises,2026-04-29 12:57:57
cruises october,AU,Australia,English,,false,false,false,true,true,false,"Thumbnail, AI Overview",40,4,0.45,3,0,5,,https://www.ozcruising.com.au/departure/october-2026/cruises,2026-05-09 10:45:09
cruise ship from adelaide,AU,Australia,English,Adelaide (Location),false,true,false,true,true,false,AI Overview,40,1,,3,0,5,,https://www.ozcruising.com.au/departing/adelaide/cruises,2026-05-07 01:17:47
cruise june,AU,Australia,English,,false,false,false,true,true,false,,40,10,0.45,3,0,4,,https://www.ozcruising.com.au/departure/june-2026/cruises,2026-04-12 16:43:02
3 day cruises from melbourne,AU,Australia,English,Melbourne (Location),false,true,false,true,true,false,AI Overview,80,1,0.26,3,0,9,,https://www.ozcruising.com.au/short-cruises/departing-from-melbourne,2026-04-11 05:02:46
melbourne cruises 2024,AU,Australia,English,Melbourne (Location),false,true,false,true,true,false,"Sitelinks, Video preview",80,22,0.36,3,0,7,,https://www.ozcruising.com.au/,2026-05-04 05:17:56
cruise from sydney to south pacific,AU,Australia,English,"Sydney (Location), South Pacific (Location)",false,true,false,true,true,false,"Top ads, Thumbnail, Paid sitelinks, AI Overview, Bottom ads",20,0,0.76,3,0,2,,https://www.ozcruising.com.au/region/south-pacific/departing-sydney/cruises,2026-04-30 02:35:53
cruise companies in australia,AU,Australia,English,Australia (Location),false,true,false,true,true,false,"AI Overview, People also ask, Bottom ads, Paid sitelinks",20,62,,3,0,3,,https://www.ozcruising.com.au/,2026-04-29 15:47:36
cruises from perth to brisbane,AU,Australia,English,"Perth (Location), Brisbane (Location)",false,true,false,true,true,false,"AI Overview, People also ask",20,0,0.21,3,0,2,,https://www.ozcruising.com.au/cruise/pc27-a712a.1,2026-04-30 22:29:28
cruise melbourne to melbourne,AU,Australia,English,Melbourne to Melbourne (Event),false,true,false,true,true,false,AI Overview,20,0,,3,0,2,,https://www.ozcruising.com.au/departing/melbourne/cruises,2026-04-29 05:17:10
cruise cruise,AU,Australia,English,,false,false,false,true,true,false,,20,75,0.41,3,0,2,,https://www.ozcruising.com.au/,2026-04-23 22:31:21
how to book a cruise,AU,Australia,English,,false,false,false,true,true,true,"AI Overview, Video preview, Thumbnail, People also ask, Sitelinks",40,44,0.53,3,0,6,,https://www.ozcruising.com.au/,2026-05-06 15:48:52
last minute cruise cancellation deals from brisbane,AU,Australia,English,Brisbane (Location),false,true,false,true,true,true,"AI Overview, Thumbnail, People also ask",150,0,0.37,3,0,11,,https://www.ozcruising.com.au/popular/last-minute/cruises,2026-04-12 23:16:47
cruises in march,AU,Australia,English,,false,false,false,true,true,false,People also ask,90,3,0.45,3,0,8,,https://www.ozcruising.com.au/departure/March-2027/cruises,2026-04-10 18:18:56
cruises in december,AU,Australia,English,,false,false,false,true,true,false,AI Overview,90,0,0.40,3,0,9,,https://www.ozcruising.com.au/departure/december-2026/cruises,2026-04-27 10:42:02
weekend cruises sydney,AU,Australia,English,Sydney (Location),false,true,false,true,true,false,Local pack,40,3,0.33,3,0,5,,https://www.ozcruising.com.au/weekend/departing-sydney/cruises,2026-04-21 11:31:32
melbourne cup cruises from brisbane,AU,Australia,English,"Melbourne Cup (Event), Brisbane (Location)",false,true,false,true,true,false,"AI Overview, People also ask",40,0,,3,0,6,,https://www.ozcruising.com.au/popular/melbourne-cup/cruises,2026-04-15 11:20:28
mini cruise,AU,Australia,English,,false,false,false,true,true,true,Thumbnail,40,2,0.32,3,0,5,,https://www.ozcruising.com.au/short/cruises,2026-05-11 07:25:02
2 night cruise sydney,AU,Australia,English,Sydney (Location),false,true,false,true,true,true,"AI Overview, Discussions and forums",60,1,0.36,3,0,7,,https://www.ozcruising.com.au/short/departing-sydney/cruises,2026-05-02 20:42:53
hong kong cruises,AU,Australia,English,Hong Kong (Location),false,true,false,true,true,false,"Top ads, Paid sitelinks, Thumbnail, AI Overview",60,0,0.51,3,0,7,,https://www.ozcruising.com.au/region/asia/departing-hong-kong/cruises,2026-04-19 12:44:53
tennis cruise,AU,Australia,English,,false,false,false,true,true,false,People also ask,20,0,0.45,3,0,1,,https://www.ozcruising.com.au/theme/australian-open/cruises,2026-04-13 09:00:26
cruises from sydney to tasmania 2023,AU,Australia,English,"Sydney (Location), Tasmania (Location)",false,true,false,true,true,false,"AI Overview, Thumbnail, Sitelinks",150,0,0.57,3,0,11,,https://www.ozcruising.com.au/departing/sydney/cruises,2026-04-22 09:37:50
fly cruise deals 2023,AU,Australia,English,,false,false,false,true,true,false,Sitelinks,100,10,0.66,3,0,9,,https://www.ozcruising.com.au/cruise-specials,2026-04-26 05:58:04
cruises brisbane 2024,AU,Australia,English,Brisbane (Location),false,true,false,true,true,false,,100,0,,3,0,9,,https://www.ozcruising.com.au/departing/brisbane/cruises,2026-05-06 04:05:57
2025 cruises from sydney,AU,Australia,English,Sydney (Location),false,true,false,true,true,false,"AI Overview, Thumbnail, People also ask",100,12,,3,0,10,,https://www.ozcruising.com.au/departing/sydney/cruises,2026-04-11 13:05:29
do you need a passport for cruises,AU,Australia,English,,false,false,false,true,false,false,"AI Overview, People also ask, Sitelinks, Discussions and forums",30,0,0.32,3,0,4,,https://www.ozcruising.com.au/blog/cruises-you-can-take-without-a-passport,2026-05-03 12:29:47
cruise sydney to sydney,AU,Australia,English,Sydney to Sydney cruise (Work),false,true,false,true,true,true,"AI Overview, Thumbnail",40,12,,3,0,1,AI Overview,https://www.ozcruising.com.au/departing/sydney/cruises,2026-04-30 14:02:54
melbourne to melbourne cruises,AU,Australia,English,,false,true,false,true,true,false,"Thumbnail, AI Overview",40,0,,3,0,5,,https://www.ozcruising.com.au/departing/melbourne/cruises,2026-05-06 09:10:36
last min cruises,AU,Australia,English,,false,false,false,true,true,true,People also ask,40,1,0.44,3,1,4,,https://www.ozcruising.com.au/popular/last-minute/cruises,2026-04-23 15:53:44
tickets cruise,AU,Australia,English,,false,false,false,true,true,true,,40,73,0.30,3,0,4,,https://www.ozcruising.com.au/cruise-specials,2026-05-05 01:29:08
last minute cruise deals from brisbane,AU,Australia,English,Brisbane (Location),false,true,false,true,true,true,AI Overview,70,0,0.33,3,0,10,,https://www.ozcruising.com.au/popular/last-minute/cruises,2026-04-12 18:01:52
short cruises from brisbane 2024,AU,Australia,English,Brisbane (Location),false,true,false,true,true,false,"Sitelinks, Thumbnail, Bottom ads, Paid sitelinks",30,0,,3,0,3,,https://www.ozcruising.com.au/short/departing-brisbane/cruises,2026-04-30 14:47:55
cheap cruise deals,AU,Australia,English,,false,false,false,true,true,false,Discussions and forums,60,20,0.41,3,0,8,,https://www.ozcruising.com.au/cruise-specials,2026-05-03 15:38:47
cruise specials from sydney,AU,Australia,English,Sydney (Location),false,true,false,true,true,false,People also ask,90,5,0.49,3,0,8,,https://www.ozcruising.com.au/departing/sydney/cruises,2026-05-02 12:32:16
cruises to hawaii from melbourne,AU,Australia,English,"Hawaii (Location), Melbourne (Location)",false,true,false,true,true,false,"AI Overview, Thumbnail, Top ads, Paid sitelinks, People also ask, Bottom ads",10,0,0.35,3,0,2,,https://www.ozcruising.com.au/region/hawaii/departing-australia/cruises,2026-05-03 22:59:53
packing for a cruise checklist,AU,Australia,English,,false,false,false,true,false,false,"AI Overview, Thumbnail, Sitelinks, People also ask, Image pack",10,2,,3,0,1,AI Overview,https://www.ozcruising.com.au/blog/cruise-packing-list-pdf-and-excel-checklist,2026-05-09 05:04:38
cruises from brisbane 2022,AU,Australia,English,Brisbane (Location),false,true,false,true,true,false,"People also ask, Sitelinks",10,0,0.47,3,0,1,,https://www.ozcruising.com.au/departing/brisbane/cruises,2026-04-28 08:09:18
cruise new zealand to sydney one way,AU,Australia,English,"New Zealand (Location), Sydney (Location)",false,true,false,true,true,false,"AI Overview, Thumbnail, People also ask",10,0,0.54,3,0,1,AI Overview,https://www.ozcruising.com.au/popular/one-way/cruises,2026-05-07 07:53:10
christmas cruise 2023,AU,Australia,English,,false,false,false,true,true,false,"Thumbnail, People also ask, Sitelinks",100,0,0.52,3,0,9,,https://www.ozcruising.com.au/popular/christmas/cruises,2026-05-11 04:47:32
cruises for 2023,AU,Australia,English,,false,false,false,true,true,false,"Sitelinks, People also ask, Thumbnail",100,66,0.46,3,0,9,,https://www.ozcruising.com.au/popular/princess-2023-world-cruise/cruises,2026-04-14 12:20:47
cruise from fremantle to sydney,AU,Australia,English,"Fremantle (Location), Sydney (Location)",false,true,false,true,true,false,"AI Overview, Thumbnail, People also ask",20,0,0.27,3,0,1,AI Overview,https://www.ozcruising.com.au/departing/fremantle/cruises,2026-04-22 00:58:39
what cruise ships leave from melbourne,AU,Australia,English,Melbourne (Location),false,true,false,true,false,false,"AI Overview, Thumbnail, Top ads, People also ask, Bottom ads, Paid sitelinks",50,1,0.26,3,2,1,AI Overview,https://www.ozcruising.com.au/departing/melbourne/cruises,2026-04-29 19:40:02
cruises from fremantle to fremantle,AU,Australia,English,Fremantle (Location),false,true,false,true,true,false,"AI Overview, People also ask",20,2,,3,0,3,,https://www.ozcruising.com.au/departing/fremantle/cruises,2026-05-08 14:12:37
tasmania cruise ship,AU,Australia,English,Tasmania (Location),false,true,false,true,true,false,"AI Overview, Thumbnail, People also ask",20,1,0.54,3,0,4,,https://www.ozcruising.com.au/region/tasmania/cruises,2026-05-08 11:38:21
last minute cruises to south pacific,AU,Australia,English,South Pacific (Location),false,false,false,true,true,true,AI Overview,80,2,,3,3,9,,https://www.ozcruising.com.au/popular/last-minute/cruises,2026-04-30 11:00:18
south pacific island cruise,AU,Australia,English,South Pacific (Location),false,false,false,true,true,false,"Thumbnail, People also ask",40,0,0.48,3,0,5,,https://www.ozcruising.com.au/region/south-pacific/departing-sydney/cruises,2026-04-16 03:56:30
cruise discounts australia,AU,Australia,English,Australia (Location),false,true,false,true,true,false,Thumbnail,20,50,,3,0,2,,https://www.ozcruising.com.au/cruise-specials,2026-04-15 06:46:26
melbourne to hawaii cruise,AU,Australia,English,"Melbourne (Location), Hawaii (Location)",false,true,false,true,true,false,"AI Overview, People also ask",20,0,,3,0,2,,https://www.ozcruising.com.au/region/hawaii/departing-australia/cruises,2026-04-09 15:00:37
cruise melbourne cup,AU,Australia,English,Melbourne Cup (Event),false,false,false,true,true,false,"Top ads, Paid sitelinks, Thumbnail, People also ask",20,0,,3,0,2,,https://www.ozcruising.com.au/popular/melbourne-cup/cruises,2026-04-13 01:52:42
sydney to san francisco cruise,AU,Australia,English,,false,false,false,true,true,false,"Top ads, Paid sitelinks, AI Overview, Thumbnail, People also ask",20,0,0.44,3,0,3,,https://www.ozcruising.com.au/cruise/cl27-lm06apr27,2026-04-20 23:41:34
caribbean cruises from sydney,AU,Australia,English,Sydney (Location),false,true,false,true,true,false,"AI Overview, People also ask, Video preview",80,0,0.50,3,0,9,,https://www.ozcruising.com.au/departing/sydney/cruises,2026-05-01 12:14:01
cruise deal finder,AU,Australia,English,,false,false,false,true,true,false,,20,61,0.52,3,0,3,,https://www.ozcruising.com.au/,2026-04-24 08:44:32
cruises to pacific islands,AU,Australia,English,Pacific Islands (Location),false,false,false,true,true,false,"AI Overview, Thumbnail, People also ask",30,0,0.46,3,0,5,,https://www.ozcruising.com.au/region/south-pacific/departing-sydney/cruises,2026-04-17 02:42:47
boat cruises from brisbane,AU,Australia,English,Brisbane (Location),false,true,false,true,true,false,"Thumbnail, People also ask",30,0,0.31,3,0,4,,https://www.ozcruising.com.au/departing/brisbane/cruises,2026-04-13 22:49:32
whitsunday cruises from brisbane,AU,Australia,English,"Whitsunday Cruises (Event), Brisbane (Location)",false,true,false,true,true,false,"AI Overview, Thumbnail, People also ask",30,1,0.50,3,0,5,,https://www.ozcruising.com.au/short/departing-brisbane/cruises,2026-04-19 21:00:47
what cruises leave from melbourne,AU,Australia,English,Melbourne (Location),false,true,false,true,true,false,"AI Overview, Thumbnail, People also ask",30,0,0.23,3,0,1,AI Overview,https://www.ozcruising.com.au/departing/melbourne/cruises,2026-05-06 16:08:55
christmas cruise from sydney,AU,Australia,English,Sydney (Location),false,true,false,true,true,false,People also ask,150,0,0.32,3,0,11,,https://www.ozcruising.com.au/popular/christmas/cruises,2026-04-25 06:19:38
cruise october,AU,Australia,English,,false,false,false,true,true,false,"AI Overview, Thumbnail",50,6,0.46,3,0,7,,https://www.ozcruising.com.au/departure/october-2026/cruises,2026-04-30 06:30:33
new zealand cruises 2024,AU,Australia,English,,false,true,false,true,true,true,"AI Overview, People also ask, Video preview",150,0,0.63,3,0,11,,https://www.ozcruising.com.au/region/new-zealand/departing-sydney/cruises,2026-05-02 22:53:27
cruises from sydeny,AU,Australia,English,Sydney (Location),false,true,false,true,true,false,People also ask,30,8,,3,0,3,,https://www.ozcruising.com.au/departing/sydney/cruises,2026-04-24 18:54:12
cruise online,AU,Australia,English,,false,false,false,true,true,true,,30,71,0.58,3,0,3,,https://www.ozcruising.com.au/,2026-05-05 05:17:17
piano cruise,AU,Australia,English,,false,false,false,true,true,false,People also ask,30,14,0.46,3,0,3,,https://www.ozcruising.com.au/brand/p-o-australia/cruises,2026-04-21 15:04:17
asia cruises from singapore,AU,Australia,English,Singapore (Location),false,true,false,true,true,false,"Top ads, Paid sitelinks, People also ask, Bottom ads",20,7,0.52,3,0,2,,https://www.ozcruising.com.au/region/asia/departing-singapore/cruises,2026-04-12 09:01:48
new years eve cruise sydney,AU,Australia,English,Sydney (Location),false,true,false,true,true,true,"Thumbnail, Discussions and forums, People also ask",40,11,0.52,3,0,5,,https://www.ozcruising.com.au/popular/new-years-eve/cruises,2026-04-12 00:20:50
cruises qld,AU,Australia,English,Queensland (Location),false,true,false,true,true,false,AI Overview,40,0,0.45,3,0,6,,https://www.ozcruising.com.au/departing/brisbane/cruises,2026-04-26 01:24:24
cruise ex brisbane,AU,Australia,English,Brisbane (Location),false,true,false,true,true,false,,40,1,0.49,3,0,5,,https://www.ozcruising.com.au/departing/brisbane/cruises,2026-04-15 04:15:38
international cruises from brisbane,AU,Australia,English,Brisbane (Location),false,true,false,true,true,false,"Thumbnail, AI Overview, People also ask",40,1,,3,0,6,,https://www.ozcruising.com.au/departing/brisbane/cruises,2026-04-14 19:17:16
cruises from brisbane australia,AU,Australia,English,Brisbane (Location),false,true,false,true,true,false,AI Overview,40,0,0.46,3,0,6,,https://www.ozcruising.com.au/departing/brisbane/cruises,2026-04-15 18:39:17
gratuities on cruises,AU,Australia,English,,false,false,false,true,false,false,"AI Overview, Thumbnail, Video preview, People also ask, Sitelinks",40,0,,3,0,6,,https://www.ozcruising.com.au/blog/do-you-need-to-tip-on-australian-cruise-ships,2026-04-18 07:08:28
cruises for 2025,AU,Australia,English,,false,false,false,true,true,false,,80,48,,3,0,8,,https://www.ozcruising.com.au/,2026-04-22 05:07:58
2024 cruises,AU,Australia,English,,false,false,false,true,true,false,"People also ask, Sitelinks",80,9,0.44,3,0,8,,https://www.ozcruising.com.au/departing/sydney/cruises,2026-04-13 01:31:47
cruise ship ticket price,AU,Australia,English,,false,false,false,true,true,false,"AI Overview, Thumbnail, People also ask",100,32,0.28,3,0,10,,https://www.ozcruising.com.au/departing/sydney/cruises,2026-04-09 09:45:02
cheapest cruises,AU,Australia,English,,false,false,false,true,true,false,"People also ask, Video preview",50,22,0.28,3,0,7,,https://www.ozcruising.com.au/cruise-specials,2026-04-23 00:32:49
brisbane to new zealand,AU,Australia,English,"Brisbane (Location), New Zealand (Location)",false,true,false,true,true,false,People also ask,1400,0,0.17,3,0,19,,https://www.ozcruising.com.au/region/new-zealand/departing-brisbane/cruises,2026-05-07 13:39:56
sydney to adelaide cruise,AU,Australia,English,,false,true,false,true,true,false,"AI Overview, People also ask",50,0,0.34,3,0,7,,https://www.ozcruising.com.au/cruise/pc28-a807b,2026-05-01 14:04:46
morton island cruise,AU,Australia,English,Moreton Island (Location),false,true,false,true,true,false,"People also ask, Discussions and forums, Thumbnail, Video preview",100,2,,3,0,9,,https://www.ozcruising.com.au/cruise/cl26-sl28jan26,2026-05-01 19:37:32
how much is a cruise ship worth,AU,Australia,English,,false,false,false,true,false,false,"AI Overview, Thumbnail, People also ask, Sitelinks, Discussions and forums, Video preview",20,1,,3,0,1,AI Overview,https://www.ozcruising.com.au/blog/how-much-does-a-cruise-ship-cost-to-build,2026-04-27 07:33:19
new years cruise melbourne,AU,Australia,English,Melbourne (Location),false,true,false,true,true,false,,30,0,,3,0,4,,https://www.ozcruising.com.au/popular/new-years-eve/cruises,2026-04-24 05:15:48
cruises that leave from adelaide,AU,Australia,English,Adelaide (Location),false,true,false,true,true,false,People also ask,20,0,,3,0,2,,https://www.ozcruising.com.au/departing/adelaide/cruises,2026-04-19 19:13:32
new year's eve cruise,AU,Australia,English,New Year's Eve (Event),false,false,false,true,true,false,,20,0,,3,0,2,,https://www.ozcruising.com.au/popular/new-years-eve/cruises,2026-04-29 05:07:52
ship cruises from brisbane,AU,Australia,English,Brisbane (Location),false,true,false,true,true,false,"Top ads, Paid sitelinks, Thumbnail, AI Overview, People also ask",60,2,,3,0,8,,https://www.ozcruising.com.au/departing/brisbane/cruises,2026-04-19 14:50:30
cruise sydney to queensland,AU,Australia,English,,false,true,false,true,true,false,"Thumbnail, Bottom ads, Paid sitelinks",30,0,0.42,3,0,5,,https://www.ozcruising.com.au/departing/sydney/cruises,2026-05-02 08:58:31
cruises melbourne to melbourne,AU,Australia,English,Melbourne to Melbourne (Event),false,true,false,true,true,false,AI Overview,30,0,0.45,3,0,6,,https://www.ozcruising.com.au/departing/melbourne/cruises,2026-05-09 00:29:09
cruises from melb,AU,Australia,English,Melbourne (Location),false,true,false,true,true,false,"People also ask, Thumbnail",50,0,0.32,3,3,6,,https://www.ozcruising.com.au/departing/melbourne/cruises,2026-04-24 03:06:11
easter cruise from sydney,AU,Australia,English,Sydney (Location),false,true,false,true,true,false,,50,0,,3,1,6,,https://www.ozcruising.com.au/short/departing-sydney/cruises,2026-05-01 06:30:30
cruisw,AU,Australia,English,,false,false,false,true,true,true,"Top stories, Thumbnail, Video preview",50,67,,3,0,6,,https://www.ozcruising.com.au/,2026-05-07 06:14:06
cheap cruise from sydney,AU,Australia,English,Sydney (Location),false,true,false,true,true,false,,50,6,0.32,3,0,6,,https://www.ozcruising.com.au/departing/sydney/cruises,2026-05-08 14:32:54
cruises departing from cairns,AU,Australia,English,Cairns (Location),false,true,false,true,true,true,"Thumbnail, People also ask",30,0,0.39,3,0,3,,https://www.ozcruising.com.au/departing/cairns/cruises,2026-05-06 05:19:08
cruises from.fremantle,AU,Australia,English,Fremantle (Location),false,true,false,true,true,false,"Thumbnail, Bottom ads, Paid sitelinks",30,2,,3,0,3,,https://www.ozcruising.com.au/departing/fremantle/cruises,2026-04-27 11:18:11
cruises melbourne to new zealand,AU,Australia,English,,false,true,false,true,true,false,,30,0,0.45,3,0,3,,https://www.ozcruising.com.au/region/new-zealand/departing-melbourne/cruises,2026-04-19 13:22:23
cruise deals from melbourne,AU,Australia,English,Melbourne (Location),false,true,false,true,true,false,"Thumbnail, Bottom ads",300,1,0.27,3,0,10,,https://www.ozcruising.com.au/cruise-specials,2026-04-21 01:27:00
png cruise from brisbane,AU,Australia,English,Brisbane (Location),false,true,false,true,true,false,"Top ads, Paid sitelinks, Thumbnail, People also ask, Video preview",80,0,,3,0,8,,https://www.ozcruising.com.au/cruise/cl26-eq09jun26.1,2026-04-22 21:34:12
last minute cruise australia,AU,Australia,English,Australia (Location),false,true,false,true,true,true,,60,1,,3,0,7,,https://www.ozcruising.com.au/popular/last-minute/cruises,2026-05-10 07:15:15
cruise to hawaii from brisbane,AU,Australia,English,"Hawaii (Location), Brisbane (Location)",false,true,false,true,true,false,"AI Overview, Thumbnail, People also ask",100,0,0.35,3,0,11,,https://www.ozcruising.com.au/region/hawaii/departing-australia/cruises,2026-05-09 23:28:47
adelaide to melbourne cruise,AU,Australia,English,,false,true,false,true,true,false,AI Overview,40,0,0.24,3,0,6,,https://www.ozcruising.com.au/departing/adelaide/cruises,2026-04-11 05:17:47
nz cruises 2025,AU,Australia,English,,false,false,false,true,true,false,"Thumbnail, People also ask",40,1,0.42,3,0,5,,https://www.ozcruising.com.au/region/new-zealand/departing-sydney/cruises,2026-05-01 16:37:32
sydney to vancouver cruise,AU,Australia,English,Sydney to Vancouver (Event),false,false,false,true,true,false,"Top ads, Paid sitelinks, AI Overview, People also ask, Bottom ads",40,0,0.43,3,1,6,,https://www.ozcruising.com.au/cruise/pc26-x610a,2026-04-28 01:19:55
cheap crusies,AU,Australia,English,,false,false,false,true,true,false,,30,26,,3,0,4,,https://www.ozcruising.com.au/cruise-specials,2026-05-04 14:32:19
cruises from fremantle wa,AU,Australia,English,"Fremantle (Location), WA (Location)",false,true,false,true,true,false,"Thumbnail, People also ask",30,2,0.28,3,0,4,,https://www.ozcruising.com.au/departing/fremantle/cruises,2026-04-25 08:38:15
ship cruises australia,AU,Australia,English,Australia (Location),false,true,false,true,true,false,"Thumbnail, People also ask",30,59,0.45,3,0,4,,https://www.ozcruising.com.au/,2026-04-28 04:11:00
cruises pacific islands,AU,Australia,English,Pacific Islands (Location),false,false,false,true,true,false,"Thumbnail, AI Overview",30,1,0.54,3,0,4,,https://www.ozcruising.com.au/region/south-pacific/departing-sydney/cruises,2026-05-09 19:29:36
cruises sydney to brisbane,AU,Australia,English,,false,true,false,true,true,false,"Top ads, AI Overview, Thumbnail",30,1,,3,1,5,,https://www.ozcruising.com.au/departing/sydney/cruises,2026-05-05 04:14:27
new zealand cruising,AU,Australia,English,New Zealand (Location),false,false,false,true,true,false,"Thumbnail, People also ask, Knowledge panel",100,2,1.27,3,0,10,,https://www.ozcruising.com.au/region/new-zealand/departing-sydney/cruises,2026-04-11 07:38:33
cruise from brisbane 2024,AU,Australia,English,Brisbane (Location),false,true,false,true,true,false,,100,0,0.42,3,0,10,,https://www.ozcruising.com.au/departing/brisbane/cruises,2026-04-24 01:18:41
cruise captain,AU,Australia,English,,false,false,false,true,false,false,"People also ask, Thumbnail, Sitelinks",20,22,0.18,3,0,2,,https://www.ozcruising.com.au/blog/a-day-in-the-life-of-the-captain-of-a-cruise-ship,2026-04-18 16:06:28
crusies from melbourne,AU,Australia,English,Melbourne (Location),false,true,false,true,true,false,People also ask,20,0,,3,0,2,,https://www.ozcruising.com.au/departing/melbourne/cruises,2026-04-15 10:54:28
cruises from singapore to sydney,AU,Australia,English,"Singapore (Location), Sydney (Location)",false,true,false,true,true,false,"AI Overview, Thumbnail, People also ask, Video preview",70,0,,3,9,9,,https://www.ozcruising.com.au/one-way-cruises/singapore-to-sydney,2026-04-17 12:31:28
what cruise ship is in brisbane today,AU,Australia,English,Brisbane (Location),false,true,false,true,false,false,"AI Overview, People also ask",100,2,,3,0,10,,https://www.ozcruising.com.au/departing/brisbane/cruises,2026-04-29 11:11:52
deal cruise,AU,Australia,English,,false,false,false,true,true,false,"Top ads, Thumbnail, Bottom ads, Paid sitelinks",30,34,0.97,3,0,5,,https://www.ozcruising.com.au/cruise-specials,2026-05-05 20:37:38
last minute cruise from melbourne,AU,Australia,English,Melbourne (Location),false,true,false,true,true,true,Thumbnail,80,2,,3,0,8,,https://www.ozcruising.com.au/popular/last-minute/cruises,2026-04-28 16:47:53
cheapest cruise from sydney,AU,Australia,English,Sydney (Location),false,true,false,true,true,false,"Top ads, Paid sitelinks, AI Overview, People also ask, Bottom ads",100,6,,3,1,10,,https://www.ozcruising.com.au/departing/sydney/cruises,2026-04-29 14:03:28
christmas cruise 2026,AU,Australia,English,,false,false,false,true,true,false,"Thumbnail, People also ask, Discussions and forums, Video preview",100,0,0.47,3,0,10,,https://www.ozcruising.com.au/departure/december-2026/cruises,2026-05-09 10:54:29
xmas cruises australia,AU,Australia,English,Australia (Location),false,true,false,true,true,false,"AI Overview, Thumbnail, Video preview, People also ask",100,0,0.45,3,0,11,,https://www.ozcruising.com.au/popular/christmas/cruises,2026-04-12 03:38:29
singapore to sydney cruises,AU,Australia,English,,false,false,false,true,true,false,"AI Overview, People also ask",50,0,,3,1,7,,https://www.ozcruising.com.au/one-way-cruises/singapore-to-sydney,2026-05-08 02:04:23
what cruise ships leave from sydney,AU,Australia,English,Sydney (Location),false,true,false,true,true,false,"AI Overview, People also ask",30,18,,3,0,4,,https://www.ozcruising.com.au/departing/sydney/cruises,2026-04-16 11:35:28
one way cruise sydney to auckland,AU,Australia,English,Sydney to Auckland (Event),false,true,false,true,true,false,"AI Overview, Thumbnail, People also ask",30,0,0.45,3,0,4,,https://www.ozcruising.com.au/popular/one-way/cruises,2026-04-10 13:50:43
cruise ship captain,AU,Australia,English,,false,false,false,true,false,false,"AI Overview, Thumbnail, People also ask, Sitelinks, Discussions and forums",30,6,,3,0,1,AI Overview,https://www.ozcruising.com.au/blog/a-day-in-the-life-of-the-captain-of-a-cruise-ship,2026-05-02 10:11:47
5 night cruise from brisbane,AU,Australia,English,Brisbane (Location),false,true,false,true,true,false,"Top ads, Paid sitelinks",20,1,0.28,3,0,2,,https://www.ozcruising.com.au/short/departing-brisbane/cruises,2026-04-29 22:26:54
cruise ship australia to new zealand,AU,Australia,English,,false,false,false,true,true,false,"AI Overview, Thumbnail",20,2,0.45,3,0,3,,https://www.ozcruising.com.au/region/new-zealand/departing-sydney/cruises,2026-04-25 23:17:24
cruises online,AU,Australia,English,,false,false,false,true,true,false,"Top ads, Paid sitelinks, Thumbnail, People also ask",20,73,0.58,3,0,2,,https://www.ozcruising.com.au/,2026-05-11 09:42:18
last.minute cruise,AU,Australia,English,,false,false,false,true,true,true,"Top ads, Paid sitelinks, Discussions and forums",20,4,,3,0,2,,https://www.ozcruising.com.au/popular/last-minute/cruises,2026-04-17 09:48:30
melb cruises,AU,Australia,English,Melbourne (Location),false,true,false,true,true,false,"Local pack, Thumbnail",20,0,,3,0,3,,https://www.ozcruising.com.au/departing/melbourne/cruises,2026-04-15 05:39:17
sydney to south pacific cruise,AU,Australia,English,"Sydney (Location), South Pacific (Location)",false,true,false,true,true,false,"AI Overview, Thumbnail",20,0,,3,0,2,,https://www.ozcruising.com.au/region/south-pacific/departing-sydney/cruises,2026-05-06 13:14:40
cruise out of adelaide,AU,Australia,English,Adelaide (Location),false,true,false,true,true,false,"AI Overview, People also ask",20,1,,3,0,2,,https://www.ozcruising.com.au/departing/adelaide/cruises,2026-04-13 23:17:29
cruise departing sydney today,AU,Australia,English,Sydney (Location),false,true,false,true,false,false,People also ask,100,19,,3,0,9,,https://www.ozcruising.com.au/departing/sydney/cruises,2026-04-21 10:57:27
cruises to new zealand from australia,AU,Australia,English,Australia (Location),false,true,false,true,true,true,"AI Overview, People also ask, Bottom ads, Paid sitelinks",80,2,0.42,3,0,9,,https://www.ozcruising.com.au/region/new-zealand/departing-sydney/cruises,2026-05-05 03:05:39
cruises from aus,AU,Australia,English,Australia (Location),false,true,false,true,true,false,"Thumbnail, Bottom ads, Paid sitelinks",30,44,,3,0,4,,https://www.ozcruising.com.au/,2026-04-24 05:59:28
cruises from sydney january 2024,AU,Australia,English,Sydney (Location),false,true,false,true,true,false,"Sitelinks, People also ask, Video preview",30,34,,3,0,4,,https://www.ozcruising.com.au/departing/sydney/cruises,2026-05-01 14:58:36
best cheap cruises,AU,Australia,English,,false,false,false,true,true,false,"People also ask, Discussions and forums",30,21,,3,0,4,,https://www.ozcruising.com.au/cruise-specials,2026-05-05 10:39:17
cheap cruise deals australia,AU,Australia,English,Australia (Location),false,true,false,true,true,false,People also ask,30,23,0.57,3,0,4,,https://www.ozcruising.com.au/cruise-specials,2026-04-13 23:08:29
cruise travel australia,AU,Australia,English,Australia (Location),false,true,false,true,true,false,"Top ads, Thumbnail",10,64,0.51,3,0,1,,https://www.ozcruising.com.au/,2026-04-22 11:21:28
hawaiian cruises from australia,AU,Australia,English,Australia (Location),false,false,false,true,true,false,"Thumbnail, People also ask",10,0,,3,0,1,,https://www.ozcruising.com.au/region/hawaii/departing-australia/cruises,2026-05-10 22:57:31
ruises,AU,Australia,English,,false,false,false,true,true,false,People also ask,30,67,0.44,3,0,5,,https://www.ozcruising.com.au/,2026-05-08 11:10:08
last minute cruise brisbane,AU,Australia,English,Brisbane (Location),false,true,false,true,true,true,"Top ads, Paid sitelinks",50,1,,3,2,6,,https://www.ozcruising.com.au/popular/last-minute/cruises,2026-05-03 12:39:44
10 day cruises from sydney,AU,Australia,English,Sydney (Location),false,true,false,true,true,false,"AI Overview, People also ask, Thumbnail",50,0,0.38,3,0,7,,https://www.ozcruising.com.au/departing/sydney/cruises,2026-04-16 09:15:00
cruise brisbane to melbourne,AU,Australia,English,,false,true,false,true,true,false,"AI Overview, Thumbnail, People also ask",80,8,0.25,3,0,9,,https://www.ozcruising.com.au/departing/brisbane/cruises,2026-04-22 23:44:32
eden cruise,AU,Australia,English,Eden (Location),false,true,false,true,false,false,People also ask,70,0,0.36,3,0,8,,https://www.ozcruising.com.au/cruise/pc26-x607,2026-05-08 10:41:05
4 day cruise from fremantle,AU,Australia,English,Fremantle (Location),false,true,false,true,true,false,"AI Overview, Thumbnail, People also ask, Bottom ads, Paid sitelinks",60,0,,3,0,9,,https://www.ozcruising.com.au/short-cruises,2026-04-15 16:55:29
cruise from perth to new zealand,AU,Australia,English,"Perth (Location), New Zealand (Location)",false,true,false,true,true,false,"AI Overview, People also ask",100,0,0.43,3,0,12,,https://www.ozcruising.com.au/popular/one-way/cruises,2026-04-18 13:59:52
brisbane to singapore cruise,AU,Australia,English,"Brisbane (Location), Singapore (Location)",false,true,false,true,true,false,"Thumbnail, People also ask",150,0,0.39,3,0,11,,https://www.ozcruising.com.au/cruise/pc28-a809b,2026-04-26 19:34:20
how much is a cruise around australia,AU,Australia,English,,false,false,false,true,true,false,People also ask,100,10,0.32,3,0,10,,https://www.ozcruising.com.au/departing/sydney/cruises,2026-05-07 10:30:48
what cruises leave from brisbane,AU,Australia,English,Brisbane (Location),false,true,false,true,false,false,"AI Overview, People also ask",40,1,,3,0,6,,https://www.ozcruising.com.au/departing/brisbane/cruises,2026-04-20 12:09:54
cruise sydney to new york,AU,Australia,English,,false,false,false,true,true,false,"AI Overview, People also ask",100,0,,3,0,11,,https://www.ozcruising.com.au/departing/sydney/cruises,2026-04-09 23:31:22
3 night cruise brisbane,AU,Australia,English,Brisbane (Location),false,true,false,true,true,false,"AI Overview, People also ask",20,1,,3,0,3,,https://www.ozcruising.com.au/short/departing-brisbane/cruises,2026-05-07 01:55:29
cruises from sydney to asia,AU,Australia,English,Sydney (Location),false,true,false,true,true,false,"AI Overview, Thumbnail",20,0,0.45,3,0,4,,https://www.ozcruising.com.au/region/asia/departing-australia/cruises,2026-05-09 10:42:56
cruises departing from fremantle,AU,Australia,English,Fremantle (Location),false,true,false,true,true,false,"Thumbnail, AI Overview",20,2,0.28,3,0,3,,https://www.ozcruising.com.au/departing/fremantle/cruises,2026-04-14 11:42:12
8 day cruise from sydney,AU,Australia,English,Sydney (Location),false,true,false,true,true,false,"AI Overview, Thumbnail",20,0,0.50,3,0,4,,https://www.ozcruising.com.au/departing/sydney/cruises,2026-05-03 02:48:53
fremantle to sydney cruise,AU,Australia,English,"Fremantle (Location), Sydney (Location)",false,true,false,true,true,false,"Top ads, Paid sitelinks, Thumbnail, AI Overview, People also ask, Bottom ads",20,0,,3,0,3,,https://www.ozcruising.com.au/departing/fremantle/cruises,2026-04-28 06:06:53
sale cruise,AU,Australia,English,,false,false,false,true,true,false,,20,11,1.26,3,0,2,,https://www.ozcruising.com.au/cruise-specials,2026-05-10 04:46:25
cruise from bne,AU,Australia,English,Brisbane (Location),false,true,false,true,true,false,AI Overview,30,1,,3,0,4,,https://www.ozcruising.com.au/departing/brisbane/cruises,2026-04-18 02:33:23
cruises to whitsundays from brisbane,AU,Australia,English,"Whitsundays (Location), Brisbane (Location)",false,true,false,true,true,false,"Top ads, Paid sitelinks, Thumbnail",30,2,0.46,3,0,4,,https://www.ozcruising.com.au/short/departing-brisbane/cruises,2026-04-09 12:40:54
cruise singapore to melbourne,AU,Australia,English,,false,false,false,true,true,false,People also ask,30,0,,3,1,4,,https://www.ozcruising.com.au/cruise/cl27-aq08mar27.3,2026-05-06 17:18:01
cruises from.australia,AU,Australia,English,Australia (Location),false,true,false,true,true,false,"AI Overview, People also ask",30,26,,3,0,5,,https://www.ozcruising.com.au/,2026-05-04 18:02:28
do you need passport for cruise,AU,Australia,English,,false,false,false,true,false,false,"AI Overview, Thumbnail, People also ask, Sitelinks",30,0,,3,0,5,,https://www.ozcruising.com.au/blog/cruises-you-can-take-without-a-passport,2026-05-04 21:22:52
cruising in australia,AU,Australia,English,Australia (Location),false,true,false,true,true,false,"Top ads, Paid sitelinks, Thumbnail, Discussions and forums, Bottom ads",30,37,0.46,3,0,4,,https://www.ozcruising.com.au/,2026-05-08 09:48:33
march cruises,AU,Australia,English,,false,false,false,true,true,false,Thumbnail,30,3,0.45,3,0,4,,https://www.ozcruising.com.au/departure/March-2027/cruises,2026-05-11 04:20:29
cruise from australia to new zealand,AU,Australia,English,"Australia (Location), New Zealand (Location)",false,false,false,true,true,false,"AI Overview, Thumbnail, People also ask, Bottom ads",150,4,0.40,3,0,12,,https://www.ozcruising.com.au/region/new-zealand/departing-sydney/cruises,2026-05-01 04:15:53
cruises 2025 from sydney,AU,Australia,English,Sydney (Location),false,true,false,true,true,false,,70,9,0.33,3,0,8,,https://www.ozcruising.com.au/departing/sydney/cruises,2026-04-12 17:53:10
cheap cruise sydney,AU,Australia,English,Sydney (Location),false,true,false,true,true,false,"AI Overview, Local pack",100,5,0.46,3,0,11,,https://www.ozcruising.com.au/departing/sydney/cruises,2026-04-20 08:15:23
cheapest cruises from brisbane,AU,Australia,English,Brisbane (Location),false,true,false,true,true,false,"People also ask, AI Overview",70,2,,3,0,10,,https://www.ozcruising.com.au/cruise-specials,2026-04-18 11:19:54
circumnavigate australia cruise,AU,Australia,English,Australia (Location),false,false,false,true,true,false,"People also ask, Video preview",150,0,0.67,3,0,11,,https://www.ozcruising.com.au/cruise/pc27-a710.1,2026-05-06 09:46:29
cruise from melbourne 2024,AU,Australia,English,Melbourne (Location),false,true,false,true,true,false,"People also ask, Sitelinks",150,3,0.42,3,0,10,,https://www.ozcruising.com.au/,2026-05-10 15:35:00
cruise departing from melbourne,AU,Australia,English,Melbourne (Location),false,true,false,true,true,false,"AI Overview, Thumbnail",20,0,0.63,3,0,3,,https://www.ozcruising.com.au/departing/melbourne/cruises,2026-04-20 11:18:47
perth cruises,AU,Australia,English,Perth (Location),false,true,false,true,true,false,"Knowledge panel, Video preview",500,0,0.17,3,0,17,,https://www.ozcruising.com.au/departing/fremantle/cruises,2026-05-04 13:57:36
three day cruises from brisbane,AU,Australia,English,Brisbane (Location),false,true,false,true,true,false,"Top ads, Paid sitelinks, Thumbnail, AI Overview, People also ask",50,0,,3,1,7,,https://www.ozcruising.com.au/short/departing-brisbane/cruises,2026-04-28 02:04:37
cruise 3 days from sydney,AU,Australia,English,Sydney (Location),false,true,false,true,true,false,AI Overview,50,2,,3,0,7,,https://www.ozcruising.com.au/short/departing-sydney/cruises,2026-05-09 14:44:45
cruises from australia to new zealand,AU,Australia,English,New Zealand (Location),false,false,false,true,true,false,"Top ads, Paid sitelinks, Thumbnail, AI Overview, People also ask, Bottom ads",100,1,0.45,3,0,8,,https://www.ozcruising.com.au/region/new-zealand/departing-sydney/cruises,2026-04-23 19:16:28
cruise 2025 from sydney,AU,Australia,English,Sydney (Location),false,true,false,true,true,false,,60,10,0.47,3,0,7,,https://www.ozcruising.com.au/departing/sydney/cruises,2026-05-02 00:11:56
melbourne cruise,AU,Australia,English,Melbourne (Location),false,true,false,true,true,false,"Local pack, Thumbnail, Video preview",350,2,0.29,3,0,16,,https://www.ozcruising.com.au/departing/melbourne/cruises,2026-04-24 22:04:12
cruises to airlie beach from brisbane,AU,Australia,English,"Airlie Beach (Location), Brisbane (Location)",false,true,false,true,true,false,"AI Overview, Thumbnail, People also ask",70,0,,3,0,9,,https://www.ozcruising.com.au/departing/brisbane/cruises,2026-04-18 06:32:35
cruise ships to new zealand,AU,Australia,English,New Zealand (Location),false,false,false,true,true,false,"AI Overview, Thumbnail, People also ask",30,2,0.45,3,0,5,,https://www.ozcruising.com.au/region/new-zealand/departing-sydney/cruises,2026-05-06 13:00:44
cruise tickets sydney,AU,Australia,English,Sydney (Location),false,true,false,true,true,true,"Top ads, Thumbnail",30,34,0.58,3,0,4,,https://www.ozcruising.com.au/departing/sydney/cruises,2026-04-23 00:27:18
cruise from sydney to sydney,AU,Australia,English,Sydney (Location),false,true,false,true,true,false,"Top ads, AI Overview, Thumbnail",30,4,0.46,3,0,1,AI Overview,https://www.ozcruising.com.au/departing/sydney/cruises,2026-04-24 09:44:11
cruise leaving brisbane today,AU,Australia,English,Brisbane (Location),false,true,false,true,false,false,People also ask,30,2,,3,0,4,,https://www.ozcruising.com.au/departing/brisbane/cruises,2026-05-04 19:49:20
cruise from brisbane to papua new guinea,AU,Australia,English,"Brisbane (Location), Papua New Guinea (Location)",false,true,false,true,true,false,"Top ads, Paid sitelinks, Thumbnail, AI Overview, Discussions and forums, People also ask, Video preview",30,0,0.30,3,0,5,,https://www.ozcruising.com.au/cruise/cl26-eq09jun26.1,2026-05-11 04:05:16
cruise holidays from melbourne,AU,Australia,English,Melbourne (Location),false,true,false,true,true,true,"Top ads, Paid sitelinks, Thumbnail, People also ask, Bottom ads",40,1,0.48,3,0,5,,https://www.ozcruising.com.au/departing/melbourne/cruises,2026-05-03 18:52:54
short cruises in australia,AU,Australia,English,Australia (Location),false,true,false,true,true,true,"AI Overview, Thumbnail, People also ask",40,2,0.39,3,0,1,AI Overview,https://www.ozcruising.com.au/short/cruises,2026-05-02 16:54:56
june cruises from brisbane,AU,Australia,English,Brisbane (Location),false,true,false,true,true,false,"People also ask, Bottom ads, Paid sitelinks",40,0,,3,0,5,,https://www.ozcruising.com.au/departing/brisbane/cruises,2026-05-05 22:24:56
april cruises from brisbane,AU,Australia,English,Brisbane (Location),false,true,false,true,true,false,"Top ads, Paid sitelinks, Thumbnail, AI Overview, People also ask, Bottom ads",40,0,,3,2,6,,https://www.ozcruising.com.au/departing/brisbane/cruises,2026-05-03 08:34:28
cruise within australia,AU,Australia,English,,false,true,false,true,true,false,"AI Overview, People also ask",50,33,0.46,3,0,7,,https://www.ozcruising.com.au/,2026-05-03 21:52:38
country music cruise australia,AU,Australia,English,Australia (Location),false,true,false,true,false,false,"AI Overview, Thumbnail, People also ask",50,0,0.44,3,0,7,,https://www.ozcruising.com.au/theme/country-music/cruises,2026-05-05 15:46:56
cruise ships out of brisbane,AU,Australia,English,Brisbane (Location),false,true,false,true,true,false,"AI Overview, Thumbnail, People also ask",50,2,0.46,3,0,7,,https://www.ozcruising.com.au/departing/brisbane/cruises,2026-04-23 00:02:03
cruise sale finder australia,AU,Australia,English,Australia (Location),false,true,false,true,true,false,"Thumbnail, People also ask",20,40,0.43,3,0,3,,https://www.ozcruising.com.au/sales,2026-04-24 05:03:54
cruises august,AU,Australia,English,,false,false,false,true,true,false,"Top ads, Paid sitelinks, Thumbnail, People also ask",20,9,0.46,3,0,3,,https://www.ozcruising.com.au/departure/august-2026/cruises,2026-04-22 16:17:27
papua new guinea cruise from brisbane,AU,Australia,English,"Papua New Guinea (Location), Brisbane (Location)",false,true,false,true,true,false,"AI Overview, People also ask, Discussions and forums, Video preview",70,0,,3,0,9,,https://www.ozcruising.com.au/cruise/cl26-eq09jun26.1,2026-04-24 05:10:53
pacific cruises 2024,AU,Australia,English,,false,false,false,true,true,false,"Thumbnail, Sitelinks, People also ask",100,0,0.60,3,0,10,,https://www.ozcruising.com.au/,2026-04-14 16:38:46
cruises to hawaii from brisbane,AU,Australia,English,"Hawaii (Location), Brisbane (Location)",false,true,false,true,true,false,"Thumbnail, People also ask",90,0,0.37,3,0,9,,https://www.ozcruising.com.au/region/hawaii/departing-australia/cruises,2026-04-14 17:41:49
october cruise,AU,Australia,English,,false,false,false,true,true,false,"Top ads, Paid sitelinks, Thumbnail, People also ask",40,4,,3,0,6,,https://www.ozcruising.com.au/departure/october-2026/cruises,2026-04-28 23:03:53
hawaiian cruises 2025,AU,Australia,English,,false,false,false,true,true,false,"Thumbnail, People also ask, Video preview, Discussions and forums",150,1,0.50,3,0,11,,https://www.ozcruising.com.au/region/hawaii/departing-australia/cruises,2026-05-09 21:47:15
cruise finder,AU,Australia,English,,false,false,false,true,true,true,"People also ask, Thumbnail",10,56,0.34,3,0,2,,https://www.ozcruising.com.au/,2026-05-08 02:54:57
3 or 4 day cruises from sydney,AU,Australia,English,Sydney (Location),false,true,false,true,true,false,"AI Overview, Thumbnail",70,1,0.40,3,0,9,,https://www.ozcruising.com.au/short/departing-sydney/cruises,2026-04-10 13:54:47
cruises from hawaii to australia,AU,Australia,English,"Hawaii (Location), Australia (Location)",false,true,false,true,true,false,"AI Overview, Thumbnail, People also ask",90,0,0.46,3,0,10,,https://www.ozcruising.com.au/region/hawaii/departing-australia/cruises,2026-04-28 10:27:54
australian cruise lines,AU,Australia,English,,false,false,false,true,true,false,"Top ads, AI Overview, Thumbnail, People also ask, Top stories, Discussions and forums, Bottom ads, Paid sitelinks",100,49,0.50,3,0,1,AI Overview,https://www.ozcruising.com.au/,2026-05-02 01:57:28
hawaiian cruise,AU,Australia,English,,false,false,false,true,true,false,"Thumbnail, People also ask",60,2,0.52,3,0,7,,https://www.ozcruising.com.au/region/hawaii/departing-australia/cruises,2026-04-21 18:30:02
cruise november,AU,Australia,English,,false,false,false,true,true,false,Thumbnail,40,10,0.45,3,0,6,,https://www.ozcruising.com.au/departure/November-2026/cruises,2026-05-03 09:34:47
1st cruises,AU,Australia,English,,false,false,false,true,true,false,"Sitelinks, People also ask",40,23,,3,0,6,,https://www.ozcruising.com.au/,2026-05-07 04:06:31
short cruises out of melbourne,AU,Australia,English,Melbourne (Location),false,true,false,true,true,false,"AI Overview, Thumbnail",20,0,,3,0,3,,https://www.ozcruising.com.au/short-cruises/departing-from-melbourne,2026-04-25 23:47:16
cruise leaving from melbourne,AU,Australia,English,Melbourne (Location),false,true,false,true,true,false,"AI Overview, Thumbnail",20,0,,3,0,2,,https://www.ozcruising.com.au/departing/melbourne/cruises,2026-04-29 03:56:47
melbourne new zealand cruise,AU,Australia,English,"Melbourne (Location), New Zealand (Location)",false,true,false,true,true,false,"Thumbnail, People also ask",20,0,,3,0,2,,https://www.ozcruising.com.au/region/new-zealand/departing-melbourne/cruises,2026-04-27 22:50:17
best cruise website australia,AU,Australia,English,Australia (Location),false,true,false,true,true,false,"AI Overview, Discussions and forums, People also ask",20,71,,3,0,3,,https://www.ozcruising.com.au/,2026-05-10 22:15:17
cruise sydney to auckland one way,AU,Australia,English,Sydney to Auckland (Event),false,true,false,true,true,false,AI Overview,20,0,,3,0,3,,https://www.ozcruising.com.au/popular/one-way/cruises,2026-05-08 03:07:08
cruises sales,AU,Australia,English,,false,false,false,true,true,false,AI Overview,20,35,,3,0,2,,https://www.ozcruising.com.au/cruise-specials,2026-04-26 02:15:53
cruise ship sales,AU,Australia,English,,false,false,false,true,true,true,Thumbnail,20,35,0.28,3,0,2,,https://www.ozcruising.com.au/cruise-specials,2026-04-24 05:09:52
3 day brisbane cruise,AU,Australia,English,Brisbane (Location),false,true,false,true,true,false,,40,0,,3,0,5,,https://www.ozcruising.com.au/short/departing-brisbane/cruises,2026-04-25 19:26:28
a cruise,AU,Australia,English,,false,false,false,true,true,false,"Top ads, People also ask, Thumbnail",30,52,0.54,3,0,4,,https://www.ozcruising.com.au/,2026-04-13 13:18:08
christmas cruise from brisbane,AU,Australia,English,Brisbane (Location),false,true,false,true,true,false,"Top ads, Paid sitelinks, AI Overview, Thumbnail, People also ask",150,0,0.33,3,5,12,,https://www.ozcruising.com.au/popular/christmas/cruises,2026-05-05 09:43:12
easter cruise from brisbane,AU,Australia,English,Brisbane (Location),false,true,false,true,true,false,Video preview,30,0,,3,0,5,,https://www.ozcruising.com.au/short/departing-brisbane/cruises,2026-04-29 10:13:54
christmas cruise from melbourne,AU,Australia,English,Melbourne (Location),false,true,false,true,true,false,"AI Overview, Thumbnail, People also ask",20,0,,3,0,4,,https://www.ozcruising.com.au/popular/christmas/cruises,2026-04-28 04:06:30
june cruise,AU,Australia,English,,false,false,false,true,true,false,"Thumbnail, People also ask, Discussions and forums",20,9,,3,0,3,,https://www.ozcruising.com.au/departure/june-2026/cruises,2026-05-02 02:21:32
3 day cruises out of brisbane,AU,Australia,English,Brisbane (Location),false,true,false,true,true,false,"AI Overview, People also ask",20,1,,3,0,3,,https://www.ozcruising.com.au/short/departing-brisbane/cruises,2026-04-19 10:48:28
nz cruise from melbourne,AU,Australia,English,Melbourne (Location),false,true,false,true,true,false,"Top ads, Paid sitelinks, Thumbnail, AI Overview, People also ask",20,0,,3,1,3,,https://www.ozcruising.com.au/region/new-zealand/departing-melbourne/cruises,2026-05-02 12:36:53
cruise price,AU,Australia,English,,false,false,false,true,true,false,"AI Overview, Thumbnail, People also ask",150,57,0.34,3,0,12,,https://www.ozcruising.com.au/cruise-specials,2026-04-10 05:13:32
cruise around australia 2023,AU,Australia,English,,false,false,false,true,true,false,"Thumbnail, People also ask",150,0,0.46,3,0,11,,https://www.ozcruising.com.au/departing/sydney/cruises,2026-04-24 12:48:06
cruise companies sydney,AU,Australia,English,Sydney (Location),false,true,false,true,true,false,"Top ads, AI Overview, Thumbnail, People also ask, Bottom ads, Paid sitelinks",30,44,0.64,3,0,6,,https://www.ozcruising.com.au/departing/sydney/cruises,2026-04-24 14:52:27
crucero australia,AU,Australia,Spanish,Australia (Location),false,false,false,true,true,false,Sitelinks,30,50,0.39,3,0,5,,https://www.ozcruising.com.au/,2026-04-18 02:58:02
cruises from sydney to sydney,AU,Australia,English,Sydney (Location),false,true,false,true,true,false,"Top ads, Paid sitelinks, Thumbnail",50,4,,3,0,7,,https://www.ozcruising.com.au/departing/sydney/cruises,2026-04-22 00:12:27
ship australia,AU,Australia,English,Australia (Location),false,true,false,true,true,false,"AI Overview, Thumbnail, People also ask",50,60,1.00,3,0,8,,https://www.ozcruising.com.au/,2026-04-26 16:11:33
pacific islands cruise from brisbane,AU,Australia,English,Brisbane (Location),false,true,false,true,true,false,"AI Overview, Thumbnail, People also ask, Video preview",10,0,,3,0,1,AI Overview,https://www.ozcruising.com.au/region/south-pacific/departing-brisbane/cruises,2026-04-10 16:12:10
short new year's eve cruises,AU,Australia,English,New Year's Eve (Event),false,false,false,true,true,false,"Thumbnail, Sitelinks, People also ask",10,3,,3,0,1,,https://www.ozcruising.com.au/popular/new-years-eve/cruises,2026-04-30 03:31:47
south pacific cruises 2023,AU,Australia,English,South Pacific (Location),false,false,false,true,true,false,"Sitelinks, People also ask",150,0,0.52,3,0,11,,https://www.ozcruising.com.au/region/south-pacific/departing-sydney/cruises,2026-04-20 00:04:02
cruises to papua new guinea from brisbane,AU,Australia,English,"Papua New Guinea (Location), Brisbane (Location)",false,true,false,true,true,false,"Thumbnail, AI Overview, People also ask, Video preview",70,0,,3,0,9,,https://www.ozcruising.com.au/cruise/cl26-eq09jun26.1,2026-04-25 04:16:38
cruises in 2025,AU,Australia,English,,false,false,false,true,true,false,"People also ask, Thumbnail",100,56,0.46,3,0,10,,https://www.ozcruising.com.au/,2026-04-28 16:54:02
sydney to hong kong cruise,AU,Australia,English,,false,true,false,true,true,false,"AI Overview, People also ask",30,0,,3,0,5,,https://www.ozcruising.com.au/cruise/ac26-on-03mar26-21,2026-04-22 07:13:02
cruceros sydney,AU,Australia,Spanish,Sydney (Location),false,true,false,true,true,false,"Thumbnail, Local pack, Sitelinks",30,33,,3,0,4,,https://www.ozcruising.com.au/departing/sydney/cruises,2026-04-13 07:08:32
cruise sydney to honolulu,AU,Australia,English,,false,false,false,true,true,false,"Top ads, Paid sitelinks, AI Overview, Thumbnail",30,0,0.48,3,0,1,AI Overview,https://www.ozcruising.com.au/region/hawaii/departing-australia/cruises,2026-04-21 00:05:53
4 day cruise from sydney 2023,AU,Australia,English,Sydney (Location),false,true,false,true,true,false,"Sitelinks, Video preview",30,2,0.36,3,0,4,,https://www.ozcruising.com.au/short/departing-sydney/cruises,2026-05-09 06:15:08
boat cruises from sydney,AU,Australia,English,Sydney (Location),false,true,false,true,true,false,"Top ads, Paid sitelinks, Thumbnail, Local pack, Discussions and forums",40,47,0.46,3,0,6,,https://www.ozcruising.com.au/departing/sydney/cruises,2026-05-03 05:14:02
cruise drink package,AU,Australia,English,,false,false,false,true,true,false,"Thumbnail, AI Overview, People also ask, Discussions and forums",80,0,0.32,3,0,10,,https://www.ozcruising.com.au/blog/best-australian-cruise-ship-drinks-packages,2026-04-20 10:45:26
cheap cruises from australia,AU,Australia,English,,false,false,false,true,true,false,"Top ads, Paid sitelinks, AI Overview, People also ask",50,31,0.38,3,0,4,,https://www.ozcruising.com.au/cruise-specials,2026-04-20 06:46:02
cruise singapore sydney,AU,Australia,English,"Singapore (Location), Sydney (Location)",false,true,false,true,true,false,"AI Overview, Thumbnail",50,0,0.30,2,0,8,,https://www.ozcruising.com.au/one-way-cruises/singapore-to-sydney,2026-04-19 17:12:19
cruise from sydeny,AU,Australia,English,Sydney (Location),false,true,false,true,true,false,"Thumbnail, People also ask, Bottom ads, Paid sitelinks",20,26,,2,0,2,,https://www.ozcruising.com.au/departing/sydney/cruises,2026-04-12 16:22:52
cruising to new zealand from sydney,AU,Australia,English,"New Zealand (Location), Sydney (Location)",false,true,false,true,true,false,"AI Overview, People also ask",20,1,,2,0,3,,https://www.ozcruising.com.au/region/new-zealand/departing-sydney/cruises,2026-04-14 07:13:27
cruise depart from melbourne,AU,Australia,English,Melbourne (Location),false,true,false,true,true,false,"Top ads, AI Overview, Thumbnail, Bottom ads, Paid sitelinks",20,1,,2,0,3,,https://www.ozcruising.com.au/departing/melbourne/cruises,2026-04-18 03:44:28
cruise from.adelaide,AU,Australia,English,Adelaide (Location),false,true,false,true,true,false,"Thumbnail, People also ask",20,2,,2,0,2,,https://www.ozcruising.com.au/departing/adelaide/cruises,2026-04-28 09:54:02
cheapest cruise,AU,Australia,English,,false,false,false,true,true,false,"AI Overview, People also ask, Video preview",100,22,1.44,2,0,11,,https://www.ozcruising.com.au/cheap-cruises-from-sydney,2026-05-11 11:51:25
captain of a ship,AU,Australia,English,,false,false,false,true,false,false,"AI Overview, Thumbnail, People also ask, Sitelinks",30,43,,2,0,6,,https://www.ozcruising.com.au/blog/a-day-in-the-life-of-the-captain-of-a-cruise-ship,2026-04-27 14:44:48
cruis ship,AU,Australia,English,,false,false,false,true,true,false,"AI Overview, Top ads, Paid sitelinks, Bottom ads",20,74,0.45,2,0,5,,https://www.ozcruising.com.au/,2026-04-29 20:47:25
3 day cruise,AU,Australia,English,,false,false,false,true,true,false,"Video preview, People also ask",600,2,0.32,2,0,18,,https://www.ozcruising.com.au/short-cruises/departing-from-sydney,2026-04-28 00:37:12
cruise departing fremantle,AU,Australia,English,Fremantle (Location),false,true,false,true,true,false,"Top ads, Paid sitelinks, Thumbnail, AI Overview",20,2,,2,0,3,,https://www.ozcruising.com.au/departing/fremantle/cruises,2026-04-25 02:30:28
cruise from sydney to vancouver,AU,Australia,English,"Sydney (Location), Vancouver (Location)",false,true,false,true,true,false,"AI Overview, People also ask",20,0,0.43,2,0,4,,https://www.ozcruising.com.au/cruise/pc26-x610a,2026-05-09 21:06:25
melbourne cup carnival cruise,AU,Australia,English,Melbourne Cup Carnival (Event),false,true,false,true,true,false,People also ask,20,0,,2,0,3,,https://www.ozcruising.com.au/popular/melbourne-cup/cruises,2026-04-09 20:39:02
cruise pack list,AU,Australia,English,,false,false,false,true,false,false,"AI Overview, Thumbnail, Top ads, Paid sitelinks, Sitelinks, People also ask, Discussions and forums, Bottom ads",10,3,,2,0,3,,https://www.ozcruising.com.au/blog/cruise-packing-list-pdf-and-excel-checklist,2026-04-27 11:22:55
cruise depart brisbane,AU,Australia,English,Brisbane (Location),false,true,false,true,true,false,"People also ask, Knowledge panel",40,0,0.52,2,0,6,,https://www.ozcruising.com.au/departing/brisbane/cruises,2026-05-08 06:30:18
cruise from adelaide to sydney,AU,Australia,English,"Adelaide (Location), Sydney (Location)",false,true,false,true,true,false,"People also ask, AI Overview, Video preview",40,0,0.26,2,0,7,,https://www.ozcruising.com.au/departing/adelaide/cruises,2026-05-07 06:01:43
cruises australia to new zealand,AU,Australia,English,,false,false,false,true,true,false,"Thumbnail, People also ask, Discussions and forums",60,1,0.45,2,0,8,,https://www.ozcruising.com.au/region/new-zealand/departing-sydney/cruises,2026-05-02 17:32:47
cruises from perth,AU,Australia,English,Perth (Location),false,true,false,true,true,false,"Thumbnail, People also ask, Bottom ads, Paid sitelinks",1500,1,0.11,2,0,20,,https://www.ozcruising.com.au/departing/fremantle/cruises,2026-05-07 23:49:43
cruises sale,AU,Australia,English,,false,false,false,true,true,false,Thumbnail,50,11,1.25,2,0,7,,https://www.ozcruising.com.au/cruise-specials,2026-04-16 16:11:14
sydney to asia cruise,AU,Australia,English,"Sydney (Location), Asia (Location)",false,true,false,true,true,false,"Top ads, Paid sitelinks, AI Overview, Thumbnail",30,0,,2,2,5,,https://www.ozcruising.com.au/region/asia/departing-australia/cruises,2026-05-01 00:49:27
cruise sydney to hong kong,AU,Australia,English,,false,false,false,true,true,false,AI Overview,30,0,,2,0,5,,https://www.ozcruising.com.au/cruise/ac26-on-03mar26-21,2026-04-21 15:42:55
november cruise,AU,Australia,English,,false,false,false,true,true,false,Thumbnail,30,4,0.45,2,0,5,,https://www.ozcruising.com.au/departure/november-2026/cruises,2026-05-09 14:45:22
cruise gratuities,AU,Australia,English,,false,false,false,true,false,false,"AI Overview, Thumbnail, Video preview, People also ask, Sitelinks",40,0,,2,0,8,,https://www.ozcruising.com.au/blog/do-you-need-to-tip-on-australian-cruise-ships,2026-05-04 14:20:47
last minute cruise deals sydney,AU,Australia,English,Sydney (Location),false,true,false,true,true,true,Bottom ads,60,2,0.34,2,0,8,,https://www.ozcruising.com.au/popular/last-minute/cruises,2026-04-23 06:59:25
cruises from brisbane to fiji,AU,Australia,English,"Brisbane (Location), Fiji (Location)",false,true,false,true,true,false,"Top ads, Paid sitelinks, AI Overview, Thumbnail",60,0,0.33,2,0,9,,https://www.ozcruising.com.au/region/south-pacific/departing-brisbane/cruises,2026-04-15 00:31:28
singapore to melbourne cruise,AU,Australia,English,,false,false,false,true,true,false,"AI Overview, Thumbnail, People also ask",30,0,,2,0,6,,https://www.ozcruising.com.au/cruise/cl27-aq08mar27.3,2026-04-19 20:39:28
cruise singapore to perth,AU,Australia,English,,false,false,false,true,true,false,"AI Overview, People also ask",30,0,0.39,2,0,6,,https://www.ozcruising.com.au/cruise/pc27-h726,2026-04-16 02:22:04
what cruise ships leave from fremantle,AU,Australia,English,Fremantle (Location),false,true,false,true,true,false,"Top ads, Paid sitelinks, AI Overview, Thumbnail, People also ask",30,2,,2,0,6,,https://www.ozcruising.com.au/departing/fremantle/cruises,2026-05-03 17:57:28
cheap cruisers,AU,Australia,English,,false,false,false,true,true,false,"AI Overview, Shopping, Thumbnail",40,21,1.44,2,0,7,,https://www.ozcruising.com.au/cruise-specials,2026-05-08 16:12:39
december cruises,AU,Australia,English,,false,false,false,true,true,false,"Top ads, Paid sitelinks, Thumbnail, People also ask, Discussions and forums",150,0,0.39,2,22,8,,https://www.ozcruising.com.au/departure/December-2027/cruises,2026-04-28 09:53:28
melbourne to sydney cruise $199,AU,Australia,English,Melbourne to Sydney (Location),false,true,false,true,true,true,"AI Overview, Thumbnail, Sitelinks, People also ask",60,0,0.35,2,0,9,,https://www.ozcruising.com.au/cruise-specials,2026-04-27 10:46:47
cruises from sydney to honolulu,AU,Australia,English,"Sydney (Location), Honolulu (Location)",false,true,false,true,true,false,"AI Overview, Thumbnail, Top ads, Bottom ads",20,0,,2,0,1,AI Overview,https://www.ozcruising.com.au/region/hawaii/departing-australia/cruises,2026-04-17 09:43:55
cruise deals melbourne,AU,Australia,English,Melbourne (Location),false,true,false,true,true,false,,50,3,0.45,2,0,7,,https://www.ozcruising.com.au/cruise-specials,2026-04-21 00:00:40
cheap cruise australia,AU,Australia,English,Australia (Location),false,true,false,true,true,false,"Thumbnail, Bottom ads, Paid sitelinks",50,27,0.95,2,1,7,,https://www.ozcruising.com.au/cruise-specials,2026-04-15 15:33:27
cruises to,AU,Australia,English,,false,false,false,true,true,false,Thumbnail,20,72,0.45,2,0,3,,https://www.ozcruising.com.au/,2026-05-03 01:30:33
cruise booking brisbane,AU,Australia,English,Brisbane (Location),false,true,false,true,true,true,"Top ads, Thumbnail, Local pack",20,19,,2,0,3,,https://www.ozcruising.com.au/departing/brisbane/cruises,2026-05-02 12:04:02
cruise to,AU,Australia,English,,false,false,false,true,true,false,,30,65,0.45,2,0,4,,https://www.ozcruising.com.au/,2026-04-22 11:23:31
cruceros australia,AU,Australia,Spanish,Australia (Location),false,true,false,true,true,false,"Top ads, Paid sitelinks, Sitelinks, Thumbnail",30,51,0.34,2,0,4,,https://www.ozcruising.com.au/,2026-05-05 13:17:55
sample cruise,AU,Australia,English,,false,false,false,true,true,false,,20,3,0.38,2,0,2,,https://www.ozcruising.com.au/short-cruises/departing-from-sydney,2026-04-25 19:19:02
international cruise from sydney,AU,Australia,English,Sydney (Location),false,true,false,true,true,false,"AI Overview, People also ask",20,4,0.47,2,0,2,,https://www.ozcruising.com.au/departing/sydney/cruises,2026-04-28 03:28:54
last minite cruise,AU,Australia,English,,false,false,false,true,true,true,"Top ads, Paid sitelinks, Thumbnail, Discussions and forums",20,6,,2,0,2,,https://www.ozcruising.com.au/popular/last-minute/cruises,2026-04-22 18:18:32
asian cruise from australia,AU,Australia,English,,false,false,false,true,true,false,"AI Overview, Thumbnail",20,0,,2,0,1,AI Overview,https://www.ozcruising.com.au/region/asia/departing-australia/cruises,2026-05-09 23:30:59
cruise new zealand from melbourne,AU,Australia,English,"New Zealand (Location), Melbourne (Location)",false,true,false,true,true,false,AI Overview,20,0,,2,0,2,,https://www.ozcruising.com.au/region/new-zealand/departing-melbourne/cruises,2026-04-16 14:48:47
sydney cruise 2023,AU,Australia,English,Sydney (Location),false,true,false,true,true,false,Thumbnail,80,32,0.46,2,0,9,,https://www.ozcruising.com.au/popular/princess-2023-world-cruise/cruises,2026-05-02 00:51:28
cruises from melbourne 2024,AU,Australia,English,Melbourne (Location),false,true,false,true,true,false,"Sitelinks, People also ask",50,3,0.43,2,0,7,,https://www.ozcruising.com.au/,2026-05-08 11:21:48
cruises to adelaide,AU,Australia,English,Adelaide (Location),false,true,false,true,true,false,"AI Overview, Bottom ads, Paid sitelinks",30,0,,2,0,6,,https://www.ozcruising.com.au/departing/adelaide/cruises,2026-04-18 23:43:29
cruise package deals,AU,Australia,English,,false,false,false,true,true,true,,50,31,0.53,2,0,7,,https://www.ozcruising.com.au/cruise-specials,2026-04-10 05:35:47
short cruises from singapore,AU,Australia,English,Singapore (Location),false,true,false,true,true,false,"AI Overview, Thumbnail, People also ask",50,1,,2,0,8,,https://www.ozcruising.com.au/region/asia/departing-singapore/cruises,2026-05-04 18:56:27
cruise ship holidays 2024,AU,Australia,English,,false,false,false,true,true,false,"Sitelinks, People also ask",50,33,,2,0,7,,https://www.ozcruising.com.au/,2026-04-30 11:33:02
september cruises,AU,Australia,English,,false,false,false,true,true,false,"Top ads, Paid sitelinks, AI Overview, Thumbnail, People also ask",90,0,0.46,2,0,11,,https://www.ozcruising.com.au/departure/September-2027/cruises,2026-04-17 02:36:27
australia boat cruise,AU,Australia,English,Australia (Location),false,false,false,true,true,false,"Local pack, Top stories, Thumbnail",10,40,,2,0,2,,https://www.ozcruising.com.au/,2026-05-11 02:13:07
cruise ship top speed,AU,Australia,English,,false,false,false,true,false,false,"AI Overview, Thumbnail, People also ask",10,0,,2,0,1,AI Overview,https://www.ozcruising.com.au/blog/how-fast-does-a-cruise-ship-travel,2026-04-18 23:56:54
australian cruise line,AU,Australia,English,,false,false,false,true,true,false,"People also ask, Top stories, Thumbnail",10,50,0.53,2,0,2,,https://www.ozcruising.com.au/,2026-04-10 05:23:52
4 night cruise from melbourne,AU,Australia,English,Melbourne (Location),false,true,false,true,true,false,"AI Overview, People also ask",40,0,,2,0,7,,https://www.ozcruising.com.au/short-cruises/departing-from-melbourne,2026-04-16 03:47:50
cruise from melb,AU,Australia,English,Melbourne (Location),false,true,false,true,true,false,"Top ads, Paid sitelinks, Thumbnail",40,0,,2,0,6,,https://www.ozcruising.com.au/departing/melbourne/cruises,2026-05-01 00:59:29
4 night cruise,AU,Australia,English,,false,false,false,true,true,false,,40,3,0.36,2,0,6,,https://www.ozcruising.com.au/short/cruises,2026-04-17 18:40:30
what cruise ships leave from brisbane,AU,Australia,English,Brisbane (Location),false,true,false,true,false,false,"AI Overview, Thumbnail, People also ask, Bottom ads, Paid sitelinks",50,1,,2,0,8,,https://www.ozcruising.com.au/departing/brisbane/cruises,2026-04-26 23:47:47
cruise ship,AU,Australia,English,,false,false,false,true,true,false,"Top stories, Thumbnail, Video preview",14000,61,0.27,2,0,24,,https://www.ozcruising.com.au/,2026-05-07 16:57:47
cheap short cruises from melbourne,AU,Australia,English,Melbourne (Location),false,true,false,true,true,false,"Thumbnail, People also ask",30,0,,2,0,5,,https://www.ozcruising.com.au/short/departing-melbourne/cruises,2026-05-04 17:13:53
cruise companies brisbane,AU,Australia,English,Brisbane (Location),false,true,false,true,true,false,"AI Overview, Thumbnail, People also ask, Discussions and forums",30,10,0.54,2,0,6,,https://www.ozcruising.com.au/departing/brisbane/cruises,2026-04-25 12:53:04
newzealand cruises,AU,Australia,English,New Zealand (Location),false,false,false,true,true,false,"Top ads, Paid sitelinks, AI Overview, People also ask, Video preview, Bottom ads",30,1,,2,0,6,,https://www.ozcruising.com.au/region/new-zealand/departing-sydney/cruises,2026-04-14 20:59:11
cruises in october from sydney,AU,Australia,English,Sydney (Location),false,true,false,true,true,false,"Top ads, Paid sitelinks, AI Overview, Thumbnail, People also ask",30,33,,2,0,6,,https://www.ozcruising.com.au/departing/sydney/cruises,2026-04-20 22:04:53
cruise nye,AU,Australia,English,,false,false,false,true,true,true,Knowledge panel,20,4,,2,0,3,,https://www.ozcruising.com.au/popular/new-years-eve/cruises,2026-04-11 22:10:29
captain ship,AU,Australia,English,,false,false,false,true,false,false,"AI Overview, Thumbnail, People also ask, Video preview",20,5,,2,0,5,,https://www.ozcruising.com.au/blog/a-day-in-the-life-of-the-captain-of-a-cruise-ship,2026-04-25 11:12:30
crucero sydney,AU,Australia,Spanish,Sydney (Location),false,true,false,true,true,false,"Top ads, Paid sitelinks, Thumbnail",20,39,,2,0,4,,https://www.ozcruising.com.au/departing/sydney/cruises,2026-04-11 12:50:03
do i need a passport to go on a cruise,AU,Australia,English,,false,false,false,true,false,false,"AI Overview, Video preview, Thumbnail, People also ask, Discussions and forums, Sitelinks",20,1,0.35,2,0,5,,https://www.ozcruising.com.au/blog/cruises-you-can-take-without-a-passport,2026-04-15 18:56:48
cruise ships out of sydney,AU,Australia,English,Sydney (Location),false,true,false,true,true,false,"AI Overview, Thumbnail, People also ask, Bottom ads, Paid sitelinks",20,31,,2,0,1,AI Overview,https://www.ozcruising.com.au/departing/sydney/cruises,2026-04-27 22:17:34
cheap deals cruise,AU,Australia,English,,false,false,false,true,true,false,"AI Overview, Thumbnail",40,46,,2,0,8,,https://www.ozcruising.com.au/cruise-specials,2026-04-23 13:43:26
cruise lines in australia,AU,Australia,English,Australia (Location),false,true,false,true,true,false,"AI Overview, Thumbnail, Video preview, People also ask",60,22,1.02,2,0,1,AI Overview,https://www.ozcruising.com.au/,2026-05-07 19:58:30
what cruise ships leave from adelaide,AU,Australia,English,Adelaide (Location),false,true,false,true,false,false,"AI Overview, Thumbnail, Video preview, People also ask",20,0,,2,0,4,,https://www.ozcruising.com.au/departing/adelaide/cruises,2026-04-23 10:01:30
christmas cruises from sydney 2024,AU,Australia,English,Sydney (Location),false,true,false,true,true,false,"Thumbnail, Sitelinks, People also ask, Bottom ads, Paid sitelinks",100,0,0.21,2,0,11,,https://www.ozcruising.com.au/popular/christmas/cruises,2026-04-23 05:28:53
three day cruise from brisbane,AU,Australia,English,Brisbane (Location),false,true,false,true,true,false,People also ask,40,1,,2,0,6,,https://www.ozcruising.com.au/short/departing-brisbane/cruises,2026-04-13 23:01:18
country cruise,AU,Australia,English,,false,false,false,true,true,false,People also ask,70,0,0.79,2,0,9,,https://www.ozcruising.com.au/theme/country-music/cruises,2026-05-01 20:51:42
cruise to new guinea from brisbane,AU,Australia,English,"Papua New Guinea (Location), Brisbane (Location)",false,true,false,true,true,false,"Thumbnail, Discussions and forums, People also ask, Video preview",50,0,,2,0,7,,https://www.ozcruising.com.au/cruise/cl26-eq09jun26.1,2026-05-06 00:08:55
all cruises,AU,Australia,English,,false,false,false,true,true,false,,50,67,0.61,2,0,7,,https://www.ozcruising.com.au/departing/sydney/cruises,2026-04-14 06:23:17
cruises sydney new zealand,AU,Australia,English,"Sydney (Location), New Zealand (Location)",false,true,false,true,true,false,"AI Overview, Thumbnail, Knowledge panel",20,1,,2,0,3,,https://www.ozcruising.com.au/region/new-zealand/departing-sydney/cruises,2026-05-11 09:11:39
melbourne to new zealand cruises,AU,Australia,English,"Melbourne (Location), New Zealand (Location)",false,true,false,true,true,false,"AI Overview, Thumbnail",20,0,,2,0,3,,https://www.ozcruising.com.au/region/new-zealand/departing-melbourne/cruises,2026-04-19 02:02:40
cruises new years,AU,Australia,English,New Year's Eve (Event),false,false,false,true,true,false,"Top ads, Paid sitelinks, Thumbnail, Bottom ads",20,0,,2,0,2,,https://www.ozcruising.com.au/popular/new-years-eve/cruises,2026-05-02 17:06:54
cruise in june,AU,Australia,English,,false,false,false,true,true,false,"AI Overview, Thumbnail",40,22,,2,0,8,,https://www.ozcruising.com.au/departure/june-2026/cruises,2026-04-11 20:22:17
cruises new zealand,AU,Australia,English,New Zealand (Location),false,false,false,true,true,false,People also ask,100,3,0.49,2,0,11,,https://www.ozcruising.com.au/region/new-zealand/departing-sydney/cruises,2026-05-09 20:33:40
cruises from brisbane january 2024,AU,Australia,English,Brisbane (Location),false,true,false,true,true,false,People also ask,10,3,0.46,2,0,1,,https://www.ozcruising.com.au/departing/brisbane/cruises,2026-04-25 15:35:33
cruises of australia,AU,Australia,English,Australia (Location),false,true,false,true,true,false,"AI Overview, People also ask",10,29,,2,0,1,,https://www.ozcruising.com.au/,2026-04-19 16:13:10
sydney new zealand cruises,AU,Australia,English,"Sydney (Location), New Zealand (Location)",false,true,false,true,true,false,Knowledge panel,10,1,1.12,2,0,1,,https://www.ozcruising.com.au/region/new-zealand/departing-sydney/cruises,2026-05-05 09:45:10
cruise from sydney deals,AU,Australia,English,,false,true,false,true,true,false,Top ads,30,6,,2,0,5,,https://www.ozcruising.com.au/departing/sydney/cruises,2026-05-02 10:56:57
cruises.from brisbane,AU,Australia,English,Brisbane (Location),false,true,false,true,true,false,Thumbnail,30,0,,2,0,5,,https://www.ozcruising.com.au/departing/brisbane/cruises,2026-04-16 15:48:24
cruise sydney 2024,AU,Australia,English,Sydney (Location),false,true,false,true,true,false,"People also ask, Local pack",90,9,,2,0,10,,https://www.ozcruising.com.au/cruise-specials,2026-04-21 13:23:27
internet on cruise ships,AU,Australia,English,,false,false,false,true,false,false,"AI Overview, People also ask, Discussions and forums",40,0,0.22,2,0,7,,https://www.ozcruising.com.au/blog/internet-at-sea-5-things-you-need-to-know,2026-05-09 11:05:55
cruises june,AU,Australia,English,,false,false,false,true,true,false,AI Overview,20,12,0.45,2,1,5,,https://www.ozcruising.com.au/departure/june-2026/cruises,2026-04-27 09:01:21
south pacific island cruises,AU,Australia,English,South Pacific (Location),false,false,false,true,true,false,Thumbnail,20,0,0.65,2,0,4,,https://www.ozcruising.com.au/region/south-pacific/departing-sydney/cruises,2026-04-10 21:27:52
cheapest cruise from brisbane,AU,Australia,English,Brisbane (Location),false,true,false,true,true,false,"AI Overview, Thumbnail",60,2,,2,0,9,,https://www.ozcruising.com.au/cruise-specials,2026-04-26 02:18:20
cruises from hawaii,AU,Australia,English,Hawaii (Location),false,true,false,true,true,false,"AI Overview, People also ask",80,0,0.49,2,0,10,,https://www.ozcruising.com.au/region/hawaii/departing-australia/cruises,2026-04-19 16:06:27
last minute cruise deals from melbourne,AU,Australia,English,Melbourne (Location),false,true,false,true,true,true,"AI Overview, Thumbnail",50,1,0.28,2,0,10,,https://www.ozcruising.com.au/popular/last-minute/cruises,2026-05-02 03:09:58
crusie ship,AU,Australia,English,,false,false,false,true,true,false,"Top stories, Thumbnail, People also ask",70,55,,2,0,9,,https://www.ozcruising.com.au/,2026-04-19 11:09:56
norfolk island cruise,AU,Australia,English,Norfolk Island (Location),false,true,false,true,true,false,People also ask,70,0,0.35,2,0,9,,https://www.ozcruising.com.au/cruise/pc27-1801,2026-05-07 09:53:42
1 week cruise from sydney,AU,Australia,English,Sydney (Location),false,true,false,true,true,false,,40,0,,2,0,7,,https://www.ozcruising.com.au/departing/sydney/cruises,2026-05-08 03:56:31
7 day cruises from melbourne,AU,Australia,English,Melbourne (Location),false,true,false,true,true,false,"AI Overview, Thumbnail, People also ask",40,0,0.36,2,0,8,,https://www.ozcruising.com.au/departing/melbourne/cruises,2026-04-15 05:37:53
adelaide to port lincoln cruise,AU,Australia,English,"Adelaide (Location), Port Lincoln (Location)",false,true,false,true,true,false,"AI Overview, People also ask",60,0,0.23,2,0,9,,https://www.ozcruising.com.au/cruise/cl28-aq27feb28,2026-05-11 02:40:08
cruises deal,AU,Australia,English,,false,false,false,true,true,false,"AI Overview, People also ask",20,43,,2,0,3,,https://www.ozcruising.com.au/cruise-specials,2026-04-16 23:59:29
deals on a cruise,AU,Australia,English,,false,false,false,true,true,false,"Top ads, People also ask, Thumbnail",20,36,,2,0,3,,https://www.ozcruising.com.au/cruise-specials,2026-04-20 12:10:56
sudney cruise,AU,Australia,English,Sydney (Location),false,true,false,true,true,false,"Thumbnail, Bottom ads, Paid sitelinks",20,39,,2,0,3,,https://www.ozcruising.com.au/departing/sydney/cruises,2026-04-14 18:23:56
last minute short cruises,AU,Australia,English,,false,false,false,true,true,true,AI Overview,20,3,,2,0,3,,https://www.ozcruising.com.au/popular/last-minute/cruises,2026-04-24 07:41:38
cruises from queensland,AU,Australia,English,Queensland (Location),false,true,false,true,true,false,,30,0,0.45,2,0,5,,https://www.ozcruising.com.au/departing/brisbane/cruises,2026-05-11 13:38:57
australia cheap cruise,AU,Australia,English,Australia (Location),false,true,false,true,true,false,AI Overview,30,31,0.45,2,0,6,,https://www.ozcruising.com.au/cruise-specials,2026-05-07 00:17:49
brisbane to sydney cruise 2 days,AU,Australia,English,,false,true,false,true,true,false,"People also ask, Video preview",30,0,0.40,2,3,5,,https://www.ozcruising.com.au/short/departing-brisbane/cruises,2026-04-13 08:10:21
cruise vacations,AU,Australia,English,,false,false,false,true,true,false,,70,68,0.42,2,0,9,,https://www.ozcruising.com.au/cruise-specials,2026-04-26 20:00:49
cruise to melbourne cup,AU,Australia,English,Melbourne Cup (Event),false,false,false,true,true,false,"Thumbnail, People also ask, Discussions and forums",50,0,,2,0,8,,https://www.ozcruising.com.au/popular/melbourne-cup/cruises,2026-04-25 15:17:28
new guinea cruises from brisbane,AU,Australia,English,"New Guinea (Location), Brisbane (Location)",false,true,false,true,true,false,"AI Overview, Thumbnail, Video preview, People also ask, Bottom ads, Paid sitelinks",50,0,,2,0,1,AI Overview,https://www.ozcruising.com.au/cruise/cl26-eq09jun26.1,2026-04-29 09:23:53
cruising around australia,AU,Australia,English,,false,false,false,true,true,false,"AI Overview, Thumbnail, People also ask, Video preview",80,12,,2,0,11,,https://www.ozcruising.com.au/,2026-04-14 18:26:38
brisbane cruise deals,AU,Australia,English,Brisbane (Location),false,true,false,true,true,false,"Top ads, Paid sitelinks, Thumbnail",80,5,0.46,2,0,10,,https://www.ozcruising.com.au/cruise-specials,2026-05-07 18:19:10
port melbourne cruise terminal,AU,Australia,English,Port Melbourne (Location),false,true,false,true,false,false,"Thumbnail, People also ask, Knowledge panel",20,2,,2,0,4,,https://www.ozcruising.com.au/blog/things-you-need-to-know-about-melbourne-cruise-ship-terminal,2026-05-06 13:56:20
cruise options,AU,Australia,English,,false,false,false,true,true,false,,20,64,0.46,2,0,4,,https://www.ozcruising.com.au/,2026-04-23 10:05:04
overseas cruise,AU,Australia,English,,false,false,false,true,true,false,"Top ads, Sitelinks",20,60,,2,0,4,,https://www.ozcruising.com.au/,2026-04-17 02:55:53
cruses from sydney,AU,Australia,English,Sydney (Location),false,true,false,true,true,false,"Top ads, People also ask, Thumbnail",20,8,,2,0,4,,https://www.ozcruising.com.au/departing/sydney/cruises,2026-04-25 23:16:53
cruise deals aus,AU,Australia,English,Australia (Location),false,true,false,true,true,false,,10,32,,2,0,2,,https://www.ozcruising.com.au/cruise-specials,2026-04-26 05:48:58
cruises from stdney,AU,Australia,English,Sydney (Location),false,true,false,true,true,false,People also ask,10,30,,2,0,2,,https://www.ozcruising.com.au/departing/sydney/cruises,2026-04-22 12:03:04
4-day cruise brisbane to airlie beach,AU,Australia,English,"Brisbane (Location), Airlie Beach (Location)",false,true,false,true,true,false,"AI Overview, Thumbnail, People also ask, Video preview",100,0,0.35,2,0,12,,https://www.ozcruising.com.au/short/departing-brisbane/cruises,2026-04-23 05:02:02
january 2025 cruises,AU,Australia,English,,false,false,false,true,true,true,People also ask,100,7,,2,0,11,,https://www.ozcruising.com.au/,2026-04-10 14:06:03
brisbane to papua new guinea cruise,AU,Australia,English,"Brisbane (Location), Papua New Guinea (Location)",false,true,false,true,true,false,"AI Overview, People also ask, Video preview",30,0,,2,0,7,,https://www.ozcruising.com.au/cruise/cl26-eq09jun26.1,2026-04-15 08:14:02
three day cruises from sydney,AU,Australia,English,Sydney (Location),false,true,false,true,true,true,AI Overview,80,2,,2,0,11,,https://www.ozcruising.com.au/short/departing-sydney/cruises,2026-05-05 22:14:54
ships captain,AU,Australia,English,,false,false,false,true,false,false,"AI Overview, Thumbnail, People also ask, Image pack, Video preview, Sitelinks",50,22,,2,0,9,,https://www.ozcruising.com.au/blog/a-day-in-the-life-of-the-captain-of-a-cruise-ship,2026-05-09 11:45:39
cruise around australia from sydney,AU,Australia,English,Sydney (Location),false,true,false,true,true,false,"AI Overview, Thumbnail, People also ask, Video preview",50,15,0.45,2,0,9,,https://www.ozcruising.com.au/departing/sydney/cruises,2026-04-20 06:01:15
cruises from hawaii to sydney,AU,Australia,English,"Hawaii (Location), Sydney (Location)",false,true,false,true,true,false,"AI Overview, Thumbnail, People also ask",60,0,0.47,2,0,10,,https://www.ozcruising.com.au/region/hawaii/departing-australia/cruises,2026-05-09 18:17:27
cruises to moreton island,AU,Australia,English,Moreton Island (Location),false,true,false,true,true,false,"Thumbnail, People also ask, Bottom ads, Paid sitelinks",70,10,,2,0,9,,https://www.ozcruising.com.au/cruise/cl26-sl07jan26,2026-04-15 08:21:53
small ship cruises from brisbane,AU,Australia,English,Brisbane (Location),false,true,false,true,true,false,"AI Overview, Thumbnail, Video preview, People also ask",30,1,,2,0,6,,https://www.ozcruising.com.au/short/departing-brisbane/cruises,2026-04-14 02:03:04
fremantle passenger terminal,AU,Australia,English,Fremantle Passenger Terminal (Location),false,true,false,true,false,false,"Thumbnail, People also ask, Knowledge panel",200,2,0.23,2,0,11,,https://www.ozcruising.com.au/blog/things-you-need-to-know-about-fremantle-passenger-terminal,2026-04-09 23:02:11
sydney to sydney cruises,AU,Australia,English,Sydney to Sydney (Event),false,true,false,true,true,false,"Thumbnail, AI Overview, Bottom ads",80,4,0.46,2,0,11,,https://www.ozcruising.com.au/departing/sydney/cruises,2026-04-19 07:55:55
cruises australia 2025,AU,Australia,English,Australia (Location),false,false,false,true,true,false,AI Overview,70,56,0.39,2,0,10,,https://www.ozcruising.com.au/,2026-05-03 16:04:22
sydney to eden cruise,AU,Australia,English,Sydney to Eden (Event),false,true,false,true,true,false,"Thumbnail, People also ask, Video preview",70,0,,2,0,9,,https://www.ozcruising.com.au/cruise/pc26-1646,2026-05-05 07:35:17
cruise from sydney to honolulu,AU,Australia,English,"Sydney (Location), Honolulu (Location)",false,true,false,true,true,false,"Top ads, Paid sitelinks, AI Overview, Thumbnail, People also ask",20,0,,2,0,1,AI Overview,https://www.ozcruising.com.au/region/hawaii/departing-australia/cruises,2026-04-19 02:23:53
cruise to south pacific,AU,Australia,English,South Pacific (Location),false,false,false,true,true,false,AI Overview,20,0,0.61,2,0,3,,https://www.ozcruising.com.au/region/south-pacific/departing-sydney/cruises,2026-04-12 06:43:55
sydney to tasmania cruise one way,AU,Australia,English,Sydney to Tasmania (Location),false,true,false,true,true,false,"AI Overview, Thumbnail, Sitelinks, People also ask",20,0,,2,0,1,AI Overview,https://www.ozcruising.com.au/popular/one-way/cruises,2026-05-09 08:56:24
4 days cruise from sydney,AU,Australia,English,Sydney (Location),false,true,false,true,true,false,"Top ads, Paid sitelinks, People also ask, Bottom ads",80,2,,2,0,10,,https://www.ozcruising.com.au/departing/sydney/cruises,2026-04-26 03:34:30
cruise in october,AU,Australia,English,,false,false,false,true,true,false,"AI Overview, Thumbnail, People also ask, Discussions and forums",30,0,,2,0,7,,https://www.ozcruising.com.au/departure/october-2026/cruises,2026-04-30 11:45:30
cruise from sydney to adelaide,AU,Australia,English,"Sydney (Location), Adelaide (Location)",false,true,false,true,true,false,"Thumbnail, AI Overview, People also ask",30,3,0.34,2,0,7,,https://www.ozcruising.com.au/cruise/pc28-a807b,2026-05-07 17:18:14
cruises that depart from melbourne,AU,Australia,English,Melbourne (Location),false,true,false,true,true,false,"AI Overview, Thumbnail",10,0,,2,0,1,AI Overview,https://www.ozcruising.com.au/departing/melbourne/cruises,2026-04-27 15:14:36
asia cruises from sydney,AU,Australia,English,Sydney (Location),false,true,false,true,true,false,AI Overview,20,0,,2,0,5,,https://www.ozcruising.com.au/region/asia/departing-australia/cruises,2026-04-28 19:59:53
cruises to newzealand,AU,Australia,English,New Zealand (Location),false,false,false,true,true,false,People also ask,20,1,,2,0,4,,https://www.ozcruising.com.au/region/new-zealand/departing-sydney/cruises,2026-04-09 19:42:02
cruise lines from australia,AU,Australia,English,,false,false,false,true,true,false,"Top ads, Paid sitelinks, People also ask, Thumbnail",20,47,1.02,2,0,4,,https://www.ozcruising.com.au/,2026-05-08 09:42:32
lastminute cruise,AU,Australia,English,,false,false,false,true,true,true,,40,9,0.44,2,1,7,,https://www.ozcruising.com.au/popular/last-minute/cruises,2026-04-13 04:08:29
cruise around australia from brisbane,AU,Australia,English,Brisbane (Location),false,true,false,true,true,false,"AI Overview, Thumbnail, People also ask",60,0,,2,0,10,,https://www.ozcruising.com.au/departing/brisbane/cruises,2026-05-03 07:19:18
christmas cruises melbourne,AU,Australia,English,Melbourne (Location),false,true,false,true,true,false,"Top ads, Paid sitelinks, Thumbnail, People also ask, Local pack",60,0,0.38,2,3,9,,https://www.ozcruising.com.au/popular/christmas/cruises,2026-04-23 15:46:28
cruise to asia,AU,Australia,English,Asia (Location),false,false,false,true,true,false,,80,1,,2,0,10,,https://www.ozcruising.com.au/region/asia/departing-australia/cruises,2026-05-03 13:34:08
sydney to brisbane cruise cost,AU,Australia,English,Sydney to Brisbane (Location),false,true,false,true,true,false,"AI Overview, People also ask",80,0,0.37,2,0,11,,https://www.ozcruising.com.au/departing/sydney/cruises,2026-05-01 03:34:19
cruise ships from brisbane,AU,Australia,English,Brisbane (Location),false,true,false,true,true,false,"Top ads, Paid sitelinks, Thumbnail, People also ask, AI Overview, Discussions and forums, Bottom ads",100,2,0.47,2,17,9,,https://www.ozcruising.com.au/departing/brisbane/cruises,2026-04-27 03:47:54
cruise brisbane to papua new guinea,AU,Australia,English,"Brisbane (Location), Papua New Guinea (Location)",false,true,false,true,true,false,"Top ads, Paid sitelinks, AI Overview, Thumbnail, People also ask, Video preview",50,0,0.30,2,0,10,,https://www.ozcruising.com.au/cruise/cl26-eq09jun26.1,2026-04-19 03:51:54
cruising to new zealand,AU,Australia,English,New Zealand (Location),false,false,false,true,true,false,"Top ads, Paid sitelinks, AI Overview, Thumbnail, People also ask, Bottom ads",30,1,1.27,2,0,6,,https://www.ozcruising.com.au/region/new-zealand/departing-sydney/cruises,2026-04-18 15:45:54
gratuities,AU,Australia,English,,false,false,false,true,false,false,"AI Overview, Video preview, Thumbnail, People also ask, Sitelinks",450,2,,2,0,10,,https://www.ozcruising.com.au/blog/do-you-need-to-tip-on-australian-cruise-ships,2026-04-26 01:42:00
cruise ships leaving sydney,AU,Australia,English,Sydney (Location),false,true,false,true,false,false,People also ask,80,19,0.29,2,0,10,,https://www.ozcruising.com.au/departing/sydney/cruises,2026-05-10 19:26:19
cruise black friday sale,AU,Australia,English,,false,false,false,true,true,true,"Thumbnail, Discussions and forums",10,0,,2,0,2,,https://www.ozcruising.com.au/sale/black-friday/cruises,2026-04-22 12:28:06
cruise to melbourne from sydney,AU,Australia,English,"Melbourne (Location), Sydney (Location)",false,true,false,true,true,false,"Top ads, AI Overview, People also ask, Discussions and forums",30,0,,2,1,7,,https://www.ozcruising.com.au/departing/sydney/cruises,2026-05-01 04:32:28
cheap cruise deals from brisbane,AU,Australia,English,Brisbane (Location),false,true,false,true,true,false,"Top ads, Paid sitelinks, People also ask, Thumbnail",30,8,0.48,2,0,6,,https://www.ozcruising.com.au/cruise-specials,2026-05-02 05:39:29
cruise holiday deals,AU,Australia,English,,false,false,false,true,true,false,"Thumbnail, Bottom ads, Paid sitelinks",80,50,0.59,2,0,10,,https://www.ozcruising.com.au/,2026-05-01 08:18:27
captain of ship,AU,Australia,English,,false,false,false,true,false,false,"AI Overview, Thumbnail, Video preview, People also ask, Sitelinks",20,31,,2,0,5,,https://www.ozcruising.com.au/blog/a-day-in-the-life-of-the-captain-of-a-cruise-ship,2026-05-02 20:00:02
2 days cruise,AU,Australia,English,,false,false,false,true,true,false,"Top ads, Paid sitelinks, Thumbnail",20,0,,2,0,4,,https://www.ozcruising.com.au/short-cruises/departing-from-sydney,2026-04-29 01:13:28
cruise leaving adelaide,AU,Australia,English,Adelaide (Location),false,true,false,true,true,false,"Top ads, Paid sitelinks, Thumbnail, People also ask, Bottom ads",10,1,,2,0,2,,https://www.ozcruising.com.au/departing/adelaide/cruises,2026-04-24 09:07:20
cruise sampler sydney,AU,Australia,English,Sydney (Location),false,true,false,true,true,false,"AI Overview, Thumbnail, Sitelinks",10,2,,2,0,3,,https://www.ozcruising.com.au/short-cruises/departing-from-sydney,2026-04-22 06:49:31
carnival melbourne cup cruise,AU,Australia,English,Melbourne Cup (Event),false,false,false,true,true,false,"People also ask, Discussions and forums",50,0,0.49,2,0,8,,https://www.ozcruising.com.au/popular/melbourne-cup/cruises,2026-04-30 18:10:09
japan cruises,AU,Australia,English,Japan (Location),false,false,false,true,true,false,"People also ask, Discussions and forums, Bottom ads, Paid sitelinks, Video preview, Thumbnail",600,3,0.45,2,0,17,,https://www.ozcruising.com.au/region/asia/departing-japan/cruises,2026-05-02 02:12:30
one way cruise to fiji,AU,Australia,English,Fiji (Location),false,false,false,true,true,false,People also ask,20,0,0.37,2,0,3,,https://www.ozcruising.com.au/popular/one-way/cruises,2026-04-23 09:42:30
do you need a passport to go to willis island,AU,Australia,English,Willis Island (Location),false,false,false,true,false,false,"AI Overview, Thumbnail, People also ask, Sitelinks",20,0,,2,0,4,,https://www.ozcruising.com.au/blog/cruises-you-can-take-without-a-passport,2026-04-29 15:42:21
cruises from aydney,AU,Australia,English,Sydney (Location),false,true,false,true,true,false,People also ask,20,32,,2,1,3,,https://www.ozcruising.com.au/departing/sydney/cruises,2026-04-24 22:05:41
one way cruise sydney to brisbane,AU,Australia,English,,false,true,false,true,true,false,"Top ads, Paid sitelinks, People also ask, Bottom ads",20,0,0.45,2,2,3,,https://www.ozcruising.com.au/popular/one-way/cruises,2026-04-24 16:26:54
san francisco cruise,AU,Australia,English,San Francisco (Location),false,true,false,true,true,false,Local pack,20,1,,2,0,4,,https://www.ozcruising.com.au/cruise/cl27-lm06apr27,2026-04-30 19:48:07
liner ship,AU,Australia,English,,false,false,false,true,false,false,"AI Overview, Thumbnail, Video preview, People also ask",20,3,,2,0,1,AI Overview,https://www.ozcruising.com.au/blog/what-is-the-difference-between-a-cruise-ship-and-an-ocean-liner,2026-04-21 00:51:27
2 night cruises,AU,Australia,English,,false,false,false,true,true,false,"AI Overview, People also ask",30,2,0.31,2,0,6,,https://www.ozcruising.com.au/short-cruises/departing-from-sydney,2026-04-29 04:59:03
find my cruise,AU,Australia,English,,false,false,false,true,false,false,"People also ask, Bottom ads, Paid sitelinks",30,63,0.61,2,0,5,,https://www.ozcruising.com.au/,2026-04-18 14:52:55
cruises from adelaide to port lincoln and kangaroo island,AU,Australia,English,"Adelaide (Location), Port Lincoln (Location), Kangaroo Island (Location)",false,true,false,true,true,false,"AI Overview, Thumbnail, Top ads, Paid sitelinks, Bottom ads",30,0,0.29,2,0,6,,https://www.ozcruising.com.au/cruise/cl28-aq27feb28,2026-05-01 13:06:53
boat cruising,AU,Australia,English,,false,false,false,true,true,false,"Local pack, People also ask",20,66,0.42,2,0,5,,https://www.ozcruising.com.au/,2026-05-01 20:50:02
3 day cruise out of brisbane,AU,Australia,English,Brisbane (Location),false,true,false,true,true,false,"AI Overview, People also ask",20,0,,2,0,5,,https://www.ozcruising.com.au/short/departing-brisbane/cruises,2026-04-30 02:23:27
sydney short cruise,AU,Australia,English,Sydney (Location),false,true,false,true,true,false,"Top ads, Thumbnail",20,2,,2,0,4,,https://www.ozcruising.com.au/short/departing-sydney/cruises,2026-05-02 10:12:02
cruise to nowhere,AU,Australia,English,,false,false,false,true,false,false,"AI Overview, Thumbnail, People also ask",60,3,0.34,2,0,10,,https://www.ozcruising.com.au/short/departing-brisbane/cruises,2026-04-27 11:27:48
cheap cruise packages,AU,Australia,English,,false,false,false,true,true,false,AI Overview,40,33,0.43,2,0,8,,https://www.ozcruising.com.au/cruise-specials,2026-04-14 10:10:13
australia cruises from brisbane,AU,Australia,English,Brisbane (Location),false,true,false,true,true,false,"AI Overview, People also ask",30,0,,2,0,7,,https://www.ozcruising.com.au/departing/brisbane/cruises,2026-04-25 16:53:48
sydney to hawaii cruise 2024,AU,Australia,English,,false,true,false,true,true,false,"Sitelinks, People also ask, Thumbnail, Discussions and forums, Bottom ads, Paid sitelinks",20,0,0.46,2,0,4,,https://www.ozcruising.com.au/region/hawaii/departing-australia/cruises,2026-05-08 09:39:56
xmas cruises,AU,Australia,English,,false,false,false,true,true,false,"Top ads, Paid sitelinks, Thumbnail, People also ask, Discussions and forums",150,0,0.43,2,17,10,,https://www.ozcruising.com.au/popular/christmas/cruises,2026-04-30 16:27:03
cruise from shanghai,AU,Australia,English,Shanghai (Location),false,true,false,true,true,false,People also ask,40,0,0.36,2,0,7,,https://www.ozcruising.com.au/region/asia/departing-china/cruises,2026-04-10 14:39:27
last minute australian cruises,AU,Australia,English,,false,false,false,true,true,true,"Bottom ads, Paid sitelinks",40,2,,2,0,7,,https://www.ozcruising.com.au/popular/last-minute/cruises,2026-04-28 03:20:28
cruise boat,AU,Australia,English,,false,false,false,true,true,false,"Local pack, People also ask, Sitelinks",100,72,0.24,2,0,5,,https://www.ozcruising.com.au/,2026-05-01 07:14:53
cruises from western australia,AU,Australia,English,Western Australia (Location),false,true,false,true,true,false,"Top ads, Paid sitelinks, Thumbnail, People also ask",90,1,,2,6,11,,https://www.ozcruising.com.au/departing/western-australia/cruises,2026-05-05 18:11:10
cruise port sydney,AU,Australia,English,Sydney (Location),false,true,false,true,false,false,"Local pack, People also ask",50,7,,2,0,9,,https://www.ozcruising.com.au/blog/things-you-need-to-know-about-sydneys-cruise-ship-terminals,2026-05-10 06:33:55
cruise cheap deals,AU,Australia,English,,false,false,false,true,true,false,"Top ads, Paid sitelinks, AI Overview",20,35,,2,1,6,,https://www.ozcruising.com.au/cruise-specials,2026-04-29 07:54:28
adelaide to fremantle cruise,AU,Australia,English,Adelaide to Fremantle (Event),false,true,false,true,true,false,"Top ads, Paid sitelinks, Thumbnail, People also ask",20,0,0.23,2,0,5,,https://www.ozcruising.com.au/cruise/pc8005e,2026-05-03 00:04:53
cruise from syd,AU,Australia,English,Sydney (Location),false,true,false,true,true,false,"Top ads, Paid sitelinks, Thumbnail",20,26,,2,0,5,,https://www.ozcruising.com.au/departing/sydney/cruises,2026-04-15 05:20:03
cruises from sydney to adelaide,AU,Australia,English,"Sydney (Location), Adelaide (Location)",false,true,false,true,true,false,"AI Overview, People also ask",20,0,,2,0,6,,https://www.ozcruising.com.au/departing/sydney/cruises,2026-04-10 02:47:13
cheap boat cruises,AU,Australia,English,,false,false,false,true,true,false,"Top ads, Paid sitelinks, Local pack, Bottom ads",20,35,0.43,2,0,5,,https://www.ozcruising.com.au/cruise-specials,2026-04-18 04:40:45
cruisers from brisbane,AU,Australia,English,Brisbane (Location),false,true,false,true,true,false,,20,1,,2,0,5,,https://www.ozcruising.com.au/departing/brisbane/cruises,2026-04-24 04:01:02
world cruises from brisbane,AU,Australia,English,Brisbane (Location),false,true,false,true,true,false,"Top ads, Paid sitelinks, AI Overview, Thumbnail, People also ask",30,0,0.34,2,0,7,,https://www.ozcruising.com.au/theme/world/cruises,2026-04-26 19:53:55
3 day cruises from sydney 2024,AU,Australia,English,Sydney (Location),false,true,false,true,true,true,"Thumbnail, Sitelinks",30,2,0.31,2,0,6,,https://www.ozcruising.com.au/short/departing-sydney/cruises,2026-05-07 19:43:32
cruises in april,AU,Australia,English,,false,false,false,true,true,false,"Thumbnail, Bottom ads, Paid sitelinks",70,10,0.45,2,0,10,,https://www.ozcruising.com.au/departure/april-2027/cruises,2026-05-07 17:56:34
cruise ship departing sydney today,AU,Australia,English,Sydney (Location),false,true,false,true,false,false,People also ask,70,31,,2,0,10,,https://www.ozcruising.com.au/departing/sydney/cruises,2026-05-03 13:30:32
cruise auckland to sydney,AU,Australia,English,,false,true,false,true,true,false,"AI Overview, People also ask, Video preview",90,0,0.49,2,0,12,,https://www.ozcruising.com.au/popular/one-way/cruises,2026-05-09 03:45:35
cruises from brisbane to sydney,AU,Australia,English,"Brisbane (Location), Sydney (Location)",false,true,false,true,true,false,"AI Overview, Thumbnail, People also ask",60,0,0.32,2,0,1,AI Overview,https://www.ozcruising.com.au/short/departing-brisbane/cruises,2026-05-02 18:22:32
cruise depart sydney,AU,Australia,English,Sydney (Location),false,true,false,true,true,false,,20,11,,2,0,4,,https://www.ozcruising.com.au/departing/sydney/cruises,2026-05-06 03:24:42
cruises from freo,AU,Australia,English,Freo (Location),false,true,false,true,true,false,"Top ads, AI Overview, Thumbnail, Bottom ads, Paid sitelinks",20,2,,2,1,5,,https://www.ozcruising.com.au/departing/fremantle/cruises,2026-04-28 13:21:02
cruise destinations from australia,AU,Australia,English,,false,false,false,true,false,false,"AI Overview, People also ask",20,46,,2,0,5,,https://www.ozcruising.com.au/,2026-05-09 17:14:47
cruise ship from australia,AU,Australia,English,,false,false,false,true,true,false,"AI Overview, Top stories, Thumbnail",20,23,,2,0,5,,https://www.ozcruising.com.au/,2026-05-11 02:42:54
ship cruises from adelaide,AU,Australia,English,Adelaide (Location),false,true,false,true,true,false,"AI Overview, People also ask",20,1,,2,0,4,,https://www.ozcruising.com.au/departing/adelaide/cruises,2026-04-18 08:08:14
cruise sydney to japan,AU,Australia,English,,false,true,false,true,true,false,"AI Overview, People also ask, Discussions and forums",70,0,,2,0,11,,https://www.ozcruising.com.au/cruise/ha26-v610l.1,2026-05-07 00:01:21
cruise to png from brisbane,AU,Australia,English,"Papua New Guinea (Location), Brisbane (Location)",false,true,false,true,true,false,"Top ads, Paid sitelinks, AI Overview, Thumbnail, People also ask, Video preview, Bottom ads",50,0,,2,1,9,,https://www.ozcruising.com.au/cruise/cl26-eq09jun26.1,2026-05-05 08:18:53
melbourne cruise ship,AU,Australia,English,Melbourne (Location),false,true,false,true,true,false,"Local pack, Discussions and forums",50,3,0.37,2,0,9,,https://www.ozcruising.com.au/departing/melbourne/cruises,2026-05-07 03:06:27
cruise from brisbane to melbourne,AU,Australia,English,"Brisbane (Location), Melbourne (Location)",false,true,false,true,true,false,"AI Overview, People also ask",50,8,0.25,2,0,9,,https://www.ozcruising.com.au/departing/brisbane/cruises,2026-05-10 02:37:55
tokyo to sydney cruise,AU,Australia,English,,false,false,false,true,true,false,"AI Overview, People also ask",20,0,0.60,2,0,3,,https://www.ozcruising.com.au/cruise/pc28-a815a,2026-05-08 02:04:43
taster cruise,AU,Australia,English,,false,false,false,true,true,false,People also ask,20,2,0.32,2,0,3,,https://www.ozcruising.com.au/short/cruises,2026-04-16 10:02:18
cruise check list,AU,Australia,English,,false,false,false,true,false,false,"AI Overview, Thumbnail, People also ask, Sitelinks",10,3,,2,0,1,AI Overview,https://www.ozcruising.com.au/blog/cruise-packing-list-pdf-and-excel-checklist,2026-05-10 16:21:35
special cruise deals,AU,Australia,English,,false,false,false,true,true,false,AI Overview,10,22,0.45,2,0,2,,https://www.ozcruising.com.au/cruise-specials,2026-05-11 13:36:54
cruise finer,AU,Australia,English,,false,false,false,true,true,false,"Top ads, Paid sitelinks",10,55,,2,0,2,,https://www.ozcruising.com.au/,2026-04-29 16:14:54
cruise deals au,AU,Australia,English,Australia (Location),false,true,false,true,true,false,"Top ads, Paid sitelinks, Thumbnail, AI Overview, Bottom ads",10,47,,2,0,2,,https://www.ozcruising.com.au/cruise-specials,2026-04-29 12:58:54
cruse finder,AU,Australia,English,,false,false,false,true,true,false,"Top ads, Paid sitelinks",10,54,,2,0,2,,https://www.ozcruising.com.au/,2026-04-20 21:02:02
sydney weekend cruises,AU,Australia,English,Sydney (Location),false,true,false,true,true,false,"Top ads, Paid sitelinks, AI Overview, Thumbnail",10,2,0.38,2,0,1,AI Overview,https://www.ozcruising.com.au/weekend/departing-sydney/cruises,2026-04-27 14:15:29
cheap 3 day cruises from sydney,AU,Australia,English,Sydney (Location),false,true,false,true,true,false,,30,2,0.37,2,0,6,,https://www.ozcruising.com.au/cheap-cruises-from-sydney,2026-05-09 20:41:36
cruise out of melbourne,AU,Australia,English,Melbourne (Location),false,true,false,true,true,false,"Top ads, Paid sitelinks, AI Overview, Thumbnail, People also ask",40,0,0.32,2,1,8,,https://www.ozcruising.com.au/departing/melbourne/cruises,2026-04-28 22:55:02
last minute cruises melbourne,AU,Australia,English,Melbourne (Location),false,true,false,true,true,true,AI Overview,50,2,0.22,2,0,9,,https://www.ozcruising.com.au/popular/last-minute/cruises,2026-05-03 14:36:40
winter cruises australia,AU,Australia,English,Australia (Location),false,true,false,true,true,false,"AI Overview, Thumbnail, People also ask, Discussions and forums",50,1,,2,0,1,AI Overview,https://www.ozcruising.com.au/blog/best-winter-cruises-from-sydney,2026-05-06 21:18:43
cruise ship leaving brisbane today,AU,Australia,English,Brisbane (Location),false,true,false,true,false,false,"AI Overview, People also ask",20,2,,2,0,6,,https://www.ozcruising.com.au/departing/brisbane/cruises,2026-05-09 13:22:00
3 days cruise,AU,Australia,English,,false,false,false,true,true,false,"Top ads, Thumbnail",60,1,0.41,2,0,9,,https://www.ozcruising.com.au/short/departing-sydney/cruises,2026-05-10 03:31:47
cruise deal from sydney,AU,Australia,English,Sydney (Location),false,true,false,true,true,true,Thumbnail,40,9,,2,0,8,,https://www.ozcruising.com.au/departing/sydney/cruises,2026-04-23 16:56:27
discount cruises from brisbane,AU,Australia,English,Brisbane (Location),false,true,false,true,true,true,,40,2,,2,1,8,,https://www.ozcruising.com.au/cruise-specials,2026-05-03 09:02:28
vruise,AU,Australia,English,,false,false,false,true,true,false,"Top stories, Thumbnail",20,70,0.41,2,0,4,,https://www.ozcruising.com.au/,2026-05-10 04:57:40
cruise black friday,AU,Australia,English,Black Friday (Event),false,false,false,true,true,true,Discussions and forums,20,1,,2,0,4,,https://www.ozcruising.com.au/sale/black-friday/cruises,2026-04-11 04:35:28
cruise from sydney to asia,AU,Australia,English,"Sydney (Location), Asia (Location)",false,true,false,true,true,false,"AI Overview, Thumbnail",20,0,0.45,2,0,1,AI Overview,https://www.ozcruising.com.au/region/asia/departing-australia/cruises,2026-04-21 23:37:25
3 day cruise fremantle,AU,Australia,English,Fremantle (Location),false,true,false,true,true,false,AI Overview,20,1,0.22,2,0,5,,https://www.ozcruising.com.au/short-cruises,2026-05-06 21:14:19
cruise from sydney to hong kong,AU,Australia,English,"Sydney (Location), Hong Kong (Location)",false,true,false,true,true,false,"AI Overview, Thumbnail",20,0,0.63,2,0,5,,https://www.ozcruising.com.au/cruise/ac26-on-03mar26-21,2026-04-21 18:13:14
melbourne short cruises,AU,Australia,English,Melbourne (Location),false,true,false,true,true,false,AI Overview,20,0,,2,0,4,,https://www.ozcruising.com.au/short-cruises/departing-from-melbourne,2026-04-28 05:49:04
short sydney cruises,AU,Australia,English,,false,true,false,true,true,true,"Thumbnail, AI Overview",20,2,,2,0,4,,https://www.ozcruising.com.au/short/departing-sydney/cruises,2026-05-05 15:46:00
cruise from queensland,AU,Australia,English,Queensland (Location),false,true,false,true,true,false,AI Overview,20,0,,2,0,4,,https://www.ozcruising.com.au/departing/brisbane/cruises,2026-04-21 13:03:03
4 day cruises from melbourne,AU,Australia,English,Melbourne (Location),false,true,false,true,true,false,"AI Overview, Thumbnail, People also ask",40,0,,2,1,8,,https://www.ozcruising.com.au/short-cruises/departing-from-melbourne,2026-04-18 13:01:28
7 night cruises from sydney,AU,Australia,English,Sydney (Location),false,true,false,true,true,false,"Top ads, Paid sitelinks, Bottom ads",40,4,0.43,2,0,7,,https://www.ozcruising.com.au/departing/sydney/cruises,2026-04-14 18:58:04
cruises sydney to sydney,AU,Australia,English,Sydney to Sydney cruise (Event),false,true,false,true,true,false,AI Overview,30,4,,2,0,7,,https://www.ozcruising.com.au/departing/sydney/cruises,2026-05-09 20:36:00
cruise ship deals brisbane,AU,Australia,English,Brisbane (Location),false,true,false,true,true,false,"Top ads, Paid sitelinks",30,2,1.02,2,0,6,,https://www.ozcruising.com.au/cruise-specials,2026-04-18 06:49:06
cruise brisbane to brisbane,AU,Australia,English,,false,true,false,true,true,false,"Top ads, Paid sitelinks, Thumbnail, AI Overview, Bottom ads",30,0,0.46,2,0,7,,https://www.ozcruising.com.au/departing/brisbane/cruises,2026-05-03 03:33:28
cruise brisbane to sydney return,AU,Australia,English,,false,true,false,true,true,false,"AI Overview, Thumbnail, Sitelinks, People also ask, Bottom ads",30,8,0.40,2,0,1,AI Overview,https://www.ozcruising.com.au/short/departing-brisbane/cruises,2026-04-11 05:22:52
australian cruises 2024,AU,Australia,English,,false,false,false,true,true,false,"Thumbnail, Sitelinks",30,19,0.33,2,0,6,,https://www.ozcruising.com.au/,2026-05-05 17:12:30
new zealand to sydney cruise,AU,Australia,English,"New Zealand (Location), Sydney (Location)",false,true,false,true,true,false,"AI Overview, Thumbnail, People also ask, Video preview",90,0,,2,0,12,,https://www.ozcruising.com.au/region/new-zealand/departing-sydney/cruises,2026-05-01 15:48:52
perth to new zealand cruise,AU,Australia,English,"Perth (Location), New Zealand (Location)",false,true,false,true,true,false,"AI Overview, People also ask",50,0,0.43,2,0,10,,https://www.ozcruising.com.au/popular/one-way/cruises,2026-04-16 11:02:40
australian crusies,AU,Australia,English,,false,false,false,true,true,false,"Top ads, Paid sitelinks, People also ask, Thumbnail, Bottom ads",20,60,0.41,2,1,5,,https://www.ozcruising.com.au/,2026-04-19 17:01:10
cruises around brisbane,AU,Australia,English,Brisbane (Location),false,true,false,true,true,false,"Local teaser, People also ask",20,0,0.33,2,0,6,,https://www.ozcruising.com.au/departing/brisbane/cruises,2026-04-09 22:48:27
cruises departing auckland,AU,Australia,English,Auckland (Location),false,true,false,true,true,false,"Top ads, Paid sitelinks, Thumbnail",20,0,0.61,2,0,5,,https://www.ozcruising.com.au/departing/auckland/cruises,2026-05-09 00:28:35
athens to barcelona cruise,AU,Australia,English,,false,false,false,true,true,false,"Top ads, Paid sitelinks, AI Overview, Thumbnail, People also ask",20,0,,2,0,6,,https://www.ozcruising.com.au/cruise/cc26-xc15aug26,2026-05-02 13:25:03
cruise port melbourne,AU,Australia,English,Melbourne (Location),false,true,false,true,false,false,"AI Overview, People also ask, Knowledge panel",20,1,,2,0,6,,https://www.ozcruising.com.au/blog/things-you-need-to-know-about-melbourne-cruise-ship-terminal,2026-05-04 06:59:03
cruise desls,AU,Australia,English,,false,false,false,true,true,false,,10,36,,2,0,3,,https://www.ozcruising.com.au/cruise-specials,2026-04-23 20:44:34
cruise from brisbane today,AU,Australia,English,Brisbane (Location),false,true,false,true,false,false,"AI Overview, People also ask, Thumbnail, Bottom ads",10,2,0.23,2,0,4,,https://www.ozcruising.com.au/departing/brisbane/cruises,2026-05-10 04:29:59
cruising around,AU,Australia,English,,false,false,false,true,true,false,People also ask,10,64,0.45,2,0,3,,https://www.ozcruising.com.au/,2026-04-21 15:45:27
melbourne to fremantle cruise,AU,Australia,English,Melbourne to Fremantle (Event),false,true,false,true,true,false,,10,0,,2,0,3,,https://www.ozcruising.com.au/cruise/pc5010a,2026-04-27 06:03:04
australian short cruises,AU,Australia,English,,false,false,false,true,true,false,"Top ads, Paid sitelinks, People also ask, Thumbnail",10,3,0.43,2,0,3,,https://www.ozcruising.com.au/short/cruises,2026-04-26 07:57:28
cruises departing brisbane today,AU,Australia,English,Brisbane (Location),false,true,false,true,false,false,"AI Overview, People also ask, Thumbnail",10,3,0.23,2,0,4,,https://www.ozcruising.com.au/departing/brisbane/cruises,2026-04-18 01:33:58
cruises hawaii to sydney,AU,Australia,English,,false,false,false,true,true,false,"AI Overview, People also ask, Video preview",30,0,,2,0,8,,https://www.ozcruising.com.au/region/hawaii/departing-australia/cruises,2026-05-09 16:29:52
cruises november,AU,Australia,English,,false,false,false,true,true,false,"Top ads, Paid sitelinks, AI Overview, Bottom ads",30,18,0.45,2,0,8,,https://www.ozcruising.com.au/departure/November-2026/cruises,2026-05-01 09:13:53
short cruise melbourne,AU,Australia,English,Melbourne (Location),false,true,false,true,true,false,Thumbnail,20,0,,2,0,5,,https://www.ozcruising.com.au/short-cruises/departing-from-melbourne,2026-04-25 20:44:02
cruise brisbane to new guinea,AU,Australia,English,"Brisbane (Location), New Guinea (Location)",false,true,false,true,true,false,"AI Overview, Thumbnail, Video preview",30,1,,2,0,7,,https://www.ozcruising.com.au/cruise/cl26-eq09jun26.1,2026-04-24 01:11:53
last minute cruise deals from australia,AU,Australia,English,Australia (Location),false,false,false,true,true,true,"Thumbnail, Bottom ads, Paid sitelinks",40,3,,2,0,8,,https://www.ozcruising.com.au/popular/last-minute/cruises,2026-04-22 08:22:47
4 day whitsunday cruises from brisbane,AU,Australia,English,"Whitsunday Islands (Location), Brisbane (Location)",false,true,false,true,true,true,,40,0,,2,0,8,,https://www.ozcruising.com.au/short/departing-brisbane/cruises,2026-05-01 01:55:18
cruises ex adelaide,AU,Australia,English,Adelaide (Location),false,true,false,true,true,false,,10,2,0.33,2,0,2,,https://www.ozcruising.com.au/departing/adelaide/cruises,2026-05-01 05:57:33
cruise delas,AU,Australia,English,,false,false,false,true,true,false,"Top ads, Paid sitelinks, Thumbnail, Discussions and forums",10,25,,2,0,2,,https://www.ozcruising.com.au/cruise-specials,2026-04-13 12:02:38
singapore to fremantle cruise,AU,Australia,English,"Singapore (Location), Fremantle (Location)",false,true,false,true,true,false,"Top ads, Paid sitelinks, Thumbnail, AI Overview, People also ask",10,0,0.42,2,0,2,,https://www.ozcruising.com.au/cruise/pc27-h726,2026-04-18 03:00:27
christmas cruises from adelaide,AU,Australia,English,Adelaide (Location),false,true,false,true,true,false,"Top ads, Paid sitelinks, AI Overview, Thumbnail, People also ask, Bottom ads",10,0,,2,0,3,,https://www.ozcruising.com.au/popular/christmas/cruises,2026-04-30 22:19:53
cruise ship from australia to new zealand,AU,Australia,English,New Zealand (Location),false,false,false,true,true,false,"Top ads, Paid sitelinks, AI Overview, Thumbnail",10,1,,2,0,3,,https://www.ozcruising.com.au/region/new-zealand/departing-sydney/cruises,2026-04-29 18:40:28
cruises hawaii,AU,Australia,English,Hawaii (Location),false,true,false,true,true,false,"Thumbnail, AI Overview, People also ask",50,0,0.53,2,0,9,,https://www.ozcruising.com.au/region/hawaii/departing-australia/cruises,2026-04-19 04:25:02
cruises around australia from brisbane,AU,Australia,English,Brisbane (Location),false,true,false,true,true,false,"Top ads, Paid sitelinks, AI Overview, Thumbnail, People also ask",50,0,,2,2,10,,https://www.ozcruising.com.au/departing/brisbane/cruises,2026-04-26 04:11:53
december cruises australia,AU,Australia,English,Australia (Location),false,true,false,true,true,false,Thumbnail,50,0,,2,1,9,,https://www.ozcruising.com.au/popular/christmas/cruises,2026-04-25 23:30:48
cheap cruising,AU,Australia,English,,false,false,false,true,true,false,"Shopping, Thumbnail",20,21,,2,0,4,,https://www.ozcruising.com.au/cruise-specials,2026-05-02 13:15:41
cruise 3 nights,AU,Australia,English,,false,false,false,true,true,false,Thumbnail,20,2,,2,0,4,,https://www.ozcruising.com.au/short/departing-sydney/cruises,2026-04-19 00:56:17
cruise sydney to fremantle,AU,Australia,English,Sydney to Fremantle (Event),false,true,false,true,true,false,"AI Overview, People also ask",20,0,0.45,2,0,5,,https://www.ozcruising.com.au/cruise/pc26-3613i,2026-04-17 22:22:28
last.minute cruises,AU,Australia,English,,false,false,false,true,true,true,People also ask,80,2,,2,0,11,,https://www.ozcruising.com.au/popular/last-minute/cruises,2026-04-10 06:32:30
cruise ship to hawaii,AU,Australia,English,Hawaii (Location),false,true,false,true,true,false,"AI Overview, Video preview, Thumbnail, People also ask",10,0,,2,0,3,,https://www.ozcruising.com.au/region/hawaii/departing-australia/cruises,2026-04-19 03:19:08
cruise hawaii to sydney,AU,Australia,English,"Hawaii (Location), Sydney (Location)",false,true,false,true,true,false,"AI Overview, People also ask, Video preview, Discussions and forums, Bottom ads, Paid sitelinks",200,0,0.42,2,0,12,,https://www.ozcruising.com.au/region/hawaii/departing-australia/cruises,2026-05-03 06:25:39
sydney to usa cruise,AU,Australia,English,"Sydney (Location), USA (Location)",false,true,false,true,true,false,"AI Overview, People also ask, Bottom ads, Paid sitelinks",40,0,0.52,2,0,9,,https://www.ozcruising.com.au/departing/sydney/cruises,2026-04-29 02:38:13
brisbane to brisbane cruise,AU,Australia,English,,false,true,false,true,true,false,"Top ads, Thumbnail, People also ask, Bottom ads, Paid sitelinks",40,0,0.46,2,1,8,,https://www.ozcruising.com.au/departing/brisbane/cruises,2026-05-08 13:40:20
cruises to png from brisbane,AU,Australia,English,"Papua New Guinea (Location), Brisbane (Location)",false,true,false,true,true,false,"AI Overview, Video preview, People also ask",50,0,,2,0,10,,https://www.ozcruising.com.au/cruise/cl26-eq09jun26.1,2026-05-02 21:38:34
boat cruise from brisbane,AU,Australia,English,Brisbane (Location),false,true,false,true,true,false,"Thumbnail, AI Overview, People also ask, Discussions and forums",30,17,,2,0,7,,https://www.ozcruising.com.au/departing/brisbane/cruises,2026-04-26 14:31:32
cruises deals from sydney,AU,Australia,English,Sydney (Location),false,true,false,true,true,false,,30,6,,2,0,6,,https://www.ozcruising.com.au/departing/sydney/cruises,2026-05-10 10:54:31
cruise ship in australia,AU,Australia,English,Australia (Location),false,true,false,true,true,false,"AI Overview, Thumbnail, People also ask",30,19,0.46,2,0,7,,https://www.ozcruising.com.au/,2026-04-13 02:38:33
cruise april,AU,Australia,English,,false,false,false,true,true,false,,60,44,0.45,2,0,10,,https://www.ozcruising.com.au/departing/sydney/cruises,2026-05-08 03:27:18
may cruise,AU,Australia,English,,false,false,false,true,true,false,"AI Overview, Thumbnail",10,31,,2,0,4,,https://www.ozcruising.com.au/departure/may-2026/cruises,2026-04-22 14:43:41
do i need passport for cruise,AU,Australia,English,,false,false,false,true,false,false,"AI Overview, Thumbnail, People also ask, Sitelinks",10,0,,2,0,4,,https://www.ozcruising.com.au/blog/cruises-you-can-take-without-a-passport,2026-05-04 15:42:52
overseas cruises from australia,AU,Australia,English,,false,false,false,true,true,false,People also ask,10,59,,2,0,1,,https://www.ozcruising.com.au/,2026-05-08 19:30:21
cruises from sydney last minute,AU,Australia,English,Sydney (Location),false,true,false,true,true,true,Bottom ads,30,1,,2,0,7,,https://www.ozcruising.com.au/popular/last-minute/cruises,2026-04-23 11:40:02
cruises brisbane to airlie beach,AU,Australia,English,"Brisbane (Location), Airlie Beach (Location)",false,true,false,true,true,false,"AI Overview, People also ask",30,0,0.53,2,0,8,,https://www.ozcruising.com.au/cruise/cl26-eq14jul26,2026-04-25 13:56:52
cruises may 2025,AU,Australia,English,,false,false,false,true,true,false,,30,49,,2,0,7,,https://www.ozcruising.com.au/,2026-04-23 23:20:41
cruise deals last minute,AU,Australia,English,,false,false,false,true,true,true,"Top ads, Thumbnail, Discussions and forums, Bottom ads",40,5,0.67,2,1,8,,https://www.ozcruising.com.au/popular/last-minute/cruises,2026-05-02 03:15:54
sydney to america cruise,AU,Australia,English,"Sydney (Location), America (Location)",false,true,false,true,true,false,People also ask,40,0,,2,0,8,,https://www.ozcruising.com.au/departing/sydney/cruises,2026-05-08 13:12:09
sydney to whitsundays cruise,AU,Australia,English,"Sydney (Location), Whitsundays (Location)",false,true,false,true,true,false,People also ask,40,0,0.51,2,0,8,,https://www.ozcruising.com.au/departing/sydney/cruises,2026-04-25 09:50:20
cheap cruise finder,AU,Australia,English,,false,false,false,true,true,false,,10,35,,2,0,4,,https://www.ozcruising.com.au/cruise-specials,2026-04-13 17:47:28
last minute western caribbean cruises,AU,Australia,English,Western Caribbean (Location),false,false,false,true,true,true,"Top ads, Paid sitelinks, Thumbnail, People also ask, Bottom ads",60,16,,2,0,10,,https://www.ozcruising.com.au/popular/last-minute/cruises,2026-05-09 04:42:54
australian cruise liners,AU,Australia,English,,false,false,false,true,false,false,"AI Overview, Thumbnail, Top ads, Paid sitelinks, People also ask, Top stories, Bottom ads",10,22,1.02,2,0,1,AI Overview,https://www.ozcruising.com.au/,2026-05-09 21:05:29
cruise from.fremantle,AU,Australia,English,Fremantle (Location),false,true,false,true,true,false,"AI Overview, Discussions and forums",10,2,,2,0,3,,https://www.ozcruising.com.au/departing/fremantle/cruises,2026-05-09 12:19:56
melbourne to brisbane cruise,AU,Australia,English,,false,true,false,true,true,false,"AI Overview, People also ask",80,10,0.26,2,0,12,,https://www.ozcruising.com.au/departing/melbourne/cruises,2026-04-11 17:32:53
cheap cruise from melbourne,AU,Australia,English,Melbourne (Location),false,true,false,true,true,false,AI Overview,50,0,,2,0,10,,https://www.ozcruising.com.au/cruise-specials,2026-04-19 03:56:38
4 day cruise from melbourne,AU,Australia,English,Melbourne (Location),false,true,false,true,true,false,"AI Overview, Thumbnail, People also ask",50,0,0.25,2,0,10,,https://www.ozcruising.com.au/short/departing-melbourne/cruises,2026-05-01 06:00:28
how many people die on cruise ships,AU,Australia,English,,false,false,false,true,false,false,"AI Overview, Thumbnail, People also ask, Top stories, Sitelinks",20,14,,2,0,6,,https://www.ozcruising.com.au/blog/what-happens-if-somebody-dies-on-a-cruise-ship,2026-05-06 19:13:12
japan to sydney cruise,AU,Australia,English,"Japan (Location), Sydney (Location)",false,true,false,true,true,false,"AI Overview, People also ask",20,0,0.54,2,1,6,,https://www.ozcruising.com.au/cruise/pc27-a716,2026-05-04 15:58:18
last minute cryises,AU,Australia,English,,false,false,false,true,true,true,People also ask,20,2,,2,0,4,,https://www.ozcruising.com.au/popular/last-minute/cruises,2026-04-27 19:28:00
cruise short trip,AU,Australia,English,,false,false,false,true,true,false,"Top ads, Paid sitelinks, Thumbnail",20,2,,2,0,4,,https://www.ozcruising.com.au/short/cruises,2026-04-14 10:22:03
australia cruises from melbourne,AU,Australia,English,Melbourne (Location),false,true,false,true,true,false,"Top ads, AI Overview, Bottom ads, Paid sitelinks",20,0,0.23,2,1,5,,https://www.ozcruising.com.au/departing/melbourne/cruises,2026-04-10 15:08:52
cruise from japan to sydney,AU,Australia,English,"Japan (Location), Sydney (Location)",false,true,false,true,true,false,"AI Overview, People also ask, Discussions and forums",20,0,,2,0,5,,https://www.ozcruising.com.au/cruise/pc27-a716,2026-05-07 04:35:10
cruises from sydney to melbourne,AU,Australia,English,"Sydney (Location), Melbourne (Location)",false,true,false,true,true,false,"AI Overview, Thumbnail, People also ask",40,0,0.25,1,0,9,,https://www.ozcruising.com.au/departing/sydney/cruises,2026-04-22 18:09:57
station pier port melbourne,AU,Australia,English,"Station Pier (Location), Port Melbourne (Location)",false,true,false,true,false,false,"People also ask, Knowledge panel, Thumbnail, Sitelinks",100,1,0.62,1,0,9,,https://www.ozcruising.com.au/blog/things-you-need-to-know-about-melbourne-cruise-ship-terminal,2026-05-09 10:13:07
christmas cruises from australia,AU,Australia,English,,false,false,false,true,true,false,"People also ask, Discussions and forums",80,0,0.45,1,1,11,,https://www.ozcruising.com.au/popular/christmas/cruises,2026-04-25 00:06:22
repositioning cruises from australia,AU,Australia,English,Australia (Location),false,false,false,true,true,false,"AI Overview, People also ask, Bottom ads, Paid sitelinks, Thumbnail, Video preview, Image pack",600,0,0.16,1,0,20,,https://www.ozcruising.com.au/popular/one-way/cruises,2026-05-09 14:18:36
brisbane to hobart cruise,AU,Australia,English,"Brisbane (Location), Hobart (Location)",false,true,false,true,true,false,"Thumbnail, AI Overview, People also ask, Bottom ads",50,0,,1,0,10,,https://www.ozcruising.com.au/departing/brisbane/cruises,2026-04-14 05:38:29
cruize deals,AU,Australia,English,,false,false,false,true,true,false,,10,33,,1,0,2,,https://www.ozcruising.com.au/cruise-specials,2026-04-22 14:41:52
comedy cruise from melbourne,AU,Australia,English,Melbourne (Location),false,true,false,true,true,false,"People also ask, Discussions and forums, Bottom ads, Paid sitelinks",10,30,,1,0,2,,https://www.ozcruising.com.au/theme/comedy/cruises,2026-04-22 16:51:20
new year eve cruises,AU,Australia,English,New Year's Eve (Event),false,false,false,true,true,false,,10,0,,1,0,2,,https://www.ozcruising.com.au/popular/new-years-eve/cruises,2026-04-14 07:46:48
cruises from melbourne to hawaii,AU,Australia,English,"Melbourne (Location), Hawaii (Location)",false,true,false,true,true,false,"AI Overview, Thumbnail, People also ask",0,0,0.37,1,0,2,,https://www.ozcruising.com.au/region/hawaii/departing-australia/cruises,2026-04-24 18:14:29
cruises from brisbane june 2024,AU,Australia,English,Brisbane (Location),false,true,false,true,true,false,"Bottom ads, Paid sitelinks",0,0,,1,0,1,,https://www.ozcruising.com.au/departing/brisbane/cruises,2026-04-28 08:51:53
australian ship cruises,AU,Australia,English,,false,false,false,true,true,false,"Top ads, Paid sitelinks, AI Overview, Thumbnail, Local pack, Bottom ads",0,53,,1,0,1,,https://www.ozcruising.com.au/,2026-05-02 23:08:53
cruceros desde melbourne,AU,Australia,Spanish,Melbourne (Location),false,true,false,true,true,false,"Top ads, Paid sitelinks, Thumbnail",30,1,0.40,1,1,7,,https://www.ozcruising.com.au/departing/melbourne/cruises,2026-04-24 00:56:09
2 week cruise,AU,Australia,English,,false,false,false,true,true,true,"Top ads, Paid sitelinks, People also ask",30,35,,1,0,7,,https://www.ozcruising.com.au/departing/sydney/cruises,2026-04-25 23:02:53
criise,AU,Australia,English,,false,false,false,true,true,false,"Top ads, Thumbnail, People also ask, Bottom ads, Paid sitelinks",20,72,0.27,1,0,6,,https://www.ozcruising.com.au/,2026-04-22 13:06:28
cheap cruises 2024,AU,Australia,English,,false,false,false,true,true,false,Sitelinks,20,24,0.52,1,0,6,,https://www.ozcruising.com.au/,2026-05-07 23:45:25
cruise in november,AU,Australia,English,,false,false,false,true,true,false,People also ask,20,36,,1,1,6,,https://www.ozcruising.com.au/departure/november-2026/cruises,2026-04-22 18:44:50
cruises to norfolk island,AU,Australia,English,Norfolk Island (Location),false,true,false,true,true,false,"AI Overview, Top ads, Paid sitelinks, People also ask, Thumbnail, Bottom ads",60,0,0.34,1,0,11,,https://www.ozcruising.com.au/cruise/cl27-aq15jul27,2026-04-16 03:21:53
邮轮 澳洲,AU,Australia,Chinese,Australia (Location),false,false,false,true,true,false,"AI Overview, Thumbnail",20,30,0.29,1,0,6,,https://www.ozcruising.com.au/,2026-04-28 09:02:20
cruise to australia,AU,Australia,English,Australia (Location),false,false,false,true,true,false,"People also ask, Thumbnail, Bottom ads",20,7,0.47,1,0,5,,https://www.ozcruising.com.au/,2026-04-17 09:46:53
cruises 2025 from australia,AU,Australia,English,Australia (Location),false,false,false,true,true,false,AI Overview,20,64,0.45,1,0,4,AI Overview,https://www.ozcruising.com.au/,2026-05-09 11:49:26
sampler cruise from sydney,AU,Australia,English,Sydney (Location),false,true,false,true,true,false,"Top ads, Paid sitelinks, Thumbnail",20,1,,1,0,5,,https://www.ozcruising.com.au/short/departing-sydney/cruises,2026-05-01 07:41:29
malta cruises,AU,Australia,English,Malta (Location),false,true,false,true,true,false,"AI Overview, Thumbnail, Local pack",40,0,0.65,1,0,9,,https://www.ozcruising.com.au/region/mediterranean/departing-malta/cruises,2026-04-24 20:56:38
luxury cruises from melbourne,AU,Australia,English,Melbourne (Location),false,true,false,true,true,false,"People also ask, Thumbnail",70,6,0.43,1,1,11,,https://www.ozcruising.com.au/departing/melbourne/cruises,2026-04-14 17:17:33
australian cruise company,AU,Australia,English,,false,false,false,true,true,false,"AI Overview, Thumbnail, Top ads, People also ask",10,67,0.59,1,0,4,,https://www.ozcruising.com.au/,2026-04-29 12:56:27
do you need a passport for a domestic cruise,AU,Australia,English,,false,false,false,true,false,false,"AI Overview, Thumbnail, Sitelinks, People also ask",20,0,,1,0,5,,https://www.ozcruising.com.au/blog/cruises-you-can-take-without-a-passport,2026-04-15 11:09:32
australian boat cruises,AU,Australia,English,,false,false,false,true,true,false,"AI Overview, Thumbnail, People also ask, Local pack",20,39,0.45,1,0,5,,https://www.ozcruising.com.au/,2026-05-07 00:15:45
cruise drinks package,AU,Australia,English,,false,false,false,true,true,false,"Thumbnail, People also ask, Discussions and forums, Sitelinks",60,0,0.32,1,0,10,,https://www.ozcruising.com.au/blog/best-australian-cruise-ship-drinks-packages,2026-05-10 16:57:28
cruise to brisbane from sydney,AU,Australia,English,"Brisbane (Location), Sydney (Location)",false,true,false,true,true,false,"AI Overview, Video preview",30,0,,1,0,8,,https://www.ozcruising.com.au/departing/sydney/cruises,2026-05-08 03:54:00
cruises over christmas,AU,Australia,English,,false,false,false,true,true,false,People also ask,50,0,0.45,1,0,9,,https://www.ozcruising.com.au/popular/christmas/cruises,2026-05-08 11:10:05
14 day cruises from sydney,AU,Australia,English,Sydney (Location),false,true,false,true,true,false,People also ask,30,0,,1,0,8,,https://www.ozcruising.com.au/departing/sydney/cruises,2026-04-24 18:23:16
crusie ships,AU,Australia,English,,false,false,false,true,true,false,People also ask,40,39,0.45,1,0,8,,https://www.ozcruising.com.au/,2026-04-15 05:41:55
last min cruise,AU,Australia,English,,false,false,false,true,true,true,People also ask,40,2,,1,0,8,,https://www.ozcruising.com.au/popular/last-minute/cruises,2026-05-04 16:31:49
short cruises melbourne,AU,Australia,English,Melbourne (Location),false,true,false,true,true,false,"Top ads, Paid sitelinks, Thumbnail, AI Overview, Local pack",20,0,,1,0,7,,https://www.ozcruising.com.au/short/departing-melbourne/cruises,2026-05-08 05:12:37
where do cruise ships leave from in sydney,AU,Australia,English,Sydney (Location),false,true,false,true,false,false,"AI Overview, Thumbnail, People also ask, Discussions and forums",40,0,,1,0,1,AI Overview,https://www.ozcruising.com.au/blog/things-you-need-to-know-about-sydneys-cruise-ship-terminals,2026-04-17 21:33:53
cruise from brisbane to singapore,AU,Australia,English,"Brisbane (Location), Singapore (Location)",false,true,false,true,true,false,"AI Overview, Thumbnail, Top ads, Paid sitelinks, People also ask, Bottom ads",60,0,0.32,1,0,11,,https://www.ozcruising.com.au/cruise/pc28-a809b,2026-04-23 18:56:02
cruises from australia 2025,AU,Australia,English,,false,false,false,true,true,false,"Thumbnail, AI Overview, People also ask, Discussions and forums",50,54,0.41,1,0,11,,https://www.ozcruising.com.au/,2026-04-25 13:47:46
cruise to auckland,AU,Australia,English,Auckland (Location),false,true,false,true,true,false,People also ask,20,0,0.45,1,0,5,,https://www.ozcruising.com.au/region/new-zealand/departing-sydney/cruises,2026-04-20 20:04:16
cruises january 2025,AU,Australia,English,,false,false,false,true,true,false,,20,35,0.42,1,0,5,,https://www.ozcruising.com.au/departing/sydney/cruises,2026-05-10 02:15:46
cheap short cruises,AU,Australia,English,,false,false,false,true,true,false,"Top ads, AI Overview, Bottom ads",20,4,0.34,1,0,6,,https://www.ozcruising.com.au/cheap-cruises-from-sydney,2026-04-22 03:39:29
crusie from brisbane,AU,Australia,English,Brisbane (Location),false,true,false,true,true,false,Thumbnail,20,1,,1,0,5,,https://www.ozcruising.com.au/departing/brisbane/cruises,2026-04-22 00:31:49
cruises in february,AU,Australia,English,,false,false,false,true,true,false,People also ask,20,0,0.45,1,0,5,,https://www.ozcruising.com.au/departure/february-2027/cruises,2026-05-03 23:10:40
cruise from melbourne to melbourne,AU,Australia,English,Melbourne (Location),false,true,false,true,true,false,"Thumbnail, AI Overview, Bottom ads, Paid sitelinks",20,0,0.45,1,0,6,,https://www.ozcruising.com.au/departing/melbourne/cruises,2026-04-23 14:45:28
find cruise deals,AU,Australia,English,,false,false,false,true,true,true,,20,53,0.61,1,0,5,,https://www.ozcruising.com.au/cruise-specials,2026-05-07 05:37:30
cruises departing adelaide 2015,AU,Australia,English,Adelaide (Location),false,true,false,true,false,false,"People also ask, Sitelinks",30,0,,1,0,6,,https://www.ozcruising.com.au/departing/adelaide/cruises,2026-05-05 14:43:29
on a cruise,AU,Australia,English,,false,false,false,true,true,false,"People also ask, Video preview",10,53,,1,0,4,,https://www.ozcruising.com.au/,2026-04-15 17:16:17
asian cruise from singapore,AU,Australia,English,Singapore (Location),false,true,false,true,true,false,"AI Overview, People also ask",10,16,0.52,1,0,5,,https://www.ozcruising.com.au/region/asia/departing-singapore/cruises,2026-04-15 22:27:33
last minute cruises from sydney 2023,AU,Australia,English,Sydney (Location),false,true,false,true,true,true,"AI Overview, People also ask",30,0,0.34,1,0,8,,https://www.ozcruising.com.au/popular/last-minute/cruises,2026-05-06 12:23:21
cruise from sudney,AU,Australia,English,Sydney (Location),false,true,false,true,true,false,"Top ads, Paid sitelinks, Thumbnail, People also ask, Discussions and forums, Bottom ads",30,5,,1,0,7,,https://www.ozcruising.com.au/departing/sydney/cruises,2026-04-26 03:44:02
cruise sale brisbane,AU,Australia,English,Brisbane (Location),false,true,false,true,true,true,,30,2,0.52,1,0,7,,https://www.ozcruising.com.au/cruise-specials,2026-04-20 03:26:56
sydney to seattle cruise,AU,Australia,English,Sydney to Seattle (Event),false,false,false,true,true,false,"AI Overview, Thumbnail, People also ask",30,0,0.41,1,0,1,AI Overview,https://www.ozcruising.com.au/cruise/ha26-n618,2026-04-29 23:10:36
ship cruises around australia,AU,Australia,English,,false,false,false,true,true,false,"People also ask, Video preview",40,15,0.41,1,0,8,,https://www.ozcruising.com.au/,2026-05-09 06:19:55
australia day cruise sydney,AU,Australia,English,"Australia Day (Event), Sydney (Location)",false,true,false,true,true,false,,50,0,0.44,1,0,10,,https://www.ozcruising.com.au/theme/australia-day/cruises,2026-04-10 08:56:39
cruise from brisbane to fiji,AU,Australia,English,"Brisbane (Location), Fiji (Location)",false,true,false,true,true,false,"AI Overview, Thumbnail, People also ask",50,0,0.29,1,0,11,,https://www.ozcruising.com.au/region/south-pacific/departing-brisbane/cruises,2026-04-17 23:22:39
cruise to whitsundays from sydney,AU,Australia,English,"Whitsundays (Location), Sydney (Location)",false,true,false,true,true,false,"Thumbnail, AI Overview, People also ask, Sitelinks",40,2,,1,0,10,,https://www.ozcruising.com.au/departing/sydney/cruises,2026-04-27 10:23:46
3 day cruises australia,AU,Australia,English,Australia (Location),false,true,false,true,true,false,"Thumbnail, AI Overview",40,2,0.31,1,0,10,,https://www.ozcruising.com.au/short-cruises,2026-04-17 10:22:17
february cruises,AU,Australia,English,,false,false,false,true,true,false,"Top ads, Paid sitelinks, Thumbnail, People also ask",40,9,0.45,1,0,9,,https://www.ozcruising.com.au/departure/February-2027/cruises,2026-05-09 05:16:44
3 nights cruise from sydney,AU,Australia,English,Sydney (Location),false,true,false,true,true,false,Video preview,40,1,,1,0,9,,https://www.ozcruising.com.au/short/departing-sydney/cruises,2026-05-02 15:20:19
cruise deals from adelaide,AU,Australia,English,Adelaide (Location),false,true,false,true,true,false,AI Overview,40,2,0.20,1,0,10,,https://www.ozcruising.com.au/departing/adelaide/cruises,2026-05-05 16:59:02
cruise australia to nz,AU,Australia,English,"Australia (Location), New Zealand (Location)",false,false,false,true,true,false,"Top ads, Paid sitelinks, AI Overview, Thumbnail, Discussions and forums",20,2,0.45,1,0,7,,https://www.ozcruising.com.au/region/new-zealand/departing-sydney/cruises,2026-05-10 16:10:30
cruises departing new zealand,AU,Australia,English,New Zealand (Location),false,true,false,true,true,false,"AI Overview, Thumbnail, People also ask",20,0,0.45,1,0,7,,https://www.ozcruising.com.au/,2026-05-09 22:45:37
cruisrs,AU,Australia,English,,false,false,false,true,true,false,People also ask,20,72,,1,0,6,,https://www.ozcruising.com.au/,2026-04-11 19:11:32
cruise ship terminal melbourne,AU,Australia,English,Melbourne (Location),false,true,false,true,false,false,"AI Overview, Thumbnail, Sitelinks, People also ask, Knowledge panel",20,1,,1,0,7,,https://www.ozcruising.com.au/blog/things-you-need-to-know-about-melbourne-cruise-ship-terminal,2026-04-10 15:00:51
melbourne to new zealand by ship,AU,Australia,English,"Melbourne (Location), New Zealand (Location)",false,true,false,true,true,false,"AI Overview, Thumbnail, People also ask",10,0,0.45,1,0,1,AI Overview,https://www.ozcruising.com.au/region/new-zealand/departing-melbourne/cruises,2026-04-28 01:13:32
cruise finde,AU,Australia,English,,false,false,false,true,true,false,,10,53,,1,0,2,,https://www.ozcruising.com.au/,2026-04-16 20:52:49
january cruises from melbourne,AU,Australia,English,Melbourne (Location),false,true,false,true,true,false,People also ask,10,2,,1,0,2,,https://www.ozcruising.com.au/departing/melbourne/cruises,2026-05-09 17:44:35
cruises from sydney in september,AU,Australia,English,Sydney (Location),false,true,false,true,true,false,"AI Overview, Thumbnail, People also ask",10,4,0.45,1,0,2,,https://www.ozcruising.com.au/departing/sydney/cruises,2026-04-24 10:25:34
caribbean cruise australia,AU,Australia,English,Australia (Location),false,true,false,true,true,false,"Thumbnail, People also ask, Bottom ads, Paid sitelinks",70,18,,1,0,11,,https://www.ozcruising.com.au/brand/royal-caribbean/cruises,2026-04-19 12:01:53
cruising south pacific,AU,Australia,English,South Pacific (Location),false,false,false,true,true,false,"AI Overview, Thumbnail, Video preview",10,0,,1,0,5,,https://www.ozcruising.com.au/region/south-pacific/departing-sydney/cruises,2026-05-02 16:20:28
cruises ex fremantle,AU,Australia,English,Fremantle (Location),false,true,false,true,true,false,"Thumbnail, People also ask",10,1,0.32,1,0,4,,https://www.ozcruising.com.au/departing/fremantle/cruises,2026-04-16 14:42:11
sydney cruise booking,AU,Australia,English,Sydney (Location),false,true,false,false,true,true,"AI Overview, People also ask",10,56,,1,0,5,,https://www.ozcruising.com.au/departing/sydney/cruises,2026-04-17 03:37:17
cruises from sydney in april,AU,Australia,English,Sydney (Location),false,true,false,true,true,false,"Thumbnail, Bottom ads, Paid sitelinks",10,2,,1,0,4,,https://www.ozcruising.com.au/departing/sydney/cruises,2026-04-25 23:08:16
what is an ocean liner,AU,Australia,English,,false,false,false,true,false,false,"AI Overview, People also ask",10,5,,1,0,5,,https://www.ozcruising.com.au/blog/what-is-the-difference-between-a-cruise-ship-and-an-ocean-liner,2026-05-02 12:26:59
cruise ship deaths,AU,Australia,English,,false,false,false,true,false,false,"Thumbnail, People also ask, Video preview",30,5,,1,0,8,,https://www.ozcruising.com.au/blog/what-happens-if-somebody-dies-on-a-cruise-ship,2026-04-29 00:45:27
new years cruises from brisbane,AU,Australia,English,Brisbane (Location),false,true,false,true,true,false,AI Overview,30,0,0.46,1,1,9,,https://www.ozcruising.com.au/popular/new-years-eve/cruises,2026-04-20 19:21:53
cruises from honolulu to sydney,AU,Australia,English,"Honolulu (Location), Sydney (Location)",false,true,false,true,true,false,"Top ads, Paid sitelinks, People also ask, Bottom ads",30,0,,1,2,8,,https://www.ozcruising.com.au/cruise/cc27-eg10oct27,2026-04-21 10:55:54
sydney to tasmania cruise price,AU,Australia,English,Sydney to Tasmania cruise (Work),false,true,false,true,true,true,"AI Overview, Thumbnail, People also ask",70,0,0.40,1,0,12,,https://www.ozcruising.com.au/cruise/cl26-sl11jan26.1,2026-05-07 08:12:07
cruise specials from brisbane,AU,Australia,English,Brisbane (Location),false,true,false,true,true,false,"Top ads, Paid sitelinks, Thumbnail, People also ask",90,5,0.36,1,7,10,,https://www.ozcruising.com.au/cruise-specials,2026-04-30 20:25:52
cruise drink packages,AU,Australia,English,,false,false,false,true,true,false,"AI Overview, Thumbnail, People also ask, Discussions and forums",30,1,0.32,1,0,8,,https://www.ozcruising.com.au/blog/best-australian-cruise-ship-drinks-packages,2026-04-21 00:52:32
cruise from sydney to gold coast,AU,Australia,English,"Sydney (Location), Gold Coast (Location)",false,true,false,true,true,false,"Top ads, Paid sitelinks, AI Overview, Bottom ads",30,30,,1,0,8,,https://www.ozcruising.com.au/departing/sydney/cruises,2026-04-18 12:47:53
where do cruises leave from in sydney,AU,Australia,English,Sydney (Location),false,true,false,true,false,false,"AI Overview, Thumbnail, People also ask",20,4,,1,0,1,AI Overview,https://www.ozcruising.com.au/blog/things-you-need-to-know-about-sydneys-cruise-ship-terminals,2026-05-11 03:09:09
cruise comparison,AU,Australia,English,,false,false,false,true,true,false,Discussions and forums,40,40,0.46,1,0,9,,https://www.ozcruising.com.au/,2026-04-16 20:29:10
last-minute cruise deals,AU,Australia,English,,false,false,false,true,true,true,Discussions and forums,40,3,,1,0,9,,https://www.ozcruising.com.au/popular/last-minute/cruises,2026-04-18 18:14:17
cruise tokyo to sydney,AU,Australia,English,,false,false,false,true,true,false,"AI Overview, People also ask, Discussions and forums",10,0,,1,0,4,,https://www.ozcruising.com.au/cruise/pc28-a815a,2026-05-10 22:36:48
cruise comparison australia,AU,Australia,English,Australia (Location),false,true,false,true,true,false,"Sitelinks, People also ask",20,52,,1,0,5,,https://www.ozcruising.com.au/,2026-05-06 13:36:05
best cruise booking sites,AU,Australia,English,,false,false,false,true,true,false,"Top ads, Paid sitelinks, People also ask, Sitelinks",20,65,0.67,1,0,5,,https://www.ozcruising.com.au/,2026-04-20 21:35:54
cruise melbourne to singapore,AU,Australia,English,,false,false,false,true,true,false,"AI Overview, Thumbnail, People also ask",20,0,,1,0,6,,https://www.ozcruising.com.au/cruise/pc5809n,2026-05-11 02:57:22
cruise september,AU,Australia,English,,false,false,false,true,true,false,"Top ads, Paid sitelinks",40,9,0.45,1,0,10,,https://www.ozcruising.com.au/departing/sydney/cruises,2026-04-13 14:52:52
10 day new zealand cruise,AU,Australia,English,New Zealand (Location),false,false,false,true,true,true,"AI Overview, Thumbnail, Video preview, People also ask",20,0,,1,0,8,,https://www.ozcruising.com.au/region/new-zealand/departing-sydney/cruises,2026-04-23 23:41:18
book cruises online,AU,Australia,English,,false,false,false,false,true,true,"Top ads, Paid sitelinks, Bottom ads",10,73,0.62,1,0,3,,https://www.ozcruising.com.au/,2026-04-20 21:35:56
cruise ship tours australia,AU,Australia,English,Australia (Location),false,true,false,true,true,false,"AI Overview, Thumbnail, People also ask, Discussions and forums",10,68,,1,0,1,AI Overview,https://www.ozcruising.com.au/,2026-05-01 09:13:02
cruise fremantle to singapore,AU,Australia,English,,false,false,false,true,true,false,"AI Overview, People also ask",20,0,0.27,1,0,7,,https://www.ozcruising.com.au/cruise/pc28-h807,2026-05-06 09:25:03
cruise lines sydney,AU,Australia,English,Sydney (Location),false,true,false,true,true,false,"AI Overview, Thumbnail, Local pack, Discussions and forums",20,4,0.55,1,0,1,AI Overview,https://www.ozcruising.com.au/departing/sydney/cruises,2026-04-25 05:02:45
brisbane cruise departures,AU,Australia,English,Brisbane (Location),false,true,false,true,false,false,Knowledge panel,20,1,,1,0,6,,https://www.ozcruising.com.au/departing/brisbane/cruises,2026-04-11 21:10:49
cruise leaving from brisbane,AU,Australia,English,Brisbane (Location),false,true,false,true,true,false,"People also ask, Bottom ads, Paid sitelinks",20,0,,1,0,6,,https://www.ozcruising.com.au/departing/brisbane/cruises,2026-05-05 18:09:53
cruise hawaii to australia,AU,Australia,English,"Hawaii (Location), Australia (Location)",false,true,false,true,true,false,"AI Overview, Thumbnail, People also ask",40,0,0.46,1,0,10,,https://www.ozcruising.com.au/region/hawaii/departing-australia/cruises,2026-04-14 16:28:19
5 night cruise,AU,Australia,English,,false,false,false,true,true,false,,40,2,0.32,1,0,9,,https://www.ozcruising.com.au/short/cruises,2026-04-30 05:46:29
cruises from sydney today,AU,Australia,English,Sydney (Location),false,true,false,true,false,false,People also ask,60,36,,1,0,11,,https://www.ozcruising.com.au/departing/sydney/cruises,2026-05-02 03:59:09
sydney to hawaii,AU,Australia,English,"Sydney (Location), Hawaii (Location)",false,true,false,true,true,false,"People also ask, Bottom ads, Paid sitelinks, Video preview, Thumbnail",1900,0,0.19,1,0,20,,https://www.ozcruising.com.au/region/hawaii/departing-australia/cruises,2026-04-29 19:18:19
what cruise ships sail from brisbane,AU,Australia,English,Brisbane (Location),false,true,false,true,false,false,"AI Overview, Thumbnail, People also ask",30,2,0.45,1,0,8,,https://www.ozcruising.com.au/departing/brisbane/cruises,2026-05-09 04:33:07
cruise march,AU,Australia,English,,false,false,false,true,true,false,AI Overview,30,39,0.45,1,0,8,,https://www.ozcruising.com.au/cruise-specials,2026-05-09 15:15:23
last minite cruises,AU,Australia,English,,false,false,false,true,true,true,People also ask,30,2,,1,0,7,,https://www.ozcruising.com.au/popular/last-minute/cruises,2026-05-03 08:21:56
layby cruises,AU,Australia,English,,false,false,false,true,true,false,"People also ask, Video preview",20,0,0.87,1,0,6,,https://www.ozcruising.com.au/contact-us/help/4_2,2026-04-29 15:38:32
where do cruise ships dock in melbourne,AU,Australia,English,Melbourne (Location),false,true,false,true,false,false,"AI Overview, Thumbnail, People also ask, Knowledge panel",60,1,0.34,1,0,9,,https://www.ozcruising.com.au/blog/things-you-need-to-know-about-melbourne-cruise-ship-terminal,2026-05-01 12:17:11
brisbane to melbourne cup cruise,AU,Australia,English,Melbourne Cup Cruise (Event),false,true,false,true,true,false,People also ask,10,0,,1,1,2,,https://www.ozcruising.com.au/popular/melbourne-cup/cruises,2026-04-21 13:22:02
australia hawaii cruise,AU,Australia,English,"Australia (Location), Hawaii (Location)",false,true,false,true,true,false,,10,0,,1,0,2,,https://www.ozcruising.com.au/region/hawaii/departing-australia/cruises,2026-04-10 06:33:01
cruises september,AU,Australia,English,,false,false,false,true,true,false,AI Overview,40,24,0.45,1,0,10,,https://www.ozcruising.com.au/departing/sydney/cruises,2026-04-27 22:16:50
september cruise,AU,Australia,English,,false,false,false,true,true,false,,40,23,,1,0,9,,https://www.ozcruising.com.au/departure/September-2027/cruises,2026-04-21 20:53:18
cruises from japan to australia,AU,Australia,English,"Japan (Location), Australia (Location)",false,false,false,true,true,false,"AI Overview, People also ask",30,0,,1,0,9,,https://www.ozcruising.com.au/region/asia/departing-japan/cruises,2026-04-16 05:41:53
new years eve cruises from brisbane,AU,Australia,English,Brisbane (Location),false,true,false,true,true,false,"Top ads, Thumbnail",30,0,,1,2,8,,https://www.ozcruising.com.au/popular/new-years-eve/cruises,2026-05-05 23:05:01
getaway cruises,AU,Australia,English,,false,false,false,true,true,false,"AI Overview, People also ask",50,1,0.46,1,0,11,,https://www.ozcruising.com.au/weekend/departing-sydney/cruises,2026-05-07 03:41:16
cruise from sydney to america,AU,Australia,English,"Sydney (Location), America (Location)",false,true,false,true,true,false,"AI Overview, People also ask",20,0,0.52,1,0,7,,https://www.ozcruising.com.au/departing/sydney/cruises,2026-04-25 16:29:10
cruise sudney,AU,Australia,English,Sydney (Location),false,true,false,true,true,false,"Top ads, Paid sitelinks, Thumbnail, Discussions and forums, Bottom ads",10,5,,1,0,4,,https://www.ozcruising.com.au/departing/sydney/cruises,2026-05-07 23:46:23
australia crusies,AU,Australia,English,Australia (Location),false,false,false,true,true,false,,10,18,,1,0,4,,https://www.ozcruising.com.au/,2026-05-03 20:30:07
sale cruises,AU,Australia,English,,false,false,false,true,true,false,Knowledge panel,10,29,,1,0,4,,https://www.ozcruising.com.au/cruise-specials,2026-04-29 18:07:00
cruise to gold coast from sydney,AU,Australia,English,"Gold Coast (Location), Sydney (Location)",false,true,false,true,true,false,"AI Overview, Sitelinks",20,5,,1,0,8,,https://www.ozcruising.com.au/departing/sydney/cruises,2026-05-01 20:09:17
cruise review sites,AU,Australia,English,,false,false,false,true,true,false,"Sitelinks, People also ask, Discussions and forums",50,55,,1,0,11,,https://www.ozcruising.com.au/,2026-05-03 03:55:31
crusie from sydney,AU,Australia,English,Sydney (Location),false,true,false,true,true,false,"People also ask, Video preview",30,5,,1,0,7,,https://www.ozcruising.com.au/departing/sydney/cruises,2026-04-13 00:40:32
4 day cruise brisbane,AU,Australia,English,Brisbane (Location),false,true,false,true,true,false,,20,0,,1,0,5,,https://www.ozcruising.com.au/short/departing-brisbane/cruises,2026-04-11 10:51:01
cruise departures brisbane,AU,Australia,English,Brisbane (Location),false,true,false,true,true,false,"Knowledge panel, People also ask",20,2,,1,0,5,,https://www.ozcruising.com.au/departing/brisbane/cruises,2026-04-24 20:02:40
cruise from sydney 3 days,AU,Australia,English,Sydney (Location),false,true,false,true,true,false,"Top ads, Paid sitelinks, AI Overview, Thumbnail, People also ask",20,1,,1,0,7,,https://www.ozcruising.com.au/short/departing-sydney/cruises,2026-04-19 01:54:28
cruise bargains,AU,Australia,English,,false,false,false,true,true,false,Thumbnail,40,42,0.45,1,0,9,,https://www.ozcruising.com.au/cruise-specials,2026-04-09 14:55:28
australian open cruise 2025,AU,Australia,English,Australian Open (Event),false,false,false,true,true,false,"AI Overview, Thumbnail, People also ask",10,0,0.53,1,0,3,,https://www.ozcruising.com.au/theme/australian-open/cruises,2026-04-24 20:32:49
pacific island cruise deals,AU,Australia,English,,false,false,false,true,true,true,People also ask,10,0,,1,0,5,,https://www.ozcruising.com.au/region/south-pacific/departing-sydney/cruises,2026-05-05 17:36:31
cruise prices australia,AU,Australia,English,Australia (Location),false,true,false,true,true,false,People also ask,40,33,0.30,1,0,9,,https://www.ozcruising.com.au/cruise-specials,2026-04-11 22:14:28
cruises march,AU,Australia,English,,false,false,false,true,true,false,"Discussions and forums, People also ask, Bottom ads, Paid sitelinks",20,14,0.45,1,0,7,,https://www.ozcruising.com.au/departure/March-2027/cruises,2026-04-18 16:28:02
cruises from sydney in march,AU,Australia,English,Sydney (Location),false,true,false,true,true,false,"Top ads, Paid sitelinks",30,5,,1,1,8,,https://www.ozcruising.com.au/departing/sydney/cruises,2026-04-26 08:28:31
seattle to sydney cruise,AU,Australia,English,,false,false,false,true,true,false,"AI Overview, People also ask, Thumbnail, Sitelinks",30,0,0.44,1,1,9,,https://www.ozcruising.com.au/cruise/ha26-n671,2026-05-01 16:01:55
easter cruises from melbourne,AU,Australia,English,Melbourne (Location),false,true,false,true,true,false,AI Overview,30,0,,1,0,9,,https://www.ozcruising.com.au/short/departing-melbourne/cruises,2026-05-02 17:41:56
cruise tour from melbourne,AU,Australia,English,Melbourne (Location),false,true,false,true,true,false,"AI Overview, Local pack",20,1,,1,0,7,,https://www.ozcruising.com.au/departing/melbourne/cruises,2026-05-03 08:29:47
cruise shops,AU,Australia,English,,false,false,false,true,true,false,"AI Overview, Local pack",20,52,0.32,1,0,7,,https://www.ozcruising.com.au/,2026-05-06 23:01:36
cruises from melbourne to kangaroo island,AU,Australia,English,"Melbourne (Location), Kangaroo Island (Location)",false,true,false,true,true,false,"Top ads, Paid sitelinks, AI Overview, Thumbnail",40,0,,1,0,10,,https://www.ozcruising.com.au/cruise/cl27-aq03apr27,2026-05-11 02:05:27
sydney to new zealand cruise time,AU,Australia,English,"Sydney (Location), New Zealand (Location)",false,true,false,true,false,false,"AI Overview, People also ask, Sitelinks",10,1,,1,0,6,,https://www.ozcruising.com.au/region/new-zealand/departing-sydney/cruises,2026-05-10 03:15:30
new years cruise sydney,AU,Australia,English,Sydney (Location),false,true,false,true,true,true,"Thumbnail, People also ask",50,11,0.85,1,0,10,,https://www.ozcruising.com.au/popular/new-years-eve/cruises,2026-05-04 14:03:49
cruise from adelaide to port lincoln,AU,Australia,English,"Adelaide (Location), Port Lincoln (Location)",false,true,false,true,true,false,Thumbnail,50,0,0.23,1,0,10,,https://www.ozcruising.com.au/cruise/cl28-aq27feb28,2026-05-03 10:06:57
cruise in december,AU,Australia,English,,false,false,false,true,true,false,"Top ads, Paid sitelinks, AI Overview, Thumbnail, People also ask, Discussions and forums",50,0,0.45,1,0,11,,https://www.ozcruising.com.au/departure/December-2026/cruises,2026-05-06 05:17:17
long weekend cruise,AU,Australia,English,,false,false,false,true,true,false,,20,2,,1,0,5,,https://www.ozcruising.com.au/weekend/departing-sydney/cruises,2026-05-02 02:34:01
asian cruises from singapore,AU,Australia,English,Singapore (Location),false,true,false,true,true,false,"Thumbnail, Discussions and forums",20,18,,1,0,5,,https://www.ozcruising.com.au/region/asia/departing-singapore/cruises,2026-05-03 23:08:16
best cruise website,AU,Australia,English,,false,false,false,true,true,false,"Top ads, Paid sitelinks, AI Overview, Thumbnail, Sitelinks, Discussions and forums, People also ask",20,66,0.52,1,0,6,,https://www.ozcruising.com.au/,2026-04-26 14:07:02
cruise sampler,AU,Australia,English,,false,false,false,true,true,false,"Video preview, Discussions and forums",20,0,0.23,1,0,5,,https://www.ozcruising.com.au/short/departing-sydney/cruises,2026-05-06 13:52:36
passport for cruise,AU,Australia,English,,false,false,false,true,false,false,"AI Overview, Thumbnail, People also ask, Sitelinks, Discussions and forums",20,0,0.29,1,0,6,,https://www.ozcruising.com.au/blog/cruises-you-can-take-without-a-passport,2026-04-22 19:25:13
cruises offers,AU,Australia,English,,false,false,false,true,true,false,AI Overview,10,39,1.81,1,0,5,,https://www.ozcruising.com.au/cruise-specials,2026-04-17 11:46:37
do i need a passport for a domestic cruise,AU,Australia,English,,false,false,false,true,false,false,"AI Overview, Top ads, People also ask, Sitelinks, Bottom ads, Paid sitelinks",10,0,0.10,1,0,5,,https://www.ozcruising.com.au/blog/cruises-you-can-take-without-a-passport,2026-04-16 14:14:02
cruise sydney to cairns one way,AU,Australia,English,Sydney to Cairns (Event),false,true,false,true,true,false,"Top ads, Paid sitelinks, AI Overview, Thumbnail, People also ask, Bottom ads",10,0,0.44,1,0,1,AI Overview,https://www.ozcruising.com.au/popular/one-way/cruises,2026-04-27 22:23:28
ship captain,AU,Australia,English,,false,false,false,true,false,false,"AI Overview, Thumbnail, Video preview, People also ask",90,22,0.07,1,0,6,,https://www.ozcruising.com.au/blog/a-day-in-the-life-of-the-captain-of-a-cruise-ship,2026-04-17 15:40:44
sampler cruises,AU,Australia,English,,false,false,false,true,true,false,"AI Overview, Thumbnail, Video preview, Discussions and forums",40,0,0.46,1,0,10,,https://www.ozcruising.com.au/short/departing-sydney/cruises,2026-05-07 02:37:04
cruising sydney,AU,Australia,English,Sydney (Location),false,true,false,true,true,false,"Top ads, Paid sitelinks, Thumbnail, Local pack",150,53,0.43,1,0,9,,https://www.ozcruising.com.au/departing/sydney/cruises,2026-04-12 01:20:48
how much do cruises cost,AU,Australia,English,,false,false,false,true,false,false,"AI Overview, Thumbnail, People also ask, Sitelinks, Video preview",30,13,0.45,1,0,9,,https://www.ozcruising.com.au/blog/how-much-does-a-cruise-cost,2026-04-27 11:54:26
world cruise from brisbane,AU,Australia,English,Brisbane (Location),false,true,false,true,true,false,"AI Overview, Thumbnail, People also ask",40,0,0.37,1,0,10,,https://www.ozcruising.com.au/theme/world/cruises,2026-04-25 21:12:27
september cruises australia,AU,Australia,English,Australia (Location),false,true,false,true,true,false,"Top ads, Thumbnail, Paid sitelinks, People also ask",20,26,,1,0,8,,https://www.ozcruising.com.au/,2026-04-24 22:35:28
cruise from perth to bali,AU,Australia,English,"Perth (Location), Bali (Location)",false,true,false,true,true,false,"AI Overview, Thumbnail, People also ask",20,0,,1,0,8,,https://www.ozcruising.com.au/cruise/pc27-h801,2026-04-24 05:44:15
cheapest cruise australia,AU,Australia,English,Australia (Location),false,true,false,true,true,true,"AI Overview, Thumbnail, Top ads, Paid sitelinks, People also ask, Bottom ads",20,26,,1,1,8,,https://www.ozcruising.com.au/cruise-specials,2026-05-02 06:24:53
cruise ship departures sydney,AU,Australia,English,Sydney (Location),false,true,false,true,false,false,"People also ask, Thumbnail",40,11,0.42,1,0,10,,https://www.ozcruising.com.au/departing/sydney/cruises,2026-04-23 10:11:53
cheap cruises from fremantle,AU,Australia,English,Fremantle (Location),false,true,false,true,true,false,"Top ads, Paid sitelinks, Thumbnail, AI Overview, People also ask",80,1,0.13,1,0,11,,https://www.ozcruising.com.au/departing/fremantle/cruises,2026-04-17 22:09:56
best australia cruises 2025,AU,Australia,English,,false,false,false,true,true,false,"Thumbnail, People also ask, Video preview, Bottom ads, Paid sitelinks",40,6,,1,0,10,,https://www.ozcruising.com.au/,2026-05-05 19:58:52
go on a cruise,AU,Australia,English,,false,false,false,true,true,true,People also ask,20,68,0.46,1,0,6,,https://www.ozcruising.com.au/,2026-05-06 03:48:30
one night cruise,AU,Australia,English,,false,false,false,true,true,true,Discussions and forums,20,1,0.25,1,0,6,,https://www.ozcruising.com.au/popular/one-way/cruises,2026-05-06 08:34:35
cruise perth to bali,AU,Australia,English,"Perth (Location), Bali (Location)",false,true,false,true,true,false,"Top ads, Paid sitelinks, AI Overview, Thumbnail, People also ask, Discussions and forums",30,0,,1,0,9,,https://www.ozcruising.com.au/cruise/pc27-h801,2026-05-03 02:39:53
2 for 1 cruise deals,AU,Australia,English,,false,false,false,true,true,true,"AI Overview, People also ask, Video preview, Thumbnail",500,20,0.37,1,0,22,,https://www.ozcruising.com.au/cruise-specials,2026-05-10 15:04:23
3 day cruises brisbane,AU,Australia,English,Brisbane (Location),false,true,false,true,true,false,AI Overview,10,0,0.38,1,0,3,,https://www.ozcruising.com.au/short/departing-brisbane/cruises,2026-05-04 18:59:40
whitsundays cruise from sydney,AU,Australia,English,Sydney (Location),false,true,false,true,true,false,"Top ads, AI Overview, People also ask, Thumbnail",40,0,,1,0,11,,https://www.ozcruising.com.au/departing/sydney/cruises,2026-04-23 09:40:34
cruises from brisbane last minute,AU,Australia,English,Brisbane (Location),false,true,false,true,true,true,AI Overview,20,1,,1,0,8,,https://www.ozcruising.com.au/popular/last-minute/cruises,2026-04-27 20:31:47
cruises from brisbane january 2025,AU,Australia,English,Brisbane (Location),false,true,false,true,true,false,"Bottom ads, Paid sitelinks",10,0,0.44,1,0,3,,https://www.ozcruising.com.au/departing/brisbane/cruises,2026-04-29 06:00:02
cruise details,AU,Australia,English,,false,false,false,true,true,false,Thumbnail,10,72,0.97,1,0,3,,https://www.ozcruising.com.au/,2026-05-10 21:36:24
ship cruise australia,AU,Australia,English,Australia (Location),false,true,false,true,true,false,"Thumbnail, People also ask",10,60,,1,0,3,,https://www.ozcruising.com.au/,2026-05-02 20:32:17
cruising ship,AU,Australia,English,,false,false,false,true,true,false,"AI Overview, Thumbnail, People also ask",10,67,,1,0,4,,https://www.ozcruising.com.au/,2026-05-02 14:26:53
cruise ship special deals,AU,Australia,English,,false,false,false,true,true,false,"Top ads, Thumbnail",10,36,,1,0,3,,https://www.ozcruising.com.au/cruise-specials,2026-05-08 06:16:45
cruise london to sydney,AU,Australia,English,,false,false,false,true,true,false,"Top ads, Thumbnail, AI Overview, People also ask",10,0,0.41,1,0,6,,https://www.ozcruising.com.au/cruise/pc26-3615b.1,2026-05-09 00:03:40
do you need a passport for willis island,AU,Australia,English,Willis Island (Location),false,false,false,true,false,false,"AI Overview, Thumbnail, People also ask, Sitelinks",10,0,,1,0,6,,https://www.ozcruising.com.au/blog/cruises-you-can-take-without-a-passport,2026-05-05 14:54:03
cruises to the pacific islands,AU,Australia,English,Pacific Islands (Location),false,false,false,true,true,false,"Thumbnail, AI Overview",10,1,0.46,1,0,6,,https://www.ozcruising.com.au/region/south-pacific/departing-sydney/cruises,2026-04-09 15:09:55
cruise adelaide to tasmania,AU,Australia,English,"Adelaide (Location), Tasmania (Location)",false,true,false,true,true,false,"Top ads, Paid sitelinks, People also ask, Thumbnail, Bottom ads",10,0,0.30,1,0,5,,https://www.ozcruising.com.au/cruise/pc27-a718d,2026-04-28 02:56:28
cruise ships departing sydney,AU,Australia,English,Sydney (Location),false,true,false,true,true,false,People also ask,10,14,,1,0,5,,https://www.ozcruising.com.au/departing/sydney/cruises,2026-05-08 11:31:01
cruises last minute deals,AU,Australia,English,,false,false,false,true,true,true,People also ask,30,4,0.67,1,0,9,,https://www.ozcruising.com.au/popular/last-minute/cruises,2026-05-06 17:38:14
7 day cruise australia,AU,Australia,English,Australia (Location),false,true,false,true,true,false,"People also ask, Video preview",30,12,,1,0,8,,https://www.ozcruising.com.au/,2026-05-01 02:52:53
cruise from sydney to auckland,AU,Australia,English,"Sydney (Location), Auckland (Location)",false,true,false,true,true,false,"Thumbnail, AI Overview",30,0,0.45,1,0,9,,https://www.ozcruising.com.au/region/new-zealand/departing-sydney/cruises,2026-04-19 08:58:02
cruise last minute,AU,Australia,English,,false,false,false,true,true,true,People also ask,10,4,0.44,1,0,6,,https://www.ozcruising.com.au/popular/last-minute/cruises,2026-04-20 03:29:48
sydney to airlie beach cruise,AU,Australia,English,"Sydney (Location), Airlie Beach (Location)",false,true,false,true,true,false,Video preview,40,0,0.58,1,0,10,,https://www.ozcruising.com.au/departing/sydney/cruises,2026-05-11 06:44:08
sydney cruise terminals,AU,Australia,English,Sydney (Location),false,true,false,true,false,false,"Local pack, People also ask, Thumbnail",10,3,,1,0,5,,https://www.ozcruising.com.au/blog/things-you-need-to-know-about-sydneys-cruise-ship-terminals,2026-04-24 10:17:17
crusing australia,AU,Australia,English,Australia (Location),false,true,false,true,true,false,"People also ask, Video preview",10,43,0.56,1,0,2,,https://www.ozcruising.com.au/,2026-04-18 17:43:50
cruises to nz from melbourne,AU,Australia,English,"New Zealand (Location), Melbourne (Location)",false,true,false,true,true,false,"Thumbnail, AI Overview, People also ask",10,0,,1,0,2,,https://www.ozcruising.com.au/region/new-zealand/departing-melbourne/cruises,2026-04-14 07:41:35
book a cruise online,AU,Australia,English,,false,false,false,false,true,true,Sitelinks,10,70,,1,0,2,,https://www.ozcruising.com.au/,2026-05-11 14:14:59
cruises from sydney november 2024,AU,Australia,English,Sydney (Location),false,true,false,true,true,false,Sitelinks,10,10,0.47,1,0,2,,https://www.ozcruising.com.au/departing/sydney/cruises,2026-04-26 04:16:28
cruise terminal melbourne,AU,Australia,English,Melbourne (Location),false,true,false,true,false,false,"AI Overview, Thumbnail, People also ask, Knowledge panel, Sitelinks",30,2,,1,0,1,AI Overview,https://www.ozcruising.com.au/blog/things-you-need-to-know-about-melbourne-cruise-ship-terminal,2026-04-17 06:38:29
cruise sydney to gold coast,AU,Australia,English,"Sydney (Location), Gold Coast (Location)",false,true,false,true,true,false,"AI Overview, Thumbnail",20,1,,1,0,7,,https://www.ozcruising.com.au/departing/sydney/cruises,2026-04-10 10:05:23
book a cruise from melbourne,AU,Australia,English,Melbourne (Location),false,true,false,false,true,true,,20,1,,1,0,6,,https://www.ozcruising.com.au/departing/melbourne/cruises,2026-04-27 03:15:05
mini cruise sydney,AU,Australia,English,Sydney (Location),false,true,false,true,true,false,"AI Overview, Thumbnail, Bottom ads, Paid sitelinks",20,2,,1,0,7,,https://www.ozcruising.com.au/short-cruises/departing-from-sydney,2026-04-29 09:48:39
sydney to tasmania cruise,AU,Australia,English,,false,true,false,true,true,false,"People also ask, Thumbnail, Video preview",600,0,0.36,1,0,22,,https://www.ozcruising.com.au/cruise/cl26-sl11jan26.1,2026-04-26 09:49:22
cruise day,AU,Australia,English,,false,false,false,true,true,false,People also ask,30,20,0.41,1,0,9,,https://www.ozcruising.com.au/departing/brisbane/cruises,2026-04-14 00:00:53
buy cruise,AU,Australia,English,,false,false,false,false,true,true,Sitelinks,10,61,0.52,1,0,3,,https://www.ozcruising.com.au/,2026-04-25 18:41:30
international cruises from melbourne,AU,Australia,English,Melbourne (Location),false,true,false,true,true,false,"Top ads, Paid sitelinks, AI Overview, Sitelinks, People also ask",20,1,,1,0,6,,https://www.ozcruising.com.au/departing/melbourne/cruises,2026-04-16 01:12:02
lastminute cruises,AU,Australia,English,,false,false,false,true,true,true,"Top ads, Paid sitelinks, Bottom ads",60,6,,1,6,8,,https://www.ozcruising.com.au/popular/last-minute/cruises,2026-04-23 05:00:52
weekend cruise from melbourne,AU,Australia,English,Melbourne (Location),false,true,false,true,true,false,"AI Overview, Thumbnail",20,0,,1,0,8,,https://www.ozcruising.com.au/short-cruises/departing-from-melbourne,2026-04-27 00:24:32
three day cruise,AU,Australia,English,,false,false,false,true,true,true,Video preview,40,0,0.35,1,0,10,,https://www.ozcruising.com.au/short/departing-sydney/cruises,2026-04-30 00:51:37
sydney tasmania cruise,AU,Australia,English,"Sydney (Location), Tasmania (Location)",false,true,false,true,true,false,"AI Overview, Thumbnail, Bottom ads, Paid sitelinks",40,0,,1,3,11,,https://www.ozcruising.com.au/cruise/cl26-sl11jan26.1,2026-05-03 17:13:53
cruise ship port melbourne,AU,Australia,English,Port Melbourne (Location),false,true,false,true,false,false,"People also ask, Discussions and forums, Knowledge panel",30,0,,1,0,8,,https://www.ozcruising.com.au/blog/things-you-need-to-know-about-melbourne-cruise-ship-terminal,2026-05-09 08:59:11
cruises to singapore from brisbane,AU,Australia,English,"Singapore (Location), Brisbane (Location)",false,true,false,true,true,false,"Top ads, Paid sitelinks, AI Overview, Thumbnail, People also ask",30,0,,1,0,9,,https://www.ozcruising.com.au/cruise/cl26-lm30nov26.1,2026-04-17 19:01:53
cruise ships departing brisbane,AU,Australia,English,Brisbane (Location),false,true,false,true,false,false,"Top ads, Knowledge panel, People also ask",30,2,0.28,1,0,8,,https://www.ozcruising.com.au/departing/brisbane/cruises,2026-04-29 13:38:53
melbourne cruise ship terminal,AU,Australia,English,"Melbourne (Location), Station Pier (Location)",false,true,false,true,false,false,"AI Overview, Thumbnail, People also ask, Knowledge panel",20,2,0.49,1,0,4,,https://www.ozcruising.com.au/blog/things-you-need-to-know-about-melbourne-cruise-ship-terminal,2026-05-07 02:32:22
cruise sales finder,AU,Australia,English,,false,false,false,true,true,true,People also ask,10,53,0.42,1,0,4,,https://www.ozcruising.com.au/sales,2026-04-20 23:51:17
best place to book a cruise,AU,Australia,English,,false,false,false,true,true,false,"People also ask, Sitelinks, Discussions and forums",10,71,0.97,1,0,5,,https://www.ozcruising.com.au/,2026-04-29 02:31:45
how fast do boats go,AU,Australia,English,,false,false,false,true,false,false,"AI Overview, Video preview, Thumbnail, People also ask, Sitelinks",10,0,,1,0,6,,https://www.ozcruising.com.au/blog/how-fast-does-a-cruise-ship-travel,2026-05-09 09:32:11
cruise ship prices,AU,Australia,English,,false,false,false,true,true,false,People also ask,50,28,0.37,1,0,11,,https://www.ozcruising.com.au/cruise-specials,2026-04-16 17:43:17
auckland to sydney cruise,AU,Australia,English,,false,true,false,true,true,false,"People also ask, Video preview",40,0,0.58,1,0,10,,https://www.ozcruising.com.au/popular/one-way/cruises,2026-05-10 22:59:21
4 night cruises from sydney,AU,Australia,English,Sydney (Location),false,true,false,true,true,false,"Top ads, Paid sitelinks, Thumbnail, Bottom ads",150,2,0.31,1,0,8,,https://www.ozcruising.com.au/short/departing-sydney/cruises,2026-04-17 19:31:51
world cruise from melbourne,AU,Australia,English,Melbourne (Location),false,true,false,true,true,false,"AI Overview, Thumbnail, People also ask",10,0,,1,0,6,,https://www.ozcruising.com.au/cruise/pc26-3613j,2026-05-11 07:13:29
enjoy your cruise,AU,Australia,English,,false,false,false,true,true,false,People also ask,10,12,,1,0,5,,https://www.ozcruising.com.au/,2026-04-19 15:50:47
cruises pacific,AU,Australia,English,Pacific (Location),false,false,false,true,true,true,,10,0,0.54,1,0,5,,https://www.ozcruising.com.au/region/south-pacific/departing-sydney/cruises,2026-05-10 23:27:12
cruise 3 day,AU,Australia,English,,false,false,false,true,true,true,"AI Overview, Video preview",30,1,,1,0,11,,https://www.ozcruising.com.au/short-cruises,2026-05-03 12:57:28
weekend cruise melbourne,AU,Australia,English,Melbourne (Location),false,true,false,true,true,false,Local pack,20,1,,1,0,7,,https://www.ozcruising.com.au/short-cruises/departing-from-melbourne,2026-04-24 09:21:38
cruise now,AU,Australia,English,,false,false,false,true,true,false,People also ask,20,69,0.43,1,0,6,,https://www.ozcruising.com.au/,2026-04-11 03:27:32
sydney cruise 3 days,AU,Australia,English,Sydney (Location),false,true,false,true,true,false,"AI Overview, Video preview",20,1,,1,0,7,,https://www.ozcruising.com.au/short/departing-sydney/cruises,2026-04-10 04:59:17
christmas cruises from sydney 2023,AU,Australia,English,Sydney (Location),false,true,false,true,true,false,"Sitelinks, People also ask",30,0,,1,0,8,,https://www.ozcruising.com.au/popular/christmas/cruises,2026-04-17 16:16:42
best south pacific cruises from australia,AU,Australia,English,Australia (Location),false,false,false,true,true,false,"AI Overview, Thumbnail, People also ask, Bottom ads, Paid sitelinks",30,0,0.52,1,0,9,,https://www.ozcruising.com.au/region/south-pacific/departing-sydney/cruises,2026-04-18 01:30:02
cruise ships leaving brisbane,AU,Australia,English,Brisbane (Location),false,true,false,true,true,false,"People also ask, Knowledge panel",40,2,0.28,1,0,10,,https://www.ozcruising.com.au/departing/brisbane/cruises,2026-04-30 05:34:28
around australia cruise 2025 from brisbane,AU,Australia,English,Brisbane (Location),false,true,false,true,true,false,"AI Overview, Thumbnail, People also ask",30,0,,1,0,10,,https://www.ozcruising.com.au/departing/brisbane/cruises,2026-04-26 20:24:48
sydney to tokyo cruise,AU,Australia,English,,false,false,false,true,true,false,,30,0,0.66,1,0,9,,https://www.ozcruising.com.au/cruise/pc27-a714b,2026-04-12 16:28:28
last.minute cruise deals,AU,Australia,English,,false,false,false,true,true,true,"AI Overview, People also ask, Thumbnail",30,6,,1,0,11,,https://www.ozcruising.com.au/popular/last-minute/cruises,2026-05-04 22:51:02
cruisers in australia,AU,Australia,English,Australia (Location),false,true,false,true,true,false,"Top ads, People also ask",10,63,,1,0,3,,https://www.ozcruising.com.au/,2026-05-06 04:06:58
cruise trip adelaide,AU,Australia,English,Adelaide (Location),false,true,false,true,true,false,"Top ads, Paid sitelinks, Local pack, Thumbnail, People also ask",10,0,0.34,1,0,3,,https://www.ozcruising.com.au/departing/adelaide/cruises,2026-04-19 22:36:39
cruise sydney to tasmania,AU,Australia,English,,false,true,false,true,true,false,"Thumbnail, People also ask, Video preview",250,0,0.36,1,0,20,,https://www.ozcruising.com.au/cruise/cl26-sl11jan26.1,2026-02-09 17:38:32
sydney to perth cruises,AU,Australia,English,Sydney to Perth (Event),false,true,false,true,true,false,,40,0,0.33,1,0,10,,https://www.ozcruising.com.au/departing/sydney/cruises,2026-04-30 09:59:02
cruise deals adelaide,AU,Australia,English,Adelaide (Location),false,true,false,true,true,false,,40,2,0.26,1,0,10,,https://www.ozcruising.com.au/departing/adelaide/cruises,2026-04-14 21:39:47
cruzeiro sydney,AU,Australia,Portuguese,Sydney (Location),false,true,false,true,true,false,"Top ads, Paid sitelinks, Sitelinks, People also ask",10,59,,1,0,4,,https://www.ozcruising.com.au/departing/sydney/cruises,2026-04-26 23:40:12
vanuatu cruise from melbourne,AU,Australia,English,Melbourne (Location),false,true,false,true,true,false,"AI Overview, People also ask, Sitelinks",50,0,,1,0,12,,https://www.ozcruising.com.au/cruise/cl27-lm27mar27,2026-05-09 20:19:07
cruises brisbane to sydney,AU,Australia,English,,false,true,false,true,true,false,,30,8,0.32,1,0,9,,https://www.ozcruising.com.au/short/departing-brisbane/cruises,2026-04-28 23:37:28
singapore to sydney cruise 2025,AU,Australia,English,,false,false,false,true,true,false,"Top ads, Paid sitelinks, Sitelinks, Thumbnail, People also ask, Bottom ads",30,0,,1,1,9,,https://www.ozcruising.com.au/one-way-cruises/singapore-to-sydney,2026-04-30 22:19:28
singapore to australia cruises,AU,Australia,English,,false,false,false,true,true,false,"AI Overview, People also ask",20,0,0.45,1,0,9,,https://www.ozcruising.com.au/one-way-cruises/singapore-to-sydney,2026-04-19 15:05:17
sydney cruise departures,AU,Australia,English,Sydney (Location),false,true,false,true,false,false,"People also ask, Knowledge panel",20,18,,1,0,8,,https://www.ozcruising.com.au/departing/sydney/cruises,2026-05-08 09:54:54
cruies,AU,Australia,English,,false,false,false,true,true,false,,20,72,0.44,1,0,8,,https://www.ozcruising.com.au/,2026-04-15 22:19:32
cheap cruises brisbane,AU,Australia,English,Brisbane (Location),false,true,false,true,true,false,"AI Overview, People also ask, Local pack, Bottom ads, Paid sitelinks",30,2,0.49,1,0,8,,https://www.ozcruising.com.au/cruise-specials,2026-04-16 09:26:02
cruises departing sydney today,AU,Australia,English,Sydney (Location),false,true,false,true,false,false,People also ask,20,18,,1,0,7,,https://www.ozcruising.com.au/departing/sydney/cruises,2026-04-17 22:10:53
2025 cruise,AU,Australia,English,,false,false,false,true,true,false,,20,35,0.56,1,0,7,,https://www.ozcruising.com.au/,2026-04-19 18:35:03
3 night cruises sydney,AU,Australia,English,Sydney (Location),false,true,false,true,true,false,"Top ads, Paid sitelinks, AI Overview, Thumbnail, People also ask",40,1,0.41,1,0,11,,https://www.ozcruising.com.au/departing/sydney/cruises,2026-04-20 09:47:53
sydney to new zealand,AU,Australia,English,"Sydney (Location), New Zealand (Location)",false,true,false,true,true,false,"People also ask, Thumbnail, Video preview",1600,0,0.15,1,0,24,,https://www.ozcruising.com.au/region/new-zealand/departing-sydney/cruises,2026-05-01 01:44:00
cheap cruses,AU,Australia,English,,false,false,false,true,true,false,,10,30,,1,0,5,,https://www.ozcruising.com.au/cruise-specials,2026-05-08 05:01:52
brisbane crusies,AU,Australia,English,Brisbane (Location),false,true,false,true,true,true,"Top ads, Paid sitelinks, Local pack, Thumbnail, Bottom ads",20,1,,1,0,7,,https://www.ozcruising.com.au/departing/brisbane/cruises,2026-04-20 21:45:42
cruise ship trips,AU,Australia,English,,false,false,false,true,true,false,"Bottom ads, Paid sitelinks",20,52,0.45,1,0,6,,https://www.ozcruising.com.au/,2026-04-22 17:33:03
australian cruise ship companies,AU,Australia,English,,false,false,false,true,false,false,"AI Overview, People also ask",20,50,0.67,1,0,3,People also ask,https://www.ozcruising.com.au/,2026-05-03 06:32:45
cruise ships departing brisbane today,AU,Australia,English,Brisbane (Location),false,true,false,true,false,false,People also ask,20,2,,1,0,6,,https://www.ozcruising.com.au/departing/brisbane/cruises,2026-04-15 02:38:28
cheap cruises around australia,AU,Australia,English,,false,false,false,true,true,false,"Top ads, Paid sitelinks, Thumbnail, People also ask",20,27,,1,0,6,,https://www.ozcruising.com.au/cruise-specials,2026-05-10 15:15:15
cruise ship drink packages,AU,Australia,English,,false,false,false,true,true,false,"AI Overview, People also ask, Thumbnail, Discussions and forums",20,1,0.32,1,0,7,,https://www.ozcruising.com.au/blog/best-australian-cruise-ship-drinks-packages,2026-04-10 01:01:39
queensland cruises 2024,AU,Australia,English,Queensland (Location),false,true,false,true,true,false,Sitelinks,30,3,,1,0,8,,https://www.ozcruising.com.au/departing/brisbane/cruises,2026-04-26 21:37:07
cruise brisbane to png,AU,Australia,English,"Brisbane (Location), Papua New Guinea (Location)",false,true,false,true,true,false,"AI Overview, Thumbnail, Video preview, People also ask",30,0,,1,0,10,,https://www.ozcruising.com.au/cruise/cl26-eq09jun26.1,2026-04-08 22:11:14
domestic cruises,AU,Australia,English,,false,false,false,true,true,false,"AI Overview, Sitelinks, People also ask",30,39,0.42,1,0,10,,https://www.ozcruising.com.au/popular/one-way/cruises,2026-04-14 16:28:07
budget cruises,AU,Australia,English,,false,false,false,true,true,false,"AI Overview, People also ask",40,26,0.46,1,0,11,,https://www.ozcruising.com.au/cruise-specials,2026-05-02 12:00:47
station pier cruise ship terminal,AU,Australia,English,Station Pier (Location),false,true,false,true,false,false,"Local pack, People also ask, Thumbnail, Sitelinks",20,1,0.46,1,0,9,,https://www.ozcruising.com.au/blog/things-you-need-to-know-about-melbourne-cruise-ship-terminal,2026-04-25 16:02:00
cruise sydney to whitsundays,AU,Australia,English,"Sydney (Location), Whitsundays (Location)",false,true,false,true,true,false,"Top ads, Paid sitelinks, AI Overview, Thumbnail, People also ask",20,0,,1,0,9,,https://www.ozcruising.com.au/departing/sydney/cruises,2026-04-28 09:04:53
perth to melbourne cruise,AU,Australia,English,Perth to Melbourne cruise (Work),false,true,false,true,true,true,People also ask,20,0,,1,0,8,,https://www.ozcruising.com.au/departing/fremantle/cruises,2026-04-30 04:14:40
ship cruising,AU,Australia,English,,false,false,false,true,true,false,"AI Overview, Thumbnail, People also ask, Sitelinks",10,80,,1,0,3,,https://www.ozcruising.com.au/,2026-05-01 00:19:12
cruise brisbane to new zealand 2024,AU,Australia,English,"Brisbane (Location), New Zealand (Location)",false,true,false,true,true,false,Sitelinks,10,0,0.37,1,0,2,,https://www.ozcruising.com.au/region/new-zealand/departing-brisbane/cruises,2026-04-24 13:04:54
2 night cruise brisbane,AU,Australia,English,Brisbane (Location),false,true,false,true,true,false,"AI Overview, Thumbnail",10,0,0.44,1,0,1,AI Overview,https://www.ozcruising.com.au/short/departing-brisbane/cruises,2026-04-26 14:49:11
south pacific cruises from brisbane 2024,AU,Australia,English,Brisbane (Location),false,true,false,true,true,false,Sitelinks,10,0,0.52,1,0,2,,https://www.ozcruising.com.au/region/south-pacific/departing-brisbane/cruises,2026-04-18 11:58:03
south pacific cruises from sydney 2024,AU,Australia,English,Sydney (Location),false,true,false,true,true,false,,10,0,0.46,1,0,2,,https://www.ozcruising.com.au/region/south-pacific/departing-sydney/cruises,2026-05-11 04:43:28
do i need a passport for a cruise in australia,AU,Australia,English,Australia (Location),false,true,false,true,false,false,"AI Overview, Thumbnail, People also ask, Sitelinks, Bottom ads, Paid sitelinks",10,0,0.14,1,0,3,,https://www.ozcruising.com.au/blog/cruises-you-can-take-without-a-passport,2026-04-15 20:45:53
cruise for sale,AU,Australia,English,,false,false,false,true,true,true,Thumbnail,10,28,0.43,1,0,2,,https://www.ozcruising.com.au/cruise-specials,2026-04-25 13:02:47
last minute short cruises from sydney,AU,Australia,English,Sydney (Location),false,true,false,true,true,true,"Top ads, Bottom ads, Paid sitelinks",30,1,0.26,1,0,7,,https://www.ozcruising.com.au/popular/last-minute/cruises,2026-04-17 22:58:00
cruise from hong kong to sydney,AU,Australia,English,"Hong Kong (Location), Sydney (Location)",false,true,false,true,true,false,"Top ads, Paid sitelinks, AI Overview, Thumbnail, People also ask",20,0,,1,0,8,,https://www.ozcruising.com.au/cruise/cu28-q805a,2026-04-28 04:48:28
澳洲游轮,AU,Australia,Chinese,,false,false,false,true,true,false,"Top ads, Paid sitelinks, Thumbnail",20,39,,1,0,7,,https://www.ozcruising.com.au/,2026-04-14 20:37:53
new zeland cruises,AU,Australia,English,New Zealand (Location),false,false,false,true,true,false,"Top ads, People also ask, Video preview, Bottom ads, Paid sitelinks",20,1,,1,0,7,,https://www.ozcruising.com.au/region/new-zealand/departing-sydney/cruises,2026-04-14 10:37:04
brisbane to png cruise,AU,Australia,English,"Brisbane (Location), Papua New Guinea (Location)",false,true,false,true,true,false,"AI Overview, Thumbnail, People also ask, Video preview",20,0,0.26,1,0,8,,https://www.ozcruising.com.au/cruise/cl26-eq09jun26.1,2026-04-30 13:13:02
cruise ships leaving melbourne,AU,Australia,English,Melbourne (Location),false,true,false,true,true,false,"Top ads, Paid sitelinks, AI Overview",20,1,,1,1,8,,https://www.ozcruising.com.au/departing/melbourne/cruises,2026-04-27 22:16:29
cruise ships around australia,AU,Australia,English,,false,false,false,true,true,false,"Thumbnail, People also ask, Bottom ads, Paid sitelinks",30,22,0.35,1,0,9,,https://www.ozcruising.com.au/,2026-04-15 17:28:02
cruises from australia to usa,AU,Australia,English,USA (Location),false,false,false,true,true,false,"AI Overview, People also ask",40,0,0.38,1,0,12,,https://www.ozcruising.com.au/,2026-04-26 20:44:53
cruise tour australia,AU,Australia,English,Australia (Location),false,false,false,true,true,false,"AI Overview, Thumbnail, People also ask",20,0,,1,0,9,,https://www.ozcruising.com.au/,2026-04-14 03:08:31
ships cruise,AU,Australia,English,,false,false,false,true,true,false,"AI Overview, Thumbnail",10,65,,1,0,4,,https://www.ozcruising.com.au/,2026-04-10 14:22:32
sudney cruises,AU,Australia,English,Sydney (Location),false,true,false,true,true,false,Local pack,10,36,,1,0,4,,https://www.ozcruising.com.au/departing/sydney/cruises,2026-05-10 00:52:54
how much to buy a cruise ship,AU,Australia,English,,false,false,false,true,true,false,"AI Overview, People also ask, Sitelinks",10,0,,1,0,5,,https://www.ozcruising.com.au/blog/how-much-does-a-cruise-ship-cost-to-build,2026-04-20 11:09:52
cruceros desde australia,AU,Australia,Spanish,Australia (Location),false,true,false,true,true,false,"Top ads, Paid sitelinks, Bottom ads",10,43,0.37,1,0,4,,https://www.ozcruising.com.au/,2026-04-27 04:06:28
cruise leaving fremantle,AU,Australia,English,Fremantle (Location),false,true,false,true,true,false,Knowledge panel,10,2,,1,0,4,,https://www.ozcruising.com.au/departing/fremantle/cruises,2026-04-24 08:53:46
aussie cruise sale finder,AU,Australia,English,,false,false,false,true,true,false,,10,42,0.22,1,0,4,,https://www.ozcruising.com.au/sales,2026-05-03 02:31:45
sydney crusies,AU,Australia,English,Sydney (Location),false,true,false,true,true,false,"Bottom ads, Paid sitelinks",10,58,,1,0,6,,https://www.ozcruising.com.au/departing/sydney/cruises,2026-04-28 00:03:09
bargain cruises,AU,Australia,English,,false,false,false,true,true,false,"AI Overview, People also ask, Thumbnail",10,24,0.45,1,0,7,,https://www.ozcruising.com.au/cruise-specials,2026-05-11 09:14:42
last minute cruise offers,AU,Australia,English,,false,false,false,true,true,true,AI Overview,30,4,,1,0,11,,https://www.ozcruising.com.au/popular/last-minute/cruises,2026-05-07 17:32:57
cruise to sydney from brisbane,AU,Australia,English,"Sydney (Location), Brisbane (Location)",false,true,false,true,true,false,"AI Overview, People also ask",30,8,,1,0,10,,https://www.ozcruising.com.au/short/departing-brisbane/cruises,2026-04-27 01:22:40
cruise adelaide to sydney,AU,Australia,English,,false,true,false,true,true,false,"People also ask, Video preview",30,0,,1,0,9,,https://www.ozcruising.com.au/departing/adelaide/cruises,2026-05-05 15:20:29
cruises ship,AU,Australia,English,,false,false,false,true,true,false,,20,34,,1,0,8,,https://www.ozcruising.com.au/,2026-04-23 15:47:28
christmas cruise 2024 australia,AU,Australia,English,Australia (Location),false,true,false,true,true,false,"AI Overview, People also ask",10,0,,1,0,6,,https://www.ozcruising.com.au/popular/christmas/cruises,2026-05-06 10:45:32
cruise singapore to fremantle,AU,Australia,English,,false,false,false,true,true,false,"AI Overview, People also ask",10,0,0.42,1,0,6,,https://www.ozcruising.com.au/cruise/pc27-h726,2026-05-06 18:03:29
crusies sydney,AU,Australia,English,Sydney (Location),false,true,false,true,true,false,People also ask,10,59,0.57,1,0,3,,https://www.ozcruising.com.au/departing/sydney/cruises,2026-04-29 12:32:10
cruise compare australia,AU,Australia,English,Australia (Location),false,true,false,true,true,false,Sitelinks,10,55,0.24,1,0,3,,https://www.ozcruising.com.au/,2026-05-10 11:12:06
3 night cruise sydney,AU,Australia,English,Sydney (Location),false,true,false,true,true,true,"AI Overview, Thumbnail, Video preview, Bottom ads, Paid sitelinks",20,1,,1,0,8,,https://www.ozcruising.com.au/short-cruises/departing-from-sydney,2026-04-28 22:05:12
captain of the ship,AU,Australia,English,,false,false,false,true,false,false,"AI Overview, Thumbnail, Video preview, People also ask",20,0,,1,0,8,,https://www.ozcruising.com.au/blog/a-day-in-the-life-of-the-captain-of-a-cruise-ship,2026-05-03 20:59:03
cruise from auckland to sydney,AU,Australia,English,"Auckland (Location), Sydney (Location)",false,true,false,true,true,false,"AI Overview, Thumbnail, People also ask, Discussions and forums, Video preview",30,0,0.58,1,0,11,,https://www.ozcruising.com.au/popular/one-way/cruises,2026-05-10 01:34:47
cheap cruises in australia,AU,Australia,English,Australia (Location),false,true,false,true,true,false,"People also ask, AI Overview, Thumbnail",20,30,0.48,1,0,9,,https://www.ozcruising.com.au/cruise-specials,2026-04-12 05:42:13
hawaii cruising,AU,Australia,English,Hawaii (Location),false,true,false,true,true,false,"AI Overview, Thumbnail, People also ask",20,2,0.25,1,0,9,,https://www.ozcruising.com.au/region/hawaii/departing-australia/cruises,2026-04-24 18:43:53
10 night new zealand cruise,AU,Australia,English,New Zealand (Location),false,false,false,true,true,true,Video preview,20,0,,1,0,8,,https://www.ozcruising.com.au/region/new-zealand/departing-sydney/cruises,2026-04-25 16:21:16
melbourne cruise ships,AU,Australia,English,Melbourne (Location),false,true,false,true,true,false,"Top ads, Paid sitelinks, Thumbnail, AI Overview, People also ask, Local pack, Discussions and forums",20,1,0.27,1,0,9,,https://www.ozcruising.com.au/departing/melbourne/cruises,2026-04-29 00:11:28
cruises from sydney deals,AU,Australia,English,,false,true,false,true,true,false,Thumbnail,20,5,,1,0,8,,https://www.ozcruising.com.au/departing/sydney/cruises,2026-04-25 23:26:39
fremantle cruise terminal,AU,Australia,English,Fremantle (Location),false,true,false,true,false,false,"People also ask, Thumbnail, Knowledge panel",60,2,0.21,1,0,10,,https://www.ozcruising.com.au/blog/things-you-need-to-know-about-fremantle-passenger-terminal,2026-05-01 14:01:55
australia to new zealand cruises,AU,Australia,English,,false,false,false,true,true,false,"Top ads, Paid sitelinks, AI Overview, Thumbnail, People also ask, Bottom ads",40,7,0.45,1,0,12,,https://www.ozcruising.com.au/region/new-zealand/departing-sydney/cruises,2026-04-20 07:51:32
cruise dates,AU,Australia,English,,false,false,false,true,true,false,"Bottom ads, Paid sitelinks",30,56,0.45,1,0,10,,https://www.ozcruising.com.au/,2026-04-17 17:33:10
short cruises from melbourne 2024,AU,Australia,English,Melbourne (Location),false,true,false,true,true,false,"Sitelinks, People also ask",10,0,,1,0,2,,https://www.ozcruising.com.au/short/departing-melbourne/cruises,2026-05-02 15:23:29
3 day cruise from melbourne,AU,Australia,English,Melbourne (Location),false,true,false,true,true,false,"AI Overview, People also ask, Thumbnail, Video preview",250,0,0.20,1,0,20,,https://www.ozcruising.com.au/short-cruises/departing-from-melbourne,2026-05-02 23:47:19
adelaide to sydney cruise,AU,Australia,English,,false,true,false,true,true,false,"People also ask, Video preview",30,0,0.28,1,0,10,,https://www.ozcruising.com.au/departing/adelaide/cruises,2026-04-27 09:17:04
all inclusive cruise australia,AU,Australia,English,Australia (Location),false,true,false,true,true,false,"AI Overview, People also ask",30,15,,1,0,11,,https://www.ozcruising.com.au/departing/sydney/cruises,2026-04-25 20:17:53
cruise sydney to london,AU,Australia,English,,false,false,false,true,true,false,"AI Overview, People also ask, Thumbnail",30,0,0.42,1,0,11,,https://www.ozcruising.com.au/departing/sydney/cruises,2026-04-16 21:03:53
station pier cruise terminal,AU,Australia,English,Station Pier (Location),false,true,false,true,false,false,"Thumbnail, Knowledge panel, People also ask",10,3,,1,0,6,,https://www.ozcruising.com.au/blog/things-you-need-to-know-about-melbourne-cruise-ship-terminal,2026-04-25 00:38:23
cruises with drink packages,AU,Australia,English,,false,false,false,true,true,false,"People also ask, Discussions and forums, Video preview",10,0,0.32,1,0,6,,https://www.ozcruising.com.au/blog/best-australian-cruise-ship-drinks-packages,2026-04-19 15:55:52
cheap australia cruises,AU,Australia,English,Australia (Location),false,true,false,true,true,false,,10,13,0.95,1,0,6,,https://www.ozcruising.com.au/cruise-specials,2026-04-27 08:00:43
rome cruises,AU,Australia,English,Rome (Location),false,true,false,true,true,false,"Top ads, Paid sitelinks, Thumbnail, Bottom ads",10,0,0.84,1,0,6,,https://www.ozcruising.com.au/region/mediterranean/departing-rome/cruises,2026-04-17 14:04:34
cruises from melbourne to melbourne,AU,Australia,English,Melbourne (Location),false,true,false,true,true,false,"Top ads, Paid sitelinks, Thumbnail",30,0,,1,0,9,,https://www.ozcruising.com.au/departing/melbourne/cruises,2026-05-10 10:23:19
cruise adelaide to port lincoln,AU,Australia,English,"Adelaide (Location), Port Lincoln (Location)",false,true,false,true,true,false,"Top ads, Paid sitelinks, Thumbnail, People also ask, Bottom ads",30,0,0.23,1,0,9,,https://www.ozcruising.com.au/cruise/cl28-aq27feb28,2026-05-08 10:42:50
vancouver to sydney cruise,AU,Australia,English,,false,false,false,true,true,false,"AI Overview, Thumbnail, People also ask",20,0,0.50,1,0,8,,https://www.ozcruising.com.au/cruise/pc27-1733a,2026-04-16 04:06:36
brisbane to sydney cruises,AU,Australia,English,,false,true,false,true,true,false,"Top ads, AI Overview, People also ask",20,1,,1,0,9,,https://www.ozcruising.com.au/short/departing-brisbane/cruises,2026-04-20 03:05:34
ladt minute cruises,AU,Australia,English,,false,false,false,true,true,true,"Top ads, Thumbnail, People also ask",20,3,,1,0,8,,https://www.ozcruising.com.au/popular/last-minute/cruises,2026-04-30 21:17:27
cruises from brisbane to melbourne,AU,Australia,English,"Brisbane (Location), Melbourne (Location)",false,true,false,true,true,false,"Top ads, Paid sitelinks, AI Overview, People also ask, Thumbnail",20,8,,1,1,9,,https://www.ozcruising.com.au/departing/brisbane/cruises,2026-05-11 06:33:15
how to become a cruise ship captain,AU,Australia,English,,false,false,false,true,false,false,"AI Overview, People also ask, Video preview, Discussions and forums",30,11,,1,0,11,,https://www.ozcruising.com.au/blog/a-day-in-the-life-of-the-captain-of-a-cruise-ship,2026-05-06 23:12:31
2024 christmas cruises,AU,Australia,English,Christmas (Event),false,false,false,true,true,false,People also ask,10,0,0.57,1,0,5,,https://www.ozcruising.com.au/popular/christmas/cruises,2026-05-08 22:48:06
australian cruses,AU,Australia,English,,false,false,false,true,true,false,"Thumbnail, People also ask, Top stories, Discussions and forums",10,50,,1,0,5,,https://www.ozcruising.com.au/,2026-05-10 21:13:19
average boat speed km/h,AU,Australia,English,,false,false,false,true,false,false,"People also ask, Sitelinks",10,0,,1,0,4,,https://www.ozcruising.com.au/blog/how-fast-does-a-cruise-ship-travel,2026-04-27 16:42:32
cruises leaving from brisbane today,AU,Australia,English,Brisbane (Location),false,true,false,true,false,false,"AI Overview, People also ask",10,2,,1,0,5,,https://www.ozcruising.com.au/departing/brisbane/cruises,2026-05-09 01:22:00
cruises leaving brisbane tomorrow,AU,Australia,English,Brisbane (Location),false,true,false,true,false,false,"AI Overview, People also ask, Sitelinks, Thumbnail",10,1,,1,0,5,,https://www.ozcruising.com.au/departing/brisbane/cruises,2026-05-09 21:36:47
do you need a passport on a cruise,AU,Australia,English,,false,false,false,true,false,false,"AI Overview, Thumbnail, Video preview, People also ask, Sitelinks",10,0,,1,0,5,,https://www.ozcruising.com.au/blog/cruises-you-can-take-without-a-passport,2026-04-28 05:50:29
best cruise deals from sydney,AU,Australia,English,Sydney (Location),false,true,false,true,true,false,"AI Overview, Thumbnail, People also ask",10,5,0.57,1,0,9,,https://www.ozcruising.com.au/departing/sydney/cruises,2026-04-23 14:11:28
10 day cruise from melbourne,AU,Australia,English,Melbourne (Location),false,true,false,true,true,false,"AI Overview, Thumbnail, People also ask",20,2,,1,0,10,,https://www.ozcruising.com.au/short-cruises/departing-from-melbourne,2026-05-04 22:41:53
3 night cruises from melbourne,AU,Australia,English,Melbourne (Location),false,true,false,true,true,false,"AI Overview, Thumbnail, People also ask",20,0,,1,1,10,,https://www.ozcruising.com.au/short-cruises/departing-from-melbourne,2026-05-01 09:46:19
cruise deals to new zealand,AU,Australia,English,New Zealand (Location),false,false,false,true,true,false,"Thumbnail, AI Overview",30,1,0.52,1,0,11,,https://www.ozcruising.com.au/region/new-zealand/departing-sydney/cruises,2026-05-03 22:45:33
last minute crusies,AU,Australia,English,,false,false,false,true,true,true,People also ask,30,1,0.25,1,0,10,,https://www.ozcruising.com.au/popular/last-minute/cruises,2026-04-12 05:43:17
drinks package,AU,Australia,English,,false,false,false,true,true,false,"Thumbnail, People also ask, Sitelinks",70,0,0.27,1,0,11,,https://www.ozcruising.com.au/blog/best-australian-cruise-ship-drinks-packages,2026-04-14 10:25:47
cruise ships that leave from melbourne,AU,Australia,English,Melbourne (Location),false,true,false,true,true,false,"AI Overview, Thumbnail, People also ask",10,0,,1,0,1,AI Overview,https://www.ozcruising.com.au/departing/melbourne/cruises,2026-05-01 06:20:57
cruises from sydney september 2024,AU,Australia,English,Sydney (Location),false,true,false,true,true,false,Sitelinks,10,12,0.47,1,0,2,,https://www.ozcruising.com.au/departing/sydney/cruises,2026-04-23 18:16:17
cruise.finder,AU,Australia,English,,false,false,false,true,true,false,"Bottom ads, Paid sitelinks",10,54,,1,0,2,,https://www.ozcruising.com.au/,2026-04-22 13:38:27
cruise melbourne to hawaii,AU,Australia,English,,false,true,false,true,true,false,"Thumbnail, People also ask",0,0,,1,0,1,,https://www.ozcruising.com.au/region/hawaii/departing-australia/cruises,2026-04-29 20:00:14
christmas cruises 2023,AU,Australia,English,,false,false,false,true,true,false,"People also ask, Sitelinks",0,0,0.52,1,0,1,,https://www.ozcruising.com.au/popular/christmas/cruises,2026-04-28 00:07:59
new year cruises 2024,AU,Australia,English,,false,false,false,true,true,false,"Sitelinks, People also ask",0,0,0.51,1,0,1,,https://www.ozcruising.com.au/popular/new-years-eve/cruises,2026-04-27 15:14:00
cruise finder 2024,AU,Australia,English,,false,false,false,true,true,false,Sitelinks,0,65,0.45,1,0,1,,https://www.ozcruising.com.au/,2026-04-13 23:04:29
aus to hawaii,AU,Australia,English,,false,false,false,true,true,false,"People also ask, Sitelinks",10,0,0.13,1,0,6,,https://www.ozcruising.com.au/region/hawaii/departing-australia/cruises,2026-04-20 15:15:31
pacific ocean cruise,AU,Australia,English,Pacific Ocean (Location),false,false,false,true,true,true,"AI Overview, People also ask",10,7,0.53,1,0,7,,https://www.ozcruising.com.au/region/south-pacific/departing-sydney/cruises,2026-05-04 02:43:39
country cruises,AU,Australia,English,,false,false,false,true,true,false,,10,16,0.45,1,0,6,,https://www.ozcruising.com.au/theme/country-music/cruises,2026-04-09 19:53:28
cheap cruise deal,AU,Australia,English,,false,false,false,true,true,false,"Top ads, Paid sitelinks, Bottom ads",10,22,0.43,1,0,6,,https://www.ozcruising.com.au/cruise-specials,2026-05-11 02:20:23
cheap 3 day cruises,AU,Australia,English,,false,false,false,true,true,false,"People also ask, Bottom ads, Paid sitelinks",10,3,0.46,1,0,6,,https://www.ozcruising.com.au/short-cruises/departing-from-sydney,2026-04-28 20:54:53
cruises from sydney 2025,AU,Australia,English,Sydney (Location),false,true,false,true,true,false,"AI Overview, Thumbnail, People also ask",70,10,0.36,1,0,15,,https://www.ozcruising.com.au/departing/sydney/cruises,2026-05-09 13:21:00
south pacific cruises from melbourne,AU,Australia,English,Melbourne (Location),false,true,false,true,true,false,"AI Overview, Thumbnail, People also ask, Bottom ads, Paid sitelinks",60,0,0.27,1,0,12,,https://www.ozcruising.com.au/,2026-04-23 18:06:59
cruises leaving sydney tomorrow,AU,Australia,English,,false,true,false,true,true,false,"People also ask, Bottom ads, Paid sitelinks",20,14,,1,2,9,,https://www.ozcruising.com.au/departing/sydney/cruises,2026-05-01 22:05:28
sydney to athens cruise,AU,Australia,English,,false,false,false,true,true,false,Thumbnail,10,0,0.78,1,0,3,,https://www.ozcruising.com.au/cruise/pc26-6604a,2026-04-26 03:16:02
cruise from freemantle,AU,Australia,English,Fremantle (Location),false,true,false,true,true,false,"Top ads, Thumbnail, Discussions and forums",10,2,,1,0,3,,https://www.ozcruising.com.au/departing/fremantle/cruises,2026-04-22 13:04:32
cruise south pacific from australia,AU,Australia,English,South Pacific (Location),false,false,false,true,true,false,"AI Overview, Thumbnail",10,1,0.64,1,0,4,,https://www.ozcruising.com.au/region/south-pacific/departing-sydney/cruises,2026-04-30 22:58:35
world cruisers,AU,Australia,English,,false,false,false,true,true,false,"AI Overview, Thumbnail, Top ads, Paid sitelinks, People also ask, Bottom ads",0,1,0.71,1,0,3,,https://www.ozcruising.com.au/theme/world/cruises,2026-04-28 14:51:54
cruise new year,AU,Australia,English,,false,false,false,true,true,false,"Top ads, Paid sitelinks",0,0,,1,0,2,,https://www.ozcruising.com.au/popular/new-years-eve/cruises,2026-04-13 22:06:48
christmas cruising,AU,Australia,English,Christmas (Event),false,false,false,true,true,false,"Top ads, Paid sitelinks, People also ask, Bottom ads",20,0,,1,0,8,,https://www.ozcruising.com.au/popular/christmas/cruises,2026-04-13 21:00:54
cruises overseas,AU,Australia,English,,false,false,false,true,true,false,"Thumbnail, AI Overview, Sitelinks",20,48,0.57,1,0,9,,https://www.ozcruising.com.au/,2026-04-22 08:43:17
14 day cruise packing list,AU,Australia,English,,false,false,false,true,false,false,"AI Overview, People also ask, Discussions and forums",20,0,0.32,1,0,9,,https://www.ozcruising.com.au/blog/cruise-packing-list-pdf-and-excel-checklist,2026-04-16 04:11:37
cruise to nowhere sydney,AU,Australia,English,Sydney (Location),false,true,false,true,true,false,"AI Overview, Thumbnail, People also ask",20,2,0.41,1,0,9,,https://www.ozcruising.com.au/short/departing-sydney/cruises,2026-04-18 08:23:22
cruise ship in brisbane today,AU,Australia,English,Brisbane (Location),false,true,false,true,false,false,People also ask,20,3,,1,0,8,,https://www.ozcruising.com.au/departing/brisbane/cruises,2026-04-18 00:02:32
cruises from australia to america,AU,Australia,English,"Australia (Location), America (Location)",false,false,false,true,true,false,"People also ask, AI Overview, Sitelinks",30,0,0.38,1,0,11,,https://www.ozcruising.com.au/,2026-04-09 21:38:47
japan to australia cruise,AU,Australia,English,"Japan (Location), Australia (Location)",false,false,false,true,true,false,"AI Overview, People also ask, Discussions and forums",30,0,,1,0,11,,https://www.ozcruising.com.au/region/asia/departing-japan/cruises,2026-04-29 10:00:02
4 day cruise australia,AU,Australia,English,Australia (Location),false,false,false,true,true,false,"Top ads, Paid sitelinks, Thumbnail, People also ask",30,2,,1,1,10,,https://www.ozcruising.com.au/short/cruises,2026-04-22 12:29:55
cruise norfolk island,AU,Australia,English,Norfolk Island (Location),false,true,false,true,true,false,"Top ads, Thumbnail, People also ask",30,0,0.34,1,0,10,,https://www.ozcruising.com.au/cruise/cl27-aq15jul27,2026-04-24 04:19:36
travel cruise deals,AU,Australia,English,,false,false,false,true,true,false,Thumbnail,10,47,0.58,1,0,5,,https://www.ozcruising.com.au/cruise-specials,2026-05-08 22:27:04
around australia cruises from brisbane,AU,Australia,English,Brisbane (Location),false,true,false,true,true,false,"AI Overview, Thumbnail, People also ask",10,0,,1,0,8,,https://www.ozcruising.com.au/departing/brisbane/cruises,2026-04-28 12:41:27
cruises from cairns,AU,Australia,English,Cairns (Location),false,true,false,true,true,false,"People also ask, Bottom ads, Paid sitelinks, Thumbnail, Video preview",500,0,0.26,1,311,21,,https://www.ozcruising.com.au/departing/cairns/cruises,2026-05-04 07:31:03
london to sydney cruise,AU,Australia,English,,false,false,false,true,true,false,"AI Overview, People also ask",10,0,,1,0,7,,https://www.ozcruising.com.au/cruise/pc26-3615b.1,2026-04-16 02:42:02
travel agents for cruises,AU,Australia,English,,false,false,false,true,true,false,"Top ads, People also ask, Bottom ads",10,62,,1,0,4,,https://www.ozcruising.com.au/,2026-04-30 06:17:40
3 days cruises from sydney,AU,Australia,English,Sydney (Location),false,true,false,true,true,false,AI Overview,20,1,,1,0,9,,https://www.ozcruising.com.au/short/departing-sydney/cruises,2026-04-18 20:20:39
3day cruise,AU,Australia,English,,false,false,false,true,true,false,,20,1,,1,0,10,,https://www.ozcruising.com.au/short/departing-sydney/cruises,2026-05-02 21:17:59
cruises from adelaide to adelaide,AU,Australia,English,Adelaide (Location),false,true,false,true,true,false,"AI Overview, Thumbnail",20,0,,1,0,10,,https://www.ozcruising.com.au/departing/adelaide/cruises,2026-04-28 07:52:53
3-4 day cruises from sydney,AU,Australia,English,Sydney (Location),false,true,false,true,true,false,"Top ads, Paid sitelinks, AI Overview, Thumbnail, People also ask",30,2,,1,0,11,,https://www.ozcruising.com.au/short-cruises/departing-from-sydney,2026-04-28 21:45:12
cruises leaving melbourne today,AU,Australia,English,Melbourne (Location),false,true,false,true,false,false,"AI Overview, People also ask",30,1,,1,0,11,,https://www.ozcruising.com.au/departing/melbourne/cruises,2026-04-17 09:41:27
p and,AU,Australia,English,,false,false,false,true,true,false,"People also ask, Bottom ads",30,41,0.56,1,0,10,,https://www.ozcruising.com.au/brand/p-o-australia/cruises,2026-05-01 17:22:28
melbourne cruise deals,AU,Australia,English,Melbourne (Location),false,true,false,true,true,false,AI Overview,30,1,0.45,1,0,11,,https://www.ozcruising.com.au/cruise-specials,2026-05-02 16:51:28
largest cruise ship australia,AU,Australia,English,Australia (Location),false,true,false,true,false,false,"AI Overview, Thumbnail, People also ask",10,0,,1,0,8,,https://www.ozcruising.com.au/blog/10-incredible-things-about-ovation-of-the-seas,2026-05-11 13:57:33
sydney brisbane cruise,AU,Australia,English,"Sydney (Location), Brisbane (Location)",false,true,false,true,true,false,"AI Overview, Thumbnail",10,1,,1,0,8,,https://www.ozcruising.com.au/departing/sydney/cruises,2026-04-24 11:15:19
3 nights cruise,AU,Australia,English,,false,false,false,true,true,false,Video preview,10,1,0.31,1,0,7,,https://www.ozcruising.com.au/short/departing-sydney/cruises,2026-04-18 16:00:15
cruises to norfolk island from brisbane,AU,Australia,English,"Norfolk Island (Location), Brisbane (Location)",false,true,false,true,true,false,"Top ads, AI Overview, Thumbnail, People also ask, Bottom ads",20,0,0.32,1,0,10,,https://www.ozcruising.com.au/cruise/cl27-aq15jul27,2026-05-05 15:08:27
fremantle to singapore cruise,AU,Australia,English,"Fremantle (Location), Singapore (Location)",false,true,false,true,true,false,"AI Overview, People also ask",20,0,0.27,1,0,10,,https://www.ozcruising.com.au/cruise/pc28-h807,2026-04-19 22:03:02
cruise from fremantle to singapore,AU,Australia,English,"Fremantle (Location), Singapore (Location)",false,true,false,true,true,false,"Thumbnail, AI Overview, People also ask",20,0,,1,0,10,,https://www.ozcruising.com.au/cruise/pc28-h807,2026-04-20 18:12:42
cruise over christmas,AU,Australia,English,,false,false,false,true,true,false,People also ask,20,0,,1,1,9,,https://www.ozcruising.com.au/popular/christmas/cruises,2026-05-08 22:50:15
cruise ship departures brisbane,AU,Australia,English,Brisbane (Location),false,true,false,true,false,false,"People also ask, Knowledge panel",20,3,,1,0,8,,https://www.ozcruising.com.au/departing/brisbane/cruises,2026-04-26 18:28:27
4 days cruise,AU,Australia,English,,false,false,false,true,true,false,,20,1,0.89,1,0,8,,https://www.ozcruising.com.au/short/departing-brisbane/cruises,2026-04-25 20:00:02
honolulu cruises,AU,Australia,English,Honolulu (Location),false,true,false,true,true,false,"Top ads, Paid sitelinks, Local pack, Thumbnail",20,0,0.52,1,0,9,,https://www.ozcruising.com.au/region/hawaii/departing-australia/cruises,2026-04-27 09:21:02
cruise holidays,AU,Australia,English,,false,false,false,true,true,false,"Thumbnail, People also ask, Video preview",900,66,0.31,1,0,6,,https://www.ozcruising.com.au/,2026-04-28 01:14:21
cruise islands pacific,AU,Australia,English,Pacific (Location),false,false,false,true,true,false,"AI Overview, Thumbnail, People also ask",10,1,,1,0,7,,https://www.ozcruising.com.au/region/south-pacific/departing-sydney/cruises,2026-04-30 06:35:02
cheapest cruise ship,AU,Australia,English,,false,false,false,true,true,false,People also ask,10,20,,1,0,6,,https://www.ozcruising.com.au/cruise-specials,2026-05-01 21:20:09
cruise companys,AU,Australia,English,,false,false,false,true,true,false,People also ask,20,61,,1,0,9,,https://www.ozcruising.com.au/,2026-04-22 15:19:38
cruises booking,AU,Australia,English,,false,false,false,true,true,true,,20,67,0.30,1,0,10,,https://www.ozcruising.com.au/,2026-05-03 03:36:33
5 night cruises,AU,Australia,English,,false,false,false,true,true,false,,20,4,0.32,1,0,10,,https://www.ozcruising.com.au/short/cruises,2026-05-01 13:57:53
last minute cruise sale,AU,Australia,English,,false,false,false,true,true,true,,20,4,0.28,1,0,10,,https://www.ozcruising.com.au/popular/last-minute/cruises,2026-04-09 11:58:32
christmas cruise australia 2024,AU,Australia,English,Australia (Location),false,true,false,true,true,false,"Sitelinks, People also ask",10,0,,1,0,3,,https://www.ozcruising.com.au/popular/christmas/cruises,2026-05-09 03:50:31
christmas cruises from melbourne 2024,AU,Australia,English,Melbourne (Location),false,true,false,true,true,false,"Top ads, Paid sitelinks, People also ask, Thumbnail, Bottom ads",10,0,0.37,1,0,3,,https://www.ozcruising.com.au/popular/christmas/cruises,2026-04-28 04:07:28
cruises from brisbane september 2024,AU,Australia,English,Brisbane (Location),false,true,false,true,true,false,,10,0,0.47,1,0,3,,https://www.ozcruising.com.au/departing/brisbane/cruises,2026-05-06 09:34:29
po short cruises,AU,Australia,English,,false,false,false,true,true,false,"Thumbnail, People also ask, Discussions and forums, Bottom ads",10,0,0.18,1,0,3,,https://www.ozcruising.com.au/short/cruises,2026-05-04 21:20:02
christmas cruises 2024 from sydney,AU,Australia,English,Sydney (Location),false,true,false,true,true,false,"Thumbnail, Sitelinks, People also ask",0,0,,1,0,2,,https://www.ozcruising.com.au/popular/christmas/cruises,2026-05-01 16:38:02
cruise melbourne to nz,AU,Australia,English,,false,true,false,true,true,false,"Thumbnail, AI Overview, People also ask",0,0,,1,0,2,,https://www.ozcruising.com.au/region/new-zealand/departing-melbourne/cruises,2026-05-06 06:55:31
comedy cruise melbourne 2024,AU,Australia,English,"Comedy Cruise (Event), Melbourne (Location)",false,true,false,true,true,false,"Video preview, Sitelinks, People also ask",0,25,0.38,1,0,2,,https://www.ozcruising.com.au/theme/comedy/cruises,2026-04-19 14:20:30
asia cruise from australia,AU,Australia,English,,false,false,false,true,true,false,"AI Overview, Thumbnail",0,0,,1,0,1,AI Overview,https://www.ozcruising.com.au/region/asia/departing-australia/cruises,2026-05-03 07:31:19
cruise from brisbane to melbourne cup,AU,Australia,English,"Melbourne Cup (Event), Brisbane (Location)",false,true,false,true,true,false,"Top ads, Paid sitelinks, AI Overview, People also ask, Thumbnail",0,0,0.27,1,0,2,,https://www.ozcruising.com.au/popular/melbourne-cup/cruises,2026-04-27 08:15:54
melbourne comedy cruise,AU,Australia,English,Melbourne (Location),false,true,false,true,false,false,"People also ask, Video preview",0,26,,1,0,2,,https://www.ozcruising.com.au/theme/comedy/cruises,2026-04-25 19:03:53
hawaii to sydney cruises,AU,Australia,English,"Hawaii (Location), Sydney (Location)",false,true,false,true,true,true,"AI Overview, Thumbnail",20,0,0.42,1,0,10,,https://www.ozcruising.com.au/region/hawaii/departing-australia/cruises,2026-05-07 06:22:47
christmas cruises 2024,AU,Australia,English,,false,false,false,true,true,false,"AI Overview, People also ask",20,0,0.41,1,0,10,,https://www.ozcruising.com.au/popular/christmas/cruises,2026-05-03 12:49:51
cruise sydney to eden nsw,AU,Australia,English,"Sydney (Location), Eden, NSW (Location)",false,true,false,true,true,false,People also ask,10,0,,1,0,7,,https://www.ozcruising.com.au/cruise/pc26-x602p,2026-05-06 16:28:48
cruises.from.brisbane,AU,Australia,English,Brisbane (Location),false,true,false,true,true,false,"Thumbnail, People also ask",20,0,,1,0,8,,https://www.ozcruising.com.au/departing/brisbane/cruises,2026-05-10 22:35:18
cruises melbourne to sydney,AU,Australia,English,,false,true,false,true,true,false,"Thumbnail, AI Overview",20,0,,1,0,9,,https://www.ozcruising.com.au/short/departing-melbourne/cruises,2026-05-09 22:46:19
cruiseing,AU,Australia,English,,false,false,false,true,true,false,"AI Overview, Thumbnail, People also ask, Discussions and forums, Video preview, Sitelinks",10,43,,1,0,1,AI Overview,https://www.ozcruising.com.au/,2026-04-29 11:28:52
cheap deals on cruises,AU,Australia,English,,false,false,false,true,true,false,AI Overview,10,28,0.94,1,0,5,,https://www.ozcruising.com.au/cruise-specials,2026-05-07 13:06:53
cruise sale.finder,AU,Australia,English,,false,false,false,true,true,false,,10,33,,1,0,4,,https://www.ozcruising.com.au/sales,2026-04-19 19:59:32
ship cruisers,AU,Australia,English,,false,false,false,true,true,false,,10,73,0.41,1,0,4,,https://www.ozcruising.com.au/,2026-04-20 17:43:02
cruises in hawaii,AU,Australia,English,Hawaii (Location),false,true,false,true,true,false,"AI Overview, Thumbnail, People also ask, Discussions and forums",20,0,0.33,1,0,10,,https://www.ozcruising.com.au/region/hawaii/departing-australia/cruises,2026-05-08 00:52:29
cruise aus to nz,AU,Australia,English,,false,false,false,true,true,false,"Top ads, Paid sitelinks, Thumbnail, AI Overview",20,2,,1,0,10,,https://www.ozcruising.com.au/region/new-zealand/departing-sydney/cruises,2026-04-23 15:05:05
best cruise from australia,AU,Australia,English,,false,false,false,true,true,false,"AI Overview, Thumbnail, Sitelinks, People also ask, Discussions and forums",30,31,0.46,1,0,12,,https://www.ozcruising.com.au/,2026-05-07 12:35:09
2025 cruises from melbourne,AU,Australia,English,Melbourne (Location),false,true,false,true,true,false,"AI Overview, Thumbnail, People also ask",30,3,,1,0,12,,https://www.ozcruising.com.au/,2026-04-20 19:09:53
hawaiin cruises,AU,Australia,English,,false,true,false,true,true,false,"People also ask, Video preview",10,0,,1,0,6,,https://www.ozcruising.com.au/region/hawaii/departing-australia/cruises,2026-05-06 14:34:40
cheapest cruise lines,AU,Australia,English,,false,false,false,true,true,false,People also ask,10,24,0.52,1,0,6,,https://www.ozcruising.com.au/,2026-04-14 18:47:04
sydney crusie,AU,Australia,English,Sydney (Location),false,true,false,true,true,false,,10,43,,1,0,8,,https://www.ozcruising.com.au/departing/sydney/cruises,2026-05-08 03:09:34
p &,AU,Australia,,,false,false,false,true,true,false,People also ask,10,34,0.65,1,0,7,,https://www.ozcruising.com.au/brand/p-o-australia/cruises,2026-04-10 10:41:32
cruises from sydney 2022,AU,Australia,English,Sydney (Location),false,true,false,true,true,false,Sitelinks,10,4,0.52,1,0,3,,https://www.ozcruising.com.au/departing/sydney/cruises,2026-05-10 00:03:58
cruise shipping,AU,Australia,English,,false,false,false,true,true,false,"AI Overview, Thumbnail",0,72,,1,0,3,,https://www.ozcruising.com.au/,2026-05-05 21:26:53
cruise fremantle to fremantle,AU,Australia,English,Fremantle to Fremantle (Event),false,true,false,true,true,false,AI Overview,10,2,,1,0,6,,https://www.ozcruising.com.au/departing/fremantle/cruises,2026-04-11 03:16:02
australia day cruise 2025,AU,Australia,English,Australia Day (Event),false,false,false,true,true,true,"Thumbnail, People also ask, Sitelinks",10,1,,1,0,5,,https://www.ozcruising.com.au/theme/australia-day/cruises,2026-05-04 22:21:53
cruise venice to barcelona,AU,Australia,English,,false,false,false,true,true,false,"Thumbnail, People also ask",10,0,,1,0,5,,https://www.ozcruising.com.au/cruise/vo26-ose260714a,2026-04-19 14:09:53
last minute cruise tickets,AU,Australia,English,,false,false,false,true,true,true,"AI Overview, People also ask",20,6,,1,0,10,,https://www.ozcruising.com.au/popular/last-minute/cruises,2026-05-09 16:27:28
new years eve cruise perth,AU,Australia,English,Perth (Location),false,true,false,true,true,true,People also ask,20,0,,1,0,9,,https://www.ozcruising.com.au/popular/new-years-eve/cruises,2026-04-09 13:59:56
cruise newzealand,AU,Australia,English,New Zealand (Location),false,false,false,true,true,false,,20,7,,1,0,9,,https://www.ozcruising.com.au/,2026-05-01 07:16:25
3 day cruises sydney,AU,Australia,English,Sydney (Location),false,true,false,true,true,false,"Top ads, Paid sitelinks, AI Overview, Thumbnail",20,1,,1,0,11,,https://www.ozcruising.com.au/short-cruises/departing-from-sydney,2026-04-22 23:35:16
cruises to adelaide from sydney,AU,Australia,English,"Adelaide (Location), Sydney (Location)",false,true,false,true,true,false,"Thumbnail, AI Overview, People also ask",20,0,,1,0,11,,https://www.ozcruising.com.au/cruise/pc28-a807b,2026-05-04 19:29:32
cruise to adelaide from sydney,AU,Australia,English,"Adelaide (Location), Sydney (Location)",false,true,false,true,true,false,"Thumbnail, AI Overview, People also ask",30,0,,1,0,12,,https://www.ozcruising.com.au/departing/sydney/cruises,2026-04-30 07:54:32
australia cruise 2023,AU,Australia,English,Australia (Location),false,false,false,true,true,false,"Sitelinks, People also ask",30,43,,1,0,11,,https://www.ozcruising.com.au/departing/sydney/cruises,2026-04-18 22:46:53
cruises from melbourne 2023,AU,Australia,English,Melbourne (Location),false,true,false,true,true,false,"People also ask, Thumbnail, Sitelinks",20,1,0.41,1,0,10,,https://www.ozcruising.com.au/departing/melbourne/cruises,2026-05-05 07:13:45
best value cruises australia,AU,Australia,English,Australia (Location),false,true,false,true,true,false,"AI Overview, People also ask, Discussions and forums",10,4,0.55,0,0,9,,https://www.ozcruising.com.au/cruise-specials,2026-05-10 17:39:04
australia to new zealand cruise price,AU,Australia,English,,false,false,false,true,true,false,"Thumbnail, People also ask",30,1,0.45,0,0,11,,https://www.ozcruising.com.au/region/new-zealand/departing-sydney/cruises,2026-04-29 03:27:17
whitsunday cruises from sydney,AU,Australia,English,"Whitsunday Cruises (Event), Sydney (Location)",false,true,false,true,true,false,People also ask,30,0,,0,0,11,,https://www.ozcruising.com.au/departing/sydney/cruises,2026-04-26 04:22:53
cruise departures sydney,AU,Australia,English,Sydney (Location),false,true,false,true,false,false,People also ask,30,34,,0,0,11,,https://www.ozcruising.com.au/departing/sydney/cruises,2026-04-29 06:05:10
cruise from adelaide to melbourne,AU,Australia,English,"Adelaide (Location), Melbourne (Location)",false,true,false,true,true,false,"Thumbnail, AI Overview, People also ask",30,0,,0,0,12,,https://www.ozcruising.com.au/departing/adelaide/cruises,2026-04-27 08:34:27
cruise hawaii to brisbane,AU,Australia,English,"Hawaii (Location), Brisbane (Location)",false,true,false,true,true,false,"AI Overview, Thumbnail, People also ask, Video preview",30,0,0.47,0,0,12,,https://www.ozcruising.com.au/region/hawaii/departing-australia/cruises,2026-05-11 06:18:07
cruise ship from fremantle,AU,Australia,English,Fremantle (Location),false,true,false,true,true,false,"AI Overview, People also ask",20,2,,0,0,10,,https://www.ozcruising.com.au/departing/fremantle/cruises,2026-04-24 23:55:31
cruise brisbane to hawaii 2025,AU,Australia,English,"Brisbane (Location), Hawaii (Location)",false,true,false,true,true,false,"Sitelinks, Thumbnail, People also ask",20,0,,0,0,9,,https://www.ozcruising.com.au/region/hawaii/departing-australia/cruises,2026-04-28 14:14:02
late cruise deals,AU,Australia,English,,false,false,false,true,true,true,,20,4,0.37,0,0,9,,https://www.ozcruising.com.au/late-cruise-deals,2026-05-07 16:52:05
cruises to whitsundays from sydney,AU,Australia,English,"Whitsundays (Location), Sydney (Location)",false,true,false,true,true,false,"AI Overview, People also ask",20,0,,0,0,11,,https://www.ozcruising.com.au/departing/sydney/cruises,2026-04-23 21:26:32
cruise qld coast,AU,Australia,English,Queensland coast (Location),false,true,false,true,true,false,,10,10,0.45,0,0,7,,https://www.ozcruising.com.au/departing/brisbane/cruises,2026-04-17 13:30:11
cruising country,AU,Australia,English,,false,false,false,true,false,false,"Thumbnail, Video preview, People also ask",10,0,0.37,0,0,7,,https://www.ozcruising.com.au/theme/country-music/cruises,2026-04-15 06:17:54
cruise ships to new zealand from australia,AU,Australia,English,"New Zealand (Location), Australia (Location)",false,false,false,true,true,false,"AI Overview, Thumbnail",10,1,,0,0,8,,https://www.ozcruising.com.au/region/new-zealand/departing-sydney/cruises,2026-05-03 09:09:32
7 day south pacific cruise,AU,Australia,English,South Pacific (Location),false,false,false,true,true,true,Thumbnail,10,0,,0,0,6,,https://www.ozcruising.com.au/region/south-pacific/departing-brisbane/cruises,2026-04-19 10:34:02
last minute cruise bookings,AU,Australia,English,,false,false,false,true,true,true,People also ask,20,6,0.34,0,1,11,,https://www.ozcruising.com.au/popular/last-minute/cruises,2026-04-23 14:21:32
perth to brisbane cruise,AU,Australia,English,,false,true,false,true,true,false,"Thumbnail, AI Overview, People also ask",20,0,0.21,0,0,12,,https://www.ozcruising.com.au/departing/fremantle/cruises,2026-04-09 16:09:54
cruise ships leaving adelaide,AU,Australia,English,Adelaide (Location),false,true,false,true,true,false,"AI Overview, People also ask",0,0,0.23,0,0,3,,https://www.ozcruising.com.au/departing/adelaide/cruises,2026-05-05 11:55:56
cruise from australia to los angeles,AU,Australia,English,"Australia (Location), Los Angeles (Location)",false,true,false,true,true,false,"People also ask, Thumbnail",10,0,0.46,0,0,4,,https://www.ozcruising.com.au/cruise/pc26-3619.1,2026-05-08 12:19:36
last minute cruise deals from adelaide,AU,Australia,English,Adelaide (Location),false,true,false,true,true,true,"AI Overview, Thumbnail, People also ask, Bottom ads, Paid sitelinks",20,4,0.39,0,0,11,,https://www.ozcruising.com.au/popular/last-minute/cruises,2026-04-22 20:24:44
cruise asia to australia,AU,Australia,English,"Asia (Location), Australia (Location)",false,false,false,true,true,false,"AI Overview, People also ask",20,0,0.50,0,0,10,,https://www.ozcruising.com.au/region/asia/departing-australia/cruises,2026-04-15 05:22:54
caribbean australia,AU,Australia,English,"Caribbean (Location), Australia (Location)",false,true,false,true,true,false,"Sitelinks, People also ask",20,11,,0,0,9,,https://www.ozcruising.com.au/brand/royal-caribbean/cruises,2026-04-16 04:34:26
port melbourne station pier,AU,Australia,English,"Port Melbourne (Location), Station Pier (Location)",false,true,false,true,false,false,"People also ask, Thumbnail, Knowledge panel",20,1,,0,0,9,,https://www.ozcruising.com.au/blog/things-you-need-to-know-about-melbourne-cruise-ship-terminal,2026-05-10 19:33:20
cruise in hawaii,AU,Australia,English,Hawaii (Location),false,true,false,true,true,true,"People also ask, Thumbnail",10,0,,0,0,7,,https://www.ozcruising.com.au/region/hawaii/departing-australia/cruises,2026-05-06 17:25:50
cruise to asia from sydney,AU,Australia,English,"Asia (Location), Sydney (Location)",false,true,false,true,true,false,"AI Overview, Thumbnail",10,0,0.45,0,0,6,,https://www.ozcruising.com.au/region/asia/departing-australia/cruises,2026-05-01 21:21:47
cheap cruises from sydney 2024,AU,Australia,English,Sydney (Location),false,true,false,true,true,false,Sitelinks,10,6,0.49,0,0,5,,https://www.ozcruising.com.au/departing/sydney/cruises,2026-04-13 22:35:47
cruises at christmas time,AU,Australia,English,,false,false,false,true,true,false,"People also ask, Discussions and forums",20,0,,0,0,10,,https://www.ozcruising.com.au/popular/christmas/cruises,2026-04-25 15:58:28
melbourne to gold coast cruise,AU,Australia,English,"Melbourne (Location), Gold Coast (Location)",false,true,false,true,true,false,"Top ads, Paid sitelinks, AI Overview, People also ask, Sitelinks, Bottom ads",20,3,,0,0,11,,https://www.ozcruising.com.au/popular/one-way/cruises,2026-04-10 05:00:29
cruises sydney to melbourne,AU,Australia,English,,false,true,false,true,true,false,"AI Overview, People also ask",20,0,,0,0,11,,https://www.ozcruising.com.au/departing/sydney/cruises,2026-04-25 13:12:02
cruise to melbourne cup from sydney,AU,Australia,English,"Melbourne Cup (Event), Sydney (Location)",false,true,false,true,true,false,"Thumbnail, People also ask",0,0,,0,0,2,,https://www.ozcruising.com.au/popular/melbourne-cup/cruises,2026-04-22 16:57:45
last min cruise deals,AU,Australia,English,,false,false,false,true,true,true,People also ask,20,4,,0,0,11,,https://www.ozcruising.com.au/popular/last-minute/cruises,2026-05-04 21:14:17
cruises hawaii to australia,AU,Australia,English,,false,false,false,true,true,false,"AI Overview, People also ask, Discussions and forums",20,0,,0,0,12,,https://www.ozcruising.com.au/region/hawaii/departing-australia/cruises,2026-05-10 10:18:56
cruise cruise ship,AU,Australia,English,,false,false,false,true,true,false,"Thumbnail, Bottom ads, Paid sitelinks",10,67,,0,0,7,,https://www.ozcruising.com.au/,2026-04-19 03:37:02
3 day cruise ship deals,AU,Australia,English,,false,false,false,true,true,true,,10,4,,0,0,7,,https://www.ozcruising.com.au/short-cruises/departing-from-sydney,2026-04-25 14:26:32
cruises from asia to australia,AU,Australia,English,"Asia (Location), Australia (Location)",false,false,false,true,true,false,"Top ads, Thumbnail, People also ask",10,0,0.47,0,0,9,,https://www.ozcruising.com.au/region/asia/departing-australia/cruises,2026-05-06 00:45:40
cheap brisbane cruises,AU,Australia,English,Brisbane (Location),false,true,false,true,true,false,"AI Overview, People also ask",10,2,,0,0,10,,https://www.ozcruising.com.au/cruise-specials,2026-05-04 06:53:41
cruise sydney to tokyo,AU,Australia,English,,false,false,false,true,true,false,People also ask,10,0,0.66,0,0,9,,https://www.ozcruising.com.au/cruise/pc27-a714b,2026-05-10 11:04:06
adelaide to adelaide cruise,AU,Australia,English,Adelaide to Adelaide cruise (Event),false,true,false,true,true,false,"Top ads, Paid sitelinks, AI Overview, Thumbnail",10,0,,0,0,10,,https://www.ozcruising.com.au/departing/adelaide/cruises,2026-05-07 23:37:57
cheapest cruise line,AU,Australia,English,,false,false,false,true,true,false,"AI Overview, Thumbnail, Video preview, People also ask, Sitelinks",20,40,0.52,0,0,12,,https://www.ozcruising.com.au/,2026-05-04 18:30:19
cruise world,AU,Australia,English,,false,false,false,true,true,false,"Thumbnail, People also ask, Knowledge panel, Bottom ads, Paid sitelinks",30,19,0.81,0,0,12,,https://www.ozcruising.com.au/theme/world/cruises,2026-04-20 07:40:28
south pacific cruise from melbourne,AU,Australia,English,Melbourne (Location),false,true,false,true,true,false,"AI Overview, Thumbnail, People also ask",10,1,,0,0,9,,https://www.ozcruising.com.au/,2026-04-18 00:44:38
cruise the pacific islands,AU,Australia,English,Pacific Islands (Location),false,false,false,true,true,false,"AI Overview, Thumbnail",10,0,0.56,0,0,7,,https://www.ozcruising.com.au/region/south-pacific/departing-sydney/cruises,2026-04-09 13:05:43
cruise malta,AU,Australia,English,Malta (Location),false,true,false,true,true,false,"AI Overview, Thumbnail, People also ask, Discussions and forums",20,0,0.65,0,0,1,AI Overview,https://www.ozcruising.com.au/region/mediterranean/departing-malta/cruises,2026-04-26 17:44:24
cruise ship companies australia,AU,Australia,English,Australia (Location),false,true,false,true,true,false,"People also ask, Knowledge panel, Discussions and forums",20,58,0.67,0,0,10,,https://www.ozcruising.com.au/,2026-05-01 00:51:54
cruise to bali from perth,AU,Australia,English,"Bali (Location), Perth (Location)",false,true,false,true,true,false,"AI Overview, People also ask, Discussions and forums",20,0,,0,0,11,,https://www.ozcruising.com.au/cruise/pc27-h801,2026-05-11 11:02:02
cruises from melbourne to queensland,AU,Australia,English,"Melbourne (Location), Queensland (Location)",false,true,false,true,true,false,"AI Overview, Thumbnail, People also ask",20,2,,0,0,11,,https://www.ozcruising.com.au/departing/melbourne/cruises,2026-04-30 01:53:32
cruises at christmas,AU,Australia,English,,false,false,false,true,true,true,"Thumbnail, AI Overview, People also ask",20,0,0.62,0,0,11,,https://www.ozcruising.com.au/popular/christmas/cruises,2026-04-22 09:07:09
melbourne to queensland cruise,AU,Australia,English,"Melbourne (Location), Queensland (Location)",false,true,false,true,true,false,"Top ads, Paid sitelinks, Thumbnail, Bottom ads",20,1,,0,0,10,,https://www.ozcruising.com.au/departing/melbourne/cruises,2026-05-09 13:47:29
cruises from america to australia,AU,Australia,English,Australia (Location),false,false,false,true,true,false,"People also ask, Discussions and forums",20,1,,0,0,11,,https://www.ozcruising.com.au/,2026-04-24 13:36:51
kangaroo island cruises from melbourne,AU,Australia,English,"Kangaroo Island (Location), Melbourne (Location)",false,true,false,true,true,false,"AI Overview, Thumbnail, Top ads, Paid sitelinks, People also ask, Discussions and forums, Bottom ads",20,0,,0,0,12,,https://www.ozcruising.com.au/cruise/cl28-aq07feb28,2026-04-30 17:06:53
how much does a cruise ship cost per person,AU,Australia,English,,false,false,false,true,false,false,"AI Overview, People also ask, Sitelinks",20,3,0.43,0,0,12,,https://www.ozcruising.com.au/blog/how-much-does-a-cruise-cost,2026-04-30 17:28:53
cruise ship hawaii,AU,Australia,English,Hawaii (Location),false,true,false,true,true,false,"Thumbnail, People also ask",10,1,,0,0,7,,https://www.ozcruising.com.au/region/hawaii/departing-australia/cruises,2026-05-10 05:30:21
elvis cruise melbourne,AU,Australia,English,"Elvis (Person), Melbourne (Location)",false,true,false,true,false,false,"AI Overview, Thumbnail, People also ask",10,0,0.28,0,0,8,,https://www.ozcruising.com.au/theme/elvis-tribute-to-the-king/cruises,2026-04-10 14:33:03
fly cruise packages from sydney,AU,Australia,English,Sydney (Location),false,true,false,true,true,false,People also ask,20,5,0.85,0,0,11,,https://www.ozcruising.com.au/cruise-specials,2026-05-01 23:09:13
country music cruises,AU,Australia,English,,false,false,false,true,true,false,"AI Overview, Thumbnail, People also ask",10,0,0.39,0,0,10,,https://www.ozcruising.com.au/theme/country-music/cruises,2026-04-26 17:16:21
vanuatu cruise,AU,Australia,English,Vanuatu (Location),false,false,false,true,true,false,"People also ask, Discussions and forums, Video preview",900,0,0.20,0,0,27,,https://www.ozcruising.com.au/region/vanuatu/cruises,2026-05-05 11:03:36
cruises leaving cairns,AU,Australia,English,Cairns (Location),false,true,false,true,true,false,"Thumbnail, People also ask, AI Overview",20,0,,0,0,12,,https://www.ozcruising.com.au/departing/cairns/cruises,2026-04-14 18:35:53
melbourne station pier,AU,Australia,English,"Melbourne (Location), Station Pier (Location)",false,true,false,true,false,false,"Thumbnail, People also ask, Knowledge panel, Image pack",20,2,,0,0,10,,https://www.ozcruising.com.au/blog/things-you-need-to-know-about-melbourne-cruise-ship-terminal,2026-05-08 10:09:59
2024 christmas cruise,AU,Australia,English,Christmas (Event),false,false,false,true,true,true,"People also ask, Video preview, Discussions and forums",10,0,0.57,0,0,7,,https://www.ozcruising.com.au/popular/christmas/cruises,2026-04-12 20:38:07
australia day cruises sydney,AU,Australia,English,"Australia Day (Event), Sydney (Location)",false,true,false,true,true,true,,10,0,0.44,0,0,10,,https://www.ozcruising.com.au/theme/australia-day/cruises,2026-04-20 08:36:48
cruises brisbane to melbourne,AU,Australia,English,,false,true,false,true,true,false,AI Overview,10,0,,0,0,6,,https://www.ozcruising.com.au/departing/brisbane/cruises,2026-05-07 05:56:20
cruise hawaii to sydney 2025,AU,Australia,English,"Hawaii (Location), Sydney (Location)",false,true,false,true,true,false,"People also ask, Video preview",10,0,,0,0,5,,https://www.ozcruising.com.au/region/hawaii/departing-australia/cruises,2026-04-23 08:25:52
the cheapest cruises,AU,Australia,English,,false,false,false,true,true,false,"Top ads, AI Overview, Thumbnail, People also ask",0,19,1.44,0,0,5,,https://www.ozcruising.com.au/cruise-specials,2026-04-25 17:40:27
cruise adelaide to adelaide,AU,Australia,English,Adelaide to Adelaide (Event),false,true,false,true,true,false,"Top ads, Paid sitelinks, AI Overview, Thumbnail, People also ask",10,0,,0,0,10,,https://www.ozcruising.com.au/departing/adelaide/cruises,2026-05-06 06:37:52
drinks package cruise,AU,Australia,English,,false,false,false,true,true,false,"People also ask, Discussions and forums, Sitelinks, Video preview",10,0,,0,0,9,,https://www.ozcruising.com.au/blog/best-australian-cruise-ship-drinks-packages,2026-04-26 19:36:17
cruise from sydney to usa,AU,Australia,English,"Sydney (Location), USA (Location)",false,true,false,true,true,false,"AI Overview, People also ask",20,0,0.52,0,0,11,,https://www.ozcruising.com.au/departing/sydney/cruises,2026-04-18 07:56:02
cruises companies,AU,Australia,English,,false,false,false,true,true,false,"AI Overview, Video preview, Thumbnail, People also ask, Local pack, Discussions and forums, Bottom ads, Paid sitelinks",20,52,0.54,0,0,11,,https://www.ozcruising.com.au/,2026-04-29 08:45:57
new year cruises 2023,AU,Australia,English,,false,false,false,true,true,false,Sitelinks,0,0,0.47,0,0,1,,https://www.ozcruising.com.au/popular/new-years-eve/cruises,2026-05-10 17:12:40
tennis cruise to melbourne,AU,Australia,English,Melbourne (Location),false,true,false,true,true,false,"AI Overview, Thumbnail, People also ask",0,0,,0,0,1,AI Overview,https://www.ozcruising.com.au/theme/australian-open/cruises,2026-04-25 04:10:12
black friday cruise deals 2023,AU,Australia,English,Black Friday (Event),false,false,false,true,true,true,"Sitelinks, Thumbnail, People also ask",0,0,0.62,0,0,1,,https://www.ozcruising.com.au/sale/black-friday/cruises,2026-05-09 17:50:37
new years cruise 2023,AU,Australia,English,,false,false,false,true,true,false,Sitelinks,0,1,0.47,0,0,1,,https://www.ozcruising.com.au/popular/new-years-eve/cruises,2026-04-24 19:20:14
sample cruise sydney,AU,Australia,English,Sydney (Location),false,true,false,true,true,false,"Sitelinks, People also ask",0,2,,0,0,1,,https://www.ozcruising.com.au/short-cruises/departing-from-sydney,2026-04-27 18:55:53
new years cruise 2024,AU,Australia,English,,false,false,false,true,true,true,"AI Overview, Thumbnail, People also ask",0,2,0.51,0,0,1,AI Overview,https://www.ozcruising.com.au/popular/new-years-eve/cruises,2026-04-13 18:08:25
book cruises australia,AU,Australia,English,Australia (Location),false,true,false,false,true,true,,0,73,,0,0,1,,https://www.ozcruising.com.au/,2026-05-10 22:11:45
last minute cruises departing brisbane,AU,Australia,English,Brisbane (Location),false,true,false,true,true,true,,10,0,,0,0,6,,https://www.ozcruising.com.au/popular/last-minute/cruises,2026-04-18 10:48:16
cruise ship terminal sydney,AU,Australia,English,Sydney (Location),false,true,false,true,false,false,"Local pack, People also ask, Discussions and forums",30,4,0.27,0,0,10,,https://www.ozcruising.com.au/blog/things-you-need-to-know-about-sydneys-cruise-ship-terminals,2026-04-30 10:38:28
3 day boat cruise,AU,Australia,English,,false,false,false,true,true,false,"Thumbnail, People also ask",10,2,0.45,0,0,10,,https://www.ozcruising.com.au/short/departing-sydney/cruises,2026-05-05 03:53:02
black friday cruise deals 2024,AU,Australia,English,Black Friday (Event),false,false,false,true,true,true,"People also ask, Thumbnail, Sitelinks, Video preview",0,0,,0,0,3,,https://www.ozcruising.com.au/sale/black-friday/cruises,2026-04-27 13:43:17
cruise offers from sydney,AU,Australia,English,Sydney (Location),false,true,false,true,true,false,"Top ads, Thumbnail, Bottom ads",0,21,,0,0,3,,https://www.ozcruising.com.au/departing/sydney/cruises,2026-04-15 18:51:53
cruises from adelaide to melbourne,AU,Australia,English,"Adelaide (Location), Melbourne (Location)",false,true,false,true,true,false,"AI Overview, People also ask",0,0,,0,0,3,,https://www.ozcruising.com.au/departing/adelaide/cruises,2026-04-24 02:04:44
2 days cruise trip from sydney,AU,Australia,English,Sydney (Location),false,true,false,true,true,false,,0,1,0.43,0,0,3,,https://www.ozcruising.com.au/short/departing-sydney/cruises,2026-04-20 02:43:12
cruises april 2025,AU,Australia,English,,false,false,false,true,true,false,"People also ask, Thumbnail",10,37,0.49,0,0,8,,https://www.ozcruising.com.au/departing/sydney/cruises,2026-04-23 20:44:26
cruise europe to australia,AU,Australia,English,"Europe (Location), Australia (Location)",false,false,false,true,true,false,"AI Overview, Thumbnail, People also ask, Discussions and forums, Video preview",10,1,0.37,0,0,11,,https://www.ozcruising.com.au/,2026-05-02 15:58:53
cheap world cruises,AU,Australia,English,,false,false,false,true,true,false,AI Overview,10,0,0.37,0,0,11,,https://www.ozcruising.com.au/theme/world/cruises,2026-04-09 11:25:35
sydney to fremantle,AU,Australia,English,"Sydney (Location), Fremantle (Location)",false,true,false,true,false,false,"AI Overview, People also ask",10,0,,0,0,1,AI Overview,https://www.ozcruising.com.au/cruise/pc26-3618b,2026-04-24 07:38:08
cruise ships departing sydney today,AU,Australia,English,Sydney (Location),false,true,false,true,false,false,People also ask,10,13,,0,0,9,,https://www.ozcruising.com.au/departing/sydney/cruises,2026-04-18 10:21:53
2 night cruise melbourne,AU,Australia,English,Melbourne (Location),false,true,false,true,true,false,"AI Overview, Thumbnail",10,0,,0,0,10,,https://www.ozcruising.com.au/short-cruises/departing-from-melbourne,2026-04-26 12:36:08
europe to australia cruise,AU,Australia,English,,false,false,false,true,true,false,"AI Overview, People also ask, Thumbnail",10,14,0.37,0,0,10,,https://www.ozcruising.com.au/,2026-04-30 10:27:00
christmas and new year cruises 2024,AU,Australia,English,,false,false,false,true,true,false,"Sitelinks, People also ask",10,0,1.85,0,0,5,,https://www.ozcruising.com.au/popular/new-years-eve/cruises,2026-04-29 00:44:28
cruises from brisbane to sydney return,AU,Australia,English,"Brisbane (Location), Sydney (Location)",false,true,false,true,true,false,"AI Overview, People also ask",10,8,,0,0,8,,https://www.ozcruising.com.au/short/departing-brisbane/cruises,2026-05-07 11:20:11
cruise sydney to usa,AU,Australia,English,,false,false,false,true,true,false,"Top ads, Paid sitelinks, People also ask, Thumbnail",20,0,0.52,0,1,11,,https://www.ozcruising.com.au/departing/sydney/cruises,2026-05-09 09:41:10
last minute cruises from cairns,AU,Australia,English,Cairns (Location),false,true,false,true,true,true,"AI Overview, Thumbnail, People also ask",20,0,,0,0,12,,https://www.ozcruising.com.au/popular/last-minute/cruises,2026-05-10 23:07:26
cruise from cairns to sydney,AU,Australia,English,"Cairns (Location), Sydney (Location)",false,true,false,true,true,false,"Top ads, People also ask, Thumbnail, Bottom ads, Paid sitelinks",10,0,,0,0,10,,https://www.ozcruising.com.au/departing/cairns/cruises,2026-04-21 11:33:52
cruise around,AU,Australia,English,,false,false,false,true,true,false,"People also ask, Thumbnail",10,19,0.45,0,0,10,,https://www.ozcruising.com.au/,2026-04-21 14:17:27
cruise from sydney today,AU,Australia,English,Sydney (Location),false,true,false,true,false,false,People also ask,10,32,,0,0,10,,https://www.ozcruising.com.au/departing/sydney/cruises,2026-04-17 09:43:52
cruises in queensland,AU,Australia,English,Queensland (Location),false,true,false,true,true,false,"AI Overview, Thumbnail",10,0,0.46,0,0,10,,https://www.ozcruising.com.au/departing/brisbane/cruises,2026-04-21 20:33:30
around the world cruises from sydney,AU,Australia,English,Sydney (Location),false,true,false,true,true,false,"AI Overview, Thumbnail",10,0,,0,0,10,,https://www.ozcruising.com.au/departing/sydney/cruises,2026-04-15 17:44:02
10 day cruise new zealand,AU,Australia,English,New Zealand (Location),false,true,false,true,true,false,"AI Overview, Thumbnail, People also ask, Video preview",10,0,,0,0,9,,https://www.ozcruising.com.au/region/new-zealand/departing-sydney/cruises,2026-05-03 06:52:31
hawaii cruise to australia,AU,Australia,English,Australia (Location),false,true,false,true,true,false,"AI Overview, People also ask, Video preview",10,0,,0,0,9,,https://www.ozcruising.com.au/region/hawaii/departing-australia/cruises,2026-04-17 16:04:34
workd cruise,AU,Australia,English,,false,false,false,true,true,false,"Top ads, Thumbnail, People also ask, Video preview",0,1,,0,0,5,,https://www.ozcruising.com.au/theme/world/cruises,2026-04-21 12:38:56
christmas cruises australia 2024,AU,Australia,English,Australia (Location),false,true,false,true,true,false,"Thumbnail, People also ask, Bottom ads, Paid sitelinks",0,0,,0,0,5,,https://www.ozcruising.com.au/popular/christmas/cruises,2026-04-22 22:16:31
cruises over christmas 2024,AU,Australia,English,Christmas (Event),false,false,false,true,true,false,"Thumbnail, People also ask",10,0,,0,0,6,,https://www.ozcruising.com.au/popular/christmas/cruises,2026-05-11 05:23:06
cruises from sydney october 2024,AU,Australia,English,Sydney (Location),false,true,false,true,true,false,"Thumbnail, Sitelinks, People also ask",10,5,0.47,0,0,6,,https://www.ozcruising.com.au/departing/sydney/cruises,2026-04-14 20:22:30
cruise jan 2025,AU,Australia,English,,false,false,false,true,true,false,Top ads,10,43,,0,0,6,,https://www.ozcruising.com.au/,2026-04-25 09:14:27
last minute deal cruise,AU,Australia,English,,false,false,false,true,true,true,,10,4,,0,0,10,,https://www.ozcruising.com.au/popular/last-minute/cruises,2026-05-03 08:02:54
cruise alcohol package,AU,Australia,English,,false,false,false,true,true,false,"People also ask, Shopping, Thumbnail",10,1,0.32,0,0,10,,https://www.ozcruising.com.au/blog/best-australian-cruise-ship-drinks-packages,2026-04-16 19:23:13
cruise kangaroo island from melbourne,AU,Australia,English,"Kangaroo Island (Location), Melbourne (Location)",false,true,false,true,true,false,"Top ads, AI Overview, Thumbnail, People also ask, Bottom ads, Paid sitelinks",10,0,,0,0,11,,https://www.ozcruising.com.au/cruise/cl28-aq07feb28,2026-04-29 02:44:28
cruise melbourne to auckland one way,AU,Australia,English,,false,true,false,true,true,false,"Top ads, Paid sitelinks, People also ask, Thumbnail, Sitelinks",0,0,,0,0,2,,https://www.ozcruising.com.au/popular/one-way/cruises,2026-05-03 11:31:52
best australian cruise deals,AU,Australia,English,,false,false,false,true,true,false,"AI Overview, People also ask",0,32,,0,0,2,,https://www.ozcruising.com.au/cruise-specials,2026-04-26 11:21:50
cheap cruises from brisbane 2024,AU,Australia,English,Brisbane (Location),false,true,false,true,true,false,Sitelinks,10,2,,0,0,7,,https://www.ozcruising.com.au/cruise-specials,2026-05-03 22:37:14
cruises october 2024,AU,Australia,English,,false,false,false,true,true,false,"People also ask, Sitelinks, Bottom ads",0,46,0.47,0,0,4,,https://www.ozcruising.com.au/,2026-05-02 04:48:28
cruising to australia,AU,Australia,English,Australia (Location),false,false,false,true,true,false,"AI Overview, People also ask, Thumbnail",0,17,0.89,0,0,5,,https://www.ozcruising.com.au/,2026-04-27 08:29:54
brisbane to new guinea cruise,AU,Australia,English,"Brisbane (Location), Papua New Guinea (Location)",false,true,false,true,true,true,"AI Overview, Video preview, Bottom ads, Paid sitelinks",0,0,,0,0,5,,https://www.ozcruising.com.au/cruise/cl26-eq09jun26.1,2026-05-08 22:40:39
cruzeiro saindo de sydney,AU,Australia,Portuguese,Sydney (Location),false,true,false,true,true,false,"Top ads, Paid sitelinks, AI Overview, Thumbnail",0,0,0.31,0,0,5,,https://www.ozcruising.com.au/departing/sydney/cruises,2026-04-19 04:23:36
cruise 1,AU,Australia,English,,false,false,false,true,true,false,"Top ads, Sitelinks, People also ask, Video preview, Discussions and forums",30,44,0.53,0,0,9,,https://www.ozcruising.com.au/,2026-04-29 02:48:27
curise,AU,Australia,English,,false,false,false,true,true,false,"People also ask, Thumbnail",200,72,0.33,0,0,3,,https://www.ozcruising.com.au/,2026-04-13 02:07:44
south oacific cruise,AU,Australia,English,,false,false,false,true,true,false,"Top ads, Thumbnail, People also ask",10,0,,0,0,10,,https://www.ozcruising.com.au/region/south-pacific/departing-sydney/cruises,2026-04-22 14:52:46
hawaii cruise packages,AU,Australia,English,Hawaii (Location),false,true,false,true,true,false,AI Overview,10,1,0.58,0,0,11,,https://www.ozcruising.com.au/region/hawaii/departing-australia/cruises,2026-04-15 10:31:02
cruise san francisco to sydney,AU,Australia,English,"San Francisco (Location), Sydney (Location)",false,true,false,true,true,false,"AI Overview, People also ask",10,0,0.43,0,0,11,,https://www.ozcruising.com.au/cruise/cl27-lm06apr27,2026-04-15 16:43:37
relocation cruises from sydney,AU,Australia,English,Sydney (Location),false,true,false,true,true,false,AI Overview,10,1,,0,0,11,,https://www.ozcruising.com.au/popular/one-way/cruises,2026-04-20 11:11:45
cruises australia 2024,AU,Australia,English,Australia (Location),false,true,false,true,true,false,"Sitelinks, People also ask, Video preview",0,11,0.54,0,0,5,,https://www.ozcruising.com.au/,2026-04-30 14:12:32
sydney cruise ship departures,AU,Australia,English,Sydney (Location),false,true,false,true,false,false,"People also ask, Thumbnail",10,14,,0,0,8,,https://www.ozcruising.com.au/departing/sydney/cruises,2026-05-02 06:28:28
australia circumnavigation cruises,AU,Australia,English,Australia (Location),false,false,false,true,true,false,"Thumbnail, Bottom ads",10,0,,0,1,8,,https://www.ozcruising.com.au/cruise/pc27-a710.1,2026-04-24 19:17:57
cheap cruises melbourne,AU,Australia,English,Melbourne (Location),false,true,false,true,true,false,,10,1,,0,0,10,,https://www.ozcruising.com.au/cruise-specials,2026-04-18 10:55:32
cheapest cruises from melbourne,AU,Australia,English,Melbourne (Location),false,true,false,true,true,false,"Top ads, Paid sitelinks, People also ask, Thumbnail",10,0,,0,0,11,,https://www.ozcruising.com.au/cruise-specials,2026-04-16 12:12:52
easter cruise sydney,AU,Australia,English,Sydney (Location),false,true,false,true,true,false,"AI Overview, Thumbnail",10,0,,0,0,10,,https://www.ozcruising.com.au/short/departing-sydney/cruises,2026-04-15 19:06:52
cruise ship brisbane today,AU,Australia,English,Brisbane (Location),false,true,false,true,false,false,"People also ask, Thumbnail",10,2,,0,0,10,,https://www.ozcruising.com.au/departing/brisbane/cruises,2026-05-03 01:46:54
perth cruise terminal,AU,Australia,English,Perth (Location),false,true,false,true,false,false,"People also ask, Knowledge panel",10,2,,0,0,10,,https://www.ozcruising.com.au/blog/things-you-need-to-know-about-fremantle-passenger-terminal,2026-05-08 03:48:33
cruises to south pacific from australia,AU,Australia,English,South Pacific (Location),false,false,false,true,true,false,"Top ads, Paid sitelinks, AI Overview, Thumbnail",10,0,0.56,0,0,11,,https://www.ozcruising.com.au/region/south-pacific/departing-sydney/cruises,2026-05-01 06:58:52
comedy cruise brisbane 2024,AU,Australia,English,Brisbane (Location),false,true,false,true,true,false,"AI Overview, Video preview, People also ask",0,13,,0,0,7,,https://www.ozcruising.com.au/theme/comedy/cruises,2026-05-07 23:11:30
3 day cruises from brisbane 2024,AU,Australia,English,Brisbane (Location),false,true,false,true,true,false,AI Overview,0,1,0.44,0,0,7,,https://www.ozcruising.com.au/short/departing-brisbane/cruises,2026-05-02 11:46:49
cruises drink packages,AU,Australia,English,,false,false,false,true,true,false,"Thumbnail, People also ask, AI Overview, Sitelinks, Bottom ads, Paid sitelinks",10,0,0.32,0,0,12,,https://www.ozcruising.com.au/blog/best-australian-cruise-ship-drinks-packages,2026-04-29 11:15:53
cheap cruise deals 2024,AU,Australia,English,,false,false,false,true,true,false,"AI Overview, People also ask",0,38,,0,0,4,,https://www.ozcruising.com.au/cruise-specials,2026-05-09 15:27:38
cruise in april 2024,AU,Australia,English,,false,false,false,true,true,false,"People also ask, Sitelinks, Thumbnail, Discussions and forums",0,43,,0,0,3,,https://www.ozcruising.com.au/,2026-05-03 22:25:28
cruise specials 2024,AU,Australia,English,,false,false,false,true,true,false,"Thumbnail, People also ask, Sitelinks",0,12,0.50,0,0,3,,https://www.ozcruising.com.au/cruise-specials,2026-04-21 18:30:47
cruises s,AU,Australia,English,,false,false,false,true,true,true,,0,70,0.27,0,0,3,,https://www.ozcruising.com.au/,2026-05-07 02:36:31
australasia cruises,AU,Australia,English,Australasia (Location),false,false,false,true,true,false,"Thumbnail, People also ask, Discussions and forums, Bottom ads, Paid sitelinks",0,58,0.90,0,0,3,,https://www.ozcruising.com.au/,2026-04-30 18:34:28
country and western cruise,AU,Australia,English,,false,false,false,true,true,true,People also ask,10,0,0.45,0,0,8,,https://www.ozcruising.com.au/theme/country-music/cruises,2026-04-13 12:55:13
cruises from brisbane december 2024,AU,Australia,English,Brisbane (Location),false,true,false,true,true,true,,10,0,0.30,0,0,8,,https://www.ozcruising.com.au/departing/brisbane/cruises,2026-05-03 11:13:38
cruise to queensland from melbourne,AU,Australia,English,"Queensland (Location), Melbourne (Location)",false,true,false,true,true,false,"AI Overview, Thumbnail, People also ask",10,10,,0,0,9,,https://www.ozcruising.com.au/departing/melbourne/cruises,2026-04-19 02:53:34
last minute cruise deals departing sydney,AU,Australia,English,Sydney (Location),false,true,false,true,true,true,AI Overview,10,1,,0,0,9,,https://www.ozcruising.com.au/popular/last-minute/cruises,2026-05-07 17:37:15
manage my cruise booking,AU,Australia,English,,false,false,true,false,false,true,,10,3,0.33,0,0,8,,https://www.ozcruising.com.au/my-booking/login,2026-04-14 14:30:07
cruise sale finder last minute,AU,Australia,English,,false,false,false,true,true,true,"Top ads, Sitelinks, People also ask, Thumbnail",10,6,,0,0,8,,https://www.ozcruising.com.au/popular/last-minute/cruises,2026-04-25 10:35:28
booked cruise,AU,Australia,English,,false,false,false,true,true,false,,0,67,0.30,0,0,5,,https://www.ozcruising.com.au/,2026-04-12 21:43:23
cheap round the world cruise,AU,Australia,English,,false,false,false,true,true,false,"Thumbnail, People also ask, Discussions and forums",0,0,0.38,0,0,5,,https://www.ozcruising.com.au/theme/world/cruises,2026-04-21 14:27:47
cruise sydney to perth via darwin,AU,Australia,English,Darwin (Location),false,true,false,true,true,false,"AI Overview, Sitelinks, People also ask",10,0,0.35,0,0,11,,https://www.ozcruising.com.au/popular/one-way/cruises,2026-04-14 05:23:02
hawai cruise,AU,Australia,English,Hawaii (Location),false,true,false,true,true,false,"Top ads, Paid sitelinks, Thumbnail, AI Overview, People also ask, Discussions and forums, Bottom ads",10,1,,0,0,11,,https://www.ozcruising.com.au/region/hawaii/departing-australia/cruises,2026-05-05 13:35:02
circumnavigation cruises of australia,AU,Australia,English,Australia (Location),false,false,false,true,true,false,People also ask,10,0,,0,0,10,,https://www.ozcruising.com.au/cruise/pc27-a710.1,2026-05-06 18:18:15
sydney to melbourne cruise price,AU,Australia,English,Sydney to Melbourne (Location),false,true,false,true,true,false,"AI Overview, People also ask",10,0,,0,0,12,,https://www.ozcruising.com.au/departing/sydney/cruises,2026-05-07 08:56:42
southeast asia cruises from singapore,AU,Australia,English,"Southeast Asia (Location), Singapore (Location)",false,true,false,true,true,false,"Top ads, Paid sitelinks, AI Overview, Thumbnail, People also ask",0,6,,0,0,7,,https://www.ozcruising.com.au/region/asia/departing-singapore/cruises,2026-04-28 06:00:53
christmas cruises 2024 australia,AU,Australia,English,Australia (Location),false,true,false,true,true,false,"AI Overview, Thumbnail, People also ask, Sitelinks",10,0,,0,0,10,,https://www.ozcruising.com.au/popular/christmas/cruises,2026-04-27 12:43:27
cruise ticket prices,AU,Australia,English,,false,false,false,true,true,false,"AI Overview, Thumbnail, People also ask",10,28,0.28,0,0,12,,https://www.ozcruising.com.au/cruise-specials,2026-04-30 22:36:52
luxury cruises from sydney,AU,Australia,English,Sydney (Location),false,true,false,true,true,false,"Thumbnail, People also ask, AI Overview, Video preview",200,32,0.49,0,0,25,,https://www.ozcruising.com.au/departing/sydney/cruises,2026-02-09 08:42:15
cruise from australia to europe 2024,AU,Australia,English,"Australia (Location), Europe (Location)",false,false,false,true,true,false,"Sitelinks, People also ask, Thumbnail",10,15,,0,0,8,,https://www.ozcruising.com.au/,2026-05-02 23:25:29
2-night cruise from hong kong,AU,Australia,English,Hong Kong (Location),false,true,false,true,true,false,People also ask,10,0,0.51,0,0,11,,https://www.ozcruising.com.au/region/asia/departing-hong-kong/cruises,2026-04-28 17:42:32
cruise from auckland to brisbane,AU,Australia,English,"Auckland (Location), Brisbane (Location)",false,true,false,true,true,false,"Thumbnail, People also ask",10,0,,0,0,11,,https://www.ozcruising.com.au/region/new-zealand/departing-brisbane/cruises,2026-05-07 04:19:24
cruise terminal fremantle,AU,Australia,English,Fremantle Passenger Terminal (Location),false,true,false,true,false,false,"People also ask, Knowledge panel, Thumbnail",10,2,0.29,0,0,10,,https://www.ozcruising.com.au/blog/things-you-need-to-know-about-fremantle-passenger-terminal,2026-05-01 23:33:27
cruise ship death australia,AU,Australia,English,Australia (Location),false,true,false,true,false,false,"AI Overview, Thumbnail, People also ask, Sitelinks, Video preview",10,12,,0,0,11,,https://www.ozcruising.com.au/blog/what-happens-if-somebody-dies-on-a-cruise-ship,2026-04-14 19:34:02
melbourne cup cruise carnival,AU,Australia,English,Melbourne Cup (Event),false,false,false,true,true,false,People also ask,0,0,,0,0,7,,https://www.ozcruising.com.au/popular/melbourne-cup/cruises,2026-04-22 16:51:32
cruise last minute sale,AU,Australia,English,,false,false,false,true,true,true,,10,6,,0,0,8,,https://www.ozcruising.com.au/popular/last-minute/cruises,2026-04-19 15:37:45
last minute cruises leaving sydney,AU,Australia,English,Sydney (Location),false,true,false,true,true,true,"Top ads, Paid sitelinks, AI Overview, Thumbnail, Bottom ads",10,0,,0,0,9,,https://www.ozcruising.com.au/popular/last-minute/cruises,2026-05-01 00:06:13
do you need a passport for domestic cruises australia,AU,Australia,English,Australia (Location),false,true,false,true,false,false,"AI Overview, Thumbnail, People also ask, Sitelinks",0,0,0.31,0,0,5,,https://www.ozcruising.com.au/blog/cruises-you-can-take-without-a-passport,2026-04-14 08:44:11
shipping cruise,AU,Australia,English,,false,false,false,true,true,false,"AI Overview, Thumbnail, People also ask",0,65,0.45,0,0,5,,https://www.ozcruising.com.au/cruise-specials,2026-04-29 11:33:47
cruises ticket,AU,Australia,English,,false,false,false,true,true,false,"Top ads, Paid sitelinks, Sitelinks",0,45,,0,0,4,,https://www.ozcruising.com.au/cruise-specials,2026-04-29 21:57:26
cruise november 2024,AU,Australia,English,,false,false,false,true,true,false,People also ask,0,57,0.46,0,0,4,,https://www.ozcruising.com.au/,2026-05-02 17:22:44
pacific cruise deals,AU,Australia,English,Pacific (Location),false,false,false,true,true,false,,10,1,0.63,0,0,9,,https://www.ozcruising.com.au/cruise-specials,2026-05-03 21:05:38
whitsunday cruise from sydney,AU,Australia,English,Sydney (Location),false,true,false,true,true,false,"AI Overview, Thumbnail, People also ask, Bottom ads, Paid sitelinks",10,0,0.49,0,0,10,,https://www.ozcruising.com.au/departing/sydney/cruises,2026-04-27 10:11:21
cruises jan 2025,AU,Australia,English,,false,false,false,true,true,false,People also ask,10,38,,0,0,9,,https://www.ozcruising.com.au/departing/sydney/cruises,2026-04-17 06:31:03
pacific cruise ship,AU,Australia,English,Pacific (Location),false,false,false,true,true,true,"Thumbnail, People also ask",0,9,0.49,0,0,8,,https://www.ozcruising.com.au/,2026-04-16 09:25:53
what to take on a cruise list,AU,Australia,English,,false,false,false,true,false,false,"AI Overview, Thumbnail, Sitelinks, People also ask",0,0,,0,0,9,,https://www.ozcruising.com.au/blog/cruise-packing-list-pdf-and-excel-checklist,2026-04-20 12:25:33
sydney to fremantle cruises,AU,Australia,English,Sydney to Fremantle (Event),false,true,false,true,true,false,"Thumbnail, People also ask, Bottom ads, Paid sitelinks",0,0,0.45,0,0,5,,https://www.ozcruising.com.au/cruise/pc26-3610a,2026-04-24 16:49:29
cruise holidays 2024,AU,Australia,English,,false,false,false,true,true,false,"Thumbnail, Sitelinks",0,50,0.63,0,0,6,,https://www.ozcruising.com.au/,2026-05-04 18:04:02
pacific cruise ships,AU,Australia,English,Pacific (Location),false,false,false,true,true,false,"Thumbnail, Sitelinks, People also ask",10,0,0.49,0,0,11,,https://www.ozcruising.com.au/region/south-pacific/departing-sydney/cruises,2026-04-18 05:55:32
3 day cruise from brisbane 2024,AU,Australia,English,Brisbane (Location),false,true,false,true,true,false,Sitelinks,10,1,,0,0,8,,https://www.ozcruising.com.au/short/departing-brisbane/cruises,2026-05-01 07:44:54
cruises in september 2024,AU,Australia,English,,false,false,false,true,true,false,"Sitelinks, People also ask",0,59,0.46,0,0,4,,https://www.ozcruising.com.au/,2026-05-10 22:05:13
cruise ships leaving sydney tomorrow,AU,Australia,English,Sydney (Location),false,true,false,true,false,false,"AI Overview, People also ask",10,14,,0,0,12,,https://www.ozcruising.com.au/departing/sydney/cruises,2026-05-06 21:04:11
christmas cruises from brisbane 2024,AU,Australia,English,Brisbane (Location),false,true,false,true,true,false,"AI Overview, Thumbnail, Video preview, People also ask, Sitelinks",10,0,,0,0,12,,https://www.ozcruising.com.au/popular/christmas/cruises,2026-04-14 20:00:28
is there a cruise from hawaii to australia,AU,Australia,English,"Hawaii (Location), Australia (Location)",false,true,false,true,false,false,"AI Overview, Thumbnail, People also ask, Bottom ads, Paid sitelinks",10,0,,0,0,10,,https://www.ozcruising.com.au/region/hawaii/departing-australia/cruises,2026-04-30 03:00:30
4 day cruise from sydney 2024,AU,Australia,English,Sydney (Location),false,true,false,true,true,false,Sitelinks,10,2,0.35,0,0,9,,https://www.ozcruising.com.au/short/departing-sydney/cruises,2026-05-05 17:30:32
southampton to sydney cruise 2025,AU,Australia,English,,false,false,false,true,true,false,"Sitelinks, People also ask",10,0,,0,0,9,,https://www.ozcruising.com.au/cruise/cu26-h603c.3,2026-05-11 06:23:19
2024 cruises from australia,AU,Australia,English,,false,false,false,true,true,false,"People also ask, Thumbnail",10,44,0.45,0,0,9,,https://www.ozcruising.com.au/,2026-04-27 15:31:40
cruise ship leaving melbourne today,AU,Australia,English,Melbourne (Location),false,true,false,true,false,false,People also ask,0,1,,0,0,8,,https://www.ozcruising.com.au/departing/melbourne/cruises,2026-04-23 23:32:57
cruise ship cruise ship,AU,Australia,English,,false,false,false,true,true,false,"Top stories, Thumbnail",0,60,,0,0,8,,https://www.ozcruising.com.au/,2026-04-22 20:19:47
christmas cruise 2024 from sydney,AU,Australia,English,Sydney (Location),false,true,false,true,true,false,,0,0,,0,0,8,,https://www.ozcruising.com.au/popular/christmas/cruises,2026-04-14 12:03:07
sampler cruises from melbourne,AU,Australia,English,Melbourne (Location),false,true,false,true,true,false,,0,0,,0,0,8,,https://www.ozcruising.com.au/short/departing-melbourne/cruises,2026-05-08 05:25:18
cruise japan,AU,Australia,English,Japan (Location),false,false,false,true,true,false,"AI Overview, People also ask, Discussions and forums, Video preview",450,5,0.44,0,0,31,,https://www.ozcruising.com.au/region/asia/departing-japan/cruises,2026-05-01 05:01:28
cruise april 2024,AU,Australia,English,,false,false,false,true,true,false,"Sitelinks, People also ask, Video preview",0,57,0.45,0,0,2,,https://www.ozcruising.com.au/,2026-05-09 04:57:09
cruise february 2024,AU,Australia,English,,false,false,false,true,true,false,"People also ask, Bottom ads, Paid sitelinks",0,58,0.45,0,0,5,,https://www.ozcruising.com.au/,2026-05-02 05:45:28
december cruises 2024,AU,Australia,English,,false,false,false,true,true,false,"Sitelinks, People also ask",0,1,,0,0,5,,https://www.ozcruising.com.au/departing/sydney/cruises,2026-04-09 13:09:32
cruise from singapore to fremantle,AU,Australia,English,"Singapore (Location), Fremantle (Location)",false,true,false,true,true,false,"Top ads, Paid sitelinks, AI Overview, Thumbnail, People also ask",0,0,0.45,0,0,6,,https://www.ozcruising.com.au/cruise/pc27-h726,2026-05-05 05:45:53
cruise deals 2024,AU,Australia,English,,false,false,false,true,true,false,"Thumbnail, People also ask",0,24,0.44,0,0,5,,https://www.ozcruising.com.au/cruise-specials,2026-05-03 15:26:28
cruise 2025 deals,AU,Australia,English,,false,false,false,true,true,false,AI Overview,10,43,,0,0,11,,https://www.ozcruising.com.au/cruise-specials,2026-05-06 16:49:36
cruise christmas 2024,AU,Australia,English,Christmas (Event),false,false,false,true,true,false,"Thumbnail, People also ask",10,0,0.47,0,0,10,,https://www.ozcruising.com.au/popular/christmas/cruises,2026-05-11 01:10:10
christmas cruise from brisbane 2024,AU,Australia,English,Brisbane (Location),false,true,false,true,true,false,Sitelinks,10,0,,0,0,10,,https://www.ozcruising.com.au/departing/brisbane/cruises,2026-04-16 18:54:47
brisbane cruises 2024,AU,Australia,English,Brisbane (Location),false,true,false,true,true,false,Thumbnail,10,0,0.39,0,0,10,,https://www.ozcruising.com.au/departing/brisbane/cruises,2026-04-26 07:15:37
sydney sampler cruise,AU,Australia,English,"Sydney Sampler Cruise (Event), Sydney (Location)",false,true,false,true,true,true,,0,1,,0,0,2,,https://www.ozcruising.com.au/short-cruises/departing-from-sydney,2026-04-23 10:01:52
new years eve cruises 2024,AU,Australia,English,,false,false,false,true,true,true,"Sitelinks, Video preview",0,0,,0,0,2,,https://www.ozcruising.com.au/popular/new-years-eve/cruises,2026-05-03 11:01:52
adelaide comedy cruise,AU,Australia,English,Adelaide (Location),false,true,false,true,true,false,Thumbnail,0,25,,0,0,2,,https://www.ozcruising.com.au/theme/comedy/cruises,2026-04-14 06:11:11
cruise ships departing from adelaide,AU,Australia,English,Adelaide (Location),false,true,false,true,true,false,"AI Overview, People also ask",0,0,0.25,0,0,3,,https://www.ozcruising.com.au/departing/adelaide/cruises,2026-04-28 05:38:04
discount cruises 2024,AU,Australia,English,,false,false,false,true,true,false,,0,33,,0,0,2,,https://www.ozcruising.com.au/cruise-specials,2026-05-11 12:18:54
12 night south pacific cruise,AU,Australia,English,South Pacific (Location),false,false,false,true,true,true,"Thumbnail, People also ask, Bottom ads, Paid sitelinks",0,0,,0,0,2,,https://www.ozcruising.com.au/cruise/cc26-sl10nov26,2026-05-01 22:09:28
april 2024 cruises,AU,Australia,English,,false,false,false,true,true,false,"AI Overview, People also ask, Discussions and forums",0,51,0.45,0,0,3,,https://www.ozcruising.com.au/,2026-05-09 07:50:30
hawaiin cruise,AU,Australia,English,,false,true,false,true,true,false,"AI Overview, People also ask",0,2,,0,0,8,,https://www.ozcruising.com.au/region/hawaii/departing-australia/cruises,2026-04-16 12:18:02
european cruises,AU,Australia,English,,false,false,false,true,true,false,"Top ads, Paid sitelinks, People also ask, Discussions and forums, Thumbnail, Bottom ads",900,0,0.67,0,0,30,,https://www.ozcruising.com.au/region/mediterranean/cruises,2026-04-30 06:44:55
sampler cruise sydney,AU,Australia,English,Sydney (Location),false,true,false,true,true,false,Sitelinks,0,2,,0,0,3,,https://www.ozcruising.com.au/short-cruises/departing-from-sydney,2026-04-29 07:22:03
cruises in december 2024,AU,Australia,English,,false,false,false,true,true,false,"People also ask, Sitelinks",10,4,0.42,0,0,9,,https://www.ozcruising.com.au/,2026-04-18 00:30:12
march cruises 2024,AU,Australia,English,,false,false,false,true,true,false,"Sitelinks, People also ask",0,57,,0,0,5,,https://www.ozcruising.com.au/,2026-04-29 02:41:28
cruises dec 2024,AU,Australia,English,,false,false,false,true,true,false,Sitelinks,0,40,0.45,0,0,2,,https://www.ozcruising.com.au/,2026-04-25 01:15:03
cruises january 2023,AU,Australia,English,,false,false,false,true,true,false,"Sitelinks, People also ask, Video preview",0,7,0.45,0,0,2,,https://www.ozcruising.com.au/departing/sydney/cruises,2026-04-22 08:21:12
around australia cruise,AU,Australia,English,,false,false,false,true,true,false,"Top ads, Paid sitelinks, AI Overview, People also ask, Discussions and forums, Bottom ads, Thumbnail",500,0,0.36,0,84,30,,https://www.ozcruising.com.au/departing/sydney/cruises,2026-04-29 06:38:21
cruises out of brisbane 2024,AU,Australia,English,Brisbane (Location),false,true,false,true,true,false,,0,0,0.58,0,0,9,,https://www.ozcruising.com.au/departing/brisbane/cruises,2026-04-17 08:15:52
2024 new zealand cruises,AU,Australia,English,New Zealand (Location),false,false,false,true,true,false,Thumbnail,10,0,0.46,0,0,10,,https://www.ozcruising.com.au/region/new-zealand/departing-sydney/cruises,2026-04-17 11:38:28
p @ o,AU,Australia,,,false,false,false,true,false,false,"Top ads, Paid sitelinks, People also ask, Bottom ads",0,22,,0,0,6,,https://www.ozcruising.com.au/brand/p-o-australia/cruises,2026-04-21 01:23:36
cruises brisbane to brisbane,AU,Australia,English,,false,true,false,true,true,false,AI Overview,0,0,,0,0,7,,https://www.ozcruising.com.au/departing/brisbane/cruises,2026-05-06 22:29:10
cruise deal 2024,AU,Australia,English,,false,false,false,true,true,false,"Thumbnail, Bottom ads, Paid sitelinks",0,12,0.54,0,0,6,,https://www.ozcruising.com.au/cruise-specials,2026-04-28 19:16:28
cruise essential packing list,AU,Australia,English,,false,false,false,true,false,false,"AI Overview, Thumbnail, Sitelinks, People also ask",0,0,,0,0,4,,https://www.ozcruising.com.au/blog/cruise-packing-list-pdf-and-excel-checklist,2026-04-26 13:11:10
cruises feb 2024,AU,Australia,English,,false,false,false,true,true,false,"Thumbnail, Sitelinks, People also ask",0,43,0.45,0,0,3,,https://www.ozcruising.com.au/,2026-04-16 06:00:47
december cruises 2023,AU,Australia,English,,false,false,false,true,true,false,"Sitelinks, People also ask, Thumbnail",0,1,0.46,0,0,3,,https://www.ozcruising.com.au/popular/christmas/cruises,2026-05-03 08:03:53
sampler cruise brisbane,AU,Australia,English,Brisbane (Location),false,true,false,true,true,false,"People also ask, Bottom ads, Paid sitelinks",0,0,0.43,0,0,3,,https://www.ozcruising.com.au/short/departing-brisbane/cruises,2026-04-23 11:52:30
cruise jan 2024,AU,Australia,English,,false,false,false,true,true,false,"Sitelinks, People also ask",0,52,0.46,0,0,3,,https://www.ozcruising.com.au/departing/sydney/cruises,2026-04-23 18:57:02
february 2024 cruises,AU,Australia,English,,false,false,false,true,true,false,"People also ask, Sitelinks",0,56,,0,0,3,,https://www.ozcruising.com.au/,2026-04-13 22:19:20
cruise in may 2024,AU,Australia,English,,false,false,false,true,true,false,"AI Overview, People also ask, Video preview",0,55,,0,0,4,,https://www.ozcruising.com.au/,2026-05-08 15:12:04
cruise august 2024,AU,Australia,English,,false,false,false,true,true,false,"AI Overview, Thumbnail, Sitelinks, People also ask",0,49,0.45,0,0,4,,https://www.ozcruising.com.au/departing/sydney/cruises,2026-04-24 23:51:34
cruise feb 2024,AU,Australia,English,,false,false,false,true,true,false,"People also ask, Thumbnail, Video preview",0,55,0.45,0,0,3,,https://www.ozcruising.com.au/,2026-04-30 08:08:47
cruises to qld from sydney,AU,Australia,English,"Queensland (Location), Sydney (Location)",false,true,false,true,true,false,"Top ads, AI Overview, Thumbnail, People also ask",0,0,0.42,0,0,1,AI Overview,https://www.ozcruising.com.au/departing/sydney/cruises,2026-04-22 05:49:02
cruise from brisbane to sydney one way,AU,Australia,English,"Brisbane (Location), Sydney (Location)",false,true,false,true,true,false,"Thumbnail, People also ask, Bottom ads, Paid sitelinks",0,8,0.54,0,0,3,,https://www.ozcruising.com.au/popular/one-way/cruises,2026-05-03 16:31:53
fly cruise packages 2024,AU,Australia,English,,false,false,false,true,true,false,Sitelinks,0,7,1.07,0,0,8,,https://www.ozcruising.com.au/cruise-specials,2026-04-14 07:03:12
cheap cruise deals from melbourne,AU,Australia,English,Melbourne (Location),false,true,false,true,true,false,,0,2,,0,0,8,,https://www.ozcruising.com.au/cruise-specials,2026-04-16 10:03:28
cruises honolulu to sydney,AU,Australia,English,,false,false,false,true,true,false,"AI Overview, Thumbnail, People also ask",0,0,,0,0,9,,https://www.ozcruising.com.au/cruise/cc27-eg10oct27,2026-04-09 22:47:56
cruise cruise line,AU,Australia,English,,false,false,false,true,true,false,,0,72,,0,0,4,,https://www.ozcruising.com.au/,2026-05-06 23:13:28
3 day cruises from fremantle 2024,AU,Australia,English,Fremantle (Location),false,true,false,true,true,false,"Sitelinks, People also ask",0,1,0.33,0,0,6,,https://www.ozcruising.com.au/short-cruises,2026-05-10 23:07:05
cruise in december 2024,AU,Australia,English,,false,false,false,true,true,false,"People also ask, Sitelinks",0,8,0.46,0,0,6,,https://www.ozcruising.com.au/,2026-05-01 04:12:08
cruise in december 2023,AU,Australia,English,,false,false,false,true,true,false,"Sitelinks, People also ask",0,0,0.48,0,0,6,,https://www.ozcruising.com.au/popular/christmas/cruises,2026-05-04 02:28:40
drop and go cruises,AU,Australia,English,,false,false,false,true,true,true,"People also ask, Sitelinks",10,24,,0,0,11,,https://www.ozcruising.com.au/cruise-specials,2026-04-17 15:58:28
book a cruise 2024,AU,Australia,English,,false,false,false,false,true,true,"Sitelinks, People also ask",0,67,,0,0,3,,https://www.ozcruising.com.au/,2026-04-28 03:26:59
short cruises from fremantle 2024,AU,Australia,English,Fremantle (Location),false,true,false,true,true,false,"Sitelinks, Thumbnail, People also ask",0,3,0.18,0,0,3,,https://www.ozcruising.com.au/short-cruises,2026-04-26 15:40:28
cruises in october 2024,AU,Australia,English,,false,false,false,true,true,false,"Sitelinks, People also ask",0,57,0.45,0,0,3,,https://www.ozcruising.com.au/,2026-05-05 10:38:14
new year cruise 2023,AU,Australia,English,,false,false,false,true,true,false,"Sitelinks, People also ask, Video preview",0,0,0.47,0,0,3,,https://www.ozcruising.com.au/popular/new-years-eve/cruises,2026-04-17 19:20:00
cruise from singapore,AU,Australia,English,Singapore (Location),false,true,false,true,true,false,"AI Overview, People also ask, Video preview, Thumbnail",700,2,0.41,0,0,35,,https://www.ozcruising.com.au/one-way-cruises/singapore-to-sydney,2026-05-04 11:10:11
ships departing sydney today,AU,Australia,English,Sydney (Location),false,true,false,true,false,false,People also ask,10,12,,0,0,11,,https://www.ozcruising.com.au/departing/sydney/cruises,2026-05-09 08:18:43
hawaii to australia cruise 2025,AU,Australia,English,,false,false,false,true,true,false,"AI Overview, People also ask",10,0,,0,0,12,,https://www.ozcruising.com.au/region/hawaii/departing-australia/cruises,2026-05-11 03:43:49
world cruises departing australia,AU,Australia,English,,false,true,false,true,true,false,"AI Overview, Thumbnail, People also ask, Bottom ads, Paid sitelinks",0,0,0.37,0,0,11,,https://www.ozcruising.com.au/theme/world/cruises,2026-04-24 05:17:36
australian cruises 2023,AU,Australia,English,,false,false,false,true,true,false,Sitelinks,0,13,0.46,0,0,7,,https://www.ozcruising.com.au/departing/sydney/cruises,2026-05-02 10:22:33
cruise september 2024,AU,Australia,English,,false,false,false,true,true,false,"People also ask, Sitelinks",0,56,,0,0,7,,https://www.ozcruising.com.au/,2026-04-10 11:18:58
the cheapest cruise,AU,Australia,English,,false,false,false,true,true,false,"Top ads, Paid sitelinks, AI Overview, Thumbnail, People also ask",0,12,,0,0,8,,https://www.ozcruising.com.au/cruise-specials,2026-04-29 10:20:28
cruises christmas 2023,AU,Australia,English,Christmas (Event),false,false,false,true,true,false,"Thumbnail, People also ask",0,0,0.60,0,0,7,,https://www.ozcruising.com.au/popular/christmas/cruises,2026-05-10 04:36:35
cruises xmas 2024,AU,Australia,English,,false,false,false,true,true,false,People also ask,0,0,,0,0,4,,https://www.ozcruising.com.au/popular/christmas/cruises,2026-05-07 01:06:14
cruise adelaide to fremantle,AU,Australia,English,,false,true,false,true,true,false,People also ask,0,0,,0,0,4,,https://www.ozcruising.com.au/cruise/pc8005e,2026-04-28 18:01:28
mini cruise australia,AU,Australia,English,Australia (Location),false,true,false,true,true,false,"Top ads, AI Overview, Thumbnail, People also ask",0,2,0.29,0,0,5,,https://www.ozcruising.com.au/short/cruises,2026-04-24 01:09:39
cruises in april 2024,AU,Australia,English,,false,false,false,true,true,false,"Top ads, Paid sitelinks, Thumbnail, People also ask, Bottom ads",0,43,0.45,0,0,4,,https://www.ozcruising.com.au/,2026-04-15 06:33:11
cruise sydney to south pacific,AU,Australia,English,"Sydney (Location), South Pacific (Location)",false,true,false,true,true,false,"AI Overview, Thumbnail",0,0,,0,0,5,,https://www.ozcruising.com.au/region/south-pacific/departing-sydney/cruises,2026-05-04 22:47:52
cruise june 2024,AU,Australia,English,,false,false,false,true,true,false,"People also ask, Thumbnail, Sitelinks",0,43,0.45,0,0,4,,https://www.ozcruising.com.au/,2026-04-20 22:09:53
discount cruises 2023,AU,Australia,English,,false,false,false,true,true,false,Sitelinks,0,39,0.49,0,0,7,,https://www.ozcruising.com.au/departing/sydney/cruises,2026-04-19 01:30:21
hawaii cruises 2024,AU,Australia,English,,false,true,false,true,true,false,"Sitelinks, People also ask",0,0,0.57,0,0,7,,https://www.ozcruising.com.au/region/hawaii/departing-australia/cruises,2026-05-02 18:05:29
all inclusive christmas cruises 2023,AU,Australia,English,,false,false,false,true,true,true,"Thumbnail, Sitelinks, People also ask",0,0,0.45,0,0,4,,https://www.ozcruising.com.au/popular/christmas/cruises,2026-05-05 09:15:02
february cruises 2024,AU,Australia,English,,false,false,false,true,true,false,"Sitelinks, People also ask",0,51,,0,0,4,,https://www.ozcruising.com.au/,2026-04-29 06:09:53
cruises april 2023,AU,Australia,English,,false,false,false,true,true,false,"Sitelinks, People also ask",0,10,0.79,0,0,4,,https://www.ozcruising.com.au/departing/sydney/cruises,2026-04-23 15:39:52
cruise september 2023,AU,Australia,English,,false,false,false,true,true,false,"Sitelinks, People also ask",0,10,0.46,0,0,4,,https://www.ozcruising.com.au/departing/sydney/cruises,2026-04-13 07:02:27
cruise specials 2023,AU,Australia,English,,false,false,false,true,true,false,Sitelinks,0,32,0.45,0,0,4,,https://www.ozcruising.com.au/cruise-specials,2026-04-27 11:10:03
cruise november 2023,AU,Australia,English,,false,false,false,true,true,false,"People also ask, Sitelinks",0,28,0.45,0,0,4,,https://www.ozcruising.com.au/departing/sydney/cruises,2026-04-15 21:02:25
cruise in august 2024,AU,Australia,English,,false,false,false,true,true,false,"Sitelinks, Thumbnail, People also ask, Discussions and forums",0,47,,0,0,4,,https://www.ozcruising.com.au/,2026-05-07 12:52:00
cruise june 2023,AU,Australia,English,,false,false,false,true,true,false,"Sitelinks, People also ask",0,14,0.43,0,0,4,,https://www.ozcruising.com.au/departing/sydney/cruises,2026-04-26 16:43:19
cruises in august 2023,AU,Australia,English,,false,false,false,true,true,true,"Sitelinks, People also ask",0,53,0.52,0,0,4,,https://www.ozcruising.com.au/departing/sydney/cruises,2026-05-04 04:52:42
what cruise ship is leaving brisbane today,AU,Australia,English,Brisbane (Location),false,true,false,true,false,false,"AI Overview, People also ask",0,1,,0,0,9,,https://www.ozcruising.com.au/departing/brisbane/cruises,2026-05-05 08:36:28
australia cruise 2024,AU,Australia,English,Australia (Location),false,false,false,true,true,false,"Thumbnail, People also ask, Discussions and forums",0,10,0.46,0,0,8,,https://www.ozcruising.com.au/,2026-04-23 17:47:27
cruises january 2024,AU,Australia,English,,false,false,false,true,true,true,"AI Overview, People also ask",0,37,0.45,0,0,9,,https://www.ozcruising.com.au/departing/sydney/cruises,2026-05-08 08:01:50
fly cruise deals 2024,AU,Australia,English,,false,false,false,true,true,false,"Thumbnail, Sitelinks",0,43,0.83,0,0,8,,https://www.ozcruising.com.au/cruise-specials,2026-05-07 00:22:23
cruise march 2024,AU,Australia,English,,false,false,false,true,true,false,"People also ask, Thumbnail",0,55,0.45,0,0,5,,https://www.ozcruising.com.au/,2026-04-30 14:43:17
cruise sales 2024,AU,Australia,English,,false,false,false,true,true,false,"People also ask, Sitelinks",0,12,,0,0,5,,https://www.ozcruising.com.au/cruise-specials,2026-04-20 01:56:23
cruise may 2024,AU,Australia,English,,false,false,false,true,true,false,"People also ask, Video preview",0,49,0.45,0,0,5,,https://www.ozcruising.com.au/,2026-05-11 14:34:49
june 2023 cruises,AU,Australia,English,,false,false,false,true,true,false,"Top ads, Paid sitelinks, People also ask, Bottom ads",0,3,,0,0,5,,https://www.ozcruising.com.au/popular/princess-2023-world-cruise/cruises,2026-04-19 05:09:29
no deposit cruises 2024,AU,Australia,English,,false,false,false,true,true,true,"Sitelinks, People also ask",0,8,0.59,0,0,5,,https://www.ozcruising.com.au/cruise-specials,2026-04-17 01:21:52
cruises march 2024,AU,Australia,English,,false,false,false,true,true,false,"Thumbnail, People also ask, Bottom ads, Paid sitelinks",0,59,0.45,0,0,5,,https://www.ozcruising.com.au/,2026-05-01 22:53:54
cruise may 2023,AU,Australia,English,,false,false,false,true,true,false,"People also ask, Thumbnail, Sitelinks, Bottom ads, Paid sitelinks",0,9,0.51,0,0,5,,https://www.ozcruising.com.au/departing/sydney/cruises,2026-04-23 14:43:30
cruises for christmas 2024,AU,Australia,English,Christmas (Event),false,false,false,true,true,false,"People also ask, Video preview",0,0,,0,0,5,,https://www.ozcruising.com.au/popular/christmas/cruises,2026-05-11 14:25:43
cruises in february 2024,AU,Australia,English,,false,false,false,true,true,false,"AI Overview, People also ask, Thumbnail",0,47,,0,0,6,,https://www.ozcruising.com.au/,2026-04-16 20:28:51
december 2023 cruises,AU,Australia,English,,false,false,false,true,true,true,"AI Overview, Thumbnail, People also ask, Sitelinks",0,0,0.61,0,0,6,,https://www.ozcruising.com.au/popular/christmas/cruises,2026-04-20 02:24:35
xmas cruise 2024,AU,Australia,English,,false,false,false,true,true,false,"People also ask, Sitelinks",0,0,,0,0,5,,https://www.ozcruising.com.au/popular/christmas/cruises,2026-04-14 12:41:39
cruise july 2024,AU,Australia,English,,false,false,false,true,true,false,"Top ads, Paid sitelinks, People also ask, Thumbnail",0,53,0.45,0,0,5,,https://www.ozcruising.com.au/,2026-04-18 02:13:03
cruise in october 2024,AU,Australia,English,,false,false,false,true,true,false,"People also ask, Sitelinks, Bottom ads",0,41,,0,0,5,,https://www.ozcruising.com.au/,2026-04-15 22:21:04
cruise from honolulu to brisbane,AU,Australia,English,"Honolulu (Location), Brisbane (Location)",false,true,false,true,true,false,"People also ask, Video preview",0,0,0.37,0,0,10,,https://www.ozcruising.com.au/region/hawaii/departing-australia/cruises,2026-04-25 00:51:02
cruise to port lincoln from adelaide,AU,Australia,English,"Port Lincoln (Location), Adelaide (Location)",false,true,false,true,true,false,"Top ads, Paid sitelinks, Thumbnail, People also ask, Bottom ads",0,0,,0,0,10,,https://www.ozcruising.com.au/cruise/cl28-aq27feb28,2026-04-30 05:56:29
cruise sale finder,AU,Australia,English,,false,false,false,true,true,false,,0,33,0.42,0,0,3,,https://www.ozcruising.com.au/sales,2026-04-14 22:01:28
line cruises,AU,Australia,English,,false,false,false,true,true,false,"Thumbnail, Sitelinks",0,56,,0,0,6,,https://www.ozcruising.com.au/,2026-04-17 17:01:52
cruises in december 2023,AU,Australia,English,,false,false,false,true,true,false,"People also ask, Sitelinks",0,9,0.48,0,0,8,,https://www.ozcruising.com.au/departing/sydney/cruises,2026-04-09 19:15:02
cruise in may 2023,AU,Australia,English,,false,false,false,true,true,false,"People also ask, Sitelinks",0,30,,0,0,5,,https://www.ozcruising.com.au/departing/sydney/cruises,2026-04-15 01:27:03
october cruises 2024,AU,Australia,English,,false,false,false,true,true,false,"People also ask, Sitelinks",0,56,,0,0,5,,https://www.ozcruising.com.au/,2026-04-20 01:42:27
july 2024 cruises,AU,Australia,English,,false,false,false,true,true,false,"Sitelinks, People also ask",0,46,0.45,0,0,5,,https://www.ozcruising.com.au/,2026-05-02 05:01:03
july 2023 cruises,AU,Australia,English,,false,false,false,true,true,false,"Sitelinks, People also ask",0,21,,0,0,5,,https://www.ozcruising.com.au/departing/sydney/cruises,2026-05-06 07:00:06
cruises in january 2024,AU,Australia,English,,false,false,false,true,true,false,"People also ask, Sitelinks",0,41,0.45,0,0,5,,https://www.ozcruising.com.au/,2026-04-04 22:52:22
august 2024 cruises,AU,Australia,English,,false,false,false,true,true,false,Sitelinks,0,47,0.45,0,0,5,,https://www.ozcruising.com.au/,2026-05-11 07:49:29
cruises leaving from adelaide 2023,AU,Australia,English,Adelaide (Location),false,true,false,true,true,false,"Sitelinks, People also ask, Thumbnail",0,0,0.23,0,0,5,,https://www.ozcruising.com.au/departing/adelaide/cruises,2026-04-10 19:26:32
may 2024 cruises,AU,Australia,English,,false,false,false,true,true,false,"People also ask, Sitelinks, Video preview",0,58,0.45,0,0,5,,https://www.ozcruising.com.au/,2026-05-02 20:04:57
cruises from melbourne december 2024,AU,Australia,English,Melbourne (Location),false,true,false,true,true,false,"Sitelinks, Thumbnail, People also ask, Bottom ads, Paid sitelinks",0,22,,0,0,5,,https://www.ozcruising.com.au/,2026-05-03 17:20:53
october 2024 cruises,AU,Australia,English,,false,false,false,true,true,false,"People also ask, Sitelinks, Bottom ads, Paid sitelinks",0,56,0.45,0,0,5,,https://www.ozcruising.com.au/,2026-04-18 10:37:41
europe cruise,AU,Australia,English,Europe (Location),false,false,false,true,true,false,"People also ask, Discussions and forums, Video preview, Thumbnail",600,2,0.71,0,0,35,,https://www.ozcruising.com.au/,2026-05-05 07:37:27
lastminutecruises,AU,Australia,English,,false,false,false,true,true,true,Video preview,20,3,,0,0,3,,https://www.ozcruising.com.au/popular/last-minute/cruises,2026-04-22 11:32:37
cruise october 2023,AU,Australia,English,,false,false,false,true,true,false,"People also ask, Thumbnail",0,22,0.46,0,0,9,,https://www.ozcruising.com.au/departing/brisbane/cruises,2026-05-07 00:08:12
cruise brisbane to cairns one way,AU,Australia,English,,false,true,false,true,true,false,"AI Overview, Thumbnail, People also ask",0,0,0.37,0,0,10,,https://www.ozcruising.com.au/popular/one-way/cruises,2026-05-03 07:42:15
cruises from cruise,AU,Australia,English,,false,false,false,true,true,false,People also ask,0,57,,0,0,9,,https://www.ozcruising.com.au/,2026-04-26 03:20:27
what cruise ships leave brisbane,AU,Australia,English,Brisbane (Location),false,true,false,true,false,false,"AI Overview, Thumbnail, People also ask",0,2,0.27,0,0,10,,https://www.ozcruising.com.au/departing/brisbane/cruises,2026-05-06 17:57:08
cruises new zealand 2024,AU,Australia,English,New Zealand (Location),false,false,false,true,true,false,"Sitelinks, People also ask, Video preview",0,0,0.51,0,0,9,,https://www.ozcruising.com.au/region/new-zealand/departing-sydney/cruises,2026-05-11 08:40:37
cruises around australia 2023,AU,Australia,English,,false,false,false,true,true,false,"Sitelinks, People also ask, Video preview",0,11,0.46,0,0,9,,https://www.ozcruising.com.au/departing/sydney/cruises,2026-04-09 10:48:24
cruise in june 2024,AU,Australia,English,,false,false,false,true,true,false,"People also ask, Sitelinks",0,12,,0,0,6,,https://www.ozcruising.com.au/departing/sydney/cruises,2026-04-20 11:16:02
cruises april 2024,AU,Australia,English,,false,false,false,true,true,false,"People also ask, Sitelinks",0,38,0.45,0,0,6,,https://www.ozcruising.com.au/departing/sydney/cruises,2026-04-14 01:36:49
cruises australia 2023,AU,Australia,English,Australia (Location),false,true,false,true,true,false,Sitelinks,0,39,0.49,0,0,6,,https://www.ozcruising.com.au/departing/sydney/cruises,2026-04-26 10:25:53
cruise ships cruises,AU,Australia,English,,false,false,false,true,true,false,"Thumbnail, People also ask",0,69,,0,0,6,,https://www.ozcruising.com.au/,2026-04-22 01:07:43
cruise in september 2024,AU,Australia,English,,false,false,false,true,true,false,"People also ask, Sitelinks",0,29,0.46,0,0,6,,https://www.ozcruising.com.au/,2026-04-14 12:55:12
september 2024 cruises,AU,Australia,English,,false,false,false,true,true,false,"AI Overview, Thumbnail, People also ask",0,45,,0,0,7,,https://www.ozcruising.com.au/,2026-04-22 17:01:07
cruises in march 2024,AU,Australia,English,,false,false,false,true,true,false,"People also ask, Sitelinks",0,53,0.45,0,0,6,,https://www.ozcruising.com.au/,2026-04-22 16:11:46
cruise prices 2024,AU,Australia,English,,false,false,false,true,true,false,"People also ask, Sitelinks",0,22,,0,0,6,,https://www.ozcruising.com.au/cruise-specials,2026-05-11 00:49:29
cruise in april 2023,AU,Australia,English,,false,false,false,true,true,false,"People also ask, Sitelinks",0,9,0.45,0,0,6,,https://www.ozcruising.com.au/departing/sydney/cruises,2026-04-16 18:36:47
cruises adelaide to adelaide,AU,Australia,English,Adelaide to Adelaide cruise (Event),false,true,false,true,true,false,,0,0,,0,0,6,,https://www.ozcruising.com.au/departing/adelaide/cruises,2026-04-19 23:30:53
cruises november 2023,AU,Australia,English,,false,false,false,true,true,false,"Sitelinks, People also ask",0,30,0.45,0,0,6,,https://www.ozcruising.com.au/departing/sydney/cruises,2026-04-21 02:41:32
cruise in july 2024,AU,Australia,English,,false,false,false,true,true,false,"Top ads, People also ask, Thumbnail, Sitelinks",0,50,,0,0,6,,https://www.ozcruising.com.au/,2026-04-23 22:18:53
xmas cruises 2024,AU,Australia,English,,false,false,false,true,true,false,"Sitelinks, People also ask",0,0,0.35,0,0,11,,https://www.ozcruising.com.au/popular/christmas/cruises,2026-04-19 01:02:28
australia and new zealand cruises 2023,AU,Australia,English,Australia and New Zealand (Location),false,false,false,true,true,false,"AI Overview, Sitelinks, Thumbnail, People also ask",0,11,0.45,0,0,10,,https://www.ozcruising.com.au/region/new-zealand/departing-sydney/cruises,2026-04-14 19:31:58
new year cruise 2024,AU,Australia,English,,false,false,false,true,true,true,"Thumbnail, Sitelinks, People also ask",0,4,0.51,0,0,9,,https://www.ozcruising.com.au/popular/new-years-eve/cruises,2026-05-03 22:28:13
cruise october 2024,AU,Australia,English,,false,false,false,true,true,false,"People also ask, Sitelinks",0,42,0.47,0,0,9,,https://www.ozcruising.com.au/,2026-04-26 11:17:14
cruises in november 2024,AU,Australia,English,,false,false,false,true,true,false,"People also ask, Sitelinks",0,62,0.45,0,0,9,,https://www.ozcruising.com.au/,2026-04-21 20:12:48
november cruises 2024,AU,Australia,English,,false,false,false,true,true,false,"AI Overview, Thumbnail, People also ask, Sitelinks",0,56,,0,0,7,,https://www.ozcruising.com.au/,2026-04-15 09:45:54
cruises february 2024,AU,Australia,English,,false,false,false,true,true,false,"People also ask, Sitelinks",0,44,,0,0,6,,https://www.ozcruising.com.au/,2026-04-16 00:02:29
cruises from melbourne around australia,AU,Australia,English,Melbourne (Location),false,true,false,true,true,false,People also ask,0,0,,0,0,10,,https://www.ozcruising.com.au/departing/melbourne/cruises,2026-04-24 15:30:46
fly and cruise deals 2024,AU,Australia,English,,false,false,false,true,true,false,AI Overview,0,20,,0,0,8,,https://www.ozcruising.com.au/cruise-specials,2026-05-06 00:30:03
cheap ship fare,AU,Australia,English,,false,false,false,true,true,false,People also ask,0,11,,0,0,7,,https://www.ozcruising.com.au/cruise-specials,2026-04-22 17:19:16
cruise prices 2023,AU,Australia,English,,false,false,false,true,true,false,"People also ask, Sitelinks",0,25,0.44,0,0,7,,https://www.ozcruising.com.au/departing/sydney/cruises,2026-04-23 12:27:14
cruises nov 2023,AU,Australia,English,,false,false,false,true,true,false,"People also ask, Sitelinks",0,1,0.45,0,0,7,,https://www.ozcruising.com.au/departing/sydney/cruises,2026-04-24 18:58:45
last minute cruises 2023,AU,Australia,English,,false,false,false,true,true,true,AI Overview,0,5,0.41,0,0,8,,https://www.ozcruising.com.au/popular/last-minute/cruises,2026-05-06 04:04:12
best value cruises 2024,AU,Australia,English,,false,false,false,true,true,false,"People also ask, Sitelinks, Bottom ads, Paid sitelinks",0,35,0.83,0,0,7,,https://www.ozcruising.com.au/cruise-specials,2026-04-22 20:46:28
cruises for christmas 2023,AU,Australia,English,Christmas (Event),false,false,false,true,true,false,"Thumbnail, People also ask, Sitelinks, Bottom ads, Paid sitelinks",0,0,0.52,0,0,7,,https://www.ozcruising.com.au/popular/christmas/cruises,2026-04-24 05:15:28
cruises deals 2024,AU,Australia,English,,false,false,false,true,true,false,"Sitelinks, Thumbnail",0,47,,0,0,7,,https://www.ozcruising.com.au/cruise-specials,2026-05-05 18:18:53
tribute to the king,AU,Australia,English,,false,false,false,true,false,false,"People also ask, Video preview",0,0,,0,0,7,,https://www.ozcruising.com.au/theme/elvis-tribute-to-the-king/cruises,2026-04-15 11:15:07
holiday cruises 2024,AU,Australia,English,,false,false,false,true,true,false,"Sitelinks, People also ask",0,31,0.62,0,0,7,,https://www.ozcruising.com.au/,2026-05-02 01:23:00
parking at sydney cruise terminal,AU,Australia,English,Sydney Cruise Terminal (Location),false,true,false,true,false,false,"Local pack, People also ask, Image pack",20,5,0.52,0,0,12,Image pack,https://www.ozcruising.com.au/blog/things-you-need-to-know-about-sydneys-cruise-ship-terminals,2026-05-09 00:11:24
july cruises 2023,AU,Australia,English,,false,false,false,true,true,true,"Sitelinks, People also ask",0,36,0.46,0,0,10,,https://www.ozcruising.com.au/,2026-05-06 02:57:52
short cruises 2023,AU,Australia,English,,false,false,false,true,true,true,Sitelinks,0,0,0.45,0,0,7,,https://www.ozcruising.com.au/short/cruises,2026-04-10 09:04:28
cruises in may 2024,AU,Australia,English,,false,false,false,true,true,false,"People also ask, Sitelinks, Bottom ads, Paid sitelinks",0,53,0.45,0,0,7,,https://www.ozcruising.com.au/,2026-04-28 19:43:03
july cruises 2024,AU,Australia,English,,false,false,false,true,true,false,"People also ask, Sitelinks",0,45,,0,0,7,,https://www.ozcruising.com.au/,2026-04-10 03:38:02
cruise and flight packages 2024,AU,Australia,English,,false,false,false,true,true,false,"Thumbnail, Sitelinks, People also ask",0,19,0.59,0,0,11,,https://www.ozcruising.com.au/cruise-specials,2026-04-22 23:56:28
cheap cruises 2023,AU,Australia,English,,false,false,false,true,true,false,"Thumbnail, People also ask, Sitelinks",0,32,0.45,0,0,11,,https://www.ozcruising.com.au/departing/sydney/cruises,2026-05-01 09:28:28
fremantle cruise ship terminal,AU,Australia,English,Fremantle Passenger Terminal (Location),false,true,false,true,false,false,"People also ask, Knowledge panel, Thumbnail",0,2,,0,0,11,,https://www.ozcruising.com.au/blog/things-you-need-to-know-about-fremantle-passenger-terminal,2026-04-29 06:30:56
fiji cruises,AU,Australia,English,Fiji (Location),false,true,false,true,true,false,"Local pack, Thumbnail, Discussions and forums, Video preview",500,0,0.25,0,0,37,,https://www.ozcruising.com.au/region/fiji/cruises,2026-04-25 21:02:27
may cruises 2024,AU,Australia,English,,false,false,false,true,true,false,"Thumbnail, Sitelinks, People also ask",0,33,,0,0,8,,https://www.ozcruising.com.au/departing/sydney/cruises,2026-04-26 20:14:02
cruises deals 2023,AU,Australia,English,,false,false,false,true,true,false,,0,20,,0,0,8,,https://www.ozcruising.com.au/departing/sydney/cruises,2026-04-29 03:14:57
cruise december 2023,AU,Australia,English,,false,false,false,true,true,false,"Sitelinks, People also ask",0,0,0.52,0,0,8,,https://www.ozcruising.com.au/departing/sydney/cruises,2026-04-15 13:09:29
cruises in may 2023,AU,Australia,English,,false,false,false,true,true,false,"AI Overview, People also ask",0,35,,0,0,9,,https://www.ozcruising.com.au/,2026-05-04 12:36:25
pacific island cruises 2023,AU,Australia,English,,false,false,false,true,true,false,"Sitelinks, People also ask",0,0,0.46,0,0,8,,https://www.ozcruising.com.au/region/south-pacific/departing-sydney/cruises,2026-04-17 12:44:11
cruises in july 2024,AU,Australia,English,,false,false,false,true,true,false,"AI Overview, Thumbnail, People also ask, Sitelinks",0,45,0.46,0,0,9,,https://www.ozcruising.com.au/,2026-04-23 23:08:57
cheap cruise deals 2023,AU,Australia,English,,false,false,false,true,true,false,"Sitelinks, People also ask",0,37,0.42,0,0,8,,https://www.ozcruising.com.au/cruise-specials,2026-04-19 19:33:02
cruise brisbane to cairns 2024,AU,Australia,English,,false,true,false,true,true,false,"Sitelinks, People also ask",0,0,,0,0,8,,https://www.ozcruising.com.au/departing/brisbane/cruises,2026-04-12 20:48:54
new zealand cruises 2023,AU,Australia,English,New Zealand (Location),false,false,false,true,true,false,"Top ads, Paid sitelinks, Thumbnail, People also ask, Sitelinks, Bottom ads",0,0,0.52,0,0,8,,https://www.ozcruising.com.au/region/new-zealand/departing-sydney/cruises,2026-04-27 00:13:28
cruises in october 2023,AU,Australia,English,,false,false,false,true,true,false,"People also ask, Sitelinks",0,25,0.46,0,0,8,,https://www.ozcruising.com.au/departing/sydney/cruises,2026-05-07 04:07:36
best cruise lines,AU,Australia,English,,false,false,false,true,true,false,"AI Overview, People also ask, Discussions and forums, Thumbnail, Video preview, Image pack",450,4,0.53,0,0,37,,https://www.ozcruising.com.au/,2026-05-11 09:31:39
cruising 2024,AU,Australia,English,,false,false,false,true,true,false,"People also ask, Thumbnail",0,6,,0,0,9,,https://www.ozcruising.com.au/,2026-04-22 01:38:28
3 day cruise from sydney 2024,AU,Australia,English,Sydney (Location),false,true,false,true,true,false,"Sitelinks, Thumbnail, Bottom ads, Paid sitelinks",0,2,0.35,0,0,9,,https://www.ozcruising.com.au/short/departing-sydney/cruises,2026-05-05 08:45:28
october cruises 2023,AU,Australia,English,,false,false,false,true,true,false,"Thumbnail, Sitelinks, People also ask",0,5,0.45,0,0,9,,https://www.ozcruising.com.au/departing/brisbane/cruises,2026-04-24 13:49:29
south pacific cruise 2024,AU,Australia,English,South Pacific (Location),false,false,false,true,true,false,"Thumbnail, Sitelinks, People also ask, Video preview",0,0,0.57,0,0,9,,https://www.ozcruising.com.au/,2026-04-19 16:04:28
crusies 2024,AU,Australia,English,,false,false,false,true,true,false,"Sitelinks, People also ask",0,26,0.45,0,0,9,,https://www.ozcruising.com.au/,2026-04-18 02:16:40
departing,AU,Australia,English,,false,false,false,true,false,false,"AI Overview, People also ask, Video preview",800,11,0.06,0,0,38,,https://www.ozcruising.com.au/,2026-05-06 04:55:43
cruise easter 2024,AU,Australia,English,,false,false,false,true,true,false,"People also ask, Video preview, Thumbnail, Sitelinks, Bottom ads",0,21,0.55,0,0,10,,https://www.ozcruising.com.au/,2026-04-27 09:30:27
sydney cruises 2024,AU,Australia,English,Sydney (Location),false,true,false,true,true,false,"Thumbnail, Sitelinks",0,34,0.41,0,0,10,,https://www.ozcruising.com.au/departing/sydney/cruises,2026-04-28 14:18:53
flight and cruise packages 2024,AU,Australia,English,,false,false,false,true,true,false,"Sitelinks, Bottom ads, Paid sitelinks",0,5,,0,0,10,,https://www.ozcruising.com.au/cruise-specials,2026-04-27 07:37:02
january 2024 cruises,AU,Australia,English,,false,false,false,true,true,false,"People also ask, Thumbnail",0,43,0.45,0,0,10,,https://www.ozcruising.com.au/,2026-04-17 06:56:40
cruise in 2024,AU,Australia,English,,false,false,false,true,true,false,"People also ask, Video preview",0,23,0.46,0,0,10,,https://www.ozcruising.com.au/,2026-04-25 00:14:11
december 2024 cruises,AU,Australia,English,,false,false,false,true,true,false,"People also ask, Thumbnail, Bottom ads, Paid sitelinks",0,6,0.45,0,0,10,,https://www.ozcruising.com.au/,2026-04-21 23:58:27
flight and cruise packages 2023,AU,Australia,English,,false,false,false,true,true,true,Sitelinks,0,2,0.59,0,0,10,,https://www.ozcruising.com.au/cruise-specials,2026-05-04 08:20:39
cruisefinder,AU,Australia,English,,false,false,false,true,true,false,"Top ads, Paid sitelinks, People also ask, Bottom ads",150,53,0.34,0,0,5,,https://www.ozcruising.com.au/,2026-04-18 01:11:05
7 day hawaii cruise 2023,AU,Australia,English,,false,true,false,true,true,false,"AI Overview, Video preview, Thumbnail, People also ask, Sitelinks",0,2,0.50,0,0,12,,https://www.ozcruising.com.au/region/hawaii/departing-australia/cruises,2026-04-21 00:20:50
kreuzfahrtschiff sydney,AU,Australia,German,Sydney (Location),false,true,false,true,true,false,People also ask,0,47,,0,0,11,,https://www.ozcruising.com.au/departing/sydney/cruises,2026-04-16 03:52:12
cruise christmas 2023,AU,Australia,English,Christmas (Event),false,false,false,true,true,false,"Thumbnail, People also ask, Video preview",0,0,0.60,0,0,11,,https://www.ozcruising.com.au/popular/christmas/cruises,2026-05-06 03:11:28
easter cruise 2024,AU,Australia,English,,false,false,false,true,true,false,"People also ask, Video preview, Sitelinks",0,0,0.45,0,0,11,,https://www.ozcruising.com.au/departing/sydney/cruises,2026-04-23 14:44:17
28-day cruise around australia 2023,AU,Australia,English,,false,false,false,true,true,false,"Thumbnail, Sitelinks, People also ask, Video preview",0,0,0.33,0,0,11,,https://www.ozcruising.com.au/cruise/pc28-a807,2026-04-30 14:06:17
new years eve cruise 2024,AU,Australia,English,New Year's Eve (Event),false,false,false,true,true,true,"Thumbnail, Sitelinks, People also ask",0,2,0.56,0,0,11,,https://www.ozcruising.com.au/popular/new-years-eve/cruises,2026-05-03 06:46:53
mediterranean cruises,AU,Australia,English,Mediterranean (Location),false,false,false,true,true,false,"AI Overview, People also ask, Discussions and forums, Video preview",1100,4,0.77,0,0,45,,https://www.ozcruising.com.au/region/mediterranean/cruises,2026-05-02 23:25:27
asia cruises,AU,Australia,English,Asia (Location),false,false,false,true,true,false,"Discussions and forums, Video preview",700,0,0.41,0,0,43,,https://www.ozcruising.com.au/region/asia/departing-australia/cruises,2026-05-02 19:25:21
cruise insurance australia,AU,Australia,English,Australia (Location),false,true,false,true,true,false,"People also ask, Video preview",700,2,3.22,0,0,44,,https://www.ozcruising.com.au/travel-insurance,2026-05-01 00:47:15
mediterranean cruise,AU,Australia,English,,false,false,false,true,true,false,"People also ask, Thumbnail, Video preview",1800,3,0.77,0,0,47,,https://www.ozcruising.com.au/region/mediterranean/cruises,2026-05-03 16:02:48
comedy cruise,AU,Australia,English,,false,false,false,true,true,false,"Discussions and forums, People also ask, Thumbnail, Video preview",500,19,0.48,0,0,42,,https://www.ozcruising.com.au/big-laugh/comedy/cruise,2026-04-28 15:57:33
singapore cruise,AU,Australia,English,Singapore (Location),false,true,false,true,true,false,"Thumbnail, People also ask, Discussions and forums, Video preview",500,2,0.45,0,0,44,,https://www.ozcruising.com.au/one-way-cruises/singapore-to-sydney,2026-04-28 00:49:39
fiji cruise,AU,Australia,English,Fiji (Location),false,true,false,true,true,false,Video preview,800,1,0.25,0,0,47,,https://www.ozcruising.com.au/region/fiji/cruises,2026-05-11 01:31:46
cruise offers,AU,Australia,English,,false,false,false,true,true,false,"Discussions and forums, Knowledge panel, Video preview",500,37,0.50,0,0,6,,https://www.ozcruising.com.au/cruise-specials,2026-05-01 20:01:36
cruises to go,AU,Australia,English,,false,false,false,true,true,false,"Top ads, Paid sitelinks",150,50,0.50,0,0,8,,https://www.ozcruising.com.au/,2026-05-01 08:40:02
sydney cruise schedule,AU,Australia,English,Sydney (Location),false,true,false,true,false,false,Thumbnail,800,3,0.47,0,0,30,,https://www.ozcruising.com.au/departing/sydney/cruises,2026-05-04 19:39:47
world cruises 2026,AU,Australia,English,,false,false,false,true,true,false,"AI Overview, Thumbnail, People also ask, Video preview",350,5,0.55,0,0,53,,https://www.ozcruising.com.au/theme/world/cruises,2026-02-11 08:55:57
clean cruising,AU,Australia,English,,false,false,false,true,false,false,"Sitelinks, People also ask, Discussions and forums, Knowledge panel, Video preview",1900,1,0.50,0,0,6,,https://www.ozcruising.com.au/environmental/clean-cruising,2026-04-27 20:54:19
cruisesalefinder,AU,Australia,English,,false,false,false,true,true,false,People also ask,80,35,0.42,0,0,5,,https://www.ozcruising.com.au/sales,2026-04-21 17:09:21
p/o,AU,Australia,English,,false,false,false,true,false,false,"AI Overview, People also ask, Thumbnail",20,43,,0,0,6,,https://www.ozcruising.com.au/brand/p-o-australia/cruises,2026-04-16 11:57:21
cruises from singapore,AU,Australia,English,Singapore (Location),false,true,false,true,true,false,"Top ads, Paid sitelinks, People also ask, Bottom ads, Thumbnail, Video preview",900,2,0.48,0,0,16,,https://www.ozcruising.com.au/one-way-cruises/singapore-to-sydney,2026-04-29 03:20:35
carinval,AU,Australia,English,Carnival (Event),false,false,false,true,false,false,"Top ads, Sitelinks, People also ask, Bottom ads, Paid sitelinks",200,13,0.15,0,0,6,,https://www.ozcruising.com.au/brand/carnival-cruises/cruises,2026-04-13 06:57:53
cruide,AU,Australia,English,,false,false,false,true,true,false,"Top stories, Thumbnail",20,65,,0,0,6,,https://www.ozcruising.com.au/,2026-05-11 12:12:20
cheapcruises,AU,Australia,English,,false,false,false,true,true,false,"Top ads, Knowledge panel, Sitelinks, People also ask, Bottom ads, Paid sitelinks",20,14,1.44,0,2,6,,https://www.ozcruising.com.au/cheap-cruises-from-sydney,2026-04-29 12:24:54
澳洲邮轮,AU,Australia,Chinese,Australia (Location),false,false,false,true,true,false,"Top ads, Paid sitelinks, AI Overview, Thumbnail, Bottom ads",40,55,0.12,0,0,8,,https://www.ozcruising.com.au/,2026-04-28 02:46:53
cruise.com.au,AU,Australia,,,false,false,true,true,true,false,"Top ads, Sitelinks, People also ask, Bottom ads, Paid sitelinks",20,61,0.45,0,0,7,,https://www.ozcruising.com.au/,2026-04-22 14:03:28
cruise,AU,Australia,English,,false,false,false,true,true,false,"Top stories, Thumbnail, Video preview",17000,70,0.33,0,0,48,,https://www.ozcruising.com.au/cruise-specials,2026-05-06 06:34:11
ice cruises,AU,Australia,English,,false,false,false,true,true,false,"People also ask, Video preview, Knowledge panel, Sitelinks",30,56,0.51,0,0,11,,https://www.ozcruising.com.au/,2026-05-09 19:05:22
cryises,AU,Australia,English,,false,false,false,true,true,false,"Thumbnail, People also ask, Knowledge panel",150,71,0.46,0,0,11,,https://www.ozcruising.com.au/,2026-04-09 17:31:31
sydney cruise ship schedule,AU,Australia,English,Sydney (Location),false,true,false,true,false,false,Thumbnail,500,3,0.47,0,0,47,,https://www.ozcruising.com.au/departing/sydney/cruises,2026-05-02 16:21:39
deck chair cruising,AU,Australia,English,,false,false,false,true,true,false,"Sitelinks, People also ask, Discussions and forums, Video preview",1000,0,0.42,0,0,37,,https://www.ozcruising.com.au/,2026-05-02 01:41:06
cruises from melbourne to new zealand 2024,AU,Australia,English,"Melbourne (Location), New Zealand (Location)",false,true,false,true,true,false,"People also ask, Sitelinks",0,0,,0,0,2,,https://www.ozcruising.com.au/region/new-zealand/departing-melbourne/cruises,2026-04-23 19:07:32
cruise october 2024 australia,AU,Australia,English,Australia (Location),false,true,false,true,true,false,"People also ask, Sitelinks, Thumbnail",0,33,0.46,0,0,8,,https://www.ozcruising.com.au/,2026-05-01 20:18:32
easter holiday cruises 2024,AU,Australia,English,,false,false,false,true,true,false,"Thumbnail, People also ask, Sitelinks",0,8,,0,0,9,,https://www.ozcruising.com.au/departing/sydney/cruises,2026-04-17 06:47:56
new year's eve cruise 2023,AU,Australia,English,New Year's Eve (Event),false,false,false,true,true,false,Sitelinks,0,0,0.49,0,0,9,,https://www.ozcruising.com.au/popular/new-years-eve/cruises,2026-04-26 12:59:18
sydney to hawaii cruise 2023,AU,Australia,English,,false,true,false,true,true,false,"Sitelinks, Thumbnail, People also ask",0,0,0.46,0,0,2,,https://www.ozcruising.com.au/region/hawaii/departing-australia/cruises,2026-05-01 20:26:29
christmas day cruises 2023,AU,Australia,English,,false,false,false,true,true,false,"Thumbnail, People also ask, Sitelinks, Bottom ads, Paid sitelinks",0,1,0.46,0,0,10,,https://www.ozcruising.com.au/popular/christmas/cruises,2026-04-16 12:10:30
cruise in february 2024,AU,Australia,English,,false,false,false,true,true,false,People also ask,0,44,,0,0,1,,https://www.ozcruising.com.au/,2026-05-08 10:40:39
march 2024 cruises,AU,Australia,English,,false,false,false,true,true,false,"People also ask, Thumbnail",0,45,0.45,0,0,7,,https://www.ozcruising.com.au/,2026-04-19 01:13:04
australian open cruise 2025 from sydney,AU,Australia,English,"Australian Open (Event), Sydney (Location)",false,true,false,true,true,false,Thumbnail,0,0,,0,0,2,,https://www.ozcruising.com.au/theme/australian-open/cruises,2026-04-28 01:45:02
cruise from brisbane to new zealand 2024,AU,Australia,English,"Brisbane (Location), New Zealand (Location)",false,true,false,true,true,false,"Sitelinks, People also ask",0,0,,0,0,1,,https://www.ozcruising.com.au/region/new-zealand/departing-brisbane/cruises,2026-05-01 21:51:12
cruises april 2024 from sydney,AU,Australia,English,Sydney (Location),false,true,false,true,true,false,"Top ads, Paid sitelinks, Sitelinks, People also ask, Thumbnail, Bottom ads",0,11,,0,0,2,,https://www.ozcruising.com.au/departing/sydney/cruises,2026-05-06 06:41:28
things to pack for cruise,AU,Australia,English,,false,false,false,true,false,false,"AI Overview, Thumbnail, Top ads, Paid sitelinks, Sitelinks, People also ask",10,0,,0,0,1,AI Overview,https://www.ozcruising.com.au/blog/cruise-packing-list-pdf-and-excel-checklist,2026-05-05 05:03:53
cruises from australia june 2024,AU,Australia,English,Australia (Location),false,true,false,true,true,true,"Top ads, Thumbnail, People also ask",0,10,,0,0,2,,https://www.ozcruising.com.au/departing/sydney/cruises,2026-05-03 19:02:46
australian cruise 2024,AU,Australia,English,,false,false,false,true,true,false,"Sitelinks, Video preview",0,9,,0,0,5,,https://www.ozcruising.com.au/,2026-04-25 19:27:53
taster cruises 2023,AU,Australia,English,,false,false,false,true,true,true,"Sitelinks, People also ask",0,2,0.42,0,0,4,,https://www.ozcruising.com.au/short/departing-sydney/cruises,2026-05-01 09:40:58
sydney to nz cruises 2024,AU,Australia,English,,false,true,false,true,true,false,"Sitelinks, People also ask",0,0,,0,0,2,,https://www.ozcruising.com.au/region/new-zealand/departing-sydney/cruises,2026-05-03 09:33:27
cruising around australia 2023,AU,Australia,English,Australia (Location),false,false,false,true,true,false,"Sitelinks, People also ask, Video preview",0,0,0.46,0,0,11,,https://www.ozcruising.com.au/departing/sydney/cruises,2026-04-22 19:30:07
cruises from fremantle december 2023,AU,Australia,English,Fremantle (Location),false,true,false,true,true,false,"Sitelinks, Thumbnail, People also ask",0,2,,0,0,10,,https://www.ozcruising.com.au/departing/fremantle/cruises,2026-04-26 08:36:19
cruises leaving from sydney 2024,AU,Australia,English,Sydney (Location),false,true,false,true,true,false,Sitelinks,0,10,,0,0,4,,https://www.ozcruising.com.au/departing/sydney/cruises,2026-04-19 22:06:08
cruises from australia to hawaii 2024,AU,Australia,English,Hawaii (Location),false,false,false,true,true,false,"Sitelinks, Thumbnail, People also ask",0,0,,0,0,1,,https://www.ozcruising.com.au/region/hawaii/departing-australia/cruises,2026-05-10 05:54:20
cruises in may 2023 from brisbane,AU,Australia,English,Brisbane (Location),false,true,false,true,true,false,"Top ads, Sitelinks, People also ask",0,2,0.45,0,0,2,,https://www.ozcruising.com.au/departing/brisbane/cruises,2026-04-29 14:35:28
cruises from brisbane in april 2024,AU,Australia,English,Brisbane (Location),false,true,false,true,true,false,Sitelinks,0,0,,0,0,1,,https://www.ozcruising.com.au/departing/brisbane/cruises,2026-04-25 19:10:28
3 day cruise from sydney january 2024,AU,Australia,English,Sydney (Location),false,true,false,true,true,false,"Sitelinks, People also ask",0,4,,0,0,6,,https://www.ozcruising.com.au/departing/sydney/cruises,2026-04-21 18:06:27
world cruise 2024 from sydney,AU,Australia,English,Sydney (Location),false,true,false,true,true,false,"Sitelinks, People also ask",0,0,0.45,0,0,11,,https://www.ozcruising.com.au/departing/sydney/cruises,2026-04-09 12:54:32
cruises 2024 sydney,AU,Australia,English,Sydney (Location),false,true,false,true,true,false,Sitelinks,0,5,0.59,0,0,7,,https://www.ozcruising.com.au/departing/sydney/cruises,2026-04-22 18:11:02
new zealand cruise january 2024,AU,Australia,English,New Zealand (Location),false,false,false,true,true,false,"Sitelinks, Thumbnail",0,1,,0,0,4,,https://www.ozcruising.com.au/region/new-zealand/departing-sydney/cruises,2026-04-23 18:17:23
cheap cruises from melbourne 2024,AU,Australia,English,Melbourne (Location),false,true,false,true,true,false,"AI Overview, Thumbnail, Sitelinks, People also ask",0,2,,0,0,11,,https://www.ozcruising.com.au/cruise-specials,2026-04-10 10:29:34
short cruises from brisbane 2023,AU,Australia,English,Brisbane (Location),false,true,false,true,true,false,Sitelinks,0,0,0.43,0,0,2,,https://www.ozcruising.com.au/short/departing-brisbane/cruises,2026-05-07 06:48:59
cruises departing cairns 2024,AU,Australia,English,Cairns (Location),false,true,false,true,true,false,"Sitelinks, People also ask, Thumbnail",0,0,,0,0,9,,https://www.ozcruising.com.au/departing/cairns/cruises,2026-05-02 13:00:17
cruises from sydney in march 2024,AU,Australia,English,Sydney (Location),false,true,false,true,true,false,"Sitelinks, People also ask",0,10,0.45,0,0,2,,https://www.ozcruising.com.au/departing/sydney/cruises,2026-04-22 08:37:54
brisbane cruises march 2024,AU,Australia,English,Brisbane (Location),false,true,false,true,true,false,,0,0,,0,0,8,,https://www.ozcruising.com.au/departing/brisbane/cruises,2026-05-03 12:13:17
new zealand cruises from sydney 2024,AU,Australia,English,Sydney (Location),false,true,false,true,true,true,AI Overview,0,0,,0,0,3,,https://www.ozcruising.com.au/region/new-zealand/departing-sydney/cruises,2026-05-03 08:53:02
cruiseling login,AU,Australia,English,,false,false,true,false,false,false,,0,2,,0,0,1,,https://www.ozcruising.com.au/account/login,2026-05-08 15:16:51
new zealand cruise from sydney 2024,AU,Australia,English,"New Zealand (Location), Sydney (Location)",false,true,false,true,true,false,Sitelinks,0,1,0.45,0,0,2,,https://www.ozcruising.com.au/region/new-zealand/departing-sydney/cruises,2026-05-08 05:03:55
cruise from melbourne to new zealand 2024,AU,Australia,English,"Melbourne (Location), New Zealand (Location)",false,true,false,true,true,false,"AI Overview, People also ask",0,0,,0,0,4,,https://www.ozcruising.com.au/region/new-zealand/departing-melbourne/cruises,2026-05-07 00:40:04
january 2024 cruises from sydney,AU,Australia,English,Sydney (Location),false,true,false,true,true,false,"Sitelinks, People also ask, Video preview",0,12,0.45,0,0,2,,https://www.ozcruising.com.au/departing/sydney/cruises,2026-05-08 06:10:12
cruises from sydney october 2023,AU,Australia,English,Sydney (Location),false,true,false,true,true,false,"Sitelinks, People also ask",0,33,0.45,0,0,3,,https://www.ozcruising.com.au/departing/sydney/cruises,2026-04-20 18:52:32
south pacific cruises 2024 from sydney,AU,Australia,English,Sydney (Location),false,true,false,true,true,false,Sitelinks,0,0,,0,0,3,,https://www.ozcruising.com.au/region/south-pacific/departing-sydney/cruises,2026-04-18 05:52:53
cruise fremantle to brisbane,AU,Australia,English,,false,true,false,true,true,false,"Top ads, Paid sitelinks, Thumbnail, People also ask, Bottom ads",0,0,0.33,0,0,3,,https://www.ozcruising.com.au/cruise/pc27-h727a,2026-05-08 18:25:56
cruise from brisbane july 2024,AU,Australia,English,Brisbane (Location),false,true,false,true,true,false,,0,0,,0,0,1,,https://www.ozcruising.com.au/departing/brisbane/cruises,2026-04-14 05:03:17
cruise from sydney january 2024,AU,Australia,English,Sydney (Location),false,true,false,true,true,false,Sitelinks,0,10,0.45,0,0,3,,https://www.ozcruising.com.au/departing/sydney/cruises,2026-04-16 09:18:28
cruise from brisbane to sydney 2023,AU,Australia,English,"Brisbane (Location), Sydney (Location)",false,true,false,true,true,false,Sitelinks,0,1,0.43,0,0,9,,https://www.ozcruising.com.au/departing/brisbane/cruises,2026-04-18 07:51:28
cruise singapore to fremantle 2023,AU,Australia,English,,false,false,false,true,true,false,"People also ask, Sitelinks, Bottom ads, Paid sitelinks",0,0,0.37,0,0,10,,https://www.ozcruising.com.au/cruise/pc27-h726,2026-04-22 22:01:28
cruises january 2024 australia,AU,Australia,English,Australia (Location),false,true,false,true,true,false,"Sitelinks, People also ask, Thumbnail",0,45,0.45,0,0,2,,https://www.ozcruising.com.au/,2026-05-05 10:50:50
cruises from brisbane november 2023,AU,Australia,English,Brisbane (Location),false,true,false,true,true,false,Sitelinks,0,0,0.45,0,0,4,,https://www.ozcruising.com.au/departing/brisbane/cruises,2026-04-25 16:51:30
domestic cruises australia,AU,Australia,English,Australia (Location),false,true,false,true,true,false,"AI Overview, Thumbnail, People also ask",100,11,0.45,0,0,1,AI Overview,https://www.ozcruising.com.au/,2026-04-27 21:49:03
beach club byron bay,AU,Australia,English,Byron Bay (Location),false,true,false,true,false,false,"People also ask, Image pack, Knowledge panel",40,0,0.48,0,0,7,People also ask,https://www.ozcruising.com.au/cruise/cl27-aq06aug27,2026-05-10 21:52:45
cruise august 2023,AU,Australia,English,,false,false,false,true,true,true,"Thumbnail, People also ask, Bottom ads, Paid sitelinks",0,23,0.45,0,0,7,,https://www.ozcruising.com.au/departing/sydney/cruises,2026-04-29 14:06:28
cruises from brisbane in august 2023,AU,Australia,English,Brisbane (Location),false,true,false,true,true,false,"Sitelinks, People also ask",0,0,,0,0,2,,https://www.ozcruising.com.au/departing/brisbane/cruises,2026-04-15 03:37:17
cruise from melbourne december 2023,AU,Australia,English,Melbourne (Location),false,true,false,true,true,false,"Sitelinks, People also ask",0,3,,0,0,9,,https://www.ozcruising.com.au/departing/melbourne/cruises,2026-04-09 17:12:46
south pacific cruises from australia 2024,AU,Australia,English,,false,false,false,true,true,false,Sitelinks,0,0,,0,0,6,,https://www.ozcruising.com.au/region/south-pacific/departing-sydney/cruises,2026-04-30 20:48:18
cruise sydney to new zealand december 2023,AU,Australia,English,,false,true,false,true,true,false,"Sitelinks, People also ask",0,0,,0,0,5,,https://www.ozcruising.com.au/region/new-zealand/departing-sydney/cruises,2026-04-26 14:42:16
last minute cruise cancellation deals 2023,AU,Australia,English,,false,false,false,true,true,true,"Sitelinks, People also ask, Thumbnail",0,2,,0,0,6,,https://www.ozcruising.com.au/popular/last-minute/cruises,2026-05-08 16:30:47
where do cruise ships leave from in melbourne,AU,Australia,English,Melbourne (Location),false,true,false,true,false,false,"Local pack, People also ask",0,0,,0,0,5,,https://www.ozcruising.com.au/blog/things-you-need-to-know-about-melbourne-cruise-ship-terminal,2026-04-14 05:39:02
cruises from sydney to south pacific 2024,AU,Australia,English,"Sydney (Location), South Pacific (Location)",false,true,false,true,true,false,"Thumbnail, Sitelinks",0,0,,0,0,4,,https://www.ozcruising.com.au/region/south-pacific/departing-sydney/cruises,2026-05-04 01:26:17
cruises october 2023 from sydney,AU,Australia,English,Sydney (Location),false,true,false,true,true,false,Sitelinks,0,4,0.45,0,0,2,,https://www.ozcruising.com.au/departing/sydney/cruises,2026-05-07 13:24:49
brisbane cruises december 2023,AU,Australia,English,Brisbane (Location),false,true,false,true,true,false,Sitelinks,0,0,,0,0,3,,https://www.ozcruising.com.au/departing/brisbane/cruises,2026-05-04 02:48:02
3 day cruise sydney 2023,AU,Australia,English,Sydney (Location),false,true,false,true,true,false,Sitelinks,0,1,0.40,0,0,2,,https://www.ozcruising.com.au/short/departing-sydney/cruises,2026-04-19 10:35:55
cruise to australian open 2025,AU,Australia,English,Australian Open (Event),false,false,false,true,true,false,"AI Overview, People also ask, Thumbnail, Sitelinks",0,0,,0,0,3,,https://www.ozcruising.com.au/theme/australian-open/cruises,2026-04-17 00:33:24
cruise from brisbane december 2023,AU,Australia,English,Brisbane (Location),false,true,false,true,true,false,Sitelinks,0,0,0.45,0,0,3,,https://www.ozcruising.com.au/departing/brisbane/cruises,2026-04-27 13:00:50
cruises departing australia 2024,AU,Australia,English,Australia (Location),false,true,false,true,true,false,"AI Overview, People also ask",0,28,,0,0,6,,https://www.ozcruising.com.au/,2026-05-02 14:58:28
cruises easter 2024,AU,Australia,English,,false,false,false,true,true,false,"Sitelinks, Video preview, People also ask",0,34,,0,0,2,,https://www.ozcruising.com.au/departing/sydney/cruises,2026-04-26 19:17:30
cruises from sydney to hobart 2024,AU,Australia,English,"Sydney (Location), Hobart (Location)",false,true,false,true,true,false,Sitelinks,0,0,,0,0,6,,https://www.ozcruising.com.au/departing/sydney/cruises,2026-04-09 13:36:02
december 2023 cruises from sydney,AU,Australia,English,Sydney (Location),false,true,false,true,true,false,"Sitelinks, People also ask",0,34,0.46,0,0,3,,https://www.ozcruising.com.au/departing/sydney/cruises,2026-04-21 01:29:58
cruises around australia 2024 from sydney,AU,Australia,English,Sydney (Location),false,true,false,true,true,false,People also ask,0,6,,0,0,3,,https://www.ozcruising.com.au/departing/sydney/cruises,2026-05-06 11:16:08
cruise from brisbane july 2023,AU,Australia,English,Brisbane (Location),false,true,false,true,true,false,"People also ask, Sitelinks",0,1,,0,0,2,,https://www.ozcruising.com.au/departing/brisbane/cruises,2026-04-17 09:48:17
cruises may 2024 australia,AU,Australia,English,Australia (Location),false,true,false,true,true,false,"AI Overview, People also ask",0,36,,0,0,7,,https://www.ozcruising.com.au/departing/sydney/cruises,2026-05-07 05:58:24
cruises ex brisbane 2024,AU,Australia,English,Brisbane (Location),false,true,false,true,true,false,"People also ask, Bottom ads, Paid sitelinks",0,0,,0,0,11,,https://www.ozcruising.com.au/departing/brisbane/cruises,2026-05-04 13:54:28
cruises from sydney in may 2024,AU,Australia,English,Sydney (Location),false,true,false,true,true,false,"Sitelinks, People also ask",0,12,,0,0,2,,https://www.ozcruising.com.au/departing/sydney/cruises,2026-04-27 08:00:35
september cruises 2023,AU,Australia,English,,false,false,false,true,true,false,"People also ask, Sitelinks, Bottom ads, Paid sitelinks",0,30,0.45,0,0,6,,https://www.ozcruising.com.au/departing/sydney/cruises,2026-04-19 15:45:05
cruise on sale 2024,AU,Australia,English,,false,false,false,true,true,true,Sitelinks,0,41,,0,0,1,,https://www.ozcruising.com.au/cruise-specials,2026-04-22 02:26:27
short cruises australia 2024,AU,Australia,English,Australia (Location),false,true,false,true,true,false,Sitelinks,0,2,,0,0,5,,https://www.ozcruising.com.au/short/cruises,2026-04-16 00:22:47
cruises leaving sydney april 2023,AU,Australia,English,Sydney (Location),false,true,false,true,true,false,"Sitelinks, People also ask",0,10,,0,0,1,,https://www.ozcruising.com.au/departing/sydney/cruises,2026-05-01 07:46:53
last minute cruises from brisbane 2023,AU,Australia,English,Brisbane (Location),false,true,false,true,true,true,Sitelinks,0,0,0.42,0,0,7,,https://www.ozcruising.com.au/popular/last-minute/cruises,2026-04-20 23:18:54
cruises leaving from brisbane 2024,AU,Australia,English,Brisbane (Location),false,true,false,true,true,false,AI Overview,0,0,,0,0,9,,https://www.ozcruising.com.au/departing/brisbane/cruises,2026-04-30 03:23:14
cruises from melbourne april 2024,AU,Australia,English,Melbourne (Location),false,true,false,true,true,false,"Sitelinks, Thumbnail",0,20,,0,0,7,,https://www.ozcruising.com.au/,2026-04-20 00:50:32
cruise dec 2024,AU,Australia,English,,false,false,false,true,true,false,"Sitelinks, People also ask",0,57,0.45,0,0,2,,https://www.ozcruising.com.au/,2026-05-07 21:52:14
cruise to melbourne cup 2023,AU,Australia,English,Melbourne Cup (Event),false,true,false,true,true,false,"AI Overview, Thumbnail, Sitelinks, People also ask, Discussions and forums",0,0,0.41,0,0,3,,https://www.ozcruising.com.au/popular/melbourne-cup/cruises,2026-04-23 14:14:33
christmas 2024 cruises from brisbane,AU,Australia,English,Brisbane (Location),false,true,false,true,true,false,"Top ads, Paid sitelinks, Sitelinks, People also ask, Thumbnail",0,0,,0,0,10,,https://www.ozcruising.com.au/popular/christmas/cruises,2026-05-05 02:17:03
cruises from brisbane to nz 2024,AU,Australia,English,"Brisbane (Location), New Zealand (Location)",false,true,false,true,true,false,"Sitelinks, People also ask",0,0,,0,0,6,,https://www.ozcruising.com.au/region/new-zealand/departing-brisbane/cruises,2026-04-18 19:32:54
april cruise 2024,AU,Australia,English,,false,false,false,true,true,false,"People also ask, Sitelinks",0,39,,0,0,9,,https://www.ozcruising.com.au/cruise-specials,2026-04-22 16:47:05
cruise 2024 from melbourne,AU,Australia,English,Melbourne (Location),false,true,false,true,true,false,Sitelinks,0,22,,0,0,5,,https://www.ozcruising.com.au/,2026-05-07 03:22:10
around the world cruises from brisbane,AU,Australia,English,Brisbane (Location),false,true,false,true,true,false,"AI Overview, Thumbnail, People also ask",0,0,0.67,0,0,7,,https://www.ozcruising.com.au/theme/world/cruises,2026-04-24 10:37:26
cruises from sydney february 2024,AU,Australia,English,Sydney (Location),false,true,false,true,true,false,"People also ask, Thumbnail, Sitelinks",0,5,,0,0,4,,https://www.ozcruising.com.au/departing/sydney/cruises,2026-05-03 11:58:53
cruises on sale 2024,AU,Australia,English,,false,false,false,true,true,false,Sitelinks,0,24,,0,0,1,,https://www.ozcruising.com.au/cruise-specials,2026-05-05 15:03:28
comedy cruise adelaide 2024,AU,Australia,English,Adelaide (Location),false,true,false,true,true,true,"Thumbnail, Sitelinks, People also ask",0,22,0.23,0,0,7,,https://www.ozcruising.com.au/theme/comedy/cruises,2026-05-06 08:47:09
christmas cruises from fremantle 2023,AU,Australia,English,Fremantle (Location),false,true,false,true,true,false,"People also ask, Sitelinks, Thumbnail",0,0,,0,0,5,,https://www.ozcruising.com.au/popular/christmas/cruises,2026-04-26 23:03:32
cruise sale finder sydney,AU,Australia,English,Sydney (Location),false,true,false,true,true,false,People also ask,0,17,0.40,0,0,3,,https://www.ozcruising.com.au/cruise-specials,2026-04-13 17:42:53
cruises melbourne 2024,AU,Australia,English,Melbourne (Location),false,true,false,true,true,false,Sitelinks,0,43,,0,0,5,,https://www.ozcruising.com.au/,2026-04-23 19:32:32
short cruises from brisbane january 2024,AU,Australia,English,Brisbane (Location),false,true,false,true,true,false,"Sitelinks, People also ask, Thumbnail",0,0,,0,0,2,,https://www.ozcruising.com.au/short/departing-brisbane/cruises,2026-04-24 14:23:32
cruises ex melbourne 2024,AU,Australia,English,Melbourne (Location),false,true,false,true,true,false,"Top ads, Paid sitelinks, Sitelinks, Thumbnail, People also ask",0,1,,0,0,11,,https://www.ozcruising.com.au/cruise-specials,2026-05-09 15:45:36
short cruises from sydney april 2023,AU,Australia,English,Sydney (Location),false,true,false,true,true,false,Sitelinks,0,1,0.41,0,0,5,,https://www.ozcruising.com.au/departing/sydney/cruises,2026-04-30 08:51:57
3 day sampler cruises from sydney,AU,Australia,English,Sydney (Location),false,true,false,true,true,false,"Top ads, Sitelinks",0,2,0.45,0,0,8,,https://www.ozcruising.com.au/short-cruises/departing-from-sydney,2026-04-22 15:49:36
cruises in march 2024 from sydney,AU,Australia,English,Sydney (Location),false,true,false,true,true,false,"AI Overview, Sitelinks, People also ask",0,8,,0,0,3,,https://www.ozcruising.com.au/departing/sydney/cruises,2026-04-15 17:13:52
brisbane to new zealand cruise 2024,AU,Australia,English,"Brisbane (Location), New Zealand (Location)",false,true,false,true,true,false,"Sitelinks, People also ask",0,8,,0,0,2,,https://www.ozcruising.com.au/region/new-zealand/departing-brisbane/cruises,2026-05-08 17:40:38
3 night sampler cruise,AU,Australia,English,3 Night Sampler Cruise (Event),false,false,false,true,true,true,"Top ads, Video preview",0,0,0.35,0,0,4,,https://www.ozcruising.com.au/short/departing-brisbane/cruises,2026-05-01 18:05:53
great barrier reef cruises from sydney 2023,AU,Australia,English,"Great Barrier Reef (Location), Sydney (Location)",false,true,false,true,true,false,"Thumbnail, Sitelinks",0,0,0.60,0,0,4,,https://www.ozcruising.com.au/departing/sydney/cruises,2026-04-15 02:10:20
australia new zealand cruises 2024,AU,Australia,English,"Australia (Location), New Zealand (Location)",false,false,false,true,true,false,"Sitelinks, Video preview",0,2,0.45,0,0,7,,https://www.ozcruising.com.au/region/new-zealand/departing-sydney/cruises,2026-04-29 02:31:38
cheap cruises australia 2023,AU,Australia,English,Australia (Location),false,true,false,true,true,false,"Sitelinks, People also ask, Bottom ads, Paid sitelinks",0,35,0.51,0,0,7,,https://www.ozcruising.com.au/cruise-specials,2026-05-02 10:45:30
easter cruises from sydney 2024,AU,Australia,English,Sydney (Location),false,true,false,true,true,false,"Sitelinks, People also ask",0,5,,0,0,4,,https://www.ozcruising.com.au/short-cruises/departing-from-sydney,2026-04-25 05:56:25
christmas cruise australia 2023,AU,Australia,English,Australia (Location),false,true,false,true,true,false,Sitelinks,0,0,0.46,0,0,2,,https://www.ozcruising.com.au/popular/christmas/cruises,2026-05-07 08:01:17
perth to sydney cruise 2024,AU,Australia,English,,false,true,false,true,true,false,Sitelinks,0,0,,0,0,8,,https://www.ozcruising.com.au/departing/fremantle/cruises,2026-05-01 11:06:19
cruise may 2023 australia,AU,Australia,English,Australia (Location),false,true,false,true,true,false,"Top ads, Paid sitelinks, People also ask, Thumbnail, Sitelinks",0,5,0.46,0,0,6,,https://www.ozcruising.com.au/departing/sydney/cruises,2026-05-03 23:02:28
cruise from adelaide 2024,AU,Australia,English,Adelaide (Location),false,true,false,true,true,false,"Sitelinks, People also ask",0,5,0.25,0,0,11,,https://www.ozcruising.com.au/departing/adelaide/cruises,2026-04-26 23:17:58
cruise from brisbane december 2024,AU,Australia,English,Brisbane (Location),false,true,false,true,true,false,"Top ads, People also ask, Bottom ads, Paid sitelinks",0,0,,0,0,4,,https://www.ozcruising.com.au/departing/brisbane/cruises,2026-04-10 09:44:27
xmas cruises 2024 from brisbane,AU,Australia,English,Brisbane (Location),false,true,false,true,true,false,"AI Overview, Sitelinks",0,0,,0,0,11,,https://www.ozcruising.com.au/popular/christmas/cruises,2026-04-22 10:28:32
cruise from brisbane may 2024,AU,Australia,English,Brisbane (Location),false,true,false,true,true,false,People also ask,0,0,,0,0,7,,https://www.ozcruising.com.au/departing/brisbane/cruises,2026-05-05 13:54:02
cruise brisbane 2024,AU,Australia,English,Brisbane (Location),false,true,false,true,true,false,,0,0,,0,0,10,,https://www.ozcruising.com.au/,2026-05-03 15:01:53
cruise from brisbane to hawaii 2023,AU,Australia,English,"Brisbane (Location), Hawaii (Location)",false,true,false,true,true,false,"Sitelinks, People also ask",0,0,0.46,0,0,8,,https://www.ozcruising.com.au/region/hawaii/departing-australia/cruises,2026-04-22 13:56:52
cruises from sydney in april 2023,AU,Australia,English,Sydney (Location),false,true,false,true,true,false,"Sitelinks, People also ask",0,9,,0,0,1,,https://www.ozcruising.com.au/departing/sydney/cruises,2026-04-19 18:26:28
discounted cruises 2023,AU,Australia,English,,false,false,false,true,true,true,Sitelinks,0,41,0.57,0,0,8,,https://www.ozcruising.com.au/cruise-specials,2026-04-23 05:25:23
cruise trip brisbane,AU,Australia,English,Brisbane (Location),false,true,false,true,true,false,AI Overview,0,0,0.45,0,0,6,,https://www.ozcruising.com.au/departing/brisbane/cruises,2026-04-14 21:19:43
hawaii cruises 2024 from australia,AU,Australia,English,,false,false,false,true,true,false,"Sitelinks, People also ask",0,0,0.46,0,0,1,,https://www.ozcruising.com.au/region/hawaii/departing-australia/cruises,2026-04-29 13:55:51
cruises july 2023 australia,AU,Australia,English,Australia (Location),false,true,false,true,true,false,"Top ads, Paid sitelinks, Sitelinks, Thumbnail, People also ask",0,46,0.45,0,0,2,,https://www.ozcruising.com.au/departing/sydney/cruises,2026-05-03 03:15:28
cruise hawaii to sydney 2023,AU,Australia,English,"Hawaii (Location), Sydney (Location)",false,true,false,true,true,false,"Sitelinks, Thumbnail",0,0,0.45,0,0,5,,https://www.ozcruising.com.au/region/hawaii/departing-australia/cruises,2026-04-30 15:29:22
cruise depart melbourne,AU,Australia,English,Melbourne (Location),false,true,false,true,true,false,"AI Overview, Thumbnail",0,0,,0,0,3,,https://www.ozcruising.com.au/departing/melbourne/cruises,2026-05-11 06:25:19
cruise package deals 2024,AU,Australia,English,,false,false,false,true,true,false,Sitelinks,0,19,,0,0,5,,https://www.ozcruising.com.au/cruise-specials,2026-04-16 10:40:03
cruises 2024 from melbourne,AU,Australia,English,Melbourne (Location),false,true,false,true,true,false,Sitelinks,0,3,0.46,0,0,5,,https://www.ozcruising.com.au/,2026-05-01 17:31:43
cruise from brisbane feb 2024,AU,Australia,English,Brisbane (Location),false,true,false,true,true,false,,0,0,,0,0,1,,https://www.ozcruising.com.au/departing/brisbane/cruises,2026-04-15 06:59:54
cruises from australia to new zealand 2024,AU,Australia,English,New Zealand (Location),false,false,false,true,true,false,"People also ask, Sitelinks",0,2,,0,0,3,,https://www.ozcruising.com.au/region/new-zealand/departing-sydney/cruises,2026-04-16 13:39:42
christmas and new year cruises 2023,AU,Australia,English,,false,false,false,true,true,false,"Sitelinks, People also ask",0,0,0.46,0,0,5,,https://www.ozcruising.com.au/popular/christmas/cruises,2026-04-17 08:54:18
sydney to canada cruise,AU,Australia,English,"Sydney (Location), Canada (Location)",false,true,false,true,true,false,"AI Overview, Thumbnail, Top ads, Paid sitelinks, Bottom ads",10,0,0.43,0,0,1,AI Overview,https://www.ozcruising.com.au/cruise/pc26-x610a,2026-05-08 13:41:35
sydney cruises april 2023,AU,Australia,English,Sydney (Location),false,true,false,true,true,false,Sitelinks,0,33,,0,0,2,,https://www.ozcruising.com.au/departing/sydney/cruises,2026-04-23 11:10:03
cruise from sydney august 2023,AU,Australia,English,Sydney (Location),false,true,false,true,true,false,"AI Overview, Thumbnail, Sitelinks, People also ask",0,9,0.45,0,0,2,,https://www.ozcruising.com.au/departing/sydney/cruises,2026-04-09 22:47:19
cruise xmas 2023,AU,Australia,English,Christmas (Event),false,false,false,true,true,false,"Thumbnail, Sitelinks, People also ask, Video preview, Bottom ads, Paid sitelinks",0,0,0.60,0,0,7,,https://www.ozcruising.com.au/popular/christmas/cruises,2026-04-22 00:42:49
june 2023 cruises from sydney,AU,Australia,English,Sydney (Location),false,true,false,true,true,false,"Sitelinks, People also ask",0,34,,0,0,2,,https://www.ozcruising.com.au/departing/sydney/cruises,2026-05-02 17:57:00
2023 cruises from fremantle,AU,Australia,English,Fremantle (Location),false,true,false,true,true,false,"Sitelinks, Thumbnail",0,0,0.42,0,0,10,,https://www.ozcruising.com.au/departing/fremantle/cruises,2026-05-07 22:55:13
pacific cruises from sydney 2024,AU,Australia,English,Sydney (Location),false,true,false,true,true,false,"Sitelinks, People also ask",0,0,,0,0,3,,https://www.ozcruising.com.au/region/south-pacific/departing-sydney/cruises,2026-04-27 18:19:17
cruise brisbane to honolulu,AU,Australia,English,"Brisbane (Location), Honolulu (Location)",false,true,false,true,true,false,"People also ask, Thumbnail",0,0,0.44,0,0,7,,https://www.ozcruising.com.au/searchcruise/bysearchbar/5/-111/-111/85/false/10/7/-111/-111,2026-05-09 00:21:39
cruise in world,AU,Australia,English,,false,false,false,true,true,false,"Top ads, Paid sitelinks, Thumbnail, People also ask, Bottom ads",0,34,,0,0,11,,https://www.ozcruising.com.au/theme/world/cruises,2026-04-17 07:05:53
sydney to hawaii cruise 2024 packages,AU,Australia,English,,false,true,false,true,true,false,"AI Overview, Sitelinks, Thumbnail, People also ask",0,0,,0,0,5,,https://www.ozcruising.com.au/region/hawaii/departing-australia/cruises,2026-04-16 04:05:06
cruises from australia september 2024,AU,Australia,English,Australia (Location),false,false,false,true,true,false,"Top ads, Paid sitelinks, Sitelinks, Thumbnail, People also ask, Bottom ads",0,33,,0,0,6,,https://www.ozcruising.com.au/,2026-04-28 15:59:54
qld cruises 2024,AU,Australia,English,,false,true,false,true,true,false,,0,0,,0,0,8,,https://www.ozcruising.com.au/departing/brisbane/cruises,2026-04-18 08:19:28
cruise sydney to new zealand november 2023,AU,Australia,English,,false,true,false,true,true,false,"Sitelinks, Thumbnail, People also ask",0,0,,0,0,5,,https://www.ozcruising.com.au/region/new-zealand/departing-sydney/cruises,2026-05-03 19:03:17
cruise deals march 2024,AU,Australia,English,,false,false,false,true,true,false,"Sitelinks, People also ask",0,50,,0,0,3,,https://www.ozcruising.com.au/cruise-specials,2026-04-29 06:01:17
cruise sydney to hawaii 2024,AU,Australia,English,Sydney to Hawaii cruise (Work),false,true,false,true,true,true,"Sitelinks, People also ask",0,0,0.58,0,0,1,,https://www.ozcruising.com.au/region/hawaii/departing-australia/cruises,2026-05-06 19:26:16
cruise december 2023 sydney,AU,Australia,English,Sydney (Location),false,true,false,true,true,false,"Sitelinks, Thumbnail",0,12,,0,0,3,,https://www.ozcruising.com.au/departing/sydney/cruises,2026-04-23 05:00:36
fastest cruise ship,AU,Australia,English,,false,false,false,true,false,false,"AI Overview, Thumbnail, People also ask, Discussions and forums, Image pack, Video preview",20,0,,0,0,1,AI Overview,https://www.ozcruising.com.au/blog/how-fast-does-a-cruise-ship-travel,2026-05-09 23:36:33
melbourne cup cruises 2023,AU,Australia,English,Melbourne Cup (Event),false,false,false,true,true,false,"Sitelinks, People also ask, Thumbnail",0,0,0.43,0,0,5,,https://www.ozcruising.com.au/popular/melbourne-cup/cruises,2026-04-24 14:33:27
cruise from brisbane april 2024,AU,Australia,English,Brisbane (Location),false,true,false,true,true,false,Sitelinks,0,0,0.45,0,0,1,,https://www.ozcruising.com.au/departing/brisbane/cruises,2026-04-22 05:00:28
cruise from brisbane march 2024,AU,Australia,English,Brisbane (Location),false,true,false,true,true,false,,0,0,,0,0,5,,https://www.ozcruising.com.au/departing/brisbane/cruises,2026-04-25 02:32:36
sydney cruises february 2024,AU,Australia,English,Sydney (Location),false,true,false,true,true,false,,0,5,,0,0,7,,https://www.ozcruising.com.au/departing/sydney/cruises,2026-04-17 15:22:08
cruises from sydney in 2024,AU,Australia,English,Sydney (Location),false,true,false,true,true,false,"Sitelinks, People also ask",0,2,,0,0,4,,https://www.ozcruising.com.au/departing/sydney/cruises,2026-04-09 21:19:32
australia to hawaii cruise 2023,AU,Australia,English,,false,false,false,true,true,false,"Sitelinks, People also ask",0,0,0.45,0,0,1,,https://www.ozcruising.com.au/region/hawaii/departing-australia/cruises,2026-05-10 02:16:14
cruises out of sydney december 2023,AU,Australia,English,Sydney (Location),false,true,false,true,true,false,"Sitelinks, People also ask, Bottom ads, Paid sitelinks",0,10,,0,0,2,,https://www.ozcruising.com.au/departing/sydney/cruises,2026-05-04 13:51:28
sydney to new zealand cruise 2023,AU,Australia,English,,false,true,false,true,true,false,"Sitelinks, People also ask",0,4,0.46,0,0,2,,https://www.ozcruising.com.au/region/new-zealand/departing-sydney/cruises,2026-04-27 13:09:54
best 3 day cruises from sydney 2024,AU,Australia,English,Sydney (Location),false,true,false,true,true,false,Sitelinks,0,1,0.37,0,0,10,,https://www.ozcruising.com.au/short/departing-sydney/cruises,2026-05-04 02:43:17
december cruises from sydney 2023,AU,Australia,English,Sydney (Location),false,true,false,true,true,true,Sitelinks,0,10,0.45,0,0,4,,https://www.ozcruising.com.au/departing/sydney/cruises,2026-05-06 10:27:20
cruises leaving australia 2024,AU,Australia,English,,false,false,false,true,true,false,"Top ads, Paid sitelinks, Thumbnail, People also ask, Bottom ads",0,36,,0,0,4,,https://www.ozcruising.com.au/departing/sydney/cruises,2026-05-09 12:49:55
cruises in april 2024 from sydney,AU,Australia,English,Sydney (Location),false,true,false,true,true,false,"AI Overview, Sitelinks, People also ask",0,10,,0,0,1,,https://www.ozcruising.com.au/departing/sydney/cruises,2026-04-14 13:36:55
sydney cruises april 2024,AU,Australia,English,Sydney (Location),false,true,false,true,true,false,Sitelinks,0,12,,0,0,2,,https://www.ozcruising.com.au/departing/sydney/cruises,2026-04-25 00:51:03
cruzeiros saindo de sydney,AU,Australia,Portuguese,Sydney (Location),false,true,false,true,true,false,"Top ads, Paid sitelinks, AI Overview, Thumbnail, People also ask, Video preview",0,0,0.22,0,0,5,,https://www.ozcruising.com.au/departing/sydney/cruises,2026-04-30 21:57:27
new zealand cruises 2024 from sydney,AU,Australia,English,"New Zealand (Location), Sydney (Location)",false,true,false,true,true,false,"Thumbnail, Sitelinks",0,0,,0,0,1,,https://www.ozcruising.com.au/region/new-zealand/departing-sydney/cruises,2026-04-28 16:24:37
cruise from sydney september 2023,AU,Australia,English,Sydney (Location),false,true,false,true,true,false,"Sitelinks, People also ask",0,18,0.45,0,0,3,,https://www.ozcruising.com.au/departing/sydney/cruises,2026-04-25 23:24:57
new zealand cruises november 2023,AU,Australia,English,New Zealand (Location),false,false,false,true,true,false,"Sitelinks, People also ask, Video preview",0,0,0.46,0,0,7,,https://www.ozcruising.com.au/region/new-zealand/departing-sydney/cruises,2026-05-07 01:36:10
cruises june july 2024,AU,Australia,English,,false,false,false,true,true,false,"Sitelinks, People also ask",0,57,,0,0,7,,https://www.ozcruising.com.au/departing/sydney/cruises,2026-04-21 21:23:09
tram to station pier,AU,Australia,English,Station Pier (Location),false,true,false,true,false,false,"People also ask, Thumbnail",0,0,,0,0,10,,https://www.ozcruising.com.au/blog/things-you-need-to-know-about-melbourne-cruise-ship-terminal,2026-04-29 01:55:53
cruises december 2023 australia,AU,Australia,English,Australia (Location),false,true,false,true,true,false,"Top ads, Paid sitelinks, Sitelinks, People also ask",0,10,,0,0,6,,https://www.ozcruising.com.au/departing/sydney/cruises,2026-04-24 09:48:49
easter cruises 2024,AU,Australia,English,,false,false,false,true,true,false,"Sitelinks, Video preview, People also ask",0,21,,0,0,7,,https://www.ozcruising.com.au/,2026-04-11 07:25:09
cruises departing fremantle 2023,AU,Australia,English,Fremantle (Location),false,true,false,true,true,true,"Sitelinks, Thumbnail",0,2,0.32,0,0,8,,https://www.ozcruising.com.au/departing/fremantle/cruises,2026-04-30 12:52:02
cruise fremantle to sydney 2024,AU,Australia,English,,false,true,false,true,true,false,AI Overview,0,0,,0,0,9,,https://www.ozcruising.com.au/departing/fremantle/cruises,2026-05-11 01:53:05
cruises in may 2023 from sydney,AU,Australia,English,Sydney (Location),false,true,false,true,true,false,Sitelinks,0,7,0.45,0,0,2,,https://www.ozcruising.com.au/departing/sydney/cruises,2026-05-09 17:39:17
best cruises from brisbane 2023,AU,Australia,English,Brisbane (Location),false,true,false,true,true,false,"Sitelinks, People also ask",0,0,0.51,0,0,9,,https://www.ozcruising.com.au/departing/brisbane/cruises,2026-05-07 08:24:27
comedy cruise from brisbane 2024,AU,Australia,English,Brisbane (Location),false,true,false,true,true,false,"Video preview, Sitelinks, Discussions and forums, People also ask",0,12,,0,0,5,,https://www.ozcruising.com.au/theme/comedy/cruises,2026-04-23 18:59:10
cruises within australia 2024,AU,Australia,English,Australia (Location),false,true,false,true,true,false,"Top ads, Paid sitelinks, People also ask, Sitelinks, Bottom ads",0,12,,0,0,9,,https://www.ozcruising.com.au/,2026-04-26 23:51:05
cruise ship deals sydney,AU,Australia,English,Sydney (Location),false,true,false,true,true,false,Top ads,0,3,,0,0,8,,https://www.ozcruising.com.au/departing/sydney/cruises,2026-04-22 07:42:27
sydney to brisbane cruise 2024,AU,Australia,English,Sydney to Brisbane (Location),false,true,false,true,true,false,"Sitelinks, People also ask, Thumbnail, Video preview, Bottom ads, Paid sitelinks",0,8,,0,0,8,,https://www.ozcruising.com.au/departing/sydney/cruises,2026-05-03 14:37:01
cruises sydney to new zealand 2024,AU,Australia,English,,false,true,false,true,true,false,"AI Overview, People also ask",0,1,0.49,0,0,1,AI Overview,https://www.ozcruising.com.au/region/new-zealand/departing-sydney/cruises,2026-05-10 12:29:06
short cruise from sydney 2024,AU,Australia,English,Sydney (Location),false,true,false,true,true,false,Sitelinks,0,2,0.37,0,0,2,,https://www.ozcruising.com.au/short-cruises/departing-from-sydney,2026-04-24 01:15:53
cruises from sydney in april 2024,AU,Australia,English,Sydney (Location),false,true,false,true,true,false,"Thumbnail, Sitelinks, People also ask, Bottom ads, Paid sitelinks",0,34,,0,0,2,,https://www.ozcruising.com.au/departing/sydney/cruises,2026-05-02 17:50:54
xmas cruises 2023 from brisbane,AU,Australia,English,Brisbane (Location),false,true,false,true,true,false,Sitelinks,0,0,,0,0,10,,https://www.ozcruising.com.au/popular/christmas/cruises,2026-05-11 02:17:23
last minute cruise from sydney 2023,AU,Australia,English,Sydney (Location),false,true,false,true,true,true,Sitelinks,0,1,,0,0,8,,https://www.ozcruising.com.au/popular/last-minute/cruises,2026-04-17 18:19:02
do you need a passport for domestic cruises,AU,Australia,English,,false,false,false,true,false,false,"AI Overview, Thumbnail, People also ask, Sitelinks",0,0,0.14,0,0,5,,https://www.ozcruising.com.au/blog/cruises-you-can-take-without-a-passport,2026-04-21 21:13:02
sydney cruises july 2023,AU,Australia,English,Sydney (Location),false,true,false,true,true,false,Sitelinks,0,30,0.46,0,0,1,,https://www.ozcruising.com.au/departing/sydney/cruises,2026-04-14 13:03:29
cruises leaving sydney january 2024,AU,Australia,English,Sydney (Location),false,true,false,true,true,false,"Sitelinks, Video preview",0,5,,0,0,1,,https://www.ozcruising.com.au/departing/sydney/cruises,2026-04-09 11:49:53
cruises from melbourne december 2023,AU,Australia,English,Melbourne (Location),false,true,false,true,true,false,"Sitelinks, People also ask",0,1,0.42,0,0,9,,https://www.ozcruising.com.au/departing/melbourne/cruises,2026-05-06 18:19:38
cruises leaving from melbourne 2024,AU,Australia,English,Melbourne (Location),false,true,false,true,true,false,Sitelinks,0,1,,0,0,8,,https://www.ozcruising.com.au/departing/melbourne/cruises,2026-04-21 22:36:27
cruise to new zealand from sydney 2024,AU,Australia,English,"New Zealand (Location), Sydney (Location)",false,true,false,true,true,false,"Thumbnail, People also ask",0,2,0.50,0,0,2,,https://www.ozcruising.com.au/region/new-zealand/departing-sydney/cruises,2026-05-09 11:44:36
cruises out of adelaide 2024,AU,Australia,English,Adelaide (Location),false,true,false,true,true,false,"Sitelinks, Thumbnail, People also ask",0,2,,0,0,4,,https://www.ozcruising.com.au/departing/adelaide/cruises,2026-04-19 17:36:51
cruises leaving brisbane january 2024,AU,Australia,English,,false,true,false,true,true,false,AI Overview,0,0,,0,0,1,,https://www.ozcruising.com.au/departing/brisbane/cruises,2026-04-15 13:58:57
pacific island cruises from auckland 2023,AU,Australia,English,Auckland (Location),false,true,false,true,true,false,Sitelinks,0,0,0.58,0,0,4,,https://www.ozcruising.com.au/region/south-pacific/departing-auckland/cruises,2026-04-22 14:17:28
cruise fremantle to cairns,AU,Australia,English,"Fremantle (Location), Cairns (Location)",false,true,false,true,true,false,Sitelinks,0,0,0.29,0,0,8,,https://www.ozcruising.com.au/departing/fremantle/cruises,2026-04-25 16:53:47
singapore to sydney cruise 2024,AU,Australia,English,,false,false,false,true,true,false,"AI Overview, People also ask",0,0,0.40,0,0,11,,https://www.ozcruising.com.au/one-way-cruises/singapore-to-sydney,2026-05-06 17:14:26
country cruise sydney,AU,Australia,English,Sydney (Location),false,true,false,true,true,false,"Thumbnail, People also ask",0,0,0.37,0,0,3,,https://www.ozcruising.com.au/theme/country-music/cruises,2026-05-10 21:02:42
cruise 2024 australia,AU,Australia,English,Australia (Location),false,false,false,true,true,false,"Sitelinks, Thumbnail, People also ask",0,31,0.46,0,0,5,,https://www.ozcruising.com.au/,2026-04-26 04:25:02
cruise deals april 2024,AU,Australia,English,,false,false,false,true,true,false,Sitelinks,0,49,,0,0,5,,https://www.ozcruising.com.au/cruise-specials,2026-04-27 17:03:53
cruisesale finder,AU,Australia,English,,false,false,false,true,true,false,"Top ads, Sitelinks, People also ask",0,2,,0,0,4,,https://www.ozcruising.com.au/sales,2026-04-27 19:31:54
cruise april 2024 from sydney,AU,Australia,English,Sydney (Location),false,true,false,true,true,false,Sitelinks,0,6,,0,0,2,,https://www.ozcruising.com.au/departing/sydney/cruises,2026-05-05 03:48:32
cruises from australia december 2024,AU,Australia,English,Australia (Location),false,false,false,true,true,false,Sitelinks,0,46,,0,0,3,,https://www.ozcruising.com.au/,2026-04-24 01:59:13
cruises from sydney dec 2023,AU,Australia,English,Sydney (Location),false,true,false,true,true,false,Sitelinks,0,18,0.46,0,0,2,,https://www.ozcruising.com.au/departing/sydney/cruises,2026-05-11 03:15:38
2023 christmas cruises,AU,Australia,English,,false,false,false,true,true,false,"People also ask, Sitelinks, Video preview",0,0,0.61,0,0,2,,https://www.ozcruising.com.au/popular/christmas/cruises,2026-04-27 20:46:02
cruises australia december 2023,AU,Australia,English,Australia (Location),false,true,false,true,true,false,"Sitelinks, People also ask",0,9,,0,0,6,,https://www.ozcruising.com.au/popular/christmas/cruises,2026-05-06 03:05:03
april 2024 cruises from sydney,AU,Australia,English,Sydney (Location),false,true,false,true,true,false,"Sitelinks, People also ask",0,10,,0,0,2,,https://www.ozcruising.com.au/departing/sydney/cruises,2026-04-26 10:31:02
cruises from brisbane christmas 2023,AU,Australia,English,Brisbane (Location),false,true,false,true,true,false,"Sitelinks, Thumbnail, People also ask, Bottom ads, Paid sitelinks",0,0,0.40,0,0,10,,https://www.ozcruising.com.au/popular/christmas/cruises,2026-04-24 11:41:54
march 2024 cruises from sydney,AU,Australia,English,Sydney (Location),false,true,false,true,true,false,"People also ask, Sitelinks, Bottom ads, Paid sitelinks",0,10,,0,0,5,,https://www.ozcruising.com.au/departing/sydney/cruises,2026-04-29 02:05:28
what to pack on cruise,AU,Australia,English,,false,false,false,true,false,false,"AI Overview, Thumbnail, Sitelinks, Discussions and forums, Video preview",20,0,,0,0,1,AI Overview,https://www.ozcruising.com.au/blog/cruise-packing-list-pdf-and-excel-checklist,2026-05-06 13:01:26
cruise from brisbane june 2024,AU,Australia,English,Brisbane (Location),false,true,false,true,true,false,Sitelinks,0,1,,0,0,1,,https://www.ozcruising.com.au/departing/brisbane/cruises,2026-05-09 17:19:42
cruises from australia to europe 2024,AU,Australia,English,Europe (Location),false,false,false,true,true,false,"Sitelinks, People also ask",0,5,0.46,0,0,10,,https://www.ozcruising.com.au/,2026-04-26 15:00:07
melbourne to new zealand cruise 2024,AU,Australia,English,"Melbourne (Location), New Zealand (Location)",false,true,false,true,true,false,"Sitelinks, Thumbnail, People also ask",0,0,0.45,0,0,3,,https://www.ozcruising.com.au/region/new-zealand/departing-melbourne/cruises,2026-04-22 05:52:02
cruises cruise deals,AU,Australia,English,,false,false,false,true,true,false,"AI Overview, Thumbnail",80,24,,0,0,1,AI Overview,https://www.ozcruising.com.au/cruise-specials,2026-05-01 03:40:54
cruise over christmas 2023,AU,Australia,English,Christmas (Event),false,false,false,true,true,false,"Sitelinks, People also ask",0,0,0.52,0,0,2,,https://www.ozcruising.com.au/popular/christmas/cruises,2026-05-02 11:44:02
cruises from brisbane april 2024,AU,Australia,English,Brisbane (Location),false,true,false,true,true,false,AI Overview,0,3,,0,0,1,,https://www.ozcruising.com.au/departing/brisbane/cruises,2026-05-10 00:20:18
cruises in january 2024 from sydney,AU,Australia,English,Sydney (Location),false,true,false,true,true,false,Sitelinks,0,33,,0,0,3,,https://www.ozcruising.com.au/departing/sydney/cruises,2026-04-21 20:01:32
best cruises from sydney 2024,AU,Australia,English,Sydney (Location),false,true,false,true,true,false,"People also ask, Sitelinks",0,7,,0,0,5,,https://www.ozcruising.com.au/departing/sydney/cruises,2026-05-10 08:43:41
how fast do cruise ships go in km,AU,Australia,English,,false,false,false,true,false,false,"AI Overview, Thumbnail, Video preview, People also ask",10,0,,0,0,1,AI Overview,https://www.ozcruising.com.au/blog/how-fast-does-a-cruise-ship-travel,2026-04-29 02:22:33
cruise from sydney september 2024,AU,Australia,English,,false,true,false,true,true,false,"Sitelinks, Bottom ads, Paid sitelinks",0,10,,0,0,2,,https://www.ozcruising.com.au/departing/sydney/cruises,2026-04-17 08:52:02
cruises from sydney in july 2024,AU,Australia,English,Sydney (Location),false,true,false,true,true,false,"People also ask, Thumbnail, Sitelinks",0,11,,0,0,2,,https://www.ozcruising.com.au/departing/sydney/cruises,2026-04-26 13:47:53
brisbane to sydney cruise 2024,AU,Australia,English,Brisbane to Sydney cruise (Work),false,true,false,true,true,true,Sitelinks,0,8,,0,0,3,,https://www.ozcruising.com.au/departing/brisbane/cruises,2026-05-09 07:53:00
cruise from brisbane may 2023,AU,Australia,English,Brisbane (Location),false,true,false,true,true,false,"Sitelinks, People also ask",0,4,,0,0,2,,https://www.ozcruising.com.au/departing/brisbane/cruises,2026-04-25 20:14:17
cruises from sydney feb 2024,AU,Australia,English,Sydney (Location),false,true,false,true,true,false,"Sitelinks, People also ask, Bottom ads, Paid sitelinks",0,12,0.45,0,0,4,,https://www.ozcruising.com.au/departing/sydney/cruises,2026-04-27 18:09:04
cruises march 2024 australia,AU,Australia,English,Australia (Location),false,true,false,true,true,false,Sitelinks,0,21,,0,0,3,,https://www.ozcruising.com.au/,2026-04-29 02:09:47
comedy cruise brisbane 2023,AU,Australia,English,Brisbane (Location),false,true,false,true,true,false,"Sitelinks, Bottom ads, Paid sitelinks",0,22,0.23,0,0,10,,https://www.ozcruising.com.au/theme/comedy/cruises,2026-04-26 22:36:52
cruise brisbane 2023,AU,Australia,English,Brisbane (Location),false,true,false,true,true,false,Sitelinks,0,0,0.50,0,0,9,,https://www.ozcruising.com.au/departing/brisbane/cruises,2026-04-27 17:53:16
cruises in australia 2023,AU,Australia,English,Australia (Location),false,true,false,true,true,false,"Sitelinks, People also ask, Video preview",0,12,0.56,0,0,6,,https://www.ozcruising.com.au/departing/sydney/cruises,2026-04-10 03:42:17
cruise brisbane to fremantle 2024,AU,Australia,English,,false,true,false,true,true,false,"People also ask, Sitelinks",0,1,0.45,0,0,10,,https://www.ozcruising.com.au/departing/brisbane/cruises,2026-05-11 01:52:28
australian cruises 2024 from melbourne,AU,Australia,English,Melbourne (Location),false,true,false,true,true,false,"AI Overview, Sitelinks, People also ask",0,21,,0,0,8,,https://www.ozcruising.com.au/,2026-04-14 21:41:43
cruises december 2023 from sydney,AU,Australia,English,Sydney (Location),false,true,false,true,true,false,"Top ads, Paid sitelinks, Sitelinks, People also ask",0,35,0.46,0,0,2,,https://www.ozcruising.com.au/departing/sydney/cruises,2026-04-29 04:41:28
january 2024 cruises from brisbane,AU,Australia,English,Brisbane (Location),false,true,false,true,true,false,Thumbnail,0,0,0.46,0,0,2,,https://www.ozcruising.com.au/departing/brisbane/cruises,2026-04-14 20:33:03
cruises out of australia 2024,AU,Australia,English,Australia (Location),false,true,false,true,true,false,"AI Overview, People also ask",0,39,,0,0,8,,https://www.ozcruising.com.au/departing/sydney/cruises,2026-05-11 03:20:51
cruises from new zealand 2024,AU,Australia,English,New Zealand (Location),false,true,false,true,true,false,"People also ask, Thumbnail, Sitelinks, Video preview",0,6,,0,0,7,,https://www.ozcruising.com.au/,2026-04-13 14:54:37
cruise port lincoln kangaroo island,AU,Australia,English,"Port Lincoln (Location), Kangaroo Island (Location)",false,true,false,true,true,false,"Discussions and forums, People also ask, Sitelinks",0,0,0.48,0,0,2,,https://www.ozcruising.com.au/cruise/cl28-aq27feb28,2026-04-25 16:15:55
cruises from brisbane february 2024,AU,Australia,English,Brisbane (Location),false,true,false,true,true,false,,0,0,0.46,0,0,3,,https://www.ozcruising.com.au/departing/brisbane/cruises,2026-05-07 19:06:53
2024 australian cruises,AU,Australia,English,Australia (Location),false,false,false,true,true,false,Sitelinks,0,11,0.58,0,0,5,,https://www.ozcruising.com.au/,2026-04-22 04:01:03
cruises in december 2023 from sydney,AU,Australia,English,Sydney (Location),false,true,false,true,true,false,"Sitelinks, People also ask",0,6,0.60,0,0,2,,https://www.ozcruising.com.au/departing/sydney/cruises,2026-05-04 08:02:46
qld cruises 2023,AU,Australia,English,QLD Cruises (Event),false,true,false,true,true,false,Sitelinks,0,2,0.45,0,0,7,,https://www.ozcruising.com.au/departing/brisbane/cruises,2026-04-21 15:41:02
cruises from brisbane may 2024,AU,Australia,English,Brisbane (Location),false,true,false,true,true,false,People also ask,0,3,,0,0,1,,https://www.ozcruising.com.au/departing/brisbane/cruises,2026-04-10 19:54:57
cruise january 2024 from sydney,AU,Australia,English,Sydney (Location),false,true,false,true,true,false,"Sitelinks, Video preview",0,7,0.46,0,0,2,,https://www.ozcruising.com.au/departing/sydney/cruises,2026-05-04 17:11:53
australian cruises january 2024,AU,Australia,English,,false,false,false,true,true,false,"People also ask, Sitelinks",0,32,0.45,0,0,3,,https://www.ozcruising.com.au/,2026-05-09 10:19:20
australian cruises april 2024,AU,Australia,English,,false,false,false,true,true,false,"Sitelinks, People also ask",0,47,,0,0,2,,https://www.ozcruising.com.au/,2026-04-22 06:18:37
cruises from sydney june 2023,AU,Australia,English,Sydney (Location),false,true,false,true,true,false,Sitelinks,0,6,0.54,0,0,2,,https://www.ozcruising.com.au/departing/sydney/cruises,2026-05-09 12:03:41
3 day cruises qld,AU,Australia,English,Queensland (Location),false,true,false,true,true,false,People also ask,0,1,,0,0,8,,https://www.ozcruising.com.au/short/departing-brisbane/cruises,2026-04-30 06:51:03
cruise perth to sydney 2024,AU,Australia,English,,false,true,false,true,true,false,AI Overview,0,0,,0,0,8,,https://www.ozcruising.com.au/departing/fremantle/cruises,2026-05-06 14:21:14
cruises jan 24,AU,Australia,English,,false,false,false,true,true,false,,0,31,0.45,0,0,3,,https://www.ozcruising.com.au/departing/sydney/cruises,2026-04-22 08:08:45
sydney cruise january 2024,AU,Australia,English,Sydney (Location),false,true,false,true,true,false,Sitelinks,0,6,,0,0,5,,https://www.ozcruising.com.au/departing/sydney/cruises,2026-04-23 10:42:58
cruises from sydney november 2023,AU,Australia,English,Sydney (Location),false,true,false,true,true,false,"Sitelinks, People also ask",0,34,0.45,0,0,3,,https://www.ozcruising.com.au/departing/sydney/cruises,2026-05-04 04:28:34
singapore to brisbane cruise 2024,AU,Australia,English,,false,false,false,true,true,false,"Sitelinks, People also ask",0,0,0.45,0,0,8,,https://www.ozcruising.com.au/cruise/cl26-lm30nov26.1,2026-04-24 08:43:11
comedy cruises 2023,AU,Australia,English,,false,false,false,true,true,false,"Sitelinks, Video preview, People also ask",0,8,0.41,0,0,7,,https://www.ozcruising.com.au/theme/comedy/cruises,2026-04-26 01:40:57
cruises out of brisbane march 2024,AU,Australia,English,Brisbane (Location),false,true,false,true,true,false,Sitelinks,0,1,,0,0,5,,https://www.ozcruising.com.au/departing/brisbane/cruises,2026-04-17 09:50:36
pacific cruise from melbourne,AU,Australia,English,Melbourne (Location),false,true,false,true,true,false,"AI Overview, Thumbnail, People also ask",0,2,,0,0,11,,https://www.ozcruising.com.au/,2026-05-07 00:20:21
3 day cruise from sydney 2023,AU,Australia,English,Sydney (Location),false,true,false,true,true,false,Sitelinks,0,1,0.45,0,0,4,,https://www.ozcruising.com.au/short-cruises/departing-from-sydney,2026-04-24 04:30:29
cruises departing sydney march 2024,AU,Australia,English,Sydney (Location),false,true,false,true,true,false,Sitelinks,0,5,,0,0,1,,https://www.ozcruising.com.au/departing/sydney/cruises,2026-05-05 22:03:03
one-way cruise from australia to new zealand,AU,Australia,English,"Australia (Location), New Zealand (Location)",false,false,false,true,true,false,"AI Overview, People also ask, Discussions and forums",0,0,0.45,0,0,2,,https://www.ozcruising.com.au/popular/one-way/cruises,2026-05-10 15:39:06
cruises sydney to asia 2023,AU,Australia,English,,false,true,false,true,true,false,"Top ads, Sitelinks",0,0,,0,0,6,,https://www.ozcruising.com.au/region/asia/departing-australia/cruises,2026-04-09 17:51:53
cruises australia july 2023,AU,Australia,English,Australia (Location),false,true,false,true,true,false,"Sitelinks, People also ask",0,19,,0,0,5,,https://www.ozcruising.com.au/departing/sydney/cruises,2026-04-28 02:23:32
cruise october 2023 australia,AU,Australia,English,Australia (Location),false,true,false,true,true,false,"Sitelinks, People also ask",0,8,0.46,0,0,5,,https://www.ozcruising.com.au/departing/sydney/cruises,2026-05-06 13:44:11
sydney to sydney cruises 2024,AU,Australia,English,Sydney to Sydney (Event),false,true,false,true,true,false,Sitelinks,0,1,,0,0,3,,https://www.ozcruising.com.au/departing/sydney/cruises,2026-04-11 14:54:38
australian open cruises 2024,AU,Australia,English,Australian Open (Event),false,false,false,true,true,false,"Sitelinks, People also ask",0,0,0.46,0,0,2,,https://www.ozcruising.com.au/theme/australian-open/cruises,2026-04-30 20:22:21
2 night cruise from sydney 2024,AU,Australia,English,Sydney (Location),false,true,false,true,true,false,Sitelinks,0,6,,0,0,2,,https://www.ozcruising.com.au/short/departing-sydney/cruises,2026-04-18 06:37:47
cruises from.brisbane 2024,AU,Australia,English,Brisbane (Location),false,true,false,true,true,false,,0,0,,0,0,7,,https://www.ozcruising.com.au/departing/brisbane/cruises,2026-05-05 03:06:17
cruises from brisbane august 2024,AU,Australia,English,Brisbane (Location),false,true,false,true,true,false,,0,0,0.45,0,0,4,,https://www.ozcruising.com.au/departing/brisbane/cruises,2026-05-11 12:11:53
cruises july 2024 from australia,AU,Australia,English,,false,false,false,true,true,false,"AI Overview, Sitelinks",0,65,,0,0,5,,https://www.ozcruising.com.au/,2026-04-27 23:17:59
cruise from sydney july 2024,AU,Australia,English,Sydney (Location),false,true,false,true,true,false,"Sitelinks, People also ask",0,10,,0,0,2,,https://www.ozcruising.com.au/departing/sydney/cruises,2026-04-17 19:04:20
cruises december 2023 from brisbane,AU,Australia,English,Brisbane (Location),false,true,false,true,true,false,,0,0,0.49,0,0,3,,https://www.ozcruising.com.au/departing/brisbane/cruises,2026-04-20 09:00:28
cruises from sydney april 2024,AU,Australia,English,Sydney (Location),false,true,false,true,true,false,Sitelinks,0,6,0.45,0,0,1,,https://www.ozcruising.com.au/departing/sydney/cruises,2026-05-06 00:40:02
easter cruises 2024 from sydney,AU,Australia,English,Sydney (Location),false,true,false,true,true,false,Sitelinks,0,2,,0,0,3,,https://www.ozcruising.com.au/short/departing-sydney/cruises,2026-04-09 12:49:29
melbourne cup cruises from sydney 2023,AU,Australia,English,"Melbourne Cup (Event), Sydney (Location)",false,true,false,true,true,false,"Sitelinks, People also ask",0,0,0.44,0,0,11,,https://www.ozcruising.com.au/popular/melbourne-cup/cruises,2026-04-19 02:26:02
easter cruise 2024 from brisbane,AU,Australia,English,Brisbane (Location),false,true,false,true,true,false,"Sitelinks, People also ask",0,0,,0,0,5,,https://www.ozcruising.com.au/short/departing-brisbane/cruises,2026-04-18 04:54:36
cruise deals october 2023,AU,Australia,English,,false,false,false,true,true,false,Sitelinks,0,24,0.45,0,0,6,,https://www.ozcruising.com.au/departing/sydney/cruises,2026-04-19 21:07:07
cruises departing melbourne 2023,AU,Australia,English,Melbourne (Location),false,true,false,true,true,false,"Sitelinks, People also ask",0,0,0.42,0,0,3,,https://www.ozcruising.com.au/departing/melbourne/cruises,2026-04-20 00:20:27
weekend cruises melbourne,AU,Australia,English,Melbourne (Location),false,true,false,true,true,false,"AI Overview, Thumbnail, Local pack",0,0,,0,0,9,,https://www.ozcruising.com.au/short/departing-melbourne/cruises,2026-05-05 09:56:53
xmas cruises from brisbane 2023,AU,Australia,English,Brisbane (Location),false,true,false,true,true,false,"Sitelinks, People also ask",0,0,,0,0,11,,https://www.ozcruising.com.au/popular/christmas/cruises,2026-05-09 07:13:22
cruises from brisbane july 2024,AU,Australia,English,Brisbane (Location),false,true,false,true,true,false,"Top ads, Paid sitelinks, People also ask, Bottom ads",0,1,,0,0,3,,https://www.ozcruising.com.au/departing/brisbane/cruises,2026-05-01 11:41:02
cruise from japan to australia 2024,AU,Australia,English,"Japan (Location), Australia (Location)",false,false,false,true,true,false,"Sitelinks, People also ask",0,0,,0,0,9,,https://www.ozcruising.com.au/region/asia/departing-japan/cruises,2026-04-28 13:58:17
cruise from sydney to tasmania 2024,AU,Australia,English,"Sydney (Location), Tasmania (Location)",false,true,false,true,true,false,"Sitelinks, People also ask",0,0,,0,0,11,,https://www.ozcruising.com.au/departing/sydney/cruises,2026-05-11 07:34:37
best cruises from sydney 2023,AU,Australia,English,Sydney (Location),false,true,false,true,true,false,"Sitelinks, People also ask, Discussions and forums",0,3,0.58,0,0,9,,https://www.ozcruising.com.au/departing/sydney/cruises,2026-04-17 19:15:41
christmas cruises from melbourne 2023,AU,Australia,English,Melbourne (Location),false,true,false,true,true,false,"People also ask, Thumbnail, Sitelinks, Bottom ads, Paid sitelinks",0,0,0.42,0,0,2,,https://www.ozcruising.com.au/popular/christmas/cruises,2026-04-24 12:47:26
cruise from sydney to new zealand 2024,AU,Australia,English,"Sydney (Location), New Zealand (Location)",false,true,false,true,true,false,"AI Overview, Thumbnail, People also ask, Sitelinks",0,0,,0,0,1,AI Overview,https://www.ozcruising.com.au/region/new-zealand/departing-sydney/cruises,2026-04-21 20:38:15
cruise from brisbane april 2023,AU,Australia,English,Brisbane (Location),false,true,false,true,true,false,"AI Overview, Sitelinks, People also ask, Thumbnail",0,0,,0,0,4,,https://www.ozcruising.com.au/departing/brisbane/cruises,2026-04-11 00:32:33
xmas 2024 cruises,AU,Australia,English,Christmas (Event),false,false,false,true,true,false,"Top ads, Paid sitelinks, People also ask, Thumbnail, Bottom ads",0,0,,0,0,11,,https://www.ozcruising.com.au/popular/christmas/cruises,2026-05-03 07:08:06
cruise from sydney may 2024,AU,Australia,English,,false,true,false,true,true,false,AI Overview,0,12,,0,0,3,,https://www.ozcruising.com.au/departing/sydney/cruises,2026-05-04 04:30:26
new zealand cruises 2024 from brisbane,AU,Australia,English,Brisbane (Location),false,true,false,true,true,false,Sitelinks,0,0,,0,0,1,,https://www.ozcruising.com.au/region/new-zealand/departing-brisbane/cruises,2026-04-28 10:47:54
xmas cruises from sydney 2023,AU,Australia,English,Sydney (Location),false,true,false,true,true,false,Sitelinks,0,2,0.53,0,0,4,,https://www.ozcruising.com.au/popular/christmas/cruises,2026-04-14 12:15:02
fly cruise hawaii 2024,AU,Australia,English,Hawaii (Location),false,true,false,true,true,false,"Top ads, Paid sitelinks, Thumbnail, Sitelinks, People also ask",0,0,0.60,0,0,10,,https://www.ozcruising.com.au/region/hawaii/cruises,2026-04-17 03:04:14
cruize prices from sydney,AU,Australia,English,Sydney (Location),false,true,false,true,true,false,"AI Overview, Thumbnail",0,3,,0,0,7,,https://www.ozcruising.com.au/departing/sydney/cruises,2026-04-27 12:42:28
cruise in june 2023,AU,Australia,English,,false,false,false,true,true,false,"Top ads, People also ask, Thumbnail, Sitelinks, Bottom ads, Paid sitelinks",0,5,0.45,0,0,5,,https://www.ozcruising.com.au/popular/princess-2023-world-cruise/cruises,2026-04-23 00:56:22
discounted cruises 2024,AU,Australia,English,,false,false,false,true,true,false,"AI Overview, People also ask",0,24,,0,0,6,,https://www.ozcruising.com.au/cruise-specials,2026-05-02 03:58:01
cruises in september 2023 from sydney,AU,Australia,English,Sydney (Location),false,true,false,true,true,false,Sitelinks,0,17,0.45,0,0,2,,https://www.ozcruising.com.au/departing/sydney/cruises,2026-04-20 07:16:47
cruises 2024 brisbane,AU,Australia,English,Brisbane (Location),false,true,false,true,true,false,,0,0,,0,0,5,,https://www.ozcruising.com.au/departing/brisbane/cruises,2026-05-08 19:24:21
cruise from sydney christmas 2023,AU,Australia,English,Sydney (Location),false,true,false,true,true,false,"Sitelinks, Video preview",0,0,,0,0,3,,https://www.ozcruising.com.au/popular/christmas/cruises,2026-04-14 15:10:17
cruises from melbourne march 2024,AU,Australia,English,Melbourne (Location),false,true,false,true,true,false,"Sitelinks, People also ask, Thumbnail, Bottom ads, Paid sitelinks",0,6,,0,0,7,,https://www.ozcruising.com.au/,2026-04-15 13:42:28
cruise sydney to europe 2024,AU,Australia,English,,false,true,false,true,true,false,"Sitelinks, People also ask, Thumbnail, Bottom ads, Paid sitelinks",0,3,,0,0,10,,https://www.ozcruising.com.au/departing/sydney/cruises,2026-04-24 08:01:02
cruises south pacific 2024,AU,Australia,English,South Pacific (Location),false,false,false,true,true,false,"Thumbnail, Sitelinks, Video preview, People also ask",0,0,0.73,0,0,6,,https://www.ozcruising.com.au/region/south-pacific/departing-sydney/cruises,2026-04-22 23:15:33
cruises from sydney to japan 2024,AU,Australia,English,"Sydney (Location), Japan (Location)",false,true,false,true,true,false,"Sitelinks, Bottom ads, Paid sitelinks",0,0,,0,0,10,,https://www.ozcruising.com.au/departing/sydney/cruises,2026-04-15 04:01:32
sydney to melbourne cruise 2024,AU,Australia,English,Sydney to Melbourne (Location),false,true,false,true,true,false,"Sitelinks, People also ask",0,0,,0,0,11,,https://www.ozcruising.com.au/departing/sydney/cruises,2026-05-03 06:17:02
3 night cruise from sydney 2024,AU,Australia,English,Sydney (Location),false,true,false,true,true,false,Sitelinks,0,3,,0,0,10,,https://www.ozcruising.com.au/departing/sydney/cruises,2026-04-20 06:33:28
cruises from sydney in june 2023,AU,Australia,English,Sydney (Location),false,true,false,true,true,false,"Top ads, Paid sitelinks, Sitelinks, People also ask, Thumbnail",0,4,,0,0,2,,https://www.ozcruising.com.au/departing/sydney/cruises,2026-04-19 00:10:02
what to bring on cruise,AU,Australia,English,,false,false,false,true,false,false,"AI Overview, Thumbnail, Sitelinks, People also ask, Discussions and forums",10,0,,0,0,1,AI Overview,https://www.ozcruising.com.au/blog/cruise-packing-list-pdf-and-excel-checklist,2026-04-10 14:34:29
xmas cruises 2023,AU,Australia,English,,false,false,false,true,true,false,"Sitelinks, People also ask",0,0,0.46,0,0,2,,https://www.ozcruising.com.au/popular/christmas/cruises,2026-05-10 14:06:09
cruises from fremantle april 2023,AU,Australia,English,Fremantle (Location),false,true,false,true,true,false,Sitelinks,0,2,,0,0,7,,https://www.ozcruising.com.au/departing/fremantle/cruises,2026-04-27 22:34:17
cruises from brisbane easter 2024,AU,Australia,English,Brisbane (Location),false,true,false,true,true,false,"Thumbnail, People also ask",0,12,,0,0,6,,https://www.ozcruising.com.au/departing/brisbane/cruises,2026-04-23 21:08:05
cruises from australia to asia 2023,AU,Australia,English,Asia (Location),false,false,false,true,true,false,"Top ads, Paid sitelinks, Sitelinks, Thumbnail, People also ask",0,0,0.49,0,0,6,,https://www.ozcruising.com.au/region/asia/departing-australia/cruises,2026-04-25 12:44:28
comedy cruise sydney 2024,AU,Australia,English,Sydney (Location),false,true,false,true,true,false,"Sitelinks, People also ask, Video preview",0,17,0.33,0,0,8,,https://www.ozcruising.com.au/theme/comedy/cruises,2026-04-23 13:36:28
new year's cruise 2023,AU,Australia,English,,false,false,false,true,true,false,"Thumbnail, Sitelinks",0,1,0.61,0,0,3,,https://www.ozcruising.com.au/popular/new-years-eve/cruises,2026-04-27 23:25:53
ships departing brisbane today,AU,Australia,English,Brisbane (Location),false,true,false,true,false,false,"People also ask, AI Overview",0,1,,0,0,12,,https://www.ozcruising.com.au/departing/brisbane/cruises,2026-04-20 01:09:32
cruises january 2024 from sydney,AU,Australia,English,Sydney (Location),false,true,false,true,true,false,Sitelinks,0,7,,0,0,3,,https://www.ozcruising.com.au/departing/sydney/cruises,2026-04-25 01:52:38
cruises sydney january 2024,AU,Australia,English,Sydney (Location),false,true,false,true,true,false,"Thumbnail, Sitelinks, Bottom ads, Paid sitelinks",0,12,,0,0,5,,https://www.ozcruising.com.au/departing/sydney/cruises,2026-04-15 21:43:27
cruise dec 2023,AU,Australia,English,,false,false,false,true,true,false,"Sitelinks, People also ask",0,0,0.52,0,0,5,,https://www.ozcruising.com.au/popular/christmas/cruises,2026-05-05 10:17:33
nz cruise 2024,AU,Australia,English,,false,false,false,true,true,false,"Thumbnail, Sitelinks, People also ask",0,0,0.51,0,0,2,,https://www.ozcruising.com.au/region/new-zealand/departing-sydney/cruises,2026-05-05 14:15:28
cruises 2024 deals,AU,Australia,English,,false,false,false,true,true,false,Sitelinks,0,35,,0,0,5,,https://www.ozcruising.com.au/cruise-specials,2026-04-25 10:34:04
2024 south pacific cruises,AU,Australia,English,South Pacific (Location),false,false,false,true,true,false,"Thumbnail, People also ask, Sitelinks",0,0,0.46,0,0,9,,https://www.ozcruising.com.au/region/south-pacific/departing-sydney/cruises,2026-05-02 13:51:54
sampler cruises from brisbane,AU,Australia,English,Brisbane (Location),false,true,false,true,true,false,"AI Overview, Sitelinks, People also ask",0,0,,0,0,2,,https://www.ozcruising.com.au/short/departing-brisbane/cruises,2026-04-20 02:20:52
cruise from sydney may 2023,AU,Australia,English,Sydney (Location),false,true,false,true,true,false,"Sitelinks, People also ask, Bottom ads, Paid sitelinks",0,10,,0,0,2,,https://www.ozcruising.com.au/departing/sydney/cruises,2026-04-27 11:42:54
cruises from brisbane january 2023,AU,Australia,English,Brisbane (Location),false,true,false,true,true,false,"Sitelinks, People also ask",0,0,0.45,0,0,3,,https://www.ozcruising.com.au/departing/brisbane/cruises,2026-04-15 22:14:10
cruise from sydney december 2024,AU,Australia,English,,false,true,false,true,true,false,Sitelinks,0,10,,0,0,4,,https://www.ozcruising.com.au/departing/sydney/cruises,2026-04-29 10:05:19
cruises from sydney dec 2024,AU,Australia,English,Sydney (Location),false,true,false,true,true,false,"Sitelinks, People also ask",0,10,,0,0,5,,https://www.ozcruising.com.au/departing/sydney/cruises,2026-05-02 16:24:53
august cruises 2024,AU,Australia,English,,false,false,false,true,true,false,"Sitelinks, Thumbnail, Bottom ads",0,54,,0,0,7,,https://www.ozcruising.com.au/,2026-04-18 00:54:15
cruises out of sydney 2024,AU,Australia,English,Sydney (Location),false,true,false,true,true,false,"Sitelinks, People also ask",0,5,,0,0,3,,https://www.ozcruising.com.au/departing/sydney/cruises,2026-04-09 17:53:27
3 day cruises from brisbane 2023,AU,Australia,English,Brisbane (Location),false,true,false,true,true,false,"Sitelinks, Thumbnail",0,0,0.35,0,0,6,,https://www.ozcruising.com.au/short/departing-brisbane/cruises,2026-05-08 13:21:52
cruises from adelaide january 2024,AU,Australia,English,Adelaide (Location),false,true,false,true,true,true,"People also ask, Sitelinks",0,2,0.38,0,0,11,,https://www.ozcruising.com.au/,2026-05-01 16:39:53
cruise deals jan 2024,AU,Australia,English,,false,false,false,true,true,false,Sitelinks,0,49,,0,0,3,,https://www.ozcruising.com.au/cruise-specials,2026-04-28 06:39:02
sydney to vancouver cruise 2024,AU,Australia,English,,false,false,false,true,true,false,"Sitelinks, People also ask",0,0,0.50,0,0,4,,https://www.ozcruising.com.au/cruise/pc26-x610a,2026-05-04 18:21:38
cruises from melbourne 2022,AU,Australia,English,Melbourne (Location),false,true,false,true,true,false,"Sitelinks, Thumbnail, People also ask",0,2,,0,0,2,,https://www.ozcruising.com.au/departing/melbourne/cruises,2026-04-28 14:09:02
cruise from australia 2024,AU,Australia,English,Australia (Location),false,false,false,true,true,false,"Sitelinks, Video preview, People also ask",0,24,0.45,0,0,4,,https://www.ozcruising.com.au/,2026-05-09 16:30:16
christmas 2023 cruises,AU,Australia,English,Christmas (Event),false,false,false,true,true,false,"People also ask, Sitelinks",0,0,0.61,0,0,2,,https://www.ozcruising.com.au/popular/christmas/cruises,2026-05-07 11:04:26
cruise new years 2023,AU,Australia,English,,false,false,false,true,true,false,"Thumbnail, Sitelinks",0,2,0.58,0,0,7,,https://www.ozcruising.com.au/popular/new-years-eve/cruises,2026-04-22 20:10:02
cruises leaving from melbourne 2023,AU,Australia,English,Melbourne (Location),false,true,false,true,true,false,Sitelinks,0,1,0.46,0,0,4,,https://www.ozcruising.com.au/departing/melbourne/cruises,2026-05-08 06:15:27
xmas 2023 cruises,AU,Australia,English,Christmas (Event),false,false,false,true,true,false,"People also ask, Video preview",0,0,0.52,0,0,2,,https://www.ozcruising.com.au/popular/christmas/cruises,2026-04-23 20:13:02
things to pack on a cruise,AU,Australia,English,,false,false,false,true,false,false,"AI Overview, Thumbnail, Sitelinks, People also ask, Bottom ads, Paid sitelinks",20,0,0.08,0,0,1,AI Overview,https://www.ozcruising.com.au/blog/cruise-packing-list-pdf-and-excel-checklist,2026-04-14 15:31:52
world cruises from sydney 2024,AU,Australia,English,Sydney (Location),false,true,false,true,true,false,"Sitelinks, People also ask, Video preview",0,0,0.45,0,0,10,,https://www.ozcruising.com.au/departing/sydney/cruises,2026-04-15 23:36:02
cruises from sydney june 2024,AU,Australia,English,Sydney (Location),false,true,false,true,true,false,Sitelinks,0,10,,0,0,2,,https://www.ozcruising.com.au/departing/sydney/cruises,2026-05-07 12:44:19
cruise from singapore to sydney 2024,AU,Australia,English,"Singapore (Location), Sydney (Location)",false,true,false,true,true,false,"Sitelinks, People also ask",0,0,,0,0,10,,https://www.ozcruising.com.au/one-way-cruises/singapore-to-sydney,2026-05-06 08:04:16
cruises from sydney september 2023,AU,Australia,English,Sydney (Location),false,true,false,true,true,false,"Sitelinks, People also ask",0,38,0.45,0,0,2,,https://www.ozcruising.com.au/departing/sydney/cruises,2026-04-21 01:20:45
cruising from sydney 2023,AU,Australia,English,Sydney (Location),false,true,false,true,true,false,"Sitelinks, People also ask",0,9,0.48,0,0,4,,https://www.ozcruising.com.au/departing/sydney/cruises,2026-04-14 14:44:29
cruises ex fremantle 2024,AU,Australia,English,Fremantle (Location),false,true,false,true,true,false,Sitelinks,0,2,,0,0,10,,https://www.ozcruising.com.au/departing/fremantle/cruises,2026-05-06 13:05:15
cruises from brisbane in december 2023,AU,Australia,English,Brisbane (Location),false,true,false,true,true,false,Sitelinks,0,0,,0,0,3,,https://www.ozcruising.com.au/departing/brisbane/cruises,2026-05-07 05:25:29
hong kong to sydney cruise 2024,AU,Australia,English,,false,false,false,true,true,false,"Top ads, People also ask, Sitelinks",0,0,,0,0,8,,https://www.ozcruising.com.au/cruise/cu28-q805a,2026-04-20 03:11:28
cruises over christmas 2023,AU,Australia,English,Christmas (Event),false,false,false,true,true,false,"Sitelinks, People also ask",0,0,0.61,0,0,2,,https://www.ozcruising.com.au/popular/christmas/cruises,2026-05-07 14:02:37
cruises from brisbane november 2024,AU,Australia,English,Brisbane (Location),false,true,false,true,true,false,,0,0,,0,0,3,,https://www.ozcruising.com.au/departing/brisbane/cruises,2026-04-21 01:34:03
what to take on cruise,AU,Australia,English,,false,false,false,true,false,false,"AI Overview, Thumbnail, Sitelinks, People also ask, Discussions and forums, Video preview",20,0,,0,0,1,AI Overview,https://www.ozcruising.com.au/blog/cruise-packing-list-pdf-and-excel-checklist,2026-05-09 05:40:15
melbourne cup 2023 cruise,AU,Australia,English,Melbourne Cup (Event),false,false,false,true,true,true,"Thumbnail, Sitelinks, People also ask",0,0,0.56,0,0,8,,https://www.ozcruising.com.au/popular/melbourne-cup/cruises,2026-04-19 12:15:56
cruises from melbourne november 2023,AU,Australia,English,Melbourne (Location),false,true,false,true,true,false,"Top ads, Sitelinks, People also ask",0,7,,0,0,11,,https://www.ozcruising.com.au/departing/melbourne/cruises,2026-04-23 06:27:47
cruises from brisbane october 2024,AU,Australia,English,Brisbane (Location),false,true,false,true,true,false,AI Overview,0,0,0.45,0,0,4,,https://www.ozcruising.com.au/departing/brisbane/cruises,2026-05-09 06:42:49
new years eve cruises 2023,AU,Australia,English,,false,false,false,true,true,true,"Thumbnail, Sitelinks, People also ask",0,0,0.52,0,0,5,,https://www.ozcruising.com.au/popular/new-years-eve/cruises,2026-05-05 17:45:26
cruises from melbourne september 2023,AU,Australia,English,Melbourne (Location),false,true,false,true,true,false,"Sitelinks, Thumbnail, People also ask",0,1,,0,0,9,,https://www.ozcruising.com.au/departing/melbourne/cruises,2026-05-11 08:53:02
cruise 2023 australia,AU,Australia,English,Australia (Location),false,true,false,true,true,false,"Sitelinks, People also ask",0,31,0.46,0,0,7,,https://www.ozcruising.com.au/departing/sydney/cruises,2026-04-14 05:41:28
cruises 2021 from australia,AU,Australia,English,,false,false,false,true,true,false,"Sitelinks, People also ask",0,63,,0,0,3,,https://www.ozcruising.com.au/,2026-05-10 13:52:04
september cruise 2024,AU,Australia,English,,false,false,false,true,true,false,"Thumbnail, People also ask",0,38,,0,0,9,,https://www.ozcruising.com.au/departing/sydney/cruises,2026-04-20 07:12:17
cruises from brisbane to tasmania 2024,AU,Australia,English,"Brisbane (Location), Tasmania (Location)",false,true,false,true,true,false,"Sitelinks, People also ask",0,0,0.45,0,0,11,,https://www.ozcruising.com.au/departing/brisbane/cruises,2026-04-28 20:03:21
easter 2024 cruise,AU,Australia,English,Easter (Event),false,false,false,true,true,true,"People also ask, Sitelinks, Video preview, Thumbnail",0,0,,0,0,8,,https://www.ozcruising.com.au/departing/sydney/cruises,2026-04-26 20:38:52
christmas cruise brisbane 2023,AU,Australia,English,Brisbane (Location),false,true,false,true,true,false,Sitelinks,0,0,,0,0,10,,https://www.ozcruising.com.au/popular/christmas/cruises,2026-04-27 10:01:38
short cruises from sydney november 2023,AU,Australia,English,Sydney (Location),false,true,false,true,true,false,Thumbnail,0,3,0.45,0,0,5,,https://www.ozcruising.com.au/short/departing-sydney/cruises,2026-04-16 01:41:32
australian cruises september 2023,AU,Australia,English,,false,false,false,true,true,false,"Sitelinks, People also ask, Thumbnail",0,12,0.46,0,0,4,,https://www.ozcruising.com.au/departing/sydney/cruises,2026-04-14 20:17:06
cruises from brisbane december 2023,AU,Australia,English,Brisbane (Location),false,true,false,true,true,false,"Sitelinks, People also ask, Thumbnail, Bottom ads, Paid sitelinks",0,1,0.46,0,0,3,,https://www.ozcruising.com.au/departing/brisbane/cruises,2026-04-28 15:16:53
cruises from sydney august 2024,AU,Australia,English,Sydney (Location),false,true,false,true,true,false,"Top ads, Paid sitelinks, AI Overview, Sitelinks, Thumbnail, People also ask",0,10,,0,0,3,,https://www.ozcruising.com.au/departing/sydney/cruises,2026-04-26 09:27:44
easter cruises 2023 from sydney,AU,Australia,,,false,false,false,false,false,false,Sitelinks,,0,,0,0,4,,https://www.ozcruising.com.au/short/departing-sydney/cruises,2026-04-10 00:54:19
best australian cruises 2024,AU,Australia,English,,false,false,false,true,true,false,"People also ask, Sitelinks, Discussions and forums",0,12,,0,0,6,,https://www.ozcruising.com.au/,2026-04-24 22:48:53
cruises from sydney february 2023,AU,Australia,English,,false,true,false,true,true,false,"Sitelinks, People also ask",0,9,1.00,0,0,2,,https://www.ozcruising.com.au/departing/sydney/cruises,2026-04-23 13:12:02
cruises from singapore to sydney 2024,AU,Australia,English,"Singapore (Location), Sydney (Location)",false,true,false,true,true,false,"Top ads, Paid sitelinks, Thumbnail, Sitelinks, People also ask, Bottom ads",0,0,,0,0,10,,https://www.ozcruising.com.au/one-way-cruises/singapore-to-sydney,2026-04-27 23:41:28
brisbane cruises september 2023,AU,Australia,English,Brisbane (Location),false,true,false,true,true,false,"Sitelinks, People also ask",0,0,,0,0,4,,https://www.ozcruising.com.au/departing/brisbane/cruises,2026-04-23 15:01:07
june cruises 2024,AU,Australia,English,,false,false,false,true,true,false,"Sitelinks, People also ask",0,21,,0,0,3,,https://www.ozcruising.com.au/departing/sydney/cruises,2026-04-10 11:12:47
cruises from sydney in feb 2024,AU,Australia,English,Sydney (Location),false,true,false,true,true,false,"Sitelinks, People also ask, Bottom ads, Paid sitelinks",0,8,0.45,0,0,4,,https://www.ozcruising.com.au/departing/sydney/cruises,2026-04-17 14:55:02
cruises leaving sydney 2024,AU,Australia,English,Sydney (Location),false,true,false,true,true,false,Sitelinks,0,6,,0,0,5,,https://www.ozcruising.com.au/departing/sydney/cruises,2026-04-17 02:00:59
3 day cruise 2024,AU,Australia,English,,false,false,false,true,true,false,"Sitelinks, Video preview",0,4,,0,0,4,,https://www.ozcruising.com.au/short-cruises/departing-from-sydney,2026-04-24 09:40:08
cruises from melbourne to new zealand 2023,AU,Australia,English,"Melbourne (Location), New Zealand (Location)",false,true,false,true,true,false,"AI Overview, People also ask",0,0,0.45,0,0,3,,https://www.ozcruising.com.au/region/new-zealand/departing-melbourne/cruises,2026-05-01 20:08:26
5 day cruise from sydney 2023,AU,Australia,English,Sydney (Location),false,true,false,true,true,false,"AI Overview, Sitelinks",0,2,0.35,0,0,10,,https://www.ozcruising.com.au/short/departing-sydney/cruises,2026-04-16 04:07:16
cruises sydney 2023,AU,Australia,English,Sydney (Location),false,true,false,true,true,false,Sitelinks,0,46,0.55,0,0,7,,https://www.ozcruising.com.au/departing/sydney/cruises,2026-04-28 19:40:02
cruises from brisbane august 2023,AU,Australia,English,Brisbane (Location),false,true,false,true,true,false,"Sitelinks, People also ask",0,1,0.40,0,0,4,,https://www.ozcruising.com.au/departing/brisbane/cruises,2026-05-04 23:25:53
po melbourne cup cruise,AU,Australia,English,Melbourne Cup (Event),false,true,false,true,true,false,People also ask,0,0,,0,0,8,,https://www.ozcruising.com.au/popular/melbourne-cup/cruises,2026-04-12 13:17:03
cruise australia to usa 2024,AU,Australia,English,,false,false,false,true,true,false,"AI Overview, People also ask",0,30,0.37,0,0,12,,https://www.ozcruising.com.au/,2026-05-04 03:54:06
cruises from sydney march 2024,AU,Australia,English,Sydney (Location),false,true,false,true,true,false,People also ask,0,9,0.45,0,0,2,,https://www.ozcruising.com.au/departing/sydney/cruises,2026-04-15 07:09:28
cheap cruises from sydney 2023,AU,Australia,English,Sydney (Location),false,true,false,true,true,false,"Sitelinks, People also ask",0,11,0.48,0,0,2,,https://www.ozcruising.com.au/departing/sydney/cruises,2026-04-15 08:32:49
cruises to nz 2024,AU,Australia,English,New Zealand (Location),false,false,false,true,true,false,"Sitelinks, Video preview, People also ask",0,0,0.45,0,0,5,,https://www.ozcruising.com.au/region/new-zealand/departing-sydney/cruises,2026-05-07 03:41:15
cruises to new zealand from brisbane 2024,AU,Australia,English,"New Zealand (Location), Brisbane (Location)",false,true,false,true,true,false,"Sitelinks, People also ask, Thumbnail, Bottom ads, Paid sitelinks",0,9,0.45,0,0,2,,https://www.ozcruising.com.au/region/new-zealand/departing-brisbane/cruises,2026-04-16 06:34:53
jan 2024 cruises,AU,Australia,English,,false,false,false,true,true,false,People also ask,0,56,0.45,0,0,4,,https://www.ozcruising.com.au/,2026-05-01 11:38:54
cruises to asia from australia 2024,AU,Australia,English,Asia (Location),false,false,false,true,true,false,"Thumbnail, People also ask, Sitelinks, Bottom ads, Paid sitelinks",0,1,,0,0,10,,https://www.ozcruising.com.au/region/asia/departing-australia/cruises,2026-05-01 15:01:28
cruise from sydney march 2024,AU,Australia,English,Sydney (Location),false,true,false,true,true,false,Sitelinks,0,34,,0,0,3,,https://www.ozcruising.com.au/departing/sydney/cruises,2026-04-28 22:42:09
things to take on cruise,AU,Australia,English,,false,false,false,true,false,false,"AI Overview, Thumbnail, People also ask",10,0,,0,0,1,AI Overview,https://www.ozcruising.com.au/blog/cruise-packing-list-pdf-and-excel-checklist,2026-05-03 15:11:22
cruise must haves,AU,Australia,English,,false,false,false,true,false,false,"AI Overview, Thumbnail, Sitelinks, Discussions and forums, People also ask",20,0,,0,0,1,AI Overview,https://www.ozcruising.com.au/blog/cruise-packing-list-pdf-and-excel-checklist,2026-04-20 12:43:58
cruises dec 2023,AU,Australia,English,,false,false,false,true,true,false,Sitelinks,0,0,0.52,0,0,10,,https://www.ozcruising.com.au/departing/sydney/cruises,2026-04-22 09:52:17
cruises around new zealand 2024,AU,Australia,English,New Zealand (Location),false,false,false,true,true,false,"Sitelinks, People also ask, Video preview",0,0,0.61,0,0,7,,https://www.ozcruising.com.au/region/new-zealand/departing-sydney/cruises,2026-04-26 14:15:56
cruises feb 2024 australia,AU,Australia,English,Australia (Location),false,true,false,true,true,false,"Sitelinks, People also ask",0,29,0.45,0,0,3,,https://www.ozcruising.com.au/,2026-04-11 12:08:28
january 2024 cruise,AU,Australia,English,,false,false,false,true,true,false,"AI Overview, Thumbnail, People also ask, Sitelinks",0,34,0.45,0,0,6,,https://www.ozcruising.com.au/,2026-04-15 19:36:49
cruises australia april 2024,AU,Australia,English,Australia (Location),false,true,false,true,true,true,"AI Overview, People also ask",0,37,0.45,0,0,7,,https://www.ozcruising.com.au/,2026-05-04 11:43:44
cruise july 2023 australia,AU,Australia,English,Australia (Location),false,true,false,true,true,false,"Sitelinks, People also ask",0,18,0.45,0,0,3,,https://www.ozcruising.com.au/departing/sydney/cruises,2026-04-23 07:44:50
cruises from sydney to new zealand december 2023,AU,Australia,English,"Sydney (Location), New Zealand (Location)",false,true,false,true,true,false,"Sitelinks, People also ask",0,3,,0,0,1,,https://www.ozcruising.com.au/region/new-zealand/departing-sydney/cruises,2026-04-20 09:26:14
last minute cruises perth,AU,Australia,English,Perth (Location),false,true,false,true,true,true,"AI Overview, Thumbnail, People also ask, Bottom ads, Paid sitelinks",0,0,,0,0,10,,https://www.ozcruising.com.au/popular/last-minute/cruises,2026-04-21 17:54:53
country music cruise from sydney,AU,Australia,English,Sydney (Location),false,true,false,true,true,false,"AI Overview, Thumbnail, People also ask",0,0,,0,0,6,,https://www.ozcruising.com.au/theme/country-music/cruises,2026-05-01 08:18:01
cruises from sydney 2023 december,AU,Australia,English,Sydney (Location),false,true,false,true,true,false,Sitelinks,0,10,,0,0,3,,https://www.ozcruising.com.au/departing/sydney/cruises,2026-04-26 12:01:28
cruises out of brisbane december 2023,AU,Australia,English,Brisbane (Location),false,true,false,true,true,false,"AI Overview, Bottom ads",0,3,,0,0,1,,https://www.ozcruising.com.au/departing/brisbane/cruises,2026-04-30 09:55:02
new zealand cruises january 2024,AU,Australia,English,New Zealand (Location),false,false,false,true,true,false,"Sitelinks, Thumbnail, People also ask, Bottom ads, Paid sitelinks",0,0,,0,0,4,,https://www.ozcruising.com.au/region/new-zealand/departing-sydney/cruises,2026-05-06 01:59:08
cruises in july 2024 from sydney,AU,Australia,English,Sydney (Location),false,true,false,true,true,false,,0,10,,0,0,2,,https://www.ozcruising.com.au/departing/sydney/cruises,2026-05-06 14:00:04
australian christmas cruises 2023,AU,Australia,English,,false,false,false,true,true,false,"Sitelinks, Thumbnail",0,0,0.71,0,0,3,,https://www.ozcruising.com.au/popular/christmas/cruises,2026-05-06 07:06:49
cruises departing adelaide 2023,AU,Australia,English,Adelaide (Location),false,true,false,true,true,false,"Sitelinks, People also ask",0,2,0.23,0,0,3,,https://www.ozcruising.com.au/departing/adelaide/cruises,2026-05-06 22:45:58
cruises from brisbane to cairns 2023,AU,Australia,English,"Brisbane (Location), Cairns (Location)",false,true,false,true,true,false,"Sitelinks, People also ask",0,0,0.35,0,0,11,,https://www.ozcruising.com.au/departing/brisbane/cruises,2026-04-15 13:55:28
cruises 2023 from melbourne,AU,Australia,English,Melbourne (Location),false,true,false,true,true,false,"Thumbnail, Sitelinks",0,1,0.50,0,0,6,,https://www.ozcruising.com.au/departing/melbourne/cruises,2026-04-23 20:39:02
sydney cruises march 2024,AU,Australia,English,Sydney (Location),false,true,false,true,true,false,Sitelinks,0,5,,0,0,5,,https://www.ozcruising.com.au/departing/sydney/cruises,2026-04-16 12:09:17
cheap cruises from brisbane 2023,AU,Australia,English,Brisbane (Location),false,true,false,true,true,false,"Sitelinks, Thumbnail",0,2,0.43,0,0,10,,https://www.ozcruising.com.au/departing/brisbane/cruises,2026-04-10 00:45:03
sydney to auckland cruise 2023,AU,Australia,English,,false,true,false,true,true,false,"Sitelinks, People also ask",0,0,0.45,0,0,2,,https://www.ozcruising.com.au/region/new-zealand/departing-sydney/cruises,2026-05-06 18:40:17
cruise sydney december 2023,AU,Australia,English,Sydney (Location),false,true,false,true,true,false,Sitelinks,0,10,,0,0,3,,https://www.ozcruising.com.au/departing/sydney/cruises,2026-04-25 11:06:31
cruises from brisbane april 2023,AU,Australia,English,Brisbane (Location),false,true,false,true,true,false,Sitelinks,0,1,0.35,0,0,1,,https://www.ozcruising.com.au/departing/brisbane/cruises,2026-04-22 00:45:32
cruises ex sydney 2023,AU,Australia,English,Sydney (Location),false,true,false,true,true,false,"AI Overview, Sitelinks, People also ask",0,34,0.41,0,0,6,,https://www.ozcruising.com.au/departing/sydney/cruises,2026-04-27 17:22:21
short christmas cruises 2023,AU,Australia,English,,false,false,false,true,true,false,"Sitelinks, People also ask, Thumbnail",0,0,,0,0,8,,https://www.ozcruising.com.au/popular/christmas/cruises,2026-04-16 11:28:02
christmas cruise 2023 from sydney,AU,Australia,English,Sydney (Location),false,true,false,true,true,false,"Sitelinks, People also ask",0,0,0.46,0,0,3,,https://www.ozcruising.com.au/popular/christmas/cruises,2026-04-18 16:55:46
cruises from brisbane jan 2024,AU,Australia,English,Brisbane (Location),false,true,false,true,true,false,,0,0,,0,0,3,,https://www.ozcruising.com.au/departing/brisbane/cruises,2026-04-16 20:00:17
new zealand cruises from brisbane 2023,AU,Australia,English,Brisbane (Location),false,true,false,true,true,false,"Thumbnail, Sitelinks, People also ask",0,0,0.44,0,0,2,,https://www.ozcruising.com.au/region/new-zealand/departing-brisbane/cruises,2026-05-06 19:20:48
cruises departing cairns 2023,AU,Australia,English,Cairns (Location),false,true,false,true,true,false,"Top ads, Paid sitelinks, Sitelinks, People also ask",0,1,0.44,0,0,8,,https://www.ozcruising.com.au/departing/cairns/cruises,2026-04-20 21:52:27
cruise september 2023 australia,AU,Australia,English,Australia (Location),false,true,false,true,true,false,"Sitelinks, People also ask",0,7,,0,0,4,,https://www.ozcruising.com.au/departing/sydney/cruises,2026-04-14 02:29:17
cruises from australia to asia 2024,AU,Australia,English,"Australia (Location), Asia (Location)",false,false,false,true,true,false,Sitelinks,0,0,,0,0,3,,https://www.ozcruising.com.au/region/asia/departing-australia/cruises,2026-05-06 16:21:33
cruises new years eve 2023,AU,Australia,English,,false,false,false,true,true,false,Sitelinks,0,3,0.49,0,0,2,,https://www.ozcruising.com.au/popular/new-years-eve/cruises,2026-04-29 09:09:02
cruises to new zealand from sydney 2023,AU,Australia,English,"New Zealand (Location), Sydney (Location)",false,true,false,true,true,false,"AI Overview, People also ask",0,0,1.04,0,0,1,AI Overview,https://www.ozcruising.com.au/region/new-zealand/departing-sydney/cruises,2026-05-11 04:42:28
last minute cruises australia 2023,AU,Australia,English,Australia (Location),false,true,false,true,true,true,"Sitelinks, Thumbnail",0,5,0.44,0,0,6,,https://www.ozcruising.com.au/popular/last-minute/cruises,2026-04-14 17:53:55
cruises 2024 from australia,AU,Australia,English,Australia (Location),false,true,false,true,true,true,Sitelinks,0,45,,0,0,2,,https://www.ozcruising.com.au/,2026-05-06 15:16:30
december 2024 cruises from brisbane,AU,Australia,English,Brisbane (Location),false,true,false,true,true,false,"Top ads, Paid sitelinks, People also ask, Thumbnail",0,0,,0,0,2,,https://www.ozcruising.com.au/departing/brisbane/cruises,2026-04-26 13:28:28
cruise auckland to sydney 2024,AU,Australia,English,,false,true,false,true,true,false,"Sitelinks, People also ask",0,2,0.55,0,0,9,,https://www.ozcruising.com.au/region/new-zealand/departing-sydney/cruises,2026-04-15 08:42:26
november 2024 cruises,AU,Australia,English,,false,false,false,true,true,false,"People also ask, Sitelinks, Video preview",0,56,0.45,0,0,8,,https://www.ozcruising.com.au/,2026-04-26 06:16:18
cruise july 2024 australia,AU,Australia,English,Australia (Location),false,true,false,true,true,false,"Sitelinks, People also ask, Bottom ads, Paid sitelinks",0,44,,0,0,3,,https://www.ozcruising.com.au/departing/sydney/cruises,2026-05-06 04:42:33
cruise in january 2024,AU,Australia,English,,false,false,false,true,true,false,"People also ask, Thumbnail, Sitelinks, Bottom ads, Paid sitelinks",0,44,0.45,0,0,3,,https://www.ozcruising.com.au/,2026-05-01 02:23:02
state of origin cruise 2024,AU,Australia,English,State of Origin Cruises (Event),false,false,false,true,true,false,People also ask,0,0,,0,0,6,,https://www.ozcruising.com.au/theme/state-of-origin/cruises,2026-05-04 15:48:18
cruises july 2024 australia,AU,Australia,English,Australia (Location),false,true,false,true,true,false,"Sitelinks, People also ask",0,15,,0,0,2,,https://www.ozcruising.com.au/,2026-04-10 01:20:08
cruises to melbourne cup 2024,AU,Australia,English,Melbourne Cup (Event),false,false,false,true,true,false,"Thumbnail, Sitelinks, Video preview, Discussions and forums",0,0,,0,0,8,,https://www.ozcruising.com.au/popular/melbourne-cup/cruises,2026-05-01 20:03:28
cruises from brisbane in june 2023,AU,Australia,English,Brisbane (Location),false,true,false,true,true,false,Sitelinks,0,4,,0,0,2,,https://www.ozcruising.com.au/departing/brisbane/cruises,2026-04-29 18:08:17
cruise to new zealand 2024,AU,Australia,English,New Zealand (Location),false,false,false,true,true,false,People also ask,0,0,0.46,0,0,8,,https://www.ozcruising.com.au/region/new-zealand/departing-sydney/cruises,2026-04-18 04:34:47
christmas cruises 2023 from brisbane,AU,Australia,English,Brisbane (Location),false,true,false,true,true,false,Sitelinks,0,0,0.45,0,0,9,,https://www.ozcruising.com.au/popular/christmas/cruises,2026-04-09 19:41:02
cruises sydney 2024,AU,Australia,English,Sydney (Location),false,true,false,true,true,false,"People also ask, Local pack, Bottom ads, Paid sitelinks",0,12,,0,0,7,,https://www.ozcruising.com.au/cruise-specials,2026-04-20 23:47:53
christmas cruise 2023 australia,AU,Australia,English,Australia (Location),false,true,false,true,true,false,"Sitelinks, People also ask",0,0,0.45,0,0,2,,https://www.ozcruising.com.au/popular/christmas/cruises,2026-04-18 21:41:40
cruises from australia september 2023,AU,Australia,English,Australia (Location),false,false,false,true,true,false,"Sitelinks, People also ask",0,35,0.45,0,0,8,,https://www.ozcruising.com.au/,2026-04-29 22:49:17
cruise deals january 2024,AU,Australia,English,,false,false,false,true,true,false,"Sitelinks, People also ask",0,19,0.46,0,0,3,,https://www.ozcruising.com.au/cruise-specials,2026-04-19 17:58:02
melbourne cup cruise from sydney 2023,AU,Australia,English,"Melbourne Cup Cruise (Event), Sydney (Location)",false,true,false,true,true,false,"Sitelinks, Thumbnail, People also ask, Discussions and forums, Bottom ads, Paid sitelinks",0,0,0.44,0,0,2,,https://www.ozcruising.com.au/popular/melbourne-cup/cruises,2026-04-30 07:54:47
how much are cruise ships,AU,Australia,English,,false,false,false,true,true,false,"AI Overview, Thumbnail, People also ask, Sitelinks",10,12,0.32,0,0,1,AI Overview,https://www.ozcruising.com.au/blog/how-much-does-a-cruise-ship-cost-to-build,2026-04-29 03:03:53
cruises may 2024 from brisbane,AU,Australia,English,Brisbane (Location),false,true,false,true,true,false,,0,0,,0,0,2,,https://www.ozcruising.com.au/departing/brisbane/cruises,2026-05-01 21:23:20
cruise ship departures from brisbane,AU,Australia,English,Brisbane (Location),false,true,false,true,false,false,"AI Overview, People also ask",0,1,,0,0,6,,https://www.ozcruising.com.au/departing/brisbane/cruises,2026-04-23 09:18:14
cruises from melbourne january 2024,AU,Australia,English,Melbourne (Location),false,true,false,true,true,false,"AI Overview, People also ask",0,22,0.43,0,0,6,,https://www.ozcruising.com.au/,2026-05-07 05:56:05
3 day cruises from sydney 2023,AU,Australia,English,Sydney (Location),false,true,false,true,true,false,AI Overview,0,1,0.45,0,0,5,,https://www.ozcruising.com.au/short/departing-sydney/cruises,2026-05-09 21:52:10
5 day cruise from sydney 2024,AU,Australia,English,Sydney (Location),false,true,false,true,true,false,Sitelinks,0,3,0.34,0,0,9,,https://www.ozcruising.com.au/short/departing-sydney/cruises,2026-04-17 06:24:02
cruise singapore to sydney 2024,AU,Australia,English,,false,false,false,true,true,false,"Top ads, Paid sitelinks, Sitelinks, People also ask, Bottom ads",0,0,0.44,0,0,10,,https://www.ozcruising.com.au/one-way-cruises/singapore-to-sydney,2026-05-01 22:20:02
cruises from brisbane in 2024,AU,Australia,English,Brisbane (Location),false,true,false,true,true,false,Thumbnail,0,0,0.47,0,0,10,,https://www.ozcruising.com.au/departing/brisbane/cruises,2026-04-22 13:43:53
short cruise from sydney 2023,AU,Australia,English,Sydney (Location),false,true,false,true,true,false,AI Overview,0,3,0.45,0,0,3,,https://www.ozcruising.com.au/short/departing-sydney/cruises,2026-05-09 16:57:59
cruises from brisbane in january 2024,AU,Australia,English,Brisbane (Location),false,true,false,true,true,false,"People also ask, Thumbnail",0,0,,0,0,2,,https://www.ozcruising.com.au/departing/brisbane/cruises,2026-04-22 17:13:17
cruises from.sydney 2024,AU,Australia,English,Sydney (Location),false,true,false,true,true,false,"AI Overview, People also ask",0,5,0.46,0,0,3,,https://www.ozcruising.com.au/departing/sydney/cruises,2026-05-09 22:59:25
cruise deals september 2023,AU,Australia,English,,false,false,false,true,true,false,"AI Overview, Thumbnail, Sitelinks, People also ask",0,33,0.45,0,0,7,,https://www.ozcruising.com.au/cruise-specials,2026-05-08 01:49:19
december 2024 cruises from sydney,AU,Australia,English,Sydney (Location),false,true,false,true,true,false,"Top ads, People also ask, Sitelinks",0,35,,0,0,6,,https://www.ozcruising.com.au/departing/sydney/cruises,2026-04-29 01:34:03
australian cruise ship,AU,Australia,English,,false,false,false,true,true,false,"AI Overview, Thumbnail, Top stories, People also ask",40,26,0.45,0,0,1,AI Overview,https://www.ozcruising.com.au/,2026-05-04 12:13:17
cruises in feb 2024,AU,Australia,English,,false,false,false,true,true,false,"Top ads, Paid sitelinks, Thumbnail, People also ask, Sitelinks",0,44,,0,0,4,,https://www.ozcruising.com.au/,2026-04-17 21:16:29
cruises leaving sydney 2023,AU,Australia,English,Sydney (Location),false,true,false,true,true,false,"Top ads, Paid sitelinks, Sitelinks",0,6,0.51,0,0,2,,https://www.ozcruising.com.au/departing/sydney/cruises,2026-04-27 02:09:28
singapore to southampton cruise 2024,AU,Australia,English,,false,false,false,true,true,false,"People also ask, Sitelinks",0,0,0.41,0,0,8,,https://www.ozcruising.com.au/cruise/cu26-m607e.1,2026-04-20 19:24:21
cruises departing melbourne 2024,AU,Australia,English,Melbourne (Location),false,true,false,true,true,false,"People also ask, Thumbnail, Sitelinks",0,2,0.46,0,0,11,,https://www.ozcruising.com.au/departing/melbourne/cruises,2026-04-14 13:18:39
cruises from brisbane feb 2024,AU,Australia,English,Brisbane (Location),false,true,false,true,true,false,,0,0,,0,0,3,,https://www.ozcruising.com.au/departing/brisbane/cruises,2026-05-02 22:58:56
april cruises 2024,AU,Australia,English,,false,false,false,true,true,false,"People also ask, Sitelinks, Thumbnail",0,44,,0,0,4,,https://www.ozcruising.com.au/,2026-04-29 15:58:02
cruise from brisbane june 2023,AU,Australia,English,Brisbane (Location),false,true,false,true,true,false,"Top ads, Paid sitelinks, Sitelinks, Thumbnail, People also ask, Bottom ads",0,2,,0,0,5,,https://www.ozcruising.com.au/departing/brisbane/cruises,2026-05-05 09:12:28
cruise december 2023 from sydney,AU,Australia,English,Sydney (Location),false,true,false,true,true,false,"Sitelinks, Thumbnail",0,10,,0,0,2,,https://www.ozcruising.com.au/departing/sydney/cruises,2026-05-05 13:14:53
brisbane cruises february 2024,AU,Australia,English,Brisbane (Location),false,true,false,true,true,false,,0,0,,0,0,7,,https://www.ozcruising.com.au/departing/brisbane/cruises,2026-05-09 07:55:21
sydney cruises december 2023,AU,Australia,English,Sydney (Location),false,true,false,true,true,false,"Sitelinks, People also ask",0,9,,0,0,2,,https://www.ozcruising.com.au/departing/sydney/cruises,2026-04-14 10:14:28
christmas cruises 2023 australia,AU,Australia,English,Australia (Location),false,true,false,true,true,false,"Top ads, Thumbnail, Sitelinks, People also ask, Discussions and forums",0,0,0.45,0,0,4,,https://www.ozcruising.com.au/popular/christmas/cruises,2026-05-11 08:53:19
cruises 2024 from perth,AU,Australia,English,Perth (Location),false,true,false,true,true,false,Sitelinks,0,21,,0,0,9,,https://www.ozcruising.com.au/,2026-04-30 05:33:28
one-way cruise sydney to new zealand,AU,Australia,English,,false,true,false,true,true,false,"AI Overview, Thumbnail, People also ask",0,1,0.45,0,0,1,AI Overview,https://www.ozcruising.com.au/popular/one-way/cruises,2026-04-24 14:18:28
cruises departing fremantle 2024,AU,Australia,English,Fremantle (Location),false,true,false,true,true,false,"Sitelinks, Thumbnail, People also ask, Bottom ads, Paid sitelinks",0,1,,0,0,4,,https://www.ozcruising.com.au/departing/fremantle/cruises,2026-04-23 09:21:53
cruises from sydney to cairns 2024,AU,Australia,English,"Sydney (Location), Cairns (Location)",false,true,false,true,true,false,"Sitelinks, People also ask, Video preview",0,0,,0,0,11,,https://www.ozcruising.com.au/departing/sydney/cruises,2026-05-09 15:07:43
cruise from sydney february 2024,AU,Australia,English,Sydney (Location),false,true,false,true,true,false,"Sitelinks, People also ask",0,12,,0,0,2,,https://www.ozcruising.com.au/departing/sydney/cruises,2026-05-05 01:15:02
cruises leaving brisbane december 2023,AU,Australia,English,Brisbane (Location),false,true,false,true,true,false,"Sitelinks, Thumbnail",0,0,,0,0,1,,https://www.ozcruising.com.au/departing/brisbane/cruises,2026-05-07 11:04:26
cruises from sydney in december 2023,AU,Australia,English,Sydney (Location),false,true,false,true,true,false,"Top ads, Paid sitelinks, Thumbnail, Sitelinks, People also ask, Bottom ads",0,18,0.46,0,0,2,,https://www.ozcruising.com.au/departing/sydney/cruises,2026-05-01 15:56:29
last minute cruises from melbourne 2023,AU,Australia,English,Melbourne (Location),false,true,false,true,true,true,Sitelinks,0,1,,0,0,8,,https://www.ozcruising.com.au/popular/last-minute/cruises,2026-04-10 03:28:25
christmas cruises from brisbane 2023,AU,Australia,English,Brisbane (Location),false,true,false,true,true,false,"Sitelinks, Thumbnail, People also ask",0,0,0.45,0,0,8,,https://www.ozcruising.com.au/popular/christmas/cruises,2026-04-20 07:16:17
cruises march 2024 from brisbane,AU,Australia,English,Brisbane (Location),false,true,false,true,true,false,,0,0,,0,0,4,,https://www.ozcruising.com.au/departing/brisbane/cruises,2026-04-24 19:23:40
fiji cruises from brisbane 2024,AU,Australia,English,Brisbane (Location),false,true,false,true,true,false,"Thumbnail, People also ask, Sitelinks",0,0,,0,0,8,,https://www.ozcruising.com.au/departing/brisbane/cruises,2026-05-04 14:20:47
cruise from sydney june 2023,AU,Australia,English,Sydney (Location),false,true,false,true,true,false,"Sitelinks, People also ask",0,10,0.54,0,0,2,,https://www.ozcruising.com.au/departing/sydney/cruises,2026-05-07 11:04:08
cruise july 2023,AU,Australia,English,,false,false,false,true,true,false,"Sitelinks, People also ask",0,39,0.45,0,0,5,,https://www.ozcruising.com.au/departing/sydney/cruises,2026-05-08 02:50:07
cruises departing sydney 2024,AU,Australia,English,Sydney (Location),false,true,false,true,true,false,"Sitelinks, People also ask",0,10,,0,0,4,,https://www.ozcruising.com.au/departing/sydney/cruises,2026-04-29 22:04:28
cruises new zealand 2023,AU,Australia,English,New Zealand (Location),false,false,false,true,true,false,"People also ask, Sitelinks",0,2,0.52,0,0,9,,https://www.ozcruising.com.au/region/new-zealand/departing-sydney/cruises,2026-04-26 13:50:13
new zealand cruises from brisbane 2024,AU,Australia,English,Brisbane (Location),false,true,false,true,true,false,"Sitelinks, People also ask",0,0,0.46,0,0,1,,https://www.ozcruising.com.au/region/new-zealand/departing-brisbane/cruises,2026-04-10 10:49:28
christmas cruise from sydney 2023,AU,Australia,English,Sydney (Location),false,true,false,true,true,false,"Thumbnail, Sitelinks, People also ask",0,0,0.50,0,0,3,,https://www.ozcruising.com.au/popular/christmas/cruises,2026-05-07 11:29:00
best short cruises from sydney 2024,AU,Australia,English,Sydney (Location),false,true,false,true,true,false,Sitelinks,0,1,,0,0,10,,https://www.ozcruising.com.au/short-cruises/departing-from-sydney,2026-04-23 21:51:52
october 2023 cruises from brisbane,AU,Australia,English,Brisbane (Location),false,true,false,true,true,false,"Top ads, Sitelinks, People also ask",0,0,0.45,0,0,4,,https://www.ozcruising.com.au/departing/brisbane/cruises,2026-04-15 13:54:15
7 day cruise from sydney 2024,AU,Australia,English,Sydney (Location),false,true,false,true,true,false,Sitelinks,0,3,0.41,0,0,9,,https://www.ozcruising.com.au/departing/sydney/cruises,2026-04-23 16:20:50
cruise from brisbane january 2024,AU,Australia,English,Brisbane (Location),false,true,false,true,true,false,People also ask,0,0,0.45,0,0,2,,https://www.ozcruising.com.au/departing/brisbane/cruises,2026-05-04 12:12:02
3 day cruise from brisbane 2023,AU,Australia,English,Brisbane (Location),false,true,false,true,true,false,"Sitelinks, People also ask",0,1,0.40,0,0,5,,https://www.ozcruising.com.au/short/departing-brisbane/cruises,2026-04-23 08:55:29
cruise from sydney july 2023,AU,Australia,English,Sydney (Location),false,true,false,true,true,false,"AI Overview, Thumbnail, Sitelinks, People also ask",0,10,0.45,0,0,2,,https://www.ozcruising.com.au/departing/sydney/cruises,2026-04-26 15:52:25
cruises from sydney to adelaide 2024,AU,Australia,English,"Sydney (Location), Adelaide (Location)",false,true,false,true,true,false,"Sitelinks, People also ask",0,0,,0,0,10,,https://www.ozcruising.com.au/departing/sydney/cruises,2026-05-06 17:08:32
what to pack for cruise,AU,Australia,English,,false,false,false,true,false,false,"AI Overview, Thumbnail, Sitelinks, People also ask",30,0,0.08,0,0,1,AI Overview,https://www.ozcruising.com.au/blog/cruise-packing-list-pdf-and-excel-checklist,2026-04-12 21:37:17
5 day cruise brisbane,AU,Australia,English,Brisbane (Location),false,true,false,true,true,false,Top ads,0,2,,0,0,9,,https://www.ozcruising.com.au/short/departing-brisbane/cruises,2026-04-14 05:20:53
dec 2024 cruises,AU,Australia,English,,false,false,false,true,true,false,"AI Overview, People also ask",0,7,,0,0,6,,https://www.ozcruising.com.au/,2026-05-10 11:45:43
cruise to hawaii from australia 2024,AU,Australia,English,Hawaii (Location),false,false,false,true,true,false,"Sitelinks, People also ask",0,0,,0,0,1,,https://www.ozcruising.com.au/region/hawaii/departing-australia/cruises,2026-04-28 14:36:17
cruises april 2024 from brisbane,AU,Australia,English,Brisbane (Location),false,true,false,true,true,false,,0,1,,0,0,1,,https://www.ozcruising.com.au/departing/brisbane/cruises,2026-04-25 12:34:05
january cruises 2024,AU,Australia,English,,false,false,false,true,true,false,"Sitelinks, People also ask, Thumbnail",0,57,0.45,0,0,3,,https://www.ozcruising.com.au/,2026-05-11 07:02:39
queensland cruises 2023,AU,Australia,English,Queensland (Location),false,true,false,true,true,false,Sitelinks,0,0,0.45,0,0,7,,https://www.ozcruising.com.au/departing/brisbane/cruises,2026-05-04 04:26:43
sydney cruises 2023,AU,Australia,English,Sydney (Location),false,true,false,true,true,false,"Thumbnail, Sitelinks",0,33,0.46,0,0,10,,https://www.ozcruising.com.au/departing/sydney/cruises,2026-05-09 15:33:53
cruises from sydney to hawaii 2024,AU,Australia,English,"Sydney (Location), Hawaii (Location)",false,true,false,true,true,false,"Sitelinks, People also ask",0,0,0.57,0,0,1,,https://www.ozcruising.com.au/region/hawaii/departing-australia/cruises,2026-05-11 00:29:34
dec 2023 cruises,AU,Australia,English,,false,false,false,true,true,false,"AI Overview, People also ask",0,5,0.46,0,0,10,,https://www.ozcruising.com.au/popular/christmas/cruises,2026-05-09 06:07:53
cruises to melbourne cup 2023,AU,Australia,English,Melbourne Cup (Event),false,false,false,true,true,false,"Sitelinks, People also ask, Video preview",0,0,0.45,0,0,3,,https://www.ozcruising.com.au/popular/melbourne-cup/cruises,2026-05-06 15:39:34
cruises from hong kong 2023,AU,Australia,English,Hong Kong (Location),false,true,false,true,true,false,"Sitelinks, Thumbnail, People also ask, Bottom ads, Paid sitelinks",0,0,0.26,0,0,10,,https://www.ozcruising.com.au/region/asia/departing-hong-kong/cruises,2026-05-04 21:06:53
australia to hawaii cruise 2024,AU,Australia,English,,false,false,false,true,true,false,"Sitelinks, Thumbnail, People also ask, Bottom ads",0,0,,0,0,2,,https://www.ozcruising.com.au/region/hawaii/departing-australia/cruises,2026-04-18 12:46:53
cruise deals 2024 from sydney,AU,Australia,English,Sydney (Location),false,true,false,true,true,false,"Sitelinks, Bottom ads, Paid sitelinks",0,14,0.64,0,0,5,,https://www.ozcruising.com.au/departing/sydney/cruises,2026-04-27 19:45:28
last minute cruises cruises,AU,Australia,English,,false,false,false,true,true,true,,0,6,,0,0,8,,https://www.ozcruising.com.au/popular/last-minute/cruises,2026-04-24 10:05:31
cruise in march 2024,AU,Australia,English,,false,false,false,true,true,false,"Thumbnail, People also ask, Bottom ads",0,60,,0,0,4,,https://www.ozcruising.com.au/departing/sydney/cruises,2026-05-09 02:20:37
australian open tennis cruise 2024,AU,Australia,English,Australian Open (Event),false,false,false,true,true,false,"Sitelinks, People also ask",0,0,0.47,0,0,3,,https://www.ozcruising.com.au/theme/australian-open/cruises,2026-04-14 20:33:35
cruises to australia 2024,AU,Australia,English,Australia (Location),false,false,false,true,true,false,"People also ask, Sitelinks, Video preview",0,11,,0,0,8,,https://www.ozcruising.com.au/,2026-04-13 17:58:11
cruise for christmas 2023,AU,Australia,English,Christmas (Event),false,false,false,true,true,false,"Thumbnail, People also ask",0,0,0.52,0,0,8,,https://www.ozcruising.com.au/popular/christmas/cruises,2026-04-23 19:58:03
cruiseling number,AU,Australia,English,,false,false,false,true,false,false,"AI Overview, Thumbnail, People also ask",0,2,0.32,0,0,2,,https://www.ozcruising.com.au/contact-us,2026-04-19 12:21:11
australia to new zealand cruises 2024,AU,Australia,English,,false,false,false,true,true,false,"People also ask, Sitelinks",0,2,,0,0,2,,https://www.ozcruising.com.au/region/new-zealand/departing-sydney/cruises,2026-05-03 21:54:10
cruises june 2023 australia,AU,Australia,English,Australia (Location),false,true,false,true,true,false,"Sitelinks, People also ask",0,41,0.45,0,0,5,,https://www.ozcruising.com.au/departing/sydney/cruises,2026-04-20 20:27:43
cruises june 2023 from brisbane,AU,Australia,English,Brisbane (Location),false,true,false,true,true,false,"Top ads, Paid sitelinks, Sitelinks",0,2,,0,0,4,,https://www.ozcruising.com.au/departing/brisbane/cruises,2026-04-28 04:31:29
cruises departing sydney january 2024,AU,Australia,English,Sydney (Location),false,true,false,true,true,false,"Thumbnail, Sitelinks, People also ask, Bottom ads, Paid sitelinks",0,13,,0,0,2,,https://www.ozcruising.com.au/departing/sydney/cruises,2026-04-25 00:09:29
